  0
SECTION
  2
HEADER
  9
$ACADVER
  1
AC1024
  9
$ACADMAINTVER
 70
6
  9
$DWGCODEPAGE
  3
ANSI_1252
  9
$LASTSAVEDBY
  1
ezdxf
  9
$INSBASE
 10
0.0
 20
0.0
 30
0.0
  9
$EXTMIN
 10
1e+20
 20
1e+20
 30
1e+20
  9
$EXTMAX
 10
-1e+20
 20
-1e+20
 30
-1e+20
  9
$LIMMIN
 10
0.0
 20
0.0
  9
$LIMMAX
 10
420.0
 20
297.0
  9
$ORTHOMODE
 70
0
  9
$REGENMODE
 70
1
  9
$FILLMODE
 70
1
  9
$QTEXTMODE
 70
0
  9
$MIRRTEXT
 70
1
  9
$LTSCALE
 40
1.0
  9
$ATTMODE
 70
1
  9
$TEXTSIZE
 40
2.5
  9
$TRACEWID
 40
1.0
  9
$TEXTSTYLE
  7
OpenSans
  9
$CLAYER
  8
0
  9
$CELTYPE
  6
ByLayer
  9
$CECOLOR
 62
256
  9
$CELTSCALE
 40
1.0
  9
$DISPSILH
 70
0
  9
$DIMSCALE
 40
75.0
  9
$DIMASZ
 40
0.175
  9
$DIMEXO
 40
0.125
  9
$DIMDLI
 40
3.75
  9
$DIMRND
 40
0.0
  9
$DIMDLE
 40
0.0
  9
$DIMEXE
 40
0.375
  9
$DIMTP
 40
0.0
  9
$DIMTM
 40
0.0
  9
$DIMTXT
 40
0.25
  9
$DIMCEN
 40
2.5
  9
$DIMTSZ
 40
0.0
  9
$DIMTOL
 70
0
  9
$DIMLIM
 70
0
  9
$DIMTIH
 70
0
  9
$DIMTOH
 70
0
  9
$DIMSE1
 70
0
  9
$DIMSE2
 70
0
  9
$DIMTAD
 70
1
  9
$DIMZIN
 70
12
  9
$DIMBLK
  1
ARCHTICK
  9
$DIMASO
 70
1
  9
$DIMSHO
 70
1
  9
$DIMPOST
  1

  9
$DIMAPOST
  1

  9
$DIMALT
 70
0
  9
$DIMALTD
 70
3
  9
$DIMALTF
 40
0.03937007874
  9
$DIMLFAC
 40
100.0
  9
$DIMTOFL
 70
1
  9
$DIMTVP
 40
0.0
  9
$DIMTIX
 70
0
  9
$DIMSOXD
 70
0
  9
$DIMSAH
 70
0
  9
$DIMBLK1
  1

  9
$DIMBLK2
  1

  9
$DIMSTYLE
  2
GYM-50
  9
$DIMCLRD
 70
0
  9
$DIMCLRE
 70
0
  9
$DIMCLRT
 70
0
  9
$DIMTFAC
 40
0.5
  9
$DIMGAP
 40
0.1
  9
$DIMJUST
 70
0
  9
$DIMSD1
 70
0
  9
$DIMSD2
 70
0
  9
$DIMTOLJ
 70
0
  9
$DIMTZIN
 70
8
  9
$DIMALTZ
 70
0
  9
$DIMALTTZ
 70
0
  9
$DIMUPT
 70
1
  9
$DIMDEC
 70
2
  9
$DIMTDEC
 70
2
  9
$DIMALTU
 70
2
  9
$DIMALTTD
 70
3
  9
$DIMTXSTY
  7
OpenSansCondensed-Light
  9
$DIMAUNIT
 70
0
  9
$DIMADEC
 70
2
  9
$DIMALTRND
 40
0.0
  9
$DIMAZIN
 70
3
  9
$DIMDSEP
 70
46
  9
$DIMATFIT
 70
3
  9
$DIMFRAC
 70
0
  9
$DIMLDRBLK
  1

  9
$DIMLUNIT
 70
2
  9
$DIMLWD
 70
-2
  9
$DIMLWE
 70
-2
  9
$DIMTMOVE
 70
2
  9
$DIMFXL
 40
1.0
  9
$DIMFXLON
 70
0
  9
$DIMJOGANG
 40
0.785398163397
  9
$DIMTFILL
 70
0
  9
$DIMTFILLCLR
 70
0
  9
$DIMARCSYM
 70
0
  9
$DIMLTYPE
  6

  9
$DIMLTEX1
  6

  9
$DIMLTEX2
  6

  9
$DIMTXTDIRECTION
 70
0
  9
$LUNITS
 70
2
  9
$LUPREC
 70
2
  9
$SKETCHINC
 40
1.0
  9
$FILLETRAD
 40
10.0
  9
$AUNITS
 70
0
  9
$AUPREC
 70
2
  9
$MENU
  1
.
  9
$ELEVATION
 40
0.0
  9
$PELEVATION
 40
0.0
  9
$THICKNESS
 40
0.0
  9
$LIMCHECK
 70
0
  9
$CHAMFERA
 40
0.0
  9
$CHAMFERB
 40
0.0
  9
$CHAMFERC
 40
0.0
  9
$CHAMFERD
 40
0.0
  9
$SKPOLY
 70
0
  9
$TDCREATE
 40
2461302.3886226853
  9
$TDUCREATE
 40
2458532.153996898
  9
$TDUPDATE
 40
2461302.3886226853
  9
$TDUUPDATE
 40
2458532.1544311
  9
$TDINDWG
 40
0.0
  9
$TDUSRTIMER
 40
0.0
  9
$USRTIMER
 70
1
  9
$ANGBASE
 50
0.0
  9
$ANGDIR
 70
0
  9
$PDMODE
 70
0
  9
$PDSIZE
 40
0.0
  9
$PLINEWID
 40
0.0
  9
$SPLFRAME
 70
0
  9
$SPLINETYPE
 70
6
  9
$SPLINESEGS
 70
8
  9
$HANDSEED
  5
7AF
  9
$SURFTAB1
 70
6
  9
$SURFTAB2
 70
6
  9
$SURFTYPE
 70
6
  9
$SURFU
 70
6
  9
$SURFV
 70
6
  9
$UCSBASE
  2

  9
$UCSNAME
  2

  9
$UCSORG
 10
0.0
 20
0.0
 30
0.0
  9
$UCSXDIR
 10
1.0
 20
0.0
 30
0.0
  9
$UCSYDIR
 10
0.0
 20
1.0
 30
0.0
  9
$UCSORTHOREF
  2

  9
$UCSORTHOVIEW
 70
0
  9
$UCSORGTOP
 10
0.0
 20
0.0
 30
0.0
  9
$UCSORGBOTTOM
 10
0.0
 20
0.0
 30
0.0
  9
$UCSORGLEFT
 10
0.0
 20
0.0
 30
0.0
  9
$UCSORGRIGHT
 10
0.0
 20
0.0
 30
0.0
  9
$UCSORGFRONT
 10
0.0
 20
0.0
 30
0.0
  9
$UCSORGBACK
 10
0.0
 20
0.0
 30
0.0
  9
$PUCSBASE
  2

  9
$PUCSNAME
  2

  9
$PUCSORG
 10
0.0
 20
0.0
 30
0.0
  9
$PUCSXDIR
 10
1.0
 20
0.0
 30
0.0
  9
$PUCSYDIR
 10
0.0
 20
1.0
 30
0.0
  9
$PUCSORTHOREF
  2

  9
$PUCSORTHOVIEW
 70
0
  9
$PUCSORGTOP
 10
0.0
 20
0.0
 30
0.0
  9
$PUCSORGBOTTOM
 10
0.0
 20
0.0
 30
0.0
  9
$PUCSORGLEFT
 10
0.0
 20
0.0
 30
0.0
  9
$PUCSORGRIGHT
 10
0.0
 20
0.0
 30
0.0
  9
$PUCSORGFRONT
 10
0.0
 20
0.0
 30
0.0
  9
$PUCSORGBACK
 10
0.0
 20
0.0
 30
0.0
  9
$USERI1
 70
0
  9
$USERI2
 70
0
  9
$USERI3
 70
0
  9
$USERI4
 70
0
  9
$USERI5
 70
0
  9
$USERR1
 40
0.0
  9
$USERR2
 40
0.0
  9
$USERR3
 40
0.0
  9
$USERR4
 40
0.0
  9
$USERR5
 40
0.0
  9
$WORLDVIEW
 70
1
  9
$SHADEDGE
 70
3
  9
$SHADEDIF
 70
70
  9
$TILEMODE
 70
1
  9
$MAXACTVP
 70
64
  9
$PINSBASE
 10
0.0
 20
0.0
 30
0.0
  9
$PLIMCHECK
 70
0
  9
$PEXTMIN
 10
1e+20
 20
1e+20
 30
1e+20
  9
$PEXTMAX
 10
-1e+20
 20
-1e+20
 30
-1e+20
  9
$PLIMMIN
 10
-0.0
 20
-0.0
  9
$PLIMMAX
 10
841.0
 20
594.0
  9
$UNITMODE
 70
0
  9
$VISRETAIN
 70
1
  9
$PLINEGEN
 70
0
  9
$PSLTSCALE
 70
1
  9
$TREEDEPTH
 70
3020
  9
$CMLSTYLE
  2
Standard
  9
$CMLJUST
 70
0
  9
$CMLSCALE
 40
20.0
  9
$PROXYGRAPHICS
 70
1
  9
$MEASUREMENT
 70
1
  9
$CELWEIGHT
370
-1
  9
$ENDCAPS
280
0
  9
$JOINSTYLE
280
0
  9
$LWDISPLAY
290
1
  9
$INSUNITS
 70
4
  9
$HYPERLINKBASE
  1

  9
$STYLESHEET
  1

  9
$XEDIT
290
1
  9
$CEPSNTYPE
380
0
  9
$PSTYLEMODE
290
1
  9
$FINGERPRINTGUID
  2
{A434AF60-EDD8-4043-812D-843D03C501A8}
  9
$VERSIONGUID
  2
{CD972CBA-0E90-4765-A78D-561E17B35134}
  9
$EXTNAMES
290
1
  9
$PSVPSCALE
 40
0.0
  9
$OLESTARTUP
290
0
  9
$SORTENTS
280
127
  9
$INDEXCTL
280
0
  9
$HIDETEXT
280
1
  9
$XCLIPFRAME
280
1
  9
$HALOGAP
280
0
  9
$OBSCOLOR
 70
257
  9
$OBSLTYPE
280
0
  9
$INTERSECTIONDISPLAY
280
0
  9
$INTERSECTIONCOLOR
 70
257
  9
$DIMASSOC
280
2
  9
$PROJECTNAME
  1

  9
$CAMERADISPLAY
290
0
  9
$LENSLENGTH
 40
50.0
  9
$CAMERAHEIGHT
 40
0.0
  9
$STEPSPERSEC
 40
24.0
  9
$STEPSIZE
 40
100.0
  9
$3DDWFPREC
 40
2.0
  9
$PSOLWIDTH
 40
0.005
  9
$PSOLHEIGHT
 40
0.08
  9
$LOFTANG1
 40
1.570796326795
  9
$LOFTANG2
 40
1.570796326795
  9
$LOFTMAG1
 40
0.0
  9
$LOFTMAG2
 40
0.0
  9
$LOFTPARAM
 70
7
  9
$LOFTNORMALS
280
1
  9
$LATITUDE
 40
37.795
  9
$LONGITUDE
 40
-122.394
  9
$NORTHDIRECTION
 40
0.0
  9
$TIMEZONE
 70
-8000
  9
$LIGHTGLYPHDISPLAY
280
1
  9
$TILEMODELIGHTSYNCH
280
1
  9
$CMATERIAL
347
20
  9
$SOLIDHIST
280
0
  9
$SHOWHIST
280
1
  9
$DWFFRAME
280
2
  9
$DGNFRAME
280
2
  9
$REALWORLDSCALE
290
1
  9
$INTERFERECOLOR
 62
256
  9
$CSHADOW
280
0
  9
$SHADOWPLANELOCATION
 40
0.0
  0
ENDSEC
  0
SECTION
  2
CLASSES
  0
CLASS
  1
ACDBDICTIONARYWDFLT
  2
AcDbDictionaryWithDefault
  3
ObjectDBX Classes
 90
0
 91
0
280
0
281
0
  0
CLASS
  1
SUN
  2
AcDbSun
  3
SCENEOE
 90
1153
 91
0
280
0
281
0
  0
CLASS
  1
VISUALSTYLE
  2
AcDbVisualStyle
  3
ObjectDBX Classes
 90
4095
 91
0
280
0
281
0
  0
CLASS
  1
MATERIAL
  2
AcDbMaterial
  3
ObjectDBX Classes
 90
1153
 91
0
280
0
281
0
  0
CLASS
  1
SCALE
  2
AcDbScale
  3
ObjectDBX Classes
 90
1153
 91
0
280
0
281
0
  0
CLASS
  1
TABLESTYLE
  2
AcDbTableStyle
  3
ObjectDBX Classes
 90
4095
 91
0
280
0
281
0
  0
CLASS
  1
MLEADERSTYLE
  2
AcDbMLeaderStyle
  3
ACDB_MLEADERSTYLE_CLASS
 90
4095
 91
0
280
0
281
0
  0
CLASS
  1
DICTIONARYVAR
  2
AcDbDictionaryVar
  3
ObjectDBX Classes
 90
0
 91
0
280
0
281
0
  0
CLASS
  1
CELLSTYLEMAP
  2
AcDbCellStyleMap
  3
ObjectDBX Classes
 90
1152
 91
0
280
0
281
0
  0
CLASS
  1
MENTALRAYRENDERSETTINGS
  2
AcDbMentalRayRenderSettings
  3
SCENEOE
 90
1024
 91
0
280
0
281
0
  0
CLASS
  1
ACDBDETAILVIEWSTYLE
  2
AcDbDetailViewStyle
  3
ObjectDBX Classes
 90
1025
 91
0
280
0
281
0
  0
CLASS
  1
ACDBSECTIONVIEWSTYLE
  2
AcDbSectionViewStyle
  3
ObjectDBX Classes
 90
1025
 91
0
280
0
281
0
  0
CLASS
  1
RASTERVARIABLES
  2
AcDbRasterVariables
  3
ISM
 90
0
 91
0
280
0
281
0
  0
CLASS
  1
ACDBPLACEHOLDER
  2
AcDbPlaceHolder
  3
ObjectDBX Classes
 90
0
 91
0
280
0
281
0
  0
CLASS
  1
LAYOUT
  2
AcDbLayout
  3
ObjectDBX Classes
 90
0
 91
0
280
0
281
0
  0
ENDSEC
  0
SECTION
  2
TABLES
  0
TABLE
  2
VPORT
  5
8
330
0
100
AcDbSymbolTable
 70
1
  0
VPORT
  5
7AB
330
8
100
AcDbSymbolTableRecord
100
AcDbViewportTableRecord
  2
*Active
 70
0
 10
0.0
 20
0.0
 11
1.0
 21
1.0
 12
5781.402523373163
 22
6494.971236472614
 13
0.0
 23
0.0
 14
0.5
 24
0.5
 15
0.5
 25
0.5
 16
0.0
 26
0.0
 36
1.0
 17
0.0
 27
0.0
 37
0.0
 40
16000.0
 41
1.34
 42
50.0
 43
0.0
 44
0.0
 50
0.0
 51
0.0
 71
0
 72
1000
 73
1
 74
3
 75
0
 76
0
 77
0
 78
0
281
0
 65
1
110
0.0
120
0.0
130
0.0
111
1.0
121
0.0
131
0.0
112
0.0
122
1.0
132
0.0
 79
0
146
0.0
  0
ENDTAB
  0
TABLE
  2
LTYPE
  5
2
330
0
100
AcDbSymbolTable
 70
21
  0
LTYPE
  5
24
330
2
100
AcDbSymbolTableRecord
100
AcDbLinetypeTableRecord
  2
ByBlock
 70
0
  3

 72
65
 73
0
 40
0.0
  0
LTYPE
  5
25
330
2
100
AcDbSymbolTableRecord
100
AcDbLinetypeTableRecord
  2
ByLayer
 70
0
  3

 72
65
 73
0
 40
0.0
  0
LTYPE
  5
26
330
2
100
AcDbSymbolTableRecord
100
AcDbLinetypeTableRecord
  2
Continuous
 70
0
  3

 72
65
 73
0
 40
0.0
  0
LTYPE
  5
2F
330
2
100
AcDbSymbolTableRecord
100
AcDbLinetypeTableRecord
  2
CENTER
 70
0
  3
Center ____ _ ____ _ ____ _ ____ _ ____ _ ____
 72
65
 73
4
 40
5.08
 49
3.175
 74
0
 49
-0.635
 74
0
 49
0.635
 74
0
 49
-0.635
 74
0
  0
LTYPE
  5
30
330
2
100
AcDbSymbolTableRecord
100
AcDbLinetypeTableRecord
  2
CENTERX2
 70
0
  3
Center (2x) ________  __  ________  __  ________
 72
65
 73
4
 40
8.89
 49
6.35
 74
0
 49
-0.635
 74
0
 49
1.27
 74
0
 49
-0.635
 74
0
  0
LTYPE
  5
31
330
2
100
AcDbSymbolTableRecord
100
AcDbLinetypeTableRecord
  2
CENTER2
 70
0
  3
Center (.5x) ____ _ ____ _ ____ _ ____ _ ____
 72
65
 73
4
 40
2.54
 49
1.587
 74
0
 49
-0.318
 74
0
 49
0.318
 74
0
 49
-0.318
 74
0
  0
LTYPE
  5
32
330
2
100
AcDbSymbolTableRecord
100
AcDbLinetypeTableRecord
  2
DASHED
 70
0
  3
Dashed __ __ __ __ __ __ __ __ __ __ __ __ __ _
 72
65
 73
2
 40
1.524
 49
1.27
 74
0
 49
-0.254
 74
0
  0
LTYPE
  5
33
330
2
100
AcDbSymbolTableRecord
100
AcDbLinetypeTableRecord
  2
DASHEDX2
 70
0
  3
Dashed (2x) ____  ____  ____  ____  ____  ____
 72
65
 73
2
 40
3.048
 49
2.54
 74
0
 49
-0.508
 74
0
  0
LTYPE
  5
34
330
2
100
AcDbSymbolTableRecord
100
AcDbLinetypeTableRecord
  2
DASHED2
 70
0
  3
Dashed (.5x) _ _ _ _ _ _ _ _ _ _ _ _ _ _
 72
65
 73
2
 40
0.762
 49
0.635
 74
0
 49
-0.127
 74
0
  0
LTYPE
  5
35
330
2
100
AcDbSymbolTableRecord
100
AcDbLinetypeTableRecord
  2
PHANTOM
 70
0
  3
Phantom ______  __  __  ______  __  __  ______
 72
65
 73
6
 40
6.35
 49
3.175
 74
0
 49
-0.635
 74
0
 49
0.635
 74
0
 49
-0.635
 74
0
 49
0.635
 74
0
 49
-0.635
 74
0
  0
LTYPE
  5
36
330
2
100
AcDbSymbolTableRecord
100
AcDbLinetypeTableRecord
  2
PHANTOMX2
 70
0
  3
Phantom (2x)____________    ____    ____    ____________
 72
65
 73
6
 40
10.795
 49
6.35
 74
0
 49
-0.635
 74
0
 49
1.27
 74
0
 49
-0.635
 74
0
 49
1.27
 74
0
 49
-0.635
 74
0
  0
LTYPE
  5
37
330
2
100
AcDbSymbolTableRecord
100
AcDbLinetypeTableRecord
  2
PHANTOM2
 70
0
  3
Phantom (.5x) ___ _ _ ___ _ _ ___ _ _ ___ _ _ ___
 72
65
 73
6
 40
3.175
 49
1.587
 74
0
 49
-0.318
 74
0
 49
0.318
 74
0
 49
-0.318
 74
0
 49
0.318
 74
0
 49
-0.318
 74
0
  0
LTYPE
  5
38
330
2
100
AcDbSymbolTableRecord
100
AcDbLinetypeTableRecord
  2
DASHDOT
 70
0
  3
Dash dot __ . __ . __ . __ . __ . __ . __ . __
 72
65
 73
4
 40
3.556
 49
2.54
 74
0
 49
-0.508
 74
0
 49
0.0
 74
0
 49
-0.508
 74
0
  0
LTYPE
  5
39
330
2
100
AcDbSymbolTableRecord
100
AcDbLinetypeTableRecord
  2
DASHDOTX2
 70
0
  3
Dash dot (2x) ____  .  ____  .  ____  .  ____
 72
65
 73
4
 40
6.096
 49
5.08
 74
0
 49
-0.508
 74
0
 49
0.0
 74
0
 49
-0.508
 74
0
  0
LTYPE
  5
3A
330
2
100
AcDbSymbolTableRecord
100
AcDbLinetypeTableRecord
  2
DASHDOT2
 70
0
  3
Dash dot (.5x) _ . _ . _ . _ . _ . _ . _ . _
 72
65
 73
4
 40
1.778
 49
1.27
 74
0
 49
-0.254
 74
0
 49
0.0
 74
0
 49
-0.254
 74
0
  0
LTYPE
  5
3B
330
2
100
AcDbSymbolTableRecord
100
AcDbLinetypeTableRecord
  2
DOT
 70
0
  3
Dot .  .  .  .  .  .  .  .  .  .  .  .  .  .  .  .
 72
65
 73
2
 40
0.508
 49
0.0
 74
0
 49
-0.508
 74
0
  0
LTYPE
  5
3C
330
2
100
AcDbSymbolTableRecord
100
AcDbLinetypeTableRecord
  2
DOTX2
 70
0
  3
Dot (2x) .    .    .    .    .    .    .    . 
 72
65
 73
2
 40
1.016
 49
0.0
 74
0
 49
-1.016
 74
0
  0
LTYPE
  5
3D
330
2
100
AcDbSymbolTableRecord
100
AcDbLinetypeTableRecord
  2
DOT2
 70
0
  3
Dot (.5) . . . . . . . . . . . . . . . . . . . 
 72
65
 73
2
 40
0.254
 49
0.0
 74
0
 49
-0.254
 74
0
  0
LTYPE
  5
3E
330
2
100
AcDbSymbolTableRecord
100
AcDbLinetypeTableRecord
  2
DIVIDE
 70
0
  3
Divide __ . . __ . . __ . . __ . . __ . . __
 72
65
 73
6
 40
4.064
 49
2.54
 74
0
 49
-0.508
 74
0
 49
0.0
 74
0
 49
-0.508
 74
0
 49
0.0
 74
0
 49
-0.508
 74
0
  0
LTYPE
  5
3F
330
2
100
AcDbSymbolTableRecord
100
AcDbLinetypeTableRecord
  2
DIVIDEX2
 70
0
  3
Divide (2x) ____  . .  ____  . .  ____  . .  ____
 72
65
 73
6
 40
6.604
 49
5.08
 74
0
 49
-0.508
 74
0
 49
0.0
 74
0
 49
-0.508
 74
0
 49
0.0
 74
0
 49
-0.508
 74
0
  0
LTYPE
  5
40
330
2
100
AcDbSymbolTableRecord
100
AcDbLinetypeTableRecord
  2
DIVIDE2
 70
0
  3
Divide(.5x) _ . _ . _ . _ . _ . _ . _ . _
 72
65
 73
6
 40
2.032
 49
1.27
 74
0
 49
-0.254
 74
0
 49
0.0
 74
0
 49
-0.254
 74
0
 49
0.0
 74
0
 49
-0.254
 74
0
  0
ENDTAB
  0
TABLE
  2
LAYER
  5
1
330
0
100
AcDbSymbolTable
 70
78
  0
LAYER
  5
27
330
1
100
AcDbSymbolTableRecord
100
AcDbLayerTableRecord
  2
0
 70
0
 62
7
  6
Continuous
370
-3
390
13
347
21
  0
LAYER
  5
28
330
1
100
AcDbSymbolTableRecord
100
AcDbLayerTableRecord
  2
Defpoints
 70
0
 62
7
  6
Continuous
290
0
370
-3
390
13
347
21
  0
LAYER
  5
8A
330
1
100
AcDbSymbolTableRecord
100
AcDbLayerTableRecord
  2
A-DUVAR-MEVCUT
 70
0
 62
8
  6
Continuous
370
35
390
13
347
21
1001
AcAecLayerStandard
1000

1000
Mimari — mevcut duvar (korunuyor)
  0
LAYER
  5
8C
330
1
100
AcDbSymbolTableRecord
100
AcDbLayerTableRecord
  2
A-DUVAR-YENI
 70
0
 62
1
  6
Continuous
370
35
390
13
347
21
1001
AcAecLayerStandard
1000

1000
Mimari — yeni alçıpan bölme
  0
LAYER
  5
8D
330
1
100
AcDbSymbolTableRecord
100
AcDbLayerTableRecord
  2
A-CEPHE
 70
0
 62
5
  6
Continuous
370
25
390
13
347
21
1001
AcAecLayerStandard
1000

1000
Mimari — cephe doğraması
  0
LAYER
  5
8E
330
1
100
AcDbSymbolTableRecord
100
AcDbLayerTableRecord
  2
A-KAPI
 70
0
 62
8
  6
Continuous
370
18
390
13
347
21
1001
AcAecLayerStandard
1000

1000
Mimari — kapı ve açılım
  0
LAYER
  5
8F
330
1
100
AcDbSymbolTableRecord
100
AcDbLayerTableRecord
  2
A-EKIPMAN
 70
0
 62
9
  6
Continuous
370
18
390
13
347
21
1001
AcAecLayerStandard
1000

1000
Mimari — spor ekipmanı (işverence temin)
  0
LAYER
  5
90
330
1
100
AcDbSymbolTableRecord
100
AcDbLayerTableRecord
  2
A-MOBILYA
 70
0
 62
9
  6
Continuous
370
18
390
13
347
21
1001
AcAecLayerStandard
1000

1000
Mimari — sabit mobilya
  0
LAYER
  5
91
330
1
100
AcDbSymbolTableRecord
100
AcDbLayerTableRecord
  2
A-BOLGE
 70
0
 62
254
  6
Continuous
370
13
390
13
347
21
1001
AcAecLayerStandard
1000

1000
Mimari — zemin bölge taraması
  0
LAYER
  5
92
330
1
100
AcDbSymbolTableRecord
100
AcDbLayerTableRecord
  2
A-YAZI
 70
0
 62
7
  6
Continuous
370
13
390
13
347
21
1001
AcAecLayerStandard
1000

1000
Mimari — mahal adı ve alan
  0
LAYER
  5
93
330
1
100
AcDbSymbolTableRecord
100
AcDbLayerTableRecord
  2
A-MAHAL
 70
0
 62
250
  6
Continuous
370
18
390
13
347
21
1001
AcAecLayerStandard
1000

1000
Mimari — mahal numarası ve kapı kodu balonu
  0
LAYER
  5
94
330
1
100
AcDbSymbolTableRecord
100
AcDbLayerTableRecord
  2
A-KESIT-HAT
 70
0
 62
1
  6
DASHDOT
370
35
390
13
347
21
1001
AcAecLayerStandard
1000

1000
Mimari — kesit ve görünüş hattı
  0
LAYER
  5
95
330
1
100
AcDbSymbolTableRecord
100
AcDbLayerTableRecord
  2
A-ZEMIN-SINIR
 70
0
 62
30
  6
Continuous
370
25
390
13
347
21
1001
AcAecLayerStandard
1000

1000
Mimari — zemin kaplama tipi sınırı
  0
LAYER
  5
96
330
1
100
AcDbSymbolTableRecord
100
AcDbLayerTableRecord
  2
A-ZEMIN-YAZI
 70
0
 62
30
  6
Continuous
370
13
390
13
347
21
1001
AcAecLayerStandard
1000

1000
Mimari — zemin kaplama tipi ve kotu
  0
LAYER
  5
97
330
1
100
AcDbSymbolTableRecord
100
AcDbLayerTableRecord
  2
A-ZEMIN-DERZ
 70
0
 62
253
  6
Continuous
370
13
390
13
347
21
1001
AcAecLayerStandard
1000

1000
Mimari — kauçuk karo derz ızgarası
  0
LAYER
  5
98
330
1
100
AcDbSymbolTableRecord
100
AcDbLayerTableRecord
  2
A-TAVAN-SINIR
 70
0
 62
150
  6
Continuous
370
25
390
13
347
21
1001
AcAecLayerStandard
1000

1000
Mimari — asma tavan tipi sınırı
  0
LAYER
  5
99
330
1
100
AcDbSymbolTableRecord
100
AcDbLayerTableRecord
  2
A-TAVAN-YAZI
 70
0
 62
150
  6
Continuous
370
13
390
13
347
21
1001
AcAecLayerStandard
1000

1000
Mimari — asma tavan tipi ve kotu
  0
LAYER
  5
9A
330
1
100
AcDbSymbolTableRecord
100
AcDbLayerTableRecord
  2
A-TAVAN-KAPAK
 70
0
 62
150
  6
Continuous
370
18
390
13
347
21
1001
AcAecLayerStandard
1000

1000
Mimari — revizyon kapağı 300×300
  0
LAYER
  5
9B
330
1
100
AcDbSymbolTableRecord
100
AcDbLayerTableRecord
  2
A-YANGIN-KACIS
 70
0
 62
3
  6
Continuous
370
50
390
13
347
21
1001
AcAecLayerStandard
1000

1000
Mimari — kaçış yolu ve çıkış
  0
LAYER
  5
9C
330
1
100
AcDbSymbolTableRecord
100
AcDbLayerTableRecord
  2
A-YANGIN-EKIP
 70
0
 62
1
  6
Continuous
370
35
390
13
347
21
1001
AcAecLayerStandard
1000

1000
Mimari — söndürücü, dolap, ihbar
  0
LAYER
  5
9D
330
1
100
AcDbSymbolTableRecord
100
AcDbLayerTableRecord
  2
M-HAVA-BESLEME
 70
0
 62
3
  6
Continuous
370
35
390
13
347
21
1001
AcAecLayerStandard
1000

1000
Mekanik — taze hava kanalı
  0
LAYER
  5
9E
330
1
100
AcDbSymbolTableRecord
100
AcDbLayerTableRecord
  2
M-HAVA-EGZOZ
 70
0
 62
1
  6
Continuous
370
35
390
13
347
21
1001
AcAecLayerStandard
1000

1000
Mekanik — egzoz kanalı
  0
LAYER
  5
9F
330
1
100
AcDbSymbolTableRecord
100
AcDbLayerTableRecord
  2
M-HAVA-ISLAK
 70
0
 62
6
  6
Continuous
370
25
390
13
347
21
1001
AcAecLayerStandard
1000

1000
Mekanik — ıslak hacim egzoz kanalı
  0
LAYER
  5
A0
330
1
100
AcDbSymbolTableRecord
100
AcDbLayerTableRecord
  2
M-HAVA-MENFEZ
 70
0
 62
3
  6
Continuous
370
25
390
13
347
21
1001
AcAecLayerStandard
1000

1000
Mekanik — menfez ve valf
  0
LAYER
  5
A1
330
1
100
AcDbSymbolTableRecord
100
AcDbLayerTableRecord
  2
M-HAVA-BRANSMAN
 70
0
 62
3
  6
DASHED
370
18
390
13
347
21
1001
AcAecLayerStandard
1000

1000
Mekanik — menfez branşmanı
  0
LAYER
  5
A2
330
1
100
AcDbSymbolTableRecord
100
AcDbLayerTableRecord
  2
M-HAVA-CIHAZ
 70
0
 62
2
  6
Continuous
370
35
390
13
347
21
1001
AcAecLayerStandard
1000

1000
Mekanik — fan ve panjur
  0
LAYER
  5
A3
330
1
100
AcDbSymbolTableRecord
100
AcDbLayerTableRecord
  2
M-KLIMA-IC
 70
0
 62
4
  6
Continuous
370
35
390
13
347
21
1001
AcAecLayerStandard
1000

1000
Mekanik — klima iç ünite
  0
LAYER
  5
A4
330
1
100
AcDbSymbolTableRecord
100
AcDbLayerTableRecord
  2
M-KLIMA-DIS
 70
0
 62
4
  6
Continuous
370
35
390
13
347
21
1001
AcAecLayerStandard
1000

1000
Mekanik — klima dış ünite platformu
  0
LAYER
  5
A5
330
1
100
AcDbSymbolTableRecord
100
AcDbLayerTableRecord
  2
M-KLIMA-BAKIR
 70
0
 62
4
  6
Continuous
370
25
390
13
347
21
1001
AcAecLayerStandard
1000

1000
Mekanik — soğutucu akışkan bakır hattı
  0
LAYER
  5
A6
330
1
100
AcDbSymbolTableRecord
100
AcDbLayerTableRecord
  2
M-KLIMA-DRENAJ
 70
0
 62
4
  6
DASHED
370
18
390
13
347
21
1001
AcAecLayerStandard
1000

1000
Mekanik — klima drenaj hattı
  0
LAYER
  5
A7
330
1
100
AcDbSymbolTableRecord
100
AcDbLayerTableRecord
  2
M-SIHHI-TEMIZ
 70
0
 62
5
  6
Continuous
370
25
390
13
347
21
1001
AcAecLayerStandard
1000

1000
Mekanik — temiz su PPRC
  0
LAYER
  5
A8
330
1
100
AcDbSymbolTableRecord
100
AcDbLayerTableRecord
  2
M-SIHHI-SICAK
 70
0
 62
30
  6
DASHED
370
25
390
13
347
21
1001
AcAecLayerStandard
1000

1000
Mekanik — sıcak su PPRC izoleli
  0
LAYER
  5
A9
330
1
100
AcDbSymbolTableRecord
100
AcDbLayerTableRecord
  2
M-SIHHI-PIS
 70
0
 62
8
  6
Continuous
370
35
390
13
347
21
1001
AcAecLayerStandard
1000

1000
Mekanik — pis su PVC
  0
LAYER
  5
AA
330
1
100
AcDbSymbolTableRecord
100
AcDbLayerTableRecord
  2
M-SIHHI-CIHAZ
 70
0
 62
8
  6
Continuous
370
25
390
13
347
21
1001
AcAecLayerStandard
1000

1000
Mekanik — vitrifiye ve su ısıtıcı
  0
LAYER
  5
AB
330
1
100
AcDbSymbolTableRecord
100
AcDbLayerTableRecord
  2
M-YAZI
 70
0
 62
7
  6
Continuous
370
13
390
13
347
21
1001
AcAecLayerStandard
1000

1000
Mekanik — etiket ve not
  0
LAYER
  5
AC
330
1
100
AcDbSymbolTableRecord
100
AcDbLayerTableRecord
  2
E-AYD-ARMATUR
 70
0
 62
2
  6
Continuous
370
25
390
13
347
21
1001
AcAecLayerStandard
1000

1000
Elektrik — lineer LED armatür
  0
LAYER
  5
AD
330
1
100
AcDbSymbolTableRecord
100
AcDbLayerTableRecord
  2
E-AYD-DOWNLIGHT
 70
0
 62
2
  6
Continuous
370
25
390
13
347
21
1001
AcAecLayerStandard
1000

1000
Elektrik — IP44 downlight
  0
LAYER
  5
AE
330
1
100
AcDbSymbolTableRecord
100
AcDbLayerTableRecord
  2
E-AYD-ACIL
 70
0
 62
3
  6
Continuous
370
25
390
13
347
21
1001
AcAecLayerStandard
1000

1000
Elektrik — acil aydınlatma / yönlendirme
  0
LAYER
  5
AF
330
1
100
AcDbSymbolTableRecord
100
AcDbLayerTableRecord
  2
E-AYD-ANAHTAR
 70
0
 62
2
  6
Continuous
370
18
390
13
347
21
1001
AcAecLayerStandard
1000

1000
Elektrik — anahtar ve sensör
  0
LAYER
  5
B0
330
1
100
AcDbSymbolTableRecord
100
AcDbLayerTableRecord
  2
E-KUVVET-PRIZ
 70
0
 62
5
  6
Continuous
370
25
390
13
347
21
1001
AcAecLayerStandard
1000

1000
Elektrik — priz
  0
LAYER
  5
B1
330
1
100
AcDbSymbolTableRecord
100
AcDbLayerTableRecord
  2
E-KUVVET-CIHAZ
 70
0
 62
5
  6
Continuous
370
25
390
13
347
21
1001
AcAecLayerStandard
1000

1000
Elektrik — klima/ısıtıcı/fan beslemesi
  0
LAYER
  5
B2
330
1
100
AcDbSymbolTableRecord
100
AcDbLayerTableRecord
  2
E-ZAYIF-KAMERA
 70
0
 62
6
  6
Continuous
370
25
390
13
347
21
1001
AcAecLayerStandard
1000

1000
Elektrik — IP kamera
  0
LAYER
  5
B3
330
1
100
AcDbSymbolTableRecord
100
AcDbLayerTableRecord
  2
E-ZAYIF-SES
 70
0
 62
6
  6
Continuous
370
25
390
13
347
21
1001
AcAecLayerStandard
1000

1000
Elektrik — tavan hoparlörü
  0
LAYER
  5
B4
330
1
100
AcDbSymbolTableRecord
100
AcDbLayerTableRecord
  2
E-ZAYIF-VERI
 70
0
 62
6
  6
Continuous
370
25
390
13
347
21
1001
AcAecLayerStandard
1000

1000
Elektrik — veri prizi ve rack
  0
LAYER
  5
B5
330
1
100
AcDbSymbolTableRecord
100
AcDbLayerTableRecord
  2
E-ZAYIF-YANGIN
 70
0
 62
1
  6
Continuous
370
25
390
13
347
21
1001
AcAecLayerStandard
1000

1000
Elektrik — dedektör, buton, siren
  0
LAYER
  5
B6
330
1
100
AcDbSymbolTableRecord
100
AcDbLayerTableRecord
  2
E-ZAYIF-LINYE
 70
0
 62
6
  6
DASHED
370
13
390
13
347
21
1001
AcAecLayerStandard
1000

1000
Elektrik — yangın algılama çevrimi
  0
LAYER
  5
B7
330
1
100
AcDbSymbolTableRecord
100
AcDbLayerTableRecord
  2
E-AYD-LINYE
 70
0
 62
2
  6
Continuous
370
25
390
13
347
21
1001
AcAecLayerStandard
1000

1000
Elektrik — aydınlatma linyesi (ortogonal)
  0
LAYER
  5
B8
330
1
100
AcDbSymbolTableRecord
100
AcDbLayerTableRecord
  2
E-AYD-SORTI
 70
0
 62
2
  6
DASHED
370
18
390
13
347
21
1001
AcAecLayerStandard
1000

1000
Elektrik — anahtar kumanda sortisi
  0
LAYER
  5
B9
330
1
100
AcDbSymbolTableRecord
100
AcDbLayerTableRecord
  2
E-KUVVET-LINYE
 70
0
 62
5
  6
Continuous
370
25
390
13
347
21
1001
AcAecLayerStandard
1000

1000
Elektrik — priz ve kuvvet linyesi
  0
LAYER
  5
BA
330
1
100
AcDbSymbolTableRecord
100
AcDbLayerTableRecord
  2
E-KUVVET-KOLON
 70
0
 62
5
  6
Continuous
370
50
390
13
347
21
1001
AcAecLayerStandard
1000

1000
Elektrik — kolon (ana besleme) hattı
  0
LAYER
  5
BB
330
1
100
AcDbSymbolTableRecord
100
AcDbLayerTableRecord
  2
E-KUVVET-BUAT
 70
0
 62
5
  6
Continuous
370
18
390
13
347
21
1001
AcAecLayerStandard
1000

1000
Elektrik — buat ve geçiş kutusu
  0
LAYER
  5
BC
330
1
100
AcDbSymbolTableRecord
100
AcDbLayerTableRecord
  2
E-ZAYIF-TAVA
 70
0
 62
6
  6
Continuous
370
18
390
13
347
21
1001
AcAecLayerStandard
1000

1000
Elektrik — zayıf akım kablo kanalı
  0
LAYER
  5
BD
330
1
100
AcDbSymbolTableRecord
100
AcDbLayerTableRecord
  2
E-TOPRAK-ELEKTROT
 70
0
 62
3
  6
Continuous
370
50
390
13
347
21
1001
AcAecLayerStandard
1000

1000
Elektrik — çubuk elektrot
  0
LAYER
  5
BE
330
1
100
AcDbSymbolTableRecord
100
AcDbLayerTableRecord
  2
E-TOPRAK-SERIT
 70
0
 62
3
  6
Continuous
370
50
390
13
347
21
1001
AcAecLayerStandard
1000

1000
Elektrik — elektrot bağlantı şeridi
  0
LAYER
  5
BF
330
1
100
AcDbSymbolTableRecord
100
AcDbLayerTableRecord
  2
E-TOPRAK-ILETKEN
 70
0
 62
3
  6
DASHDOT
370
35
390
13
347
21
1001
AcAecLayerStandard
1000

1000
Elektrik — topraklama iletkeni
  0
LAYER
  5
C0
330
1
100
AcDbSymbolTableRecord
100
AcDbLayerTableRecord
  2
E-TOPRAK-BARA
 70
0
 62
3
  6
Continuous
370
50
390
13
347
21
1001
AcAecLayerStandard
1000

1000
Elektrik — ATB / EPDB barası
  0
LAYER
  5
C1
330
1
100
AcDbSymbolTableRecord
100
AcDbLayerTableRecord
  2
E-TOPRAK-YAZI
 70
0
 62
3
  6
Continuous
370
13
390
13
347
21
1001
AcAecLayerStandard
1000

1000
Elektrik — topraklama etiketi
  0
LAYER
  5
C2
330
1
100
AcDbSymbolTableRecord
100
AcDbLayerTableRecord
  2
E-TEKHAT-TEL
 70
0
 62
7
  6
Continuous
370
35
390
13
347
21
1001
AcAecLayerStandard
1000

1000
Tek hat — iletken
  0
LAYER
  5
C3
330
1
100
AcDbSymbolTableRecord
100
AcDbLayerTableRecord
  2
E-TEKHAT-SEMBOL
 70
0
 62
7
  6
Continuous
370
35
390
13
347
21
1001
AcAecLayerStandard
1000

1000
Tek hat — IEC 60617 sembolü
  0
LAYER
  5
C4
330
1
100
AcDbSymbolTableRecord
100
AcDbLayerTableRecord
  2
E-TEKHAT-BARA
 70
0
 62
7
  6
Continuous
370
70
390
13
347
21
1001
AcAecLayerStandard
1000

1000
Tek hat — bara
  0
LAYER
  5
C5
330
1
100
AcDbSymbolTableRecord
100
AcDbLayerTableRecord
  2
E-TEKHAT-SINIR
 70
0
 62
8
  6
DASHDOT
370
35
390
13
347
21
1001
AcAecLayerStandard
1000

1000
Tek hat — pano sınırı
  0
LAYER
  5
C6
330
1
100
AcDbSymbolTableRecord
100
AcDbLayerTableRecord
  2
E-TEKHAT-GRUP
 70
0
 62
8
  6
Continuous
370
25
390
13
347
21
1001
AcAecLayerStandard
1000

1000
Tek hat — kaçak akım grubu parantezi
  0
LAYER
  5
C7
330
1
100
AcDbSymbolTableRecord
100
AcDbLayerTableRecord
  2
E-TEKHAT-TABLO
 70
0
 62
7
  6
Continuous
370
18
390
13
347
21
1001
AcAecLayerStandard
1000

1000
Tek hat — veri matrisi
  0
LAYER
  5
C8
330
1
100
AcDbSymbolTableRecord
100
AcDbLayerTableRecord
  2
E-TEKHAT-YAZI
 70
0
 62
7
  6
Continuous
370
18
390
13
347
21
1001
AcAecLayerStandard
1000

1000
Tek hat — etiket ve not
  0
LAYER
  5
C9
330
1
100
AcDbSymbolTableRecord
100
AcDbLayerTableRecord
  2
E-TEKHAT-YEDEK
 70
0
 62
8
  6
DASHED
370
25
390
13
347
21
1001
AcAecLayerStandard
1000

1000
Tek hat — yedek / boş modül
  0
LAYER
  5
CA
330
1
100
AcDbSymbolTableRecord
100
AcDbLayerTableRecord
  2
E-PANO
 70
0
 62
7
  6
Continuous
370
50
390
13
347
21
1001
AcAecLayerStandard
1000

1000
Elektrik — ana dağıtım panosu
  0
LAYER
  5
CB
330
1
100
AcDbSymbolTableRecord
100
AcDbLayerTableRecord
  2
E-YAZI
 70
0
 62
7
  6
Continuous
370
13
390
13
347
21
1001
AcAecLayerStandard
1000

1000
Elektrik — etiket ve not
  0
LAYER
  5
CC
330
1
100
AcDbSymbolTableRecord
100
AcDbLayerTableRecord
  2
G-OLCU
 70
0
 62
7
  6
Continuous
370
13
390
13
347
21
1001
AcAecLayerStandard
1000

1000
Genel — ölçülendirme
  0
LAYER
  5
CD
330
1
100
AcDbSymbolTableRecord
100
AcDbLayerTableRecord
  2
G-YAZI
 70
0
 62
7
  6
Continuous
370
18
390
13
347
21
1001
AcAecLayerStandard
1000

1000
Genel — başlık ve açıklama
  0
LAYER
  5
CE
330
1
100
AcDbSymbolTableRecord
100
AcDbLayerTableRecord
  2
G-ANTET
 70
0
 62
7
  6
Continuous
370
25
390
13
347
21
1001
AcAecLayerStandard
1000

1000
Genel — antet ve revizyon tablosu
  0
LAYER
  5
CF
330
1
100
AcDbSymbolTableRecord
100
AcDbLayerTableRecord
  2
G-CERCEVE
 70
0
 62
7
  6
Continuous
370
70
390
13
347
21
1001
AcAecLayerStandard
1000

1000
Genel — pafta çizim çerçevesi (ISO 5457)
  0
LAYER
  5
D0
330
1
100
AcDbSymbolTableRecord
100
AcDbLayerTableRecord
  2
G-PAFTA-ZON
 70
0
 62
8
  6
Continuous
370
13
390
13
347
21
1001
AcAecLayerStandard
1000

1000
Genel — kenar ızgarası / bölge referansı
  0
LAYER
  5
D1
330
1
100
AcDbSymbolTableRecord
100
AcDbLayerTableRecord
  2
G-VIEWPORT
 70
0
 62
251
  6
Continuous
290
0
370
13
390
13
347
21
1001
AcAecLayerStandard
1000

1000
Genel — görüntü penceresi (basılmaz)
  0
LAYER
  5
D2
330
1
100
AcDbSymbolTableRecord
100
AcDbLayerTableRecord
  2
G-AKS-HAT
 70
0
 62
8
  6
DASHDOT
370
18
390
13
347
21
1001
AcAecLayerStandard
1000

1000
Genel — aks çizgisi
  0
LAYER
  5
D3
330
1
100
AcDbSymbolTableRecord
100
AcDbLayerTableRecord
  2
G-AKS-BALON
 70
0
 62
8
  6
Continuous
370
25
390
13
347
21
1001
AcAecLayerStandard
1000

1000
Genel — aks balonu
  0
LAYER
  5
D4
330
1
100
AcDbSymbolTableRecord
100
AcDbLayerTableRecord
  2
G-OLCU-ZINCIR
 70
0
 62
7
  6
Continuous
370
13
390
13
347
21
1001
AcAecLayerStandard
1000

1000
Genel — zincir ölçü
  0
LAYER
  5
D5
330
1
100
AcDbSymbolTableRecord
100
AcDbLayerTableRecord
  2
G-KESIT-ISARET
 70
0
 62
1
  6
Continuous
370
50
390
13
347
21
1001
AcAecLayerStandard
1000

1000
Genel — kesit ve detay işareti
  0
LAYER
  5
D6
330
1
100
AcDbSymbolTableRecord
100
AcDbLayerTableRecord
  2
G-KUZEY
 70
0
 62
7
  6
Continuous
370
25
390
13
347
21
1001
AcAecLayerStandard
1000

1000
Genel — kuzey oku ve ölçek
  0
ENDTAB
  0
TABLE
  2
STYLE
  5
5
330
0
100
AcDbSymbolTable
 70
28
  0
STYLE
  5
29
330
5
100
AcDbSymbolTableRecord
100
AcDbTextStyleTableRecord
  2
Standard
 70
0
 40
0.0
 41
1.0
 50
0.0
 71
0
 42
2.5
  3
txt
  4

  0
STYLE
  5
41
330
5
100
AcDbSymbolTableRecord
100
AcDbTextStyleTableRecord
  2
OpenSans-Light
 70
0
 40
0.0
 41
1.0
 50
0.0
 71
0
 42
2.5
  3
OpenSans-Light.ttf
  4

  0
STYLE
  5
42
330
5
100
AcDbSymbolTableRecord
100
AcDbTextStyleTableRecord
  2
OpenSans-Light-Italic
 70
0
 40
0.0
 41
1.0
 50
0.0
 71
0
 42
2.5
  3
OpenSans-LightItalic.ttf
  4

  0
STYLE
  5
43
330
5
100
AcDbSymbolTableRecord
100
AcDbTextStyleTableRecord
  2
OpenSans
 70
0
 40
0.0
 41
1.0
 50
0.0
 71
0
 42
2.5
  3
OpenSans-Regular.ttf
  4

  0
STYLE
  5
44
330
5
100
AcDbSymbolTableRecord
100
AcDbTextStyleTableRecord
  2
OpenSans-Italic
 70
0
 40
0.0
 41
1.0
 50
0.0
 71
0
 42
2.5
  3
OpenSans-Italic.ttf
  4

  0
STYLE
  5
45
330
5
100
AcDbSymbolTableRecord
100
AcDbTextStyleTableRecord
  2
OpenSans-SemiBold
 70
0
 40
0.0
 41
1.0
 50
0.0
 71
0
 42
2.5
  3
OpenSans-SemiBold.ttf
  4

  0
STYLE
  5
46
330
5
100
AcDbSymbolTableRecord
100
AcDbTextStyleTableRecord
  2
OpenSans-SemiBoldItalic
 70
0
 40
0.0
 41
1.0
 50
0.0
 71
0
 42
2.5
  3
OpenSans-SemiBoldItalic.ttf
  4

  0
STYLE
  5
47
330
5
100
AcDbSymbolTableRecord
100
AcDbTextStyleTableRecord
  2
OpenSans-Bold
 70
0
 40
0.0
 41
1.0
 50
0.0
 71
0
 42
2.5
  3
OpenSans-Bold.ttf
  4

  0
STYLE
  5
48
330
5
100
AcDbSymbolTableRecord
100
AcDbTextStyleTableRecord
  2
OpenSans-BoldItalic
 70
0
 40
0.0
 41
1.0
 50
0.0
 71
0
 42
2.5
  3
OpenSans-BoldItalic.ttf
  4

  0
STYLE
  5
49
330
5
100
AcDbSymbolTableRecord
100
AcDbTextStyleTableRecord
  2
OpenSans-ExtraBold
 70
0
 40
0.0
 41
1.0
 50
0.0
 71
0
 42
2.5
  3
OpenSans-ExtraBold.ttf
  4

  0
STYLE
  5
4A
330
5
100
AcDbSymbolTableRecord
100
AcDbTextStyleTableRecord
  2
OpenSans-ExtraBoldItalic
 70
0
 40
0.0
 41
1.0
 50
0.0
 71
0
 42
2.5
  3
OpenSans-ExtraBoldItalic.ttf
  4

  0
STYLE
  5
4B
330
5
100
AcDbSymbolTableRecord
100
AcDbTextStyleTableRecord
  2
OpenSansCondensed-Bold
 70
0
 40
0.0
 41
1.0
 50
0.0
 71
0
 42
2.5
  3
OpenSansCondensed-Bold.ttf
  4

  0
STYLE
  5
4C
330
5
100
AcDbSymbolTableRecord
100
AcDbTextStyleTableRecord
  2
OpenSansCondensed-Light
 70
0
 40
0.0
 41
1.0
 50
0.0
 71
0
 42
2.5
  3
OpenSansCondensed-Light.ttf
  4

  0
STYLE
  5
4D
330
5
100
AcDbSymbolTableRecord
100
AcDbTextStyleTableRecord
  2
OpenSansCondensed-Italic
 70
0
 40
0.0
 41
1.0
 50
0.0
 71
0
 42
2.5
  3
OpenSansCondensed-LightItalic.ttf
  4

  0
STYLE
  5
4E
330
5
100
AcDbSymbolTableRecord
100
AcDbTextStyleTableRecord
  2
LiberationSans
 70
0
 40
0.0
 41
1.0
 50
0.0
 71
0
 42
2.5
  3
LiberationSans-Regular.ttf
  4

  0
STYLE
  5
4F
330
5
100
AcDbSymbolTableRecord
100
AcDbTextStyleTableRecord
  2
LiberationSans-Bold
 70
0
 40
0.0
 41
1.0
 50
0.0
 71
0
 42
2.5
  3
LiberationSans-Bold.ttf
  4

  0
STYLE
  5
50
330
5
100
AcDbSymbolTableRecord
100
AcDbTextStyleTableRecord
  2
LiberationSans-BoldItalic
 70
0
 40
0.0
 41
1.0
 50
0.0
 71
0
 42
2.5
  3
LiberationSans-BoldItalic.ttf
  4

  0
STYLE
  5
51
330
5
100
AcDbSymbolTableRecord
100
AcDbTextStyleTableRecord
  2
LiberationSans-Italic
 70
0
 40
0.0
 41
1.0
 50
0.0
 71
0
 42
2.5
  3
LiberationSans-Italic.ttf
  4

  0
STYLE
  5
52
330
5
100
AcDbSymbolTableRecord
100
AcDbTextStyleTableRecord
  2
LiberationSerif
 70
0
 40
0.0
 41
1.0
 50
0.0
 71
0
 42
2.5
  3
LiberationSerif-Regular.ttf
  4

  0
STYLE
  5
53
330
5
100
AcDbSymbolTableRecord
100
AcDbTextStyleTableRecord
  2
LiberationSerif-Bold
 70
0
 40
0.0
 41
1.0
 50
0.0
 71
0
 42
2.5
  3
LiberationSerif-Bold.ttf
  4

  0
STYLE
  5
54
330
5
100
AcDbSymbolTableRecord
100
AcDbTextStyleTableRecord
  2
LiberationSerif-BoldItalic
 70
0
 40
0.0
 41
1.0
 50
0.0
 71
0
 42
2.5
  3
LiberationSerif-BoldItalic.ttf
  4

  0
STYLE
  5
55
330
5
100
AcDbSymbolTableRecord
100
AcDbTextStyleTableRecord
  2
LiberationSerif-Italic
 70
0
 40
0.0
 41
1.0
 50
0.0
 71
0
 42
2.5
  3
LiberationSerif-Italic.ttf
  4

  0
STYLE
  5
56
330
5
100
AcDbSymbolTableRecord
100
AcDbTextStyleTableRecord
  2
LiberationMono
 70
0
 40
0.0
 41
1.0
 50
0.0
 71
0
 42
2.5
  3
LiberationMono-Regular.ttf
  4

  0
STYLE
  5
57
330
5
100
AcDbSymbolTableRecord
100
AcDbTextStyleTableRecord
  2
LiberationMono-Bold
 70
0
 40
0.0
 41
1.0
 50
0.0
 71
0
 42
2.5
  3
LiberationMono-Bold.ttf
  4

  0
STYLE
  5
58
330
5
100
AcDbSymbolTableRecord
100
AcDbTextStyleTableRecord
  2
LiberationMono-BoldItalic
 70
0
 40
0.0
 41
1.0
 50
0.0
 71
0
 42
2.5
  3
LiberationMono-BoldItalic.ttf
  4

  0
STYLE
  5
59
330
5
100
AcDbSymbolTableRecord
100
AcDbTextStyleTableRecord
  2
LiberationMono-Italic
 70
0
 40
0.0
 41
1.0
 50
0.0
 71
0
 42
2.5
  3
LiberationMono-Italic.ttf
  4

  0
STYLE
  5
D7
330
5
100
AcDbSymbolTableRecord
100
AcDbTextStyleTableRecord
  2
GYM
 70
0
 40
0.0
 41
1.0
 50
0.0
 71
0
 42
2.5
  3
arial.ttf
  4

  0
STYLE
  5
D8
330
5
100
AcDbSymbolTableRecord
100
AcDbTextStyleTableRecord
  2
GYM-B
 70
0
 40
0.0
 41
1.0
 50
0.0
 71
0
 42
2.5
  3
arialbd.ttf
  4

  0
ENDTAB
  0
TABLE
  2
VIEW
  5
7
330
0
100
AcDbSymbolTable
 70
0
  0
ENDTAB
  0
TABLE
  2
UCS
  5
6
330
0
100
AcDbSymbolTable
 70
0
  0
ENDTAB
  0
TABLE
  2
APPID
  5
3
330
0
100
AcDbSymbolTable
 70
4
  0
APPID
  5
2A
330
3
100
AcDbSymbolTableRecord
100
AcDbRegAppTableRecord
  2
ACAD
 70
0
  0
APPID
  5
8B
330
3
100
AcDbSymbolTableRecord
100
AcDbRegAppTableRecord
  2
AcAecLayerStandard
 70
0
  0
APPID
  5
7AC
330
3
100
AcDbSymbolTableRecord
100
AcDbRegAppTableRecord
  2
HATCHBACKGROUNDCOLOR
 70
0
  0
APPID
  5
7AD
330
3
100
AcDbSymbolTableRecord
100
AcDbRegAppTableRecord
  2
EZDXF
 70
0
  0
ENDTAB
  0
TABLE
  2
DIMSTYLE
  5
4
330
0
100
AcDbSymbolTable
 70
19
100
AcDbDimStyleTable
  0
DIMSTYLE
105
2B
330
4
100
AcDbSymbolTableRecord
100
AcDbDimStyleTableRecord
  2
Standard
 70
0
 40
1.0
 41
2.5
 42
0.625
 43
3.75
 44
1.25
 45
0.0
 46
0.0
 47
0.0
 48
0.0
 49
2.5
140
2.5
141
2.5
142
0.0
143
0.03937007874
144
1.0
145
0.0
146
1.0
147
0.625
148
0.0
 69
0
 70
0
 71
0
 72
0
 73
0
 74
0
 75
0
 76
0
 77
1
 78
8
 79
3
170
0
171
3
172
1
173
0
174
0
175
0
176
0
177
0
178
0
179
2
271
2
272
2
273
2
274
3
275
0
276
0
277
2
278
44
279
0
280
0
281
0
282
0
283
0
284
8
285
0
286
0
288
0
289
3
290
0
371
-2
372
-2
  0
DIMSTYLE
105
73
330
4
100
AcDbSymbolTableRecord
100
AcDbDimStyleTableRecord
  2
EZDXF
 70
0
 40
1.0
 41
0.175
 42
0.125
 43
3.75
 44
0.375
 45
0.0
 46
0.0
 47
0.0
 48
0.0
 49
2.5
140
0.25
141
2.5
142
0.0
143
0.03937007874
144
100.0
145
0.0
146
0.5
147
0.1
148
0.0
 69
0
 70
0
 71
0
 72
0
 73
0
 74
0
 75
0
 76
0
 77
1
 78
12
 79
3
170
0
171
3
172
1
173
0
174
0
175
0
176
0
177
0
178
0
179
2
271
2
272
2
273
2
274
3
275
0
276
0
277
2
278
46
279
2
280
0
281
0
282
0
283
0
284
8
285
0
286
0
288
1
289
3
290
0
340
4C
342
74
371
-2
372
-2
  0
DIMSTYLE
105
7C
330
4
100
AcDbSymbolTableRecord
100
AcDbDimStyleTableRecord
  2
EZ_M_100_H25_CM
 70
0
 40
1.0
 41
0.25
 42
0.125
 43
3.75
 44
0.375
 45
0.0
 46
0.0
 47
0.0
 48
0.0
 49
2.5
140
0.25
141
2.5
142
0.125
143
0.03937007874
144
100.0
145
0.0
146
0.5
147
0.1
148
0.0
 69
0
 70
0
 71
0
 72
0
 73
0
 74
0
 75
0
 76
0
 77
1
 78
12
 79
3
170
0
171
3
172
1
173
0
174
0
175
0
176
0
177
0
178
0
179
2
271
2
272
2
273
2
274
3
275
0
276
0
277
2
278
46
279
2
280
0
281
0
282
0
283
0
284
8
285
0
286
0
288
1
289
3
290
0
340
4C
371
-2
372
-2
  0
DIMSTYLE
105
7D
330
4
100
AcDbSymbolTableRecord
100
AcDbDimStyleTableRecord
  2
EZ_M_50_H25_CM
 70
0
 40
1.0
 41
0.125
 42
0.0625
 43
3.75
 44
0.1875
 45
0.0
 46
0.0
 47
0.0
 48
0.0
 49
2.5
140
0.125
141
2.5
142
0.0625
143
0.03937007874
144
100.0
145
0.0
146
0.5
147
0.05
148
0.0
 69
0
 70
0
 71
0
 72
0
 73
0
 74
0
 75
0
 76
0
 77
1
 78
12
 79
3
170
0
171
3
172
1
173
0
174
0
175
0
176
0
177
0
178
0
179
2
271
2
272
2
273
2
274
3
275
0
276
0
277
2
278
46
279
2
280
0
281
0
282
0
283
0
284
8
285
0
286
0
288
1
289
3
290
0
340
4C
371
-2
372
-2
  0
DIMSTYLE
105
7E
330
4
100
AcDbSymbolTableRecord
100
AcDbDimStyleTableRecord
  2
EZ_M_25_H25_CM
 70
0
 40
1.0
 41
0.0625
 42
0.03125
 43
3.75
 44
0.09375
 45
0.0
 46
0.0
 47
0.0
 48
0.0
 49
2.5
140
0.0625
141
2.5
142
0.03125
143
0.03937007874
144
100.0
145
0.0
146
0.5
147
0.025
148
0.0
 69
0
 70
0
 71
0
 72
0
 73
0
 74
0
 75
0
 76
0
 77
1
 78
12
 79
3
170
0
171
3
172
1
173
0
174
0
175
0
176
0
177
0
178
0
179
2
271
2
272
2
273
2
274
3
275
0
276
0
277
2
278
46
279
2
280
0
281
0
282
0
283
0
284
8
285
0
286
0
288
1
289
3
290
0
340
4C
371
-2
372
-2
  0
DIMSTYLE
105
7F
330
4
100
AcDbSymbolTableRecord
100
AcDbDimStyleTableRecord
  2
EZ_M_20_H25_CM
 70
0
 40
1.0
 41
0.05
 42
0.025
 43
3.75
 44
0.07500000000000001
 45
0.0
 46
0.0
 47
0.0
 48
0.0
 49
2.5
140
0.05
141
2.5
142
0.025
143
0.03937007874
144
100.0
145
0.0
146
0.5
147
0.020000000000000004
148
0.0
 69
0
 70
0
 71
0
 72
0
 73
0
 74
0
 75
0
 76
0
 77
1
 78
12
 79
3
170
0
171
3
172
1
173
0
174
0
175
0
176
0
177
0
178
0
179
2
271
2
272
2
273
2
274
3
275
0
276
0
277
2
278
46
279
2
280
0
281
0
282
0
283
0
284
8
285
0
286
0
288
1
289
3
290
0
340
4C
371
-2
372
-2
  0
DIMSTYLE
105
80
330
4
100
AcDbSymbolTableRecord
100
AcDbDimStyleTableRecord
  2
EZ_M_10_H25_CM
 70
0
 40
1.0
 41
0.025
 42
0.0125
 43
3.75
 44
0.037500000000000006
 45
0.0
 46
0.0
 47
0.0
 48
0.0
 49
2.5
140
0.025
141
2.5
142
0.0125
143
0.03937007874
144
100.0
145
0.0
146
0.5
147
0.010000000000000002
148
0.0
 69
0
 70
0
 71
0
 72
0
 73
0
 74
0
 75
0
 76
0
 77
1
 78
12
 79
3
170
0
171
3
172
1
173
0
174
0
175
0
176
0
177
0
178
0
179
2
271
2
272
2
273
2
274
3
275
0
276
0
277
2
278
46
279
2
280
0
281
0
282
0
283
0
284
8
285
0
286
0
288
1
289
3
290
0
340
4C
371
-2
372
-2
  0
DIMSTYLE
105
81
330
4
100
AcDbSymbolTableRecord
100
AcDbDimStyleTableRecord
  2
EZ_M_5_H25_CM
 70
0
 40
1.0
 41
0.0125
 42
0.00625
 43
3.75
 44
0.018750000000000003
 45
0.0
 46
0.0
 47
0.0
 48
0.0
 49
2.5
140
0.0125
141
2.5
142
0.00625
143
0.03937007874
144
100.0
145
0.0
146
0.5
147
0.005000000000000001
148
0.0
 69
0
 70
0
 71
0
 72
0
 73
0
 74
0
 75
0
 76
0
 77
1
 78
12
 79
3
170
0
171
3
172
1
173
0
174
0
175
0
176
0
177
0
178
0
179
2
271
2
272
2
273
2
274
3
275
0
276
0
277
2
278
46
279
2
280
0
281
0
282
0
283
0
284
8
285
0
286
0
288
1
289
3
290
0
340
4C
371
-2
372
-2
  0
DIMSTYLE
105
82
330
4
100
AcDbSymbolTableRecord
100
AcDbDimStyleTableRecord
  2
EZ_M_1_H25_CM
 70
0
 40
1.0
 41
0.0025
 42
0.00125
 43
3.75
 44
0.00375
 45
0.0
 46
0.0
 47
0.0
 48
0.0
 49
2.5
140
0.0025
141
2.5
142
0.00125
143
0.03937007874
144
100.0
145
0.0
146
0.5
147
0.001
148
0.0
 69
0
 70
0
 71
0
 72
0
 73
0
 74
0
 75
0
 76
0
 77
1
 78
12
 79
3
170
0
171
3
172
1
173
0
174
0
175
0
176
0
177
0
178
0
179
2
271
2
272
2
273
2
274
3
275
0
276
0
277
2
278
46
279
2
280
0
281
0
282
0
283
0
284
8
285
0
286
0
288
1
289
3
290
0
340
4C
371
-2
372
-2
  0
DIMSTYLE
105
83
330
4
100
AcDbSymbolTableRecord
100
AcDbDimStyleTableRecord
  2
EZ_RADIUS
 70
0
 40
1.0
 41
0.25
 42
0.125
 43
3.75
 44
0.375
 45
0.0
 46
0.0
 47
0.0
 48
0.0
 49
2.5
140
0.25
141
0.0
142
0.0
143
0.03937007874
144
100.0
145
0.0
146
0.5
147
0.1
148
0.0
 69
0
 70
0
 71
0
 72
0
 73
0
 74
0
 75
0
 76
0
 77
1
 78
12
 79
3
170
0
171
3
172
0
173
0
174
0
175
0
176
0
177
0
178
0
179
2
271
2
272
2
273
2
274
3
275
0
276
0
277
2
278
46
279
1
280
0
281
0
282
0
283
0
284
8
285
0
286
0
288
1
289
3
290
0
340
4C
342
84
371
-2
372
-2
  0
DIMSTYLE
105
88
330
4
100
AcDbSymbolTableRecord
100
AcDbDimStyleTableRecord
  2
EZ_RADIUS_INSIDE
 70
0
 40
1.0
 41
0.25
 42
0.125
 43
3.75
 44
0.375
 45
0.0
 46
0.0
 47
0.0
 48
0.0
 49
2.5
140
0.25
141
0.0
142
0.0
143
0.03937007874
144
100.0
145
0.0
146
0.5
147
0.1
148
0.0
 69
0
 70
0
 71
0
 72
0
 73
0
 74
0
 75
0
 76
0
 77
0
 78
12
 79
3
170
0
171
3
172
0
173
0
174
1
175
0
176
0
177
0
178
0
179
2
271
2
272
2
273
2
274
3
275
0
276
0
277
2
278
46
279
0
280
0
281
0
282
0
283
0
284
8
285
0
286
0
288
1
289
0
290
0
340
4C
342
84
371
-2
372
-2
  0
DIMSTYLE
105
89
330
4
100
AcDbSymbolTableRecord
100
AcDbDimStyleTableRecord
  2
EZ_CURVED
 70
0
 40
1.0
 41
0.25
 42
0.125
 43
3.75
 44
0.375
 45
0.0
 46
0.0
 47
0.0
 48
0.0
 49
2.5
140
0.25
141
2.5
142
0.0
143
0.03937007874
144
100.0
145
0.0
146
0.5
147
0.1
148
0.0
 69
0
 70
0
 71
0
 72
0
 73
0
 74
0
 75
0
 76
0
 77
1
 78
12
 79
2
 90
2
170
0
171
3
172
1
173
0
174
0
175
0
176
0
177
0
178
0
179
2
271
2
272
2
273
2
274
3
275
0
276
0
277
2
278
46
279
2
280
0
281
0
282
0
283
0
284
8
285
0
286
0
288
1
289
3
290
0
340
4C
371
-2
372
-2
  0
DIMSTYLE
105
D9
330
4
100
AcDbSymbolTableRecord
100
AcDbDimStyleTableRecord
  2
GYM-5
 70
0
 40
5.0
 41
2.5
 42
1.5
 43
7.0
 44
1.25
 45
0.0
 46
0.0
 47
0.0
 48
0.0
 49
2.5
140
2.5
141
2.5
142
0.0
143
0.03937007874
144
1.0
145
0.0
146
1.0
147
0.9
148
0.0
 69
0
 70
0
 71
0
 72
0
 73
0
 74
0
 75
0
 76
0
 77
1
 78
8
 79
3
170
0
171
3
172
1
173
0
174
0
175
0
176
7
177
7
178
7
179
2
271
0
272
2
273
2
274
3
275
0
276
0
277
2
278
44
279
0
280
0
281
0
282
0
283
0
284
8
285
0
286
0
288
0
289
3
290
0
340
D7
342
74
371
18
372
13
  0
DIMSTYLE
105
DA
330
4
100
AcDbSymbolTableRecord
100
AcDbDimStyleTableRecord
  2
GYM-10
 70
0
 40
10.0
 41
2.5
 42
1.5
 43
7.0
 44
1.25
 45
0.0
 46
0.0
 47
0.0
 48
0.0
 49
2.5
140
2.5
141
2.5
142
0.0
143
0.03937007874
144
1.0
145
0.0
146
1.0
147
0.9
148
0.0
 69
0
 70
0
 71
0
 72
0
 73
0
 74
0
 75
0
 76
0
 77
1
 78
8
 79
3
170
0
171
3
172
1
173
0
174
0
175
0
176
7
177
7
178
7
179
2
271
0
272
2
273
2
274
3
275
0
276
0
277
2
278
44
279
0
280
0
281
0
282
0
283
0
284
8
285
0
286
0
288
0
289
3
290
0
340
D7
342
74
371
18
372
13
  0
DIMSTYLE
105
DB
330
4
100
AcDbSymbolTableRecord
100
AcDbDimStyleTableRecord
  2
GYM-20
 70
0
 40
20.0
 41
2.5
 42
1.5
 43
7.0
 44
1.25
 45
0.0
 46
0.0
 47
0.0
 48
0.0
 49
2.5
140
2.5
141
2.5
142
0.0
143
0.03937007874
144
1.0
145
0.0
146
1.0
147
0.9
148
0.0
 69
0
 70
0
 71
0
 72
0
 73
0
 74
0
 75
0
 76
0
 77
1
 78
8
 79
3
170
0
171
3
172
1
173
0
174
0
175
0
176
7
177
7
178
7
179
2
271
0
272
2
273
2
274
3
275
0
276
0
277
2
278
44
279
0
280
0
281
0
282
0
283
0
284
8
285
0
286
0
288
0
289
3
290
0
340
D7
342
74
371
18
372
13
  0
DIMSTYLE
105
DC
330
4
100
AcDbSymbolTableRecord
100
AcDbDimStyleTableRecord
  2
GYM-25
 70
0
 40
25.0
 41
2.5
 42
1.5
 43
7.0
 44
1.25
 45
0.0
 46
0.0
 47
0.0
 48
0.0
 49
2.5
140
2.5
141
2.5
142
0.0
143
0.03937007874
144
1.0
145
0.0
146
1.0
147
0.9
148
0.0
 69
0
 70
0
 71
0
 72
0
 73
0
 74
0
 75
0
 76
0
 77
1
 78
8
 79
3
170
0
171
3
172
1
173
0
174
0
175
0
176
7
177
7
178
7
179
2
271
0
272
2
273
2
274
3
275
0
276
0
277
2
278
44
279
0
280
0
281
0
282
0
283
0
284
8
285
0
286
0
288
0
289
3
290
0
340
D7
342
74
371
18
372
13
  0
DIMSTYLE
105
DD
330
4
100
AcDbSymbolTableRecord
100
AcDbDimStyleTableRecord
  2
GYM-50
 70
0
 40
50.0
 41
2.5
 42
1.5
 43
7.0
 44
1.25
 45
0.0
 46
0.0
 47
0.0
 48
0.0
 49
2.5
140
2.5
141
2.5
142
0.0
143
0.03937007874
144
1.0
145
0.0
146
1.0
147
0.9
148
0.0
 69
0
 70
0
 71
0
 72
0
 73
0
 74
0
 75
0
 76
0
 77
1
 78
8
 79
3
170
0
171
3
172
1
173
0
174
0
175
0
176
7
177
7
178
7
179
2
271
0
272
2
273
2
274
3
275
0
276
0
277
2
278
44
279
0
280
0
281
0
282
0
283
0
284
8
285
0
286
0
288
0
289
3
290
0
340
D7
342
74
371
18
372
13
  0
DIMSTYLE
105
DE
330
4
100
AcDbSymbolTableRecord
100
AcDbDimStyleTableRecord
  2
GYM-75
 70
0
 40
75.0
 41
2.5
 42
1.5
 43
7.0
 44
1.25
 45
0.0
 46
0.0
 47
0.0
 48
0.0
 49
2.5
140
2.5
141
2.5
142
0.0
143
0.03937007874
144
1.0
145
0.0
146
1.0
147
0.9
148
0.0
 69
0
 70
0
 71
0
 72
0
 73
0
 74
0
 75
0
 76
0
 77
1
 78
8
 79
3
170
0
171
3
172
1
173
0
174
0
175
0
176
7
177
7
178
7
179
2
271
0
272
2
273
2
274
3
275
0
276
0
277
2
278
44
279
0
280
0
281
0
282
0
283
0
284
8
285
0
286
0
288
0
289
3
290
0
340
D7
342
74
371
18
372
13
  0
DIMSTYLE
105
DF
330
4
100
AcDbSymbolTableRecord
100
AcDbDimStyleTableRecord
  2
GYM-100
 70
0
 40
100.0
 41
2.5
 42
1.5
 43
7.0
 44
1.25
 45
0.0
 46
0.0
 47
0.0
 48
0.0
 49
2.5
140
2.5
141
2.5
142
0.0
143
0.03937007874
144
1.0
145
0.0
146
1.0
147
0.9
148
0.0
 69
0
 70
0
 71
0
 72
0
 73
0
 74
0
 75
0
 76
0
 77
1
 78
8
 79
3
170
0
171
3
172
1
173
0
174
0
175
0
176
7
177
7
178
7
179
2
271
0
272
2
273
2
274
3
275
0
276
0
277
2
278
44
279
0
280
0
281
0
282
0
283
0
284
8
285
0
286
0
288
0
289
3
290
0
340
D7
342
74
371
18
372
13
  0
ENDTAB
  0
TABLE
  2
BLOCK_RECORD
  5
9
330
0
100
AcDbSymbolTable
 70
34
  0
BLOCK_RECORD
  5
17
330
9
100
AcDbSymbolTableRecord
100
AcDbBlockTableRecord
  2
*Model_Space
340
1A
 70
0
280
1
281
0
  0
BLOCK_RECORD
  5
74
330
9
100
AcDbSymbolTableRecord
100
AcDbBlockTableRecord
  2
_ARCHTICK
340
0
 70
0
280
1
281
0
  0
BLOCK_RECORD
  5
78
330
9
100
AcDbSymbolTableRecord
100
AcDbBlockTableRecord
  2
_CLOSEDFILLED
340
0
 70
0
280
1
281
0
  0
BLOCK_RECORD
  5
84
330
9
100
AcDbSymbolTableRecord
100
AcDbBlockTableRecord
  2
_CLOSEDBLANK
340
0
 70
0
280
1
281
0
  0
BLOCK_RECORD
  5
E0
330
9
100
AcDbSymbolTableRecord
100
AcDbBlockTableRecord
  2
M_MENFEZ_BESLEME
340
0
 70
0
280
1
281
0
  0
BLOCK_RECORD
  5
E9
330
9
100
AcDbSymbolTableRecord
100
AcDbBlockTableRecord
  2
M_MENFEZ_EGZOZ
340
0
 70
0
280
1
281
0
  0
BLOCK_RECORD
  5
F1
330
9
100
AcDbSymbolTableRecord
100
AcDbBlockTableRecord
  2
M_VALF
340
0
 70
0
280
1
281
0
  0
BLOCK_RECORD
  5
F9
330
9
100
AcDbSymbolTableRecord
100
AcDbBlockTableRecord
  2
M_FAN
340
0
 70
0
280
1
281
0
  0
BLOCK_RECORD
  5
104
330
9
100
AcDbSymbolTableRecord
100
AcDbBlockTableRecord
  2
M_PANJUR
340
0
 70
0
280
1
281
0
  0
BLOCK_RECORD
  5
10E
330
9
100
AcDbSymbolTableRecord
100
AcDbBlockTableRecord
  2
M_KLIMA_IC
340
0
 70
0
280
1
281
0
  0
BLOCK_RECORD
  5
115
330
9
100
AcDbSymbolTableRecord
100
AcDbBlockTableRecord
  2
M_KLIMA_DIS
340
0
 70
0
280
1
281
0
  0
BLOCK_RECORD
  5
11C
330
9
100
AcDbSymbolTableRecord
100
AcDbBlockTableRecord
  2
M_ISITICI
340
0
 70
0
280
1
281
0
  0
BLOCK_RECORD
  5
125
330
9
100
AcDbSymbolTableRecord
100
AcDbBlockTableRecord
  2
M_KLOZET
340
0
 70
0
280
1
281
0
  0
BLOCK_RECORD
  5
12B
330
9
100
AcDbSymbolTableRecord
100
AcDbBlockTableRecord
  2
M_LAVABO
340
0
 70
0
280
1
281
0
  0
BLOCK_RECORD
  5
131
330
9
100
AcDbSymbolTableRecord
100
AcDbBlockTableRecord
  2
M_DUS
340
0
 70
0
280
1
281
0
  0
BLOCK_RECORD
  5
138
330
9
100
AcDbSymbolTableRecord
100
AcDbBlockTableRecord
  2
M_SUZGEC
340
0
 70
0
280
1
281
0
  0
BLOCK_RECORD
  5
13D
330
9
100
AcDbSymbolTableRecord
100
AcDbBlockTableRecord
  2
M_SAYAC
340
0
 70
0
280
1
281
0
  0
BLOCK_RECORD
  5
143
330
9
100
AcDbSymbolTableRecord
100
AcDbBlockTableRecord
  2
E_ARMATUR_LINEER
340
0
 70
0
280
1
281
0
  0
BLOCK_RECORD
  5
149
330
9
100
AcDbSymbolTableRecord
100
AcDbBlockTableRecord
  2
E_DOWNLIGHT
340
0
 70
0
280
1
281
0
  0
BLOCK_RECORD
  5
150
330
9
100
AcDbSymbolTableRecord
100
AcDbBlockTableRecord
  2
E_ACIL
340
0
 70
0
280
1
281
0
  0
BLOCK_RECORD
  5
156
330
9
100
AcDbSymbolTableRecord
100
AcDbBlockTableRecord
  2
E_YONLENDIRME
340
0
 70
0
280
1
281
0
  0
BLOCK_RECORD
  5
15D
330
9
100
AcDbSymbolTableRecord
100
AcDbBlockTableRecord
  2
E_PRIZ
340
0
 70
0
280
1
281
0
  0
BLOCK_RECORD
  5
166
330
9
100
AcDbSymbolTableRecord
100
AcDbBlockTableRecord
  2
E_PRIZ_IP44
340
0
 70
0
280
1
281
0
  0
BLOCK_RECORD
  5
16F
330
9
100
AcDbSymbolTableRecord
100
AcDbBlockTableRecord
  2
E_ANAHTAR
340
0
 70
0
280
1
281
0
  0
BLOCK_RECORD
  5
175
330
9
100
AcDbSymbolTableRecord
100
AcDbBlockTableRecord
  2
E_SENSOR
340
0
 70
0
280
1
281
0
  0
BLOCK_RECORD
  5
17B
330
9
100
AcDbSymbolTableRecord
100
AcDbBlockTableRecord
  2
E_KAMERA
340
0
 70
0
280
1
281
0
  0
BLOCK_RECORD
  5
180
330
9
100
AcDbSymbolTableRecord
100
AcDbBlockTableRecord
  2
E_HOPARLOR
340
0
 70
0
280
1
281
0
  0
BLOCK_RECORD
  5
187
330
9
100
AcDbSymbolTableRecord
100
AcDbBlockTableRecord
  2
E_VERI
340
0
 70
0
280
1
281
0
  0
BLOCK_RECORD
  5
18D
330
9
100
AcDbSymbolTableRecord
100
AcDbBlockTableRecord
  2
E_DEDEKTOR
340
0
 70
0
280
1
281
0
  0
BLOCK_RECORD
  5
193
330
9
100
AcDbSymbolTableRecord
100
AcDbBlockTableRecord
  2
E_YANGIN_BUTON
340
0
 70
0
280
1
281
0
  0
BLOCK_RECORD
  5
199
330
9
100
AcDbSymbolTableRecord
100
AcDbBlockTableRecord
  2
E_PANO
340
0
 70
0
280
1
281
0
  0
BLOCK_RECORD
  5
1A6
330
9
100
AcDbSymbolTableRecord
100
AcDbBlockTableRecord
  2
G_KUZEY
340
0
 70
0
280
1
281
0
  0
BLOCK_RECORD
  5
1AC
330
9
100
AcDbSymbolTableRecord
100
AcDbBlockTableRecord
  2
ANTET_A3
340
0
 70
0
280
1
281
0
  0
BLOCK_RECORD
  5
1CA
330
9
100
AcDbSymbolTableRecord
100
AcDbBlockTableRecord
  2
*Paper_Space
340
1CD
 70
0
280
1
281
0
  0
ENDTAB
  0
ENDSEC
  0
SECTION
  2
BLOCKS
  0
BLOCK
  5
18
330
17
100
AcDbEntity
  8
0
100
AcDbBlockBegin
  2
*Model_Space
 70
0
 10
0.0
 20
0.0
 30
0.0
  3
*Model_Space
  1

  0
ENDBLK
  5
19
330
17
100
AcDbEntity
  8
0
100
AcDbBlockEnd
  0
BLOCK
  5
75
330
74
100
AcDbEntity
  8
0
100
AcDbBlockBegin
  2
_ARCHTICK
 70
0
 10
0.0
 20
0.0
 30
0.0
  3
_ARCHTICK
  1

  0
LWPOLYLINE
  5
77
330
74
100
AcDbEntity
  8
0
  6
BYBLOCK
 62
0
100
AcDbPolyline
 90
2
 70
0
 43
0.15
 10
-0.5
 20
-0.5
 10
0.5
 20
0.5
  0
ENDBLK
  5
76
330
74
100
AcDbEntity
  8
0
100
AcDbBlockEnd
  0
BLOCK
  5
79
330
78
100
AcDbEntity
  8
0
100
AcDbBlockBegin
  2
_CLOSEDFILLED
 70
0
 10
0.0
 20
0.0
 30
0.0
  3
_CLOSEDFILLED
  1

  0
SOLID
  5
7B
330
78
100
AcDbEntity
  8
0
  6
BYBLOCK
 62
0
100
AcDbTrace
 10
-1.0
 20
0.16439898372402537
 30
0.0
 11
0.0
 21
0.0
 31
0.0
 12
-1.0
 22
-0.16439898372402537
 32
0.0
 13
-1.0
 23
-0.16439898372402537
 33
0.0
  0
ENDBLK
  5
7A
330
78
100
AcDbEntity
  8
0
100
AcDbBlockEnd
  0
BLOCK
  5
85
330
84
100
AcDbEntity
  8
0
100
AcDbBlockBegin
  2
_CLOSEDBLANK
 70
0
 10
0.0
 20
0.0
 30
0.0
  3
_CLOSEDBLANK
  1

  0
LWPOLYLINE
  5
87
330
84
100
AcDbEntity
  8
0
  6
BYBLOCK
 62
0
100
AcDbPolyline
 90
3
 70
1
 10
-1.0
 20
0.16439898372402537
 10
0.0
 20
0.0
 10
-1.0
 20
-0.16439898372402537
  0
ENDBLK
  5
86
330
84
100
AcDbEntity
  8
0
100
AcDbBlockEnd
  0
BLOCK
  5
E1
330
E0
100
AcDbEntity
  8
0
100
AcDbBlockBegin
  2
M_MENFEZ_BESLEME
 70
2
 10
0.0
 20
0.0
 30
0.0
  3
M_MENFEZ_BESLEME
  1

  0
LWPOLYLINE
  5
E3
330
E0
100
AcDbEntity
  8
0
100
AcDbPolyline
 90
4
 70
1
 10
-150.0
 20
-75.0
 10
150.0
 20
-75.0
 10
150.0
 20
75.0
 10
-150.0
 20
75.0
  0
LINE
  5
E4
330
E0
100
AcDbEntity
  8
0
100
AcDbLine
 10
-150.0
 20
-40.0
 30
0.0
 11
150.0
 21
-40.0
 31
0.0
  0
LINE
  5
E5
330
E0
100
AcDbEntity
  8
0
100
AcDbLine
 10
-150.0
 20
0.0
 30
0.0
 11
150.0
 21
0.0
 31
0.0
  0
LINE
  5
E6
330
E0
100
AcDbEntity
  8
0
100
AcDbLine
 10
-150.0
 20
40.0
 30
0.0
 11
150.0
 21
40.0
 31
0.0
  0
ATTDEF
  5
E7
330
E0
100
AcDbEntity
  8
0
100
AcDbText
 10
0.0
 20
140.0
 30
0.0
 40
120.0
  1

  7
GYM
100
AcDbAttributeDefinition
  3
Menfez kodu
  2
KOD
 70
0
  0
ATTDEF
  5
E8
330
E0
100
AcDbEntity
  8
0
100
AcDbText
 10
0.0
 20
-200.0
 30
0.0
 40
105.0
  1

  7
GYM
100
AcDbAttributeDefinition
  3
Debi (m3/h)
  2
DEBI
 70
0
  0
ENDBLK
  5
E2
330
E0
100
AcDbEntity
  8
0
100
AcDbBlockEnd
  0
BLOCK
  5
EA
330
E9
100
AcDbEntity
  8
0
100
AcDbBlockBegin
  2
M_MENFEZ_EGZOZ
 70
2
 10
0.0
 20
0.0
 30
0.0
  3
M_MENFEZ_EGZOZ
  1

  0
LWPOLYLINE
  5
EC
330
E9
100
AcDbEntity
  8
0
100
AcDbPolyline
 90
4
 70
1
 10
-150.0
 20
-75.0
 10
150.0
 20
-75.0
 10
150.0
 20
75.0
 10
-150.0
 20
75.0
  0
LINE
  5
ED
330
E9
100
AcDbEntity
  8
0
100
AcDbLine
 10
-150.0
 20
-75.0
 30
0.0
 11
150.0
 21
75.0
 31
0.0
  0
LINE
  5
EE
330
E9
100
AcDbEntity
  8
0
100
AcDbLine
 10
-150.0
 20
75.0
 30
0.0
 11
150.0
 21
-75.0
 31
0.0
  0
ATTDEF
  5
EF
330
E9
100
AcDbEntity
  8
0
100
AcDbText
 10
0.0
 20
140.0
 30
0.0
 40
120.0
  1

  7
GYM
100
AcDbAttributeDefinition
  3
Menfez kodu
  2
KOD
 70
0
  0
ATTDEF
  5
F0
330
E9
100
AcDbEntity
  8
0
100
AcDbText
 10
0.0
 20
-200.0
 30
0.0
 40
105.0
  1

  7
GYM
100
AcDbAttributeDefinition
  3
Debi (m3/h)
  2
DEBI
 70
0
  0
ENDBLK
  5
EB
330
E9
100
AcDbEntity
  8
0
100
AcDbBlockEnd
  0
BLOCK
  5
F2
330
F1
100
AcDbEntity
  8
0
100
AcDbBlockBegin
  2
M_VALF
 70
2
 10
0.0
 20
0.0
 30
0.0
  3
M_VALF
  1

  0
CIRCLE
  5
F4
330
F1
100
AcDbEntity
  8
0
100
AcDbCircle
 10
0.0
 20
0.0
 30
0.0
 40
90.0
  0
LINE
  5
F5
330
F1
100
AcDbEntity
  8
0
100
AcDbLine
 10
-90.0
 20
0.0
 30
0.0
 11
90.0
 21
0.0
 31
0.0
  0
LINE
  5
F6
330
F1
100
AcDbEntity
  8
0
100
AcDbLine
 10
0.0
 20
-90.0
 30
0.0
 11
0.0
 21
90.0
 31
0.0
  0
ATTDEF
  5
F7
330
F1
100
AcDbEntity
  8
0
100
AcDbText
 10
0.0
 20
150.0
 30
0.0
 40
120.0
  1

  7
GYM
100
AcDbAttributeDefinition
  3
Valf kodu
  2
KOD
 70
0
  0
ATTDEF
  5
F8
330
F1
100
AcDbEntity
  8
0
100
AcDbText
 10
0.0
 20
-200.0
 30
0.0
 40
105.0
  1

  7
GYM
100
AcDbAttributeDefinition
  3
Debi (m3/h)
  2
DEBI
 70
0
  0
ENDBLK
  5
F3
330
F1
100
AcDbEntity
  8
0
100
AcDbBlockEnd
  0
BLOCK
  5
FA
330
F9
100
AcDbEntity
  8
0
100
AcDbBlockBegin
  2
M_FAN
 70
2
 10
0.0
 20
0.0
 30
0.0
  3
M_FAN
  1

  0
LWPOLYLINE
  5
FC
330
F9
100
AcDbEntity
  8
0
100
AcDbPolyline
 90
4
 70
1
 10
-250.0
 20
-140.0
 10
250.0
 20
-140.0
 10
250.0
 20
140.0
 10
-250.0
 20
140.0
  0
CIRCLE
  5
FD
330
F9
100
AcDbEntity
  8
0
100
AcDbCircle
 10
0.0
 20
0.0
 30
0.0
 40
105.0
  0
LINE
  5
FE
330
F9
100
AcDbEntity
  8
0
100
AcDbLine
 10
0.0
 20
0.0
 30
0.0
 11
105.0
 21
0.0
 31
0.0
  0
LINE
  5
FF
330
F9
100
AcDbEntity
  8
0
100
AcDbLine
 10
0.0
 20
0.0
 30
0.0
 11
6.429395695523604e-15
 21
105.0
 31
0.0
  0
LINE
  5
100
330
F9
100
AcDbEntity
  8
0
100
AcDbLine
 10
0.0
 20
0.0
 30
0.0
 11
-105.0
 21
1.2858791391047208e-14
 31
0.0
  0
LINE
  5
101
330
F9
100
AcDbEntity
  8
0
100
AcDbLine
 10
0.0
 20
0.0
 30
0.0
 11
-1.928818708657081e-14
 21
-105.0
 31
0.0
  0
ATTDEF
  5
102
330
F9
100
AcDbEntity
  8
0
100
AcDbText
 10
0.0
 20
210.0
 30
0.0
 40
120.0
  1

  7
GYM
100
AcDbAttributeDefinition
  3
Fan kodu
  2
KOD
 70
0
  0
ATTDEF
  5
103
330
F9
100
AcDbEntity
  8
0
100
AcDbText
 10
0.0
 20
-270.0
 30
0.0
 40
105.0
  1

  7
GYM
100
AcDbAttributeDefinition
  3
Fan tanimi
  2
TANIM
 70
0
  0
ENDBLK
  5
FB
330
F9
100
AcDbEntity
  8
0
100
AcDbBlockEnd
  0
BLOCK
  5
105
330
104
100
AcDbEntity
  8
0
100
AcDbBlockBegin
  2
M_PANJUR
 70
2
 10
0.0
 20
0.0
 30
0.0
  3
M_PANJUR
  1

  0
LWPOLYLINE
  5
107
330
104
100
AcDbEntity
  8
0
100
AcDbPolyline
 90
4
 70
1
 10
-140.0
 20
-90.0
 10
140.0
 20
-90.0
 10
140.0
 20
90.0
 10
-140.0
 20
90.0
  0
LINE
  5
108
330
104
100
AcDbEntity
  8
0
100
AcDbLine
 10
-140.0
 20
-64.0
 30
0.0
 11
140.0
 21
-64.0
 31
0.0
  0
LINE
  5
109
330
104
100
AcDbEntity
  8
0
100
AcDbLine
 10
-140.0
 20
-32.0
 30
0.0
 11
140.0
 21
-32.0
 31
0.0
  0
LINE
  5
10A
330
104
100
AcDbEntity
  8
0
100
AcDbLine
 10
-140.0
 20
0.0
 30
0.0
 11
140.0
 21
0.0
 31
0.0
  0
LINE
  5
10B
330
104
100
AcDbEntity
  8
0
100
AcDbLine
 10
-140.0
 20
32.0
 30
0.0
 11
140.0
 21
32.0
 31
0.0
  0
LINE
  5
10C
330
104
100
AcDbEntity
  8
0
100
AcDbLine
 10
-140.0
 20
64.0
 30
0.0
 11
140.0
 21
64.0
 31
0.0
  0
ATTDEF
  5
10D
330
104
100
AcDbEntity
  8
0
100
AcDbText
 10
0.0
 20
150.0
 30
0.0
 40
120.0
  1

  7
GYM
100
AcDbAttributeDefinition
  3
Panjur kodu
  2
KOD
 70
0
  0
ENDBLK
  5
106
330
104
100
AcDbEntity
  8
0
100
AcDbBlockEnd
  0
BLOCK
  5
10F
330
10E
100
AcDbEntity
  8
0
100
AcDbBlockBegin
  2
M_KLIMA_IC
 70
2
 10
0.0
 20
0.0
 30
0.0
  3
M_KLIMA_IC
  1

  0
LWPOLYLINE
  5
111
330
10E
100
AcDbEntity
  8
0
100
AcDbPolyline
 90
4
 70
1
 10
-450.0
 20
-140.0
 10
450.0
 20
-140.0
 10
450.0
 20
140.0
 10
-450.0
 20
140.0
  0
LINE
  5
112
330
10E
100
AcDbEntity
  8
0
100
AcDbLine
 10
-450.0
 20
-60.0
 30
0.0
 11
450.0
 21
-60.0
 31
0.0
  0
ATTDEF
  5
113
330
10E
100
AcDbEntity
  8
0
100
AcDbText
 10
0.0
 20
215.0
 30
0.0
 40
120.0
  1

  7
GYM
100
AcDbAttributeDefinition
  3
Unite kodu
  2
KOD
 70
0
  0
ATTDEF
  5
114
330
10E
100
AcDbEntity
  8
0
100
AcDbText
 10
0.0
 20
-270.0
 30
0.0
 40
105.0
  1

  7
GYM
100
AcDbAttributeDefinition
  3
Kapasite (BTU)
  2
KAPASITE
 70
0
  0
ENDBLK
  5
110
330
10E
100
AcDbEntity
  8
0
100
AcDbBlockEnd
  0
BLOCK
  5
116
330
115
100
AcDbEntity
  8
0
100
AcDbBlockBegin
  2
M_KLIMA_DIS
 70
2
 10
0.0
 20
0.0
 30
0.0
  3
M_KLIMA_DIS
  1

  0
LWPOLYLINE
  5
118
330
115
100
AcDbEntity
  8
0
100
AcDbPolyline
 90
4
 70
1
 10
-500.0
 20
-350.0
 10
500.0
 20
-350.0
 10
500.0
 20
350.0
 10
-500.0
 20
350.0
  0
CIRCLE
  5
119
330
115
100
AcDbEntity
  8
0
100
AcDbCircle
 10
0.0
 20
0.0
 30
0.0
 40
230.0
  0
ATTDEF
  5
11A
330
115
100
AcDbEntity
  8
0
100
AcDbText
 10
0.0
 20
430.0
 30
0.0
 40
120.0
  1

  7
GYM
100
AcDbAttributeDefinition
  3
Platform
  2
KOD
 70
0
  0
ATTDEF
  5
11B
330
115
100
AcDbEntity
  8
0
100
AcDbText
 10
0.0
 20
-530.0
 30
0.0
 40
105.0
  1

  7
GYM
100
AcDbAttributeDefinition
  3
Unite adedi
  2
ADET
 70
0
  0
ENDBLK
  5
117
330
115
100
AcDbEntity
  8
0
100
AcDbBlockEnd
  0
BLOCK
  5
11D
330
11C
100
AcDbEntity
  8
0
100
AcDbBlockBegin
  2
M_ISITICI
 70
2
 10
0.0
 20
0.0
 30
0.0
  3
M_ISITICI
  1

  0
LWPOLYLINE
  5
11F
330
11C
100
AcDbEntity
  8
0
100
AcDbPolyline
 90
4
 70
1
 10
-200.0
 20
-150.0
 10
200.0
 20
-150.0
 10
200.0
 20
150.0
 10
-200.0
 20
150.0
  0
LINE
  5
120
330
11C
100
AcDbEntity
  8
0
100
AcDbLine
 10
-90.0
 20
-150.0
 30
0.0
 11
-90.0
 21
150.0
 31
0.0
  0
LINE
  5
121
330
11C
100
AcDbEntity
  8
0
100
AcDbLine
 10
0.0
 20
-150.0
 30
0.0
 11
0.0
 21
150.0
 31
0.0
  0
LINE
  5
122
330
11C
100
AcDbEntity
  8
0
100
AcDbLine
 10
90.0
 20
-150.0
 30
0.0
 11
90.0
 21
150.0
 31
0.0
  0
ATTDEF
  5
123
330
11C
100
AcDbEntity
  8
0
100
AcDbText
 10
0.0
 20
225.0
 30
0.0
 40
120.0
  1

  7
GYM
100
AcDbAttributeDefinition
  3
Isitici kodu
  2
KOD
 70
0
  0
ATTDEF
  5
124
330
11C
100
AcDbEntity
  8
0
100
AcDbText
 10
0.0
 20
-285.0
 30
0.0
 40
105.0
  1

  7
GYM
100
AcDbAttributeDefinition
  3
Guc (kW)
  2
GUC
 70
0
  0
ENDBLK
  5
11E
330
11C
100
AcDbEntity
  8
0
100
AcDbBlockEnd
  0
BLOCK
  5
126
330
125
100
AcDbEntity
  8
0
100
AcDbBlockBegin
  2
M_KLOZET
 70
2
 10
0.0
 20
0.0
 30
0.0
  3
M_KLOZET
  1

  0
ELLIPSE
  5
128
330
125
100
AcDbEntity
  8
0
100
AcDbEllipse
 10
0.0
 20
-40.0
 30
0.0
 11
160.0
 21
0.0
 31
0.0
 40
0.78
 41
0.0
 42
6.283185307179586
  0
LWPOLYLINE
  5
129
330
125
100
AcDbEntity
  8
0
100
AcDbPolyline
 90
4
 70
1
 10
-170.0
 20
150.0
 10
170.0
 20
150.0
 10
170.0
 20
260.0
 10
-170.0
 20
260.0
  0
ATTDEF
  5
12A
330
125
100
AcDbEntity
  8
0
100
AcDbText
 10
0.0
 20
330.0
 30
0.0
 40
120.0
  1

  7
GYM
100
AcDbAttributeDefinition
  3
Vitrifiye
  2
KOD
 70
0
  0
ENDBLK
  5
127
330
125
100
AcDbEntity
  8
0
100
AcDbBlockEnd
  0
BLOCK
  5
12C
330
12B
100
AcDbEntity
  8
0
100
AcDbBlockBegin
  2
M_LAVABO
 70
2
 10
0.0
 20
0.0
 30
0.0
  3
M_LAVABO
  1

  0
LWPOLYLINE
  5
12E
330
12B
100
AcDbEntity
  8
0
100
AcDbPolyline
 90
4
 70
1
 10
-230.0
 20
-140.0
 10
230.0
 20
-140.0
 10
230.0
 20
140.0
 10
-230.0
 20
140.0
  0
ELLIPSE
  5
12F
330
12B
100
AcDbEntity
  8
0
100
AcDbEllipse
 10
0.0
 20
0.0
 30
0.0
 11
170.0
 21
0.0
 31
0.0
 40
0.62
 41
0.0
 42
6.283185307179586
  0
ATTDEF
  5
130
330
12B
100
AcDbEntity
  8
0
100
AcDbText
 10
0.0
 20
210.0
 30
0.0
 40
120.0
  1

  7
GYM
100
AcDbAttributeDefinition
  3
Vitrifiye
  2
KOD
 70
0
  0
ENDBLK
  5
12D
330
12B
100
AcDbEntity
  8
0
100
AcDbBlockEnd
  0
BLOCK
  5
132
330
131
100
AcDbEntity
  8
0
100
AcDbBlockBegin
  2
M_DUS
 70
2
 10
0.0
 20
0.0
 30
0.0
  3
M_DUS
  1

  0
LWPOLYLINE
  5
134
330
131
100
AcDbEntity
  8
0
100
AcDbPolyline
 90
4
 70
1
 10
-450.0
 20
-450.0
 10
450.0
 20
-450.0
 10
450.0
 20
450.0
 10
-450.0
 20
450.0
  0
CIRCLE
  5
135
330
131
100
AcDbEntity
  8
0
100
AcDbCircle
 10
0.0
 20
0.0
 30
0.0
 40
80.0
  0
LINE
  5
136
330
131
100
AcDbEntity
  8
0
100
AcDbLine
 10
-450.0
 20
-450.0
 30
0.0
 11
450.0
 21
450.0
 31
0.0
  0
ATTDEF
  5
137
330
131
100
AcDbEntity
  8
0
100
AcDbText
 10
0.0
 20
530.0
 30
0.0
 40
120.0
  1

  7
GYM
100
AcDbAttributeDefinition
  3
Dus teknesi
  2
KOD
 70
0
  0
ENDBLK
  5
133
330
131
100
AcDbEntity
  8
0
100
AcDbBlockEnd
  0
BLOCK
  5
139
330
138
100
AcDbEntity
  8
0
100
AcDbBlockBegin
  2
M_SUZGEC
 70
0
 10
0.0
 20
0.0
 30
0.0
  3
M_SUZGEC
  1

  0
LWPOLYLINE
  5
13B
330
138
100
AcDbEntity
  8
0
100
AcDbPolyline
 90
4
 70
1
 10
-75.0
 20
-75.0
 10
75.0
 20
-75.0
 10
75.0
 20
75.0
 10
-75.0
 20
75.0
  0
CIRCLE
  5
13C
330
138
100
AcDbEntity
  8
0
100
AcDbCircle
 10
0.0
 20
0.0
 30
0.0
 40
42.0
  0
ENDBLK
  5
13A
330
138
100
AcDbEntity
  8
0
100
AcDbBlockEnd
  0
BLOCK
  5
13E
330
13D
100
AcDbEntity
  8
0
100
AcDbBlockBegin
  2
M_SAYAC
 70
2
 10
0.0
 20
0.0
 30
0.0
  3
M_SAYAC
  1

  0
CIRCLE
  5
140
330
13D
100
AcDbEntity
  8
0
100
AcDbCircle
 10
0.0
 20
0.0
 30
0.0
 40
130.0
  0
LINE
  5
141
330
13D
100
AcDbEntity
  8
0
100
AcDbLine
 10
-130.0
 20
0.0
 30
0.0
 11
130.0
 21
0.0
 31
0.0
  0
ATTDEF
  5
142
330
13D
100
AcDbEntity
  8
0
100
AcDbText
 10
0.0
 20
200.0
 30
0.0
 40
120.0
  1

  7
GYM
100
AcDbAttributeDefinition
  3
Sayac / ana kesme
  2
KOD
 70
0
  0
ENDBLK
  5
13F
330
13D
100
AcDbEntity
  8
0
100
AcDbBlockEnd
  0
BLOCK
  5
144
330
143
100
AcDbEntity
  8
0
100
AcDbBlockBegin
  2
E_ARMATUR_LINEER
 70
2
 10
0.0
 20
0.0
 30
0.0
  3
E_ARMATUR_LINEER
  1

  0
LWPOLYLINE
  5
146
330
143
100
AcDbEntity
  8
0
100
AcDbPolyline
 90
4
 70
1
 10
-600.0
 20
-55.0
 10
600.0
 20
-55.0
 10
600.0
 20
55.0
 10
-600.0
 20
55.0
  0
LINE
  5
147
330
143
100
AcDbEntity
  8
0
100
AcDbLine
 10
-600.0
 20
0.0
 30
0.0
 11
600.0
 21
0.0
 31
0.0
  0
ATTDEF
  5
148
330
143
100
AcDbEntity
  8
0
100
AcDbText
 10
0.0
 20
185.0
 30
0.0
 40
105.0
  1

  7
GYM
100
AcDbAttributeDefinition
  3
Linye kodu
  2
LINYE
 70
0
  0
ENDBLK
  5
145
330
143
100
AcDbEntity
  8
0
100
AcDbBlockEnd
  0
BLOCK
  5
14A
330
149
100
AcDbEntity
  8
0
100
AcDbBlockBegin
  2
E_DOWNLIGHT
 70
2
 10
0.0
 20
0.0
 30
0.0
  3
E_DOWNLIGHT
  1

  0
CIRCLE
  5
14C
330
149
100
AcDbEntity
  8
0
100
AcDbCircle
 10
0.0
 20
0.0
 30
0.0
 40
90.0
  0
LINE
  5
14D
330
149
100
AcDbEntity
  8
0
100
AcDbLine
 10
-64.0
 20
-64.0
 30
0.0
 11
64.0
 21
64.0
 31
0.0
  0
LINE
  5
14E
330
149
100
AcDbEntity
  8
0
100
AcDbLine
 10
-64.0
 20
64.0
 30
0.0
 11
64.0
 21
-64.0
 31
0.0
  0
ATTDEF
  5
14F
330
149
100
AcDbEntity
  8
0
100
AcDbText
 10
0.0
 20
210.0
 30
0.0
 40
105.0
  1

  7
GYM
100
AcDbAttributeDefinition
  3
Linye kodu
  2
LINYE
 70
0
  0
ENDBLK
  5
14B
330
149
100
AcDbEntity
  8
0
100
AcDbBlockEnd
  0
BLOCK
  5
151
330
150
100
AcDbEntity
  8
0
100
AcDbBlockBegin
  2
E_ACIL
 70
2
 10
0.0
 20
0.0
 30
0.0
  3
E_ACIL
  1

  0
LWPOLYLINE
  5
153
330
150
100
AcDbEntity
  8
0
100
AcDbPolyline
 90
4
 70
1
 10
-100.0
 20
-100.0
 10
100.0
 20
-100.0
 10
100.0
 20
100.0
 10
-100.0
 20
100.0
  0
TEXT
  5
154
330
150
100
AcDbEntity
  8
0
100
AcDbText
 10
0.0
 20
0.0
 30
0.0
 40
110.0
  1
E
  7
GYM-B
 72
1
 11
0.0
 21
0.0
 31
0.0
100
AcDbText
 73
2
  0
ATTDEF
  5
155
330
150
100
AcDbEntity
  8
0
100
AcDbText
 10
0.0
 20
230.0
 30
0.0
 40
105.0
  1

  7
GYM
100
AcDbAttributeDefinition
  3
Armatur kodu
  2
KOD
 70
0
  0
ENDBLK
  5
152
330
150
100
AcDbEntity
  8
0
100
AcDbBlockEnd
  0
BLOCK
  5
157
330
156
100
AcDbEntity
  8
0
100
AcDbBlockBegin
  2
E_YONLENDIRME
 70
2
 10
0.0
 20
0.0
 30
0.0
  3
E_YONLENDIRME
  1

  0
LWPOLYLINE
  5
159
330
156
100
AcDbEntity
  8
0
100
AcDbPolyline
 90
4
 70
1
 10
-130.0
 20
-80.0
 10
130.0
 20
-80.0
 10
130.0
 20
80.0
 10
-130.0
 20
80.0
  0
LWPOLYLINE
  5
15A
330
156
100
AcDbEntity
  8
0
100
AcDbPolyline
 90
2
 70
0
 10
-70.0
 20
0.0
 10
30.0
 20
0.0
  0
LWPOLYLINE
  5
15B
330
156
100
AcDbEntity
  8
0
100
AcDbPolyline
 90
3
 70
1
 10
30.0
 20
45.0
 10
80.0
 20
0.0
 10
30.0
 20
-45.0
  0
ATTDEF
  5
15C
330
156
100
AcDbEntity
  8
0
100
AcDbText
 10
0.0
 20
205.0
 30
0.0
 40
105.0
  1

  7
GYM
100
AcDbAttributeDefinition
  3
Armatur kodu
  2
KOD
 70
0
  0
ENDBLK
  5
158
330
156
100
AcDbEntity
  8
0
100
AcDbBlockEnd
  0
BLOCK
  5
15E
330
15D
100
AcDbEntity
  8
0
100
AcDbBlockBegin
  2
E_PRIZ
 70
2
 10
0.0
 20
0.0
 30
0.0
  3
E_PRIZ
  1

  0
ARC
  5
160
330
15D
100
AcDbEntity
  8
0
100
AcDbCircle
 10
0.0
 20
0.0
 30
0.0
 40
95.0
100
AcDbArc
 50
0.0
 51
180.0
  0
LINE
  5
161
330
15D
100
AcDbEntity
  8
0
100
AcDbLine
 10
-95.0
 20
0.0
 30
0.0
 11
95.0
 21
0.0
 31
0.0
  0
LINE
  5
162
330
15D
100
AcDbEntity
  8
0
100
AcDbLine
 10
0.0
 20
0.0
 30
0.0
 11
0.0
 21
150.0
 31
0.0
  0
LINE
  5
163
330
15D
100
AcDbEntity
  8
0
100
AcDbLine
 10
-60.0
 20
150.0
 30
0.0
 11
60.0
 21
150.0
 31
0.0
  0
ATTDEF
  5
164
330
15D
100
AcDbEntity
  8
0
100
AcDbText
 10
195.0
 20
80.0
 30
0.0
 40
105.0
  1

  7
GYM
100
AcDbAttributeDefinition
  3
Priz kodu
  2
KOD
 70
0
  0
ATTDEF
  5
165
330
15D
100
AcDbEntity
  8
0
100
AcDbText
 10
195.0
 20
-80.0
 30
0.0
 40
105.0
  1

  7
GYM
100
AcDbAttributeDefinition
  3
Linye
  2
LINYE
 70
0
  0
ENDBLK
  5
15F
330
15D
100
AcDbEntity
  8
0
100
AcDbBlockEnd
  0
BLOCK
  5
167
330
166
100
AcDbEntity
  8
0
100
AcDbBlockBegin
  2
E_PRIZ_IP44
 70
2
 10
0.0
 20
0.0
 30
0.0
  3
E_PRIZ_IP44
  1

  0
ARC
  5
169
330
166
100
AcDbEntity
  8
0
100
AcDbCircle
 10
0.0
 20
0.0
 30
0.0
 40
95.0
100
AcDbArc
 50
0.0
 51
180.0
  0
LINE
  5
16A
330
166
100
AcDbEntity
  8
0
100
AcDbLine
 10
-95.0
 20
0.0
 30
0.0
 11
95.0
 21
0.0
 31
0.0
  0
LINE
  5
16B
330
166
100
AcDbEntity
  8
0
100
AcDbLine
 10
0.0
 20
0.0
 30
0.0
 11
0.0
 21
150.0
 31
0.0
  0
LINE
  5
16C
330
166
100
AcDbEntity
  8
0
100
AcDbLine
 10
-60.0
 20
150.0
 30
0.0
 11
60.0
 21
150.0
 31
0.0
  0
TEXT
  5
16D
330
166
100
AcDbEntity
  8
0
100
AcDbText
 10
0.0
 20
-120.0
 30
0.0
 40
70.0
  1
IP44
  7
GYM
 72
1
 11
0.0
 21
-120.0
 31
0.0
100
AcDbText
 73
2
  0
ATTDEF
  5
16E
330
166
100
AcDbEntity
  8
0
100
AcDbText
 10
205.0
 20
80.0
 30
0.0
 40
105.0
  1

  7
GYM
100
AcDbAttributeDefinition
  3
Priz kodu
  2
KOD
 70
0
  0
ENDBLK
  5
168
330
166
100
AcDbEntity
  8
0
100
AcDbBlockEnd
  0
BLOCK
  5
170
330
16F
100
AcDbEntity
  8
0
100
AcDbBlockBegin
  2
E_ANAHTAR
 70
2
 10
0.0
 20
0.0
 30
0.0
  3
E_ANAHTAR
  1

  0
CIRCLE
  5
172
330
16F
100
AcDbEntity
  8
0
100
AcDbCircle
 10
0.0
 20
0.0
 30
0.0
 40
60.0
  0
LINE
  5
173
330
16F
100
AcDbEntity
  8
0
100
AcDbLine
 10
0.0
 20
0.0
 30
0.0
 11
130.0
 21
110.0
 31
0.0
  0
ATTDEF
  5
174
330
16F
100
AcDbEntity
  8
0
100
AcDbText
 10
0.0
 20
240.0
 30
0.0
 40
105.0
  1

  7
GYM
100
AcDbAttributeDefinition
  3
Anahtar kodu
  2
KOD
 70
0
  0
ENDBLK
  5
171
330
16F
100
AcDbEntity
  8
0
100
AcDbBlockEnd
  0
BLOCK
  5
176
330
175
100
AcDbEntity
  8
0
100
AcDbBlockBegin
  2
E_SENSOR
 70
2
 10
0.0
 20
0.0
 30
0.0
  3
E_SENSOR
  1

  0
CIRCLE
  5
178
330
175
100
AcDbEntity
  8
0
100
AcDbCircle
 10
0.0
 20
0.0
 30
0.0
 40
95.0
  0
TEXT
  5
179
330
175
100
AcDbEntity
  8
0
100
AcDbText
 10
0.0
 20
0.0
 30
0.0
 40
100.0
  1
S
  7
GYM-B
 72
1
 11
0.0
 21
0.0
 31
0.0
100
AcDbText
 73
2
  0
ATTDEF
  5
17A
330
175
100
AcDbEntity
  8
0
100
AcDbText
 10
0.0
 20
230.0
 30
0.0
 40
105.0
  1

  7
GYM
100
AcDbAttributeDefinition
  3
Sensor kodu
  2
KOD
 70
0
  0
ENDBLK
  5
177
330
175
100
AcDbEntity
  8
0
100
AcDbBlockEnd
  0
BLOCK
  5
17C
330
17B
100
AcDbEntity
  8
0
100
AcDbBlockBegin
  2
E_KAMERA
 70
2
 10
0.0
 20
0.0
 30
0.0
  3
E_KAMERA
  1

  0
LWPOLYLINE
  5
17E
330
17B
100
AcDbEntity
  8
0
100
AcDbPolyline
 90
3
 70
1
 10
-110.0
 20
-85.0
 10
110.0
 20
0.0
 10
-110.0
 20
85.0
  0
ATTDEF
  5
17F
330
17B
100
AcDbEntity
  8
0
100
AcDbText
 10
0.0
 20
210.0
 30
0.0
 40
105.0
  1

  7
GYM
100
AcDbAttributeDefinition
  3
Kamera kodu
  2
KOD
 70
0
  0
ENDBLK
  5
17D
330
17B
100
AcDbEntity
  8
0
100
AcDbBlockEnd
  0
BLOCK
  5
181
330
180
100
AcDbEntity
  8
0
100
AcDbBlockBegin
  2
E_HOPARLOR
 70
2
 10
0.0
 20
0.0
 30
0.0
  3
E_HOPARLOR
  1

  0
CIRCLE
  5
183
330
180
100
AcDbEntity
  8
0
100
AcDbCircle
 10
0.0
 20
0.0
 30
0.0
 40
95.0
  0
ARC
  5
184
330
180
100
AcDbEntity
  8
0
100
AcDbCircle
 10
0.0
 20
0.0
 30
0.0
 40
150.0
100
AcDbArc
 50
-45.0
 51
45.0
  0
ARC
  5
185
330
180
100
AcDbEntity
  8
0
100
AcDbCircle
 10
0.0
 20
0.0
 30
0.0
 40
200.0
100
AcDbArc
 50
-35.0
 51
35.0
  0
ATTDEF
  5
186
330
180
100
AcDbEntity
  8
0
100
AcDbText
 10
0.0
 20
330.0
 30
0.0
 40
105.0
  1

  7
GYM
100
AcDbAttributeDefinition
  3
Hoparlor kodu
  2
KOD
 70
0
  0
ENDBLK
  5
182
330
180
100
AcDbEntity
  8
0
100
AcDbBlockEnd
  0
BLOCK
  5
188
330
187
100
AcDbEntity
  8
0
100
AcDbBlockBegin
  2
E_VERI
 70
2
 10
0.0
 20
0.0
 30
0.0
  3
E_VERI
  1

  0
LWPOLYLINE
  5
18A
330
187
100
AcDbEntity
  8
0
100
AcDbPolyline
 90
4
 70
1
 10
-95.0
 20
-95.0
 10
95.0
 20
-95.0
 10
95.0
 20
95.0
 10
-95.0
 20
95.0
  0
TEXT
  5
18B
330
187
100
AcDbEntity
  8
0
100
AcDbText
 10
0.0
 20
0.0
 30
0.0
 40
105.0
  1
D
  7
GYM-B
 72
1
 11
0.0
 21
0.0
 31
0.0
100
AcDbText
 73
2
  0
ATTDEF
  5
18C
330
187
100
AcDbEntity
  8
0
100
AcDbText
 10
0.0
 20
230.0
 30
0.0
 40
105.0
  1

  7
GYM
100
AcDbAttributeDefinition
  3
Veri kodu
  2
KOD
 70
0
  0
ENDBLK
  5
189
330
187
100
AcDbEntity
  8
0
100
AcDbBlockEnd
  0
BLOCK
  5
18E
330
18D
100
AcDbEntity
  8
0
100
AcDbBlockBegin
  2
E_DEDEKTOR
 70
2
 10
0.0
 20
0.0
 30
0.0
  3
E_DEDEKTOR
  1

  0
CIRCLE
  5
190
330
18D
100
AcDbEntity
  8
0
100
AcDbCircle
 10
0.0
 20
0.0
 30
0.0
 40
110.0
  0
CIRCLE
  5
191
330
18D
100
AcDbEntity
  8
0
100
AcDbCircle
 10
0.0
 20
0.0
 30
0.0
 40
40.0
  0
ATTDEF
  5
192
330
18D
100
AcDbEntity
  8
0
100
AcDbText
 10
0.0
 20
240.0
 30
0.0
 40
105.0
  1

  7
GYM
100
AcDbAttributeDefinition
  3
Dedektor kodu
  2
KOD
 70
0
  0
ENDBLK
  5
18F
330
18D
100
AcDbEntity
  8
0
100
AcDbBlockEnd
  0
BLOCK
  5
194
330
193
100
AcDbEntity
  8
0
100
AcDbBlockBegin
  2
E_YANGIN_BUTON
 70
2
 10
0.0
 20
0.0
 30
0.0
  3
E_YANGIN_BUTON
  1

  0
LWPOLYLINE
  5
196
330
193
100
AcDbEntity
  8
0
100
AcDbPolyline
 90
4
 70
1
 10
-95.0
 20
-95.0
 10
95.0
 20
-95.0
 10
95.0
 20
95.0
 10
-95.0
 20
95.0
  0
TEXT
  5
197
330
193
100
AcDbEntity
  8
0
100
AcDbText
 10
0.0
 20
0.0
 30
0.0
 40
105.0
  1
Y
  7
GYM-B
 72
1
 11
0.0
 21
0.0
 31
0.0
100
AcDbText
 73
2
  0
ATTDEF
  5
198
330
193
100
AcDbEntity
  8
0
100
AcDbText
 10
0.0
 20
230.0
 30
0.0
 40
105.0
  1

  7
GYM
100
AcDbAttributeDefinition
  3
Buton kodu
  2
KOD
 70
0
  0
ENDBLK
  5
195
330
193
100
AcDbEntity
  8
0
100
AcDbBlockEnd
  0
BLOCK
  5
19A
330
199
100
AcDbEntity
  8
0
100
AcDbBlockBegin
  2
E_PANO
 70
2
 10
0.0
 20
0.0
 30
0.0
  3
E_PANO
  1

  0
LWPOLYLINE
  5
19C
330
199
100
AcDbEntity
  8
0
100
AcDbPolyline
 90
4
 70
1
 10
-420.0
 20
-280.0
 10
420.0
 20
-280.0
 10
420.0
 20
280.0
 10
-420.0
 20
280.0
  0
LINE
  5
19D
330
199
100
AcDbEntity
  8
0
100
AcDbLine
 10
-330.0
 20
-280.0
 30
0.0
 11
-330.0
 21
280.0
 31
0.0
  0
LINE
  5
19E
330
199
100
AcDbEntity
  8
0
100
AcDbLine
 10
-220.0
 20
-280.0
 30
0.0
 11
-220.0
 21
280.0
 31
0.0
  0
LINE
  5
19F
330
199
100
AcDbEntity
  8
0
100
AcDbLine
 10
-110.0
 20
-280.0
 30
0.0
 11
-110.0
 21
280.0
 31
0.0
  0
LINE
  5
1A0
330
199
100
AcDbEntity
  8
0
100
AcDbLine
 10
0.0
 20
-280.0
 30
0.0
 11
0.0
 21
280.0
 31
0.0
  0
LINE
  5
1A1
330
199
100
AcDbEntity
  8
0
100
AcDbLine
 10
110.0
 20
-280.0
 30
0.0
 11
110.0
 21
280.0
 31
0.0
  0
LINE
  5
1A2
330
199
100
AcDbEntity
  8
0
100
AcDbLine
 10
220.0
 20
-280.0
 30
0.0
 11
220.0
 21
280.0
 31
0.0
  0
LINE
  5
1A3
330
199
100
AcDbEntity
  8
0
100
AcDbLine
 10
330.0
 20
-280.0
 30
0.0
 11
330.0
 21
280.0
 31
0.0
  0
ATTDEF
  5
1A4
330
199
100
AcDbEntity
  8
0
100
AcDbText
 10
0.0
 20
380.0
 30
0.0
 40
120.0
  1

  7
GYM
100
AcDbAttributeDefinition
  3
Pano kodu
  2
KOD
 70
0
  0
ATTDEF
  5
1A5
330
199
100
AcDbEntity
  8
0
100
AcDbText
 10
0.0
 20
-470.0
 30
0.0
 40
105.0
  1

  7
GYM
100
AcDbAttributeDefinition
  3
Pano tanimi
  2
TANIM
 70
0
  0
ENDBLK
  5
19B
330
199
100
AcDbEntity
  8
0
100
AcDbBlockEnd
  0
BLOCK
  5
1A7
330
1A6
100
AcDbEntity
  8
0
100
AcDbBlockBegin
  2
G_KUZEY
 70
0
 10
0.0
 20
0.0
 30
0.0
  3
G_KUZEY
  1

  0
CIRCLE
  5
1A9
330
1A6
100
AcDbEntity
  8
0
100
AcDbCircle
 10
0.0
 20
0.0
 30
0.0
 40
700.0
  0
LWPOLYLINE
  5
1AA
330
1A6
100
AcDbEntity
  8
0
100
AcDbPolyline
 90
4
 70
1
 10
0.0
 20
560.0
 10
-230.0
 20
-330.0
 10
0.0
 20
-140.0
 10
230.0
 20
-330.0
  0
TEXT
  5
1AB
330
1A6
100
AcDbEntity
  8
0
100
AcDbText
 10
0.0
 20
-960.0
 30
0.0
 40
260.0
  1
K
  7
GYM-B
 72
1
 11
0.0
 21
-960.0
 31
0.0
100
AcDbText
 73
2
  0
ENDBLK
  5
1A8
330
1A6
100
AcDbEntity
  8
0
100
AcDbBlockEnd
  0
BLOCK
  5
1AD
330
1AC
100
AcDbEntity
  8
0
100
AcDbBlockBegin
  2
ANTET_A3
 70
2
 10
0.0
 20
0.0
 30
0.0
  3
ANTET_A3
  1

  0
LWPOLYLINE
  5
1AF
330
1AC
100
AcDbEntity
  8
0
100
AcDbPolyline
 90
4
 70
1
 10
0.0
 20
0.0
 10
170.0
 20
0.0
 10
170.0
 20
92.0
 10
0.0
 20
92.0
  0
LINE
  5
1B0
330
1AC
100
AcDbEntity
  8
0
100
AcDbLine
 10
0.0
 20
12.0
 30
0.0
 11
170.0
 21
12.0
 31
0.0
  0
LINE
  5
1B1
330
1AC
100
AcDbEntity
  8
0
100
AcDbLine
 10
0.0
 20
24.0
 30
0.0
 11
170.0
 21
24.0
 31
0.0
  0
LINE
  5
1B2
330
1AC
100
AcDbEntity
  8
0
100
AcDbLine
 10
0.0
 20
36.0
 30
0.0
 11
170.0
 21
36.0
 31
0.0
  0
LINE
  5
1B3
330
1AC
100
AcDbEntity
  8
0
100
AcDbLine
 10
0.0
 20
48.0
 30
0.0
 11
170.0
 21
48.0
 31
0.0
  0
LINE
  5
1B4
330
1AC
100
AcDbEntity
  8
0
100
AcDbLine
 10
0.0
 20
62.0
 30
0.0
 11
170.0
 21
62.0
 31
0.0
  0
LINE
  5
1B5
330
1AC
100
AcDbEntity
  8
0
100
AcDbLine
 10
0.0
 20
74.0
 30
0.0
 11
170.0
 21
74.0
 31
0.0
  0
LINE
  5
1B6
330
1AC
100
AcDbEntity
  8
0
100
AcDbLine
 10
52.0
 20
0.0
 30
0.0
 11
52.0
 21
62.0
 31
0.0
  0
TEXT
  5
1B7
330
1AC
100
AcDbEntity
  8
0
100
AcDbText
 10
2.0
 20
87.5
 30
0.0
 40
2.2
  1
PROJE
  7
GYM
 11
2.0
 21
87.5
 31
0.0
100
AcDbText
 73
2
  0
TEXT
  5
1B8
330
1AC
100
AcDbEntity
  8
0
100
AcDbText
 10
2.0
 20
70.5
 30
0.0
 40
2.2
  1
DİSİPLİN
  7
GYM
 11
2.0
 21
70.5
 31
0.0
100
AcDbText
 73
2
  0
TEXT
  5
1B9
330
1AC
100
AcDbEntity
  8
0
100
AcDbText
 10
2.0
 20
58.5
 30
0.0
 40
2.2
  1
PAFTA ADI
  7
GYM
 11
2.0
 21
58.5
 31
0.0
100
AcDbText
 73
2
  0
TEXT
  5
1BA
330
1AC
100
AcDbEntity
  8
0
100
AcDbText
 10
2.0
 20
46.5
 30
0.0
 40
2.2
  1
PAFTA NO
  7
GYM
 11
2.0
 21
46.5
 31
0.0
100
AcDbText
 73
2
  0
TEXT
  5
1BB
330
1AC
100
AcDbEntity
  8
0
100
AcDbText
 10
54.0
 20
46.5
 30
0.0
 40
2.2
  1
ÖLÇEK
  7
GYM
 11
54.0
 21
46.5
 31
0.0
100
AcDbText
 73
2
  0
TEXT
  5
1BC
330
1AC
100
AcDbEntity
  8
0
100
AcDbText
 10
2.0
 20
34.5
 30
0.0
 40
2.2
  1
TARİH
  7
GYM
 11
2.0
 21
34.5
 31
0.0
100
AcDbText
 73
2
  0
TEXT
  5
1BD
330
1AC
100
AcDbEntity
  8
0
100
AcDbText
 10
54.0
 20
34.5
 30
0.0
 40
2.2
  1
REVİZYON
  7
GYM
 11
54.0
 21
34.5
 31
0.0
100
AcDbText
 73
2
  0
TEXT
  5
1BE
330
1AC
100
AcDbEntity
  8
0
100
AcDbText
 10
2.0
 20
22.5
 30
0.0
 40
2.2
  1
BİRİM
  7
GYM
 11
2.0
 21
22.5
 31
0.0
100
AcDbText
 73
2
  0
TEXT
  5
1BF
330
1AC
100
AcDbEntity
  8
0
100
AcDbText
 10
54.0
 20
22.5
 30
0.0
 40
2.2
  1
DURUM
  7
GYM
 11
54.0
 21
22.5
 31
0.0
100
AcDbText
 73
2
  0
ATTDEF
  5
1C0
330
1AC
100
AcDbEntity
  8
0
100
AcDbText
 10
2.0
 20
79.0
 30
0.0
 40
3.2
  1

  7
GYM-B
100
AcDbAttributeDefinition
  3
Proje adi
  2
PROJE
 70
0
  0
ATTDEF
  5
1C1
330
1AC
100
AcDbEntity
  8
0
100
AcDbText
 10
2.0
 20
65.5
 30
0.0
 40
3.4
  1

  7
GYM-B
100
AcDbAttributeDefinition
  3
Disiplin
  2
DISIPLIN
 70
0
  0
ATTDEF
  5
1C2
330
1AC
100
AcDbEntity
  8
0
100
AcDbText
 10
2.0
 20
53.5
 30
0.0
 40
3.4
  1

  7
GYM-B
100
AcDbAttributeDefinition
  3
Pafta adi
  2
PAFTA_ADI
 70
0
  0
ATTDEF
  5
1C3
330
1AC
100
AcDbEntity
  8
0
100
AcDbText
 10
2.0
 20
41.0
 30
0.0
 40
3.6
  1

  7
GYM-B
100
AcDbAttributeDefinition
  3
Pafta no
  2
PAFTA_NO
 70
0
  0
ATTDEF
  5
1C4
330
1AC
100
AcDbEntity
  8
0
100
AcDbText
 10
54.0
 20
41.5
 30
0.0
 40
3.4
  1

  7
GYM-B
100
AcDbAttributeDefinition
  3
Olcek
  2
OLCEK
 70
0
  0
ATTDEF
  5
1C5
330
1AC
100
AcDbEntity
  8
0
100
AcDbText
 10
2.0
 20
29.5
 30
0.0
 40
3.0
  1

  7
GYM
100
AcDbAttributeDefinition
  3
Tarih
  2
TARIH
 70
0
  0
ATTDEF
  5
1C6
330
1AC
100
AcDbEntity
  8
0
100
AcDbText
 10
54.0
 20
29.5
 30
0.0
 40
3.0
  1

  7
GYM
100
AcDbAttributeDefinition
  3
Revizyon
  2
REV
 70
0
  0
ATTDEF
  5
1C7
330
1AC
100
AcDbEntity
  8
0
100
AcDbText
 10
2.0
 20
17.5
 30
0.0
 40
3.0
  1

  7
GYM
100
AcDbAttributeDefinition
  3
Birim
  2
BIRIM
 70
0
  0
ATTDEF
  5
1C8
330
1AC
100
AcDbEntity
  8
0
100
AcDbText
 10
54.0
 20
17.5
 30
0.0
 40
3.0
  1

  7
GYM
100
AcDbAttributeDefinition
  3
Durum
  2
DURUM
 70
0
  0
ATTDEF
  5
1C9
330
1AC
100
AcDbEntity
  8
0
100
AcDbText
 10
2.0
 20
6.0
 30
0.0
 40
2.2
  1

  7
GYM
100
AcDbAttributeDefinition
  3
Alt not
  2
NOT
 70
0
  0
ENDBLK
  5
1AE
330
1AC
100
AcDbEntity
  8
0
100
AcDbBlockEnd
  0
BLOCK
  5
1CB
330
1CA
100
AcDbEntity
  8
0
100
AcDbBlockBegin
  2
*Paper_Space
 70
0
 10
0.0
 20
0.0
 30
0.0
  3
*Paper_Space
  1

  0
ENDBLK
  5
1CC
330
1CA
100
AcDbEntity
  8
0
100
AcDbBlockEnd
  0
ENDSEC
  0
SECTION
  2
ENTITIES
  0
VIEWPORT
  5
1CE
330
1CA
100
AcDbEntity
 67
1
  8
VIEWPORTS
100
AcDbViewport
 10
420.5
 20
297.0
 30
0.0
 40
925.1
 41
653.4000000000001
 68
1
 69
1
 12
420.5
 22
297.0
 13
0.0
 23
0.0
 14
10.0
 24
10.0
 15
10.0
 25
10.0
 16
0.0
 26
0.0
 36
1.0
 17
0.0
 27
0.0
 37
0.0
 42
50.0
 43
0.0
 44
0.0
 45
653.4000000000001
 50
0.0
 51
0.0
 72
100
 90
557088
  1

281
0
 71
0
 74
0
110
0.0
120
0.0
130
0.0
111
1.0
121
0.0
131
0.0
112
0.0
122
1.0
132
0.0
 79
0
146
0.0
282
0
  0
LWPOLYLINE
  5
1CF
330
1CA
100
AcDbEntity
 67
1
  8
G-CERCEVE
370
13
100
AcDbPolyline
 90
4
 70
1
 10
0.0
 20
0.0
 10
10.0
 20
0.0
 10
10.0
 20
10.0
 10
0.0
 20
10.0
  0
LWPOLYLINE
  5
1D0
330
1CA
100
AcDbEntity
 67
1
  8
G-CERCEVE
370
13
100
AcDbPolyline
 90
4
 70
1
 10
831.0
 20
0.0
 10
841.0
 20
0.0
 10
841.0
 20
10.0
 10
831.0
 20
10.0
  0
LWPOLYLINE
  5
1D1
330
1CA
100
AcDbEntity
 67
1
  8
G-CERCEVE
370
13
100
AcDbPolyline
 90
4
 70
1
 10
831.0
 20
584.0
 10
841.0
 20
584.0
 10
841.0
 20
594.0
 10
831.0
 20
594.0
  0
LWPOLYLINE
  5
1D2
330
1CA
100
AcDbEntity
 67
1
  8
G-CERCEVE
370
13
100
AcDbPolyline
 90
4
 70
1
 10
0.0
 20
584.0
 10
10.0
 20
584.0
 10
10.0
 20
594.0
 10
0.0
 20
594.0
  0
LWPOLYLINE
  5
1D3
330
1CA
100
AcDbEntity
 67
1
  8
G-CERCEVE
370
70
100
AcDbPolyline
 90
4
 70
1
 10
20.0
 20
10.0
 10
831.0
 20
10.0
 10
831.0
 20
584.0
 10
20.0
 20
584.0
  0
LWPOLYLINE
  5
1D4
330
1CA
100
AcDbEntity
 67
1
  8
G-PAFTA-ZON
370
13
100
AcDbPolyline
 90
4
 70
1
 10
25.0
 20
15.0
 10
826.0
 20
15.0
 10
826.0
 20
579.0
 10
25.0
 20
579.0
  0
TEXT
  5
1D5
330
1CA
100
AcDbEntity
 67
1
  8
G-PAFTA-ZON
100
AcDbText
 10
50.03125
 20
12.5
 30
0.0
 40
3.5
  1
1
  7
GYM
 72
1
 11
50.03125
 21
12.5
 31
0.0
100
AcDbText
 73
2
  0
TEXT
  5
1D6
330
1CA
100
AcDbEntity
 67
1
  8
G-PAFTA-ZON
100
AcDbText
 10
50.03125
 20
581.5
 30
0.0
 40
3.5
  1
1
  7
GYM
 72
1
 11
50.03125
 21
581.5
 31
0.0
100
AcDbText
 73
2
  0
LINE
  5
1D7
330
1CA
100
AcDbEntity
 67
1
  8
G-PAFTA-ZON
370
13
100
AcDbLine
 10
75.0625
 20
10.0
 30
0.0
 11
75.0625
 21
15.0
 31
0.0
  0
LINE
  5
1D8
330
1CA
100
AcDbEntity
 67
1
  8
G-PAFTA-ZON
370
13
100
AcDbLine
 10
75.0625
 20
579.0
 30
0.0
 11
75.0625
 21
584.0
 31
0.0
  0
TEXT
  5
1D9
330
1CA
100
AcDbEntity
 67
1
  8
G-PAFTA-ZON
100
AcDbText
 10
100.09375
 20
12.5
 30
0.0
 40
3.5
  1
2
  7
GYM
 72
1
 11
100.09375
 21
12.5
 31
0.0
100
AcDbText
 73
2
  0
TEXT
  5
1DA
330
1CA
100
AcDbEntity
 67
1
  8
G-PAFTA-ZON
100
AcDbText
 10
100.09375
 20
581.5
 30
0.0
 40
3.5
  1
2
  7
GYM
 72
1
 11
100.09375
 21
581.5
 31
0.0
100
AcDbText
 73
2
  0
LINE
  5
1DB
330
1CA
100
AcDbEntity
 67
1
  8
G-PAFTA-ZON
370
13
100
AcDbLine
 10
125.125
 20
10.0
 30
0.0
 11
125.125
 21
15.0
 31
0.0
  0
LINE
  5
1DC
330
1CA
100
AcDbEntity
 67
1
  8
G-PAFTA-ZON
370
13
100
AcDbLine
 10
125.125
 20
579.0
 30
0.0
 11
125.125
 21
584.0
 31
0.0
  0
TEXT
  5
1DD
330
1CA
100
AcDbEntity
 67
1
  8
G-PAFTA-ZON
100
AcDbText
 10
150.15625
 20
12.5
 30
0.0
 40
3.5
  1
3
  7
GYM
 72
1
 11
150.15625
 21
12.5
 31
0.0
100
AcDbText
 73
2
  0
TEXT
  5
1DE
330
1CA
100
AcDbEntity
 67
1
  8
G-PAFTA-ZON
100
AcDbText
 10
150.15625
 20
581.5
 30
0.0
 40
3.5
  1
3
  7
GYM
 72
1
 11
150.15625
 21
581.5
 31
0.0
100
AcDbText
 73
2
  0
LINE
  5
1DF
330
1CA
100
AcDbEntity
 67
1
  8
G-PAFTA-ZON
370
13
100
AcDbLine
 10
175.1875
 20
10.0
 30
0.0
 11
175.1875
 21
15.0
 31
0.0
  0
LINE
  5
1E0
330
1CA
100
AcDbEntity
 67
1
  8
G-PAFTA-ZON
370
13
100
AcDbLine
 10
175.1875
 20
579.0
 30
0.0
 11
175.1875
 21
584.0
 31
0.0
  0
TEXT
  5
1E1
330
1CA
100
AcDbEntity
 67
1
  8
G-PAFTA-ZON
100
AcDbText
 10
200.21875
 20
12.5
 30
0.0
 40
3.5
  1
4
  7
GYM
 72
1
 11
200.21875
 21
12.5
 31
0.0
100
AcDbText
 73
2
  0
TEXT
  5
1E2
330
1CA
100
AcDbEntity
 67
1
  8
G-PAFTA-ZON
100
AcDbText
 10
200.21875
 20
581.5
 30
0.0
 40
3.5
  1
4
  7
GYM
 72
1
 11
200.21875
 21
581.5
 31
0.0
100
AcDbText
 73
2
  0
LINE
  5
1E3
330
1CA
100
AcDbEntity
 67
1
  8
G-PAFTA-ZON
370
13
100
AcDbLine
 10
225.25
 20
10.0
 30
0.0
 11
225.25
 21
15.0
 31
0.0
  0
LINE
  5
1E4
330
1CA
100
AcDbEntity
 67
1
  8
G-PAFTA-ZON
370
13
100
AcDbLine
 10
225.25
 20
579.0
 30
0.0
 11
225.25
 21
584.0
 31
0.0
  0
TEXT
  5
1E5
330
1CA
100
AcDbEntity
 67
1
  8
G-PAFTA-ZON
100
AcDbText
 10
250.28125
 20
12.5
 30
0.0
 40
3.5
  1
5
  7
GYM
 72
1
 11
250.28125
 21
12.5
 31
0.0
100
AcDbText
 73
2
  0
TEXT
  5
1E6
330
1CA
100
AcDbEntity
 67
1
  8
G-PAFTA-ZON
100
AcDbText
 10
250.28125
 20
581.5
 30
0.0
 40
3.5
  1
5
  7
GYM
 72
1
 11
250.28125
 21
581.5
 31
0.0
100
AcDbText
 73
2
  0
LINE
  5
1E7
330
1CA
100
AcDbEntity
 67
1
  8
G-PAFTA-ZON
370
13
100
AcDbLine
 10
275.3125
 20
10.0
 30
0.0
 11
275.3125
 21
15.0
 31
0.0
  0
LINE
  5
1E8
330
1CA
100
AcDbEntity
 67
1
  8
G-PAFTA-ZON
370
13
100
AcDbLine
 10
275.3125
 20
579.0
 30
0.0
 11
275.3125
 21
584.0
 31
0.0
  0
TEXT
  5
1E9
330
1CA
100
AcDbEntity
 67
1
  8
G-PAFTA-ZON
100
AcDbText
 10
300.34375
 20
12.5
 30
0.0
 40
3.5
  1
6
  7
GYM
 72
1
 11
300.34375
 21
12.5
 31
0.0
100
AcDbText
 73
2
  0
TEXT
  5
1EA
330
1CA
100
AcDbEntity
 67
1
  8
G-PAFTA-ZON
100
AcDbText
 10
300.34375
 20
581.5
 30
0.0
 40
3.5
  1
6
  7
GYM
 72
1
 11
300.34375
 21
581.5
 31
0.0
100
AcDbText
 73
2
  0
LINE
  5
1EB
330
1CA
100
AcDbEntity
 67
1
  8
G-PAFTA-ZON
370
13
100
AcDbLine
 10
325.375
 20
10.0
 30
0.0
 11
325.375
 21
15.0
 31
0.0
  0
LINE
  5
1EC
330
1CA
100
AcDbEntity
 67
1
  8
G-PAFTA-ZON
370
13
100
AcDbLine
 10
325.375
 20
579.0
 30
0.0
 11
325.375
 21
584.0
 31
0.0
  0
TEXT
  5
1ED
330
1CA
100
AcDbEntity
 67
1
  8
G-PAFTA-ZON
100
AcDbText
 10
350.40625
 20
12.5
 30
0.0
 40
3.5
  1
7
  7
GYM
 72
1
 11
350.40625
 21
12.5
 31
0.0
100
AcDbText
 73
2
  0
TEXT
  5
1EE
330
1CA
100
AcDbEntity
 67
1
  8
G-PAFTA-ZON
100
AcDbText
 10
350.40625
 20
581.5
 30
0.0
 40
3.5
  1
7
  7
GYM
 72
1
 11
350.40625
 21
581.5
 31
0.0
100
AcDbText
 73
2
  0
LINE
  5
1EF
330
1CA
100
AcDbEntity
 67
1
  8
G-PAFTA-ZON
370
13
100
AcDbLine
 10
375.4375
 20
10.0
 30
0.0
 11
375.4375
 21
15.0
 31
0.0
  0
LINE
  5
1F0
330
1CA
100
AcDbEntity
 67
1
  8
G-PAFTA-ZON
370
13
100
AcDbLine
 10
375.4375
 20
579.0
 30
0.0
 11
375.4375
 21
584.0
 31
0.0
  0
TEXT
  5
1F1
330
1CA
100
AcDbEntity
 67
1
  8
G-PAFTA-ZON
100
AcDbText
 10
400.46875
 20
12.5
 30
0.0
 40
3.5
  1
8
  7
GYM
 72
1
 11
400.46875
 21
12.5
 31
0.0
100
AcDbText
 73
2
  0
TEXT
  5
1F2
330
1CA
100
AcDbEntity
 67
1
  8
G-PAFTA-ZON
100
AcDbText
 10
400.46875
 20
581.5
 30
0.0
 40
3.5
  1
8
  7
GYM
 72
1
 11
400.46875
 21
581.5
 31
0.0
100
AcDbText
 73
2
  0
LINE
  5
1F3
330
1CA
100
AcDbEntity
 67
1
  8
G-PAFTA-ZON
370
13
100
AcDbLine
 10
425.5
 20
10.0
 30
0.0
 11
425.5
 21
15.0
 31
0.0
  0
LINE
  5
1F4
330
1CA
100
AcDbEntity
 67
1
  8
G-PAFTA-ZON
370
13
100
AcDbLine
 10
425.5
 20
579.0
 30
0.0
 11
425.5
 21
584.0
 31
0.0
  0
TEXT
  5
1F5
330
1CA
100
AcDbEntity
 67
1
  8
G-PAFTA-ZON
100
AcDbText
 10
450.53125
 20
12.5
 30
0.0
 40
3.5
  1
9
  7
GYM
 72
1
 11
450.53125
 21
12.5
 31
0.0
100
AcDbText
 73
2
  0
TEXT
  5
1F6
330
1CA
100
AcDbEntity
 67
1
  8
G-PAFTA-ZON
100
AcDbText
 10
450.53125
 20
581.5
 30
0.0
 40
3.5
  1
9
  7
GYM
 72
1
 11
450.53125
 21
581.5
 31
0.0
100
AcDbText
 73
2
  0
LINE
  5
1F7
330
1CA
100
AcDbEntity
 67
1
  8
G-PAFTA-ZON
370
13
100
AcDbLine
 10
475.5625
 20
10.0
 30
0.0
 11
475.5625
 21
15.0
 31
0.0
  0
LINE
  5
1F8
330
1CA
100
AcDbEntity
 67
1
  8
G-PAFTA-ZON
370
13
100
AcDbLine
 10
475.5625
 20
579.0
 30
0.0
 11
475.5625
 21
584.0
 31
0.0
  0
TEXT
  5
1F9
330
1CA
100
AcDbEntity
 67
1
  8
G-PAFTA-ZON
100
AcDbText
 10
500.59375
 20
12.5
 30
0.0
 40
3.5
  1
10
  7
GYM
 72
1
 11
500.59375
 21
12.5
 31
0.0
100
AcDbText
 73
2
  0
TEXT
  5
1FA
330
1CA
100
AcDbEntity
 67
1
  8
G-PAFTA-ZON
100
AcDbText
 10
500.59375
 20
581.5
 30
0.0
 40
3.5
  1
10
  7
GYM
 72
1
 11
500.59375
 21
581.5
 31
0.0
100
AcDbText
 73
2
  0
LINE
  5
1FB
330
1CA
100
AcDbEntity
 67
1
  8
G-PAFTA-ZON
370
13
100
AcDbLine
 10
525.625
 20
10.0
 30
0.0
 11
525.625
 21
15.0
 31
0.0
  0
LINE
  5
1FC
330
1CA
100
AcDbEntity
 67
1
  8
G-PAFTA-ZON
370
13
100
AcDbLine
 10
525.625
 20
579.0
 30
0.0
 11
525.625
 21
584.0
 31
0.0
  0
TEXT
  5
1FD
330
1CA
100
AcDbEntity
 67
1
  8
G-PAFTA-ZON
100
AcDbText
 10
550.65625
 20
12.5
 30
0.0
 40
3.5
  1
11
  7
GYM
 72
1
 11
550.65625
 21
12.5
 31
0.0
100
AcDbText
 73
2
  0
TEXT
  5
1FE
330
1CA
100
AcDbEntity
 67
1
  8
G-PAFTA-ZON
100
AcDbText
 10
550.65625
 20
581.5
 30
0.0
 40
3.5
  1
11
  7
GYM
 72
1
 11
550.65625
 21
581.5
 31
0.0
100
AcDbText
 73
2
  0
LINE
  5
1FF
330
1CA
100
AcDbEntity
 67
1
  8
G-PAFTA-ZON
370
13
100
AcDbLine
 10
575.6875
 20
10.0
 30
0.0
 11
575.6875
 21
15.0
 31
0.0
  0
LINE
  5
200
330
1CA
100
AcDbEntity
 67
1
  8
G-PAFTA-ZON
370
13
100
AcDbLine
 10
575.6875
 20
579.0
 30
0.0
 11
575.6875
 21
584.0
 31
0.0
  0
TEXT
  5
201
330
1CA
100
AcDbEntity
 67
1
  8
G-PAFTA-ZON
100
AcDbText
 10
600.71875
 20
12.5
 30
0.0
 40
3.5
  1
12
  7
GYM
 72
1
 11
600.71875
 21
12.5
 31
0.0
100
AcDbText
 73
2
  0
TEXT
  5
202
330
1CA
100
AcDbEntity
 67
1
  8
G-PAFTA-ZON
100
AcDbText
 10
600.71875
 20
581.5
 30
0.0
 40
3.5
  1
12
  7
GYM
 72
1
 11
600.71875
 21
581.5
 31
0.0
100
AcDbText
 73
2
  0
LINE
  5
203
330
1CA
100
AcDbEntity
 67
1
  8
G-PAFTA-ZON
370
13
100
AcDbLine
 10
625.75
 20
10.0
 30
0.0
 11
625.75
 21
15.0
 31
0.0
  0
LINE
  5
204
330
1CA
100
AcDbEntity
 67
1
  8
G-PAFTA-ZON
370
13
100
AcDbLine
 10
625.75
 20
579.0
 30
0.0
 11
625.75
 21
584.0
 31
0.0
  0
TEXT
  5
205
330
1CA
100
AcDbEntity
 67
1
  8
G-PAFTA-ZON
100
AcDbText
 10
650.78125
 20
12.5
 30
0.0
 40
3.5
  1
13
  7
GYM
 72
1
 11
650.78125
 21
12.5
 31
0.0
100
AcDbText
 73
2
  0
TEXT
  5
206
330
1CA
100
AcDbEntity
 67
1
  8
G-PAFTA-ZON
100
AcDbText
 10
650.78125
 20
581.5
 30
0.0
 40
3.5
  1
13
  7
GYM
 72
1
 11
650.78125
 21
581.5
 31
0.0
100
AcDbText
 73
2
  0
LINE
  5
207
330
1CA
100
AcDbEntity
 67
1
  8
G-PAFTA-ZON
370
13
100
AcDbLine
 10
675.8125
 20
10.0
 30
0.0
 11
675.8125
 21
15.0
 31
0.0
  0
LINE
  5
208
330
1CA
100
AcDbEntity
 67
1
  8
G-PAFTA-ZON
370
13
100
AcDbLine
 10
675.8125
 20
579.0
 30
0.0
 11
675.8125
 21
584.0
 31
0.0
  0
TEXT
  5
209
330
1CA
100
AcDbEntity
 67
1
  8
G-PAFTA-ZON
100
AcDbText
 10
700.84375
 20
12.5
 30
0.0
 40
3.5
  1
14
  7
GYM
 72
1
 11
700.84375
 21
12.5
 31
0.0
100
AcDbText
 73
2
  0
TEXT
  5
20A
330
1CA
100
AcDbEntity
 67
1
  8
G-PAFTA-ZON
100
AcDbText
 10
700.84375
 20
581.5
 30
0.0
 40
3.5
  1
14
  7
GYM
 72
1
 11
700.84375
 21
581.5
 31
0.0
100
AcDbText
 73
2
  0
LINE
  5
20B
330
1CA
100
AcDbEntity
 67
1
  8
G-PAFTA-ZON
370
13
100
AcDbLine
 10
725.875
 20
10.0
 30
0.0
 11
725.875
 21
15.0
 31
0.0
  0
LINE
  5
20C
330
1CA
100
AcDbEntity
 67
1
  8
G-PAFTA-ZON
370
13
100
AcDbLine
 10
725.875
 20
579.0
 30
0.0
 11
725.875
 21
584.0
 31
0.0
  0
TEXT
  5
20D
330
1CA
100
AcDbEntity
 67
1
  8
G-PAFTA-ZON
100
AcDbText
 10
750.90625
 20
12.5
 30
0.0
 40
3.5
  1
15
  7
GYM
 72
1
 11
750.90625
 21
12.5
 31
0.0
100
AcDbText
 73
2
  0
TEXT
  5
20E
330
1CA
100
AcDbEntity
 67
1
  8
G-PAFTA-ZON
100
AcDbText
 10
750.90625
 20
581.5
 30
0.0
 40
3.5
  1
15
  7
GYM
 72
1
 11
750.90625
 21
581.5
 31
0.0
100
AcDbText
 73
2
  0
LINE
  5
20F
330
1CA
100
AcDbEntity
 67
1
  8
G-PAFTA-ZON
370
13
100
AcDbLine
 10
775.9375
 20
10.0
 30
0.0
 11
775.9375
 21
15.0
 31
0.0
  0
LINE
  5
210
330
1CA
100
AcDbEntity
 67
1
  8
G-PAFTA-ZON
370
13
100
AcDbLine
 10
775.9375
 20
579.0
 30
0.0
 11
775.9375
 21
584.0
 31
0.0
  0
TEXT
  5
211
330
1CA
100
AcDbEntity
 67
1
  8
G-PAFTA-ZON
100
AcDbText
 10
800.96875
 20
12.5
 30
0.0
 40
3.5
  1
16
  7
GYM
 72
1
 11
800.96875
 21
12.5
 31
0.0
100
AcDbText
 73
2
  0
TEXT
  5
212
330
1CA
100
AcDbEntity
 67
1
  8
G-PAFTA-ZON
100
AcDbText
 10
800.96875
 20
581.5
 30
0.0
 40
3.5
  1
16
  7
GYM
 72
1
 11
800.96875
 21
581.5
 31
0.0
100
AcDbText
 73
2
  0
TEXT
  5
213
330
1CA
100
AcDbEntity
 67
1
  8
G-PAFTA-ZON
100
AcDbText
 10
22.5
 20
40.63636363636364
 30
0.0
 40
3.5
  1
A
  7
GYM
 72
1
 11
22.5
 21
40.63636363636364
 31
0.0
100
AcDbText
 73
2
  0
TEXT
  5
214
330
1CA
100
AcDbEntity
 67
1
  8
G-PAFTA-ZON
100
AcDbText
 10
828.5
 20
40.63636363636364
 30
0.0
 40
3.5
  1
A
  7
GYM
 72
1
 11
828.5
 21
40.63636363636364
 31
0.0
100
AcDbText
 73
2
  0
LINE
  5
215
330
1CA
100
AcDbEntity
 67
1
  8
G-PAFTA-ZON
370
13
100
AcDbLine
 10
20.0
 20
66.27272727272728
 30
0.0
 11
25.0
 21
66.27272727272728
 31
0.0
  0
LINE
  5
216
330
1CA
100
AcDbEntity
 67
1
  8
G-PAFTA-ZON
370
13
100
AcDbLine
 10
826.0
 20
66.27272727272728
 30
0.0
 11
831.0
 21
66.27272727272728
 31
0.0
  0
TEXT
  5
217
330
1CA
100
AcDbEntity
 67
1
  8
G-PAFTA-ZON
100
AcDbText
 10
22.5
 20
91.90909090909092
 30
0.0
 40
3.5
  1
B
  7
GYM
 72
1
 11
22.5
 21
91.90909090909092
 31
0.0
100
AcDbText
 73
2
  0
TEXT
  5
218
330
1CA
100
AcDbEntity
 67
1
  8
G-PAFTA-ZON
100
AcDbText
 10
828.5
 20
91.90909090909092
 30
0.0
 40
3.5
  1
B
  7
GYM
 72
1
 11
828.5
 21
91.90909090909092
 31
0.0
100
AcDbText
 73
2
  0
LINE
  5
219
330
1CA
100
AcDbEntity
 67
1
  8
G-PAFTA-ZON
370
13
100
AcDbLine
 10
20.0
 20
117.54545454545455
 30
0.0
 11
25.0
 21
117.54545454545455
 31
0.0
  0
LINE
  5
21A
330
1CA
100
AcDbEntity
 67
1
  8
G-PAFTA-ZON
370
13
100
AcDbLine
 10
826.0
 20
117.54545454545455
 30
0.0
 11
831.0
 21
117.54545454545455
 31
0.0
  0
TEXT
  5
21B
330
1CA
100
AcDbEntity
 67
1
  8
G-PAFTA-ZON
100
AcDbText
 10
22.5
 20
143.1818181818182
 30
0.0
 40
3.5
  1
C
  7
GYM
 72
1
 11
22.5
 21
143.1818181818182
 31
0.0
100
AcDbText
 73
2
  0
TEXT
  5
21C
330
1CA
100
AcDbEntity
 67
1
  8
G-PAFTA-ZON
100
AcDbText
 10
828.5
 20
143.1818181818182
 30
0.0
 40
3.5
  1
C
  7
GYM
 72
1
 11
828.5
 21
143.1818181818182
 31
0.0
100
AcDbText
 73
2
  0
LINE
  5
21D
330
1CA
100
AcDbEntity
 67
1
  8
G-PAFTA-ZON
370
13
100
AcDbLine
 10
20.0
 20
168.8181818181818
 30
0.0
 11
25.0
 21
168.8181818181818
 31
0.0
  0
LINE
  5
21E
330
1CA
100
AcDbEntity
 67
1
  8
G-PAFTA-ZON
370
13
100
AcDbLine
 10
826.0
 20
168.8181818181818
 30
0.0
 11
831.0
 21
168.8181818181818
 31
0.0
  0
TEXT
  5
21F
330
1CA
100
AcDbEntity
 67
1
  8
G-PAFTA-ZON
100
AcDbText
 10
22.5
 20
194.45454545454544
 30
0.0
 40
3.5
  1
D
  7
GYM
 72
1
 11
22.5
 21
194.45454545454544
 31
0.0
100
AcDbText
 73
2
  0
TEXT
  5
220
330
1CA
100
AcDbEntity
 67
1
  8
G-PAFTA-ZON
100
AcDbText
 10
828.5
 20
194.45454545454544
 30
0.0
 40
3.5
  1
D
  7
GYM
 72
1
 11
828.5
 21
194.45454545454544
 31
0.0
100
AcDbText
 73
2
  0
LINE
  5
221
330
1CA
100
AcDbEntity
 67
1
  8
G-PAFTA-ZON
370
13
100
AcDbLine
 10
20.0
 20
220.0909090909091
 30
0.0
 11
25.0
 21
220.0909090909091
 31
0.0
  0
LINE
  5
222
330
1CA
100
AcDbEntity
 67
1
  8
G-PAFTA-ZON
370
13
100
AcDbLine
 10
826.0
 20
220.0909090909091
 30
0.0
 11
831.0
 21
220.0909090909091
 31
0.0
  0
TEXT
  5
223
330
1CA
100
AcDbEntity
 67
1
  8
G-PAFTA-ZON
100
AcDbText
 10
22.5
 20
245.72727272727272
 30
0.0
 40
3.5
  1
E
  7
GYM
 72
1
 11
22.5
 21
245.72727272727272
 31
0.0
100
AcDbText
 73
2
  0
TEXT
  5
224
330
1CA
100
AcDbEntity
 67
1
  8
G-PAFTA-ZON
100
AcDbText
 10
828.5
 20
245.72727272727272
 30
0.0
 40
3.5
  1
E
  7
GYM
 72
1
 11
828.5
 21
245.72727272727272
 31
0.0
100
AcDbText
 73
2
  0
LINE
  5
225
330
1CA
100
AcDbEntity
 67
1
  8
G-PAFTA-ZON
370
13
100
AcDbLine
 10
20.0
 20
271.3636363636364
 30
0.0
 11
25.0
 21
271.3636363636364
 31
0.0
  0
LINE
  5
226
330
1CA
100
AcDbEntity
 67
1
  8
G-PAFTA-ZON
370
13
100
AcDbLine
 10
826.0
 20
271.3636363636364
 30
0.0
 11
831.0
 21
271.3636363636364
 31
0.0
  0
TEXT
  5
227
330
1CA
100
AcDbEntity
 67
1
  8
G-PAFTA-ZON
100
AcDbText
 10
22.5
 20
297.0
 30
0.0
 40
3.5
  1
F
  7
GYM
 72
1
 11
22.5
 21
297.0
 31
0.0
100
AcDbText
 73
2
  0
TEXT
  5
228
330
1CA
100
AcDbEntity
 67
1
  8
G-PAFTA-ZON
100
AcDbText
 10
828.5
 20
297.0
 30
0.0
 40
3.5
  1
F
  7
GYM
 72
1
 11
828.5
 21
297.0
 31
0.0
100
AcDbText
 73
2
  0
LINE
  5
229
330
1CA
100
AcDbEntity
 67
1
  8
G-PAFTA-ZON
370
13
100
AcDbLine
 10
20.0
 20
322.6363636363636
 30
0.0
 11
25.0
 21
322.6363636363636
 31
0.0
  0
LINE
  5
22A
330
1CA
100
AcDbEntity
 67
1
  8
G-PAFTA-ZON
370
13
100
AcDbLine
 10
826.0
 20
322.6363636363636
 30
0.0
 11
831.0
 21
322.6363636363636
 31
0.0
  0
TEXT
  5
22B
330
1CA
100
AcDbEntity
 67
1
  8
G-PAFTA-ZON
100
AcDbText
 10
22.5
 20
348.27272727272725
 30
0.0
 40
3.5
  1
G
  7
GYM
 72
1
 11
22.5
 21
348.27272727272725
 31
0.0
100
AcDbText
 73
2
  0
TEXT
  5
22C
330
1CA
100
AcDbEntity
 67
1
  8
G-PAFTA-ZON
100
AcDbText
 10
828.5
 20
348.27272727272725
 30
0.0
 40
3.5
  1
G
  7
GYM
 72
1
 11
828.5
 21
348.27272727272725
 31
0.0
100
AcDbText
 73
2
  0
LINE
  5
22D
330
1CA
100
AcDbEntity
 67
1
  8
G-PAFTA-ZON
370
13
100
AcDbLine
 10
20.0
 20
373.90909090909093
 30
0.0
 11
25.0
 21
373.90909090909093
 31
0.0
  0
LINE
  5
22E
330
1CA
100
AcDbEntity
 67
1
  8
G-PAFTA-ZON
370
13
100
AcDbLine
 10
826.0
 20
373.90909090909093
 30
0.0
 11
831.0
 21
373.90909090909093
 31
0.0
  0
TEXT
  5
22F
330
1CA
100
AcDbEntity
 67
1
  8
G-PAFTA-ZON
100
AcDbText
 10
22.5
 20
399.54545454545456
 30
0.0
 40
3.5
  1
H
  7
GYM
 72
1
 11
22.5
 21
399.54545454545456
 31
0.0
100
AcDbText
 73
2
  0
TEXT
  5
230
330
1CA
100
AcDbEntity
 67
1
  8
G-PAFTA-ZON
100
AcDbText
 10
828.5
 20
399.54545454545456
 30
0.0
 40
3.5
  1
H
  7
GYM
 72
1
 11
828.5
 21
399.54545454545456
 31
0.0
100
AcDbText
 73
2
  0
LINE
  5
231
330
1CA
100
AcDbEntity
 67
1
  8
G-PAFTA-ZON
370
13
100
AcDbLine
 10
20.0
 20
425.1818181818182
 30
0.0
 11
25.0
 21
425.1818181818182
 31
0.0
  0
LINE
  5
232
330
1CA
100
AcDbEntity
 67
1
  8
G-PAFTA-ZON
370
13
100
AcDbLine
 10
826.0
 20
425.1818181818182
 30
0.0
 11
831.0
 21
425.1818181818182
 31
0.0
  0
TEXT
  5
233
330
1CA
100
AcDbEntity
 67
1
  8
G-PAFTA-ZON
100
AcDbText
 10
22.5
 20
450.8181818181818
 30
0.0
 40
3.5
  1
J
  7
GYM
 72
1
 11
22.5
 21
450.8181818181818
 31
0.0
100
AcDbText
 73
2
  0
TEXT
  5
234
330
1CA
100
AcDbEntity
 67
1
  8
G-PAFTA-ZON
100
AcDbText
 10
828.5
 20
450.8181818181818
 30
0.0
 40
3.5
  1
J
  7
GYM
 72
1
 11
828.5
 21
450.8181818181818
 31
0.0
100
AcDbText
 73
2
  0
LINE
  5
235
330
1CA
100
AcDbEntity
 67
1
  8
G-PAFTA-ZON
370
13
100
AcDbLine
 10
20.0
 20
476.45454545454544
 30
0.0
 11
25.0
 21
476.45454545454544
 31
0.0
  0
LINE
  5
236
330
1CA
100
AcDbEntity
 67
1
  8
G-PAFTA-ZON
370
13
100
AcDbLine
 10
826.0
 20
476.45454545454544
 30
0.0
 11
831.0
 21
476.45454545454544
 31
0.0
  0
TEXT
  5
237
330
1CA
100
AcDbEntity
 67
1
  8
G-PAFTA-ZON
100
AcDbText
 10
22.5
 20
502.09090909090907
 30
0.0
 40
3.5
  1
K
  7
GYM
 72
1
 11
22.5
 21
502.09090909090907
 31
0.0
100
AcDbText
 73
2
  0
TEXT
  5
238
330
1CA
100
AcDbEntity
 67
1
  8
G-PAFTA-ZON
100
AcDbText
 10
828.5
 20
502.09090909090907
 30
0.0
 40
3.5
  1
K
  7
GYM
 72
1
 11
828.5
 21
502.09090909090907
 31
0.0
100
AcDbText
 73
2
  0
LINE
  5
239
330
1CA
100
AcDbEntity
 67
1
  8
G-PAFTA-ZON
370
13
100
AcDbLine
 10
20.0
 20
527.7272727272727
 30
0.0
 11
25.0
 21
527.7272727272727
 31
0.0
  0
LINE
  5
23A
330
1CA
100
AcDbEntity
 67
1
  8
G-PAFTA-ZON
370
13
100
AcDbLine
 10
826.0
 20
527.7272727272727
 30
0.0
 11
831.0
 21
527.7272727272727
 31
0.0
  0
TEXT
  5
23B
330
1CA
100
AcDbEntity
 67
1
  8
G-PAFTA-ZON
100
AcDbText
 10
22.5
 20
553.3636363636364
 30
0.0
 40
3.5
  1
L
  7
GYM
 72
1
 11
22.5
 21
553.3636363636364
 31
0.0
100
AcDbText
 73
2
  0
TEXT
  5
23C
330
1CA
100
AcDbEntity
 67
1
  8
G-PAFTA-ZON
100
AcDbText
 10
828.5
 20
553.3636363636364
 30
0.0
 40
3.5
  1
L
  7
GYM
 72
1
 11
828.5
 21
553.3636363636364
 31
0.0
100
AcDbText
 73
2
  0
LINE
  5
23D
330
1CA
100
AcDbEntity
 67
1
  8
G-CERCEVE
370
70
100
AcDbLine
 10
420.5
 20
0.0
 30
0.0
 11
420.5
 21
20.0
 31
0.0
  0
LINE
  5
23E
330
1CA
100
AcDbEntity
 67
1
  8
G-CERCEVE
370
70
100
AcDbLine
 10
420.5
 20
574.0
 30
0.0
 11
420.5
 21
594.0
 31
0.0
  0
LWPOLYLINE
  5
23F
330
1CA
100
AcDbEntity
 67
1
  8
G-CERCEVE
370
70
100
AcDbPolyline
 90
3
 70
1
 10
420.5
 20
593.0
 10
417.9
 20
586.0
 10
423.1
 20
586.0
  0
LINE
  5
240
330
1CA
100
AcDbEntity
 67
1
  8
G-CERCEVE
370
70
100
AcDbLine
 10
0.0
 20
297.0
 30
0.0
 11
30.0
 21
297.0
 31
0.0
  0
LINE
  5
241
330
1CA
100
AcDbEntity
 67
1
  8
G-CERCEVE
370
70
100
AcDbLine
 10
821.0
 20
297.0
 30
0.0
 11
841.0
 21
297.0
 31
0.0
  0
LWPOLYLINE
  5
242
330
1CA
100
AcDbEntity
 67
1
  8
G-CERCEVE
370
70
100
AcDbPolyline
 90
3
 70
1
 10
1.0
 20
297.0
 10
8.0
 20
294.4
 10
8.0
 20
299.6
  0
TEXT
  5
243
330
1CA
100
AcDbEntity
 67
1
  8
G-CERCEVE
100
AcDbText
 10
829.0
 20
5.0
 30
0.0
 40
2.5
  1
A1
  7
GYM
 72
2
 11
829.0
 21
5.0
 31
0.0
100
AcDbText
 73
2
  0
LWPOLYLINE
  5
244
330
1CA
100
AcDbEntity
 67
1
  8
G-CERCEVE
370
35
100
AcDbPolyline
 90
4
 70
1
 10
450.5
 20
2.0
 10
550.5
 20
2.0
 10
550.5
 20
6.0
 10
450.5
 20
6.0
  0
LINE
  5
245
330
1CA
100
AcDbEntity
 67
1
  8
G-CERCEVE
370
35
100
AcDbLine
 10
450.5
 20
2.0
 30
0.0
 11
450.5
 21
6.0
 31
0.0
  0
LINE
  5
246
330
1CA
100
AcDbEntity
 67
1
  8
G-CERCEVE
370
35
100
AcDbLine
 10
460.5
 20
2.0
 30
0.0
 11
460.5
 21
6.0
 31
0.0
  0
LINE
  5
247
330
1CA
100
AcDbEntity
 67
1
  8
G-CERCEVE
370
35
100
AcDbLine
 10
470.5
 20
2.0
 30
0.0
 11
470.5
 21
6.0
 31
0.0
  0
LINE
  5
248
330
1CA
100
AcDbEntity
 67
1
  8
G-CERCEVE
370
35
100
AcDbLine
 10
480.5
 20
2.0
 30
0.0
 11
480.5
 21
6.0
 31
0.0
  0
LINE
  5
249
330
1CA
100
AcDbEntity
 67
1
  8
G-CERCEVE
370
35
100
AcDbLine
 10
490.5
 20
2.0
 30
0.0
 11
490.5
 21
6.0
 31
0.0
  0
LINE
  5
24A
330
1CA
100
AcDbEntity
 67
1
  8
G-CERCEVE
370
35
100
AcDbLine
 10
500.5
 20
2.0
 30
0.0
 11
500.5
 21
6.0
 31
0.0
  0
LINE
  5
24B
330
1CA
100
AcDbEntity
 67
1
  8
G-CERCEVE
370
35
100
AcDbLine
 10
510.5
 20
2.0
 30
0.0
 11
510.5
 21
6.0
 31
0.0
  0
LINE
  5
24C
330
1CA
100
AcDbEntity
 67
1
  8
G-CERCEVE
370
35
100
AcDbLine
 10
520.5
 20
2.0
 30
0.0
 11
520.5
 21
6.0
 31
0.0
  0
LINE
  5
24D
330
1CA
100
AcDbEntity
 67
1
  8
G-CERCEVE
370
35
100
AcDbLine
 10
530.5
 20
2.0
 30
0.0
 11
530.5
 21
6.0
 31
0.0
  0
LINE
  5
24E
330
1CA
100
AcDbEntity
 67
1
  8
G-CERCEVE
370
35
100
AcDbLine
 10
540.5
 20
2.0
 30
0.0
 11
540.5
 21
6.0
 31
0.0
  0
LINE
  5
24F
330
1CA
100
AcDbEntity
 67
1
  8
G-CERCEVE
370
35
100
AcDbLine
 10
550.5
 20
2.0
 30
0.0
 11
550.5
 21
6.0
 31
0.0
  0
TEXT
  5
250
330
1CA
100
AcDbEntity
 67
1
  8
G-CERCEVE
100
AcDbText
 10
554.5
 20
4.0
 30
0.0
 40
1.8
  1
100 mm
  7
GYM
 11
554.5
 21
4.0
 31
0.0
100
AcDbText
 73
2
  0
LWPOLYLINE
  5
251
330
1CA
100
AcDbEntity
 67
1
  8
G-ANTET
370
100
100
AcDbPolyline
 90
4
 70
1
 10
651.0
 20
15.0
 10
831.0
 20
15.0
 10
831.0
 20
107.0
 10
651.0
 20
107.0
  0
LINE
  5
252
330
1CA
100
AcDbEntity
 67
1
  8
G-ANTET
370
35
100
AcDbLine
 10
651.0
 20
25.0
 30
0.0
 11
831.0
 21
25.0
 31
0.0
  0
LINE
  5
253
330
1CA
100
AcDbEntity
 67
1
  8
G-ANTET
370
35
100
AcDbLine
 10
651.0
 20
35.0
 30
0.0
 11
831.0
 21
35.0
 31
0.0
  0
LINE
  5
254
330
1CA
100
AcDbEntity
 67
1
  8
G-ANTET
370
35
100
AcDbLine
 10
651.0
 20
45.0
 30
0.0
 11
831.0
 21
45.0
 31
0.0
  0
LINE
  5
255
330
1CA
100
AcDbEntity
 67
1
  8
G-ANTET
370
35
100
AcDbLine
 10
651.0
 20
57.0
 30
0.0
 11
831.0
 21
57.0
 31
0.0
  0
LINE
  5
256
330
1CA
100
AcDbEntity
 67
1
  8
G-ANTET
370
35
100
AcDbLine
 10
651.0
 20
69.0
 30
0.0
 11
831.0
 21
69.0
 31
0.0
  0
LINE
  5
257
330
1CA
100
AcDbEntity
 67
1
  8
G-ANTET
370
35
100
AcDbLine
 10
651.0
 20
83.0
 30
0.0
 11
831.0
 21
83.0
 31
0.0
  0
LINE
  5
258
330
1CA
100
AcDbEntity
 67
1
  8
G-ANTET
370
35
100
AcDbLine
 10
711.0
 20
15.0
 30
0.0
 11
711.0
 21
45.0
 31
0.0
  0
LINE
  5
259
330
1CA
100
AcDbEntity
 67
1
  8
G-ANTET
370
35
100
AcDbLine
 10
771.0
 20
15.0
 30
0.0
 11
771.0
 21
45.0
 31
0.0
  0
LINE
  5
25A
330
1CA
100
AcDbEntity
 67
1
  8
G-ANTET
370
35
100
AcDbLine
 10
769.0
 20
45.0
 30
0.0
 11
769.0
 21
69.0
 31
0.0
  0
TEXT
  5
25B
330
1CA
100
AcDbEntity
 67
1
  8
G-ANTET
100
AcDbText
 10
652.6
 20
103.0
 30
0.0
 40
1.8
  1
İŞVEREN
  7
GYM
 11
652.6
 21
103.0
 31
0.0
100
AcDbText
 73
2
  0
TEXT
  5
25C
330
1CA
100
AcDbEntity
 67
1
  8
G-ANTET
100
AcDbText
 10
652.6
 20
98.0
 30
0.0
 40
2.5
  1
ÖZEL — MALTEPE / İDEALTEPE
  7
GYM
 11
652.6
 21
98.0
 31
0.0
100
AcDbText
 73
2
  0
TEXT
  5
25D
330
1CA
100
AcDbEntity
 67
1
  8
G-ANTET
100
AcDbText
 10
652.6
 20
93.0
 30
0.0
 40
1.8
  1
PROJE
  7
GYM
 11
652.6
 21
93.0
 31
0.0
100
AcDbText
 73
2
  0
TEXT
  5
25E
330
1CA
100
AcDbEntity
 67
1
  8
G-ANTET
100
AcDbText
 10
652.6
 20
87.2
 30
0.0
 40
3.5
  1
MOBİLYA MAĞAZASI → FONKSİYONEL ANTRENMAN STÜDYOSU
  7
GYM
 11
652.6
 21
87.2
 31
0.0
100
AcDbText
 73
2
  0
TEXT
  5
25F
330
1CA
100
AcDbEntity
 67
1
  8
G-ANTET
100
AcDbText
 10
652.6
 20
78.0
 30
0.0
 40
1.8
  1
YAPI / MAHAL
  7
GYM
 11
652.6
 21
78.0
 31
0.0
100
AcDbText
 73
2
  0
TEXT
  5
260
330
1CA
100
AcDbEntity
 67
1
  8
G-ANTET
100
AcDbText
 10
652.6
 20
72.0
 30
0.0
 40
2.5
  1
İdealtepe Mah. · zemin kat dükkân · 103,78 m² iç alan
  7
GYM
 11
652.6
 21
72.0
 31
0.0
100
AcDbText
 73
2
  0
TEXT
  5
261
330
1CA
100
AcDbEntity
 67
1
  8
G-ANTET
100
AcDbText
 10
771.4
 20
78.0
 30
0.0
 40
1.8
  1
DİSİPLİN
  7
GYM
 11
771.4
 21
78.0
 31
0.0
100
AcDbText
 73
2
  0
TEXT
  5
262
330
1CA
100
AcDbEntity
 67
1
  8
G-ANTET
100
AcDbText
 10
771.4
 20
72.0
 30
0.0
 40
2.5
  1
ELEKTRİK
  7
GYM
 11
771.4
 21
72.0
 31
0.0
100
AcDbText
 73
2
  0
LINE
  5
263
330
1CA
100
AcDbEntity
 67
1
  8
G-ANTET
370
35
100
AcDbLine
 10
769.0
 20
69.0
 30
0.0
 11
769.0
 21
83.0
 31
0.0
  0
TEXT
  5
264
330
1CA
100
AcDbEntity
 67
1
  8
G-ANTET
100
AcDbText
 10
652.6
 20
65.0
 30
0.0
 40
1.8
  1
PAFTA ADI
  7
GYM
 11
652.6
 21
65.0
 31
0.0
100
AcDbText
 73
2
  0
TEXT
  5
265
330
1CA
100
AcDbEntity
 67
1
  8
G-ANTET
100
AcDbText
 10
652.6
 20
59.8
 30
0.0
 40
3.5
  1
ADP TEK HAT ŞEMASI
  7
GYM
 11
652.6
 21
59.8
 31
0.0
100
AcDbText
 73
2
  0
TEXT
  5
266
330
1CA
100
AcDbEntity
 67
1
  8
G-ANTET
100
AcDbText
 10
771.4
 20
59.8
 30
0.0
 40
1.8
  1
ADP tek hat şeması
  7
GYM
 11
771.4
 21
59.8
 31
0.0
100
AcDbText
 73
2
  0
TEXT
  5
267
330
1CA
100
AcDbEntity
 67
1
  8
G-ANTET
100
AcDbText
 10
652.6
 20
53.0
 30
0.0
 40
1.8
  1
PROJE MÜELLİFİ · ODA SİCİL NO
  7
GYM
 11
652.6
 21
53.0
 31
0.0
100
AcDbText
 73
2
  0
TEXT
  5
268
330
1CA
100
AcDbEntity
 67
1
  8
G-ANTET
100
AcDbText
 10
652.6
 20
47.8
 30
0.0
 40
2.5
  1
—   Oda sicil no: —
  7
GYM
 11
652.6
 21
47.8
 31
0.0
100
AcDbText
 73
2
  0
TEXT
  5
269
330
1CA
100
AcDbEntity
 67
1
  8
G-ANTET
100
AcDbText
 10
652.6
 20
42.0
 30
0.0
 40
1.8
  1
ÇİZEN
  7
GYM
 11
652.6
 21
42.0
 31
0.0
100
AcDbText
 73
2
  0
TEXT
  5
26A
330
1CA
100
AcDbEntity
 67
1
  8
G-ANTET
100
AcDbText
 10
652.6
 20
37.6
 30
0.0
 40
2.5
  1
CC
  7
GYM
 11
652.6
 21
37.6
 31
0.0
100
AcDbText
 73
2
  0
TEXT
  5
26B
330
1CA
100
AcDbEntity
 67
1
  8
G-ANTET
100
AcDbText
 10
712.6
 20
42.0
 30
0.0
 40
1.8
  1
KONTROL
  7
GYM
 11
712.6
 21
42.0
 31
0.0
100
AcDbText
 73
2
  0
TEXT
  5
26C
330
1CA
100
AcDbEntity
 67
1
  8
G-ANTET
100
AcDbText
 10
712.6
 20
37.6
 30
0.0
 40
2.5
  1
—
  7
GYM
 11
712.6
 21
37.6
 31
0.0
100
AcDbText
 73
2
  0
TEXT
  5
26D
330
1CA
100
AcDbEntity
 67
1
  8
G-ANTET
100
AcDbText
 10
772.6
 20
42.0
 30
0.0
 40
1.8
  1
ONAY
  7
GYM
 11
772.6
 21
42.0
 31
0.0
100
AcDbText
 73
2
  0
TEXT
  5
26E
330
1CA
100
AcDbEntity
 67
1
  8
G-ANTET
100
AcDbText
 10
772.6
 20
37.6
 30
0.0
 40
2.5
  1
—
  7
GYM
 11
772.6
 21
37.6
 31
0.0
100
AcDbText
 73
2
  0
TEXT
  5
26F
330
1CA
100
AcDbEntity
 67
1
  8
G-ANTET
100
AcDbText
 10
652.6
 20
32.0
 30
0.0
 40
1.8
  1
TARİH
  7
GYM
 11
652.6
 21
32.0
 31
0.0
100
AcDbText
 73
2
  0
TEXT
  5
270
330
1CA
100
AcDbEntity
 67
1
  8
G-ANTET
100
AcDbText
 10
652.6
 20
27.6
 30
0.0
 40
2.5
  1
17 Eylül 2026
  7
GYM
 11
652.6
 21
27.6
 31
0.0
100
AcDbText
 73
2
  0
TEXT
  5
271
330
1CA
100
AcDbEntity
 67
1
  8
G-ANTET
100
AcDbText
 10
712.6
 20
32.0
 30
0.0
 40
1.8
  1
ÖLÇEK
  7
GYM
 11
712.6
 21
32.0
 31
0.0
100
AcDbText
 73
2
  0
TEXT
  5
272
330
1CA
100
AcDbEntity
 67
1
  8
G-ANTET
100
AcDbText
 10
712.6
 20
27.6
 30
0.0
 40
3.5
  1
ÖLÇEKSİZ
  7
GYM
 11
712.6
 21
27.6
 31
0.0
100
AcDbText
 73
2
  0
TEXT
  5
273
330
1CA
100
AcDbEntity
 67
1
  8
G-ANTET
100
AcDbText
 10
772.6
 20
32.0
 30
0.0
 40
1.8
  1
BİRİM
  7
GYM
 11
772.6
 21
32.0
 31
0.0
100
AcDbText
 73
2
  0
TEXT
  5
274
330
1CA
100
AcDbEntity
 67
1
  8
G-ANTET
100
AcDbText
 10
772.6
 20
27.6
 30
0.0
 40
2.5
  1
milimetre (mm)
  7
GYM
 11
772.6
 21
27.6
 31
0.0
100
AcDbText
 73
2
  0
TEXT
  5
275
330
1CA
100
AcDbEntity
 67
1
  8
G-ANTET
100
AcDbText
 10
652.6
 20
22.0
 30
0.0
 40
1.8
  1
DURUM
  7
GYM
 11
652.6
 21
22.0
 31
0.0
100
AcDbText
 73
2
  0
TEXT
  5
276
330
1CA
100
AcDbEntity
 67
1
  8
G-ANTET
100
AcDbText
 10
652.6
 20
17.6
 30
0.0
 40
2.5
  1
ÖN TASARIM
  7
GYM
 11
652.6
 21
17.6
 31
0.0
100
AcDbText
 73
2
  0
TEXT
  5
277
330
1CA
100
AcDbEntity
 67
1
  8
G-ANTET
100
AcDbText
 10
712.6
 20
22.0
 30
0.0
 40
1.8
  1
PAFTA NO
  7
GYM
 11
712.6
 21
22.0
 31
0.0
100
AcDbText
 73
2
  0
TEXT
  5
278
330
1CA
100
AcDbEntity
 67
1
  8
G-ANTET
100
AcDbText
 10
712.6
 20
17.6
 30
0.0
 40
5.0
  1
E-06
  7
GYM
 11
712.6
 21
17.6
 31
0.0
100
AcDbText
 73
2
  0
TEXT
  5
279
330
1CA
100
AcDbEntity
 67
1
  8
G-ANTET
100
AcDbText
 10
772.6
 20
22.0
 30
0.0
 40
1.8
  1
REV
  7
GYM
 11
772.6
 21
22.0
 31
0.0
100
AcDbText
 73
2
  0
TEXT
  5
27A
330
1CA
100
AcDbEntity
 67
1
  8
G-ANTET
100
AcDbText
 10
772.6
 20
17.6
 30
0.0
 40
5.0
  1
G
  7
GYM
 11
772.6
 21
17.6
 31
0.0
100
AcDbText
 73
2
  0
LWPOLYLINE
  5
27B
330
1CA
100
AcDbEntity
 67
1
  8
G-ANTET
370
50
100
AcDbPolyline
 90
4
 70
1
 10
651.0
 20
107.0
 10
831.0
 20
107.0
 10
831.0
 20
143.0
 10
651.0
 20
143.0
  0
LINE
  5
27C
330
1CA
100
AcDbEntity
 67
1
  8
G-ANTET
370
18
100
AcDbLine
 10
651.0
 20
107.0
 30
0.0
 11
831.0
 21
107.0
 31
0.0
  0
LINE
  5
27D
330
1CA
100
AcDbEntity
 67
1
  8
G-ANTET
370
18
100
AcDbLine
 10
651.0
 20
113.0
 30
0.0
 11
831.0
 21
113.0
 31
0.0
  0
LINE
  5
27E
330
1CA
100
AcDbEntity
 67
1
  8
G-ANTET
370
18
100
AcDbLine
 10
651.0
 20
119.0
 30
0.0
 11
831.0
 21
119.0
 31
0.0
  0
LINE
  5
27F
330
1CA
100
AcDbEntity
 67
1
  8
G-ANTET
370
18
100
AcDbLine
 10
651.0
 20
125.0
 30
0.0
 11
831.0
 21
125.0
 31
0.0
  0
LINE
  5
280
330
1CA
100
AcDbEntity
 67
1
  8
G-ANTET
370
18
100
AcDbLine
 10
651.0
 20
131.0
 30
0.0
 11
831.0
 21
131.0
 31
0.0
  0
LINE
  5
281
330
1CA
100
AcDbEntity
 67
1
  8
G-ANTET
370
18
100
AcDbLine
 10
651.0
 20
137.0
 30
0.0
 11
831.0
 21
137.0
 31
0.0
  0
LINE
  5
282
330
1CA
100
AcDbEntity
 67
1
  8
G-ANTET
370
18
100
AcDbLine
 10
663.0
 20
107.0
 30
0.0
 11
663.0
 21
143.0
 31
0.0
  0
LINE
  5
283
330
1CA
100
AcDbEntity
 67
1
  8
G-ANTET
370
18
100
AcDbLine
 10
687.0
 20
107.0
 30
0.0
 11
687.0
 21
143.0
 31
0.0
  0
LINE
  5
284
330
1CA
100
AcDbEntity
 67
1
  8
G-ANTET
370
18
100
AcDbLine
 10
777.0
 20
107.0
 30
0.0
 11
777.0
 21
143.0
 31
0.0
  0
LINE
  5
285
330
1CA
100
AcDbEntity
 67
1
  8
G-ANTET
370
18
100
AcDbLine
 10
795.0
 20
107.0
 30
0.0
 11
795.0
 21
143.0
 31
0.0
  0
LINE
  5
286
330
1CA
100
AcDbEntity
 67
1
  8
G-ANTET
370
18
100
AcDbLine
 10
813.0
 20
107.0
 30
0.0
 11
813.0
 21
143.0
 31
0.0
  0
TEXT
  5
287
330
1CA
100
AcDbEntity
 67
1
  8
G-ANTET
100
AcDbText
 10
652.2
 20
140.0
 30
0.0
 40
1.8
  1
REV
  7
GYM
 11
652.2
 21
140.0
 31
0.0
100
AcDbText
 73
2
  0
TEXT
  5
288
330
1CA
100
AcDbEntity
 67
1
  8
G-ANTET
100
AcDbText
 10
664.2
 20
140.0
 30
0.0
 40
1.8
  1
TARİH
  7
GYM
 11
664.2
 21
140.0
 31
0.0
100
AcDbText
 73
2
  0
TEXT
  5
289
330
1CA
100
AcDbEntity
 67
1
  8
G-ANTET
100
AcDbText
 10
688.2
 20
140.0
 30
0.0
 40
1.8
  1
AÇIKLAMA
  7
GYM
 11
688.2
 21
140.0
 31
0.0
100
AcDbText
 73
2
  0
TEXT
  5
28A
330
1CA
100
AcDbEntity
 67
1
  8
G-ANTET
100
AcDbText
 10
778.2
 20
140.0
 30
0.0
 40
1.8
  1
ÇZ
  7
GYM
 11
778.2
 21
140.0
 31
0.0
100
AcDbText
 73
2
  0
TEXT
  5
28B
330
1CA
100
AcDbEntity
 67
1
  8
G-ANTET
100
AcDbText
 10
796.2
 20
140.0
 30
0.0
 40
1.8
  1
KT
  7
GYM
 11
796.2
 21
140.0
 31
0.0
100
AcDbText
 73
2
  0
TEXT
  5
28C
330
1CA
100
AcDbEntity
 67
1
  8
G-ANTET
100
AcDbText
 10
814.2
 20
140.0
 30
0.0
 40
1.8
  1
ON
  7
GYM
 11
814.2
 21
140.0
 31
0.0
100
AcDbText
 73
2
  0
TEXT
  5
28D
330
1CA
100
AcDbEntity
 67
1
  8
G-ANTET
100
AcDbText
 10
652.2
 20
134.0
 30
0.0
 40
1.8
  1
A
  7
GYM
 11
652.2
 21
134.0
 31
0.0
100
AcDbText
 73
2
  0
TEXT
  5
28E
330
1CA
100
AcDbEntity
 67
1
  8
G-ANTET
100
AcDbText
 10
664.2
 20
134.0
 30
0.0
 40
1.8
  1
17.09.2026
  7
GYM
 11
664.2
 21
134.0
 31
0.0
100
AcDbText
 73
2
  0
TEXT
  5
28F
330
1CA
100
AcDbEntity
 67
1
  8
G-ANTET
100
AcDbText
 10
688.2
 20
134.0
 30
0.0
 40
1.8
  1
İlk yayın — ön tasarım
  7
GYM
 11
688.2
 21
134.0
 31
0.0
100
AcDbText
 73
2
  0
TEXT
  5
290
330
1CA
100
AcDbEntity
 67
1
  8
G-ANTET
100
AcDbText
 10
778.2
 20
134.0
 30
0.0
 40
1.8
  1
CC
  7
GYM
 11
778.2
 21
134.0
 31
0.0
100
AcDbText
 73
2
  0
TEXT
  5
291
330
1CA
100
AcDbEntity
 67
1
  8
G-ANTET
100
AcDbText
 10
796.2
 20
134.0
 30
0.0
 40
1.8
  1
—
  7
GYM
 11
796.2
 21
134.0
 31
0.0
100
AcDbText
 73
2
  0
TEXT
  5
292
330
1CA
100
AcDbEntity
 67
1
  8
G-ANTET
100
AcDbText
 10
814.2
 20
134.0
 30
0.0
 40
1.8
  1
—
  7
GYM
 11
814.2
 21
134.0
 31
0.0
100
AcDbText
 73
2
  0
TEXT
  5
293
330
1CA
100
AcDbEntity
 67
1
  8
G-ANTET
100
AcDbText
 10
652.2
 20
128.0
 30
0.0
 40
1.8
  1
B
  7
GYM
 11
652.2
 21
128.0
 31
0.0
100
AcDbText
 73
2
  0
TEXT
  5
294
330
1CA
100
AcDbEntity
 67
1
  8
G-ANTET
100
AcDbText
 10
664.2
 20
128.0
 30
0.0
 40
1.8
  1
18.09.2026
  7
GYM
 11
664.2
 21
128.0
 31
0.0
100
AcDbText
 73
2
  0
TEXT
  5
295
330
1CA
100
AcDbEntity
 67
1
  8
G-ANTET
100
AcDbText
 10
688.2
 20
128.0
 30
0.0
 40
1.8
  1
Aks sistemi, zincir ölçü, ISO 5457/7200 pafta
  7
GYM
 11
688.2
 21
128.0
 31
0.0
100
AcDbText
 73
2
  0
TEXT
  5
296
330
1CA
100
AcDbEntity
 67
1
  8
G-ANTET
100
AcDbText
 10
778.2
 20
128.0
 30
0.0
 40
1.8
  1
CC
  7
GYM
 11
778.2
 21
128.0
 31
0.0
100
AcDbText
 73
2
  0
TEXT
  5
297
330
1CA
100
AcDbEntity
 67
1
  8
G-ANTET
100
AcDbText
 10
796.2
 20
128.0
 30
0.0
 40
1.8
  1
—
  7
GYM
 11
796.2
 21
128.0
 31
0.0
100
AcDbText
 73
2
  0
TEXT
  5
298
330
1CA
100
AcDbEntity
 67
1
  8
G-ANTET
100
AcDbText
 10
814.2
 20
128.0
 30
0.0
 40
1.8
  1
—
  7
GYM
 11
814.2
 21
128.0
 31
0.0
100
AcDbText
 73
2
  0
TEXT
  5
299
330
1CA
100
AcDbEntity
 67
1
  8
G-ANTET
100
AcDbText
 10
652.2
 20
122.0
 30
0.0
 40
1.8
  1
C
  7
GYM
 11
652.2
 21
122.0
 31
0.0
100
AcDbText
 73
2
  0
TEXT
  5
29A
330
1CA
100
AcDbEntity
 67
1
  8
G-ANTET
100
AcDbText
 10
664.2
 20
122.0
 30
0.0
 40
1.8
  1
18.09.2026
  7
GYM
 11
664.2
 21
122.0
 31
0.0
100
AcDbText
 73
2
  0
TEXT
  5
29B
330
1CA
100
AcDbEntity
 67
1
  8
G-ANTET
100
AcDbText
 10
688.2
 20
122.0
 30
0.0
 40
1.8
  1
A1 pafta, tekil DXF, ADP tek hat şeması CAD'de
  7
GYM
 11
688.2
 21
122.0
 31
0.0
100
AcDbText
 73
2
  0
TEXT
  5
29C
330
1CA
100
AcDbEntity
 67
1
  8
G-ANTET
100
AcDbText
 10
778.2
 20
122.0
 30
0.0
 40
1.8
  1
CC
  7
GYM
 11
778.2
 21
122.0
 31
0.0
100
AcDbText
 73
2
  0
TEXT
  5
29D
330
1CA
100
AcDbEntity
 67
1
  8
G-ANTET
100
AcDbText
 10
796.2
 20
122.0
 30
0.0
 40
1.8
  1
—
  7
GYM
 11
796.2
 21
122.0
 31
0.0
100
AcDbText
 73
2
  0
TEXT
  5
29E
330
1CA
100
AcDbEntity
 67
1
  8
G-ANTET
100
AcDbText
 10
814.2
 20
122.0
 30
0.0
 40
1.8
  1
—
  7
GYM
 11
814.2
 21
122.0
 31
0.0
100
AcDbText
 73
2
  0
TEXT
  5
29F
330
1CA
100
AcDbEntity
 67
1
  8
E-TEKHAT-YAZI
100
AcDbText
 10
78.0
 20
566.0
 30
0.0
 40
7.0
  1
ADP — ANA DAĞITIM PANOSU · TEK HAT ŞEMASI
  7
GYM-B
 11
78.0
 21
566.0
 31
0.0
100
AcDbText
 73
2
  0
TEXT
  5
2A0
330
1CA
100
AcDbEntity
 67
1
  8
E-TEKHAT-YAZI
100
AcDbText
 10
78.0
 20
558.0
 30
0.0
 40
2.5
  1
IEC 60617 sembolleri · IEC 81346-2 referans işaretleri · ölçeksiz · TN-S sistem
  7
GYM
 11
78.0
 21
558.0
 31
0.0
100
AcDbText
 73
2
  0
TEXT
  5
2A1
330
1CA
100
AcDbEntity
 67
1
  8
E-TEKHAT-YAZI
100
AcDbText
 10
64.0
 20
556.5
 30
0.0
 40
2.5
  1
ŞEBEKE / SAYAÇ PANOSU
  7
GYM-B
 72
1
 11
64.0
 21
556.5
 31
0.0
100
AcDbText
 73
2
  0
LINE
  5
2A2
330
1CA
100
AcDbEntity
 67
1
  8
E-TEKHAT-TEL
370
35
100
AcDbLine
 10
64.0
 20
550.5
 30
0.0
 11
64.0
 21
548.0
 31
0.0
  0
CIRCLE
  5
2A3
330
1CA
100
AcDbEntity
 67
1
  8
E-TEKHAT-SEMBOL
370
35
100
AcDbCircle
 10
64.0
 20
538.0
 30
0.0
 40
6.0
  0
LINE
  5
2A4
330
1CA
100
AcDbEntity
 67
1
  8
E-TEKHAT-TEL
370
35
100
AcDbLine
 10
64.0
 20
528.0
 30
0.0
 11
64.0
 21
532.0
 31
0.0
  0
LINE
  5
2A5
330
1CA
100
AcDbEntity
 67
1
  8
E-TEKHAT-TEL
370
35
100
AcDbLine
 10
64.0
 20
544.0
 30
0.0
 11
64.0
 21
548.0
 31
0.0
  0
TEXT
  5
2A6
330
1CA
100
AcDbEntity
 67
1
  8
E-TEKHAT-SEMBOL
100
AcDbText
 10
64.0
 20
538.0
 30
0.0
 40
2.5
  1
kWh
  7
GYM
 72
1
 11
64.0
 21
538.0
 31
0.0
100
AcDbText
 73
2
  0
TEXT
  5
2A7
330
1CA
100
AcDbEntity
 67
1
  8
E-TEKHAT-YAZI
100
AcDbText
 10
72.0
 20
538.0
 30
0.0
 40
2.0
  1
-P1  3F kWh sayacı
  7
GYM
 11
72.0
 21
538.0
 31
0.0
100
AcDbText
 73
2
  0
LINE
  5
2A8
330
1CA
100
AcDbEntity
 67
1
  8
E-TEKHAT-TEL
370
35
100
AcDbLine
 10
64.0
 20
528.0
 30
0.0
 11
64.0
 21
514.0
 31
0.0
  0
LINE
  5
2A9
330
1CA
100
AcDbEntity
 67
1
  8
E-TEKHAT-SEMBOL
370
25
100
AcDbLine
 10
58.5
 20
515.5
 30
0.0
 11
63.5
 21
520.5
 31
0.0
  0
LINE
  5
2AA
330
1CA
100
AcDbEntity
 67
1
  8
E-TEKHAT-SEMBOL
370
25
100
AcDbLine
 10
60.0
 20
517.0
 30
0.0
 11
65.0
 21
522.0
 31
0.0
  0
LINE
  5
2AB
330
1CA
100
AcDbEntity
 67
1
  8
E-TEKHAT-SEMBOL
370
25
100
AcDbLine
 10
61.5
 20
518.5
 30
0.0
 11
66.5
 21
523.5
 31
0.0
  0
LINE
  5
2AC
330
1CA
100
AcDbEntity
 67
1
  8
E-TEKHAT-SEMBOL
370
25
100
AcDbLine
 10
63.0
 20
520.0
 30
0.0
 11
68.0
 21
525.0
 31
0.0
  0
LINE
  5
2AD
330
1CA
100
AcDbEntity
 67
1
  8
E-TEKHAT-SEMBOL
370
25
100
AcDbLine
 10
64.5
 20
521.5
 30
0.0
 11
69.5
 21
526.5
 31
0.0
  0
TEXT
  5
2AE
330
1CA
100
AcDbEntity
 67
1
  8
E-TEKHAT-YAZI
100
AcDbText
 10
70.0
 20
521.0
 30
0.0
 40
1.8
  1
NYY 5×10 mm² · 25 m · ΔU %0,52
 50
90.0
  7
GYM
 11
70.0
 21
521.0
 31
0.0
100
AcDbText
 73
2
  0
LINE
  5
2AF
330
1CA
100
AcDbEntity
 67
1
  8
E-TEKHAT-SEMBOL
370
35
100
AcDbLine
 10
56.5
 20
494.0
 30
0.0
 11
56.5
 21
499.0
 31
0.0
  0
HATCH
  5
2B0
330
1CA
100
AcDbEntity
 67
1
  8
E-TEKHAT-SEMBOL
 62
7
100
AcDbHatch
 10
0.0
 20
0.0
 30
0.0
210
0.0
220
0.0
230
1.0
  2
SOLID
 70
1
 71
0
 91
1
 92
1
 93
1
 72
2
 10
56.5
 20
499.0
 40
0.5
 50
0.0
 51
360.0
 73
1
 97
0
 75
0
 76
1
 98
0
  0
LINE
  5
2B1
330
1CA
100
AcDbEntity
 67
1
  8
E-TEKHAT-SEMBOL
370
35
100
AcDbLine
 10
56.5
 20
499.0
 30
0.0
 11
61.5
 21
507.66025403784437
 31
0.0
  0
LINE
  5
2B2
330
1CA
100
AcDbEntity
 67
1
  8
E-TEKHAT-SEMBOL
370
35
100
AcDbLine
 10
56.5
 20
509.0
 30
0.0
 11
56.5
 21
514.0
 31
0.0
  0
LINE
  5
2B3
330
1CA
100
AcDbEntity
 67
1
  8
E-TEKHAT-SEMBOL
370
35
100
AcDbLine
 10
53.5
 20
509.0
 30
0.0
 11
59.5
 21
509.0
 31
0.0
  0
LINE
  5
2B4
330
1CA
100
AcDbEntity
 67
1
  8
E-TEKHAT-SEMBOL
370
35
100
AcDbLine
 10
61.5
 20
494.0
 30
0.0
 11
61.5
 21
499.0
 31
0.0
  0
HATCH
  5
2B5
330
1CA
100
AcDbEntity
 67
1
  8
E-TEKHAT-SEMBOL
 62
7
100
AcDbHatch
 10
0.0
 20
0.0
 30
0.0
210
0.0
220
0.0
230
1.0
  2
SOLID
 70
1
 71
0
 91
1
 92
1
 93
1
 72
2
 10
61.5
 20
499.0
 40
0.5
 50
0.0
 51
360.0
 73
1
 97
0
 75
0
 76
1
 98
0
  0
LINE
  5
2B6
330
1CA
100
AcDbEntity
 67
1
  8
E-TEKHAT-SEMBOL
370
35
100
AcDbLine
 10
61.5
 20
499.0
 30
0.0
 11
66.5
 21
507.66025403784437
 31
0.0
  0
LINE
  5
2B7
330
1CA
100
AcDbEntity
 67
1
  8
E-TEKHAT-SEMBOL
370
35
100
AcDbLine
 10
61.5
 20
509.0
 30
0.0
 11
61.5
 21
514.0
 31
0.0
  0
LINE
  5
2B8
330
1CA
100
AcDbEntity
 67
1
  8
E-TEKHAT-SEMBOL
370
35
100
AcDbLine
 10
58.5
 20
509.0
 30
0.0
 11
64.5
 21
509.0
 31
0.0
  0
LINE
  5
2B9
330
1CA
100
AcDbEntity
 67
1
  8
E-TEKHAT-SEMBOL
370
35
100
AcDbLine
 10
66.5
 20
494.0
 30
0.0
 11
66.5
 21
499.0
 31
0.0
  0
HATCH
  5
2BA
330
1CA
100
AcDbEntity
 67
1
  8
E-TEKHAT-SEMBOL
 62
7
100
AcDbHatch
 10
0.0
 20
0.0
 30
0.0
210
0.0
220
0.0
230
1.0
  2
SOLID
 70
1
 71
0
 91
1
 92
1
 93
1
 72
2
 10
66.5
 20
499.0
 40
0.5
 50
0.0
 51
360.0
 73
1
 97
0
 75
0
 76
1
 98
0
  0
LINE
  5
2BB
330
1CA
100
AcDbEntity
 67
1
  8
E-TEKHAT-SEMBOL
370
35
100
AcDbLine
 10
66.5
 20
499.0
 30
0.0
 11
71.5
 21
507.66025403784437
 31
0.0
  0
LINE
  5
2BC
330
1CA
100
AcDbEntity
 67
1
  8
E-TEKHAT-SEMBOL
370
35
100
AcDbLine
 10
66.5
 20
509.0
 30
0.0
 11
66.5
 21
514.0
 31
0.0
  0
LINE
  5
2BD
330
1CA
100
AcDbEntity
 67
1
  8
E-TEKHAT-SEMBOL
370
35
100
AcDbLine
 10
63.5
 20
509.0
 30
0.0
 11
69.5
 21
509.0
 31
0.0
  0
LINE
  5
2BE
330
1CA
100
AcDbEntity
 67
1
  8
E-TEKHAT-SEMBOL
370
35
100
AcDbLine
 10
71.5
 20
494.0
 30
0.0
 11
71.5
 21
499.0
 31
0.0
  0
HATCH
  5
2BF
330
1CA
100
AcDbEntity
 67
1
  8
E-TEKHAT-SEMBOL
 62
7
100
AcDbHatch
 10
0.0
 20
0.0
 30
0.0
210
0.0
220
0.0
230
1.0
  2
SOLID
 70
1
 71
0
 91
1
 92
1
 93
1
 72
2
 10
71.5
 20
499.0
 40
0.5
 50
0.0
 51
360.0
 73
1
 97
0
 75
0
 76
1
 98
0
  0
LINE
  5
2C0
330
1CA
100
AcDbEntity
 67
1
  8
E-TEKHAT-SEMBOL
370
35
100
AcDbLine
 10
71.5
 20
499.0
 30
0.0
 11
76.5
 21
507.66025403784437
 31
0.0
  0
LINE
  5
2C1
330
1CA
100
AcDbEntity
 67
1
  8
E-TEKHAT-SEMBOL
370
35
100
AcDbLine
 10
71.5
 20
509.0
 30
0.0
 11
71.5
 21
514.0
 31
0.0
  0
LINE
  5
2C2
330
1CA
100
AcDbEntity
 67
1
  8
E-TEKHAT-SEMBOL
370
35
100
AcDbLine
 10
68.5
 20
509.0
 30
0.0
 11
74.5
 21
509.0
 31
0.0
  0
LWPOLYLINE
  5
2C3
330
1CA
100
AcDbEntity
 67
1
  8
E-TEKHAT-SEMBOL
  6
DASHED
370
25
100
AcDbPolyline
 90
2
 70
0
 10
56.5
 20
499.0
 10
71.5
 20
499.0
  0
TEXT
  5
2C4
330
1CA
100
AcDbEntity
 67
1
  8
E-TEKHAT-YAZI
100
AcDbText
 10
52.5
 20
504.0
 30
0.0
 40
2.5
  1
-Q1
  7
GYM-B
 72
2
 11
52.5
 21
504.0
 31
0.0
100
AcDbText
 73
2
  0
TEXT
  5
2C5
330
1CA
100
AcDbEntity
 67
1
  8
E-TEKHAT-YAZI
100
AcDbText
 10
81.5
 20
507.0
 30
0.0
 40
2.0
  1
ANA ŞALTER 4×32 A
  7
GYM
 11
81.5
 21
507.0
 31
0.0
100
AcDbText
 73
2
  0
TEXT
  5
2C6
330
1CA
100
AcDbEntity
 67
1
  8
E-TEKHAT-YAZI
100
AcDbText
 10
81.5
 20
500.5
 30
0.0
 40
2.0
  1
4×63 A / 300 mA, S tipi (seçicilik) — ana giriş
  7
GYM
 11
81.5
 21
500.5
 31
0.0
100
AcDbText
 73
2
  0
LINE
  5
2C7
330
1CA
100
AcDbEntity
 67
1
  8
E-TEKHAT-TEL
370
50
100
AcDbLine
 10
64.0
 20
494.0
 30
0.0
 11
64.0
 21
446.0
 31
0.0
  0
LINE
  5
2C8
330
1CA
100
AcDbEntity
 67
1
  8
E-TEKHAT-TEL
370
35
100
AcDbLine
 10
64.0
 20
466.0
 30
0.0
 11
94.0
 21
466.0
 31
0.0
  0
LINE
  5
2C9
330
1CA
100
AcDbEntity
 67
1
  8
E-TEKHAT-TEL
370
35
100
AcDbLine
 10
94.0
 20
466.0
 30
0.0
 11
94.0
 21
481.0
 31
0.0
  0
LWPOLYLINE
  5
2CA
330
1CA
100
AcDbEntity
 67
1
  8
E-TEKHAT-SEMBOL
370
35
100
AcDbPolyline
 90
4
 70
1
 10
90.0
 20
455.0
 10
98.0
 20
455.0
 10
98.0
 20
462.0
 10
90.0
 20
462.0
  0
LINE
  5
2CB
330
1CA
100
AcDbEntity
 67
1
  8
E-TEKHAT-TEL
370
35
100
AcDbLine
 10
94.0
 20
462.0
 30
0.0
 11
94.0
 21
466.0
 31
0.0
  0
LINE
  5
2CC
330
1CA
100
AcDbEntity
 67
1
  8
E-TEKHAT-TEL
370
35
100
AcDbLine
 10
94.0
 20
451.0
 30
0.0
 11
94.0
 21
455.0
 31
0.0
  0
LINE
  5
2CD
330
1CA
100
AcDbEntity
 67
1
  8
E-TEKHAT-SEMBOL
370
35
100
AcDbLine
 10
91.5
 20
456.5
 30
0.0
 11
96.5
 21
460.5
 31
0.0
  0
HATCH
  5
2CE
330
1CA
100
AcDbEntity
 67
1
  8
E-TEKHAT-SEMBOL
 62
7
100
AcDbHatch
 10
0.0
 20
0.0
 30
0.0
210
0.0
220
0.0
230
1.0
  2
SOLID
 70
1
 71
0
 91
1
 92
3
 72
0
 73
1
 93
3
 10
96.5
 20
460.5
 10
94.56454278129574
 20
459.9960105610575
 10
95.58344652375519
 20
458.7223808829832
 97
0
 75
0
 76
1
 98
0
  0
LINE
  5
2CF
330
1CA
100
AcDbEntity
 67
1
  8
E-TEKHAT-TEL
370
35
100
AcDbLine
 10
94.0
 20
451.0
 30
0.0
 11
94.0
 21
446.0
 31
0.0
  0
LINE
  5
2D0
330
1CA
100
AcDbEntity
 67
1
  8
E-TEKHAT-SEMBOL
370
35
100
AcDbLine
 10
89.0
 20
446.0
 30
0.0
 11
99.0
 21
446.0
 31
0.0
  0
LINE
  5
2D1
330
1CA
100
AcDbEntity
 67
1
  8
E-TEKHAT-SEMBOL
370
35
100
AcDbLine
 10
91.0
 20
444.0
 30
0.0
 11
97.0
 21
444.0
 31
0.0
  0
LINE
  5
2D2
330
1CA
100
AcDbEntity
 67
1
  8
E-TEKHAT-SEMBOL
370
35
100
AcDbLine
 10
92.5
 20
442.0
 30
0.0
 11
95.5
 21
442.0
 31
0.0
  0
TEXT
  5
2D3
330
1CA
100
AcDbEntity
 67
1
  8
E-TEKHAT-YAZI
100
AcDbText
 10
100.0
 20
458.5
 30
0.0
 40
2.0
  1
-F0  SPD Tip 2
  7
GYM
 11
100.0
 21
458.5
 31
0.0
100
AcDbText
 73
2
  0
TEXT
  5
2D4
330
1CA
100
AcDbEntity
 67
1
  8
E-TEKHAT-YAZI
100
AcDbText
 10
100.0
 20
453.5
 30
0.0
 40
1.8
  1
Up 1,4 kV · In 20 kA · Imax 40 kA
  7
GYM
 11
100.0
 21
453.5
 31
0.0
100
AcDbText
 73
2
  0
HATCH
  5
2D5
330
1CA
100
AcDbEntity
 67
1
  8
E-TEKHAT-BARA
 62
7
100
AcDbHatch
 10
0.0
 20
0.0
 30
0.0
210
0.0
220
0.0
230
1.0
  2
SOLID
 70
1
 71
0
 91
1
 92
1
 93
1
 72
2
 10
64.0
 20
466.0
 40
0.5
 50
0.0
 51
360.0
 73
1
 97
0
 75
0
 76
1
 98
0
  0
LWPOLYLINE
  5
2D6
330
1CA
100
AcDbEntity
 67
1
  8
E-TEKHAT-BARA
370
70
100
AcDbPolyline
 90
2
 70
0
 10
60.0
 20
446.0
 10
764.0
 20
446.0
  0
LWPOLYLINE
  5
2D7
330
1CA
100
AcDbEntity
 67
1
  8
E-TEKHAT-BARA
370
35
100
AcDbPolyline
 90
2
 70
0
 10
60.0
 20
440.0
 10
764.0
 20
440.0
  0
LWPOLYLINE
  5
2D8
330
1CA
100
AcDbEntity
 67
1
  8
E-TEKHAT-BARA
370
35
100
AcDbPolyline
 90
2
 70
0
 10
60.0
 20
434.0
 10
764.0
 20
434.0
  0
TEXT
  5
2D9
330
1CA
100
AcDbEntity
 67
1
  8
E-TEKHAT-YAZI
100
AcDbText
 10
58.0
 20
446.0
 30
0.0
 40
2.0
  1
L1·L2·L3
  7
GYM-B
 72
2
 11
58.0
 21
446.0
 31
0.0
100
AcDbText
 73
2
  0
TEXT
  5
2DA
330
1CA
100
AcDbEntity
 67
1
  8
E-TEKHAT-YAZI
100
AcDbText
 10
58.0
 20
440.0
 30
0.0
 40
2.0
  1
N
  7
GYM-B
 72
2
 11
58.0
 21
440.0
 31
0.0
100
AcDbText
 73
2
  0
TEXT
  5
2DB
330
1CA
100
AcDbEntity
 67
1
  8
E-TEKHAT-YAZI
100
AcDbText
 10
58.0
 20
434.0
 30
0.0
 40
2.0
  1
PE
  7
GYM-B
 72
2
 11
58.0
 21
434.0
 31
0.0
100
AcDbText
 73
2
  0
LINE
  5
2DC
330
1CA
100
AcDbEntity
 67
1
  8
E-TEKHAT-TEL
370
35
100
AcDbLine
 10
52.0
 20
434.0
 30
0.0
 11
52.0
 21
429.0
 31
0.0
  0
LINE
  5
2DD
330
1CA
100
AcDbEntity
 67
1
  8
E-TEKHAT-SEMBOL
370
35
100
AcDbLine
 10
47.0
 20
429.0
 30
0.0
 11
57.0
 21
429.0
 31
0.0
  0
LINE
  5
2DE
330
1CA
100
AcDbEntity
 67
1
  8
E-TEKHAT-SEMBOL
370
35
100
AcDbLine
 10
49.0
 20
427.0
 30
0.0
 11
55.0
 21
427.0
 31
0.0
  0
LINE
  5
2DF
330
1CA
100
AcDbEntity
 67
1
  8
E-TEKHAT-SEMBOL
370
35
100
AcDbLine
 10
50.5
 20
425.0
 30
0.0
 11
53.5
 21
425.0
 31
0.0
  0
CIRCLE
  5
2E0
330
1CA
100
AcDbEntity
 67
1
  8
E-TEKHAT-SEMBOL
370
25
100
AcDbCircle
 10
52.0
 20
427.0
 30
0.0
 40
6.5
  0
TEXT
  5
2E1
330
1CA
100
AcDbEntity
 67
1
  8
E-TEKHAT-YAZI
100
AcDbText
 10
762.0
 20
453.0
 30
0.0
 40
2.5
  1
ANA BARA  3L+N+PE  400/230 V  50 Hz  ·  Cu  ·  In 32 A  ·  Icu 6 kA
  7
GYM-B
 72
2
 11
762.0
 21
453.0
 31
0.0
100
AcDbText
 73
2
  0
LINE
  5
2E2
330
1CA
100
AcDbEntity
 67
1
  8
E-TEKHAT-TEL
370
35
100
AcDbLine
 10
143.0
 20
446.0
 30
0.0
 11
143.0
 21
426.0
 31
0.0
  0
HATCH
  5
2E3
330
1CA
100
AcDbEntity
 67
1
  8
E-TEKHAT-BARA
 62
7
100
AcDbHatch
 10
0.0
 20
0.0
 30
0.0
210
0.0
220
0.0
230
1.0
  2
SOLID
 70
1
 71
0
 91
1
 92
1
 93
1
 72
2
 10
143.0
 20
446.0
 40
0.5
 50
0.0
 51
360.0
 73
1
 97
0
 75
0
 76
1
 98
0
  0
LINE
  5
2E4
330
1CA
100
AcDbEntity
 67
1
  8
E-TEKHAT-SEMBOL
370
35
100
AcDbLine
 10
135.5
 20
406.0
 30
0.0
 11
135.5
 21
411.0
 31
0.0
  0
HATCH
  5
2E5
330
1CA
100
AcDbEntity
 67
1
  8
E-TEKHAT-SEMBOL
 62
7
100
AcDbHatch
 10
0.0
 20
0.0
 30
0.0
210
0.0
220
0.0
230
1.0
  2
SOLID
 70
1
 71
0
 91
1
 92
1
 93
1
 72
2
 10
135.5
 20
411.0
 40
0.5
 50
0.0
 51
360.0
 73
1
 97
0
 75
0
 76
1
 98
0
  0
LINE
  5
2E6
330
1CA
100
AcDbEntity
 67
1
  8
E-TEKHAT-SEMBOL
370
35
100
AcDbLine
 10
135.5
 20
411.0
 30
0.0
 11
140.5
 21
419.66025403784437
 31
0.0
  0
LINE
  5
2E7
330
1CA
100
AcDbEntity
 67
1
  8
E-TEKHAT-SEMBOL
370
35
100
AcDbLine
 10
135.5
 20
421.0
 30
0.0
 11
135.5
 21
426.0
 31
0.0
  0
LINE
  5
2E8
330
1CA
100
AcDbEntity
 67
1
  8
E-TEKHAT-SEMBOL
370
35
100
AcDbLine
 10
140.5
 20
406.0
 30
0.0
 11
140.5
 21
411.0
 31
0.0
  0
HATCH
  5
2E9
330
1CA
100
AcDbEntity
 67
1
  8
E-TEKHAT-SEMBOL
 62
7
100
AcDbHatch
 10
0.0
 20
0.0
 30
0.0
210
0.0
220
0.0
230
1.0
  2
SOLID
 70
1
 71
0
 91
1
 92
1
 93
1
 72
2
 10
140.5
 20
411.0
 40
0.5
 50
0.0
 51
360.0
 73
1
 97
0
 75
0
 76
1
 98
0
  0
LINE
  5
2EA
330
1CA
100
AcDbEntity
 67
1
  8
E-TEKHAT-SEMBOL
370
35
100
AcDbLine
 10
140.5
 20
411.0
 30
0.0
 11
145.5
 21
419.66025403784437
 31
0.0
  0
LINE
  5
2EB
330
1CA
100
AcDbEntity
 67
1
  8
E-TEKHAT-SEMBOL
370
35
100
AcDbLine
 10
140.5
 20
421.0
 30
0.0
 11
140.5
 21
426.0
 31
0.0
  0
LINE
  5
2EC
330
1CA
100
AcDbEntity
 67
1
  8
E-TEKHAT-SEMBOL
370
35
100
AcDbLine
 10
145.5
 20
406.0
 30
0.0
 11
145.5
 21
411.0
 31
0.0
  0
HATCH
  5
2ED
330
1CA
100
AcDbEntity
 67
1
  8
E-TEKHAT-SEMBOL
 62
7
100
AcDbHatch
 10
0.0
 20
0.0
 30
0.0
210
0.0
220
0.0
230
1.0
  2
SOLID
 70
1
 71
0
 91
1
 92
1
 93
1
 72
2
 10
145.5
 20
411.0
 40
0.5
 50
0.0
 51
360.0
 73
1
 97
0
 75
0
 76
1
 98
0
  0
LINE
  5
2EE
330
1CA
100
AcDbEntity
 67
1
  8
E-TEKHAT-SEMBOL
370
35
100
AcDbLine
 10
145.5
 20
411.0
 30
0.0
 11
150.5
 21
419.66025403784437
 31
0.0
  0
LINE
  5
2EF
330
1CA
100
AcDbEntity
 67
1
  8
E-TEKHAT-SEMBOL
370
35
100
AcDbLine
 10
145.5
 20
421.0
 30
0.0
 11
145.5
 21
426.0
 31
0.0
  0
LINE
  5
2F0
330
1CA
100
AcDbEntity
 67
1
  8
E-TEKHAT-SEMBOL
370
35
100
AcDbLine
 10
150.5
 20
406.0
 30
0.0
 11
150.5
 21
411.0
 31
0.0
  0
HATCH
  5
2F1
330
1CA
100
AcDbEntity
 67
1
  8
E-TEKHAT-SEMBOL
 62
7
100
AcDbHatch
 10
0.0
 20
0.0
 30
0.0
210
0.0
220
0.0
230
1.0
  2
SOLID
 70
1
 71
0
 91
1
 92
1
 93
1
 72
2
 10
150.5
 20
411.0
 40
0.5
 50
0.0
 51
360.0
 73
1
 97
0
 75
0
 76
1
 98
0
  0
LINE
  5
2F2
330
1CA
100
AcDbEntity
 67
1
  8
E-TEKHAT-SEMBOL
370
35
100
AcDbLine
 10
150.5
 20
411.0
 30
0.0
 11
155.5
 21
419.66025403784437
 31
0.0
  0
LINE
  5
2F3
330
1CA
100
AcDbEntity
 67
1
  8
E-TEKHAT-SEMBOL
370
35
100
AcDbLine
 10
150.5
 20
421.0
 30
0.0
 11
150.5
 21
426.0
 31
0.0
  0
LWPOLYLINE
  5
2F4
330
1CA
100
AcDbEntity
 67
1
  8
E-TEKHAT-SEMBOL
  6
DASHED
370
25
100
AcDbPolyline
 90
2
 70
0
 10
135.5
 20
411.0
 10
150.5
 20
411.0
  0
ELLIPSE
  5
2F5
330
1CA
100
AcDbEntity
 67
1
  8
E-TEKHAT-SEMBOL
370
35
100
AcDbEllipse
 10
143.0
 20
416.0
 30
0.0
 11
11.25
 21
0.0
 31
0.0
 40
0.26666666666666666
 41
0.0
 42
6.283185307179586
  0
LINE
  5
2F6
330
1CA
100
AcDbEntity
 67
1
  8
E-TEKHAT-SEMBOL
370
25
100
AcDbLine
 10
154.25
 20
416.0
 30
0.0
 11
160.25
 21
416.0
 31
0.0
  0
LWPOLYLINE
  5
2F7
330
1CA
100
AcDbEntity
 67
1
  8
E-TEKHAT-SEMBOL
370
35
100
AcDbPolyline
 90
4
 70
1
 10
160.25
 20
413.0
 10
168.25
 20
413.0
 10
168.25
 20
419.0
 10
160.25
 20
419.0
  0
TEXT
  5
2F8
330
1CA
100
AcDbEntity
 67
1
  8
E-TEKHAT-SEMBOL
100
AcDbText
 10
164.25
 20
416.0
 30
0.0
 40
2.0
  1
I∆n
  7
GYM
 72
1
 11
164.25
 21
416.0
 31
0.0
100
AcDbText
 73
2
  0
TEXT
  5
2F9
330
1CA
100
AcDbEntity
 67
1
  8
E-TEKHAT-YAZI
100
AcDbText
 10
128.0
 20
416.0
 30
0.0
 40
2.5
  1
-F1
  7
GYM-B
 72
2
 11
128.0
 21
416.0
 31
0.0
100
AcDbText
 73
2
  0
LINE
  5
2FA
330
1CA
100
AcDbEntity
 67
1
  8
E-TEKHAT-TEL
370
35
100
AcDbLine
 10
143.0
 20
406.0
 30
0.0
 11
143.0
 21
386.0
 31
0.0
  0
LWPOLYLINE
  5
2FB
330
1CA
100
AcDbEntity
 67
1
  8
E-TEKHAT-BARA
370
50
100
AcDbPolyline
 90
2
 70
0
 10
81.64
 20
386.0
 10
204.36
 20
386.0
  0
LWPOLYLINE
  5
2FC
330
1CA
100
AcDbEntity
 67
1
  8
E-TEKHAT-GRUP
370
25
100
AcDbPolyline
 90
4
 70
0
 10
80.08
 20
389.0
 10
80.08
 20
392.0
 10
205.92
 20
392.0
 10
205.92
 20
389.0
  0
TEXT
  5
2FD
330
1CA
100
AcDbEntity
 67
1
  8
E-TEKHAT-GRUP
100
AcDbText
 10
143.0
 20
395.0
 30
0.0
 40
2.0
  1
RCD-1  ·  4×40 A / 30 mA, A tipi
  7
GYM
 72
1
 11
143.0
 21
395.0
 31
0.0
100
AcDbText
 73
2
  0
LINE
  5
2FE
330
1CA
100
AcDbEntity
 67
1
  8
E-TEKHAT-TEL
370
35
100
AcDbLine
 10
286.0
 20
446.0
 30
0.0
 11
286.0
 21
426.0
 31
0.0
  0
HATCH
  5
2FF
330
1CA
100
AcDbEntity
 67
1
  8
E-TEKHAT-BARA
 62
7
100
AcDbHatch
 10
0.0
 20
0.0
 30
0.0
210
0.0
220
0.0
230
1.0
  2
SOLID
 70
1
 71
0
 91
1
 92
1
 93
1
 72
2
 10
286.0
 20
446.0
 40
0.5
 50
0.0
 51
360.0
 73
1
 97
0
 75
0
 76
1
 98
0
  0
LINE
  5
300
330
1CA
100
AcDbEntity
 67
1
  8
E-TEKHAT-SEMBOL
370
35
100
AcDbLine
 10
278.5
 20
406.0
 30
0.0
 11
278.5
 21
411.0
 31
0.0
  0
HATCH
  5
301
330
1CA
100
AcDbEntity
 67
1
  8
E-TEKHAT-SEMBOL
 62
7
100
AcDbHatch
 10
0.0
 20
0.0
 30
0.0
210
0.0
220
0.0
230
1.0
  2
SOLID
 70
1
 71
0
 91
1
 92
1
 93
1
 72
2
 10
278.5
 20
411.0
 40
0.5
 50
0.0
 51
360.0
 73
1
 97
0
 75
0
 76
1
 98
0
  0
LINE
  5
302
330
1CA
100
AcDbEntity
 67
1
  8
E-TEKHAT-SEMBOL
370
35
100
AcDbLine
 10
278.5
 20
411.0
 30
0.0
 11
283.5
 21
419.66025403784437
 31
0.0
  0
LINE
  5
303
330
1CA
100
AcDbEntity
 67
1
  8
E-TEKHAT-SEMBOL
370
35
100
AcDbLine
 10
278.5
 20
421.0
 30
0.0
 11
278.5
 21
426.0
 31
0.0
  0
LINE
  5
304
330
1CA
100
AcDbEntity
 67
1
  8
E-TEKHAT-SEMBOL
370
35
100
AcDbLine
 10
283.5
 20
406.0
 30
0.0
 11
283.5
 21
411.0
 31
0.0
  0
HATCH
  5
305
330
1CA
100
AcDbEntity
 67
1
  8
E-TEKHAT-SEMBOL
 62
7
100
AcDbHatch
 10
0.0
 20
0.0
 30
0.0
210
0.0
220
0.0
230
1.0
  2
SOLID
 70
1
 71
0
 91
1
 92
1
 93
1
 72
2
 10
283.5
 20
411.0
 40
0.5
 50
0.0
 51
360.0
 73
1
 97
0
 75
0
 76
1
 98
0
  0
LINE
  5
306
330
1CA
100
AcDbEntity
 67
1
  8
E-TEKHAT-SEMBOL
370
35
100
AcDbLine
 10
283.5
 20
411.0
 30
0.0
 11
288.5
 21
419.66025403784437
 31
0.0
  0
LINE
  5
307
330
1CA
100
AcDbEntity
 67
1
  8
E-TEKHAT-SEMBOL
370
35
100
AcDbLine
 10
283.5
 20
421.0
 30
0.0
 11
283.5
 21
426.0
 31
0.0
  0
LINE
  5
308
330
1CA
100
AcDbEntity
 67
1
  8
E-TEKHAT-SEMBOL
370
35
100
AcDbLine
 10
288.5
 20
406.0
 30
0.0
 11
288.5
 21
411.0
 31
0.0
  0
HATCH
  5
309
330
1CA
100
AcDbEntity
 67
1
  8
E-TEKHAT-SEMBOL
 62
7
100
AcDbHatch
 10
0.0
 20
0.0
 30
0.0
210
0.0
220
0.0
230
1.0
  2
SOLID
 70
1
 71
0
 91
1
 92
1
 93
1
 72
2
 10
288.5
 20
411.0
 40
0.5
 50
0.0
 51
360.0
 73
1
 97
0
 75
0
 76
1
 98
0
  0
LINE
  5
30A
330
1CA
100
AcDbEntity
 67
1
  8
E-TEKHAT-SEMBOL
370
35
100
AcDbLine
 10
288.5
 20
411.0
 30
0.0
 11
293.5
 21
419.66025403784437
 31
0.0
  0
LINE
  5
30B
330
1CA
100
AcDbEntity
 67
1
  8
E-TEKHAT-SEMBOL
370
35
100
AcDbLine
 10
288.5
 20
421.0
 30
0.0
 11
288.5
 21
426.0
 31
0.0
  0
LINE
  5
30C
330
1CA
100
AcDbEntity
 67
1
  8
E-TEKHAT-SEMBOL
370
35
100
AcDbLine
 10
293.5
 20
406.0
 30
0.0
 11
293.5
 21
411.0
 31
0.0
  0
HATCH
  5
30D
330
1CA
100
AcDbEntity
 67
1
  8
E-TEKHAT-SEMBOL
 62
7
100
AcDbHatch
 10
0.0
 20
0.0
 30
0.0
210
0.0
220
0.0
230
1.0
  2
SOLID
 70
1
 71
0
 91
1
 92
1
 93
1
 72
2
 10
293.5
 20
411.0
 40
0.5
 50
0.0
 51
360.0
 73
1
 97
0
 75
0
 76
1
 98
0
  0
LINE
  5
30E
330
1CA
100
AcDbEntity
 67
1
  8
E-TEKHAT-SEMBOL
370
35
100
AcDbLine
 10
293.5
 20
411.0
 30
0.0
 11
298.5
 21
419.66025403784437
 31
0.0
  0
LINE
  5
30F
330
1CA
100
AcDbEntity
 67
1
  8
E-TEKHAT-SEMBOL
370
35
100
AcDbLine
 10
293.5
 20
421.0
 30
0.0
 11
293.5
 21
426.0
 31
0.0
  0
LWPOLYLINE
  5
310
330
1CA
100
AcDbEntity
 67
1
  8
E-TEKHAT-SEMBOL
  6
DASHED
370
25
100
AcDbPolyline
 90
2
 70
0
 10
278.5
 20
411.0
 10
293.5
 20
411.0
  0
ELLIPSE
  5
311
330
1CA
100
AcDbEntity
 67
1
  8
E-TEKHAT-SEMBOL
370
35
100
AcDbEllipse
 10
286.0
 20
416.0
 30
0.0
 11
11.25
 21
0.0
 31
0.0
 40
0.26666666666666666
 41
0.0
 42
6.283185307179586
  0
LINE
  5
312
330
1CA
100
AcDbEntity
 67
1
  8
E-TEKHAT-SEMBOL
370
25
100
AcDbLine
 10
297.25
 20
416.0
 30
0.0
 11
303.25
 21
416.0
 31
0.0
  0
LWPOLYLINE
  5
313
330
1CA
100
AcDbEntity
 67
1
  8
E-TEKHAT-SEMBOL
370
35
100
AcDbPolyline
 90
4
 70
1
 10
303.25
 20
413.0
 10
311.25
 20
413.0
 10
311.25
 20
419.0
 10
303.25
 20
419.0
  0
TEXT
  5
314
330
1CA
100
AcDbEntity
 67
1
  8
E-TEKHAT-SEMBOL
100
AcDbText
 10
307.25
 20
416.0
 30
0.0
 40
2.0
  1
I∆n
  7
GYM
 72
1
 11
307.25
 21
416.0
 31
0.0
100
AcDbText
 73
2
  0
TEXT
  5
315
330
1CA
100
AcDbEntity
 67
1
  8
E-TEKHAT-YAZI
100
AcDbText
 10
271.0
 20
416.0
 30
0.0
 40
2.5
  1
-F2
  7
GYM-B
 72
2
 11
271.0
 21
416.0
 31
0.0
100
AcDbText
 73
2
  0
LINE
  5
316
330
1CA
100
AcDbEntity
 67
1
  8
E-TEKHAT-TEL
370
35
100
AcDbLine
 10
286.0
 20
406.0
 30
0.0
 11
286.0
 21
386.0
 31
0.0
  0
LWPOLYLINE
  5
317
330
1CA
100
AcDbEntity
 67
1
  8
E-TEKHAT-BARA
370
50
100
AcDbPolyline
 90
2
 70
0
 10
211.64
 20
386.0
 10
360.36
 20
386.0
  0
LWPOLYLINE
  5
318
330
1CA
100
AcDbEntity
 67
1
  8
E-TEKHAT-GRUP
370
25
100
AcDbPolyline
 90
4
 70
0
 10
210.08
 20
389.0
 10
210.08
 20
392.0
 10
361.92
 20
392.0
 10
361.92
 20
389.0
  0
TEXT
  5
319
330
1CA
100
AcDbEntity
 67
1
  8
E-TEKHAT-GRUP
100
AcDbText
 10
286.0
 20
395.0
 30
0.0
 40
2.0
  1
RCD-2  ·  4×40 A / 30 mA, A tipi
  7
GYM
 72
1
 11
286.0
 21
395.0
 31
0.0
100
AcDbText
 73
2
  0
LINE
  5
31A
330
1CA
100
AcDbEntity
 67
1
  8
E-TEKHAT-TEL
370
35
100
AcDbLine
 10
390.0
 20
446.0
 30
0.0
 11
390.0
 21
426.0
 31
0.0
  0
HATCH
  5
31B
330
1CA
100
AcDbEntity
 67
1
  8
E-TEKHAT-BARA
 62
7
100
AcDbHatch
 10
0.0
 20
0.0
 30
0.0
210
0.0
220
0.0
230
1.0
  2
SOLID
 70
1
 71
0
 91
1
 92
1
 93
1
 72
2
 10
390.0
 20
446.0
 40
0.5
 50
0.0
 51
360.0
 73
1
 97
0
 75
0
 76
1
 98
0
  0
LINE
  5
31C
330
1CA
100
AcDbEntity
 67
1
  8
E-TEKHAT-SEMBOL
370
35
100
AcDbLine
 10
387.5
 20
406.0
 30
0.0
 11
387.5
 21
411.0
 31
0.0
  0
HATCH
  5
31D
330
1CA
100
AcDbEntity
 67
1
  8
E-TEKHAT-SEMBOL
 62
7
100
AcDbHatch
 10
0.0
 20
0.0
 30
0.0
210
0.0
220
0.0
230
1.0
  2
SOLID
 70
1
 71
0
 91
1
 92
1
 93
1
 72
2
 10
387.5
 20
411.0
 40
0.5
 50
0.0
 51
360.0
 73
1
 97
0
 75
0
 76
1
 98
0
  0
LINE
  5
31E
330
1CA
100
AcDbEntity
 67
1
  8
E-TEKHAT-SEMBOL
370
35
100
AcDbLine
 10
387.5
 20
411.0
 30
0.0
 11
392.5
 21
419.66025403784437
 31
0.0
  0
LINE
  5
31F
330
1CA
100
AcDbEntity
 67
1
  8
E-TEKHAT-SEMBOL
370
35
100
AcDbLine
 10
387.5
 20
421.0
 30
0.0
 11
387.5
 21
426.0
 31
0.0
  0
LINE
  5
320
330
1CA
100
AcDbEntity
 67
1
  8
E-TEKHAT-SEMBOL
370
35
100
AcDbLine
 10
392.5
 20
406.0
 30
0.0
 11
392.5
 21
411.0
 31
0.0
  0
HATCH
  5
321
330
1CA
100
AcDbEntity
 67
1
  8
E-TEKHAT-SEMBOL
 62
7
100
AcDbHatch
 10
0.0
 20
0.0
 30
0.0
210
0.0
220
0.0
230
1.0
  2
SOLID
 70
1
 71
0
 91
1
 92
1
 93
1
 72
2
 10
392.5
 20
411.0
 40
0.5
 50
0.0
 51
360.0
 73
1
 97
0
 75
0
 76
1
 98
0
  0
LINE
  5
322
330
1CA
100
AcDbEntity
 67
1
  8
E-TEKHAT-SEMBOL
370
35
100
AcDbLine
 10
392.5
 20
411.0
 30
0.0
 11
397.5
 21
419.66025403784437
 31
0.0
  0
LINE
  5
323
330
1CA
100
AcDbEntity
 67
1
  8
E-TEKHAT-SEMBOL
370
35
100
AcDbLine
 10
392.5
 20
421.0
 30
0.0
 11
392.5
 21
426.0
 31
0.0
  0
LWPOLYLINE
  5
324
330
1CA
100
AcDbEntity
 67
1
  8
E-TEKHAT-SEMBOL
  6
DASHED
370
25
100
AcDbPolyline
 90
2
 70
0
 10
387.5
 20
411.0
 10
392.5
 20
411.0
  0
ELLIPSE
  5
325
330
1CA
100
AcDbEntity
 67
1
  8
E-TEKHAT-SEMBOL
370
35
100
AcDbEllipse
 10
390.0
 20
416.0
 30
0.0
 11
6.25
 21
0.0
 31
0.0
 40
0.48
 41
0.0
 42
6.283185307179586
  0
LINE
  5
326
330
1CA
100
AcDbEntity
 67
1
  8
E-TEKHAT-SEMBOL
370
25
100
AcDbLine
 10
396.25
 20
416.0
 30
0.0
 11
402.25
 21
416.0
 31
0.0
  0
LWPOLYLINE
  5
327
330
1CA
100
AcDbEntity
 67
1
  8
E-TEKHAT-SEMBOL
370
35
100
AcDbPolyline
 90
4
 70
1
 10
402.25
 20
413.0
 10
410.25
 20
413.0
 10
410.25
 20
419.0
 10
402.25
 20
419.0
  0
TEXT
  5
328
330
1CA
100
AcDbEntity
 67
1
  8
E-TEKHAT-SEMBOL
100
AcDbText
 10
406.25
 20
416.0
 30
0.0
 40
2.0
  1
I∆n
  7
GYM
 72
1
 11
406.25
 21
416.0
 31
0.0
100
AcDbText
 73
2
  0
TEXT
  5
329
330
1CA
100
AcDbEntity
 67
1
  8
E-TEKHAT-YAZI
100
AcDbText
 10
380.0
 20
416.0
 30
0.0
 40
2.5
  1
-F3
  7
GYM-B
 72
2
 11
380.0
 21
416.0
 31
0.0
100
AcDbText
 73
2
  0
LINE
  5
32A
330
1CA
100
AcDbEntity
 67
1
  8
E-TEKHAT-TEL
370
35
100
AcDbLine
 10
390.0
 20
406.0
 30
0.0
 11
390.0
 21
386.0
 31
0.0
  0
LWPOLYLINE
  5
32B
330
1CA
100
AcDbEntity
 67
1
  8
E-TEKHAT-BARA
370
50
100
AcDbPolyline
 90
2
 70
0
 10
367.64
 20
386.0
 10
412.36
 20
386.0
  0
LWPOLYLINE
  5
32C
330
1CA
100
AcDbEntity
 67
1
  8
E-TEKHAT-GRUP
370
25
100
AcDbPolyline
 90
4
 70
0
 10
366.08
 20
389.0
 10
366.08
 20
392.0
 10
413.92
 20
392.0
 10
413.92
 20
389.0
  0
TEXT
  5
32D
330
1CA
100
AcDbEntity
 67
1
  8
E-TEKHAT-GRUP
100
AcDbText
 10
390.0
 20
395.0
 30
0.0
 40
2.0
  1
RCD-3  ·  2×40 A / 30 mA, A tipi
  7
GYM
 72
1
 11
390.0
 21
395.0
 31
0.0
100
AcDbText
 73
2
  0
LINE
  5
32E
330
1CA
100
AcDbEntity
 67
1
  8
E-TEKHAT-TEL
370
35
100
AcDbLine
 10
442.0
 20
446.0
 30
0.0
 11
442.0
 21
426.0
 31
0.0
  0
HATCH
  5
32F
330
1CA
100
AcDbEntity
 67
1
  8
E-TEKHAT-BARA
 62
7
100
AcDbHatch
 10
0.0
 20
0.0
 30
0.0
210
0.0
220
0.0
230
1.0
  2
SOLID
 70
1
 71
0
 91
1
 92
1
 93
1
 72
2
 10
442.0
 20
446.0
 40
0.5
 50
0.0
 51
360.0
 73
1
 97
0
 75
0
 76
1
 98
0
  0
LINE
  5
330
330
1CA
100
AcDbEntity
 67
1
  8
E-TEKHAT-SEMBOL
370
35
100
AcDbLine
 10
439.5
 20
406.0
 30
0.0
 11
439.5
 21
411.0
 31
0.0
  0
HATCH
  5
331
330
1CA
100
AcDbEntity
 67
1
  8
E-TEKHAT-SEMBOL
 62
7
100
AcDbHatch
 10
0.0
 20
0.0
 30
0.0
210
0.0
220
0.0
230
1.0
  2
SOLID
 70
1
 71
0
 91
1
 92
1
 93
1
 72
2
 10
439.5
 20
411.0
 40
0.5
 50
0.0
 51
360.0
 73
1
 97
0
 75
0
 76
1
 98
0
  0
LINE
  5
332
330
1CA
100
AcDbEntity
 67
1
  8
E-TEKHAT-SEMBOL
370
35
100
AcDbLine
 10
439.5
 20
411.0
 30
0.0
 11
444.5
 21
419.66025403784437
 31
0.0
  0
LINE
  5
333
330
1CA
100
AcDbEntity
 67
1
  8
E-TEKHAT-SEMBOL
370
35
100
AcDbLine
 10
439.5
 20
421.0
 30
0.0
 11
439.5
 21
426.0
 31
0.0
  0
LINE
  5
334
330
1CA
100
AcDbEntity
 67
1
  8
E-TEKHAT-SEMBOL
370
35
100
AcDbLine
 10
444.5
 20
406.0
 30
0.0
 11
444.5
 21
411.0
 31
0.0
  0
HATCH
  5
335
330
1CA
100
AcDbEntity
 67
1
  8
E-TEKHAT-SEMBOL
 62
7
100
AcDbHatch
 10
0.0
 20
0.0
 30
0.0
210
0.0
220
0.0
230
1.0
  2
SOLID
 70
1
 71
0
 91
1
 92
1
 93
1
 72
2
 10
444.5
 20
411.0
 40
0.5
 50
0.0
 51
360.0
 73
1
 97
0
 75
0
 76
1
 98
0
  0
LINE
  5
336
330
1CA
100
AcDbEntity
 67
1
  8
E-TEKHAT-SEMBOL
370
35
100
AcDbLine
 10
444.5
 20
411.0
 30
0.0
 11
449.5
 21
419.66025403784437
 31
0.0
  0
LINE
  5
337
330
1CA
100
AcDbEntity
 67
1
  8
E-TEKHAT-SEMBOL
370
35
100
AcDbLine
 10
444.5
 20
421.0
 30
0.0
 11
444.5
 21
426.0
 31
0.0
  0
LWPOLYLINE
  5
338
330
1CA
100
AcDbEntity
 67
1
  8
E-TEKHAT-SEMBOL
  6
DASHED
370
25
100
AcDbPolyline
 90
2
 70
0
 10
439.5
 20
411.0
 10
444.5
 20
411.0
  0
ELLIPSE
  5
339
330
1CA
100
AcDbEntity
 67
1
  8
E-TEKHAT-SEMBOL
370
35
100
AcDbEllipse
 10
442.0
 20
416.0
 30
0.0
 11
6.25
 21
0.0
 31
0.0
 40
0.48
 41
0.0
 42
6.283185307179586
  0
LINE
  5
33A
330
1CA
100
AcDbEntity
 67
1
  8
E-TEKHAT-SEMBOL
370
25
100
AcDbLine
 10
448.25
 20
416.0
 30
0.0
 11
454.25
 21
416.0
 31
0.0
  0
LWPOLYLINE
  5
33B
330
1CA
100
AcDbEntity
 67
1
  8
E-TEKHAT-SEMBOL
370
35
100
AcDbPolyline
 90
4
 70
1
 10
454.25
 20
413.0
 10
462.25
 20
413.0
 10
462.25
 20
419.0
 10
454.25
 20
419.0
  0
TEXT
  5
33C
330
1CA
100
AcDbEntity
 67
1
  8
E-TEKHAT-SEMBOL
100
AcDbText
 10
458.25
 20
416.0
 30
0.0
 40
2.0
  1
I∆n
  7
GYM
 72
1
 11
458.25
 21
416.0
 31
0.0
100
AcDbText
 73
2
  0
TEXT
  5
33D
330
1CA
100
AcDbEntity
 67
1
  8
E-TEKHAT-YAZI
100
AcDbText
 10
432.0
 20
416.0
 30
0.0
 40
2.5
  1
-F4
  7
GYM-B
 72
2
 11
432.0
 21
416.0
 31
0.0
100
AcDbText
 73
2
  0
LINE
  5
33E
330
1CA
100
AcDbEntity
 67
1
  8
E-TEKHAT-TEL
370
35
100
AcDbLine
 10
442.0
 20
406.0
 30
0.0
 11
442.0
 21
386.0
 31
0.0
  0
LWPOLYLINE
  5
33F
330
1CA
100
AcDbEntity
 67
1
  8
E-TEKHAT-BARA
370
50
100
AcDbPolyline
 90
2
 70
0
 10
419.64
 20
386.0
 10
464.36
 20
386.0
  0
LWPOLYLINE
  5
340
330
1CA
100
AcDbEntity
 67
1
  8
E-TEKHAT-GRUP
370
25
100
AcDbPolyline
 90
4
 70
0
 10
418.08
 20
389.0
 10
418.08
 20
392.0
 10
465.92
 20
392.0
 10
465.92
 20
389.0
  0
TEXT
  5
341
330
1CA
100
AcDbEntity
 67
1
  8
E-TEKHAT-GRUP
100
AcDbText
 10
442.0
 20
395.0
 30
0.0
 40
2.0
  1
RCD-4  ·  2×40 A / 30 mA, A tipi
  7
GYM
 72
1
 11
442.0
 21
395.0
 31
0.0
100
AcDbText
 73
2
  0
LINE
  5
342
330
1CA
100
AcDbEntity
 67
1
  8
E-TEKHAT-TEL
370
35
100
AcDbLine
 10
546.0
 20
446.0
 30
0.0
 11
546.0
 21
426.0
 31
0.0
  0
HATCH
  5
343
330
1CA
100
AcDbEntity
 67
1
  8
E-TEKHAT-BARA
 62
7
100
AcDbHatch
 10
0.0
 20
0.0
 30
0.0
210
0.0
220
0.0
230
1.0
  2
SOLID
 70
1
 71
0
 91
1
 92
1
 93
1
 72
2
 10
546.0
 20
446.0
 40
0.5
 50
0.0
 51
360.0
 73
1
 97
0
 75
0
 76
1
 98
0
  0
LINE
  5
344
330
1CA
100
AcDbEntity
 67
1
  8
E-TEKHAT-SEMBOL
370
35
100
AcDbLine
 10
538.5
 20
406.0
 30
0.0
 11
538.5
 21
411.0
 31
0.0
  0
HATCH
  5
345
330
1CA
100
AcDbEntity
 67
1
  8
E-TEKHAT-SEMBOL
 62
7
100
AcDbHatch
 10
0.0
 20
0.0
 30
0.0
210
0.0
220
0.0
230
1.0
  2
SOLID
 70
1
 71
0
 91
1
 92
1
 93
1
 72
2
 10
538.5
 20
411.0
 40
0.5
 50
0.0
 51
360.0
 73
1
 97
0
 75
0
 76
1
 98
0
  0
LINE
  5
346
330
1CA
100
AcDbEntity
 67
1
  8
E-TEKHAT-SEMBOL
370
35
100
AcDbLine
 10
538.5
 20
411.0
 30
0.0
 11
543.5
 21
419.66025403784437
 31
0.0
  0
LINE
  5
347
330
1CA
100
AcDbEntity
 67
1
  8
E-TEKHAT-SEMBOL
370
35
100
AcDbLine
 10
538.5
 20
421.0
 30
0.0
 11
538.5
 21
426.0
 31
0.0
  0
LINE
  5
348
330
1CA
100
AcDbEntity
 67
1
  8
E-TEKHAT-SEMBOL
370
35
100
AcDbLine
 10
543.5
 20
406.0
 30
0.0
 11
543.5
 21
411.0
 31
0.0
  0
HATCH
  5
349
330
1CA
100
AcDbEntity
 67
1
  8
E-TEKHAT-SEMBOL
 62
7
100
AcDbHatch
 10
0.0
 20
0.0
 30
0.0
210
0.0
220
0.0
230
1.0
  2
SOLID
 70
1
 71
0
 91
1
 92
1
 93
1
 72
2
 10
543.5
 20
411.0
 40
0.5
 50
0.0
 51
360.0
 73
1
 97
0
 75
0
 76
1
 98
0
  0
LINE
  5
34A
330
1CA
100
AcDbEntity
 67
1
  8
E-TEKHAT-SEMBOL
370
35
100
AcDbLine
 10
543.5
 20
411.0
 30
0.0
 11
548.5
 21
419.66025403784437
 31
0.0
  0
LINE
  5
34B
330
1CA
100
AcDbEntity
 67
1
  8
E-TEKHAT-SEMBOL
370
35
100
AcDbLine
 10
543.5
 20
421.0
 30
0.0
 11
543.5
 21
426.0
 31
0.0
  0
LINE
  5
34C
330
1CA
100
AcDbEntity
 67
1
  8
E-TEKHAT-SEMBOL
370
35
100
AcDbLine
 10
548.5
 20
406.0
 30
0.0
 11
548.5
 21
411.0
 31
0.0
  0
HATCH
  5
34D
330
1CA
100
AcDbEntity
 67
1
  8
E-TEKHAT-SEMBOL
 62
7
100
AcDbHatch
 10
0.0
 20
0.0
 30
0.0
210
0.0
220
0.0
230
1.0
  2
SOLID
 70
1
 71
0
 91
1
 92
1
 93
1
 72
2
 10
548.5
 20
411.0
 40
0.5
 50
0.0
 51
360.0
 73
1
 97
0
 75
0
 76
1
 98
0
  0
LINE
  5
34E
330
1CA
100
AcDbEntity
 67
1
  8
E-TEKHAT-SEMBOL
370
35
100
AcDbLine
 10
548.5
 20
411.0
 30
0.0
 11
553.5
 21
419.66025403784437
 31
0.0
  0
LINE
  5
34F
330
1CA
100
AcDbEntity
 67
1
  8
E-TEKHAT-SEMBOL
370
35
100
AcDbLine
 10
548.5
 20
421.0
 30
0.0
 11
548.5
 21
426.0
 31
0.0
  0
LINE
  5
350
330
1CA
100
AcDbEntity
 67
1
  8
E-TEKHAT-SEMBOL
370
35
100
AcDbLine
 10
553.5
 20
406.0
 30
0.0
 11
553.5
 21
411.0
 31
0.0
  0
HATCH
  5
351
330
1CA
100
AcDbEntity
 67
1
  8
E-TEKHAT-SEMBOL
 62
7
100
AcDbHatch
 10
0.0
 20
0.0
 30
0.0
210
0.0
220
0.0
230
1.0
  2
SOLID
 70
1
 71
0
 91
1
 92
1
 93
1
 72
2
 10
553.5
 20
411.0
 40
0.5
 50
0.0
 51
360.0
 73
1
 97
0
 75
0
 76
1
 98
0
  0
LINE
  5
352
330
1CA
100
AcDbEntity
 67
1
  8
E-TEKHAT-SEMBOL
370
35
100
AcDbLine
 10
553.5
 20
411.0
 30
0.0
 11
558.5
 21
419.66025403784437
 31
0.0
  0
LINE
  5
353
330
1CA
100
AcDbEntity
 67
1
  8
E-TEKHAT-SEMBOL
370
35
100
AcDbLine
 10
553.5
 20
421.0
 30
0.0
 11
553.5
 21
426.0
 31
0.0
  0
LWPOLYLINE
  5
354
330
1CA
100
AcDbEntity
 67
1
  8
E-TEKHAT-SEMBOL
  6
DASHED
370
25
100
AcDbPolyline
 90
2
 70
0
 10
538.5
 20
411.0
 10
553.5
 20
411.0
  0
ELLIPSE
  5
355
330
1CA
100
AcDbEntity
 67
1
  8
E-TEKHAT-SEMBOL
370
35
100
AcDbEllipse
 10
546.0
 20
416.0
 30
0.0
 11
11.25
 21
0.0
 31
0.0
 40
0.26666666666666666
 41
0.0
 42
6.283185307179586
  0
LINE
  5
356
330
1CA
100
AcDbEntity
 67
1
  8
E-TEKHAT-SEMBOL
370
25
100
AcDbLine
 10
557.25
 20
416.0
 30
0.0
 11
563.25
 21
416.0
 31
0.0
  0
LWPOLYLINE
  5
357
330
1CA
100
AcDbEntity
 67
1
  8
E-TEKHAT-SEMBOL
370
35
100
AcDbPolyline
 90
4
 70
1
 10
563.25
 20
413.0
 10
571.25
 20
413.0
 10
571.25
 20
419.0
 10
563.25
 20
419.0
  0
TEXT
  5
358
330
1CA
100
AcDbEntity
 67
1
  8
E-TEKHAT-SEMBOL
100
AcDbText
 10
567.25
 20
416.0
 30
0.0
 40
2.0
  1
I∆n
  7
GYM
 72
1
 11
567.25
 21
416.0
 31
0.0
100
AcDbText
 73
2
  0
TEXT
  5
359
330
1CA
100
AcDbEntity
 67
1
  8
E-TEKHAT-YAZI
100
AcDbText
 10
531.0
 20
416.0
 30
0.0
 40
2.5
  1
-F5
  7
GYM-B
 72
2
 11
531.0
 21
416.0
 31
0.0
100
AcDbText
 73
2
  0
LINE
  5
35A
330
1CA
100
AcDbEntity
 67
1
  8
E-TEKHAT-TEL
370
35
100
AcDbLine
 10
546.0
 20
406.0
 30
0.0
 11
546.0
 21
386.0
 31
0.0
  0
LWPOLYLINE
  5
35B
330
1CA
100
AcDbEntity
 67
1
  8
E-TEKHAT-BARA
370
50
100
AcDbPolyline
 90
2
 70
0
 10
471.64
 20
386.0
 10
620.36
 20
386.0
  0
LWPOLYLINE
  5
35C
330
1CA
100
AcDbEntity
 67
1
  8
E-TEKHAT-GRUP
370
25
100
AcDbPolyline
 90
4
 70
0
 10
470.08
 20
389.0
 10
470.08
 20
392.0
 10
621.92
 20
392.0
 10
621.92
 20
389.0
  0
TEXT
  5
35D
330
1CA
100
AcDbEntity
 67
1
  8
E-TEKHAT-GRUP
100
AcDbText
 10
546.0
 20
395.0
 30
0.0
 40
2.0
  1
RCD-5  ·  4×40 A / 30 mA, A tipi
  7
GYM
 72
1
 11
546.0
 21
395.0
 31
0.0
100
AcDbText
 73
2
  0
LINE
  5
35E
330
1CA
100
AcDbEntity
 67
1
  8
E-TEKHAT-TEL
370
35
100
AcDbLine
 10
637.0
 20
446.0
 30
0.0
 11
637.0
 21
386.0
 31
0.0
  0
HATCH
  5
35F
330
1CA
100
AcDbEntity
 67
1
  8
E-TEKHAT-BARA
 62
7
100
AcDbHatch
 10
0.0
 20
0.0
 30
0.0
210
0.0
220
0.0
230
1.0
  2
SOLID
 70
1
 71
0
 91
1
 92
1
 93
1
 72
2
 10
637.0
 20
446.0
 40
0.5
 50
0.0
 51
360.0
 73
1
 97
0
 75
0
 76
1
 98
0
  0
TEXT
  5
360
330
1CA
100
AcDbEntity
 67
1
  8
E-TEKHAT-YAZI
100
AcDbText
 10
640.2
 20
416.0
 30
0.0
 40
1.8
  1
KAÇAK AKIM RÖLESİ ARKASINA ALINMAZ
 50
90.0
  7
GYM
 11
640.2
 21
416.0
 31
0.0
100
AcDbText
 73
2
  0
LINE
  5
361
330
1CA
100
AcDbEntity
 67
1
  8
E-TEKHAT-TEL
370
35
100
AcDbLine
 10
663.0
 20
446.0
 30
0.0
 11
663.0
 21
386.0
 31
0.0
  0
HATCH
  5
362
330
1CA
100
AcDbEntity
 67
1
  8
E-TEKHAT-BARA
 62
7
100
AcDbHatch
 10
0.0
 20
0.0
 30
0.0
210
0.0
220
0.0
230
1.0
  2
SOLID
 70
1
 71
0
 91
1
 92
1
 93
1
 72
2
 10
663.0
 20
446.0
 40
0.5
 50
0.0
 51
360.0
 73
1
 97
0
 75
0
 76
1
 98
0
  0
LINE
  5
363
330
1CA
100
AcDbEntity
 67
1
  8
E-TEKHAT-TEL
370
35
100
AcDbLine
 10
689.0
 20
446.0
 30
0.0
 11
689.0
 21
386.0
 31
0.0
  0
HATCH
  5
364
330
1CA
100
AcDbEntity
 67
1
  8
E-TEKHAT-BARA
 62
7
100
AcDbHatch
 10
0.0
 20
0.0
 30
0.0
210
0.0
220
0.0
230
1.0
  2
SOLID
 70
1
 71
0
 91
1
 92
1
 93
1
 72
2
 10
689.0
 20
446.0
 40
0.5
 50
0.0
 51
360.0
 73
1
 97
0
 75
0
 76
1
 98
0
  0
LINE
  5
365
330
1CA
100
AcDbEntity
 67
1
  8
E-TEKHAT-TEL
370
35
100
AcDbLine
 10
715.0
 20
446.0
 30
0.0
 11
715.0
 21
386.0
 31
0.0
  0
HATCH
  5
366
330
1CA
100
AcDbEntity
 67
1
  8
E-TEKHAT-BARA
 62
7
100
AcDbHatch
 10
0.0
 20
0.0
 30
0.0
210
0.0
220
0.0
230
1.0
  2
SOLID
 70
1
 71
0
 91
1
 92
1
 93
1
 72
2
 10
715.0
 20
446.0
 40
0.5
 50
0.0
 51
360.0
 73
1
 97
0
 75
0
 76
1
 98
0
  0
LINE
  5
367
330
1CA
100
AcDbEntity
 67
1
  8
E-TEKHAT-TEL
370
35
100
AcDbLine
 10
741.0
 20
446.0
 30
0.0
 11
741.0
 21
386.0
 31
0.0
  0
HATCH
  5
368
330
1CA
100
AcDbEntity
 67
1
  8
E-TEKHAT-BARA
 62
7
100
AcDbHatch
 10
0.0
 20
0.0
 30
0.0
210
0.0
220
0.0
230
1.0
  2
SOLID
 70
1
 71
0
 91
1
 92
1
 93
1
 72
2
 10
741.0
 20
446.0
 40
0.5
 50
0.0
 51
360.0
 73
1
 97
0
 75
0
 76
1
 98
0
  0
LINE
  5
369
330
1CA
100
AcDbEntity
 67
1
  8
E-TEKHAT-TEL
370
35
100
AcDbLine
 10
91.0
 20
386.0
 30
0.0
 11
91.0
 21
370.0
 31
0.0
  0
HATCH
  5
36A
330
1CA
100
AcDbEntity
 67
1
  8
E-TEKHAT-BARA
 62
7
100
AcDbHatch
 10
0.0
 20
0.0
 30
0.0
210
0.0
220
0.0
230
1.0
  2
SOLID
 70
1
 71
0
 91
1
 92
1
 93
1
 72
2
 10
91.0
 20
386.0
 40
0.5
 50
0.0
 51
360.0
 73
1
 97
0
 75
0
 76
1
 98
0
  0
LINE
  5
36B
330
1CA
100
AcDbEntity
 67
1
  8
E-TEKHAT-SEMBOL
370
35
100
AcDbLine
 10
88.5
 20
350.0
 30
0.0
 11
88.5
 21
355.0
 31
0.0
  0
HATCH
  5
36C
330
1CA
100
AcDbEntity
 67
1
  8
E-TEKHAT-SEMBOL
 62
7
100
AcDbHatch
 10
0.0
 20
0.0
 30
0.0
210
0.0
220
0.0
230
1.0
  2
SOLID
 70
1
 71
0
 91
1
 92
1
 93
1
 72
2
 10
88.5
 20
355.0
 40
0.5
 50
0.0
 51
360.0
 73
1
 97
0
 75
0
 76
1
 98
0
  0
LINE
  5
36D
330
1CA
100
AcDbEntity
 67
1
  8
E-TEKHAT-SEMBOL
370
35
100
AcDbLine
 10
88.5
 20
355.0
 30
0.0
 11
93.5
 21
363.66025403784437
 31
0.0
  0
LINE
  5
36E
330
1CA
100
AcDbEntity
 67
1
  8
E-TEKHAT-SEMBOL
370
35
100
AcDbLine
 10
88.5
 20
365.0
 30
0.0
 11
88.5
 21
370.0
 31
0.0
  0
LINE
  5
36F
330
1CA
100
AcDbEntity
 67
1
  8
E-TEKHAT-SEMBOL
370
35
100
AcDbLine
 10
86.0
 20
362.5
 30
0.0
 11
91.0
 21
367.5
 31
0.0
  0
LINE
  5
370
330
1CA
100
AcDbEntity
 67
1
  8
E-TEKHAT-SEMBOL
370
35
100
AcDbLine
 10
86.0
 20
367.5
 30
0.0
 11
91.0
 21
362.5
 31
0.0
  0
LINE
  5
371
330
1CA
100
AcDbEntity
 67
1
  8
E-TEKHAT-SEMBOL
370
35
100
AcDbLine
 10
93.5
 20
350.0
 30
0.0
 11
93.5
 21
355.0
 31
0.0
  0
HATCH
  5
372
330
1CA
100
AcDbEntity
 67
1
  8
E-TEKHAT-SEMBOL
 62
7
100
AcDbHatch
 10
0.0
 20
0.0
 30
0.0
210
0.0
220
0.0
230
1.0
  2
SOLID
 70
1
 71
0
 91
1
 92
1
 93
1
 72
2
 10
93.5
 20
355.0
 40
0.5
 50
0.0
 51
360.0
 73
1
 97
0
 75
0
 76
1
 98
0
  0
LINE
  5
373
330
1CA
100
AcDbEntity
 67
1
  8
E-TEKHAT-SEMBOL
370
35
100
AcDbLine
 10
93.5
 20
355.0
 30
0.0
 11
98.5
 21
363.66025403784437
 31
0.0
  0
LINE
  5
374
330
1CA
100
AcDbEntity
 67
1
  8
E-TEKHAT-SEMBOL
370
35
100
AcDbLine
 10
93.5
 20
365.0
 30
0.0
 11
93.5
 21
370.0
 31
0.0
  0
LINE
  5
375
330
1CA
100
AcDbEntity
 67
1
  8
E-TEKHAT-SEMBOL
370
35
100
AcDbLine
 10
91.0
 20
362.5
 30
0.0
 11
96.0
 21
367.5
 31
0.0
  0
LINE
  5
376
330
1CA
100
AcDbEntity
 67
1
  8
E-TEKHAT-SEMBOL
370
35
100
AcDbLine
 10
91.0
 20
367.5
 30
0.0
 11
96.0
 21
362.5
 31
0.0
  0
LWPOLYLINE
  5
377
330
1CA
100
AcDbEntity
 67
1
  8
E-TEKHAT-SEMBOL
  6
DASHED
370
25
100
AcDbPolyline
 90
2
 70
0
 10
88.5
 20
355.0
 10
93.5
 20
355.0
  0
TEXT
  5
378
330
1CA
100
AcDbEntity
 67
1
  8
E-TEKHAT-YAZI
100
AcDbText
 10
97.5
 20
366.5
 30
0.0
 40
2.0
  1
-Q101
  7
GYM-B
 11
97.5
 21
366.5
 31
0.0
100
AcDbText
 73
2
  0
TEXT
  5
379
330
1CA
100
AcDbEntity
 67
1
  8
E-TEKHAT-YAZI
100
AcDbText
 10
97.5
 20
358.5
 30
0.0
 40
1.8
  1
1×10 A · C
  7
GYM
 11
97.5
 21
358.5
 31
0.0
100
AcDbText
 73
2
  0
LINE
  5
37A
330
1CA
100
AcDbEntity
 67
1
  8
E-TEKHAT-TEL
370
35
100
AcDbLine
 10
91.0
 20
350.0
 30
0.0
 11
91.0
 21
312.0
 31
0.0
  0
CIRCLE
  5
37B
330
1CA
100
AcDbEntity
 67
1
  8
E-TEKHAT-SEMBOL
370
25
100
AcDbCircle
 10
91.0
 20
312.0
 30
0.0
 40
1.0
  0
LINE
  5
37C
330
1CA
100
AcDbEntity
 67
1
  8
E-TEKHAT-TEL
370
35
100
AcDbLine
 10
91.0
 20
311.0
 30
0.0
 11
91.0
 21
296.0
 31
0.0
  0
LINE
  5
37D
330
1CA
100
AcDbEntity
 67
1
  8
E-TEKHAT-SEMBOL
370
25
100
AcDbLine
 10
87.0
 20
298.0
 30
0.0
 11
92.0
 21
303.0
 31
0.0
  0
LINE
  5
37E
330
1CA
100
AcDbEntity
 67
1
  8
E-TEKHAT-SEMBOL
370
25
100
AcDbLine
 10
88.5
 20
299.5
 30
0.0
 11
93.5
 21
304.5
 31
0.0
  0
LINE
  5
37F
330
1CA
100
AcDbEntity
 67
1
  8
E-TEKHAT-SEMBOL
370
25
100
AcDbLine
 10
90.0
 20
301.0
 30
0.0
 11
95.0
 21
306.0
 31
0.0
  0
LINE
  5
380
330
1CA
100
AcDbEntity
 67
1
  8
E-TEKHAT-SEMBOL
370
25
100
AcDbLine
 10
91.0
 20
294.0
 30
0.0
 11
88.25
 21
299.5
 31
0.0
  0
LINE
  5
381
330
1CA
100
AcDbEntity
 67
1
  8
E-TEKHAT-SEMBOL
370
25
100
AcDbLine
 10
91.0
 20
294.0
 30
0.0
 11
93.75
 21
299.5
 31
0.0
  0
LINE
  5
382
330
1CA
100
AcDbEntity
 67
1
  8
E-TEKHAT-TEL
370
35
100
AcDbLine
 10
117.0
 20
386.0
 30
0.0
 11
117.0
 21
370.0
 31
0.0
  0
HATCH
  5
383
330
1CA
100
AcDbEntity
 67
1
  8
E-TEKHAT-BARA
 62
7
100
AcDbHatch
 10
0.0
 20
0.0
 30
0.0
210
0.0
220
0.0
230
1.0
  2
SOLID
 70
1
 71
0
 91
1
 92
1
 93
1
 72
2
 10
117.0
 20
386.0
 40
0.5
 50
0.0
 51
360.0
 73
1
 97
0
 75
0
 76
1
 98
0
  0
LINE
  5
384
330
1CA
100
AcDbEntity
 67
1
  8
E-TEKHAT-SEMBOL
370
35
100
AcDbLine
 10
114.5
 20
350.0
 30
0.0
 11
114.5
 21
355.0
 31
0.0
  0
HATCH
  5
385
330
1CA
100
AcDbEntity
 67
1
  8
E-TEKHAT-SEMBOL
 62
7
100
AcDbHatch
 10
0.0
 20
0.0
 30
0.0
210
0.0
220
0.0
230
1.0
  2
SOLID
 70
1
 71
0
 91
1
 92
1
 93
1
 72
2
 10
114.5
 20
355.0
 40
0.5
 50
0.0
 51
360.0
 73
1
 97
0
 75
0
 76
1
 98
0
  0
LINE
  5
386
330
1CA
100
AcDbEntity
 67
1
  8
E-TEKHAT-SEMBOL
370
35
100
AcDbLine
 10
114.5
 20
355.0
 30
0.0
 11
119.5
 21
363.66025403784437
 31
0.0
  0
LINE
  5
387
330
1CA
100
AcDbEntity
 67
1
  8
E-TEKHAT-SEMBOL
370
35
100
AcDbLine
 10
114.5
 20
365.0
 30
0.0
 11
114.5
 21
370.0
 31
0.0
  0
LINE
  5
388
330
1CA
100
AcDbEntity
 67
1
  8
E-TEKHAT-SEMBOL
370
35
100
AcDbLine
 10
112.0
 20
362.5
 30
0.0
 11
117.0
 21
367.5
 31
0.0
  0
LINE
  5
389
330
1CA
100
AcDbEntity
 67
1
  8
E-TEKHAT-SEMBOL
370
35
100
AcDbLine
 10
112.0
 20
367.5
 30
0.0
 11
117.0
 21
362.5
 31
0.0
  0
LINE
  5
38A
330
1CA
100
AcDbEntity
 67
1
  8
E-TEKHAT-SEMBOL
370
35
100
AcDbLine
 10
119.5
 20
350.0
 30
0.0
 11
119.5
 21
355.0
 31
0.0
  0
HATCH
  5
38B
330
1CA
100
AcDbEntity
 67
1
  8
E-TEKHAT-SEMBOL
 62
7
100
AcDbHatch
 10
0.0
 20
0.0
 30
0.0
210
0.0
220
0.0
230
1.0
  2
SOLID
 70
1
 71
0
 91
1
 92
1
 93
1
 72
2
 10
119.5
 20
355.0
 40
0.5
 50
0.0
 51
360.0
 73
1
 97
0
 75
0
 76
1
 98
0
  0
LINE
  5
38C
330
1CA
100
AcDbEntity
 67
1
  8
E-TEKHAT-SEMBOL
370
35
100
AcDbLine
 10
119.5
 20
355.0
 30
0.0
 11
124.5
 21
363.66025403784437
 31
0.0
  0
LINE
  5
38D
330
1CA
100
AcDbEntity
 67
1
  8
E-TEKHAT-SEMBOL
370
35
100
AcDbLine
 10
119.5
 20
365.0
 30
0.0
 11
119.5
 21
370.0
 31
0.0
  0
LINE
  5
38E
330
1CA
100
AcDbEntity
 67
1
  8
E-TEKHAT-SEMBOL
370
35
100
AcDbLine
 10
117.0
 20
362.5
 30
0.0
 11
122.0
 21
367.5
 31
0.0
  0
LINE
  5
38F
330
1CA
100
AcDbEntity
 67
1
  8
E-TEKHAT-SEMBOL
370
35
100
AcDbLine
 10
117.0
 20
367.5
 30
0.0
 11
122.0
 21
362.5
 31
0.0
  0
LWPOLYLINE
  5
390
330
1CA
100
AcDbEntity
 67
1
  8
E-TEKHAT-SEMBOL
  6
DASHED
370
25
100
AcDbPolyline
 90
2
 70
0
 10
114.5
 20
355.0
 10
119.5
 20
355.0
  0
TEXT
  5
391
330
1CA
100
AcDbEntity
 67
1
  8
E-TEKHAT-YAZI
100
AcDbText
 10
123.5
 20
366.5
 30
0.0
 40
2.0
  1
-Q102
  7
GYM-B
 11
123.5
 21
366.5
 31
0.0
100
AcDbText
 73
2
  0
TEXT
  5
392
330
1CA
100
AcDbEntity
 67
1
  8
E-TEKHAT-YAZI
100
AcDbText
 10
123.5
 20
358.5
 30
0.0
 40
1.8
  1
1×10 A · C
  7
GYM
 11
123.5
 21
358.5
 31
0.0
100
AcDbText
 73
2
  0
LINE
  5
393
330
1CA
100
AcDbEntity
 67
1
  8
E-TEKHAT-TEL
370
35
100
AcDbLine
 10
117.0
 20
350.0
 30
0.0
 11
117.0
 21
312.0
 31
0.0
  0
CIRCLE
  5
394
330
1CA
100
AcDbEntity
 67
1
  8
E-TEKHAT-SEMBOL
370
25
100
AcDbCircle
 10
117.0
 20
312.0
 30
0.0
 40
1.0
  0
LINE
  5
395
330
1CA
100
AcDbEntity
 67
1
  8
E-TEKHAT-TEL
370
35
100
AcDbLine
 10
117.0
 20
311.0
 30
0.0
 11
117.0
 21
296.0
 31
0.0
  0
LINE
  5
396
330
1CA
100
AcDbEntity
 67
1
  8
E-TEKHAT-SEMBOL
370
25
100
AcDbLine
 10
113.0
 20
298.0
 30
0.0
 11
118.0
 21
303.0
 31
0.0
  0
LINE
  5
397
330
1CA
100
AcDbEntity
 67
1
  8
E-TEKHAT-SEMBOL
370
25
100
AcDbLine
 10
114.5
 20
299.5
 30
0.0
 11
119.5
 21
304.5
 31
0.0
  0
LINE
  5
398
330
1CA
100
AcDbEntity
 67
1
  8
E-TEKHAT-SEMBOL
370
25
100
AcDbLine
 10
116.0
 20
301.0
 30
0.0
 11
121.0
 21
306.0
 31
0.0
  0
LINE
  5
399
330
1CA
100
AcDbEntity
 67
1
  8
E-TEKHAT-SEMBOL
370
25
100
AcDbLine
 10
117.0
 20
294.0
 30
0.0
 11
114.25
 21
299.5
 31
0.0
  0
LINE
  5
39A
330
1CA
100
AcDbEntity
 67
1
  8
E-TEKHAT-SEMBOL
370
25
100
AcDbLine
 10
117.0
 20
294.0
 30
0.0
 11
119.75
 21
299.5
 31
0.0
  0
LINE
  5
39B
330
1CA
100
AcDbEntity
 67
1
  8
E-TEKHAT-TEL
370
35
100
AcDbLine
 10
143.0
 20
386.0
 30
0.0
 11
143.0
 21
370.0
 31
0.0
  0
HATCH
  5
39C
330
1CA
100
AcDbEntity
 67
1
  8
E-TEKHAT-BARA
 62
7
100
AcDbHatch
 10
0.0
 20
0.0
 30
0.0
210
0.0
220
0.0
230
1.0
  2
SOLID
 70
1
 71
0
 91
1
 92
1
 93
1
 72
2
 10
143.0
 20
386.0
 40
0.5
 50
0.0
 51
360.0
 73
1
 97
0
 75
0
 76
1
 98
0
  0
LINE
  5
39D
330
1CA
100
AcDbEntity
 67
1
  8
E-TEKHAT-SEMBOL
370
35
100
AcDbLine
 10
140.5
 20
350.0
 30
0.0
 11
140.5
 21
355.0
 31
0.0
  0
HATCH
  5
39E
330
1CA
100
AcDbEntity
 67
1
  8
E-TEKHAT-SEMBOL
 62
7
100
AcDbHatch
 10
0.0
 20
0.0
 30
0.0
210
0.0
220
0.0
230
1.0
  2
SOLID
 70
1
 71
0
 91
1
 92
1
 93
1
 72
2
 10
140.5
 20
355.0
 40
0.5
 50
0.0
 51
360.0
 73
1
 97
0
 75
0
 76
1
 98
0
  0
LINE
  5
39F
330
1CA
100
AcDbEntity
 67
1
  8
E-TEKHAT-SEMBOL
370
35
100
AcDbLine
 10
140.5
 20
355.0
 30
0.0
 11
145.5
 21
363.66025403784437
 31
0.0
  0
LINE
  5
3A0
330
1CA
100
AcDbEntity
 67
1
  8
E-TEKHAT-SEMBOL
370
35
100
AcDbLine
 10
140.5
 20
365.0
 30
0.0
 11
140.5
 21
370.0
 31
0.0
  0
LINE
  5
3A1
330
1CA
100
AcDbEntity
 67
1
  8
E-TEKHAT-SEMBOL
370
35
100
AcDbLine
 10
138.0
 20
362.5
 30
0.0
 11
143.0
 21
367.5
 31
0.0
  0
LINE
  5
3A2
330
1CA
100
AcDbEntity
 67
1
  8
E-TEKHAT-SEMBOL
370
35
100
AcDbLine
 10
138.0
 20
367.5
 30
0.0
 11
143.0
 21
362.5
 31
0.0
  0
LINE
  5
3A3
330
1CA
100
AcDbEntity
 67
1
  8
E-TEKHAT-SEMBOL
370
35
100
AcDbLine
 10
145.5
 20
350.0
 30
0.0
 11
145.5
 21
355.0
 31
0.0
  0
HATCH
  5
3A4
330
1CA
100
AcDbEntity
 67
1
  8
E-TEKHAT-SEMBOL
 62
7
100
AcDbHatch
 10
0.0
 20
0.0
 30
0.0
210
0.0
220
0.0
230
1.0
  2
SOLID
 70
1
 71
0
 91
1
 92
1
 93
1
 72
2
 10
145.5
 20
355.0
 40
0.5
 50
0.0
 51
360.0
 73
1
 97
0
 75
0
 76
1
 98
0
  0
LINE
  5
3A5
330
1CA
100
AcDbEntity
 67
1
  8
E-TEKHAT-SEMBOL
370
35
100
AcDbLine
 10
145.5
 20
355.0
 30
0.0
 11
150.5
 21
363.66025403784437
 31
0.0
  0
LINE
  5
3A6
330
1CA
100
AcDbEntity
 67
1
  8
E-TEKHAT-SEMBOL
370
35
100
AcDbLine
 10
145.5
 20
365.0
 30
0.0
 11
145.5
 21
370.0
 31
0.0
  0
LINE
  5
3A7
330
1CA
100
AcDbEntity
 67
1
  8
E-TEKHAT-SEMBOL
370
35
100
AcDbLine
 10
143.0
 20
362.5
 30
0.0
 11
148.0
 21
367.5
 31
0.0
  0
LINE
  5
3A8
330
1CA
100
AcDbEntity
 67
1
  8
E-TEKHAT-SEMBOL
370
35
100
AcDbLine
 10
143.0
 20
367.5
 30
0.0
 11
148.0
 21
362.5
 31
0.0
  0
LWPOLYLINE
  5
3A9
330
1CA
100
AcDbEntity
 67
1
  8
E-TEKHAT-SEMBOL
  6
DASHED
370
25
100
AcDbPolyline
 90
2
 70
0
 10
140.5
 20
355.0
 10
145.5
 20
355.0
  0
TEXT
  5
3AA
330
1CA
100
AcDbEntity
 67
1
  8
E-TEKHAT-YAZI
100
AcDbText
 10
149.5
 20
366.5
 30
0.0
 40
2.0
  1
-Q103
  7
GYM-B
 11
149.5
 21
366.5
 31
0.0
100
AcDbText
 73
2
  0
TEXT
  5
3AB
330
1CA
100
AcDbEntity
 67
1
  8
E-TEKHAT-YAZI
100
AcDbText
 10
149.5
 20
358.5
 30
0.0
 40
1.8
  1
1×10 A · C
  7
GYM
 11
149.5
 21
358.5
 31
0.0
100
AcDbText
 73
2
  0
LINE
  5
3AC
330
1CA
100
AcDbEntity
 67
1
  8
E-TEKHAT-TEL
370
35
100
AcDbLine
 10
143.0
 20
350.0
 30
0.0
 11
143.0
 21
312.0
 31
0.0
  0
CIRCLE
  5
3AD
330
1CA
100
AcDbEntity
 67
1
  8
E-TEKHAT-SEMBOL
370
25
100
AcDbCircle
 10
143.0
 20
312.0
 30
0.0
 40
1.0
  0
LINE
  5
3AE
330
1CA
100
AcDbEntity
 67
1
  8
E-TEKHAT-TEL
370
35
100
AcDbLine
 10
143.0
 20
311.0
 30
0.0
 11
143.0
 21
296.0
 31
0.0
  0
LINE
  5
3AF
330
1CA
100
AcDbEntity
 67
1
  8
E-TEKHAT-SEMBOL
370
25
100
AcDbLine
 10
139.0
 20
298.0
 30
0.0
 11
144.0
 21
303.0
 31
0.0
  0
LINE
  5
3B0
330
1CA
100
AcDbEntity
 67
1
  8
E-TEKHAT-SEMBOL
370
25
100
AcDbLine
 10
140.5
 20
299.5
 30
0.0
 11
145.5
 21
304.5
 31
0.0
  0
LINE
  5
3B1
330
1CA
100
AcDbEntity
 67
1
  8
E-TEKHAT-SEMBOL
370
25
100
AcDbLine
 10
142.0
 20
301.0
 30
0.0
 11
147.0
 21
306.0
 31
0.0
  0
LINE
  5
3B2
330
1CA
100
AcDbEntity
 67
1
  8
E-TEKHAT-SEMBOL
370
25
100
AcDbLine
 10
143.0
 20
294.0
 30
0.0
 11
140.25
 21
299.5
 31
0.0
  0
LINE
  5
3B3
330
1CA
100
AcDbEntity
 67
1
  8
E-TEKHAT-SEMBOL
370
25
100
AcDbLine
 10
143.0
 20
294.0
 30
0.0
 11
145.75
 21
299.5
 31
0.0
  0
LINE
  5
3B4
330
1CA
100
AcDbEntity
 67
1
  8
E-TEKHAT-TEL
370
35
100
AcDbLine
 10
169.0
 20
386.0
 30
0.0
 11
169.0
 21
370.0
 31
0.0
  0
HATCH
  5
3B5
330
1CA
100
AcDbEntity
 67
1
  8
E-TEKHAT-BARA
 62
7
100
AcDbHatch
 10
0.0
 20
0.0
 30
0.0
210
0.0
220
0.0
230
1.0
  2
SOLID
 70
1
 71
0
 91
1
 92
1
 93
1
 72
2
 10
169.0
 20
386.0
 40
0.5
 50
0.0
 51
360.0
 73
1
 97
0
 75
0
 76
1
 98
0
  0
LINE
  5
3B6
330
1CA
100
AcDbEntity
 67
1
  8
E-TEKHAT-SEMBOL
370
35
100
AcDbLine
 10
166.5
 20
350.0
 30
0.0
 11
166.5
 21
355.0
 31
0.0
  0
HATCH
  5
3B7
330
1CA
100
AcDbEntity
 67
1
  8
E-TEKHAT-SEMBOL
 62
7
100
AcDbHatch
 10
0.0
 20
0.0
 30
0.0
210
0.0
220
0.0
230
1.0
  2
SOLID
 70
1
 71
0
 91
1
 92
1
 93
1
 72
2
 10
166.5
 20
355.0
 40
0.5
 50
0.0
 51
360.0
 73
1
 97
0
 75
0
 76
1
 98
0
  0
LINE
  5
3B8
330
1CA
100
AcDbEntity
 67
1
  8
E-TEKHAT-SEMBOL
370
35
100
AcDbLine
 10
166.5
 20
355.0
 30
0.0
 11
171.5
 21
363.66025403784437
 31
0.0
  0
LINE
  5
3B9
330
1CA
100
AcDbEntity
 67
1
  8
E-TEKHAT-SEMBOL
370
35
100
AcDbLine
 10
166.5
 20
365.0
 30
0.0
 11
166.5
 21
370.0
 31
0.0
  0
LINE
  5
3BA
330
1CA
100
AcDbEntity
 67
1
  8
E-TEKHAT-SEMBOL
370
35
100
AcDbLine
 10
164.0
 20
362.5
 30
0.0
 11
169.0
 21
367.5
 31
0.0
  0
LINE
  5
3BB
330
1CA
100
AcDbEntity
 67
1
  8
E-TEKHAT-SEMBOL
370
35
100
AcDbLine
 10
164.0
 20
367.5
 30
0.0
 11
169.0
 21
362.5
 31
0.0
  0
LINE
  5
3BC
330
1CA
100
AcDbEntity
 67
1
  8
E-TEKHAT-SEMBOL
370
35
100
AcDbLine
 10
171.5
 20
350.0
 30
0.0
 11
171.5
 21
355.0
 31
0.0
  0
HATCH
  5
3BD
330
1CA
100
AcDbEntity
 67
1
  8
E-TEKHAT-SEMBOL
 62
7
100
AcDbHatch
 10
0.0
 20
0.0
 30
0.0
210
0.0
220
0.0
230
1.0
  2
SOLID
 70
1
 71
0
 91
1
 92
1
 93
1
 72
2
 10
171.5
 20
355.0
 40
0.5
 50
0.0
 51
360.0
 73
1
 97
0
 75
0
 76
1
 98
0
  0
LINE
  5
3BE
330
1CA
100
AcDbEntity
 67
1
  8
E-TEKHAT-SEMBOL
370
35
100
AcDbLine
 10
171.5
 20
355.0
 30
0.0
 11
176.5
 21
363.66025403784437
 31
0.0
  0
LINE
  5
3BF
330
1CA
100
AcDbEntity
 67
1
  8
E-TEKHAT-SEMBOL
370
35
100
AcDbLine
 10
171.5
 20
365.0
 30
0.0
 11
171.5
 21
370.0
 31
0.0
  0
LINE
  5
3C0
330
1CA
100
AcDbEntity
 67
1
  8
E-TEKHAT-SEMBOL
370
35
100
AcDbLine
 10
169.0
 20
362.5
 30
0.0
 11
174.0
 21
367.5
 31
0.0
  0
LINE
  5
3C1
330
1CA
100
AcDbEntity
 67
1
  8
E-TEKHAT-SEMBOL
370
35
100
AcDbLine
 10
169.0
 20
367.5
 30
0.0
 11
174.0
 21
362.5
 31
0.0
  0
LWPOLYLINE
  5
3C2
330
1CA
100
AcDbEntity
 67
1
  8
E-TEKHAT-SEMBOL
  6
DASHED
370
25
100
AcDbPolyline
 90
2
 70
0
 10
166.5
 20
355.0
 10
171.5
 20
355.0
  0
TEXT
  5
3C3
330
1CA
100
AcDbEntity
 67
1
  8
E-TEKHAT-YAZI
100
AcDbText
 10
175.5
 20
366.5
 30
0.0
 40
2.0
  1
-Q104
  7
GYM-B
 11
175.5
 21
366.5
 31
0.0
100
AcDbText
 73
2
  0
TEXT
  5
3C4
330
1CA
100
AcDbEntity
 67
1
  8
E-TEKHAT-YAZI
100
AcDbText
 10
175.5
 20
358.5
 30
0.0
 40
1.8
  1
1×10 A · C
  7
GYM
 11
175.5
 21
358.5
 31
0.0
100
AcDbText
 73
2
  0
LINE
  5
3C5
330
1CA
100
AcDbEntity
 67
1
  8
E-TEKHAT-TEL
370
35
100
AcDbLine
 10
169.0
 20
350.0
 30
0.0
 11
169.0
 21
312.0
 31
0.0
  0
CIRCLE
  5
3C6
330
1CA
100
AcDbEntity
 67
1
  8
E-TEKHAT-SEMBOL
370
25
100
AcDbCircle
 10
169.0
 20
312.0
 30
0.0
 40
1.0
  0
LINE
  5
3C7
330
1CA
100
AcDbEntity
 67
1
  8
E-TEKHAT-TEL
370
35
100
AcDbLine
 10
169.0
 20
311.0
 30
0.0
 11
169.0
 21
296.0
 31
0.0
  0
LINE
  5
3C8
330
1CA
100
AcDbEntity
 67
1
  8
E-TEKHAT-SEMBOL
370
25
100
AcDbLine
 10
165.0
 20
298.0
 30
0.0
 11
170.0
 21
303.0
 31
0.0
  0
LINE
  5
3C9
330
1CA
100
AcDbEntity
 67
1
  8
E-TEKHAT-SEMBOL
370
25
100
AcDbLine
 10
166.5
 20
299.5
 30
0.0
 11
171.5
 21
304.5
 31
0.0
  0
LINE
  5
3CA
330
1CA
100
AcDbEntity
 67
1
  8
E-TEKHAT-SEMBOL
370
25
100
AcDbLine
 10
168.0
 20
301.0
 30
0.0
 11
173.0
 21
306.0
 31
0.0
  0
LINE
  5
3CB
330
1CA
100
AcDbEntity
 67
1
  8
E-TEKHAT-SEMBOL
370
25
100
AcDbLine
 10
169.0
 20
294.0
 30
0.0
 11
166.25
 21
299.5
 31
0.0
  0
LINE
  5
3CC
330
1CA
100
AcDbEntity
 67
1
  8
E-TEKHAT-SEMBOL
370
25
100
AcDbLine
 10
169.0
 20
294.0
 30
0.0
 11
171.75
 21
299.5
 31
0.0
  0
LINE
  5
3CD
330
1CA
100
AcDbEntity
 67
1
  8
E-TEKHAT-TEL
370
35
100
AcDbLine
 10
195.0
 20
386.0
 30
0.0
 11
195.0
 21
370.0
 31
0.0
  0
HATCH
  5
3CE
330
1CA
100
AcDbEntity
 67
1
  8
E-TEKHAT-BARA
 62
7
100
AcDbHatch
 10
0.0
 20
0.0
 30
0.0
210
0.0
220
0.0
230
1.0
  2
SOLID
 70
1
 71
0
 91
1
 92
1
 93
1
 72
2
 10
195.0
 20
386.0
 40
0.5
 50
0.0
 51
360.0
 73
1
 97
0
 75
0
 76
1
 98
0
  0
LINE
  5
3CF
330
1CA
100
AcDbEntity
 67
1
  8
E-TEKHAT-SEMBOL
370
35
100
AcDbLine
 10
192.5
 20
350.0
 30
0.0
 11
192.5
 21
355.0
 31
0.0
  0
HATCH
  5
3D0
330
1CA
100
AcDbEntity
 67
1
  8
E-TEKHAT-SEMBOL
 62
7
100
AcDbHatch
 10
0.0
 20
0.0
 30
0.0
210
0.0
220
0.0
230
1.0
  2
SOLID
 70
1
 71
0
 91
1
 92
1
 93
1
 72
2
 10
192.5
 20
355.0
 40
0.5
 50
0.0
 51
360.0
 73
1
 97
0
 75
0
 76
1
 98
0
  0
LINE
  5
3D1
330
1CA
100
AcDbEntity
 67
1
  8
E-TEKHAT-SEMBOL
370
35
100
AcDbLine
 10
192.5
 20
355.0
 30
0.0
 11
197.5
 21
363.66025403784437
 31
0.0
  0
LINE
  5
3D2
330
1CA
100
AcDbEntity
 67
1
  8
E-TEKHAT-SEMBOL
370
35
100
AcDbLine
 10
192.5
 20
365.0
 30
0.0
 11
192.5
 21
370.0
 31
0.0
  0
LINE
  5
3D3
330
1CA
100
AcDbEntity
 67
1
  8
E-TEKHAT-SEMBOL
370
35
100
AcDbLine
 10
190.0
 20
362.5
 30
0.0
 11
195.0
 21
367.5
 31
0.0
  0
LINE
  5
3D4
330
1CA
100
AcDbEntity
 67
1
  8
E-TEKHAT-SEMBOL
370
35
100
AcDbLine
 10
190.0
 20
367.5
 30
0.0
 11
195.0
 21
362.5
 31
0.0
  0
LINE
  5
3D5
330
1CA
100
AcDbEntity
 67
1
  8
E-TEKHAT-SEMBOL
370
35
100
AcDbLine
 10
197.5
 20
350.0
 30
0.0
 11
197.5
 21
355.0
 31
0.0
  0
HATCH
  5
3D6
330
1CA
100
AcDbEntity
 67
1
  8
E-TEKHAT-SEMBOL
 62
7
100
AcDbHatch
 10
0.0
 20
0.0
 30
0.0
210
0.0
220
0.0
230
1.0
  2
SOLID
 70
1
 71
0
 91
1
 92
1
 93
1
 72
2
 10
197.5
 20
355.0
 40
0.5
 50
0.0
 51
360.0
 73
1
 97
0
 75
0
 76
1
 98
0
  0
LINE
  5
3D7
330
1CA
100
AcDbEntity
 67
1
  8
E-TEKHAT-SEMBOL
370
35
100
AcDbLine
 10
197.5
 20
355.0
 30
0.0
 11
202.5
 21
363.66025403784437
 31
0.0
  0
LINE
  5
3D8
330
1CA
100
AcDbEntity
 67
1
  8
E-TEKHAT-SEMBOL
370
35
100
AcDbLine
 10
197.5
 20
365.0
 30
0.0
 11
197.5
 21
370.0
 31
0.0
  0
LINE
  5
3D9
330
1CA
100
AcDbEntity
 67
1
  8
E-TEKHAT-SEMBOL
370
35
100
AcDbLine
 10
195.0
 20
362.5
 30
0.0
 11
200.0
 21
367.5
 31
0.0
  0
LINE
  5
3DA
330
1CA
100
AcDbEntity
 67
1
  8
E-TEKHAT-SEMBOL
370
35
100
AcDbLine
 10
195.0
 20
367.5
 30
0.0
 11
200.0
 21
362.5
 31
0.0
  0
LWPOLYLINE
  5
3DB
330
1CA
100
AcDbEntity
 67
1
  8
E-TEKHAT-SEMBOL
  6
DASHED
370
25
100
AcDbPolyline
 90
2
 70
0
 10
192.5
 20
355.0
 10
197.5
 20
355.0
  0
TEXT
  5
3DC
330
1CA
100
AcDbEntity
 67
1
  8
E-TEKHAT-YAZI
100
AcDbText
 10
201.5
 20
366.5
 30
0.0
 40
2.0
  1
-Q105
  7
GYM-B
 11
201.5
 21
366.5
 31
0.0
100
AcDbText
 73
2
  0
TEXT
  5
3DD
330
1CA
100
AcDbEntity
 67
1
  8
E-TEKHAT-YAZI
100
AcDbText
 10
201.5
 20
358.5
 30
0.0
 40
1.8
  1
1×6 A · C
  7
GYM
 11
201.5
 21
358.5
 31
0.0
100
AcDbText
 73
2
  0
LINE
  5
3DE
330
1CA
100
AcDbEntity
 67
1
  8
E-TEKHAT-TEL
370
35
100
AcDbLine
 10
195.0
 20
350.0
 30
0.0
 11
195.0
 21
312.0
 31
0.0
  0
CIRCLE
  5
3DF
330
1CA
100
AcDbEntity
 67
1
  8
E-TEKHAT-SEMBOL
370
25
100
AcDbCircle
 10
195.0
 20
312.0
 30
0.0
 40
1.0
  0
LINE
  5
3E0
330
1CA
100
AcDbEntity
 67
1
  8
E-TEKHAT-TEL
370
35
100
AcDbLine
 10
195.0
 20
311.0
 30
0.0
 11
195.0
 21
296.0
 31
0.0
  0
LINE
  5
3E1
330
1CA
100
AcDbEntity
 67
1
  8
E-TEKHAT-SEMBOL
370
25
100
AcDbLine
 10
191.0
 20
298.0
 30
0.0
 11
196.0
 21
303.0
 31
0.0
  0
LINE
  5
3E2
330
1CA
100
AcDbEntity
 67
1
  8
E-TEKHAT-SEMBOL
370
25
100
AcDbLine
 10
192.5
 20
299.5
 30
0.0
 11
197.5
 21
304.5
 31
0.0
  0
LINE
  5
3E3
330
1CA
100
AcDbEntity
 67
1
  8
E-TEKHAT-SEMBOL
370
25
100
AcDbLine
 10
194.0
 20
301.0
 30
0.0
 11
199.0
 21
306.0
 31
0.0
  0
LINE
  5
3E4
330
1CA
100
AcDbEntity
 67
1
  8
E-TEKHAT-SEMBOL
370
25
100
AcDbLine
 10
195.0
 20
294.0
 30
0.0
 11
192.25
 21
299.5
 31
0.0
  0
LINE
  5
3E5
330
1CA
100
AcDbEntity
 67
1
  8
E-TEKHAT-SEMBOL
370
25
100
AcDbLine
 10
195.0
 20
294.0
 30
0.0
 11
197.75
 21
299.5
 31
0.0
  0
LINE
  5
3E6
330
1CA
100
AcDbEntity
 67
1
  8
E-TEKHAT-TEL
370
35
100
AcDbLine
 10
221.0
 20
386.0
 30
0.0
 11
221.0
 21
370.0
 31
0.0
  0
HATCH
  5
3E7
330
1CA
100
AcDbEntity
 67
1
  8
E-TEKHAT-BARA
 62
7
100
AcDbHatch
 10
0.0
 20
0.0
 30
0.0
210
0.0
220
0.0
230
1.0
  2
SOLID
 70
1
 71
0
 91
1
 92
1
 93
1
 72
2
 10
221.0
 20
386.0
 40
0.5
 50
0.0
 51
360.0
 73
1
 97
0
 75
0
 76
1
 98
0
  0
LINE
  5
3E8
330
1CA
100
AcDbEntity
 67
1
  8
E-TEKHAT-SEMBOL
370
35
100
AcDbLine
 10
218.5
 20
350.0
 30
0.0
 11
218.5
 21
355.0
 31
0.0
  0
HATCH
  5
3E9
330
1CA
100
AcDbEntity
 67
1
  8
E-TEKHAT-SEMBOL
 62
7
100
AcDbHatch
 10
0.0
 20
0.0
 30
0.0
210
0.0
220
0.0
230
1.0
  2
SOLID
 70
1
 71
0
 91
1
 92
1
 93
1
 72
2
 10
218.5
 20
355.0
 40
0.5
 50
0.0
 51
360.0
 73
1
 97
0
 75
0
 76
1
 98
0
  0
LINE
  5
3EA
330
1CA
100
AcDbEntity
 67
1
  8
E-TEKHAT-SEMBOL
370
35
100
AcDbLine
 10
218.5
 20
355.0
 30
0.0
 11
223.5
 21
363.66025403784437
 31
0.0
  0
LINE
  5
3EB
330
1CA
100
AcDbEntity
 67
1
  8
E-TEKHAT-SEMBOL
370
35
100
AcDbLine
 10
218.5
 20
365.0
 30
0.0
 11
218.5
 21
370.0
 31
0.0
  0
LINE
  5
3EC
330
1CA
100
AcDbEntity
 67
1
  8
E-TEKHAT-SEMBOL
370
35
100
AcDbLine
 10
216.0
 20
362.5
 30
0.0
 11
221.0
 21
367.5
 31
0.0
  0
LINE
  5
3ED
330
1CA
100
AcDbEntity
 67
1
  8
E-TEKHAT-SEMBOL
370
35
100
AcDbLine
 10
216.0
 20
367.5
 30
0.0
 11
221.0
 21
362.5
 31
0.0
  0
LINE
  5
3EE
330
1CA
100
AcDbEntity
 67
1
  8
E-TEKHAT-SEMBOL
370
35
100
AcDbLine
 10
223.5
 20
350.0
 30
0.0
 11
223.5
 21
355.0
 31
0.0
  0
HATCH
  5
3EF
330
1CA
100
AcDbEntity
 67
1
  8
E-TEKHAT-SEMBOL
 62
7
100
AcDbHatch
 10
0.0
 20
0.0
 30
0.0
210
0.0
220
0.0
230
1.0
  2
SOLID
 70
1
 71
0
 91
1
 92
1
 93
1
 72
2
 10
223.5
 20
355.0
 40
0.5
 50
0.0
 51
360.0
 73
1
 97
0
 75
0
 76
1
 98
0
  0
LINE
  5
3F0
330
1CA
100
AcDbEntity
 67
1
  8
E-TEKHAT-SEMBOL
370
35
100
AcDbLine
 10
223.5
 20
355.0
 30
0.0
 11
228.5
 21
363.66025403784437
 31
0.0
  0
LINE
  5
3F1
330
1CA
100
AcDbEntity
 67
1
  8
E-TEKHAT-SEMBOL
370
35
100
AcDbLine
 10
223.5
 20
365.0
 30
0.0
 11
223.5
 21
370.0
 31
0.0
  0
LINE
  5
3F2
330
1CA
100
AcDbEntity
 67
1
  8
E-TEKHAT-SEMBOL
370
35
100
AcDbLine
 10
221.0
 20
362.5
 30
0.0
 11
226.0
 21
367.5
 31
0.0
  0
LINE
  5
3F3
330
1CA
100
AcDbEntity
 67
1
  8
E-TEKHAT-SEMBOL
370
35
100
AcDbLine
 10
221.0
 20
367.5
 30
0.0
 11
226.0
 21
362.5
 31
0.0
  0
LWPOLYLINE
  5
3F4
330
1CA
100
AcDbEntity
 67
1
  8
E-TEKHAT-SEMBOL
  6
DASHED
370
25
100
AcDbPolyline
 90
2
 70
0
 10
218.5
 20
355.0
 10
223.5
 20
355.0
  0
TEXT
  5
3F5
330
1CA
100
AcDbEntity
 67
1
  8
E-TEKHAT-YAZI
100
AcDbText
 10
227.5
 20
366.5
 30
0.0
 40
2.0
  1
-Q106
  7
GYM-B
 11
227.5
 21
366.5
 31
0.0
100
AcDbText
 73
2
  0
TEXT
  5
3F6
330
1CA
100
AcDbEntity
 67
1
  8
E-TEKHAT-YAZI
100
AcDbText
 10
227.5
 20
358.5
 30
0.0
 40
1.8
  1
1×16 A · C
  7
GYM
 11
227.5
 21
358.5
 31
0.0
100
AcDbText
 73
2
  0
LINE
  5
3F7
330
1CA
100
AcDbEntity
 67
1
  8
E-TEKHAT-TEL
370
35
100
AcDbLine
 10
221.0
 20
350.0
 30
0.0
 11
221.0
 21
312.0
 31
0.0
  0
CIRCLE
  5
3F8
330
1CA
100
AcDbEntity
 67
1
  8
E-TEKHAT-SEMBOL
370
25
100
AcDbCircle
 10
221.0
 20
312.0
 30
0.0
 40
1.0
  0
LINE
  5
3F9
330
1CA
100
AcDbEntity
 67
1
  8
E-TEKHAT-TEL
370
35
100
AcDbLine
 10
221.0
 20
311.0
 30
0.0
 11
221.0
 21
296.0
 31
0.0
  0
LINE
  5
3FA
330
1CA
100
AcDbEntity
 67
1
  8
E-TEKHAT-SEMBOL
370
25
100
AcDbLine
 10
217.0
 20
298.0
 30
0.0
 11
222.0
 21
303.0
 31
0.0
  0
LINE
  5
3FB
330
1CA
100
AcDbEntity
 67
1
  8
E-TEKHAT-SEMBOL
370
25
100
AcDbLine
 10
218.5
 20
299.5
 30
0.0
 11
223.5
 21
304.5
 31
0.0
  0
LINE
  5
3FC
330
1CA
100
AcDbEntity
 67
1
  8
E-TEKHAT-SEMBOL
370
25
100
AcDbLine
 10
220.0
 20
301.0
 30
0.0
 11
225.0
 21
306.0
 31
0.0
  0
LINE
  5
3FD
330
1CA
100
AcDbEntity
 67
1
  8
E-TEKHAT-SEMBOL
370
25
100
AcDbLine
 10
221.0
 20
294.0
 30
0.0
 11
218.25
 21
299.5
 31
0.0
  0
LINE
  5
3FE
330
1CA
100
AcDbEntity
 67
1
  8
E-TEKHAT-SEMBOL
370
25
100
AcDbLine
 10
221.0
 20
294.0
 30
0.0
 11
223.75
 21
299.5
 31
0.0
  0
LINE
  5
3FF
330
1CA
100
AcDbEntity
 67
1
  8
E-TEKHAT-TEL
370
35
100
AcDbLine
 10
247.0
 20
386.0
 30
0.0
 11
247.0
 21
370.0
 31
0.0
  0
HATCH
  5
400
330
1CA
100
AcDbEntity
 67
1
  8
E-TEKHAT-BARA
 62
7
100
AcDbHatch
 10
0.0
 20
0.0
 30
0.0
210
0.0
220
0.0
230
1.0
  2
SOLID
 70
1
 71
0
 91
1
 92
1
 93
1
 72
2
 10
247.0
 20
386.0
 40
0.5
 50
0.0
 51
360.0
 73
1
 97
0
 75
0
 76
1
 98
0
  0
LINE
  5
401
330
1CA
100
AcDbEntity
 67
1
  8
E-TEKHAT-SEMBOL
370
35
100
AcDbLine
 10
244.5
 20
350.0
 30
0.0
 11
244.5
 21
355.0
 31
0.0
  0
HATCH
  5
402
330
1CA
100
AcDbEntity
 67
1
  8
E-TEKHAT-SEMBOL
 62
7
100
AcDbHatch
 10
0.0
 20
0.0
 30
0.0
210
0.0
220
0.0
230
1.0
  2
SOLID
 70
1
 71
0
 91
1
 92
1
 93
1
 72
2
 10
244.5
 20
355.0
 40
0.5
 50
0.0
 51
360.0
 73
1
 97
0
 75
0
 76
1
 98
0
  0
LINE
  5
403
330
1CA
100
AcDbEntity
 67
1
  8
E-TEKHAT-SEMBOL
370
35
100
AcDbLine
 10
244.5
 20
355.0
 30
0.0
 11
249.5
 21
363.66025403784437
 31
0.0
  0
LINE
  5
404
330
1CA
100
AcDbEntity
 67
1
  8
E-TEKHAT-SEMBOL
370
35
100
AcDbLine
 10
244.5
 20
365.0
 30
0.0
 11
244.5
 21
370.0
 31
0.0
  0
LINE
  5
405
330
1CA
100
AcDbEntity
 67
1
  8
E-TEKHAT-SEMBOL
370
35
100
AcDbLine
 10
242.0
 20
362.5
 30
0.0
 11
247.0
 21
367.5
 31
0.0
  0
LINE
  5
406
330
1CA
100
AcDbEntity
 67
1
  8
E-TEKHAT-SEMBOL
370
35
100
AcDbLine
 10
242.0
 20
367.5
 30
0.0
 11
247.0
 21
362.5
 31
0.0
  0
LINE
  5
407
330
1CA
100
AcDbEntity
 67
1
  8
E-TEKHAT-SEMBOL
370
35
100
AcDbLine
 10
249.5
 20
350.0
 30
0.0
 11
249.5
 21
355.0
 31
0.0
  0
HATCH
  5
408
330
1CA
100
AcDbEntity
 67
1
  8
E-TEKHAT-SEMBOL
 62
7
100
AcDbHatch
 10
0.0
 20
0.0
 30
0.0
210
0.0
220
0.0
230
1.0
  2
SOLID
 70
1
 71
0
 91
1
 92
1
 93
1
 72
2
 10
249.5
 20
355.0
 40
0.5
 50
0.0
 51
360.0
 73
1
 97
0
 75
0
 76
1
 98
0
  0
LINE
  5
409
330
1CA
100
AcDbEntity
 67
1
  8
E-TEKHAT-SEMBOL
370
35
100
AcDbLine
 10
249.5
 20
355.0
 30
0.0
 11
254.5
 21
363.66025403784437
 31
0.0
  0
LINE
  5
40A
330
1CA
100
AcDbEntity
 67
1
  8
E-TEKHAT-SEMBOL
370
35
100
AcDbLine
 10
249.5
 20
365.0
 30
0.0
 11
249.5
 21
370.0
 31
0.0
  0
LINE
  5
40B
330
1CA
100
AcDbEntity
 67
1
  8
E-TEKHAT-SEMBOL
370
35
100
AcDbLine
 10
247.0
 20
362.5
 30
0.0
 11
252.0
 21
367.5
 31
0.0
  0
LINE
  5
40C
330
1CA
100
AcDbEntity
 67
1
  8
E-TEKHAT-SEMBOL
370
35
100
AcDbLine
 10
247.0
 20
367.5
 30
0.0
 11
252.0
 21
362.5
 31
0.0
  0
LWPOLYLINE
  5
40D
330
1CA
100
AcDbEntity
 67
1
  8
E-TEKHAT-SEMBOL
  6
DASHED
370
25
100
AcDbPolyline
 90
2
 70
0
 10
244.5
 20
355.0
 10
249.5
 20
355.0
  0
TEXT
  5
40E
330
1CA
100
AcDbEntity
 67
1
  8
E-TEKHAT-YAZI
100
AcDbText
 10
253.5
 20
366.5
 30
0.0
 40
2.0
  1
-Q107
  7
GYM-B
 11
253.5
 21
366.5
 31
0.0
100
AcDbText
 73
2
  0
TEXT
  5
40F
330
1CA
100
AcDbEntity
 67
1
  8
E-TEKHAT-YAZI
100
AcDbText
 10
253.5
 20
358.5
 30
0.0
 40
1.8
  1
1×16 A · C
  7
GYM
 11
253.5
 21
358.5
 31
0.0
100
AcDbText
 73
2
  0
LINE
  5
410
330
1CA
100
AcDbEntity
 67
1
  8
E-TEKHAT-TEL
370
35
100
AcDbLine
 10
247.0
 20
350.0
 30
0.0
 11
247.0
 21
312.0
 31
0.0
  0
CIRCLE
  5
411
330
1CA
100
AcDbEntity
 67
1
  8
E-TEKHAT-SEMBOL
370
25
100
AcDbCircle
 10
247.0
 20
312.0
 30
0.0
 40
1.0
  0
LINE
  5
412
330
1CA
100
AcDbEntity
 67
1
  8
E-TEKHAT-TEL
370
35
100
AcDbLine
 10
247.0
 20
311.0
 30
0.0
 11
247.0
 21
296.0
 31
0.0
  0
LINE
  5
413
330
1CA
100
AcDbEntity
 67
1
  8
E-TEKHAT-SEMBOL
370
25
100
AcDbLine
 10
243.0
 20
298.0
 30
0.0
 11
248.0
 21
303.0
 31
0.0
  0
LINE
  5
414
330
1CA
100
AcDbEntity
 67
1
  8
E-TEKHAT-SEMBOL
370
25
100
AcDbLine
 10
244.5
 20
299.5
 30
0.0
 11
249.5
 21
304.5
 31
0.0
  0
LINE
  5
415
330
1CA
100
AcDbEntity
 67
1
  8
E-TEKHAT-SEMBOL
370
25
100
AcDbLine
 10
246.0
 20
301.0
 30
0.0
 11
251.0
 21
306.0
 31
0.0
  0
LINE
  5
416
330
1CA
100
AcDbEntity
 67
1
  8
E-TEKHAT-SEMBOL
370
25
100
AcDbLine
 10
247.0
 20
294.0
 30
0.0
 11
244.25
 21
299.5
 31
0.0
  0
LINE
  5
417
330
1CA
100
AcDbEntity
 67
1
  8
E-TEKHAT-SEMBOL
370
25
100
AcDbLine
 10
247.0
 20
294.0
 30
0.0
 11
249.75
 21
299.5
 31
0.0
  0
LINE
  5
418
330
1CA
100
AcDbEntity
 67
1
  8
E-TEKHAT-TEL
370
35
100
AcDbLine
 10
273.0
 20
386.0
 30
0.0
 11
273.0
 21
370.0
 31
0.0
  0
HATCH
  5
419
330
1CA
100
AcDbEntity
 67
1
  8
E-TEKHAT-BARA
 62
7
100
AcDbHatch
 10
0.0
 20
0.0
 30
0.0
210
0.0
220
0.0
230
1.0
  2
SOLID
 70
1
 71
0
 91
1
 92
1
 93
1
 72
2
 10
273.0
 20
386.0
 40
0.5
 50
0.0
 51
360.0
 73
1
 97
0
 75
0
 76
1
 98
0
  0
LINE
  5
41A
330
1CA
100
AcDbEntity
 67
1
  8
E-TEKHAT-SEMBOL
370
35
100
AcDbLine
 10
270.5
 20
350.0
 30
0.0
 11
270.5
 21
355.0
 31
0.0
  0
HATCH
  5
41B
330
1CA
100
AcDbEntity
 67
1
  8
E-TEKHAT-SEMBOL
 62
7
100
AcDbHatch
 10
0.0
 20
0.0
 30
0.0
210
0.0
220
0.0
230
1.0
  2
SOLID
 70
1
 71
0
 91
1
 92
1
 93
1
 72
2
 10
270.5
 20
355.0
 40
0.5
 50
0.0
 51
360.0
 73
1
 97
0
 75
0
 76
1
 98
0
  0
LINE
  5
41C
330
1CA
100
AcDbEntity
 67
1
  8
E-TEKHAT-SEMBOL
370
35
100
AcDbLine
 10
270.5
 20
355.0
 30
0.0
 11
275.5
 21
363.66025403784437
 31
0.0
  0
LINE
  5
41D
330
1CA
100
AcDbEntity
 67
1
  8
E-TEKHAT-SEMBOL
370
35
100
AcDbLine
 10
270.5
 20
365.0
 30
0.0
 11
270.5
 21
370.0
 31
0.0
  0
LINE
  5
41E
330
1CA
100
AcDbEntity
 67
1
  8
E-TEKHAT-SEMBOL
370
35
100
AcDbLine
 10
268.0
 20
362.5
 30
0.0
 11
273.0
 21
367.5
 31
0.0
  0
LINE
  5
41F
330
1CA
100
AcDbEntity
 67
1
  8
E-TEKHAT-SEMBOL
370
35
100
AcDbLine
 10
268.0
 20
367.5
 30
0.0
 11
273.0
 21
362.5
 31
0.0
  0
LINE
  5
420
330
1CA
100
AcDbEntity
 67
1
  8
E-TEKHAT-SEMBOL
370
35
100
AcDbLine
 10
275.5
 20
350.0
 30
0.0
 11
275.5
 21
355.0
 31
0.0
  0
HATCH
  5
421
330
1CA
100
AcDbEntity
 67
1
  8
E-TEKHAT-SEMBOL
 62
7
100
AcDbHatch
 10
0.0
 20
0.0
 30
0.0
210
0.0
220
0.0
230
1.0
  2
SOLID
 70
1
 71
0
 91
1
 92
1
 93
1
 72
2
 10
275.5
 20
355.0
 40
0.5
 50
0.0
 51
360.0
 73
1
 97
0
 75
0
 76
1
 98
0
  0
LINE
  5
422
330
1CA
100
AcDbEntity
 67
1
  8
E-TEKHAT-SEMBOL
370
35
100
AcDbLine
 10
275.5
 20
355.0
 30
0.0
 11
280.5
 21
363.66025403784437
 31
0.0
  0
LINE
  5
423
330
1CA
100
AcDbEntity
 67
1
  8
E-TEKHAT-SEMBOL
370
35
100
AcDbLine
 10
275.5
 20
365.0
 30
0.0
 11
275.5
 21
370.0
 31
0.0
  0
LINE
  5
424
330
1CA
100
AcDbEntity
 67
1
  8
E-TEKHAT-SEMBOL
370
35
100
AcDbLine
 10
273.0
 20
362.5
 30
0.0
 11
278.0
 21
367.5
 31
0.0
  0
LINE
  5
425
330
1CA
100
AcDbEntity
 67
1
  8
E-TEKHAT-SEMBOL
370
35
100
AcDbLine
 10
273.0
 20
367.5
 30
0.0
 11
278.0
 21
362.5
 31
0.0
  0
LWPOLYLINE
  5
426
330
1CA
100
AcDbEntity
 67
1
  8
E-TEKHAT-SEMBOL
  6
DASHED
370
25
100
AcDbPolyline
 90
2
 70
0
 10
270.5
 20
355.0
 10
275.5
 20
355.0
  0
TEXT
  5
427
330
1CA
100
AcDbEntity
 67
1
  8
E-TEKHAT-YAZI
100
AcDbText
 10
279.5
 20
366.5
 30
0.0
 40
2.0
  1
-Q108
  7
GYM-B
 11
279.5
 21
366.5
 31
0.0
100
AcDbText
 73
2
  0
TEXT
  5
428
330
1CA
100
AcDbEntity
 67
1
  8
E-TEKHAT-YAZI
100
AcDbText
 10
279.5
 20
358.5
 30
0.0
 40
1.8
  1
1×16 A · C
  7
GYM
 11
279.5
 21
358.5
 31
0.0
100
AcDbText
 73
2
  0
LINE
  5
429
330
1CA
100
AcDbEntity
 67
1
  8
E-TEKHAT-TEL
370
35
100
AcDbLine
 10
273.0
 20
350.0
 30
0.0
 11
273.0
 21
312.0
 31
0.0
  0
CIRCLE
  5
42A
330
1CA
100
AcDbEntity
 67
1
  8
E-TEKHAT-SEMBOL
370
25
100
AcDbCircle
 10
273.0
 20
312.0
 30
0.0
 40
1.0
  0
LINE
  5
42B
330
1CA
100
AcDbEntity
 67
1
  8
E-TEKHAT-TEL
370
35
100
AcDbLine
 10
273.0
 20
311.0
 30
0.0
 11
273.0
 21
296.0
 31
0.0
  0
LINE
  5
42C
330
1CA
100
AcDbEntity
 67
1
  8
E-TEKHAT-SEMBOL
370
25
100
AcDbLine
 10
269.0
 20
298.0
 30
0.0
 11
274.0
 21
303.0
 31
0.0
  0
LINE
  5
42D
330
1CA
100
AcDbEntity
 67
1
  8
E-TEKHAT-SEMBOL
370
25
100
AcDbLine
 10
270.5
 20
299.5
 30
0.0
 11
275.5
 21
304.5
 31
0.0
  0
LINE
  5
42E
330
1CA
100
AcDbEntity
 67
1
  8
E-TEKHAT-SEMBOL
370
25
100
AcDbLine
 10
272.0
 20
301.0
 30
0.0
 11
277.0
 21
306.0
 31
0.0
  0
LINE
  5
42F
330
1CA
100
AcDbEntity
 67
1
  8
E-TEKHAT-SEMBOL
370
25
100
AcDbLine
 10
273.0
 20
294.0
 30
0.0
 11
270.25
 21
299.5
 31
0.0
  0
LINE
  5
430
330
1CA
100
AcDbEntity
 67
1
  8
E-TEKHAT-SEMBOL
370
25
100
AcDbLine
 10
273.0
 20
294.0
 30
0.0
 11
275.75
 21
299.5
 31
0.0
  0
LINE
  5
431
330
1CA
100
AcDbEntity
 67
1
  8
E-TEKHAT-TEL
370
35
100
AcDbLine
 10
299.0
 20
386.0
 30
0.0
 11
299.0
 21
370.0
 31
0.0
  0
HATCH
  5
432
330
1CA
100
AcDbEntity
 67
1
  8
E-TEKHAT-BARA
 62
7
100
AcDbHatch
 10
0.0
 20
0.0
 30
0.0
210
0.0
220
0.0
230
1.0
  2
SOLID
 70
1
 71
0
 91
1
 92
1
 93
1
 72
2
 10
299.0
 20
386.0
 40
0.5
 50
0.0
 51
360.0
 73
1
 97
0
 75
0
 76
1
 98
0
  0
LINE
  5
433
330
1CA
100
AcDbEntity
 67
1
  8
E-TEKHAT-SEMBOL
370
35
100
AcDbLine
 10
296.5
 20
350.0
 30
0.0
 11
296.5
 21
355.0
 31
0.0
  0
HATCH
  5
434
330
1CA
100
AcDbEntity
 67
1
  8
E-TEKHAT-SEMBOL
 62
7
100
AcDbHatch
 10
0.0
 20
0.0
 30
0.0
210
0.0
220
0.0
230
1.0
  2
SOLID
 70
1
 71
0
 91
1
 92
1
 93
1
 72
2
 10
296.5
 20
355.0
 40
0.5
 50
0.0
 51
360.0
 73
1
 97
0
 75
0
 76
1
 98
0
  0
LINE
  5
435
330
1CA
100
AcDbEntity
 67
1
  8
E-TEKHAT-SEMBOL
370
35
100
AcDbLine
 10
296.5
 20
355.0
 30
0.0
 11
301.5
 21
363.66025403784437
 31
0.0
  0
LINE
  5
436
330
1CA
100
AcDbEntity
 67
1
  8
E-TEKHAT-SEMBOL
370
35
100
AcDbLine
 10
296.5
 20
365.0
 30
0.0
 11
296.5
 21
370.0
 31
0.0
  0
LINE
  5
437
330
1CA
100
AcDbEntity
 67
1
  8
E-TEKHAT-SEMBOL
370
35
100
AcDbLine
 10
294.0
 20
362.5
 30
0.0
 11
299.0
 21
367.5
 31
0.0
  0
LINE
  5
438
330
1CA
100
AcDbEntity
 67
1
  8
E-TEKHAT-SEMBOL
370
35
100
AcDbLine
 10
294.0
 20
367.5
 30
0.0
 11
299.0
 21
362.5
 31
0.0
  0
LINE
  5
439
330
1CA
100
AcDbEntity
 67
1
  8
E-TEKHAT-SEMBOL
370
35
100
AcDbLine
 10
301.5
 20
350.0
 30
0.0
 11
301.5
 21
355.0
 31
0.0
  0
HATCH
  5
43A
330
1CA
100
AcDbEntity
 67
1
  8
E-TEKHAT-SEMBOL
 62
7
100
AcDbHatch
 10
0.0
 20
0.0
 30
0.0
210
0.0
220
0.0
230
1.0
  2
SOLID
 70
1
 71
0
 91
1
 92
1
 93
1
 72
2
 10
301.5
 20
355.0
 40
0.5
 50
0.0
 51
360.0
 73
1
 97
0
 75
0
 76
1
 98
0
  0
LINE
  5
43B
330
1CA
100
AcDbEntity
 67
1
  8
E-TEKHAT-SEMBOL
370
35
100
AcDbLine
 10
301.5
 20
355.0
 30
0.0
 11
306.5
 21
363.66025403784437
 31
0.0
  0
LINE
  5
43C
330
1CA
100
AcDbEntity
 67
1
  8
E-TEKHAT-SEMBOL
370
35
100
AcDbLine
 10
301.5
 20
365.0
 30
0.0
 11
301.5
 21
370.0
 31
0.0
  0
LINE
  5
43D
330
1CA
100
AcDbEntity
 67
1
  8
E-TEKHAT-SEMBOL
370
35
100
AcDbLine
 10
299.0
 20
362.5
 30
0.0
 11
304.0
 21
367.5
 31
0.0
  0
LINE
  5
43E
330
1CA
100
AcDbEntity
 67
1
  8
E-TEKHAT-SEMBOL
370
35
100
AcDbLine
 10
299.0
 20
367.5
 30
0.0
 11
304.0
 21
362.5
 31
0.0
  0
LWPOLYLINE
  5
43F
330
1CA
100
AcDbEntity
 67
1
  8
E-TEKHAT-SEMBOL
  6
DASHED
370
25
100
AcDbPolyline
 90
2
 70
0
 10
296.5
 20
355.0
 10
301.5
 20
355.0
  0
TEXT
  5
440
330
1CA
100
AcDbEntity
 67
1
  8
E-TEKHAT-YAZI
100
AcDbText
 10
305.5
 20
366.5
 30
0.0
 40
2.0
  1
-Q109
  7
GYM-B
 11
305.5
 21
366.5
 31
0.0
100
AcDbText
 73
2
  0
TEXT
  5
441
330
1CA
100
AcDbEntity
 67
1
  8
E-TEKHAT-YAZI
100
AcDbText
 10
305.5
 20
358.5
 30
0.0
 40
1.8
  1
1×16 A · C
  7
GYM
 11
305.5
 21
358.5
 31
0.0
100
AcDbText
 73
2
  0
LINE
  5
442
330
1CA
100
AcDbEntity
 67
1
  8
E-TEKHAT-TEL
370
35
100
AcDbLine
 10
299.0
 20
350.0
 30
0.0
 11
299.0
 21
312.0
 31
0.0
  0
CIRCLE
  5
443
330
1CA
100
AcDbEntity
 67
1
  8
E-TEKHAT-SEMBOL
370
25
100
AcDbCircle
 10
299.0
 20
312.0
 30
0.0
 40
1.0
  0
LINE
  5
444
330
1CA
100
AcDbEntity
 67
1
  8
E-TEKHAT-TEL
370
35
100
AcDbLine
 10
299.0
 20
311.0
 30
0.0
 11
299.0
 21
296.0
 31
0.0
  0
LINE
  5
445
330
1CA
100
AcDbEntity
 67
1
  8
E-TEKHAT-SEMBOL
370
25
100
AcDbLine
 10
295.0
 20
298.0
 30
0.0
 11
300.0
 21
303.0
 31
0.0
  0
LINE
  5
446
330
1CA
100
AcDbEntity
 67
1
  8
E-TEKHAT-SEMBOL
370
25
100
AcDbLine
 10
296.5
 20
299.5
 30
0.0
 11
301.5
 21
304.5
 31
0.0
  0
LINE
  5
447
330
1CA
100
AcDbEntity
 67
1
  8
E-TEKHAT-SEMBOL
370
25
100
AcDbLine
 10
298.0
 20
301.0
 30
0.0
 11
303.0
 21
306.0
 31
0.0
  0
LINE
  5
448
330
1CA
100
AcDbEntity
 67
1
  8
E-TEKHAT-SEMBOL
370
25
100
AcDbLine
 10
299.0
 20
294.0
 30
0.0
 11
296.25
 21
299.5
 31
0.0
  0
LINE
  5
449
330
1CA
100
AcDbEntity
 67
1
  8
E-TEKHAT-SEMBOL
370
25
100
AcDbLine
 10
299.0
 20
294.0
 30
0.0
 11
301.75
 21
299.5
 31
0.0
  0
LINE
  5
44A
330
1CA
100
AcDbEntity
 67
1
  8
E-TEKHAT-TEL
370
35
100
AcDbLine
 10
325.0
 20
386.0
 30
0.0
 11
325.0
 21
370.0
 31
0.0
  0
HATCH
  5
44B
330
1CA
100
AcDbEntity
 67
1
  8
E-TEKHAT-BARA
 62
7
100
AcDbHatch
 10
0.0
 20
0.0
 30
0.0
210
0.0
220
0.0
230
1.0
  2
SOLID
 70
1
 71
0
 91
1
 92
1
 93
1
 72
2
 10
325.0
 20
386.0
 40
0.5
 50
0.0
 51
360.0
 73
1
 97
0
 75
0
 76
1
 98
0
  0
LINE
  5
44C
330
1CA
100
AcDbEntity
 67
1
  8
E-TEKHAT-SEMBOL
370
35
100
AcDbLine
 10
322.5
 20
350.0
 30
0.0
 11
322.5
 21
355.0
 31
0.0
  0
HATCH
  5
44D
330
1CA
100
AcDbEntity
 67
1
  8
E-TEKHAT-SEMBOL
 62
7
100
AcDbHatch
 10
0.0
 20
0.0
 30
0.0
210
0.0
220
0.0
230
1.0
  2
SOLID
 70
1
 71
0
 91
1
 92
1
 93
1
 72
2
 10
322.5
 20
355.0
 40
0.5
 50
0.0
 51
360.0
 73
1
 97
0
 75
0
 76
1
 98
0
  0
LINE
  5
44E
330
1CA
100
AcDbEntity
 67
1
  8
E-TEKHAT-SEMBOL
370
35
100
AcDbLine
 10
322.5
 20
355.0
 30
0.0
 11
327.5
 21
363.66025403784437
 31
0.0
  0
LINE
  5
44F
330
1CA
100
AcDbEntity
 67
1
  8
E-TEKHAT-SEMBOL
370
35
100
AcDbLine
 10
322.5
 20
365.0
 30
0.0
 11
322.5
 21
370.0
 31
0.0
  0
LINE
  5
450
330
1CA
100
AcDbEntity
 67
1
  8
E-TEKHAT-SEMBOL
370
35
100
AcDbLine
 10
320.0
 20
362.5
 30
0.0
 11
325.0
 21
367.5
 31
0.0
  0
LINE
  5
451
330
1CA
100
AcDbEntity
 67
1
  8
E-TEKHAT-SEMBOL
370
35
100
AcDbLine
 10
320.0
 20
367.5
 30
0.0
 11
325.0
 21
362.5
 31
0.0
  0
LINE
  5
452
330
1CA
100
AcDbEntity
 67
1
  8
E-TEKHAT-SEMBOL
370
35
100
AcDbLine
 10
327.5
 20
350.0
 30
0.0
 11
327.5
 21
355.0
 31
0.0
  0
HATCH
  5
453
330
1CA
100
AcDbEntity
 67
1
  8
E-TEKHAT-SEMBOL
 62
7
100
AcDbHatch
 10
0.0
 20
0.0
 30
0.0
210
0.0
220
0.0
230
1.0
  2
SOLID
 70
1
 71
0
 91
1
 92
1
 93
1
 72
2
 10
327.5
 20
355.0
 40
0.5
 50
0.0
 51
360.0
 73
1
 97
0
 75
0
 76
1
 98
0
  0
LINE
  5
454
330
1CA
100
AcDbEntity
 67
1
  8
E-TEKHAT-SEMBOL
370
35
100
AcDbLine
 10
327.5
 20
355.0
 30
0.0
 11
332.5
 21
363.66025403784437
 31
0.0
  0
LINE
  5
455
330
1CA
100
AcDbEntity
 67
1
  8
E-TEKHAT-SEMBOL
370
35
100
AcDbLine
 10
327.5
 20
365.0
 30
0.0
 11
327.5
 21
370.0
 31
0.0
  0
LINE
  5
456
330
1CA
100
AcDbEntity
 67
1
  8
E-TEKHAT-SEMBOL
370
35
100
AcDbLine
 10
325.0
 20
362.5
 30
0.0
 11
330.0
 21
367.5
 31
0.0
  0
LINE
  5
457
330
1CA
100
AcDbEntity
 67
1
  8
E-TEKHAT-SEMBOL
370
35
100
AcDbLine
 10
325.0
 20
367.5
 30
0.0
 11
330.0
 21
362.5
 31
0.0
  0
LWPOLYLINE
  5
458
330
1CA
100
AcDbEntity
 67
1
  8
E-TEKHAT-SEMBOL
  6
DASHED
370
25
100
AcDbPolyline
 90
2
 70
0
 10
322.5
 20
355.0
 10
327.5
 20
355.0
  0
TEXT
  5
459
330
1CA
100
AcDbEntity
 67
1
  8
E-TEKHAT-YAZI
100
AcDbText
 10
331.5
 20
366.5
 30
0.0
 40
2.0
  1
-Q110
  7
GYM-B
 11
331.5
 21
366.5
 31
0.0
100
AcDbText
 73
2
  0
TEXT
  5
45A
330
1CA
100
AcDbEntity
 67
1
  8
E-TEKHAT-YAZI
100
AcDbText
 10
331.5
 20
358.5
 30
0.0
 40
1.8
  1
1×16 A · C
  7
GYM
 11
331.5
 21
358.5
 31
0.0
100
AcDbText
 73
2
  0
LINE
  5
45B
330
1CA
100
AcDbEntity
 67
1
  8
E-TEKHAT-TEL
370
35
100
AcDbLine
 10
325.0
 20
350.0
 30
0.0
 11
325.0
 21
312.0
 31
0.0
  0
CIRCLE
  5
45C
330
1CA
100
AcDbEntity
 67
1
  8
E-TEKHAT-SEMBOL
370
25
100
AcDbCircle
 10
325.0
 20
312.0
 30
0.0
 40
1.0
  0
LINE
  5
45D
330
1CA
100
AcDbEntity
 67
1
  8
E-TEKHAT-TEL
370
35
100
AcDbLine
 10
325.0
 20
311.0
 30
0.0
 11
325.0
 21
296.0
 31
0.0
  0
LINE
  5
45E
330
1CA
100
AcDbEntity
 67
1
  8
E-TEKHAT-SEMBOL
370
25
100
AcDbLine
 10
321.0
 20
298.0
 30
0.0
 11
326.0
 21
303.0
 31
0.0
  0
LINE
  5
45F
330
1CA
100
AcDbEntity
 67
1
  8
E-TEKHAT-SEMBOL
370
25
100
AcDbLine
 10
322.5
 20
299.5
 30
0.0
 11
327.5
 21
304.5
 31
0.0
  0
LINE
  5
460
330
1CA
100
AcDbEntity
 67
1
  8
E-TEKHAT-SEMBOL
370
25
100
AcDbLine
 10
324.0
 20
301.0
 30
0.0
 11
329.0
 21
306.0
 31
0.0
  0
LINE
  5
461
330
1CA
100
AcDbEntity
 67
1
  8
E-TEKHAT-SEMBOL
370
25
100
AcDbLine
 10
325.0
 20
294.0
 30
0.0
 11
322.25
 21
299.5
 31
0.0
  0
LINE
  5
462
330
1CA
100
AcDbEntity
 67
1
  8
E-TEKHAT-SEMBOL
370
25
100
AcDbLine
 10
325.0
 20
294.0
 30
0.0
 11
327.75
 21
299.5
 31
0.0
  0
LINE
  5
463
330
1CA
100
AcDbEntity
 67
1
  8
E-TEKHAT-TEL
370
35
100
AcDbLine
 10
351.0
 20
386.0
 30
0.0
 11
351.0
 21
370.0
 31
0.0
  0
HATCH
  5
464
330
1CA
100
AcDbEntity
 67
1
  8
E-TEKHAT-BARA
 62
7
100
AcDbHatch
 10
0.0
 20
0.0
 30
0.0
210
0.0
220
0.0
230
1.0
  2
SOLID
 70
1
 71
0
 91
1
 92
1
 93
1
 72
2
 10
351.0
 20
386.0
 40
0.5
 50
0.0
 51
360.0
 73
1
 97
0
 75
0
 76
1
 98
0
  0
LINE
  5
465
330
1CA
100
AcDbEntity
 67
1
  8
E-TEKHAT-SEMBOL
370
35
100
AcDbLine
 10
348.5
 20
350.0
 30
0.0
 11
348.5
 21
355.0
 31
0.0
  0
HATCH
  5
466
330
1CA
100
AcDbEntity
 67
1
  8
E-TEKHAT-SEMBOL
 62
7
100
AcDbHatch
 10
0.0
 20
0.0
 30
0.0
210
0.0
220
0.0
230
1.0
  2
SOLID
 70
1
 71
0
 91
1
 92
1
 93
1
 72
2
 10
348.5
 20
355.0
 40
0.5
 50
0.0
 51
360.0
 73
1
 97
0
 75
0
 76
1
 98
0
  0
LINE
  5
467
330
1CA
100
AcDbEntity
 67
1
  8
E-TEKHAT-SEMBOL
370
35
100
AcDbLine
 10
348.5
 20
355.0
 30
0.0
 11
353.5
 21
363.66025403784437
 31
0.0
  0
LINE
  5
468
330
1CA
100
AcDbEntity
 67
1
  8
E-TEKHAT-SEMBOL
370
35
100
AcDbLine
 10
348.5
 20
365.0
 30
0.0
 11
348.5
 21
370.0
 31
0.0
  0
LINE
  5
469
330
1CA
100
AcDbEntity
 67
1
  8
E-TEKHAT-SEMBOL
370
35
100
AcDbLine
 10
346.0
 20
362.5
 30
0.0
 11
351.0
 21
367.5
 31
0.0
  0
LINE
  5
46A
330
1CA
100
AcDbEntity
 67
1
  8
E-TEKHAT-SEMBOL
370
35
100
AcDbLine
 10
346.0
 20
367.5
 30
0.0
 11
351.0
 21
362.5
 31
0.0
  0
LINE
  5
46B
330
1CA
100
AcDbEntity
 67
1
  8
E-TEKHAT-SEMBOL
370
35
100
AcDbLine
 10
353.5
 20
350.0
 30
0.0
 11
353.5
 21
355.0
 31
0.0
  0
HATCH
  5
46C
330
1CA
100
AcDbEntity
 67
1
  8
E-TEKHAT-SEMBOL
 62
7
100
AcDbHatch
 10
0.0
 20
0.0
 30
0.0
210
0.0
220
0.0
230
1.0
  2
SOLID
 70
1
 71
0
 91
1
 92
1
 93
1
 72
2
 10
353.5
 20
355.0
 40
0.5
 50
0.0
 51
360.0
 73
1
 97
0
 75
0
 76
1
 98
0
  0
LINE
  5
46D
330
1CA
100
AcDbEntity
 67
1
  8
E-TEKHAT-SEMBOL
370
35
100
AcDbLine
 10
353.5
 20
355.0
 30
0.0
 11
358.5
 21
363.66025403784437
 31
0.0
  0
LINE
  5
46E
330
1CA
100
AcDbEntity
 67
1
  8
E-TEKHAT-SEMBOL
370
35
100
AcDbLine
 10
353.5
 20
365.0
 30
0.0
 11
353.5
 21
370.0
 31
0.0
  0
LINE
  5
46F
330
1CA
100
AcDbEntity
 67
1
  8
E-TEKHAT-SEMBOL
370
35
100
AcDbLine
 10
351.0
 20
362.5
 30
0.0
 11
356.0
 21
367.5
 31
0.0
  0
LINE
  5
470
330
1CA
100
AcDbEntity
 67
1
  8
E-TEKHAT-SEMBOL
370
35
100
AcDbLine
 10
351.0
 20
367.5
 30
0.0
 11
356.0
 21
362.5
 31
0.0
  0
LWPOLYLINE
  5
471
330
1CA
100
AcDbEntity
 67
1
  8
E-TEKHAT-SEMBOL
  6
DASHED
370
25
100
AcDbPolyline
 90
2
 70
0
 10
348.5
 20
355.0
 10
353.5
 20
355.0
  0
TEXT
  5
472
330
1CA
100
AcDbEntity
 67
1
  8
E-TEKHAT-YAZI
100
AcDbText
 10
357.5
 20
366.5
 30
0.0
 40
2.0
  1
-Q111
  7
GYM-B
 11
357.5
 21
366.5
 31
0.0
100
AcDbText
 73
2
  0
TEXT
  5
473
330
1CA
100
AcDbEntity
 67
1
  8
E-TEKHAT-YAZI
100
AcDbText
 10
357.5
 20
358.5
 30
0.0
 40
1.8
  1
1×10 A · C
  7
GYM
 11
357.5
 21
358.5
 31
0.0
100
AcDbText
 73
2
  0
LINE
  5
474
330
1CA
100
AcDbEntity
 67
1
  8
E-TEKHAT-TEL
370
35
100
AcDbLine
 10
351.0
 20
350.0
 30
0.0
 11
351.0
 21
312.0
 31
0.0
  0
CIRCLE
  5
475
330
1CA
100
AcDbEntity
 67
1
  8
E-TEKHAT-SEMBOL
370
25
100
AcDbCircle
 10
351.0
 20
312.0
 30
0.0
 40
1.0
  0
LINE
  5
476
330
1CA
100
AcDbEntity
 67
1
  8
E-TEKHAT-TEL
370
35
100
AcDbLine
 10
351.0
 20
311.0
 30
0.0
 11
351.0
 21
296.0
 31
0.0
  0
LINE
  5
477
330
1CA
100
AcDbEntity
 67
1
  8
E-TEKHAT-SEMBOL
370
25
100
AcDbLine
 10
347.0
 20
298.0
 30
0.0
 11
352.0
 21
303.0
 31
0.0
  0
LINE
  5
478
330
1CA
100
AcDbEntity
 67
1
  8
E-TEKHAT-SEMBOL
370
25
100
AcDbLine
 10
348.5
 20
299.5
 30
0.0
 11
353.5
 21
304.5
 31
0.0
  0
LINE
  5
479
330
1CA
100
AcDbEntity
 67
1
  8
E-TEKHAT-SEMBOL
370
25
100
AcDbLine
 10
350.0
 20
301.0
 30
0.0
 11
355.0
 21
306.0
 31
0.0
  0
LINE
  5
47A
330
1CA
100
AcDbEntity
 67
1
  8
E-TEKHAT-SEMBOL
370
25
100
AcDbLine
 10
351.0
 20
294.0
 30
0.0
 11
348.25
 21
299.5
 31
0.0
  0
LINE
  5
47B
330
1CA
100
AcDbEntity
 67
1
  8
E-TEKHAT-SEMBOL
370
25
100
AcDbLine
 10
351.0
 20
294.0
 30
0.0
 11
353.75
 21
299.5
 31
0.0
  0
LINE
  5
47C
330
1CA
100
AcDbEntity
 67
1
  8
E-TEKHAT-TEL
370
35
100
AcDbLine
 10
377.0
 20
386.0
 30
0.0
 11
377.0
 21
370.0
 31
0.0
  0
HATCH
  5
47D
330
1CA
100
AcDbEntity
 67
1
  8
E-TEKHAT-BARA
 62
7
100
AcDbHatch
 10
0.0
 20
0.0
 30
0.0
210
0.0
220
0.0
230
1.0
  2
SOLID
 70
1
 71
0
 91
1
 92
1
 93
1
 72
2
 10
377.0
 20
386.0
 40
0.5
 50
0.0
 51
360.0
 73
1
 97
0
 75
0
 76
1
 98
0
  0
LINE
  5
47E
330
1CA
100
AcDbEntity
 67
1
  8
E-TEKHAT-SEMBOL
370
35
100
AcDbLine
 10
374.5
 20
350.0
 30
0.0
 11
374.5
 21
355.0
 31
0.0
  0
HATCH
  5
47F
330
1CA
100
AcDbEntity
 67
1
  8
E-TEKHAT-SEMBOL
 62
7
100
AcDbHatch
 10
0.0
 20
0.0
 30
0.0
210
0.0
220
0.0
230
1.0
  2
SOLID
 70
1
 71
0
 91
1
 92
1
 93
1
 72
2
 10
374.5
 20
355.0
 40
0.5
 50
0.0
 51
360.0
 73
1
 97
0
 75
0
 76
1
 98
0
  0
LINE
  5
480
330
1CA
100
AcDbEntity
 67
1
  8
E-TEKHAT-SEMBOL
370
35
100
AcDbLine
 10
374.5
 20
355.0
 30
0.0
 11
379.5
 21
363.66025403784437
 31
0.0
  0
LINE
  5
481
330
1CA
100
AcDbEntity
 67
1
  8
E-TEKHAT-SEMBOL
370
35
100
AcDbLine
 10
374.5
 20
365.0
 30
0.0
 11
374.5
 21
370.0
 31
0.0
  0
LINE
  5
482
330
1CA
100
AcDbEntity
 67
1
  8
E-TEKHAT-SEMBOL
370
35
100
AcDbLine
 10
372.0
 20
362.5
 30
0.0
 11
377.0
 21
367.5
 31
0.0
  0
LINE
  5
483
330
1CA
100
AcDbEntity
 67
1
  8
E-TEKHAT-SEMBOL
370
35
100
AcDbLine
 10
372.0
 20
367.5
 30
0.0
 11
377.0
 21
362.5
 31
0.0
  0
LINE
  5
484
330
1CA
100
AcDbEntity
 67
1
  8
E-TEKHAT-SEMBOL
370
35
100
AcDbLine
 10
379.5
 20
350.0
 30
0.0
 11
379.5
 21
355.0
 31
0.0
  0
HATCH
  5
485
330
1CA
100
AcDbEntity
 67
1
  8
E-TEKHAT-SEMBOL
 62
7
100
AcDbHatch
 10
0.0
 20
0.0
 30
0.0
210
0.0
220
0.0
230
1.0
  2
SOLID
 70
1
 71
0
 91
1
 92
1
 93
1
 72
2
 10
379.5
 20
355.0
 40
0.5
 50
0.0
 51
360.0
 73
1
 97
0
 75
0
 76
1
 98
0
  0
LINE
  5
486
330
1CA
100
AcDbEntity
 67
1
  8
E-TEKHAT-SEMBOL
370
35
100
AcDbLine
 10
379.5
 20
355.0
 30
0.0
 11
384.5
 21
363.66025403784437
 31
0.0
  0
LINE
  5
487
330
1CA
100
AcDbEntity
 67
1
  8
E-TEKHAT-SEMBOL
370
35
100
AcDbLine
 10
379.5
 20
365.0
 30
0.0
 11
379.5
 21
370.0
 31
0.0
  0
LINE
  5
488
330
1CA
100
AcDbEntity
 67
1
  8
E-TEKHAT-SEMBOL
370
35
100
AcDbLine
 10
377.0
 20
362.5
 30
0.0
 11
382.0
 21
367.5
 31
0.0
  0
LINE
  5
489
330
1CA
100
AcDbEntity
 67
1
  8
E-TEKHAT-SEMBOL
370
35
100
AcDbLine
 10
377.0
 20
367.5
 30
0.0
 11
382.0
 21
362.5
 31
0.0
  0
LWPOLYLINE
  5
48A
330
1CA
100
AcDbEntity
 67
1
  8
E-TEKHAT-SEMBOL
  6
DASHED
370
25
100
AcDbPolyline
 90
2
 70
0
 10
374.5
 20
355.0
 10
379.5
 20
355.0
  0
TEXT
  5
48B
330
1CA
100
AcDbEntity
 67
1
  8
E-TEKHAT-YAZI
100
AcDbText
 10
383.5
 20
366.5
 30
0.0
 40
2.0
  1
-Q112
  7
GYM-B
 11
383.5
 21
366.5
 31
0.0
100
AcDbText
 73
2
  0
TEXT
  5
48C
330
1CA
100
AcDbEntity
 67
1
  8
E-TEKHAT-YAZI
100
AcDbText
 10
383.5
 20
358.5
 30
0.0
 40
1.8
  1
1×10 A · C
  7
GYM
 11
383.5
 21
358.5
 31
0.0
100
AcDbText
 73
2
  0
LINE
  5
48D
330
1CA
100
AcDbEntity
 67
1
  8
E-TEKHAT-TEL
370
35
100
AcDbLine
 10
377.0
 20
350.0
 30
0.0
 11
377.0
 21
312.0
 31
0.0
  0
CIRCLE
  5
48E
330
1CA
100
AcDbEntity
 67
1
  8
E-TEKHAT-SEMBOL
370
25
100
AcDbCircle
 10
377.0
 20
312.0
 30
0.0
 40
1.0
  0
LINE
  5
48F
330
1CA
100
AcDbEntity
 67
1
  8
E-TEKHAT-TEL
370
35
100
AcDbLine
 10
377.0
 20
311.0
 30
0.0
 11
377.0
 21
296.0
 31
0.0
  0
LINE
  5
490
330
1CA
100
AcDbEntity
 67
1
  8
E-TEKHAT-SEMBOL
370
25
100
AcDbLine
 10
373.0
 20
298.0
 30
0.0
 11
378.0
 21
303.0
 31
0.0
  0
LINE
  5
491
330
1CA
100
AcDbEntity
 67
1
  8
E-TEKHAT-SEMBOL
370
25
100
AcDbLine
 10
374.5
 20
299.5
 30
0.0
 11
379.5
 21
304.5
 31
0.0
  0
LINE
  5
492
330
1CA
100
AcDbEntity
 67
1
  8
E-TEKHAT-SEMBOL
370
25
100
AcDbLine
 10
376.0
 20
301.0
 30
0.0
 11
381.0
 21
306.0
 31
0.0
  0
LINE
  5
493
330
1CA
100
AcDbEntity
 67
1
  8
E-TEKHAT-SEMBOL
370
25
100
AcDbLine
 10
377.0
 20
294.0
 30
0.0
 11
374.25
 21
299.5
 31
0.0
  0
LINE
  5
494
330
1CA
100
AcDbEntity
 67
1
  8
E-TEKHAT-SEMBOL
370
25
100
AcDbLine
 10
377.0
 20
294.0
 30
0.0
 11
379.75
 21
299.5
 31
0.0
  0
LINE
  5
495
330
1CA
100
AcDbEntity
 67
1
  8
E-TEKHAT-TEL
370
35
100
AcDbLine
 10
403.0
 20
386.0
 30
0.0
 11
403.0
 21
370.0
 31
0.0
  0
HATCH
  5
496
330
1CA
100
AcDbEntity
 67
1
  8
E-TEKHAT-BARA
 62
7
100
AcDbHatch
 10
0.0
 20
0.0
 30
0.0
210
0.0
220
0.0
230
1.0
  2
SOLID
 70
1
 71
0
 91
1
 92
1
 93
1
 72
2
 10
403.0
 20
386.0
 40
0.5
 50
0.0
 51
360.0
 73
1
 97
0
 75
0
 76
1
 98
0
  0
LINE
  5
497
330
1CA
100
AcDbEntity
 67
1
  8
E-TEKHAT-SEMBOL
370
35
100
AcDbLine
 10
400.5
 20
350.0
 30
0.0
 11
400.5
 21
355.0
 31
0.0
  0
HATCH
  5
498
330
1CA
100
AcDbEntity
 67
1
  8
E-TEKHAT-SEMBOL
 62
7
100
AcDbHatch
 10
0.0
 20
0.0
 30
0.0
210
0.0
220
0.0
230
1.0
  2
SOLID
 70
1
 71
0
 91
1
 92
1
 93
1
 72
2
 10
400.5
 20
355.0
 40
0.5
 50
0.0
 51
360.0
 73
1
 97
0
 75
0
 76
1
 98
0
  0
LINE
  5
499
330
1CA
100
AcDbEntity
 67
1
  8
E-TEKHAT-SEMBOL
370
35
100
AcDbLine
 10
400.5
 20
355.0
 30
0.0
 11
405.5
 21
363.66025403784437
 31
0.0
  0
LINE
  5
49A
330
1CA
100
AcDbEntity
 67
1
  8
E-TEKHAT-SEMBOL
370
35
100
AcDbLine
 10
400.5
 20
365.0
 30
0.0
 11
400.5
 21
370.0
 31
0.0
  0
LINE
  5
49B
330
1CA
100
AcDbEntity
 67
1
  8
E-TEKHAT-SEMBOL
370
35
100
AcDbLine
 10
398.0
 20
362.5
 30
0.0
 11
403.0
 21
367.5
 31
0.0
  0
LINE
  5
49C
330
1CA
100
AcDbEntity
 67
1
  8
E-TEKHAT-SEMBOL
370
35
100
AcDbLine
 10
398.0
 20
367.5
 30
0.0
 11
403.0
 21
362.5
 31
0.0
  0
LINE
  5
49D
330
1CA
100
AcDbEntity
 67
1
  8
E-TEKHAT-SEMBOL
370
35
100
AcDbLine
 10
405.5
 20
350.0
 30
0.0
 11
405.5
 21
355.0
 31
0.0
  0
HATCH
  5
49E
330
1CA
100
AcDbEntity
 67
1
  8
E-TEKHAT-SEMBOL
 62
7
100
AcDbHatch
 10
0.0
 20
0.0
 30
0.0
210
0.0
220
0.0
230
1.0
  2
SOLID
 70
1
 71
0
 91
1
 92
1
 93
1
 72
2
 10
405.5
 20
355.0
 40
0.5
 50
0.0
 51
360.0
 73
1
 97
0
 75
0
 76
1
 98
0
  0
LINE
  5
49F
330
1CA
100
AcDbEntity
 67
1
  8
E-TEKHAT-SEMBOL
370
35
100
AcDbLine
 10
405.5
 20
355.0
 30
0.0
 11
410.5
 21
363.66025403784437
 31
0.0
  0
LINE
  5
4A0
330
1CA
100
AcDbEntity
 67
1
  8
E-TEKHAT-SEMBOL
370
35
100
AcDbLine
 10
405.5
 20
365.0
 30
0.0
 11
405.5
 21
370.0
 31
0.0
  0
LINE
  5
4A1
330
1CA
100
AcDbEntity
 67
1
  8
E-TEKHAT-SEMBOL
370
35
100
AcDbLine
 10
403.0
 20
362.5
 30
0.0
 11
408.0
 21
367.5
 31
0.0
  0
LINE
  5
4A2
330
1CA
100
AcDbEntity
 67
1
  8
E-TEKHAT-SEMBOL
370
35
100
AcDbLine
 10
403.0
 20
367.5
 30
0.0
 11
408.0
 21
362.5
 31
0.0
  0
LWPOLYLINE
  5
4A3
330
1CA
100
AcDbEntity
 67
1
  8
E-TEKHAT-SEMBOL
  6
DASHED
370
25
100
AcDbPolyline
 90
2
 70
0
 10
400.5
 20
355.0
 10
405.5
 20
355.0
  0
TEXT
  5
4A4
330
1CA
100
AcDbEntity
 67
1
  8
E-TEKHAT-YAZI
100
AcDbText
 10
409.5
 20
366.5
 30
0.0
 40
2.0
  1
-Q113
  7
GYM-B
 11
409.5
 21
366.5
 31
0.0
100
AcDbText
 73
2
  0
TEXT
  5
4A5
330
1CA
100
AcDbEntity
 67
1
  8
E-TEKHAT-YAZI
100
AcDbText
 10
409.5
 20
358.5
 30
0.0
 40
1.8
  1
1×16 A · C
  7
GYM
 11
409.5
 21
358.5
 31
0.0
100
AcDbText
 73
2
  0
LINE
  5
4A6
330
1CA
100
AcDbEntity
 67
1
  8
E-TEKHAT-TEL
370
35
100
AcDbLine
 10
403.0
 20
350.0
 30
0.0
 11
403.0
 21
312.0
 31
0.0
  0
CIRCLE
  5
4A7
330
1CA
100
AcDbEntity
 67
1
  8
E-TEKHAT-SEMBOL
370
25
100
AcDbCircle
 10
403.0
 20
312.0
 30
0.0
 40
1.0
  0
LINE
  5
4A8
330
1CA
100
AcDbEntity
 67
1
  8
E-TEKHAT-TEL
370
35
100
AcDbLine
 10
403.0
 20
311.0
 30
0.0
 11
403.0
 21
296.0
 31
0.0
  0
LINE
  5
4A9
330
1CA
100
AcDbEntity
 67
1
  8
E-TEKHAT-SEMBOL
370
25
100
AcDbLine
 10
399.0
 20
298.0
 30
0.0
 11
404.0
 21
303.0
 31
0.0
  0
LINE
  5
4AA
330
1CA
100
AcDbEntity
 67
1
  8
E-TEKHAT-SEMBOL
370
25
100
AcDbLine
 10
400.5
 20
299.5
 30
0.0
 11
405.5
 21
304.5
 31
0.0
  0
LINE
  5
4AB
330
1CA
100
AcDbEntity
 67
1
  8
E-TEKHAT-SEMBOL
370
25
100
AcDbLine
 10
402.0
 20
301.0
 30
0.0
 11
407.0
 21
306.0
 31
0.0
  0
LINE
  5
4AC
330
1CA
100
AcDbEntity
 67
1
  8
E-TEKHAT-SEMBOL
370
25
100
AcDbLine
 10
403.0
 20
294.0
 30
0.0
 11
400.25
 21
299.5
 31
0.0
  0
LINE
  5
4AD
330
1CA
100
AcDbEntity
 67
1
  8
E-TEKHAT-SEMBOL
370
25
100
AcDbLine
 10
403.0
 20
294.0
 30
0.0
 11
405.75
 21
299.5
 31
0.0
  0
LINE
  5
4AE
330
1CA
100
AcDbEntity
 67
1
  8
E-TEKHAT-TEL
370
35
100
AcDbLine
 10
429.0
 20
386.0
 30
0.0
 11
429.0
 21
370.0
 31
0.0
  0
HATCH
  5
4AF
330
1CA
100
AcDbEntity
 67
1
  8
E-TEKHAT-BARA
 62
7
100
AcDbHatch
 10
0.0
 20
0.0
 30
0.0
210
0.0
220
0.0
230
1.0
  2
SOLID
 70
1
 71
0
 91
1
 92
1
 93
1
 72
2
 10
429.0
 20
386.0
 40
0.5
 50
0.0
 51
360.0
 73
1
 97
0
 75
0
 76
1
 98
0
  0
LINE
  5
4B0
330
1CA
100
AcDbEntity
 67
1
  8
E-TEKHAT-SEMBOL
370
35
100
AcDbLine
 10
426.5
 20
350.0
 30
0.0
 11
426.5
 21
355.0
 31
0.0
  0
HATCH
  5
4B1
330
1CA
100
AcDbEntity
 67
1
  8
E-TEKHAT-SEMBOL
 62
7
100
AcDbHatch
 10
0.0
 20
0.0
 30
0.0
210
0.0
220
0.0
230
1.0
  2
SOLID
 70
1
 71
0
 91
1
 92
1
 93
1
 72
2
 10
426.5
 20
355.0
 40
0.5
 50
0.0
 51
360.0
 73
1
 97
0
 75
0
 76
1
 98
0
  0
LINE
  5
4B2
330
1CA
100
AcDbEntity
 67
1
  8
E-TEKHAT-SEMBOL
370
35
100
AcDbLine
 10
426.5
 20
355.0
 30
0.0
 11
431.5
 21
363.66025403784437
 31
0.0
  0
LINE
  5
4B3
330
1CA
100
AcDbEntity
 67
1
  8
E-TEKHAT-SEMBOL
370
35
100
AcDbLine
 10
426.5
 20
365.0
 30
0.0
 11
426.5
 21
370.0
 31
0.0
  0
LINE
  5
4B4
330
1CA
100
AcDbEntity
 67
1
  8
E-TEKHAT-SEMBOL
370
35
100
AcDbLine
 10
424.0
 20
362.5
 30
0.0
 11
429.0
 21
367.5
 31
0.0
  0
LINE
  5
4B5
330
1CA
100
AcDbEntity
 67
1
  8
E-TEKHAT-SEMBOL
370
35
100
AcDbLine
 10
424.0
 20
367.5
 30
0.0
 11
429.0
 21
362.5
 31
0.0
  0
LINE
  5
4B6
330
1CA
100
AcDbEntity
 67
1
  8
E-TEKHAT-SEMBOL
370
35
100
AcDbLine
 10
431.5
 20
350.0
 30
0.0
 11
431.5
 21
355.0
 31
0.0
  0
HATCH
  5
4B7
330
1CA
100
AcDbEntity
 67
1
  8
E-TEKHAT-SEMBOL
 62
7
100
AcDbHatch
 10
0.0
 20
0.0
 30
0.0
210
0.0
220
0.0
230
1.0
  2
SOLID
 70
1
 71
0
 91
1
 92
1
 93
1
 72
2
 10
431.5
 20
355.0
 40
0.5
 50
0.0
 51
360.0
 73
1
 97
0
 75
0
 76
1
 98
0
  0
LINE
  5
4B8
330
1CA
100
AcDbEntity
 67
1
  8
E-TEKHAT-SEMBOL
370
35
100
AcDbLine
 10
431.5
 20
355.0
 30
0.0
 11
436.5
 21
363.66025403784437
 31
0.0
  0
LINE
  5
4B9
330
1CA
100
AcDbEntity
 67
1
  8
E-TEKHAT-SEMBOL
370
35
100
AcDbLine
 10
431.5
 20
365.0
 30
0.0
 11
431.5
 21
370.0
 31
0.0
  0
LINE
  5
4BA
330
1CA
100
AcDbEntity
 67
1
  8
E-TEKHAT-SEMBOL
370
35
100
AcDbLine
 10
429.0
 20
362.5
 30
0.0
 11
434.0
 21
367.5
 31
0.0
  0
LINE
  5
4BB
330
1CA
100
AcDbEntity
 67
1
  8
E-TEKHAT-SEMBOL
370
35
100
AcDbLine
 10
429.0
 20
367.5
 30
0.0
 11
434.0
 21
362.5
 31
0.0
  0
LWPOLYLINE
  5
4BC
330
1CA
100
AcDbEntity
 67
1
  8
E-TEKHAT-SEMBOL
  6
DASHED
370
25
100
AcDbPolyline
 90
2
 70
0
 10
426.5
 20
355.0
 10
431.5
 20
355.0
  0
TEXT
  5
4BD
330
1CA
100
AcDbEntity
 67
1
  8
E-TEKHAT-YAZI
100
AcDbText
 10
435.5
 20
366.5
 30
0.0
 40
2.0
  1
-Q114
  7
GYM-B
 11
435.5
 21
366.5
 31
0.0
100
AcDbText
 73
2
  0
TEXT
  5
4BE
330
1CA
100
AcDbEntity
 67
1
  8
E-TEKHAT-YAZI
100
AcDbText
 10
435.5
 20
358.5
 30
0.0
 40
1.8
  1
1×20 A · C
  7
GYM
 11
435.5
 21
358.5
 31
0.0
100
AcDbText
 73
2
  0
LINE
  5
4BF
330
1CA
100
AcDbEntity
 67
1
  8
E-TEKHAT-TEL
370
35
100
AcDbLine
 10
429.0
 20
350.0
 30
0.0
 11
429.0
 21
312.0
 31
0.0
  0
CIRCLE
  5
4C0
330
1CA
100
AcDbEntity
 67
1
  8
E-TEKHAT-SEMBOL
370
25
100
AcDbCircle
 10
429.0
 20
312.0
 30
0.0
 40
1.0
  0
LINE
  5
4C1
330
1CA
100
AcDbEntity
 67
1
  8
E-TEKHAT-TEL
370
35
100
AcDbLine
 10
429.0
 20
311.0
 30
0.0
 11
429.0
 21
296.0
 31
0.0
  0
LINE
  5
4C2
330
1CA
100
AcDbEntity
 67
1
  8
E-TEKHAT-SEMBOL
370
25
100
AcDbLine
 10
425.0
 20
298.0
 30
0.0
 11
430.0
 21
303.0
 31
0.0
  0
LINE
  5
4C3
330
1CA
100
AcDbEntity
 67
1
  8
E-TEKHAT-SEMBOL
370
25
100
AcDbLine
 10
426.5
 20
299.5
 30
0.0
 11
431.5
 21
304.5
 31
0.0
  0
LINE
  5
4C4
330
1CA
100
AcDbEntity
 67
1
  8
E-TEKHAT-SEMBOL
370
25
100
AcDbLine
 10
428.0
 20
301.0
 30
0.0
 11
433.0
 21
306.0
 31
0.0
  0
LINE
  5
4C5
330
1CA
100
AcDbEntity
 67
1
  8
E-TEKHAT-SEMBOL
370
25
100
AcDbLine
 10
429.0
 20
294.0
 30
0.0
 11
426.25
 21
299.5
 31
0.0
  0
LINE
  5
4C6
330
1CA
100
AcDbEntity
 67
1
  8
E-TEKHAT-SEMBOL
370
25
100
AcDbLine
 10
429.0
 20
294.0
 30
0.0
 11
431.75
 21
299.5
 31
0.0
  0
LINE
  5
4C7
330
1CA
100
AcDbEntity
 67
1
  8
E-TEKHAT-TEL
370
35
100
AcDbLine
 10
455.0
 20
386.0
 30
0.0
 11
455.0
 21
370.0
 31
0.0
  0
HATCH
  5
4C8
330
1CA
100
AcDbEntity
 67
1
  8
E-TEKHAT-BARA
 62
7
100
AcDbHatch
 10
0.0
 20
0.0
 30
0.0
210
0.0
220
0.0
230
1.0
  2
SOLID
 70
1
 71
0
 91
1
 92
1
 93
1
 72
2
 10
455.0
 20
386.0
 40
0.5
 50
0.0
 51
360.0
 73
1
 97
0
 75
0
 76
1
 98
0
  0
LINE
  5
4C9
330
1CA
100
AcDbEntity
 67
1
  8
E-TEKHAT-SEMBOL
370
35
100
AcDbLine
 10
452.5
 20
350.0
 30
0.0
 11
452.5
 21
355.0
 31
0.0
  0
HATCH
  5
4CA
330
1CA
100
AcDbEntity
 67
1
  8
E-TEKHAT-SEMBOL
 62
7
100
AcDbHatch
 10
0.0
 20
0.0
 30
0.0
210
0.0
220
0.0
230
1.0
  2
SOLID
 70
1
 71
0
 91
1
 92
1
 93
1
 72
2
 10
452.5
 20
355.0
 40
0.5
 50
0.0
 51
360.0
 73
1
 97
0
 75
0
 76
1
 98
0
  0
LINE
  5
4CB
330
1CA
100
AcDbEntity
 67
1
  8
E-TEKHAT-SEMBOL
370
35
100
AcDbLine
 10
452.5
 20
355.0
 30
0.0
 11
457.5
 21
363.66025403784437
 31
0.0
  0
LINE
  5
4CC
330
1CA
100
AcDbEntity
 67
1
  8
E-TEKHAT-SEMBOL
370
35
100
AcDbLine
 10
452.5
 20
365.0
 30
0.0
 11
452.5
 21
370.0
 31
0.0
  0
LINE
  5
4CD
330
1CA
100
AcDbEntity
 67
1
  8
E-TEKHAT-SEMBOL
370
35
100
AcDbLine
 10
450.0
 20
362.5
 30
0.0
 11
455.0
 21
367.5
 31
0.0
  0
LINE
  5
4CE
330
1CA
100
AcDbEntity
 67
1
  8
E-TEKHAT-SEMBOL
370
35
100
AcDbLine
 10
450.0
 20
367.5
 30
0.0
 11
455.0
 21
362.5
 31
0.0
  0
LINE
  5
4CF
330
1CA
100
AcDbEntity
 67
1
  8
E-TEKHAT-SEMBOL
370
35
100
AcDbLine
 10
457.5
 20
350.0
 30
0.0
 11
457.5
 21
355.0
 31
0.0
  0
HATCH
  5
4D0
330
1CA
100
AcDbEntity
 67
1
  8
E-TEKHAT-SEMBOL
 62
7
100
AcDbHatch
 10
0.0
 20
0.0
 30
0.0
210
0.0
220
0.0
230
1.0
  2
SOLID
 70
1
 71
0
 91
1
 92
1
 93
1
 72
2
 10
457.5
 20
355.0
 40
0.5
 50
0.0
 51
360.0
 73
1
 97
0
 75
0
 76
1
 98
0
  0
LINE
  5
4D1
330
1CA
100
AcDbEntity
 67
1
  8
E-TEKHAT-SEMBOL
370
35
100
AcDbLine
 10
457.5
 20
355.0
 30
0.0
 11
462.5
 21
363.66025403784437
 31
0.0
  0
LINE
  5
4D2
330
1CA
100
AcDbEntity
 67
1
  8
E-TEKHAT-SEMBOL
370
35
100
AcDbLine
 10
457.5
 20
365.0
 30
0.0
 11
457.5
 21
370.0
 31
0.0
  0
LINE
  5
4D3
330
1CA
100
AcDbEntity
 67
1
  8
E-TEKHAT-SEMBOL
370
35
100
AcDbLine
 10
455.0
 20
362.5
 30
0.0
 11
460.0
 21
367.5
 31
0.0
  0
LINE
  5
4D4
330
1CA
100
AcDbEntity
 67
1
  8
E-TEKHAT-SEMBOL
370
35
100
AcDbLine
 10
455.0
 20
367.5
 30
0.0
 11
460.0
 21
362.5
 31
0.0
  0
LWPOLYLINE
  5
4D5
330
1CA
100
AcDbEntity
 67
1
  8
E-TEKHAT-SEMBOL
  6
DASHED
370
25
100
AcDbPolyline
 90
2
 70
0
 10
452.5
 20
355.0
 10
457.5
 20
355.0
  0
TEXT
  5
4D6
330
1CA
100
AcDbEntity
 67
1
  8
E-TEKHAT-YAZI
100
AcDbText
 10
461.5
 20
366.5
 30
0.0
 40
2.0
  1
-Q115
  7
GYM-B
 11
461.5
 21
366.5
 31
0.0
100
AcDbText
 73
2
  0
TEXT
  5
4D7
330
1CA
100
AcDbEntity
 67
1
  8
E-TEKHAT-YAZI
100
AcDbText
 10
461.5
 20
358.5
 30
0.0
 40
1.8
  1
1×20 A · C
  7
GYM
 11
461.5
 21
358.5
 31
0.0
100
AcDbText
 73
2
  0
LINE
  5
4D8
330
1CA
100
AcDbEntity
 67
1
  8
E-TEKHAT-TEL
370
35
100
AcDbLine
 10
455.0
 20
350.0
 30
0.0
 11
455.0
 21
312.0
 31
0.0
  0
CIRCLE
  5
4D9
330
1CA
100
AcDbEntity
 67
1
  8
E-TEKHAT-SEMBOL
370
25
100
AcDbCircle
 10
455.0
 20
312.0
 30
0.0
 40
1.0
  0
LINE
  5
4DA
330
1CA
100
AcDbEntity
 67
1
  8
E-TEKHAT-TEL
370
35
100
AcDbLine
 10
455.0
 20
311.0
 30
0.0
 11
455.0
 21
296.0
 31
0.0
  0
LINE
  5
4DB
330
1CA
100
AcDbEntity
 67
1
  8
E-TEKHAT-SEMBOL
370
25
100
AcDbLine
 10
451.0
 20
298.0
 30
0.0
 11
456.0
 21
303.0
 31
0.0
  0
LINE
  5
4DC
330
1CA
100
AcDbEntity
 67
1
  8
E-TEKHAT-SEMBOL
370
25
100
AcDbLine
 10
452.5
 20
299.5
 30
0.0
 11
457.5
 21
304.5
 31
0.0
  0
LINE
  5
4DD
330
1CA
100
AcDbEntity
 67
1
  8
E-TEKHAT-SEMBOL
370
25
100
AcDbLine
 10
454.0
 20
301.0
 30
0.0
 11
459.0
 21
306.0
 31
0.0
  0
LINE
  5
4DE
330
1CA
100
AcDbEntity
 67
1
  8
E-TEKHAT-SEMBOL
370
25
100
AcDbLine
 10
455.0
 20
294.0
 30
0.0
 11
452.25
 21
299.5
 31
0.0
  0
LINE
  5
4DF
330
1CA
100
AcDbEntity
 67
1
  8
E-TEKHAT-SEMBOL
370
25
100
AcDbLine
 10
455.0
 20
294.0
 30
0.0
 11
457.75
 21
299.5
 31
0.0
  0
LINE
  5
4E0
330
1CA
100
AcDbEntity
 67
1
  8
E-TEKHAT-TEL
370
35
100
AcDbLine
 10
481.0
 20
386.0
 30
0.0
 11
481.0
 21
370.0
 31
0.0
  0
HATCH
  5
4E1
330
1CA
100
AcDbEntity
 67
1
  8
E-TEKHAT-BARA
 62
7
100
AcDbHatch
 10
0.0
 20
0.0
 30
0.0
210
0.0
220
0.0
230
1.0
  2
SOLID
 70
1
 71
0
 91
1
 92
1
 93
1
 72
2
 10
481.0
 20
386.0
 40
0.5
 50
0.0
 51
360.0
 73
1
 97
0
 75
0
 76
1
 98
0
  0
LINE
  5
4E2
330
1CA
100
AcDbEntity
 67
1
  8
E-TEKHAT-SEMBOL
370
35
100
AcDbLine
 10
478.5
 20
350.0
 30
0.0
 11
478.5
 21
355.0
 31
0.0
  0
HATCH
  5
4E3
330
1CA
100
AcDbEntity
 67
1
  8
E-TEKHAT-SEMBOL
 62
7
100
AcDbHatch
 10
0.0
 20
0.0
 30
0.0
210
0.0
220
0.0
230
1.0
  2
SOLID
 70
1
 71
0
 91
1
 92
1
 93
1
 72
2
 10
478.5
 20
355.0
 40
0.5
 50
0.0
 51
360.0
 73
1
 97
0
 75
0
 76
1
 98
0
  0
LINE
  5
4E4
330
1CA
100
AcDbEntity
 67
1
  8
E-TEKHAT-SEMBOL
370
35
100
AcDbLine
 10
478.5
 20
355.0
 30
0.0
 11
483.5
 21
363.66025403784437
 31
0.0
  0
LINE
  5
4E5
330
1CA
100
AcDbEntity
 67
1
  8
E-TEKHAT-SEMBOL
370
35
100
AcDbLine
 10
478.5
 20
365.0
 30
0.0
 11
478.5
 21
370.0
 31
0.0
  0
LINE
  5
4E6
330
1CA
100
AcDbEntity
 67
1
  8
E-TEKHAT-SEMBOL
370
35
100
AcDbLine
 10
476.0
 20
362.5
 30
0.0
 11
481.0
 21
367.5
 31
0.0
  0
LINE
  5
4E7
330
1CA
100
AcDbEntity
 67
1
  8
E-TEKHAT-SEMBOL
370
35
100
AcDbLine
 10
476.0
 20
367.5
 30
0.0
 11
481.0
 21
362.5
 31
0.0
  0
LINE
  5
4E8
330
1CA
100
AcDbEntity
 67
1
  8
E-TEKHAT-SEMBOL
370
35
100
AcDbLine
 10
483.5
 20
350.0
 30
0.0
 11
483.5
 21
355.0
 31
0.0
  0
HATCH
  5
4E9
330
1CA
100
AcDbEntity
 67
1
  8
E-TEKHAT-SEMBOL
 62
7
100
AcDbHatch
 10
0.0
 20
0.0
 30
0.0
210
0.0
220
0.0
230
1.0
  2
SOLID
 70
1
 71
0
 91
1
 92
1
 93
1
 72
2
 10
483.5
 20
355.0
 40
0.5
 50
0.0
 51
360.0
 73
1
 97
0
 75
0
 76
1
 98
0
  0
LINE
  5
4EA
330
1CA
100
AcDbEntity
 67
1
  8
E-TEKHAT-SEMBOL
370
35
100
AcDbLine
 10
483.5
 20
355.0
 30
0.0
 11
488.5
 21
363.66025403784437
 31
0.0
  0
LINE
  5
4EB
330
1CA
100
AcDbEntity
 67
1
  8
E-TEKHAT-SEMBOL
370
35
100
AcDbLine
 10
483.5
 20
365.0
 30
0.0
 11
483.5
 21
370.0
 31
0.0
  0
LINE
  5
4EC
330
1CA
100
AcDbEntity
 67
1
  8
E-TEKHAT-SEMBOL
370
35
100
AcDbLine
 10
481.0
 20
362.5
 30
0.0
 11
486.0
 21
367.5
 31
0.0
  0
LINE
  5
4ED
330
1CA
100
AcDbEntity
 67
1
  8
E-TEKHAT-SEMBOL
370
35
100
AcDbLine
 10
481.0
 20
367.5
 30
0.0
 11
486.0
 21
362.5
 31
0.0
  0
LWPOLYLINE
  5
4EE
330
1CA
100
AcDbEntity
 67
1
  8
E-TEKHAT-SEMBOL
  6
DASHED
370
25
100
AcDbPolyline
 90
2
 70
0
 10
478.5
 20
355.0
 10
483.5
 20
355.0
  0
TEXT
  5
4EF
330
1CA
100
AcDbEntity
 67
1
  8
E-TEKHAT-YAZI
100
AcDbText
 10
487.5
 20
366.5
 30
0.0
 40
2.0
  1
-Q116
  7
GYM-B
 11
487.5
 21
366.5
 31
0.0
100
AcDbText
 73
2
  0
TEXT
  5
4F0
330
1CA
100
AcDbEntity
 67
1
  8
E-TEKHAT-YAZI
100
AcDbText
 10
487.5
 20
358.5
 30
0.0
 40
1.8
  1
1×16 A · C
  7
GYM
 11
487.5
 21
358.5
 31
0.0
100
AcDbText
 73
2
  0
LINE
  5
4F1
330
1CA
100
AcDbEntity
 67
1
  8
E-TEKHAT-TEL
370
35
100
AcDbLine
 10
481.0
 20
350.0
 30
0.0
 11
481.0
 21
312.0
 31
0.0
  0
CIRCLE
  5
4F2
330
1CA
100
AcDbEntity
 67
1
  8
E-TEKHAT-SEMBOL
370
25
100
AcDbCircle
 10
481.0
 20
312.0
 30
0.0
 40
1.0
  0
LINE
  5
4F3
330
1CA
100
AcDbEntity
 67
1
  8
E-TEKHAT-TEL
370
35
100
AcDbLine
 10
481.0
 20
311.0
 30
0.0
 11
481.0
 21
296.0
 31
0.0
  0
LINE
  5
4F4
330
1CA
100
AcDbEntity
 67
1
  8
E-TEKHAT-SEMBOL
370
25
100
AcDbLine
 10
477.0
 20
298.0
 30
0.0
 11
482.0
 21
303.0
 31
0.0
  0
LINE
  5
4F5
330
1CA
100
AcDbEntity
 67
1
  8
E-TEKHAT-SEMBOL
370
25
100
AcDbLine
 10
478.5
 20
299.5
 30
0.0
 11
483.5
 21
304.5
 31
0.0
  0
LINE
  5
4F6
330
1CA
100
AcDbEntity
 67
1
  8
E-TEKHAT-SEMBOL
370
25
100
AcDbLine
 10
480.0
 20
301.0
 30
0.0
 11
485.0
 21
306.0
 31
0.0
  0
LINE
  5
4F7
330
1CA
100
AcDbEntity
 67
1
  8
E-TEKHAT-SEMBOL
370
25
100
AcDbLine
 10
481.0
 20
294.0
 30
0.0
 11
478.25
 21
299.5
 31
0.0
  0
LINE
  5
4F8
330
1CA
100
AcDbEntity
 67
1
  8
E-TEKHAT-SEMBOL
370
25
100
AcDbLine
 10
481.0
 20
294.0
 30
0.0
 11
483.75
 21
299.5
 31
0.0
  0
LINE
  5
4F9
330
1CA
100
AcDbEntity
 67
1
  8
E-TEKHAT-TEL
370
35
100
AcDbLine
 10
507.0
 20
386.0
 30
0.0
 11
507.0
 21
370.0
 31
0.0
  0
HATCH
  5
4FA
330
1CA
100
AcDbEntity
 67
1
  8
E-TEKHAT-BARA
 62
7
100
AcDbHatch
 10
0.0
 20
0.0
 30
0.0
210
0.0
220
0.0
230
1.0
  2
SOLID
 70
1
 71
0
 91
1
 92
1
 93
1
 72
2
 10
507.0
 20
386.0
 40
0.5
 50
0.0
 51
360.0
 73
1
 97
0
 75
0
 76
1
 98
0
  0
LINE
  5
4FB
330
1CA
100
AcDbEntity
 67
1
  8
E-TEKHAT-SEMBOL
370
35
100
AcDbLine
 10
504.5
 20
350.0
 30
0.0
 11
504.5
 21
355.0
 31
0.0
  0
HATCH
  5
4FC
330
1CA
100
AcDbEntity
 67
1
  8
E-TEKHAT-SEMBOL
 62
7
100
AcDbHatch
 10
0.0
 20
0.0
 30
0.0
210
0.0
220
0.0
230
1.0
  2
SOLID
 70
1
 71
0
 91
1
 92
1
 93
1
 72
2
 10
504.5
 20
355.0
 40
0.5
 50
0.0
 51
360.0
 73
1
 97
0
 75
0
 76
1
 98
0
  0
LINE
  5
4FD
330
1CA
100
AcDbEntity
 67
1
  8
E-TEKHAT-SEMBOL
370
35
100
AcDbLine
 10
504.5
 20
355.0
 30
0.0
 11
509.5
 21
363.66025403784437
 31
0.0
  0
LINE
  5
4FE
330
1CA
100
AcDbEntity
 67
1
  8
E-TEKHAT-SEMBOL
370
35
100
AcDbLine
 10
504.5
 20
365.0
 30
0.0
 11
504.5
 21
370.0
 31
0.0
  0
LINE
  5
4FF
330
1CA
100
AcDbEntity
 67
1
  8
E-TEKHAT-SEMBOL
370
35
100
AcDbLine
 10
502.0
 20
362.5
 30
0.0
 11
507.0
 21
367.5
 31
0.0
  0
LINE
  5
500
330
1CA
100
AcDbEntity
 67
1
  8
E-TEKHAT-SEMBOL
370
35
100
AcDbLine
 10
502.0
 20
367.5
 30
0.0
 11
507.0
 21
362.5
 31
0.0
  0
LINE
  5
501
330
1CA
100
AcDbEntity
 67
1
  8
E-TEKHAT-SEMBOL
370
35
100
AcDbLine
 10
509.5
 20
350.0
 30
0.0
 11
509.5
 21
355.0
 31
0.0
  0
HATCH
  5
502
330
1CA
100
AcDbEntity
 67
1
  8
E-TEKHAT-SEMBOL
 62
7
100
AcDbHatch
 10
0.0
 20
0.0
 30
0.0
210
0.0
220
0.0
230
1.0
  2
SOLID
 70
1
 71
0
 91
1
 92
1
 93
1
 72
2
 10
509.5
 20
355.0
 40
0.5
 50
0.0
 51
360.0
 73
1
 97
0
 75
0
 76
1
 98
0
  0
LINE
  5
503
330
1CA
100
AcDbEntity
 67
1
  8
E-TEKHAT-SEMBOL
370
35
100
AcDbLine
 10
509.5
 20
355.0
 30
0.0
 11
514.5
 21
363.66025403784437
 31
0.0
  0
LINE
  5
504
330
1CA
100
AcDbEntity
 67
1
  8
E-TEKHAT-SEMBOL
370
35
100
AcDbLine
 10
509.5
 20
365.0
 30
0.0
 11
509.5
 21
370.0
 31
0.0
  0
LINE
  5
505
330
1CA
100
AcDbEntity
 67
1
  8
E-TEKHAT-SEMBOL
370
35
100
AcDbLine
 10
507.0
 20
362.5
 30
0.0
 11
512.0
 21
367.5
 31
0.0
  0
LINE
  5
506
330
1CA
100
AcDbEntity
 67
1
  8
E-TEKHAT-SEMBOL
370
35
100
AcDbLine
 10
507.0
 20
367.5
 30
0.0
 11
512.0
 21
362.5
 31
0.0
  0
LWPOLYLINE
  5
507
330
1CA
100
AcDbEntity
 67
1
  8
E-TEKHAT-SEMBOL
  6
DASHED
370
25
100
AcDbPolyline
 90
2
 70
0
 10
504.5
 20
355.0
 10
509.5
 20
355.0
  0
TEXT
  5
508
330
1CA
100
AcDbEntity
 67
1
  8
E-TEKHAT-YAZI
100
AcDbText
 10
513.5
 20
366.5
 30
0.0
 40
2.0
  1
-Q117
  7
GYM-B
 11
513.5
 21
366.5
 31
0.0
100
AcDbText
 73
2
  0
TEXT
  5
509
330
1CA
100
AcDbEntity
 67
1
  8
E-TEKHAT-YAZI
100
AcDbText
 10
513.5
 20
358.5
 30
0.0
 40
1.8
  1
1×16 A · C
  7
GYM
 11
513.5
 21
358.5
 31
0.0
100
AcDbText
 73
2
  0
LINE
  5
50A
330
1CA
100
AcDbEntity
 67
1
  8
E-TEKHAT-TEL
370
35
100
AcDbLine
 10
507.0
 20
350.0
 30
0.0
 11
507.0
 21
312.0
 31
0.0
  0
CIRCLE
  5
50B
330
1CA
100
AcDbEntity
 67
1
  8
E-TEKHAT-SEMBOL
370
25
100
AcDbCircle
 10
507.0
 20
312.0
 30
0.0
 40
1.0
  0
LINE
  5
50C
330
1CA
100
AcDbEntity
 67
1
  8
E-TEKHAT-TEL
370
35
100
AcDbLine
 10
507.0
 20
311.0
 30
0.0
 11
507.0
 21
296.0
 31
0.0
  0
LINE
  5
50D
330
1CA
100
AcDbEntity
 67
1
  8
E-TEKHAT-SEMBOL
370
25
100
AcDbLine
 10
503.0
 20
298.0
 30
0.0
 11
508.0
 21
303.0
 31
0.0
  0
LINE
  5
50E
330
1CA
100
AcDbEntity
 67
1
  8
E-TEKHAT-SEMBOL
370
25
100
AcDbLine
 10
504.5
 20
299.5
 30
0.0
 11
509.5
 21
304.5
 31
0.0
  0
LINE
  5
50F
330
1CA
100
AcDbEntity
 67
1
  8
E-TEKHAT-SEMBOL
370
25
100
AcDbLine
 10
506.0
 20
301.0
 30
0.0
 11
511.0
 21
306.0
 31
0.0
  0
LINE
  5
510
330
1CA
100
AcDbEntity
 67
1
  8
E-TEKHAT-SEMBOL
370
25
100
AcDbLine
 10
507.0
 20
294.0
 30
0.0
 11
504.25
 21
299.5
 31
0.0
  0
LINE
  5
511
330
1CA
100
AcDbEntity
 67
1
  8
E-TEKHAT-SEMBOL
370
25
100
AcDbLine
 10
507.0
 20
294.0
 30
0.0
 11
509.75
 21
299.5
 31
0.0
  0
LINE
  5
512
330
1CA
100
AcDbEntity
 67
1
  8
E-TEKHAT-TEL
370
35
100
AcDbLine
 10
533.0
 20
386.0
 30
0.0
 11
533.0
 21
370.0
 31
0.0
  0
HATCH
  5
513
330
1CA
100
AcDbEntity
 67
1
  8
E-TEKHAT-BARA
 62
7
100
AcDbHatch
 10
0.0
 20
0.0
 30
0.0
210
0.0
220
0.0
230
1.0
  2
SOLID
 70
1
 71
0
 91
1
 92
1
 93
1
 72
2
 10
533.0
 20
386.0
 40
0.5
 50
0.0
 51
360.0
 73
1
 97
0
 75
0
 76
1
 98
0
  0
LINE
  5
514
330
1CA
100
AcDbEntity
 67
1
  8
E-TEKHAT-SEMBOL
370
35
100
AcDbLine
 10
530.5
 20
350.0
 30
0.0
 11
530.5
 21
355.0
 31
0.0
  0
HATCH
  5
515
330
1CA
100
AcDbEntity
 67
1
  8
E-TEKHAT-SEMBOL
 62
7
100
AcDbHatch
 10
0.0
 20
0.0
 30
0.0
210
0.0
220
0.0
230
1.0
  2
SOLID
 70
1
 71
0
 91
1
 92
1
 93
1
 72
2
 10
530.5
 20
355.0
 40
0.5
 50
0.0
 51
360.0
 73
1
 97
0
 75
0
 76
1
 98
0
  0
LINE
  5
516
330
1CA
100
AcDbEntity
 67
1
  8
E-TEKHAT-SEMBOL
370
35
100
AcDbLine
 10
530.5
 20
355.0
 30
0.0
 11
535.5
 21
363.66025403784437
 31
0.0
  0
LINE
  5
517
330
1CA
100
AcDbEntity
 67
1
  8
E-TEKHAT-SEMBOL
370
35
100
AcDbLine
 10
530.5
 20
365.0
 30
0.0
 11
530.5
 21
370.0
 31
0.0
  0
LINE
  5
518
330
1CA
100
AcDbEntity
 67
1
  8
E-TEKHAT-SEMBOL
370
35
100
AcDbLine
 10
528.0
 20
362.5
 30
0.0
 11
533.0
 21
367.5
 31
0.0
  0
LINE
  5
519
330
1CA
100
AcDbEntity
 67
1
  8
E-TEKHAT-SEMBOL
370
35
100
AcDbLine
 10
528.0
 20
367.5
 30
0.0
 11
533.0
 21
362.5
 31
0.0
  0
LINE
  5
51A
330
1CA
100
AcDbEntity
 67
1
  8
E-TEKHAT-SEMBOL
370
35
100
AcDbLine
 10
535.5
 20
350.0
 30
0.0
 11
535.5
 21
355.0
 31
0.0
  0
HATCH
  5
51B
330
1CA
100
AcDbEntity
 67
1
  8
E-TEKHAT-SEMBOL
 62
7
100
AcDbHatch
 10
0.0
 20
0.0
 30
0.0
210
0.0
220
0.0
230
1.0
  2
SOLID
 70
1
 71
0
 91
1
 92
1
 93
1
 72
2
 10
535.5
 20
355.0
 40
0.5
 50
0.0
 51
360.0
 73
1
 97
0
 75
0
 76
1
 98
0
  0
LINE
  5
51C
330
1CA
100
AcDbEntity
 67
1
  8
E-TEKHAT-SEMBOL
370
35
100
AcDbLine
 10
535.5
 20
355.0
 30
0.0
 11
540.5
 21
363.66025403784437
 31
0.0
  0
LINE
  5
51D
330
1CA
100
AcDbEntity
 67
1
  8
E-TEKHAT-SEMBOL
370
35
100
AcDbLine
 10
535.5
 20
365.0
 30
0.0
 11
535.5
 21
370.0
 31
0.0
  0
LINE
  5
51E
330
1CA
100
AcDbEntity
 67
1
  8
E-TEKHAT-SEMBOL
370
35
100
AcDbLine
 10
533.0
 20
362.5
 30
0.0
 11
538.0
 21
367.5
 31
0.0
  0
LINE
  5
51F
330
1CA
100
AcDbEntity
 67
1
  8
E-TEKHAT-SEMBOL
370
35
100
AcDbLine
 10
533.0
 20
367.5
 30
0.0
 11
538.0
 21
362.5
 31
0.0
  0
LWPOLYLINE
  5
520
330
1CA
100
AcDbEntity
 67
1
  8
E-TEKHAT-SEMBOL
  6
DASHED
370
25
100
AcDbPolyline
 90
2
 70
0
 10
530.5
 20
355.0
 10
535.5
 20
355.0
  0
TEXT
  5
521
330
1CA
100
AcDbEntity
 67
1
  8
E-TEKHAT-YAZI
100
AcDbText
 10
539.5
 20
366.5
 30
0.0
 40
2.0
  1
-Q118
  7
GYM-B
 11
539.5
 21
366.5
 31
0.0
100
AcDbText
 73
2
  0
TEXT
  5
522
330
1CA
100
AcDbEntity
 67
1
  8
E-TEKHAT-YAZI
100
AcDbText
 10
539.5
 20
358.5
 30
0.0
 40
1.8
  1
1×16 A · C
  7
GYM
 11
539.5
 21
358.5
 31
0.0
100
AcDbText
 73
2
  0
LINE
  5
523
330
1CA
100
AcDbEntity
 67
1
  8
E-TEKHAT-TEL
370
35
100
AcDbLine
 10
533.0
 20
350.0
 30
0.0
 11
533.0
 21
312.0
 31
0.0
  0
CIRCLE
  5
524
330
1CA
100
AcDbEntity
 67
1
  8
E-TEKHAT-SEMBOL
370
25
100
AcDbCircle
 10
533.0
 20
312.0
 30
0.0
 40
1.0
  0
LINE
  5
525
330
1CA
100
AcDbEntity
 67
1
  8
E-TEKHAT-TEL
370
35
100
AcDbLine
 10
533.0
 20
311.0
 30
0.0
 11
533.0
 21
296.0
 31
0.0
  0
LINE
  5
526
330
1CA
100
AcDbEntity
 67
1
  8
E-TEKHAT-SEMBOL
370
25
100
AcDbLine
 10
529.0
 20
298.0
 30
0.0
 11
534.0
 21
303.0
 31
0.0
  0
LINE
  5
527
330
1CA
100
AcDbEntity
 67
1
  8
E-TEKHAT-SEMBOL
370
25
100
AcDbLine
 10
530.5
 20
299.5
 30
0.0
 11
535.5
 21
304.5
 31
0.0
  0
LINE
  5
528
330
1CA
100
AcDbEntity
 67
1
  8
E-TEKHAT-SEMBOL
370
25
100
AcDbLine
 10
532.0
 20
301.0
 30
0.0
 11
537.0
 21
306.0
 31
0.0
  0
LINE
  5
529
330
1CA
100
AcDbEntity
 67
1
  8
E-TEKHAT-SEMBOL
370
25
100
AcDbLine
 10
533.0
 20
294.0
 30
0.0
 11
530.25
 21
299.5
 31
0.0
  0
LINE
  5
52A
330
1CA
100
AcDbEntity
 67
1
  8
E-TEKHAT-SEMBOL
370
25
100
AcDbLine
 10
533.0
 20
294.0
 30
0.0
 11
535.75
 21
299.5
 31
0.0
  0
LINE
  5
52B
330
1CA
100
AcDbEntity
 67
1
  8
E-TEKHAT-TEL
370
35
100
AcDbLine
 10
559.0
 20
386.0
 30
0.0
 11
559.0
 21
370.0
 31
0.0
  0
HATCH
  5
52C
330
1CA
100
AcDbEntity
 67
1
  8
E-TEKHAT-BARA
 62
7
100
AcDbHatch
 10
0.0
 20
0.0
 30
0.0
210
0.0
220
0.0
230
1.0
  2
SOLID
 70
1
 71
0
 91
1
 92
1
 93
1
 72
2
 10
559.0
 20
386.0
 40
0.5
 50
0.0
 51
360.0
 73
1
 97
0
 75
0
 76
1
 98
0
  0
LINE
  5
52D
330
1CA
100
AcDbEntity
 67
1
  8
E-TEKHAT-SEMBOL
370
35
100
AcDbLine
 10
556.5
 20
350.0
 30
0.0
 11
556.5
 21
355.0
 31
0.0
  0
HATCH
  5
52E
330
1CA
100
AcDbEntity
 67
1
  8
E-TEKHAT-SEMBOL
 62
7
100
AcDbHatch
 10
0.0
 20
0.0
 30
0.0
210
0.0
220
0.0
230
1.0
  2
SOLID
 70
1
 71
0
 91
1
 92
1
 93
1
 72
2
 10
556.5
 20
355.0
 40
0.5
 50
0.0
 51
360.0
 73
1
 97
0
 75
0
 76
1
 98
0
  0
LINE
  5
52F
330
1CA
100
AcDbEntity
 67
1
  8
E-TEKHAT-SEMBOL
370
35
100
AcDbLine
 10
556.5
 20
355.0
 30
0.0
 11
561.5
 21
363.66025403784437
 31
0.0
  0
LINE
  5
530
330
1CA
100
AcDbEntity
 67
1
  8
E-TEKHAT-SEMBOL
370
35
100
AcDbLine
 10
556.5
 20
365.0
 30
0.0
 11
556.5
 21
370.0
 31
0.0
  0
LINE
  5
531
330
1CA
100
AcDbEntity
 67
1
  8
E-TEKHAT-SEMBOL
370
35
100
AcDbLine
 10
554.0
 20
362.5
 30
0.0
 11
559.0
 21
367.5
 31
0.0
  0
LINE
  5
532
330
1CA
100
AcDbEntity
 67
1
  8
E-TEKHAT-SEMBOL
370
35
100
AcDbLine
 10
554.0
 20
367.5
 30
0.0
 11
559.0
 21
362.5
 31
0.0
  0
LINE
  5
533
330
1CA
100
AcDbEntity
 67
1
  8
E-TEKHAT-SEMBOL
370
35
100
AcDbLine
 10
561.5
 20
350.0
 30
0.0
 11
561.5
 21
355.0
 31
0.0
  0
HATCH
  5
534
330
1CA
100
AcDbEntity
 67
1
  8
E-TEKHAT-SEMBOL
 62
7
100
AcDbHatch
 10
0.0
 20
0.0
 30
0.0
210
0.0
220
0.0
230
1.0
  2
SOLID
 70
1
 71
0
 91
1
 92
1
 93
1
 72
2
 10
561.5
 20
355.0
 40
0.5
 50
0.0
 51
360.0
 73
1
 97
0
 75
0
 76
1
 98
0
  0
LINE
  5
535
330
1CA
100
AcDbEntity
 67
1
  8
E-TEKHAT-SEMBOL
370
35
100
AcDbLine
 10
561.5
 20
355.0
 30
0.0
 11
566.5
 21
363.66025403784437
 31
0.0
  0
LINE
  5
536
330
1CA
100
AcDbEntity
 67
1
  8
E-TEKHAT-SEMBOL
370
35
100
AcDbLine
 10
561.5
 20
365.0
 30
0.0
 11
561.5
 21
370.0
 31
0.0
  0
LINE
  5
537
330
1CA
100
AcDbEntity
 67
1
  8
E-TEKHAT-SEMBOL
370
35
100
AcDbLine
 10
559.0
 20
362.5
 30
0.0
 11
564.0
 21
367.5
 31
0.0
  0
LINE
  5
538
330
1CA
100
AcDbEntity
 67
1
  8
E-TEKHAT-SEMBOL
370
35
100
AcDbLine
 10
559.0
 20
367.5
 30
0.0
 11
564.0
 21
362.5
 31
0.0
  0
LWPOLYLINE
  5
539
330
1CA
100
AcDbEntity
 67
1
  8
E-TEKHAT-SEMBOL
  6
DASHED
370
25
100
AcDbPolyline
 90
2
 70
0
 10
556.5
 20
355.0
 10
561.5
 20
355.0
  0
TEXT
  5
53A
330
1CA
100
AcDbEntity
 67
1
  8
E-TEKHAT-YAZI
100
AcDbText
 10
565.5
 20
366.5
 30
0.0
 40
2.0
  1
-Q119
  7
GYM-B
 11
565.5
 21
366.5
 31
0.0
100
AcDbText
 73
2
  0
TEXT
  5
53B
330
1CA
100
AcDbEntity
 67
1
  8
E-TEKHAT-YAZI
100
AcDbText
 10
565.5
 20
358.5
 30
0.0
 40
1.8
  1
1×16 A · C
  7
GYM
 11
565.5
 21
358.5
 31
0.0
100
AcDbText
 73
2
  0
LINE
  5
53C
330
1CA
100
AcDbEntity
 67
1
  8
E-TEKHAT-TEL
370
35
100
AcDbLine
 10
559.0
 20
350.0
 30
0.0
 11
559.0
 21
312.0
 31
0.0
  0
CIRCLE
  5
53D
330
1CA
100
AcDbEntity
 67
1
  8
E-TEKHAT-SEMBOL
370
25
100
AcDbCircle
 10
559.0
 20
312.0
 30
0.0
 40
1.0
  0
LINE
  5
53E
330
1CA
100
AcDbEntity
 67
1
  8
E-TEKHAT-TEL
370
35
100
AcDbLine
 10
559.0
 20
311.0
 30
0.0
 11
559.0
 21
296.0
 31
0.0
  0
LINE
  5
53F
330
1CA
100
AcDbEntity
 67
1
  8
E-TEKHAT-SEMBOL
370
25
100
AcDbLine
 10
555.0
 20
298.0
 30
0.0
 11
560.0
 21
303.0
 31
0.0
  0
LINE
  5
540
330
1CA
100
AcDbEntity
 67
1
  8
E-TEKHAT-SEMBOL
370
25
100
AcDbLine
 10
556.5
 20
299.5
 30
0.0
 11
561.5
 21
304.5
 31
0.0
  0
LINE
  5
541
330
1CA
100
AcDbEntity
 67
1
  8
E-TEKHAT-SEMBOL
370
25
100
AcDbLine
 10
558.0
 20
301.0
 30
0.0
 11
563.0
 21
306.0
 31
0.0
  0
LINE
  5
542
330
1CA
100
AcDbEntity
 67
1
  8
E-TEKHAT-SEMBOL
370
25
100
AcDbLine
 10
559.0
 20
294.0
 30
0.0
 11
556.25
 21
299.5
 31
0.0
  0
LINE
  5
543
330
1CA
100
AcDbEntity
 67
1
  8
E-TEKHAT-SEMBOL
370
25
100
AcDbLine
 10
559.0
 20
294.0
 30
0.0
 11
561.75
 21
299.5
 31
0.0
  0
LINE
  5
544
330
1CA
100
AcDbEntity
 67
1
  8
E-TEKHAT-TEL
370
35
100
AcDbLine
 10
585.0
 20
386.0
 30
0.0
 11
585.0
 21
370.0
 31
0.0
  0
HATCH
  5
545
330
1CA
100
AcDbEntity
 67
1
  8
E-TEKHAT-BARA
 62
7
100
AcDbHatch
 10
0.0
 20
0.0
 30
0.0
210
0.0
220
0.0
230
1.0
  2
SOLID
 70
1
 71
0
 91
1
 92
1
 93
1
 72
2
 10
585.0
 20
386.0
 40
0.5
 50
0.0
 51
360.0
 73
1
 97
0
 75
0
 76
1
 98
0
  0
LINE
  5
546
330
1CA
100
AcDbEntity
 67
1
  8
E-TEKHAT-SEMBOL
370
35
100
AcDbLine
 10
582.5
 20
350.0
 30
0.0
 11
582.5
 21
355.0
 31
0.0
  0
HATCH
  5
547
330
1CA
100
AcDbEntity
 67
1
  8
E-TEKHAT-SEMBOL
 62
7
100
AcDbHatch
 10
0.0
 20
0.0
 30
0.0
210
0.0
220
0.0
230
1.0
  2
SOLID
 70
1
 71
0
 91
1
 92
1
 93
1
 72
2
 10
582.5
 20
355.0
 40
0.5
 50
0.0
 51
360.0
 73
1
 97
0
 75
0
 76
1
 98
0
  0
LINE
  5
548
330
1CA
100
AcDbEntity
 67
1
  8
E-TEKHAT-SEMBOL
370
35
100
AcDbLine
 10
582.5
 20
355.0
 30
0.0
 11
587.5
 21
363.66025403784437
 31
0.0
  0
LINE
  5
549
330
1CA
100
AcDbEntity
 67
1
  8
E-TEKHAT-SEMBOL
370
35
100
AcDbLine
 10
582.5
 20
365.0
 30
0.0
 11
582.5
 21
370.0
 31
0.0
  0
LINE
  5
54A
330
1CA
100
AcDbEntity
 67
1
  8
E-TEKHAT-SEMBOL
370
35
100
AcDbLine
 10
580.0
 20
362.5
 30
0.0
 11
585.0
 21
367.5
 31
0.0
  0
LINE
  5
54B
330
1CA
100
AcDbEntity
 67
1
  8
E-TEKHAT-SEMBOL
370
35
100
AcDbLine
 10
580.0
 20
367.5
 30
0.0
 11
585.0
 21
362.5
 31
0.0
  0
LINE
  5
54C
330
1CA
100
AcDbEntity
 67
1
  8
E-TEKHAT-SEMBOL
370
35
100
AcDbLine
 10
587.5
 20
350.0
 30
0.0
 11
587.5
 21
355.0
 31
0.0
  0
HATCH
  5
54D
330
1CA
100
AcDbEntity
 67
1
  8
E-TEKHAT-SEMBOL
 62
7
100
AcDbHatch
 10
0.0
 20
0.0
 30
0.0
210
0.0
220
0.0
230
1.0
  2
SOLID
 70
1
 71
0
 91
1
 92
1
 93
1
 72
2
 10
587.5
 20
355.0
 40
0.5
 50
0.0
 51
360.0
 73
1
 97
0
 75
0
 76
1
 98
0
  0
LINE
  5
54E
330
1CA
100
AcDbEntity
 67
1
  8
E-TEKHAT-SEMBOL
370
35
100
AcDbLine
 10
587.5
 20
355.0
 30
0.0
 11
592.5
 21
363.66025403784437
 31
0.0
  0
LINE
  5
54F
330
1CA
100
AcDbEntity
 67
1
  8
E-TEKHAT-SEMBOL
370
35
100
AcDbLine
 10
587.5
 20
365.0
 30
0.0
 11
587.5
 21
370.0
 31
0.0
  0
LINE
  5
550
330
1CA
100
AcDbEntity
 67
1
  8
E-TEKHAT-SEMBOL
370
35
100
AcDbLine
 10
585.0
 20
362.5
 30
0.0
 11
590.0
 21
367.5
 31
0.0
  0
LINE
  5
551
330
1CA
100
AcDbEntity
 67
1
  8
E-TEKHAT-SEMBOL
370
35
100
AcDbLine
 10
585.0
 20
367.5
 30
0.0
 11
590.0
 21
362.5
 31
0.0
  0
LWPOLYLINE
  5
552
330
1CA
100
AcDbEntity
 67
1
  8
E-TEKHAT-SEMBOL
  6
DASHED
370
25
100
AcDbPolyline
 90
2
 70
0
 10
582.5
 20
355.0
 10
587.5
 20
355.0
  0
TEXT
  5
553
330
1CA
100
AcDbEntity
 67
1
  8
E-TEKHAT-YAZI
100
AcDbText
 10
591.5
 20
366.5
 30
0.0
 40
2.0
  1
-Q120
  7
GYM-B
 11
591.5
 21
366.5
 31
0.0
100
AcDbText
 73
2
  0
TEXT
  5
554
330
1CA
100
AcDbEntity
 67
1
  8
E-TEKHAT-YAZI
100
AcDbText
 10
591.5
 20
358.5
 30
0.0
 40
1.8
  1
1×10 A · C
  7
GYM
 11
591.5
 21
358.5
 31
0.0
100
AcDbText
 73
2
  0
LINE
  5
555
330
1CA
100
AcDbEntity
 67
1
  8
E-TEKHAT-TEL
370
35
100
AcDbLine
 10
585.0
 20
350.0
 30
0.0
 11
585.0
 21
312.0
 31
0.0
  0
CIRCLE
  5
556
330
1CA
100
AcDbEntity
 67
1
  8
E-TEKHAT-SEMBOL
370
25
100
AcDbCircle
 10
585.0
 20
312.0
 30
0.0
 40
1.0
  0
LINE
  5
557
330
1CA
100
AcDbEntity
 67
1
  8
E-TEKHAT-TEL
370
35
100
AcDbLine
 10
585.0
 20
311.0
 30
0.0
 11
585.0
 21
296.0
 31
0.0
  0
LINE
  5
558
330
1CA
100
AcDbEntity
 67
1
  8
E-TEKHAT-SEMBOL
370
25
100
AcDbLine
 10
581.0
 20
298.0
 30
0.0
 11
586.0
 21
303.0
 31
0.0
  0
LINE
  5
559
330
1CA
100
AcDbEntity
 67
1
  8
E-TEKHAT-SEMBOL
370
25
100
AcDbLine
 10
582.5
 20
299.5
 30
0.0
 11
587.5
 21
304.5
 31
0.0
  0
LINE
  5
55A
330
1CA
100
AcDbEntity
 67
1
  8
E-TEKHAT-SEMBOL
370
25
100
AcDbLine
 10
584.0
 20
301.0
 30
0.0
 11
589.0
 21
306.0
 31
0.0
  0
LINE
  5
55B
330
1CA
100
AcDbEntity
 67
1
  8
E-TEKHAT-SEMBOL
370
25
100
AcDbLine
 10
585.0
 20
294.0
 30
0.0
 11
582.25
 21
299.5
 31
0.0
  0
LINE
  5
55C
330
1CA
100
AcDbEntity
 67
1
  8
E-TEKHAT-SEMBOL
370
25
100
AcDbLine
 10
585.0
 20
294.0
 30
0.0
 11
587.75
 21
299.5
 31
0.0
  0
LINE
  5
55D
330
1CA
100
AcDbEntity
 67
1
  8
E-TEKHAT-TEL
370
35
100
AcDbLine
 10
611.0
 20
386.0
 30
0.0
 11
611.0
 21
370.0
 31
0.0
  0
HATCH
  5
55E
330
1CA
100
AcDbEntity
 67
1
  8
E-TEKHAT-BARA
 62
7
100
AcDbHatch
 10
0.0
 20
0.0
 30
0.0
210
0.0
220
0.0
230
1.0
  2
SOLID
 70
1
 71
0
 91
1
 92
1
 93
1
 72
2
 10
611.0
 20
386.0
 40
0.5
 50
0.0
 51
360.0
 73
1
 97
0
 75
0
 76
1
 98
0
  0
LINE
  5
55F
330
1CA
100
AcDbEntity
 67
1
  8
E-TEKHAT-SEMBOL
370
35
100
AcDbLine
 10
608.5
 20
350.0
 30
0.0
 11
608.5
 21
355.0
 31
0.0
  0
HATCH
  5
560
330
1CA
100
AcDbEntity
 67
1
  8
E-TEKHAT-SEMBOL
 62
7
100
AcDbHatch
 10
0.0
 20
0.0
 30
0.0
210
0.0
220
0.0
230
1.0
  2
SOLID
 70
1
 71
0
 91
1
 92
1
 93
1
 72
2
 10
608.5
 20
355.0
 40
0.5
 50
0.0
 51
360.0
 73
1
 97
0
 75
0
 76
1
 98
0
  0
LINE
  5
561
330
1CA
100
AcDbEntity
 67
1
  8
E-TEKHAT-SEMBOL
370
35
100
AcDbLine
 10
608.5
 20
355.0
 30
0.0
 11
613.5
 21
363.66025403784437
 31
0.0
  0
LINE
  5
562
330
1CA
100
AcDbEntity
 67
1
  8
E-TEKHAT-SEMBOL
370
35
100
AcDbLine
 10
608.5
 20
365.0
 30
0.0
 11
608.5
 21
370.0
 31
0.0
  0
LINE
  5
563
330
1CA
100
AcDbEntity
 67
1
  8
E-TEKHAT-SEMBOL
370
35
100
AcDbLine
 10
606.0
 20
362.5
 30
0.0
 11
611.0
 21
367.5
 31
0.0
  0
LINE
  5
564
330
1CA
100
AcDbEntity
 67
1
  8
E-TEKHAT-SEMBOL
370
35
100
AcDbLine
 10
606.0
 20
367.5
 30
0.0
 11
611.0
 21
362.5
 31
0.0
  0
LINE
  5
565
330
1CA
100
AcDbEntity
 67
1
  8
E-TEKHAT-SEMBOL
370
35
100
AcDbLine
 10
613.5
 20
350.0
 30
0.0
 11
613.5
 21
355.0
 31
0.0
  0
HATCH
  5
566
330
1CA
100
AcDbEntity
 67
1
  8
E-TEKHAT-SEMBOL
 62
7
100
AcDbHatch
 10
0.0
 20
0.0
 30
0.0
210
0.0
220
0.0
230
1.0
  2
SOLID
 70
1
 71
0
 91
1
 92
1
 93
1
 72
2
 10
613.5
 20
355.0
 40
0.5
 50
0.0
 51
360.0
 73
1
 97
0
 75
0
 76
1
 98
0
  0
LINE
  5
567
330
1CA
100
AcDbEntity
 67
1
  8
E-TEKHAT-SEMBOL
370
35
100
AcDbLine
 10
613.5
 20
355.0
 30
0.0
 11
618.5
 21
363.66025403784437
 31
0.0
  0
LINE
  5
568
330
1CA
100
AcDbEntity
 67
1
  8
E-TEKHAT-SEMBOL
370
35
100
AcDbLine
 10
613.5
 20
365.0
 30
0.0
 11
613.5
 21
370.0
 31
0.0
  0
LINE
  5
569
330
1CA
100
AcDbEntity
 67
1
  8
E-TEKHAT-SEMBOL
370
35
100
AcDbLine
 10
611.0
 20
362.5
 30
0.0
 11
616.0
 21
367.5
 31
0.0
  0
LINE
  5
56A
330
1CA
100
AcDbEntity
 67
1
  8
E-TEKHAT-SEMBOL
370
35
100
AcDbLine
 10
611.0
 20
367.5
 30
0.0
 11
616.0
 21
362.5
 31
0.0
  0
LWPOLYLINE
  5
56B
330
1CA
100
AcDbEntity
 67
1
  8
E-TEKHAT-SEMBOL
  6
DASHED
370
25
100
AcDbPolyline
 90
2
 70
0
 10
608.5
 20
355.0
 10
613.5
 20
355.0
  0
TEXT
  5
56C
330
1CA
100
AcDbEntity
 67
1
  8
E-TEKHAT-YAZI
100
AcDbText
 10
617.5
 20
366.5
 30
0.0
 40
2.0
  1
-Q121
  7
GYM-B
 11
617.5
 21
366.5
 31
0.0
100
AcDbText
 73
2
  0
TEXT
  5
56D
330
1CA
100
AcDbEntity
 67
1
  8
E-TEKHAT-YAZI
100
AcDbText
 10
617.5
 20
358.5
 30
0.0
 40
1.8
  1
1×6 A · C
  7
GYM
 11
617.5
 21
358.5
 31
0.0
100
AcDbText
 73
2
  0
LINE
  5
56E
330
1CA
100
AcDbEntity
 67
1
  8
E-TEKHAT-TEL
370
35
100
AcDbLine
 10
611.0
 20
350.0
 30
0.0
 11
611.0
 21
312.0
 31
0.0
  0
CIRCLE
  5
56F
330
1CA
100
AcDbEntity
 67
1
  8
E-TEKHAT-SEMBOL
370
25
100
AcDbCircle
 10
611.0
 20
312.0
 30
0.0
 40
1.0
  0
LINE
  5
570
330
1CA
100
AcDbEntity
 67
1
  8
E-TEKHAT-TEL
370
35
100
AcDbLine
 10
611.0
 20
311.0
 30
0.0
 11
611.0
 21
296.0
 31
0.0
  0
LINE
  5
571
330
1CA
100
AcDbEntity
 67
1
  8
E-TEKHAT-SEMBOL
370
25
100
AcDbLine
 10
607.0
 20
298.0
 30
0.0
 11
612.0
 21
303.0
 31
0.0
  0
LINE
  5
572
330
1CA
100
AcDbEntity
 67
1
  8
E-TEKHAT-SEMBOL
370
25
100
AcDbLine
 10
608.5
 20
299.5
 30
0.0
 11
613.5
 21
304.5
 31
0.0
  0
LINE
  5
573
330
1CA
100
AcDbEntity
 67
1
  8
E-TEKHAT-SEMBOL
370
25
100
AcDbLine
 10
610.0
 20
301.0
 30
0.0
 11
615.0
 21
306.0
 31
0.0
  0
LINE
  5
574
330
1CA
100
AcDbEntity
 67
1
  8
E-TEKHAT-SEMBOL
370
25
100
AcDbLine
 10
611.0
 20
294.0
 30
0.0
 11
608.25
 21
299.5
 31
0.0
  0
LINE
  5
575
330
1CA
100
AcDbEntity
 67
1
  8
E-TEKHAT-SEMBOL
370
25
100
AcDbLine
 10
611.0
 20
294.0
 30
0.0
 11
613.75
 21
299.5
 31
0.0
  0
LINE
  5
576
330
1CA
100
AcDbEntity
 67
1
  8
E-TEKHAT-TEL
370
35
100
AcDbLine
 10
637.0
 20
386.0
 30
0.0
 11
637.0
 21
370.0
 31
0.0
  0
HATCH
  5
577
330
1CA
100
AcDbEntity
 67
1
  8
E-TEKHAT-BARA
 62
7
100
AcDbHatch
 10
0.0
 20
0.0
 30
0.0
210
0.0
220
0.0
230
1.0
  2
SOLID
 70
1
 71
0
 91
1
 92
1
 93
1
 72
2
 10
637.0
 20
386.0
 40
0.5
 50
0.0
 51
360.0
 73
1
 97
0
 75
0
 76
1
 98
0
  0
LINE
  5
578
330
1CA
100
AcDbEntity
 67
1
  8
E-TEKHAT-SEMBOL
370
35
100
AcDbLine
 10
634.5
 20
350.0
 30
0.0
 11
634.5
 21
355.0
 31
0.0
  0
HATCH
  5
579
330
1CA
100
AcDbEntity
 67
1
  8
E-TEKHAT-SEMBOL
 62
7
100
AcDbHatch
 10
0.0
 20
0.0
 30
0.0
210
0.0
220
0.0
230
1.0
  2
SOLID
 70
1
 71
0
 91
1
 92
1
 93
1
 72
2
 10
634.5
 20
355.0
 40
0.5
 50
0.0
 51
360.0
 73
1
 97
0
 75
0
 76
1
 98
0
  0
LINE
  5
57A
330
1CA
100
AcDbEntity
 67
1
  8
E-TEKHAT-SEMBOL
370
35
100
AcDbLine
 10
634.5
 20
355.0
 30
0.0
 11
639.5
 21
363.66025403784437
 31
0.0
  0
LINE
  5
57B
330
1CA
100
AcDbEntity
 67
1
  8
E-TEKHAT-SEMBOL
370
35
100
AcDbLine
 10
634.5
 20
365.0
 30
0.0
 11
634.5
 21
370.0
 31
0.0
  0
LINE
  5
57C
330
1CA
100
AcDbEntity
 67
1
  8
E-TEKHAT-SEMBOL
370
35
100
AcDbLine
 10
632.0
 20
362.5
 30
0.0
 11
637.0
 21
367.5
 31
0.0
  0
LINE
  5
57D
330
1CA
100
AcDbEntity
 67
1
  8
E-TEKHAT-SEMBOL
370
35
100
AcDbLine
 10
632.0
 20
367.5
 30
0.0
 11
637.0
 21
362.5
 31
0.0
  0
LINE
  5
57E
330
1CA
100
AcDbEntity
 67
1
  8
E-TEKHAT-SEMBOL
370
35
100
AcDbLine
 10
639.5
 20
350.0
 30
0.0
 11
639.5
 21
355.0
 31
0.0
  0
HATCH
  5
57F
330
1CA
100
AcDbEntity
 67
1
  8
E-TEKHAT-SEMBOL
 62
7
100
AcDbHatch
 10
0.0
 20
0.0
 30
0.0
210
0.0
220
0.0
230
1.0
  2
SOLID
 70
1
 71
0
 91
1
 92
1
 93
1
 72
2
 10
639.5
 20
355.0
 40
0.5
 50
0.0
 51
360.0
 73
1
 97
0
 75
0
 76
1
 98
0
  0
LINE
  5
580
330
1CA
100
AcDbEntity
 67
1
  8
E-TEKHAT-SEMBOL
370
35
100
AcDbLine
 10
639.5
 20
355.0
 30
0.0
 11
644.5
 21
363.66025403784437
 31
0.0
  0
LINE
  5
581
330
1CA
100
AcDbEntity
 67
1
  8
E-TEKHAT-SEMBOL
370
35
100
AcDbLine
 10
639.5
 20
365.0
 30
0.0
 11
639.5
 21
370.0
 31
0.0
  0
LINE
  5
582
330
1CA
100
AcDbEntity
 67
1
  8
E-TEKHAT-SEMBOL
370
35
100
AcDbLine
 10
637.0
 20
362.5
 30
0.0
 11
642.0
 21
367.5
 31
0.0
  0
LINE
  5
583
330
1CA
100
AcDbEntity
 67
1
  8
E-TEKHAT-SEMBOL
370
35
100
AcDbLine
 10
637.0
 20
367.5
 30
0.0
 11
642.0
 21
362.5
 31
0.0
  0
LWPOLYLINE
  5
584
330
1CA
100
AcDbEntity
 67
1
  8
E-TEKHAT-SEMBOL
  6
DASHED
370
25
100
AcDbPolyline
 90
2
 70
0
 10
634.5
 20
355.0
 10
639.5
 20
355.0
  0
TEXT
  5
585
330
1CA
100
AcDbEntity
 67
1
  8
E-TEKHAT-YAZI
100
AcDbText
 10
643.5
 20
366.5
 30
0.0
 40
2.0
  1
-Q122
  7
GYM-B
 11
643.5
 21
366.5
 31
0.0
100
AcDbText
 73
2
  0
TEXT
  5
586
330
1CA
100
AcDbEntity
 67
1
  8
E-TEKHAT-YAZI
100
AcDbText
 10
643.5
 20
358.5
 30
0.0
 40
1.8
  1
1×6 A · C
  7
GYM
 11
643.5
 21
358.5
 31
0.0
100
AcDbText
 73
2
  0
LINE
  5
587
330
1CA
100
AcDbEntity
 67
1
  8
E-TEKHAT-TEL
370
35
100
AcDbLine
 10
637.0
 20
350.0
 30
0.0
 11
637.0
 21
312.0
 31
0.0
  0
CIRCLE
  5
588
330
1CA
100
AcDbEntity
 67
1
  8
E-TEKHAT-SEMBOL
370
25
100
AcDbCircle
 10
637.0
 20
312.0
 30
0.0
 40
1.0
  0
LINE
  5
589
330
1CA
100
AcDbEntity
 67
1
  8
E-TEKHAT-TEL
370
35
100
AcDbLine
 10
637.0
 20
311.0
 30
0.0
 11
637.0
 21
296.0
 31
0.0
  0
LINE
  5
58A
330
1CA
100
AcDbEntity
 67
1
  8
E-TEKHAT-SEMBOL
370
25
100
AcDbLine
 10
633.0
 20
298.0
 30
0.0
 11
638.0
 21
303.0
 31
0.0
  0
LINE
  5
58B
330
1CA
100
AcDbEntity
 67
1
  8
E-TEKHAT-SEMBOL
370
25
100
AcDbLine
 10
634.5
 20
299.5
 30
0.0
 11
639.5
 21
304.5
 31
0.0
  0
LINE
  5
58C
330
1CA
100
AcDbEntity
 67
1
  8
E-TEKHAT-SEMBOL
370
25
100
AcDbLine
 10
636.0
 20
301.0
 30
0.0
 11
641.0
 21
306.0
 31
0.0
  0
LINE
  5
58D
330
1CA
100
AcDbEntity
 67
1
  8
E-TEKHAT-SEMBOL
370
25
100
AcDbLine
 10
637.0
 20
294.0
 30
0.0
 11
634.25
 21
299.5
 31
0.0
  0
LINE
  5
58E
330
1CA
100
AcDbEntity
 67
1
  8
E-TEKHAT-SEMBOL
370
25
100
AcDbLine
 10
637.0
 20
294.0
 30
0.0
 11
639.75
 21
299.5
 31
0.0
  0
LINE
  5
58F
330
1CA
100
AcDbEntity
 67
1
  8
E-TEKHAT-TEL
370
35
100
AcDbLine
 10
663.0
 20
386.0
 30
0.0
 11
663.0
 21
370.0
 31
0.0
  0
HATCH
  5
590
330
1CA
100
AcDbEntity
 67
1
  8
E-TEKHAT-BARA
 62
7
100
AcDbHatch
 10
0.0
 20
0.0
 30
0.0
210
0.0
220
0.0
230
1.0
  2
SOLID
 70
1
 71
0
 91
1
 92
1
 93
1
 72
2
 10
663.0
 20
386.0
 40
0.5
 50
0.0
 51
360.0
 73
1
 97
0
 75
0
 76
1
 98
0
  0
LINE
  5
591
330
1CA
100
AcDbEntity
 67
1
  8
E-TEKHAT-SEMBOL
370
35
100
AcDbLine
 10
663.0
 20
350.0
 30
0.0
 11
663.0
 21
355.0
 31
0.0
  0
HATCH
  5
592
330
1CA
100
AcDbEntity
 67
1
  8
E-TEKHAT-SEMBOL
 62
7
100
AcDbHatch
 10
0.0
 20
0.0
 30
0.0
210
0.0
220
0.0
230
1.0
  2
SOLID
 70
1
 71
0
 91
1
 92
1
 93
1
 72
2
 10
663.0
 20
355.0
 40
0.5
 50
0.0
 51
360.0
 73
1
 97
0
 75
0
 76
1
 98
0
  0
LINE
  5
593
330
1CA
100
AcDbEntity
 67
1
  8
E-TEKHAT-SEMBOL
370
35
100
AcDbLine
 10
663.0
 20
355.0
 30
0.0
 11
668.0
 21
363.66025403784437
 31
0.0
  0
LINE
  5
594
330
1CA
100
AcDbEntity
 67
1
  8
E-TEKHAT-SEMBOL
370
35
100
AcDbLine
 10
663.0
 20
365.0
 30
0.0
 11
663.0
 21
370.0
 31
0.0
  0
LINE
  5
595
330
1CA
100
AcDbEntity
 67
1
  8
E-TEKHAT-SEMBOL
370
35
100
AcDbLine
 10
660.5
 20
362.5
 30
0.0
 11
665.5
 21
367.5
 31
0.0
  0
LINE
  5
596
330
1CA
100
AcDbEntity
 67
1
  8
E-TEKHAT-SEMBOL
370
35
100
AcDbLine
 10
660.5
 20
367.5
 30
0.0
 11
665.5
 21
362.5
 31
0.0
  0
TEXT
  5
597
330
1CA
100
AcDbEntity
 67
1
  8
E-TEKHAT-YAZI
100
AcDbText
 10
669.5
 20
366.5
 30
0.0
 40
2.0
  1
-Q123
  7
GYM-B
 11
669.5
 21
366.5
 31
0.0
100
AcDbText
 73
2
  0
TEXT
  5
598
330
1CA
100
AcDbEntity
 67
1
  8
E-TEKHAT-YAZI
100
AcDbText
 10
669.5
 20
358.5
 30
0.0
 40
1.8
  1
1×16 A · C
  7
GYM
 11
669.5
 21
358.5
 31
0.0
100
AcDbText
 73
2
  0
LINE
  5
599
330
1CA
100
AcDbEntity
 67
1
  8
E-TEKHAT-TEL
370
35
100
AcDbLine
 10
663.0
 20
350.0
 30
0.0
 11
663.0
 21
342.0
 31
0.0
  0
LINE
  5
59A
330
1CA
100
AcDbEntity
 67
1
  8
E-TEKHAT-SEMBOL
370
35
100
AcDbLine
 10
660.5
 20
342.0
 30
0.0
 11
665.5
 21
342.0
 31
0.0
  0
TEXT
  5
59B
330
1CA
100
AcDbEntity
 67
1
  8
E-TEKHAT-YAZI
100
AcDbText
 10
663.0
 20
337.0
 30
0.0
 40
1.8
  1
YEDEK
  7
GYM
 72
1
 11
663.0
 21
337.0
 31
0.0
100
AcDbText
 73
2
  0
LINE
  5
59C
330
1CA
100
AcDbEntity
 67
1
  8
E-TEKHAT-TEL
370
35
100
AcDbLine
 10
689.0
 20
386.0
 30
0.0
 11
689.0
 21
370.0
 31
0.0
  0
HATCH
  5
59D
330
1CA
100
AcDbEntity
 67
1
  8
E-TEKHAT-BARA
 62
7
100
AcDbHatch
 10
0.0
 20
0.0
 30
0.0
210
0.0
220
0.0
230
1.0
  2
SOLID
 70
1
 71
0
 91
1
 92
1
 93
1
 72
2
 10
689.0
 20
386.0
 40
0.5
 50
0.0
 51
360.0
 73
1
 97
0
 75
0
 76
1
 98
0
  0
LINE
  5
59E
330
1CA
100
AcDbEntity
 67
1
  8
E-TEKHAT-SEMBOL
370
35
100
AcDbLine
 10
689.0
 20
350.0
 30
0.0
 11
689.0
 21
355.0
 31
0.0
  0
HATCH
  5
59F
330
1CA
100
AcDbEntity
 67
1
  8
E-TEKHAT-SEMBOL
 62
7
100
AcDbHatch
 10
0.0
 20
0.0
 30
0.0
210
0.0
220
0.0
230
1.0
  2
SOLID
 70
1
 71
0
 91
1
 92
1
 93
1
 72
2
 10
689.0
 20
355.0
 40
0.5
 50
0.0
 51
360.0
 73
1
 97
0
 75
0
 76
1
 98
0
  0
LINE
  5
5A0
330
1CA
100
AcDbEntity
 67
1
  8
E-TEKHAT-SEMBOL
370
35
100
AcDbLine
 10
689.0
 20
355.0
 30
0.0
 11
694.0
 21
363.66025403784437
 31
0.0
  0
LINE
  5
5A1
330
1CA
100
AcDbEntity
 67
1
  8
E-TEKHAT-SEMBOL
370
35
100
AcDbLine
 10
689.0
 20
365.0
 30
0.0
 11
689.0
 21
370.0
 31
0.0
  0
LINE
  5
5A2
330
1CA
100
AcDbEntity
 67
1
  8
E-TEKHAT-SEMBOL
370
35
100
AcDbLine
 10
686.5
 20
362.5
 30
0.0
 11
691.5
 21
367.5
 31
0.0
  0
LINE
  5
5A3
330
1CA
100
AcDbEntity
 67
1
  8
E-TEKHAT-SEMBOL
370
35
100
AcDbLine
 10
686.5
 20
367.5
 30
0.0
 11
691.5
 21
362.5
 31
0.0
  0
TEXT
  5
5A4
330
1CA
100
AcDbEntity
 67
1
  8
E-TEKHAT-YAZI
100
AcDbText
 10
695.5
 20
366.5
 30
0.0
 40
2.0
  1
-Q124
  7
GYM-B
 11
695.5
 21
366.5
 31
0.0
100
AcDbText
 73
2
  0
TEXT
  5
5A5
330
1CA
100
AcDbEntity
 67
1
  8
E-TEKHAT-YAZI
100
AcDbText
 10
695.5
 20
358.5
 30
0.0
 40
1.8
  1
1×16 A · C
  7
GYM
 11
695.5
 21
358.5
 31
0.0
100
AcDbText
 73
2
  0
LINE
  5
5A6
330
1CA
100
AcDbEntity
 67
1
  8
E-TEKHAT-TEL
370
35
100
AcDbLine
 10
689.0
 20
350.0
 30
0.0
 11
689.0
 21
342.0
 31
0.0
  0
LINE
  5
5A7
330
1CA
100
AcDbEntity
 67
1
  8
E-TEKHAT-SEMBOL
370
35
100
AcDbLine
 10
686.5
 20
342.0
 30
0.0
 11
691.5
 21
342.0
 31
0.0
  0
TEXT
  5
5A8
330
1CA
100
AcDbEntity
 67
1
  8
E-TEKHAT-YAZI
100
AcDbText
 10
689.0
 20
337.0
 30
0.0
 40
1.8
  1
YEDEK
  7
GYM
 72
1
 11
689.0
 21
337.0
 31
0.0
100
AcDbText
 73
2
  0
LINE
  5
5A9
330
1CA
100
AcDbEntity
 67
1
  8
E-TEKHAT-TEL
370
35
100
AcDbLine
 10
715.0
 20
386.0
 30
0.0
 11
715.0
 21
370.0
 31
0.0
  0
HATCH
  5
5AA
330
1CA
100
AcDbEntity
 67
1
  8
E-TEKHAT-BARA
 62
7
100
AcDbHatch
 10
0.0
 20
0.0
 30
0.0
210
0.0
220
0.0
230
1.0
  2
SOLID
 70
1
 71
0
 91
1
 92
1
 93
1
 72
2
 10
715.0
 20
386.0
 40
0.5
 50
0.0
 51
360.0
 73
1
 97
0
 75
0
 76
1
 98
0
  0
LINE
  5
5AB
330
1CA
100
AcDbEntity
 67
1
  8
E-TEKHAT-SEMBOL
370
35
100
AcDbLine
 10
715.0
 20
350.0
 30
0.0
 11
715.0
 21
355.0
 31
0.0
  0
HATCH
  5
5AC
330
1CA
100
AcDbEntity
 67
1
  8
E-TEKHAT-SEMBOL
 62
7
100
AcDbHatch
 10
0.0
 20
0.0
 30
0.0
210
0.0
220
0.0
230
1.0
  2
SOLID
 70
1
 71
0
 91
1
 92
1
 93
1
 72
2
 10
715.0
 20
355.0
 40
0.5
 50
0.0
 51
360.0
 73
1
 97
0
 75
0
 76
1
 98
0
  0
LINE
  5
5AD
330
1CA
100
AcDbEntity
 67
1
  8
E-TEKHAT-SEMBOL
370
35
100
AcDbLine
 10
715.0
 20
355.0
 30
0.0
 11
720.0
 21
363.66025403784437
 31
0.0
  0
LINE
  5
5AE
330
1CA
100
AcDbEntity
 67
1
  8
E-TEKHAT-SEMBOL
370
35
100
AcDbLine
 10
715.0
 20
365.0
 30
0.0
 11
715.0
 21
370.0
 31
0.0
  0
LINE
  5
5AF
330
1CA
100
AcDbEntity
 67
1
  8
E-TEKHAT-SEMBOL
370
35
100
AcDbLine
 10
712.5
 20
362.5
 30
0.0
 11
717.5
 21
367.5
 31
0.0
  0
LINE
  5
5B0
330
1CA
100
AcDbEntity
 67
1
  8
E-TEKHAT-SEMBOL
370
35
100
AcDbLine
 10
712.5
 20
367.5
 30
0.0
 11
717.5
 21
362.5
 31
0.0
  0
TEXT
  5
5B1
330
1CA
100
AcDbEntity
 67
1
  8
E-TEKHAT-YAZI
100
AcDbText
 10
721.5
 20
366.5
 30
0.0
 40
2.0
  1
-Q125
  7
GYM-B
 11
721.5
 21
366.5
 31
0.0
100
AcDbText
 73
2
  0
TEXT
  5
5B2
330
1CA
100
AcDbEntity
 67
1
  8
E-TEKHAT-YAZI
100
AcDbText
 10
721.5
 20
358.5
 30
0.0
 40
1.8
  1
1×16 A · C
  7
GYM
 11
721.5
 21
358.5
 31
0.0
100
AcDbText
 73
2
  0
LINE
  5
5B3
330
1CA
100
AcDbEntity
 67
1
  8
E-TEKHAT-TEL
370
35
100
AcDbLine
 10
715.0
 20
350.0
 30
0.0
 11
715.0
 21
342.0
 31
0.0
  0
LINE
  5
5B4
330
1CA
100
AcDbEntity
 67
1
  8
E-TEKHAT-SEMBOL
370
35
100
AcDbLine
 10
712.5
 20
342.0
 30
0.0
 11
717.5
 21
342.0
 31
0.0
  0
TEXT
  5
5B5
330
1CA
100
AcDbEntity
 67
1
  8
E-TEKHAT-YAZI
100
AcDbText
 10
715.0
 20
337.0
 30
0.0
 40
1.8
  1
YEDEK
  7
GYM
 72
1
 11
715.0
 21
337.0
 31
0.0
100
AcDbText
 73
2
  0
LINE
  5
5B6
330
1CA
100
AcDbEntity
 67
1
  8
E-TEKHAT-TEL
370
35
100
AcDbLine
 10
741.0
 20
386.0
 30
0.0
 11
741.0
 21
370.0
 31
0.0
  0
HATCH
  5
5B7
330
1CA
100
AcDbEntity
 67
1
  8
E-TEKHAT-BARA
 62
7
100
AcDbHatch
 10
0.0
 20
0.0
 30
0.0
210
0.0
220
0.0
230
1.0
  2
SOLID
 70
1
 71
0
 91
1
 92
1
 93
1
 72
2
 10
741.0
 20
386.0
 40
0.5
 50
0.0
 51
360.0
 73
1
 97
0
 75
0
 76
1
 98
0
  0
LINE
  5
5B8
330
1CA
100
AcDbEntity
 67
1
  8
E-TEKHAT-SEMBOL
370
35
100
AcDbLine
 10
741.0
 20
350.0
 30
0.0
 11
741.0
 21
355.0
 31
0.0
  0
HATCH
  5
5B9
330
1CA
100
AcDbEntity
 67
1
  8
E-TEKHAT-SEMBOL
 62
7
100
AcDbHatch
 10
0.0
 20
0.0
 30
0.0
210
0.0
220
0.0
230
1.0
  2
SOLID
 70
1
 71
0
 91
1
 92
1
 93
1
 72
2
 10
741.0
 20
355.0
 40
0.5
 50
0.0
 51
360.0
 73
1
 97
0
 75
0
 76
1
 98
0
  0
LINE
  5
5BA
330
1CA
100
AcDbEntity
 67
1
  8
E-TEKHAT-SEMBOL
370
35
100
AcDbLine
 10
741.0
 20
355.0
 30
0.0
 11
746.0
 21
363.66025403784437
 31
0.0
  0
LINE
  5
5BB
330
1CA
100
AcDbEntity
 67
1
  8
E-TEKHAT-SEMBOL
370
35
100
AcDbLine
 10
741.0
 20
365.0
 30
0.0
 11
741.0
 21
370.0
 31
0.0
  0
LINE
  5
5BC
330
1CA
100
AcDbEntity
 67
1
  8
E-TEKHAT-SEMBOL
370
35
100
AcDbLine
 10
738.5
 20
362.5
 30
0.0
 11
743.5
 21
367.5
 31
0.0
  0
LINE
  5
5BD
330
1CA
100
AcDbEntity
 67
1
  8
E-TEKHAT-SEMBOL
370
35
100
AcDbLine
 10
738.5
 20
367.5
 30
0.0
 11
743.5
 21
362.5
 31
0.0
  0
TEXT
  5
5BE
330
1CA
100
AcDbEntity
 67
1
  8
E-TEKHAT-YAZI
100
AcDbText
 10
747.5
 20
366.5
 30
0.0
 40
2.0
  1
-Q126
  7
GYM-B
 11
747.5
 21
366.5
 31
0.0
100
AcDbText
 73
2
  0
TEXT
  5
5BF
330
1CA
100
AcDbEntity
 67
1
  8
E-TEKHAT-YAZI
100
AcDbText
 10
747.5
 20
358.5
 30
0.0
 40
1.8
  1
1×16 A · C
  7
GYM
 11
747.5
 21
358.5
 31
0.0
100
AcDbText
 73
2
  0
LINE
  5
5C0
330
1CA
100
AcDbEntity
 67
1
  8
E-TEKHAT-TEL
370
35
100
AcDbLine
 10
741.0
 20
350.0
 30
0.0
 11
741.0
 21
342.0
 31
0.0
  0
LINE
  5
5C1
330
1CA
100
AcDbEntity
 67
1
  8
E-TEKHAT-SEMBOL
370
35
100
AcDbLine
 10
738.5
 20
342.0
 30
0.0
 11
743.5
 21
342.0
 31
0.0
  0
TEXT
  5
5C2
330
1CA
100
AcDbEntity
 67
1
  8
E-TEKHAT-YAZI
100
AcDbText
 10
741.0
 20
337.0
 30
0.0
 40
1.8
  1
YEDEK
  7
GYM
 72
1
 11
741.0
 21
337.0
 31
0.0
100
AcDbText
 73
2
  0
LWPOLYLINE
  5
5C3
330
1CA
100
AcDbEntity
 67
1
  8
E-TEKHAT-SINIR
  6
DASHDOT
370
35
100
AcDbPolyline
 90
4
 70
0
 10
44.0
 20
322.0
 10
44.0
 20
528.0
 10
770.0
 20
528.0
 10
770.0
 20
322.0
  0
LWPOLYLINE
  5
5C4
330
1CA
100
AcDbEntity
 67
1
  8
E-TEKHAT-SINIR
  6
DASHDOT
370
35
100
AcDbPolyline
 90
2
 70
0
 10
44.0
 20
322.0
 10
770.0
 20
322.0
  0
TEXT
  5
5C5
330
1CA
100
AcDbEntity
 67
1
  8
E-TEKHAT-YAZI
100
AcDbText
 10
46.0
 20
326.0
 30
0.0
 40
2.0
  1
PANO: ADP · IP54 · Form 2b · sac gövde · Icw 6 kA 1 s  —  ÜSTÜ PANO İÇİ, ALTI SAHA KABLOLAMASI
  7
GYM-B
 11
46.0
 21
326.0
 31
0.0
100
AcDbText
 73
2
  0
TEXT
  5
5C6
330
1CA
100
AcDbEntity
 67
1
  8
E-TEKHAT-YAZI
100
AcDbText
 10
46.0
 20
312.0
 30
0.0
 40
2.5
  1
-X1
  7
GYM-B
 72
2
 11
46.0
 21
312.0
 31
0.0
100
AcDbText
 73
2
  0
TEXT
  5
5C7
330
1CA
100
AcDbEntity
 67
1
  8
E-TEKHAT-YAZI
100
AcDbText
 10
48.0
 20
312.0
 30
0.0
 40
1.8
  1
klemens sırası
  7
GYM
 11
48.0
 21
312.0
 31
0.0
100
AcDbText
 73
2
  0
LWPOLYLINE
  5
5C8
330
1CA
100
AcDbEntity
 67
1
  8
E-TEKHAT-TABLO
370
50
100
AcDbPolyline
 90
4
 70
1
 10
26.0
 20
173.60000000000002
 10
754.0
 20
173.60000000000002
 10
754.0
 20
294.0
 10
26.0
 20
294.0
  0
LWPOLYLINE
  5
5C9
330
1CA
100
AcDbEntity
 67
1
  8
E-TEKHAT-TABLO
370
18
100
AcDbPolyline
 90
2
 70
0
 10
26.0
 20
294.0
 10
754.0
 20
294.0
  0
LWPOLYLINE
  5
5CA
330
1CA
100
AcDbEntity
 67
1
  8
E-TEKHAT-TABLO
370
18
100
AcDbPolyline
 90
2
 70
0
 10
26.0
 20
285.4
 10
754.0
 20
285.4
  0
LWPOLYLINE
  5
5CB
330
1CA
100
AcDbEntity
 67
1
  8
E-TEKHAT-TABLO
370
18
100
AcDbPolyline
 90
2
 70
0
 10
26.0
 20
276.8
 10
754.0
 20
276.8
  0
LWPOLYLINE
  5
5CC
330
1CA
100
AcDbEntity
 67
1
  8
E-TEKHAT-TABLO
370
18
100
AcDbPolyline
 90
2
 70
0
 10
26.0
 20
268.2
 10
754.0
 20
268.2
  0
LWPOLYLINE
  5
5CD
330
1CA
100
AcDbEntity
 67
1
  8
E-TEKHAT-TABLO
370
18
100
AcDbPolyline
 90
2
 70
0
 10
26.0
 20
259.6
 10
754.0
 20
259.6
  0
LWPOLYLINE
  5
5CE
330
1CA
100
AcDbEntity
 67
1
  8
E-TEKHAT-TABLO
370
18
100
AcDbPolyline
 90
2
 70
0
 10
26.0
 20
251.0
 10
754.0
 20
251.0
  0
LWPOLYLINE
  5
5CF
330
1CA
100
AcDbEntity
 67
1
  8
E-TEKHAT-TABLO
370
18
100
AcDbPolyline
 90
2
 70
0
 10
26.0
 20
242.4
 10
754.0
 20
242.4
  0
LWPOLYLINE
  5
5D0
330
1CA
100
AcDbEntity
 67
1
  8
E-TEKHAT-TABLO
370
18
100
AcDbPolyline
 90
2
 70
0
 10
26.0
 20
233.8
 10
754.0
 20
233.8
  0
LWPOLYLINE
  5
5D1
330
1CA
100
AcDbEntity
 67
1
  8
E-TEKHAT-TABLO
370
18
100
AcDbPolyline
 90
2
 70
0
 10
26.0
 20
225.2
 10
754.0
 20
225.2
  0
LWPOLYLINE
  5
5D2
330
1CA
100
AcDbEntity
 67
1
  8
E-TEKHAT-TABLO
370
18
100
AcDbPolyline
 90
2
 70
0
 10
26.0
 20
216.60000000000002
 10
754.0
 20
216.60000000000002
  0
LWPOLYLINE
  5
5D3
330
1CA
100
AcDbEntity
 67
1
  8
E-TEKHAT-TABLO
370
18
100
AcDbPolyline
 90
2
 70
0
 10
26.0
 20
208.0
 10
754.0
 20
208.0
  0
LWPOLYLINE
  5
5D4
330
1CA
100
AcDbEntity
 67
1
  8
E-TEKHAT-TABLO
370
18
100
AcDbPolyline
 90
2
 70
0
 10
26.0
 20
199.4
 10
754.0
 20
199.4
  0
LWPOLYLINE
  5
5D5
330
1CA
100
AcDbEntity
 67
1
  8
E-TEKHAT-TABLO
370
18
100
AcDbPolyline
 90
2
 70
0
 10
26.0
 20
190.8
 10
754.0
 20
190.8
  0
LWPOLYLINE
  5
5D6
330
1CA
100
AcDbEntity
 67
1
  8
E-TEKHAT-TABLO
370
18
100
AcDbPolyline
 90
2
 70
0
 10
26.0
 20
182.2
 10
754.0
 20
182.2
  0
LWPOLYLINE
  5
5D7
330
1CA
100
AcDbEntity
 67
1
  8
E-TEKHAT-TABLO
370
18
100
AcDbPolyline
 90
2
 70
0
 10
26.0
 20
173.60000000000002
 10
754.0
 20
173.60000000000002
  0
LWPOLYLINE
  5
5D8
330
1CA
100
AcDbEntity
 67
1
  8
E-TEKHAT-TABLO
370
50
100
AcDbPolyline
 90
2
 70
0
 10
78.0
 20
173.60000000000002
 10
78.0
 20
294.0
  0
LWPOLYLINE
  5
5D9
330
1CA
100
AcDbEntity
 67
1
  8
E-TEKHAT-TABLO
370
18
100
AcDbPolyline
 90
2
 70
0
 10
104.0
 20
173.60000000000002
 10
104.0
 20
294.0
  0
LWPOLYLINE
  5
5DA
330
1CA
100
AcDbEntity
 67
1
  8
E-TEKHAT-TABLO
370
18
100
AcDbPolyline
 90
2
 70
0
 10
130.0
 20
173.60000000000002
 10
130.0
 20
294.0
  0
LWPOLYLINE
  5
5DB
330
1CA
100
AcDbEntity
 67
1
  8
E-TEKHAT-TABLO
370
18
100
AcDbPolyline
 90
2
 70
0
 10
156.0
 20
173.60000000000002
 10
156.0
 20
294.0
  0
LWPOLYLINE
  5
5DC
330
1CA
100
AcDbEntity
 67
1
  8
E-TEKHAT-TABLO
370
18
100
AcDbPolyline
 90
2
 70
0
 10
182.0
 20
173.60000000000002
 10
182.0
 20
294.0
  0
LWPOLYLINE
  5
5DD
330
1CA
100
AcDbEntity
 67
1
  8
E-TEKHAT-TABLO
370
18
100
AcDbPolyline
 90
2
 70
0
 10
208.0
 20
173.60000000000002
 10
208.0
 20
294.0
  0
LWPOLYLINE
  5
5DE
330
1CA
100
AcDbEntity
 67
1
  8
E-TEKHAT-TABLO
370
18
100
AcDbPolyline
 90
2
 70
0
 10
234.0
 20
173.60000000000002
 10
234.0
 20
294.0
  0
LWPOLYLINE
  5
5DF
330
1CA
100
AcDbEntity
 67
1
  8
E-TEKHAT-TABLO
370
18
100
AcDbPolyline
 90
2
 70
0
 10
260.0
 20
173.60000000000002
 10
260.0
 20
294.0
  0
LWPOLYLINE
  5
5E0
330
1CA
100
AcDbEntity
 67
1
  8
E-TEKHAT-TABLO
370
18
100
AcDbPolyline
 90
2
 70
0
 10
286.0
 20
173.60000000000002
 10
286.0
 20
294.0
  0
LWPOLYLINE
  5
5E1
330
1CA
100
AcDbEntity
 67
1
  8
E-TEKHAT-TABLO
370
18
100
AcDbPolyline
 90
2
 70
0
 10
312.0
 20
173.60000000000002
 10
312.0
 20
294.0
  0
LWPOLYLINE
  5
5E2
330
1CA
100
AcDbEntity
 67
1
  8
E-TEKHAT-TABLO
370
18
100
AcDbPolyline
 90
2
 70
0
 10
338.0
 20
173.60000000000002
 10
338.0
 20
294.0
  0
LWPOLYLINE
  5
5E3
330
1CA
100
AcDbEntity
 67
1
  8
E-TEKHAT-TABLO
370
18
100
AcDbPolyline
 90
2
 70
0
 10
364.0
 20
173.60000000000002
 10
364.0
 20
294.0
  0
LWPOLYLINE
  5
5E4
330
1CA
100
AcDbEntity
 67
1
  8
E-TEKHAT-TABLO
370
18
100
AcDbPolyline
 90
2
 70
0
 10
390.0
 20
173.60000000000002
 10
390.0
 20
294.0
  0
LWPOLYLINE
  5
5E5
330
1CA
100
AcDbEntity
 67
1
  8
E-TEKHAT-TABLO
370
18
100
AcDbPolyline
 90
2
 70
0
 10
416.0
 20
173.60000000000002
 10
416.0
 20
294.0
  0
LWPOLYLINE
  5
5E6
330
1CA
100
AcDbEntity
 67
1
  8
E-TEKHAT-TABLO
370
18
100
AcDbPolyline
 90
2
 70
0
 10
442.0
 20
173.60000000000002
 10
442.0
 20
294.0
  0
LWPOLYLINE
  5
5E7
330
1CA
100
AcDbEntity
 67
1
  8
E-TEKHAT-TABLO
370
18
100
AcDbPolyline
 90
2
 70
0
 10
468.0
 20
173.60000000000002
 10
468.0
 20
294.0
  0
LWPOLYLINE
  5
5E8
330
1CA
100
AcDbEntity
 67
1
  8
E-TEKHAT-TABLO
370
18
100
AcDbPolyline
 90
2
 70
0
 10
494.0
 20
173.60000000000002
 10
494.0
 20
294.0
  0
LWPOLYLINE
  5
5E9
330
1CA
100
AcDbEntity
 67
1
  8
E-TEKHAT-TABLO
370
18
100
AcDbPolyline
 90
2
 70
0
 10
520.0
 20
173.60000000000002
 10
520.0
 20
294.0
  0
LWPOLYLINE
  5
5EA
330
1CA
100
AcDbEntity
 67
1
  8
E-TEKHAT-TABLO
370
18
100
AcDbPolyline
 90
2
 70
0
 10
546.0
 20
173.60000000000002
 10
546.0
 20
294.0
  0
LWPOLYLINE
  5
5EB
330
1CA
100
AcDbEntity
 67
1
  8
E-TEKHAT-TABLO
370
18
100
AcDbPolyline
 90
2
 70
0
 10
572.0
 20
173.60000000000002
 10
572.0
 20
294.0
  0
LWPOLYLINE
  5
5EC
330
1CA
100
AcDbEntity
 67
1
  8
E-TEKHAT-TABLO
370
18
100
AcDbPolyline
 90
2
 70
0
 10
598.0
 20
173.60000000000002
 10
598.0
 20
294.0
  0
LWPOLYLINE
  5
5ED
330
1CA
100
AcDbEntity
 67
1
  8
E-TEKHAT-TABLO
370
18
100
AcDbPolyline
 90
2
 70
0
 10
624.0
 20
173.60000000000002
 10
624.0
 20
294.0
  0
LWPOLYLINE
  5
5EE
330
1CA
100
AcDbEntity
 67
1
  8
E-TEKHAT-TABLO
370
18
100
AcDbPolyline
 90
2
 70
0
 10
650.0
 20
173.60000000000002
 10
650.0
 20
294.0
  0
LWPOLYLINE
  5
5EF
330
1CA
100
AcDbEntity
 67
1
  8
E-TEKHAT-TABLO
370
18
100
AcDbPolyline
 90
2
 70
0
 10
676.0
 20
173.60000000000002
 10
676.0
 20
294.0
  0
LWPOLYLINE
  5
5F0
330
1CA
100
AcDbEntity
 67
1
  8
E-TEKHAT-TABLO
370
18
100
AcDbPolyline
 90
2
 70
0
 10
702.0
 20
173.60000000000002
 10
702.0
 20
294.0
  0
LWPOLYLINE
  5
5F1
330
1CA
100
AcDbEntity
 67
1
  8
E-TEKHAT-TABLO
370
18
100
AcDbPolyline
 90
2
 70
0
 10
728.0
 20
173.60000000000002
 10
728.0
 20
294.0
  0
TEXT
  5
5F2
330
1CA
100
AcDbEntity
 67
1
  8
E-TEKHAT-TABLO
100
AcDbText
 10
28.0
 20
289.7
 30
0.0
 40
2.0
  1
ÇIKIŞ NO
  7
GYM-B
 11
28.0
 21
289.7
 31
0.0
100
AcDbText
 73
2
  0
TEXT
  5
5F3
330
1CA
100
AcDbEntity
 67
1
  8
E-TEKHAT-TABLO
100
AcDbText
 10
91.0
 20
289.7
 30
0.0
 40
1.8
  1
1
  7
GYM
 72
1
 11
91.0
 21
289.7
 31
0.0
100
AcDbText
 73
2
  0
TEXT
  5
5F4
330
1CA
100
AcDbEntity
 67
1
  8
E-TEKHAT-TABLO
100
AcDbText
 10
117.0
 20
289.7
 30
0.0
 40
1.8
  1
2
  7
GYM
 72
1
 11
117.0
 21
289.7
 31
0.0
100
AcDbText
 73
2
  0
TEXT
  5
5F5
330
1CA
100
AcDbEntity
 67
1
  8
E-TEKHAT-TABLO
100
AcDbText
 10
143.0
 20
289.7
 30
0.0
 40
1.8
  1
3
  7
GYM
 72
1
 11
143.0
 21
289.7
 31
0.0
100
AcDbText
 73
2
  0
TEXT
  5
5F6
330
1CA
100
AcDbEntity
 67
1
  8
E-TEKHAT-TABLO
100
AcDbText
 10
169.0
 20
289.7
 30
0.0
 40
1.8
  1
4
  7
GYM
 72
1
 11
169.0
 21
289.7
 31
0.0
100
AcDbText
 73
2
  0
TEXT
  5
5F7
330
1CA
100
AcDbEntity
 67
1
  8
E-TEKHAT-TABLO
100
AcDbText
 10
195.0
 20
289.7
 30
0.0
 40
1.8
  1
5
  7
GYM
 72
1
 11
195.0
 21
289.7
 31
0.0
100
AcDbText
 73
2
  0
TEXT
  5
5F8
330
1CA
100
AcDbEntity
 67
1
  8
E-TEKHAT-TABLO
100
AcDbText
 10
221.0
 20
289.7
 30
0.0
 40
1.8
  1
6
  7
GYM
 72
1
 11
221.0
 21
289.7
 31
0.0
100
AcDbText
 73
2
  0
TEXT
  5
5F9
330
1CA
100
AcDbEntity
 67
1
  8
E-TEKHAT-TABLO
100
AcDbText
 10
247.0
 20
289.7
 30
0.0
 40
1.8
  1
7
  7
GYM
 72
1
 11
247.0
 21
289.7
 31
0.0
100
AcDbText
 73
2
  0
TEXT
  5
5FA
330
1CA
100
AcDbEntity
 67
1
  8
E-TEKHAT-TABLO
100
AcDbText
 10
273.0
 20
289.7
 30
0.0
 40
1.8
  1
8
  7
GYM
 72
1
 11
273.0
 21
289.7
 31
0.0
100
AcDbText
 73
2
  0
TEXT
  5
5FB
330
1CA
100
AcDbEntity
 67
1
  8
E-TEKHAT-TABLO
100
AcDbText
 10
299.0
 20
289.7
 30
0.0
 40
1.8
  1
9
  7
GYM
 72
1
 11
299.0
 21
289.7
 31
0.0
100
AcDbText
 73
2
  0
TEXT
  5
5FC
330
1CA
100
AcDbEntity
 67
1
  8
E-TEKHAT-TABLO
100
AcDbText
 10
325.0
 20
289.7
 30
0.0
 40
1.8
  1
10
  7
GYM
 72
1
 11
325.0
 21
289.7
 31
0.0
100
AcDbText
 73
2
  0
TEXT
  5
5FD
330
1CA
100
AcDbEntity
 67
1
  8
E-TEKHAT-TABLO
100
AcDbText
 10
351.0
 20
289.7
 30
0.0
 40
1.8
  1
11
  7
GYM
 72
1
 11
351.0
 21
289.7
 31
0.0
100
AcDbText
 73
2
  0
TEXT
  5
5FE
330
1CA
100
AcDbEntity
 67
1
  8
E-TEKHAT-TABLO
100
AcDbText
 10
377.0
 20
289.7
 30
0.0
 40
1.8
  1
12
  7
GYM
 72
1
 11
377.0
 21
289.7
 31
0.0
100
AcDbText
 73
2
  0
TEXT
  5
5FF
330
1CA
100
AcDbEntity
 67
1
  8
E-TEKHAT-TABLO
100
AcDbText
 10
403.0
 20
289.7
 30
0.0
 40
1.8
  1
13
  7
GYM
 72
1
 11
403.0
 21
289.7
 31
0.0
100
AcDbText
 73
2
  0
TEXT
  5
600
330
1CA
100
AcDbEntity
 67
1
  8
E-TEKHAT-TABLO
100
AcDbText
 10
429.0
 20
289.7
 30
0.0
 40
1.8
  1
14
  7
GYM
 72
1
 11
429.0
 21
289.7
 31
0.0
100
AcDbText
 73
2
  0
TEXT
  5
601
330
1CA
100
AcDbEntity
 67
1
  8
E-TEKHAT-TABLO
100
AcDbText
 10
455.0
 20
289.7
 30
0.0
 40
1.8
  1
15
  7
GYM
 72
1
 11
455.0
 21
289.7
 31
0.0
100
AcDbText
 73
2
  0
TEXT
  5
602
330
1CA
100
AcDbEntity
 67
1
  8
E-TEKHAT-TABLO
100
AcDbText
 10
481.0
 20
289.7
 30
0.0
 40
1.8
  1
16
  7
GYM
 72
1
 11
481.0
 21
289.7
 31
0.0
100
AcDbText
 73
2
  0
TEXT
  5
603
330
1CA
100
AcDbEntity
 67
1
  8
E-TEKHAT-TABLO
100
AcDbText
 10
507.0
 20
289.7
 30
0.0
 40
1.8
  1
17
  7
GYM
 72
1
 11
507.0
 21
289.7
 31
0.0
100
AcDbText
 73
2
  0
TEXT
  5
604
330
1CA
100
AcDbEntity
 67
1
  8
E-TEKHAT-TABLO
100
AcDbText
 10
533.0
 20
289.7
 30
0.0
 40
1.8
  1
18
  7
GYM
 72
1
 11
533.0
 21
289.7
 31
0.0
100
AcDbText
 73
2
  0
TEXT
  5
605
330
1CA
100
AcDbEntity
 67
1
  8
E-TEKHAT-TABLO
100
AcDbText
 10
559.0
 20
289.7
 30
0.0
 40
1.8
  1
19
  7
GYM
 72
1
 11
559.0
 21
289.7
 31
0.0
100
AcDbText
 73
2
  0
TEXT
  5
606
330
1CA
100
AcDbEntity
 67
1
  8
E-TEKHAT-TABLO
100
AcDbText
 10
585.0
 20
289.7
 30
0.0
 40
1.8
  1
20
  7
GYM
 72
1
 11
585.0
 21
289.7
 31
0.0
100
AcDbText
 73
2
  0
TEXT
  5
607
330
1CA
100
AcDbEntity
 67
1
  8
E-TEKHAT-TABLO
100
AcDbText
 10
611.0
 20
289.7
 30
0.0
 40
1.8
  1
21
  7
GYM
 72
1
 11
611.0
 21
289.7
 31
0.0
100
AcDbText
 73
2
  0
TEXT
  5
608
330
1CA
100
AcDbEntity
 67
1
  8
E-TEKHAT-TABLO
100
AcDbText
 10
637.0
 20
289.7
 30
0.0
 40
1.8
  1
22
  7
GYM
 72
1
 11
637.0
 21
289.7
 31
0.0
100
AcDbText
 73
2
  0
TEXT
  5
609
330
1CA
100
AcDbEntity
 67
1
  8
E-TEKHAT-TABLO
100
AcDbText
 10
663.0
 20
289.7
 30
0.0
 40
1.8
  1
23
  7
GYM
 72
1
 11
663.0
 21
289.7
 31
0.0
100
AcDbText
 73
2
  0
TEXT
  5
60A
330
1CA
100
AcDbEntity
 67
1
  8
E-TEKHAT-TABLO
100
AcDbText
 10
689.0
 20
289.7
 30
0.0
 40
1.8
  1
24
  7
GYM
 72
1
 11
689.0
 21
289.7
 31
0.0
100
AcDbText
 73
2
  0
TEXT
  5
60B
330
1CA
100
AcDbEntity
 67
1
  8
E-TEKHAT-TABLO
100
AcDbText
 10
715.0
 20
289.7
 30
0.0
 40
1.8
  1
25
  7
GYM
 72
1
 11
715.0
 21
289.7
 31
0.0
100
AcDbText
 73
2
  0
TEXT
  5
60C
330
1CA
100
AcDbEntity
 67
1
  8
E-TEKHAT-TABLO
100
AcDbText
 10
741.0
 20
289.7
 30
0.0
 40
1.8
  1
26
  7
GYM
 72
1
 11
741.0
 21
289.7
 31
0.0
100
AcDbText
 73
2
  0
TEXT
  5
60D
330
1CA
100
AcDbEntity
 67
1
  8
E-TEKHAT-TABLO
100
AcDbText
 10
28.0
 20
281.1
 30
0.0
 40
2.0
  1
LİNYE / TANIM
  7
GYM-B
 11
28.0
 21
281.1
 31
0.0
100
AcDbText
 73
2
  0
TEXT
  5
60E
330
1CA
100
AcDbEntity
 67
1
  8
E-TEKHAT-TABLO
100
AcDbText
 10
91.0
 20
281.1
 30
0.0
 40
1.8
  1
L1
  7
GYM
 72
1
 11
91.0
 21
281.1
 31
0.0
100
AcDbText
 73
2
  0
TEXT
  5
60F
330
1CA
100
AcDbEntity
 67
1
  8
E-TEKHAT-TABLO
100
AcDbText
 10
117.0
 20
281.1
 30
0.0
 40
1.8
  1
L2
  7
GYM
 72
1
 11
117.0
 21
281.1
 31
0.0
100
AcDbText
 73
2
  0
TEXT
  5
610
330
1CA
100
AcDbEntity
 67
1
  8
E-TEKHAT-TABLO
100
AcDbText
 10
143.0
 20
281.1
 30
0.0
 40
1.8
  1
L3
  7
GYM
 72
1
 11
143.0
 21
281.1
 31
0.0
100
AcDbText
 73
2
  0
TEXT
  5
611
330
1CA
100
AcDbEntity
 67
1
  8
E-TEKHAT-TABLO
100
AcDbText
 10
169.0
 20
281.1
 30
0.0
 40
1.8
  1
L4
  7
GYM
 72
1
 11
169.0
 21
281.1
 31
0.0
100
AcDbText
 73
2
  0
TEXT
  5
612
330
1CA
100
AcDbEntity
 67
1
  8
E-TEKHAT-TABLO
100
AcDbText
 10
195.0
 20
281.1
 30
0.0
 40
1.8
  1
L6
  7
GYM
 72
1
 11
195.0
 21
281.1
 31
0.0
100
AcDbText
 73
2
  0
TEXT
  5
613
330
1CA
100
AcDbEntity
 67
1
  8
E-TEKHAT-TABLO
100
AcDbText
 10
221.0
 20
281.1
 30
0.0
 40
1.8
  1
P1
  7
GYM
 72
1
 11
221.0
 21
281.1
 31
0.0
100
AcDbText
 73
2
  0
TEXT
  5
614
330
1CA
100
AcDbEntity
 67
1
  8
E-TEKHAT-TABLO
100
AcDbText
 10
247.0
 20
281.1
 30
0.0
 40
1.8
  1
P2
  7
GYM
 72
1
 11
247.0
 21
281.1
 31
0.0
100
AcDbText
 73
2
  0
TEXT
  5
615
330
1CA
100
AcDbEntity
 67
1
  8
E-TEKHAT-TABLO
100
AcDbText
 10
273.0
 20
281.1
 30
0.0
 40
1.8
  1
P3
  7
GYM
 72
1
 11
273.0
 21
281.1
 31
0.0
100
AcDbText
 73
2
  0
TEXT
  5
616
330
1CA
100
AcDbEntity
 67
1
  8
E-TEKHAT-TABLO
100
AcDbText
 10
299.0
 20
281.1
 30
0.0
 40
1.8
  1
P4
  7
GYM
 72
1
 11
299.0
 21
281.1
 31
0.0
100
AcDbText
 73
2
  0
TEXT
  5
617
330
1CA
100
AcDbEntity
 67
1
  8
E-TEKHAT-TABLO
100
AcDbText
 10
325.0
 20
281.1
 30
0.0
 40
1.8
  1
P6
  7
GYM
 72
1
 11
325.0
 21
281.1
 31
0.0
100
AcDbText
 73
2
  0
TEXT
  5
618
330
1CA
100
AcDbEntity
 67
1
  8
E-TEKHAT-TABLO
100
AcDbText
 10
351.0
 20
281.1
 30
0.0
 40
1.8
  1
Z1
  7
GYM
 72
1
 11
351.0
 21
281.1
 31
0.0
100
AcDbText
 73
2
  0
TEXT
  5
619
330
1CA
100
AcDbEntity
 67
1
  8
E-TEKHAT-TABLO
100
AcDbText
 10
377.0
 20
281.1
 30
0.0
 40
1.8
  1
L5
  7
GYM
 72
1
 11
377.0
 21
281.1
 31
0.0
100
AcDbText
 73
2
  0
TEXT
  5
61A
330
1CA
100
AcDbEntity
 67
1
  8
E-TEKHAT-TABLO
100
AcDbText
 10
403.0
 20
281.1
 30
0.0
 40
1.8
  1
P5
  7
GYM
 72
1
 11
403.0
 21
281.1
 31
0.0
100
AcDbText
 73
2
  0
TEXT
  5
61B
330
1CA
100
AcDbEntity
 67
1
  8
E-TEKHAT-TABLO
100
AcDbText
 10
429.0
 20
281.1
 30
0.0
 40
1.8
  1
W1
  7
GYM
 72
1
 11
429.0
 21
281.1
 31
0.0
100
AcDbText
 73
2
  0
TEXT
  5
61C
330
1CA
100
AcDbEntity
 67
1
  8
E-TEKHAT-TABLO
100
AcDbText
 10
455.0
 20
281.1
 30
0.0
 40
1.8
  1
W2
  7
GYM
 72
1
 11
455.0
 21
281.1
 31
0.0
100
AcDbText
 73
2
  0
TEXT
  5
61D
330
1CA
100
AcDbEntity
 67
1
  8
E-TEKHAT-TABLO
100
AcDbText
 10
481.0
 20
281.1
 30
0.0
 40
1.8
  1
K1
  7
GYM
 72
1
 11
481.0
 21
281.1
 31
0.0
100
AcDbText
 73
2
  0
TEXT
  5
61E
330
1CA
100
AcDbEntity
 67
1
  8
E-TEKHAT-TABLO
100
AcDbText
 10
507.0
 20
281.1
 30
0.0
 40
1.8
  1
K2
  7
GYM
 72
1
 11
507.0
 21
281.1
 31
0.0
100
AcDbText
 73
2
  0
TEXT
  5
61F
330
1CA
100
AcDbEntity
 67
1
  8
E-TEKHAT-TABLO
100
AcDbText
 10
533.0
 20
281.1
 30
0.0
 40
1.8
  1
K3
  7
GYM
 72
1
 11
533.0
 21
281.1
 31
0.0
100
AcDbText
 73
2
  0
TEXT
  5
620
330
1CA
100
AcDbEntity
 67
1
  8
E-TEKHAT-TABLO
100
AcDbText
 10
559.0
 20
281.1
 30
0.0
 40
1.8
  1
K4
  7
GYM
 72
1
 11
559.0
 21
281.1
 31
0.0
100
AcDbText
 73
2
  0
TEXT
  5
621
330
1CA
100
AcDbEntity
 67
1
  8
E-TEKHAT-TABLO
100
AcDbText
 10
585.0
 20
281.1
 30
0.0
 40
1.8
  1
V1
  7
GYM
 72
1
 11
585.0
 21
281.1
 31
0.0
100
AcDbText
 73
2
  0
TEXT
  5
622
330
1CA
100
AcDbEntity
 67
1
  8
E-TEKHAT-TABLO
100
AcDbText
 10
611.0
 20
281.1
 30
0.0
 40
1.8
  1
V2
  7
GYM
 72
1
 11
611.0
 21
281.1
 31
0.0
100
AcDbText
 73
2
  0
TEXT
  5
623
330
1CA
100
AcDbEntity
 67
1
  8
E-TEKHAT-TABLO
100
AcDbText
 10
637.0
 20
281.1
 30
0.0
 40
1.8
  1
Z2
  7
GYM
 72
1
 11
637.0
 21
281.1
 31
0.0
100
AcDbText
 73
2
  0
TEXT
  5
624
330
1CA
100
AcDbEntity
 67
1
  8
E-TEKHAT-TABLO
100
AcDbText
 10
663.0
 20
281.1
 30
0.0
 40
1.8
  1
-Q123
  7
GYM
 72
1
 11
663.0
 21
281.1
 31
0.0
100
AcDbText
 73
2
  0
TEXT
  5
625
330
1CA
100
AcDbEntity
 67
1
  8
E-TEKHAT-TABLO
100
AcDbText
 10
689.0
 20
281.1
 30
0.0
 40
1.8
  1
-Q124
  7
GYM
 72
1
 11
689.0
 21
281.1
 31
0.0
100
AcDbText
 73
2
  0
TEXT
  5
626
330
1CA
100
AcDbEntity
 67
1
  8
E-TEKHAT-TABLO
100
AcDbText
 10
715.0
 20
281.1
 30
0.0
 40
1.8
  1
-Q125
  7
GYM
 72
1
 11
715.0
 21
281.1
 31
0.0
100
AcDbText
 73
2
  0
TEXT
  5
627
330
1CA
100
AcDbEntity
 67
1
  8
E-TEKHAT-TABLO
100
AcDbText
 10
741.0
 20
281.1
 30
0.0
 40
1.8
  1
-Q126
  7
GYM
 72
1
 11
741.0
 21
281.1
 31
0.0
100
AcDbText
 73
2
  0
TEXT
  5
628
330
1CA
100
AcDbEntity
 67
1
  8
E-TEKHAT-TABLO
100
AcDbText
 10
28.0
 20
272.5
 30
0.0
 40
2.0
  1
MAHAL · YÜK
  7
GYM-B
 11
28.0
 21
272.5
 31
0.0
100
AcDbText
 73
2
  0
TEXT
  5
629
330
1CA
100
AcDbEntity
 67
1
  8
E-TEKHAT-TABLO
100
AcDbText
 10
91.0
 20
274.4
 30
0.0
 40
1.5
  1
arena / serbest
  7
GYM
 72
1
 11
91.0
 21
274.4
 31
0.0
100
AcDbText
 73
2
  0
TEXT
  5
62A
330
1CA
100
AcDbEntity
 67
1
  8
E-TEKHAT-TABLO
100
AcDbText
 10
91.0
 20
270.6
 30
0.0
 40
1.5
  1
ağırlık
  7
GYM
 72
1
 11
91.0
 21
270.6
 31
0.0
100
AcDbText
 73
2
  0
TEXT
  5
62B
330
1CA
100
AcDbEntity
 67
1
  8
E-TEKHAT-TABLO
100
AcDbText
 10
117.0
 20
272.5
 30
0.0
 40
1.5
  1
fonksiyonel / kardiyo
  7
GYM
 72
1
 11
117.0
 21
272.5
 31
0.0
100
AcDbText
 73
2
  0
TEXT
  5
62C
330
1CA
100
AcDbEntity
 67
1
  8
E-TEKHAT-TABLO
100
AcDbText
 10
143.0
 20
272.5
 30
0.0
 40
1.5
  1
dinlenme salonu
  7
GYM
 72
1
 11
143.0
 21
272.5
 31
0.0
100
AcDbText
 73
2
  0
TEXT
  5
62D
330
1CA
100
AcDbEntity
 67
1
  8
E-TEKHAT-TABLO
100
AcDbText
 10
169.0
 20
272.5
 30
0.0
 40
1.5
  1
giriş / banko
  7
GYM
 72
1
 11
169.0
 21
272.5
 31
0.0
100
AcDbText
 73
2
  0
TEXT
  5
62E
330
1CA
100
AcDbEntity
 67
1
  8
E-TEKHAT-TABLO
100
AcDbText
 10
195.0
 20
274.4
 30
0.0
 40
1.5
  1
Acil aydınlatma ve
  7
GYM
 72
1
 11
195.0
 21
274.4
 31
0.0
100
AcDbText
 73
2
  0
TEXT
  5
62F
330
1CA
100
AcDbEntity
 67
1
  8
E-TEKHAT-TABLO
100
AcDbText
 10
195.0
 20
270.6
 30
0.0
 40
1.5
  1
yönlendirme
  7
GYM
 72
1
 11
195.0
 21
270.6
 31
0.0
100
AcDbText
 73
2
  0
TEXT
  5
630
330
1CA
100
AcDbEntity
 67
1
  8
E-TEKHAT-TABLO
100
AcDbText
 10
221.0
 20
274.4
 30
0.0
 40
1.5
  1
salon kuzey
  7
GYM
 72
1
 11
221.0
 21
274.4
 31
0.0
100
AcDbText
 73
2
  0
TEXT
  5
631
330
1CA
100
AcDbEntity
 67
1
  8
E-TEKHAT-TABLO
100
AcDbText
 10
221.0
 20
270.6
 30
0.0
 40
1.5
  1
(PR12–PR16, PR1)
  7
GYM
 72
1
 11
221.0
 21
270.6
 31
0.0
100
AcDbText
 73
2
  0
TEXT
  5
632
330
1CA
100
AcDbEntity
 67
1
  8
E-TEKHAT-TABLO
100
AcDbText
 10
247.0
 20
272.5
 30
0.0
 40
1.5
  1
salon güney (PR5–PR9)
  7
GYM
 72
1
 11
247.0
 21
272.5
 31
0.0
100
AcDbText
 73
2
  0
TEXT
  5
633
330
1CA
100
AcDbEntity
 67
1
  8
E-TEKHAT-TABLO
100
AcDbText
 10
273.0
 20
272.5
 30
0.0
 40
1.5
  1
banko, POS, veri
  7
GYM
 72
1
 11
273.0
 21
272.5
 31
0.0
100
AcDbText
 73
2
  0
TEXT
  5
634
330
1CA
100
AcDbEntity
 67
1
  8
E-TEKHAT-TABLO
100
AcDbText
 10
299.0
 20
274.4
 30
0.0
 40
1.5
  1
kardiyo ekipmanı (ayrı
  7
GYM
 72
1
 11
299.0
 21
274.4
 31
0.0
100
AcDbText
 73
2
  0
TEXT
  5
635
330
1CA
100
AcDbEntity
 67
1
  8
E-TEKHAT-TABLO
100
AcDbText
 10
299.0
 20
270.6
 30
0.0
 40
1.5
  1
linye)
  7
GYM
 72
1
 11
299.0
 21
270.6
 31
0.0
100
AcDbText
 73
2
  0
TEXT
  5
636
330
1CA
100
AcDbEntity
 67
1
  8
E-TEKHAT-TABLO
100
AcDbText
 10
325.0
 20
274.4
 30
0.0
 40
1.5
  1
salon batı ve doğu
  7
GYM
 72
1
 11
325.0
 21
274.4
 31
0.0
100
AcDbText
 73
2
  0
TEXT
  5
637
330
1CA
100
AcDbEntity
 67
1
  8
E-TEKHAT-TABLO
100
AcDbText
 10
325.0
 20
270.6
 30
0.0
 40
1.5
  1
(PR2–PR4, PR10, PR1
  7
GYM
 72
1
 11
325.0
 21
270.6
 31
0.0
100
AcDbText
 73
2
  0
TEXT
  5
638
330
1CA
100
AcDbEntity
 67
1
  8
E-TEKHAT-TABLO
100
AcDbText
 10
351.0
 20
274.4
 30
0.0
 40
1.5
  1
rack, CCTV, ses, geçiş
  7
GYM
 72
1
 11
351.0
 21
274.4
 31
0.0
100
AcDbText
 73
2
  0
TEXT
  5
639
330
1CA
100
AcDbEntity
 67
1
  8
E-TEKHAT-TABLO
100
AcDbText
 10
351.0
 20
270.6
 30
0.0
 40
1.5
  1
kontrol
  7
GYM
 72
1
 11
351.0
 21
270.6
 31
0.0
100
AcDbText
 73
2
  0
TEXT
  5
63A
330
1CA
100
AcDbEntity
 67
1
  8
E-TEKHAT-TABLO
100
AcDbText
 10
377.0
 20
272.5
 30
0.0
 40
1.5
  1
ıslak hacim (IP44)
  7
GYM
 72
1
 11
377.0
 21
272.5
 31
0.0
100
AcDbText
 73
2
  0
TEXT
  5
63B
330
1CA
100
AcDbEntity
 67
1
  8
E-TEKHAT-TABLO
100
AcDbText
 10
403.0
 20
274.4
 30
0.0
 40
1.5
  1
ıslak hacim IP44 (ayrı
  7
GYM
 72
1
 11
403.0
 21
274.4
 31
0.0
100
AcDbText
 73
2
  0
TEXT
  5
63C
330
1CA
100
AcDbEntity
 67
1
  8
E-TEKHAT-TABLO
100
AcDbText
 10
403.0
 20
270.6
 30
0.0
 40
1.5
  1
kaçak akım)
  7
GYM
 72
1
 11
403.0
 21
270.6
 31
0.0
100
AcDbText
 73
2
  0
TEXT
  5
63D
330
1CA
100
AcDbEntity
 67
1
  8
E-TEKHAT-TABLO
100
AcDbText
 10
429.0
 20
274.4
 30
0.0
 40
1.5
  1
erkek bloğu, boyler 3
  7
GYM
 72
1
 11
429.0
 21
274.4
 31
0.0
100
AcDbText
 73
2
  0
TEXT
  5
63E
330
1CA
100
AcDbEntity
 67
1
  8
E-TEKHAT-TABLO
100
AcDbText
 10
429.0
 20
270.6
 30
0.0
 40
1.5
  1
kW
  7
GYM
 72
1
 11
429.0
 21
270.6
 31
0.0
100
AcDbText
 73
2
  0
TEXT
  5
63F
330
1CA
100
AcDbEntity
 67
1
  8
E-TEKHAT-TABLO
100
AcDbText
 10
455.0
 20
274.4
 30
0.0
 40
1.5
  1
kadın bloğu, boyler 3
  7
GYM
 72
1
 11
455.0
 21
274.4
 31
0.0
100
AcDbText
 73
2
  0
TEXT
  5
640
330
1CA
100
AcDbEntity
 67
1
  8
E-TEKHAT-TABLO
100
AcDbText
 10
455.0
 20
270.6
 30
0.0
 40
1.5
  1
kW
  7
GYM
 72
1
 11
455.0
 21
270.6
 31
0.0
100
AcDbText
 73
2
  0
TEXT
  5
641
330
1CA
100
AcDbEntity
 67
1
  8
E-TEKHAT-TABLO
100
AcDbText
 10
481.0
 20
272.5
 30
0.0
 40
1.5
  1
arena 24.000 BTU
  7
GYM
 72
1
 11
481.0
 21
272.5
 31
0.0
100
AcDbText
 73
2
  0
TEXT
  5
642
330
1CA
100
AcDbEntity
 67
1
  8
E-TEKHAT-TABLO
100
AcDbText
 10
507.0
 20
272.5
 30
0.0
 40
1.5
  1
fonksiyonel 18.000 BTU
  7
GYM
 72
1
 11
507.0
 21
272.5
 31
0.0
100
AcDbText
 73
2
  0
TEXT
  5
643
330
1CA
100
AcDbEntity
 67
1
  8
E-TEKHAT-TABLO
100
AcDbText
 10
533.0
 20
272.5
 30
0.0
 40
1.5
  1
giriş 12.000 BTU
  7
GYM
 72
1
 11
533.0
 21
272.5
 31
0.0
100
AcDbText
 73
2
  0
TEXT
  5
644
330
1CA
100
AcDbEntity
 67
1
  8
E-TEKHAT-TABLO
100
AcDbText
 10
559.0
 20
272.5
 30
0.0
 40
1.5
  1
dinlenme 12.000 BTU
  7
GYM
 72
1
 11
559.0
 21
272.5
 31
0.0
100
AcDbText
 73
2
  0
TEXT
  5
645
330
1CA
100
AcDbEntity
 67
1
  8
E-TEKHAT-TABLO
100
AcDbText
 10
585.0
 20
272.5
 30
0.0
 40
1.5
  1
taze hava + egzoz fanı
  7
GYM
 72
1
 11
585.0
 21
272.5
 31
0.0
100
AcDbText
 73
2
  0
TEXT
  5
646
330
1CA
100
AcDbEntity
 67
1
  8
E-TEKHAT-TABLO
100
AcDbText
 10
611.0
 20
272.5
 30
0.0
 40
1.5
  1
Islak hacim egzoz fanı
  7
GYM
 72
1
 11
611.0
 21
272.5
 31
0.0
100
AcDbText
 73
2
  0
TEXT
  5
647
330
1CA
100
AcDbEntity
 67
1
  8
E-TEKHAT-TABLO
100
AcDbText
 10
637.0
 20
274.4
 30
0.0
 40
1.5
  1
Yangın algılama paneli
  7
GYM
 72
1
 11
637.0
 21
274.4
 31
0.0
100
AcDbText
 73
2
  0
TEXT
  5
648
330
1CA
100
AcDbEntity
 67
1
  8
E-TEKHAT-TABLO
100
AcDbText
 10
637.0
 20
270.6
 30
0.0
 40
1.5
  1
(kesintisiz)
  7
GYM
 72
1
 11
637.0
 21
270.6
 31
0.0
100
AcDbText
 73
2
  0
TEXT
  5
649
330
1CA
100
AcDbEntity
 67
1
  8
E-TEKHAT-TABLO
100
AcDbText
 10
663.0
 20
272.5
 30
0.0
 40
1.8
  1
YEDEK
  7
GYM
 72
1
 11
663.0
 21
272.5
 31
0.0
100
AcDbText
 73
2
  0
TEXT
  5
64A
330
1CA
100
AcDbEntity
 67
1
  8
E-TEKHAT-TABLO
100
AcDbText
 10
689.0
 20
272.5
 30
0.0
 40
1.8
  1
YEDEK
  7
GYM
 72
1
 11
689.0
 21
272.5
 31
0.0
100
AcDbText
 73
2
  0
TEXT
  5
64B
330
1CA
100
AcDbEntity
 67
1
  8
E-TEKHAT-TABLO
100
AcDbText
 10
715.0
 20
272.5
 30
0.0
 40
1.8
  1
YEDEK
  7
GYM
 72
1
 11
715.0
 21
272.5
 31
0.0
100
AcDbText
 73
2
  0
TEXT
  5
64C
330
1CA
100
AcDbEntity
 67
1
  8
E-TEKHAT-TABLO
100
AcDbText
 10
741.0
 20
272.5
 30
0.0
 40
1.8
  1
YEDEK
  7
GYM
 72
1
 11
741.0
 21
272.5
 31
0.0
100
AcDbText
 73
2
  0
TEXT
  5
64D
330
1CA
100
AcDbEntity
 67
1
  8
E-TEKHAT-TABLO
100
AcDbText
 10
28.0
 20
263.9
 30
0.0
 40
2.0
  1
FAZ
  7
GYM-B
 11
28.0
 21
263.9
 31
0.0
100
AcDbText
 73
2
  0
TEXT
  5
64E
330
1CA
100
AcDbEntity
 67
1
  8
E-TEKHAT-TABLO
100
AcDbText
 10
91.0
 20
263.9
 30
0.0
 40
1.8
  1
L2
  7
GYM
 72
1
 11
91.0
 21
263.9
 31
0.0
100
AcDbText
 73
2
  0
TEXT
  5
64F
330
1CA
100
AcDbEntity
 67
1
  8
E-TEKHAT-TABLO
100
AcDbText
 10
117.0
 20
263.9
 30
0.0
 40
1.8
  1
L3
  7
GYM
 72
1
 11
117.0
 21
263.9
 31
0.0
100
AcDbText
 73
2
  0
TEXT
  5
650
330
1CA
100
AcDbEntity
 67
1
  8
E-TEKHAT-TABLO
100
AcDbText
 10
143.0
 20
263.9
 30
0.0
 40
1.8
  1
L1
  7
GYM
 72
1
 11
143.0
 21
263.9
 31
0.0
100
AcDbText
 73
2
  0
TEXT
  5
651
330
1CA
100
AcDbEntity
 67
1
  8
E-TEKHAT-TABLO
100
AcDbText
 10
169.0
 20
263.9
 30
0.0
 40
1.8
  1
L3
  7
GYM
 72
1
 11
169.0
 21
263.9
 31
0.0
100
AcDbText
 73
2
  0
TEXT
  5
652
330
1CA
100
AcDbEntity
 67
1
  8
E-TEKHAT-TABLO
100
AcDbText
 10
195.0
 20
263.9
 30
0.0
 40
1.8
  1
L2
  7
GYM
 72
1
 11
195.0
 21
263.9
 31
0.0
100
AcDbText
 73
2
  0
TEXT
  5
653
330
1CA
100
AcDbEntity
 67
1
  8
E-TEKHAT-TABLO
100
AcDbText
 10
221.0
 20
263.9
 30
0.0
 40
1.8
  1
L1
  7
GYM
 72
1
 11
221.0
 21
263.9
 31
0.0
100
AcDbText
 73
2
  0
TEXT
  5
654
330
1CA
100
AcDbEntity
 67
1
  8
E-TEKHAT-TABLO
100
AcDbText
 10
247.0
 20
263.9
 30
0.0
 40
1.8
  1
L3
  7
GYM
 72
1
 11
247.0
 21
263.9
 31
0.0
100
AcDbText
 73
2
  0
TEXT
  5
655
330
1CA
100
AcDbEntity
 67
1
  8
E-TEKHAT-TABLO
100
AcDbText
 10
273.0
 20
263.9
 30
0.0
 40
1.8
  1
L2
  7
GYM
 72
1
 11
273.0
 21
263.9
 31
0.0
100
AcDbText
 73
2
  0
TEXT
  5
656
330
1CA
100
AcDbEntity
 67
1
  8
E-TEKHAT-TABLO
100
AcDbText
 10
299.0
 20
263.9
 30
0.0
 40
1.8
  1
L1
  7
GYM
 72
1
 11
299.0
 21
263.9
 31
0.0
100
AcDbText
 73
2
  0
TEXT
  5
657
330
1CA
100
AcDbEntity
 67
1
  8
E-TEKHAT-TABLO
100
AcDbText
 10
325.0
 20
263.9
 30
0.0
 40
1.8
  1
L1
  7
GYM
 72
1
 11
325.0
 21
263.9
 31
0.0
100
AcDbText
 73
2
  0
TEXT
  5
658
330
1CA
100
AcDbEntity
 67
1
  8
E-TEKHAT-TABLO
100
AcDbText
 10
351.0
 20
263.9
 30
0.0
 40
1.8
  1
L3
  7
GYM
 72
1
 11
351.0
 21
263.9
 31
0.0
100
AcDbText
 73
2
  0
TEXT
  5
659
330
1CA
100
AcDbEntity
 67
1
  8
E-TEKHAT-TABLO
100
AcDbText
 10
377.0
 20
263.9
 30
0.0
 40
1.8
  1
L1
  7
GYM
 72
1
 11
377.0
 21
263.9
 31
0.0
100
AcDbText
 73
2
  0
TEXT
  5
65A
330
1CA
100
AcDbEntity
 67
1
  8
E-TEKHAT-TABLO
100
AcDbText
 10
403.0
 20
263.9
 30
0.0
 40
1.8
  1
L3
  7
GYM
 72
1
 11
403.0
 21
263.9
 31
0.0
100
AcDbText
 73
2
  0
TEXT
  5
65B
330
1CA
100
AcDbEntity
 67
1
  8
E-TEKHAT-TABLO
100
AcDbText
 10
429.0
 20
263.9
 30
0.0
 40
1.8
  1
L3
  7
GYM
 72
1
 11
429.0
 21
263.9
 31
0.0
100
AcDbText
 73
2
  0
TEXT
  5
65C
330
1CA
100
AcDbEntity
 67
1
  8
E-TEKHAT-TABLO
100
AcDbText
 10
455.0
 20
263.9
 30
0.0
 40
1.8
  1
L3
  7
GYM
 72
1
 11
455.0
 21
263.9
 31
0.0
100
AcDbText
 73
2
  0
TEXT
  5
65D
330
1CA
100
AcDbEntity
 67
1
  8
E-TEKHAT-TABLO
100
AcDbText
 10
481.0
 20
263.9
 30
0.0
 40
1.8
  1
L2
  7
GYM
 72
1
 11
481.0
 21
263.9
 31
0.0
100
AcDbText
 73
2
  0
TEXT
  5
65E
330
1CA
100
AcDbEntity
 67
1
  8
E-TEKHAT-TABLO
100
AcDbText
 10
507.0
 20
263.9
 30
0.0
 40
1.8
  1
L2
  7
GYM
 72
1
 11
507.0
 21
263.9
 31
0.0
100
AcDbText
 73
2
  0
TEXT
  5
65F
330
1CA
100
AcDbEntity
 67
1
  8
E-TEKHAT-TABLO
100
AcDbText
 10
533.0
 20
263.9
 30
0.0
 40
1.8
  1
L1
  7
GYM
 72
1
 11
533.0
 21
263.9
 31
0.0
100
AcDbText
 73
2
  0
TEXT
  5
660
330
1CA
100
AcDbEntity
 67
1
  8
E-TEKHAT-TABLO
100
AcDbText
 10
559.0
 20
263.9
 30
0.0
 40
1.8
  1
L1
  7
GYM
 72
1
 11
559.0
 21
263.9
 31
0.0
100
AcDbText
 73
2
  0
TEXT
  5
661
330
1CA
100
AcDbEntity
 67
1
  8
E-TEKHAT-TABLO
100
AcDbText
 10
585.0
 20
263.9
 30
0.0
 40
1.8
  1
L2
  7
GYM
 72
1
 11
585.0
 21
263.9
 31
0.0
100
AcDbText
 73
2
  0
TEXT
  5
662
330
1CA
100
AcDbEntity
 67
1
  8
E-TEKHAT-TABLO
100
AcDbText
 10
611.0
 20
263.9
 30
0.0
 40
1.8
  1
L2
  7
GYM
 72
1
 11
611.0
 21
263.9
 31
0.0
100
AcDbText
 73
2
  0
TEXT
  5
663
330
1CA
100
AcDbEntity
 67
1
  8
E-TEKHAT-TABLO
100
AcDbText
 10
637.0
 20
263.9
 30
0.0
 40
1.8
  1
L1
  7
GYM
 72
1
 11
637.0
 21
263.9
 31
0.0
100
AcDbText
 73
2
  0
TEXT
  5
664
330
1CA
100
AcDbEntity
 67
1
  8
E-TEKHAT-TABLO
100
AcDbText
 10
663.0
 20
263.9
 30
0.0
 40
1.8
  1
—
  7
GYM
 72
1
 11
663.0
 21
263.9
 31
0.0
100
AcDbText
 73
2
  0
TEXT
  5
665
330
1CA
100
AcDbEntity
 67
1
  8
E-TEKHAT-TABLO
100
AcDbText
 10
689.0
 20
263.9
 30
0.0
 40
1.8
  1
—
  7
GYM
 72
1
 11
689.0
 21
263.9
 31
0.0
100
AcDbText
 73
2
  0
TEXT
  5
666
330
1CA
100
AcDbEntity
 67
1
  8
E-TEKHAT-TABLO
100
AcDbText
 10
715.0
 20
263.9
 30
0.0
 40
1.8
  1
—
  7
GYM
 72
1
 11
715.0
 21
263.9
 31
0.0
100
AcDbText
 73
2
  0
TEXT
  5
667
330
1CA
100
AcDbEntity
 67
1
  8
E-TEKHAT-TABLO
100
AcDbText
 10
741.0
 20
263.9
 30
0.0
 40
1.8
  1
—
  7
GYM
 72
1
 11
741.0
 21
263.9
 31
0.0
100
AcDbText
 73
2
  0
TEXT
  5
668
330
1CA
100
AcDbEntity
 67
1
  8
E-TEKHAT-TABLO
100
AcDbText
 10
28.0
 20
255.3
 30
0.0
 40
2.0
  1
KORUMA
  7
GYM-B
 11
28.0
 21
255.3
 31
0.0
100
AcDbText
 73
2
  0
TEXT
  5
669
330
1CA
100
AcDbEntity
 67
1
  8
E-TEKHAT-TABLO
100
AcDbText
 10
91.0
 20
255.3
 30
0.0
 40
1.5
  1
MCB 1×10 A · C
  7
GYM
 72
1
 11
91.0
 21
255.3
 31
0.0
100
AcDbText
 73
2
  0
TEXT
  5
66A
330
1CA
100
AcDbEntity
 67
1
  8
E-TEKHAT-TABLO
100
AcDbText
 10
117.0
 20
255.3
 30
0.0
 40
1.5
  1
MCB 1×10 A · C
  7
GYM
 72
1
 11
117.0
 21
255.3
 31
0.0
100
AcDbText
 73
2
  0
TEXT
  5
66B
330
1CA
100
AcDbEntity
 67
1
  8
E-TEKHAT-TABLO
100
AcDbText
 10
143.0
 20
255.3
 30
0.0
 40
1.5
  1
MCB 1×10 A · C
  7
GYM
 72
1
 11
143.0
 21
255.3
 31
0.0
100
AcDbText
 73
2
  0
TEXT
  5
66C
330
1CA
100
AcDbEntity
 67
1
  8
E-TEKHAT-TABLO
100
AcDbText
 10
169.0
 20
255.3
 30
0.0
 40
1.5
  1
MCB 1×10 A · C
  7
GYM
 72
1
 11
169.0
 21
255.3
 31
0.0
100
AcDbText
 73
2
  0
TEXT
  5
66D
330
1CA
100
AcDbEntity
 67
1
  8
E-TEKHAT-TABLO
100
AcDbText
 10
195.0
 20
255.3
 30
0.0
 40
1.5
  1
MCB 1×6 A · C
  7
GYM
 72
1
 11
195.0
 21
255.3
 31
0.0
100
AcDbText
 73
2
  0
TEXT
  5
66E
330
1CA
100
AcDbEntity
 67
1
  8
E-TEKHAT-TABLO
100
AcDbText
 10
221.0
 20
255.3
 30
0.0
 40
1.5
  1
MCB 1×16 A · C
  7
GYM
 72
1
 11
221.0
 21
255.3
 31
0.0
100
AcDbText
 73
2
  0
TEXT
  5
66F
330
1CA
100
AcDbEntity
 67
1
  8
E-TEKHAT-TABLO
100
AcDbText
 10
247.0
 20
255.3
 30
0.0
 40
1.5
  1
MCB 1×16 A · C
  7
GYM
 72
1
 11
247.0
 21
255.3
 31
0.0
100
AcDbText
 73
2
  0
TEXT
  5
670
330
1CA
100
AcDbEntity
 67
1
  8
E-TEKHAT-TABLO
100
AcDbText
 10
273.0
 20
255.3
 30
0.0
 40
1.5
  1
MCB 1×16 A · C
  7
GYM
 72
1
 11
273.0
 21
255.3
 31
0.0
100
AcDbText
 73
2
  0
TEXT
  5
671
330
1CA
100
AcDbEntity
 67
1
  8
E-TEKHAT-TABLO
100
AcDbText
 10
299.0
 20
255.3
 30
0.0
 40
1.5
  1
MCB 1×16 A · C
  7
GYM
 72
1
 11
299.0
 21
255.3
 31
0.0
100
AcDbText
 73
2
  0
TEXT
  5
672
330
1CA
100
AcDbEntity
 67
1
  8
E-TEKHAT-TABLO
100
AcDbText
 10
325.0
 20
255.3
 30
0.0
 40
1.5
  1
MCB 1×16 A · C
  7
GYM
 72
1
 11
325.0
 21
255.3
 31
0.0
100
AcDbText
 73
2
  0
TEXT
  5
673
330
1CA
100
AcDbEntity
 67
1
  8
E-TEKHAT-TABLO
100
AcDbText
 10
351.0
 20
255.3
 30
0.0
 40
1.5
  1
MCB 1×10 A · C
  7
GYM
 72
1
 11
351.0
 21
255.3
 31
0.0
100
AcDbText
 73
2
  0
TEXT
  5
674
330
1CA
100
AcDbEntity
 67
1
  8
E-TEKHAT-TABLO
100
AcDbText
 10
377.0
 20
255.3
 30
0.0
 40
1.5
  1
MCB 1×10 A · C
  7
GYM
 72
1
 11
377.0
 21
255.3
 31
0.0
100
AcDbText
 73
2
  0
TEXT
  5
675
330
1CA
100
AcDbEntity
 67
1
  8
E-TEKHAT-TABLO
100
AcDbText
 10
403.0
 20
255.3
 30
0.0
 40
1.5
  1
MCB 1×16 A · C
  7
GYM
 72
1
 11
403.0
 21
255.3
 31
0.0
100
AcDbText
 73
2
  0
TEXT
  5
676
330
1CA
100
AcDbEntity
 67
1
  8
E-TEKHAT-TABLO
100
AcDbText
 10
429.0
 20
255.3
 30
0.0
 40
1.5
  1
MCB 1×20 A · C
  7
GYM
 72
1
 11
429.0
 21
255.3
 31
0.0
100
AcDbText
 73
2
  0
TEXT
  5
677
330
1CA
100
AcDbEntity
 67
1
  8
E-TEKHAT-TABLO
100
AcDbText
 10
455.0
 20
255.3
 30
0.0
 40
1.5
  1
MCB 1×20 A · C
  7
GYM
 72
1
 11
455.0
 21
255.3
 31
0.0
100
AcDbText
 73
2
  0
TEXT
  5
678
330
1CA
100
AcDbEntity
 67
1
  8
E-TEKHAT-TABLO
100
AcDbText
 10
481.0
 20
255.3
 30
0.0
 40
1.5
  1
MCB 1×16 A · C
  7
GYM
 72
1
 11
481.0
 21
255.3
 31
0.0
100
AcDbText
 73
2
  0
TEXT
  5
679
330
1CA
100
AcDbEntity
 67
1
  8
E-TEKHAT-TABLO
100
AcDbText
 10
507.0
 20
255.3
 30
0.0
 40
1.5
  1
MCB 1×16 A · C
  7
GYM
 72
1
 11
507.0
 21
255.3
 31
0.0
100
AcDbText
 73
2
  0
TEXT
  5
67A
330
1CA
100
AcDbEntity
 67
1
  8
E-TEKHAT-TABLO
100
AcDbText
 10
533.0
 20
255.3
 30
0.0
 40
1.5
  1
MCB 1×16 A · C
  7
GYM
 72
1
 11
533.0
 21
255.3
 31
0.0
100
AcDbText
 73
2
  0
TEXT
  5
67B
330
1CA
100
AcDbEntity
 67
1
  8
E-TEKHAT-TABLO
100
AcDbText
 10
559.0
 20
255.3
 30
0.0
 40
1.5
  1
MCB 1×16 A · C
  7
GYM
 72
1
 11
559.0
 21
255.3
 31
0.0
100
AcDbText
 73
2
  0
TEXT
  5
67C
330
1CA
100
AcDbEntity
 67
1
  8
E-TEKHAT-TABLO
100
AcDbText
 10
585.0
 20
255.3
 30
0.0
 40
1.5
  1
MCB 1×10 A · C
  7
GYM
 72
1
 11
585.0
 21
255.3
 31
0.0
100
AcDbText
 73
2
  0
TEXT
  5
67D
330
1CA
100
AcDbEntity
 67
1
  8
E-TEKHAT-TABLO
100
AcDbText
 10
611.0
 20
255.3
 30
0.0
 40
1.5
  1
MCB 1×6 A · C
  7
GYM
 72
1
 11
611.0
 21
255.3
 31
0.0
100
AcDbText
 73
2
  0
TEXT
  5
67E
330
1CA
100
AcDbEntity
 67
1
  8
E-TEKHAT-TABLO
100
AcDbText
 10
637.0
 20
255.3
 30
0.0
 40
1.5
  1
MCB 1×6 A · C
  7
GYM
 72
1
 11
637.0
 21
255.3
 31
0.0
100
AcDbText
 73
2
  0
TEXT
  5
67F
330
1CA
100
AcDbEntity
 67
1
  8
E-TEKHAT-TABLO
100
AcDbText
 10
663.0
 20
255.3
 30
0.0
 40
1.5
  1
MCB 1×16 A · C
  7
GYM
 72
1
 11
663.0
 21
255.3
 31
0.0
100
AcDbText
 73
2
  0
TEXT
  5
680
330
1CA
100
AcDbEntity
 67
1
  8
E-TEKHAT-TABLO
100
AcDbText
 10
689.0
 20
255.3
 30
0.0
 40
1.5
  1
MCB 1×16 A · C
  7
GYM
 72
1
 11
689.0
 21
255.3
 31
0.0
100
AcDbText
 73
2
  0
TEXT
  5
681
330
1CA
100
AcDbEntity
 67
1
  8
E-TEKHAT-TABLO
100
AcDbText
 10
715.0
 20
255.3
 30
0.0
 40
1.5
  1
MCB 1×16 A · C
  7
GYM
 72
1
 11
715.0
 21
255.3
 31
0.0
100
AcDbText
 73
2
  0
TEXT
  5
682
330
1CA
100
AcDbEntity
 67
1
  8
E-TEKHAT-TABLO
100
AcDbText
 10
741.0
 20
255.3
 30
0.0
 40
1.5
  1
MCB 1×16 A · C
  7
GYM
 72
1
 11
741.0
 21
255.3
 31
0.0
100
AcDbText
 73
2
  0
TEXT
  5
683
330
1CA
100
AcDbEntity
 67
1
  8
E-TEKHAT-TABLO
100
AcDbText
 10
28.0
 20
246.7
 30
0.0
 40
2.0
  1
KESME KAP.
  7
GYM-B
 11
28.0
 21
246.7
 31
0.0
100
AcDbText
 73
2
  0
TEXT
  5
684
330
1CA
100
AcDbEntity
 67
1
  8
E-TEKHAT-TABLO
100
AcDbText
 10
91.0
 20
246.7
 30
0.0
 40
1.8
  1
6 kA
  7
GYM
 72
1
 11
91.0
 21
246.7
 31
0.0
100
AcDbText
 73
2
  0
TEXT
  5
685
330
1CA
100
AcDbEntity
 67
1
  8
E-TEKHAT-TABLO
100
AcDbText
 10
117.0
 20
246.7
 30
0.0
 40
1.8
  1
6 kA
  7
GYM
 72
1
 11
117.0
 21
246.7
 31
0.0
100
AcDbText
 73
2
  0
TEXT
  5
686
330
1CA
100
AcDbEntity
 67
1
  8
E-TEKHAT-TABLO
100
AcDbText
 10
143.0
 20
246.7
 30
0.0
 40
1.8
  1
6 kA
  7
GYM
 72
1
 11
143.0
 21
246.7
 31
0.0
100
AcDbText
 73
2
  0
TEXT
  5
687
330
1CA
100
AcDbEntity
 67
1
  8
E-TEKHAT-TABLO
100
AcDbText
 10
169.0
 20
246.7
 30
0.0
 40
1.8
  1
6 kA
  7
GYM
 72
1
 11
169.0
 21
246.7
 31
0.0
100
AcDbText
 73
2
  0
TEXT
  5
688
330
1CA
100
AcDbEntity
 67
1
  8
E-TEKHAT-TABLO
100
AcDbText
 10
195.0
 20
246.7
 30
0.0
 40
1.8
  1
6 kA
  7
GYM
 72
1
 11
195.0
 21
246.7
 31
0.0
100
AcDbText
 73
2
  0
TEXT
  5
689
330
1CA
100
AcDbEntity
 67
1
  8
E-TEKHAT-TABLO
100
AcDbText
 10
221.0
 20
246.7
 30
0.0
 40
1.8
  1
6 kA
  7
GYM
 72
1
 11
221.0
 21
246.7
 31
0.0
100
AcDbText
 73
2
  0
TEXT
  5
68A
330
1CA
100
AcDbEntity
 67
1
  8
E-TEKHAT-TABLO
100
AcDbText
 10
247.0
 20
246.7
 30
0.0
 40
1.8
  1
6 kA
  7
GYM
 72
1
 11
247.0
 21
246.7
 31
0.0
100
AcDbText
 73
2
  0
TEXT
  5
68B
330
1CA
100
AcDbEntity
 67
1
  8
E-TEKHAT-TABLO
100
AcDbText
 10
273.0
 20
246.7
 30
0.0
 40
1.8
  1
6 kA
  7
GYM
 72
1
 11
273.0
 21
246.7
 31
0.0
100
AcDbText
 73
2
  0
TEXT
  5
68C
330
1CA
100
AcDbEntity
 67
1
  8
E-TEKHAT-TABLO
100
AcDbText
 10
299.0
 20
246.7
 30
0.0
 40
1.8
  1
6 kA
  7
GYM
 72
1
 11
299.0
 21
246.7
 31
0.0
100
AcDbText
 73
2
  0
TEXT
  5
68D
330
1CA
100
AcDbEntity
 67
1
  8
E-TEKHAT-TABLO
100
AcDbText
 10
325.0
 20
246.7
 30
0.0
 40
1.8
  1
6 kA
  7
GYM
 72
1
 11
325.0
 21
246.7
 31
0.0
100
AcDbText
 73
2
  0
TEXT
  5
68E
330
1CA
100
AcDbEntity
 67
1
  8
E-TEKHAT-TABLO
100
AcDbText
 10
351.0
 20
246.7
 30
0.0
 40
1.8
  1
6 kA
  7
GYM
 72
1
 11
351.0
 21
246.7
 31
0.0
100
AcDbText
 73
2
  0
TEXT
  5
68F
330
1CA
100
AcDbEntity
 67
1
  8
E-TEKHAT-TABLO
100
AcDbText
 10
377.0
 20
246.7
 30
0.0
 40
1.8
  1
6 kA
  7
GYM
 72
1
 11
377.0
 21
246.7
 31
0.0
100
AcDbText
 73
2
  0
TEXT
  5
690
330
1CA
100
AcDbEntity
 67
1
  8
E-TEKHAT-TABLO
100
AcDbText
 10
403.0
 20
246.7
 30
0.0
 40
1.8
  1
6 kA
  7
GYM
 72
1
 11
403.0
 21
246.7
 31
0.0
100
AcDbText
 73
2
  0
TEXT
  5
691
330
1CA
100
AcDbEntity
 67
1
  8
E-TEKHAT-TABLO
100
AcDbText
 10
429.0
 20
246.7
 30
0.0
 40
1.8
  1
6 kA
  7
GYM
 72
1
 11
429.0
 21
246.7
 31
0.0
100
AcDbText
 73
2
  0
TEXT
  5
692
330
1CA
100
AcDbEntity
 67
1
  8
E-TEKHAT-TABLO
100
AcDbText
 10
455.0
 20
246.7
 30
0.0
 40
1.8
  1
6 kA
  7
GYM
 72
1
 11
455.0
 21
246.7
 31
0.0
100
AcDbText
 73
2
  0
TEXT
  5
693
330
1CA
100
AcDbEntity
 67
1
  8
E-TEKHAT-TABLO
100
AcDbText
 10
481.0
 20
246.7
 30
0.0
 40
1.8
  1
6 kA
  7
GYM
 72
1
 11
481.0
 21
246.7
 31
0.0
100
AcDbText
 73
2
  0
TEXT
  5
694
330
1CA
100
AcDbEntity
 67
1
  8
E-TEKHAT-TABLO
100
AcDbText
 10
507.0
 20
246.7
 30
0.0
 40
1.8
  1
6 kA
  7
GYM
 72
1
 11
507.0
 21
246.7
 31
0.0
100
AcDbText
 73
2
  0
TEXT
  5
695
330
1CA
100
AcDbEntity
 67
1
  8
E-TEKHAT-TABLO
100
AcDbText
 10
533.0
 20
246.7
 30
0.0
 40
1.8
  1
6 kA
  7
GYM
 72
1
 11
533.0
 21
246.7
 31
0.0
100
AcDbText
 73
2
  0
TEXT
  5
696
330
1CA
100
AcDbEntity
 67
1
  8
E-TEKHAT-TABLO
100
AcDbText
 10
559.0
 20
246.7
 30
0.0
 40
1.8
  1
6 kA
  7
GYM
 72
1
 11
559.0
 21
246.7
 31
0.0
100
AcDbText
 73
2
  0
TEXT
  5
697
330
1CA
100
AcDbEntity
 67
1
  8
E-TEKHAT-TABLO
100
AcDbText
 10
585.0
 20
246.7
 30
0.0
 40
1.8
  1
6 kA
  7
GYM
 72
1
 11
585.0
 21
246.7
 31
0.0
100
AcDbText
 73
2
  0
TEXT
  5
698
330
1CA
100
AcDbEntity
 67
1
  8
E-TEKHAT-TABLO
100
AcDbText
 10
611.0
 20
246.7
 30
0.0
 40
1.8
  1
6 kA
  7
GYM
 72
1
 11
611.0
 21
246.7
 31
0.0
100
AcDbText
 73
2
  0
TEXT
  5
699
330
1CA
100
AcDbEntity
 67
1
  8
E-TEKHAT-TABLO
100
AcDbText
 10
637.0
 20
246.7
 30
0.0
 40
1.8
  1
6 kA
  7
GYM
 72
1
 11
637.0
 21
246.7
 31
0.0
100
AcDbText
 73
2
  0
TEXT
  5
69A
330
1CA
100
AcDbEntity
 67
1
  8
E-TEKHAT-TABLO
100
AcDbText
 10
663.0
 20
246.7
 30
0.0
 40
1.8
  1
6 kA
  7
GYM
 72
1
 11
663.0
 21
246.7
 31
0.0
100
AcDbText
 73
2
  0
TEXT
  5
69B
330
1CA
100
AcDbEntity
 67
1
  8
E-TEKHAT-TABLO
100
AcDbText
 10
689.0
 20
246.7
 30
0.0
 40
1.8
  1
6 kA
  7
GYM
 72
1
 11
689.0
 21
246.7
 31
0.0
100
AcDbText
 73
2
  0
TEXT
  5
69C
330
1CA
100
AcDbEntity
 67
1
  8
E-TEKHAT-TABLO
100
AcDbText
 10
715.0
 20
246.7
 30
0.0
 40
1.8
  1
6 kA
  7
GYM
 72
1
 11
715.0
 21
246.7
 31
0.0
100
AcDbText
 73
2
  0
TEXT
  5
69D
330
1CA
100
AcDbEntity
 67
1
  8
E-TEKHAT-TABLO
100
AcDbText
 10
741.0
 20
246.7
 30
0.0
 40
1.8
  1
6 kA
  7
GYM
 72
1
 11
741.0
 21
246.7
 31
0.0
100
AcDbText
 73
2
  0
TEXT
  5
69E
330
1CA
100
AcDbEntity
 67
1
  8
E-TEKHAT-TABLO
100
AcDbText
 10
28.0
 20
238.1
 30
0.0
 40
2.0
  1
KAÇAK AKIM
  7
GYM-B
 11
28.0
 21
238.1
 31
0.0
100
AcDbText
 73
2
  0
TEXT
  5
69F
330
1CA
100
AcDbEntity
 67
1
  8
E-TEKHAT-TABLO
100
AcDbText
 10
91.0
 20
238.1
 30
0.0
 40
1.5
  1
4×40 A / 30 mA A tipi
  7
GYM
 72
1
 11
91.0
 21
238.1
 31
0.0
100
AcDbText
 73
2
  0
TEXT
  5
6A0
330
1CA
100
AcDbEntity
 67
1
  8
E-TEKHAT-TABLO
100
AcDbText
 10
117.0
 20
238.1
 30
0.0
 40
1.5
  1
4×40 A / 30 mA A tipi
  7
GYM
 72
1
 11
117.0
 21
238.1
 31
0.0
100
AcDbText
 73
2
  0
TEXT
  5
6A1
330
1CA
100
AcDbEntity
 67
1
  8
E-TEKHAT-TABLO
100
AcDbText
 10
143.0
 20
238.1
 30
0.0
 40
1.5
  1
4×40 A / 30 mA A tipi
  7
GYM
 72
1
 11
143.0
 21
238.1
 31
0.0
100
AcDbText
 73
2
  0
TEXT
  5
6A2
330
1CA
100
AcDbEntity
 67
1
  8
E-TEKHAT-TABLO
100
AcDbText
 10
169.0
 20
238.1
 30
0.0
 40
1.5
  1
4×40 A / 30 mA A tipi
  7
GYM
 72
1
 11
169.0
 21
238.1
 31
0.0
100
AcDbText
 73
2
  0
TEXT
  5
6A3
330
1CA
100
AcDbEntity
 67
1
  8
E-TEKHAT-TABLO
100
AcDbText
 10
195.0
 20
238.1
 30
0.0
 40
1.5
  1
4×40 A / 30 mA A tipi
  7
GYM
 72
1
 11
195.0
 21
238.1
 31
0.0
100
AcDbText
 73
2
  0
TEXT
  5
6A4
330
1CA
100
AcDbEntity
 67
1
  8
E-TEKHAT-TABLO
100
AcDbText
 10
221.0
 20
238.1
 30
0.0
 40
1.5
  1
4×40 A / 30 mA A tipi
  7
GYM
 72
1
 11
221.0
 21
238.1
 31
0.0
100
AcDbText
 73
2
  0
TEXT
  5
6A5
330
1CA
100
AcDbEntity
 67
1
  8
E-TEKHAT-TABLO
100
AcDbText
 10
247.0
 20
238.1
 30
0.0
 40
1.5
  1
4×40 A / 30 mA A tipi
  7
GYM
 72
1
 11
247.0
 21
238.1
 31
0.0
100
AcDbText
 73
2
  0
TEXT
  5
6A6
330
1CA
100
AcDbEntity
 67
1
  8
E-TEKHAT-TABLO
100
AcDbText
 10
273.0
 20
238.1
 30
0.0
 40
1.5
  1
4×40 A / 30 mA A tipi
  7
GYM
 72
1
 11
273.0
 21
238.1
 31
0.0
100
AcDbText
 73
2
  0
TEXT
  5
6A7
330
1CA
100
AcDbEntity
 67
1
  8
E-TEKHAT-TABLO
100
AcDbText
 10
299.0
 20
238.1
 30
0.0
 40
1.5
  1
4×40 A / 30 mA A tipi
  7
GYM
 72
1
 11
299.0
 21
238.1
 31
0.0
100
AcDbText
 73
2
  0
TEXT
  5
6A8
330
1CA
100
AcDbEntity
 67
1
  8
E-TEKHAT-TABLO
100
AcDbText
 10
325.0
 20
238.1
 30
0.0
 40
1.5
  1
4×40 A / 30 mA A tipi
  7
GYM
 72
1
 11
325.0
 21
238.1
 31
0.0
100
AcDbText
 73
2
  0
TEXT
  5
6A9
330
1CA
100
AcDbEntity
 67
1
  8
E-TEKHAT-TABLO
100
AcDbText
 10
351.0
 20
238.1
 30
0.0
 40
1.5
  1
4×40 A / 30 mA A tipi
  7
GYM
 72
1
 11
351.0
 21
238.1
 31
0.0
100
AcDbText
 73
2
  0
TEXT
  5
6AA
330
1CA
100
AcDbEntity
 67
1
  8
E-TEKHAT-TABLO
100
AcDbText
 10
377.0
 20
238.1
 30
0.0
 40
1.5
  1
2×40 A / 30 mA A tipi
  7
GYM
 72
1
 11
377.0
 21
238.1
 31
0.0
100
AcDbText
 73
2
  0
TEXT
  5
6AB
330
1CA
100
AcDbEntity
 67
1
  8
E-TEKHAT-TABLO
100
AcDbText
 10
403.0
 20
238.1
 30
0.0
 40
1.5
  1
2×40 A / 30 mA A tipi
  7
GYM
 72
1
 11
403.0
 21
238.1
 31
0.0
100
AcDbText
 73
2
  0
TEXT
  5
6AC
330
1CA
100
AcDbEntity
 67
1
  8
E-TEKHAT-TABLO
100
AcDbText
 10
429.0
 20
238.1
 30
0.0
 40
1.5
  1
2×40 A / 30 mA A tipi
  7
GYM
 72
1
 11
429.0
 21
238.1
 31
0.0
100
AcDbText
 73
2
  0
TEXT
  5
6AD
330
1CA
100
AcDbEntity
 67
1
  8
E-TEKHAT-TABLO
100
AcDbText
 10
455.0
 20
238.1
 30
0.0
 40
1.5
  1
2×40 A / 30 mA A tipi
  7
GYM
 72
1
 11
455.0
 21
238.1
 31
0.0
100
AcDbText
 73
2
  0
TEXT
  5
6AE
330
1CA
100
AcDbEntity
 67
1
  8
E-TEKHAT-TABLO
100
AcDbText
 10
481.0
 20
238.1
 30
0.0
 40
1.5
  1
4×40 A / 30 mA A tipi
  7
GYM
 72
1
 11
481.0
 21
238.1
 31
0.0
100
AcDbText
 73
2
  0
TEXT
  5
6AF
330
1CA
100
AcDbEntity
 67
1
  8
E-TEKHAT-TABLO
100
AcDbText
 10
507.0
 20
238.1
 30
0.0
 40
1.5
  1
4×40 A / 30 mA A tipi
  7
GYM
 72
1
 11
507.0
 21
238.1
 31
0.0
100
AcDbText
 73
2
  0
TEXT
  5
6B0
330
1CA
100
AcDbEntity
 67
1
  8
E-TEKHAT-TABLO
100
AcDbText
 10
533.0
 20
238.1
 30
0.0
 40
1.5
  1
4×40 A / 30 mA A tipi
  7
GYM
 72
1
 11
533.0
 21
238.1
 31
0.0
100
AcDbText
 73
2
  0
TEXT
  5
6B1
330
1CA
100
AcDbEntity
 67
1
  8
E-TEKHAT-TABLO
100
AcDbText
 10
559.0
 20
238.1
 30
0.0
 40
1.5
  1
4×40 A / 30 mA A tipi
  7
GYM
 72
1
 11
559.0
 21
238.1
 31
0.0
100
AcDbText
 73
2
  0
TEXT
  5
6B2
330
1CA
100
AcDbEntity
 67
1
  8
E-TEKHAT-TABLO
100
AcDbText
 10
585.0
 20
238.1
 30
0.0
 40
1.5
  1
4×40 A / 30 mA A tipi
  7
GYM
 72
1
 11
585.0
 21
238.1
 31
0.0
100
AcDbText
 73
2
  0
TEXT
  5
6B3
330
1CA
100
AcDbEntity
 67
1
  8
E-TEKHAT-TABLO
100
AcDbText
 10
611.0
 20
238.1
 30
0.0
 40
1.5
  1
4×40 A / 30 mA A tipi
  7
GYM
 72
1
 11
611.0
 21
238.1
 31
0.0
100
AcDbText
 73
2
  0
TEXT
  5
6B4
330
1CA
100
AcDbEntity
 67
1
  8
E-TEKHAT-TABLO
100
AcDbText
 10
637.0
 20
238.1
 30
0.0
 40
1.8
  1
—
  7
GYM
 72
1
 11
637.0
 21
238.1
 31
0.0
100
AcDbText
 73
2
  0
TEXT
  5
6B5
330
1CA
100
AcDbEntity
 67
1
  8
E-TEKHAT-TABLO
100
AcDbText
 10
663.0
 20
238.1
 30
0.0
 40
1.8
  1
—
  7
GYM
 72
1
 11
663.0
 21
238.1
 31
0.0
100
AcDbText
 73
2
  0
TEXT
  5
6B6
330
1CA
100
AcDbEntity
 67
1
  8
E-TEKHAT-TABLO
100
AcDbText
 10
689.0
 20
238.1
 30
0.0
 40
1.8
  1
—
  7
GYM
 72
1
 11
689.0
 21
238.1
 31
0.0
100
AcDbText
 73
2
  0
TEXT
  5
6B7
330
1CA
100
AcDbEntity
 67
1
  8
E-TEKHAT-TABLO
100
AcDbText
 10
715.0
 20
238.1
 30
0.0
 40
1.8
  1
—
  7
GYM
 72
1
 11
715.0
 21
238.1
 31
0.0
100
AcDbText
 73
2
  0
TEXT
  5
6B8
330
1CA
100
AcDbEntity
 67
1
  8
E-TEKHAT-TABLO
100
AcDbText
 10
741.0
 20
238.1
 30
0.0
 40
1.8
  1
—
  7
GYM
 72
1
 11
741.0
 21
238.1
 31
0.0
100
AcDbText
 73
2
  0
TEXT
  5
6B9
330
1CA
100
AcDbEntity
 67
1
  8
E-TEKHAT-TABLO
100
AcDbText
 10
28.0
 20
229.5
 30
0.0
 40
2.0
  1
KABLO
  7
GYM-B
 11
28.0
 21
229.5
 31
0.0
100
AcDbText
 73
2
  0
TEXT
  5
6BA
330
1CA
100
AcDbEntity
 67
1
  8
E-TEKHAT-TABLO
100
AcDbText
 10
91.0
 20
229.5
 30
0.0
 40
1.5
  1
NHXMH-J 3×2,5 mm²
  7
GYM
 72
1
 11
91.0
 21
229.5
 31
0.0
100
AcDbText
 73
2
  0
TEXT
  5
6BB
330
1CA
100
AcDbEntity
 67
1
  8
E-TEKHAT-TABLO
100
AcDbText
 10
117.0
 20
229.5
 30
0.0
 40
1.5
  1
NHXMH-J 3×2,5 mm²
  7
GYM
 72
1
 11
117.0
 21
229.5
 31
0.0
100
AcDbText
 73
2
  0
TEXT
  5
6BC
330
1CA
100
AcDbEntity
 67
1
  8
E-TEKHAT-TABLO
100
AcDbText
 10
143.0
 20
229.5
 30
0.0
 40
1.5
  1
NHXMH-J 3×2,5 mm²
  7
GYM
 72
1
 11
143.0
 21
229.5
 31
0.0
100
AcDbText
 73
2
  0
TEXT
  5
6BD
330
1CA
100
AcDbEntity
 67
1
  8
E-TEKHAT-TABLO
100
AcDbText
 10
169.0
 20
229.5
 30
0.0
 40
1.5
  1
NHXMH-J 3×2,5 mm²
  7
GYM
 72
1
 11
169.0
 21
229.5
 31
0.0
100
AcDbText
 73
2
  0
TEXT
  5
6BE
330
1CA
100
AcDbEntity
 67
1
  8
E-TEKHAT-TABLO
100
AcDbText
 10
195.0
 20
229.5
 30
0.0
 40
1.5
  1
NHXMH-J 3×2,5 mm²
  7
GYM
 72
1
 11
195.0
 21
229.5
 31
0.0
100
AcDbText
 73
2
  0
TEXT
  5
6BF
330
1CA
100
AcDbEntity
 67
1
  8
E-TEKHAT-TABLO
100
AcDbText
 10
221.0
 20
229.5
 30
0.0
 40
1.5
  1
NHXMH-J 3×2,5 mm²
  7
GYM
 72
1
 11
221.0
 21
229.5
 31
0.0
100
AcDbText
 73
2
  0
TEXT
  5
6C0
330
1CA
100
AcDbEntity
 67
1
  8
E-TEKHAT-TABLO
100
AcDbText
 10
247.0
 20
229.5
 30
0.0
 40
1.5
  1
NHXMH-J 3×2,5 mm²
  7
GYM
 72
1
 11
247.0
 21
229.5
 31
0.0
100
AcDbText
 73
2
  0
TEXT
  5
6C1
330
1CA
100
AcDbEntity
 67
1
  8
E-TEKHAT-TABLO
100
AcDbText
 10
273.0
 20
229.5
 30
0.0
 40
1.5
  1
NHXMH-J 3×2,5 mm²
  7
GYM
 72
1
 11
273.0
 21
229.5
 31
0.0
100
AcDbText
 73
2
  0
TEXT
  5
6C2
330
1CA
100
AcDbEntity
 67
1
  8
E-TEKHAT-TABLO
100
AcDbText
 10
299.0
 20
229.5
 30
0.0
 40
1.5
  1
NHXMH-J 3×2,5 mm²
  7
GYM
 72
1
 11
299.0
 21
229.5
 31
0.0
100
AcDbText
 73
2
  0
TEXT
  5
6C3
330
1CA
100
AcDbEntity
 67
1
  8
E-TEKHAT-TABLO
100
AcDbText
 10
325.0
 20
229.5
 30
0.0
 40
1.5
  1
NHXMH-J 3×2,5 mm²
  7
GYM
 72
1
 11
325.0
 21
229.5
 31
0.0
100
AcDbText
 73
2
  0
TEXT
  5
6C4
330
1CA
100
AcDbEntity
 67
1
  8
E-TEKHAT-TABLO
100
AcDbText
 10
351.0
 20
229.5
 30
0.0
 40
1.5
  1
JE-H(St)H 3×2,5 mm²
  7
GYM
 72
1
 11
351.0
 21
229.5
 31
0.0
100
AcDbText
 73
2
  0
TEXT
  5
6C5
330
1CA
100
AcDbEntity
 67
1
  8
E-TEKHAT-TABLO
100
AcDbText
 10
377.0
 20
229.5
 30
0.0
 40
1.5
  1
NHXMH-J 3×2,5 mm²
  7
GYM
 72
1
 11
377.0
 21
229.5
 31
0.0
100
AcDbText
 73
2
  0
TEXT
  5
6C6
330
1CA
100
AcDbEntity
 67
1
  8
E-TEKHAT-TABLO
100
AcDbText
 10
403.0
 20
229.5
 30
0.0
 40
1.5
  1
NHXMH-J 3×2,5 mm²
  7
GYM
 72
1
 11
403.0
 21
229.5
 31
0.0
100
AcDbText
 73
2
  0
TEXT
  5
6C7
330
1CA
100
AcDbEntity
 67
1
  8
E-TEKHAT-TABLO
100
AcDbText
 10
429.0
 20
229.5
 30
0.0
 40
1.5
  1
NHXMH-J 3×2,5 mm²
  7
GYM
 72
1
 11
429.0
 21
229.5
 31
0.0
100
AcDbText
 73
2
  0
TEXT
  5
6C8
330
1CA
100
AcDbEntity
 67
1
  8
E-TEKHAT-TABLO
100
AcDbText
 10
455.0
 20
229.5
 30
0.0
 40
1.5
  1
NHXMH-J 3×2,5 mm²
  7
GYM
 72
1
 11
455.0
 21
229.5
 31
0.0
100
AcDbText
 73
2
  0
TEXT
  5
6C9
330
1CA
100
AcDbEntity
 67
1
  8
E-TEKHAT-TABLO
100
AcDbText
 10
481.0
 20
229.5
 30
0.0
 40
1.5
  1
NHXMH-J 3×2,5 mm²
  7
GYM
 72
1
 11
481.0
 21
229.5
 31
0.0
100
AcDbText
 73
2
  0
TEXT
  5
6CA
330
1CA
100
AcDbEntity
 67
1
  8
E-TEKHAT-TABLO
100
AcDbText
 10
507.0
 20
229.5
 30
0.0
 40
1.5
  1
NHXMH-J 3×2,5 mm²
  7
GYM
 72
1
 11
507.0
 21
229.5
 31
0.0
100
AcDbText
 73
2
  0
TEXT
  5
6CB
330
1CA
100
AcDbEntity
 67
1
  8
E-TEKHAT-TABLO
100
AcDbText
 10
533.0
 20
229.5
 30
0.0
 40
1.5
  1
NHXMH-J 3×2,5 mm²
  7
GYM
 72
1
 11
533.0
 21
229.5
 31
0.0
100
AcDbText
 73
2
  0
TEXT
  5
6CC
330
1CA
100
AcDbEntity
 67
1
  8
E-TEKHAT-TABLO
100
AcDbText
 10
559.0
 20
229.5
 30
0.0
 40
1.5
  1
NHXMH-J 3×2,5 mm²
  7
GYM
 72
1
 11
559.0
 21
229.5
 31
0.0
100
AcDbText
 73
2
  0
TEXT
  5
6CD
330
1CA
100
AcDbEntity
 67
1
  8
E-TEKHAT-TABLO
100
AcDbText
 10
585.0
 20
229.5
 30
0.0
 40
1.5
  1
NHXMH-J 3×2,5 mm²
  7
GYM
 72
1
 11
585.0
 21
229.5
 31
0.0
100
AcDbText
 73
2
  0
TEXT
  5
6CE
330
1CA
100
AcDbEntity
 67
1
  8
E-TEKHAT-TABLO
100
AcDbText
 10
611.0
 20
229.5
 30
0.0
 40
1.5
  1
NHXMH-J 3×2,5 mm²
  7
GYM
 72
1
 11
611.0
 21
229.5
 31
0.0
100
AcDbText
 73
2
  0
TEXT
  5
6CF
330
1CA
100
AcDbEntity
 67
1
  8
E-TEKHAT-TABLO
100
AcDbText
 10
637.0
 20
229.5
 30
0.0
 40
1.5
  1
JE-H(St)H 3×2,5 mm²
  7
GYM
 72
1
 11
637.0
 21
229.5
 31
0.0
100
AcDbText
 73
2
  0
TEXT
  5
6D0
330
1CA
100
AcDbEntity
 67
1
  8
E-TEKHAT-TABLO
100
AcDbText
 10
663.0
 20
229.5
 30
0.0
 40
1.8
  1
YEDEK
  7
GYM
 72
1
 11
663.0
 21
229.5
 31
0.0
100
AcDbText
 73
2
  0
TEXT
  5
6D1
330
1CA
100
AcDbEntity
 67
1
  8
E-TEKHAT-TABLO
100
AcDbText
 10
689.0
 20
229.5
 30
0.0
 40
1.8
  1
YEDEK
  7
GYM
 72
1
 11
689.0
 21
229.5
 31
0.0
100
AcDbText
 73
2
  0
TEXT
  5
6D2
330
1CA
100
AcDbEntity
 67
1
  8
E-TEKHAT-TABLO
100
AcDbText
 10
715.0
 20
229.5
 30
0.0
 40
1.8
  1
YEDEK
  7
GYM
 72
1
 11
715.0
 21
229.5
 31
0.0
100
AcDbText
 73
2
  0
TEXT
  5
6D3
330
1CA
100
AcDbEntity
 67
1
  8
E-TEKHAT-TABLO
100
AcDbText
 10
741.0
 20
229.5
 30
0.0
 40
1.8
  1
YEDEK
  7
GYM
 72
1
 11
741.0
 21
229.5
 31
0.0
100
AcDbText
 73
2
  0
TEXT
  5
6D4
330
1CA
100
AcDbEntity
 67
1
  8
E-TEKHAT-TABLO
100
AcDbText
 10
28.0
 20
220.9
 30
0.0
 40
2.0
  1
BORU / KANAL
  7
GYM-B
 11
28.0
 21
220.9
 31
0.0
100
AcDbText
 73
2
  0
TEXT
  5
6D5
330
1CA
100
AcDbEntity
 67
1
  8
E-TEKHAT-TABLO
100
AcDbText
 10
91.0
 20
220.9
 30
0.0
 40
1.8
  1
Ø20 PVC
  7
GYM
 72
1
 11
91.0
 21
220.9
 31
0.0
100
AcDbText
 73
2
  0
TEXT
  5
6D6
330
1CA
100
AcDbEntity
 67
1
  8
E-TEKHAT-TABLO
100
AcDbText
 10
117.0
 20
220.9
 30
0.0
 40
1.8
  1
Ø20 PVC
  7
GYM
 72
1
 11
117.0
 21
220.9
 31
0.0
100
AcDbText
 73
2
  0
TEXT
  5
6D7
330
1CA
100
AcDbEntity
 67
1
  8
E-TEKHAT-TABLO
100
AcDbText
 10
143.0
 20
220.9
 30
0.0
 40
1.8
  1
Ø20 PVC
  7
GYM
 72
1
 11
143.0
 21
220.9
 31
0.0
100
AcDbText
 73
2
  0
TEXT
  5
6D8
330
1CA
100
AcDbEntity
 67
1
  8
E-TEKHAT-TABLO
100
AcDbText
 10
169.0
 20
220.9
 30
0.0
 40
1.8
  1
Ø20 PVC
  7
GYM
 72
1
 11
169.0
 21
220.9
 31
0.0
100
AcDbText
 73
2
  0
TEXT
  5
6D9
330
1CA
100
AcDbEntity
 67
1
  8
E-TEKHAT-TABLO
100
AcDbText
 10
195.0
 20
220.9
 30
0.0
 40
1.8
  1
Ø20 PVC
  7
GYM
 72
1
 11
195.0
 21
220.9
 31
0.0
100
AcDbText
 73
2
  0
TEXT
  5
6DA
330
1CA
100
AcDbEntity
 67
1
  8
E-TEKHAT-TABLO
100
AcDbText
 10
221.0
 20
220.9
 30
0.0
 40
1.8
  1
Ø20 PVC
  7
GYM
 72
1
 11
221.0
 21
220.9
 31
0.0
100
AcDbText
 73
2
  0
TEXT
  5
6DB
330
1CA
100
AcDbEntity
 67
1
  8
E-TEKHAT-TABLO
100
AcDbText
 10
247.0
 20
220.9
 30
0.0
 40
1.8
  1
Ø20 PVC
  7
GYM
 72
1
 11
247.0
 21
220.9
 31
0.0
100
AcDbText
 73
2
  0
TEXT
  5
6DC
330
1CA
100
AcDbEntity
 67
1
  8
E-TEKHAT-TABLO
100
AcDbText
 10
273.0
 20
220.9
 30
0.0
 40
1.8
  1
Ø20 PVC
  7
GYM
 72
1
 11
273.0
 21
220.9
 31
0.0
100
AcDbText
 73
2
  0
TEXT
  5
6DD
330
1CA
100
AcDbEntity
 67
1
  8
E-TEKHAT-TABLO
100
AcDbText
 10
299.0
 20
220.9
 30
0.0
 40
1.8
  1
Ø20 PVC
  7
GYM
 72
1
 11
299.0
 21
220.9
 31
0.0
100
AcDbText
 73
2
  0
TEXT
  5
6DE
330
1CA
100
AcDbEntity
 67
1
  8
E-TEKHAT-TABLO
100
AcDbText
 10
325.0
 20
220.9
 30
0.0
 40
1.8
  1
Ø20 PVC
  7
GYM
 72
1
 11
325.0
 21
220.9
 31
0.0
100
AcDbText
 73
2
  0
TEXT
  5
6DF
330
1CA
100
AcDbEntity
 67
1
  8
E-TEKHAT-TABLO
100
AcDbText
 10
351.0
 20
220.9
 30
0.0
 40
1.8
  1
Ø20 PVC
  7
GYM
 72
1
 11
351.0
 21
220.9
 31
0.0
100
AcDbText
 73
2
  0
TEXT
  5
6E0
330
1CA
100
AcDbEntity
 67
1
  8
E-TEKHAT-TABLO
100
AcDbText
 10
377.0
 20
220.9
 30
0.0
 40
1.8
  1
Ø20 PVC
  7
GYM
 72
1
 11
377.0
 21
220.9
 31
0.0
100
AcDbText
 73
2
  0
TEXT
  5
6E1
330
1CA
100
AcDbEntity
 67
1
  8
E-TEKHAT-TABLO
100
AcDbText
 10
403.0
 20
220.9
 30
0.0
 40
1.8
  1
Ø20 PVC
  7
GYM
 72
1
 11
403.0
 21
220.9
 31
0.0
100
AcDbText
 73
2
  0
TEXT
  5
6E2
330
1CA
100
AcDbEntity
 67
1
  8
E-TEKHAT-TABLO
100
AcDbText
 10
429.0
 20
220.9
 30
0.0
 40
1.8
  1
Ø20 PVC
  7
GYM
 72
1
 11
429.0
 21
220.9
 31
0.0
100
AcDbText
 73
2
  0
TEXT
  5
6E3
330
1CA
100
AcDbEntity
 67
1
  8
E-TEKHAT-TABLO
100
AcDbText
 10
455.0
 20
220.9
 30
0.0
 40
1.8
  1
Ø20 PVC
  7
GYM
 72
1
 11
455.0
 21
220.9
 31
0.0
100
AcDbText
 73
2
  0
TEXT
  5
6E4
330
1CA
100
AcDbEntity
 67
1
  8
E-TEKHAT-TABLO
100
AcDbText
 10
481.0
 20
220.9
 30
0.0
 40
1.8
  1
Ø20 PVC
  7
GYM
 72
1
 11
481.0
 21
220.9
 31
0.0
100
AcDbText
 73
2
  0
TEXT
  5
6E5
330
1CA
100
AcDbEntity
 67
1
  8
E-TEKHAT-TABLO
100
AcDbText
 10
507.0
 20
220.9
 30
0.0
 40
1.8
  1
Ø20 PVC
  7
GYM
 72
1
 11
507.0
 21
220.9
 31
0.0
100
AcDbText
 73
2
  0
TEXT
  5
6E6
330
1CA
100
AcDbEntity
 67
1
  8
E-TEKHAT-TABLO
100
AcDbText
 10
533.0
 20
220.9
 30
0.0
 40
1.8
  1
Ø20 PVC
  7
GYM
 72
1
 11
533.0
 21
220.9
 31
0.0
100
AcDbText
 73
2
  0
TEXT
  5
6E7
330
1CA
100
AcDbEntity
 67
1
  8
E-TEKHAT-TABLO
100
AcDbText
 10
559.0
 20
220.9
 30
0.0
 40
1.8
  1
Ø20 PVC
  7
GYM
 72
1
 11
559.0
 21
220.9
 31
0.0
100
AcDbText
 73
2
  0
TEXT
  5
6E8
330
1CA
100
AcDbEntity
 67
1
  8
E-TEKHAT-TABLO
100
AcDbText
 10
585.0
 20
220.9
 30
0.0
 40
1.8
  1
Ø20 PVC
  7
GYM
 72
1
 11
585.0
 21
220.9
 31
0.0
100
AcDbText
 73
2
  0
TEXT
  5
6E9
330
1CA
100
AcDbEntity
 67
1
  8
E-TEKHAT-TABLO
100
AcDbText
 10
611.0
 20
220.9
 30
0.0
 40
1.8
  1
Ø20 PVC
  7
GYM
 72
1
 11
611.0
 21
220.9
 31
0.0
100
AcDbText
 73
2
  0
TEXT
  5
6EA
330
1CA
100
AcDbEntity
 67
1
  8
E-TEKHAT-TABLO
100
AcDbText
 10
637.0
 20
220.9
 30
0.0
 40
1.8
  1
Ø20 PVC
  7
GYM
 72
1
 11
637.0
 21
220.9
 31
0.0
100
AcDbText
 73
2
  0
TEXT
  5
6EB
330
1CA
100
AcDbEntity
 67
1
  8
E-TEKHAT-TABLO
100
AcDbText
 10
663.0
 20
220.9
 30
0.0
 40
1.8
  1
YEDEK
  7
GYM
 72
1
 11
663.0
 21
220.9
 31
0.0
100
AcDbText
 73
2
  0
TEXT
  5
6EC
330
1CA
100
AcDbEntity
 67
1
  8
E-TEKHAT-TABLO
100
AcDbText
 10
689.0
 20
220.9
 30
0.0
 40
1.8
  1
YEDEK
  7
GYM
 72
1
 11
689.0
 21
220.9
 31
0.0
100
AcDbText
 73
2
  0
TEXT
  5
6ED
330
1CA
100
AcDbEntity
 67
1
  8
E-TEKHAT-TABLO
100
AcDbText
 10
715.0
 20
220.9
 30
0.0
 40
1.8
  1
YEDEK
  7
GYM
 72
1
 11
715.0
 21
220.9
 31
0.0
100
AcDbText
 73
2
  0
TEXT
  5
6EE
330
1CA
100
AcDbEntity
 67
1
  8
E-TEKHAT-TABLO
100
AcDbText
 10
741.0
 20
220.9
 30
0.0
 40
1.8
  1
YEDEK
  7
GYM
 72
1
 11
741.0
 21
220.9
 31
0.0
100
AcDbText
 73
2
  0
TEXT
  5
6EF
330
1CA
100
AcDbEntity
 67
1
  8
E-TEKHAT-TABLO
100
AcDbText
 10
28.0
 20
212.3
 30
0.0
 40
2.0
  1
UZUNLUK
  7
GYM-B
 11
28.0
 21
212.3
 31
0.0
100
AcDbText
 73
2
  0
TEXT
  5
6F0
330
1CA
100
AcDbEntity
 67
1
  8
E-TEKHAT-TABLO
100
AcDbText
 10
91.0
 20
212.3
 30
0.0
 40
1.8
  1
14 m
  7
GYM
 72
1
 11
91.0
 21
212.3
 31
0.0
100
AcDbText
 73
2
  0
TEXT
  5
6F1
330
1CA
100
AcDbEntity
 67
1
  8
E-TEKHAT-TABLO
100
AcDbText
 10
117.0
 20
212.3
 30
0.0
 40
1.8
  1
11 m
  7
GYM
 72
1
 11
117.0
 21
212.3
 31
0.0
100
AcDbText
 73
2
  0
TEXT
  5
6F2
330
1CA
100
AcDbEntity
 67
1
  8
E-TEKHAT-TABLO
100
AcDbText
 10
143.0
 20
212.3
 30
0.0
 40
1.8
  1
14 m
  7
GYM
 72
1
 11
143.0
 21
212.3
 31
0.0
100
AcDbText
 73
2
  0
TEXT
  5
6F3
330
1CA
100
AcDbEntity
 67
1
  8
E-TEKHAT-TABLO
100
AcDbText
 10
169.0
 20
212.3
 30
0.0
 40
1.8
  1
12 m
  7
GYM
 72
1
 11
169.0
 21
212.3
 31
0.0
100
AcDbText
 73
2
  0
TEXT
  5
6F4
330
1CA
100
AcDbEntity
 67
1
  8
E-TEKHAT-TABLO
100
AcDbText
 10
195.0
 20
212.3
 30
0.0
 40
1.8
  1
10 m
  7
GYM
 72
1
 11
195.0
 21
212.3
 31
0.0
100
AcDbText
 73
2
  0
TEXT
  5
6F5
330
1CA
100
AcDbEntity
 67
1
  8
E-TEKHAT-TABLO
100
AcDbText
 10
221.0
 20
212.3
 30
0.0
 40
1.8
  1
8 m
  7
GYM
 72
1
 11
221.0
 21
212.3
 31
0.0
100
AcDbText
 73
2
  0
TEXT
  5
6F6
330
1CA
100
AcDbEntity
 67
1
  8
E-TEKHAT-TABLO
100
AcDbText
 10
247.0
 20
212.3
 30
0.0
 40
1.8
  1
16 m
  7
GYM
 72
1
 11
247.0
 21
212.3
 31
0.0
100
AcDbText
 73
2
  0
TEXT
  5
6F7
330
1CA
100
AcDbEntity
 67
1
  8
E-TEKHAT-TABLO
100
AcDbText
 10
273.0
 20
212.3
 30
0.0
 40
1.8
  1
9 m
  7
GYM
 72
1
 11
273.0
 21
212.3
 31
0.0
100
AcDbText
 73
2
  0
TEXT
  5
6F8
330
1CA
100
AcDbEntity
 67
1
  8
E-TEKHAT-TABLO
100
AcDbText
 10
299.0
 20
212.3
 30
0.0
 40
1.8
  1
17 m
  7
GYM
 72
1
 11
299.0
 21
212.3
 31
0.0
100
AcDbText
 73
2
  0
TEXT
  5
6F9
330
1CA
100
AcDbEntity
 67
1
  8
E-TEKHAT-TABLO
100
AcDbText
 10
325.0
 20
212.3
 30
0.0
 40
1.8
  1
10 m
  7
GYM
 72
1
 11
325.0
 21
212.3
 31
0.0
100
AcDbText
 73
2
  0
TEXT
  5
6FA
330
1CA
100
AcDbEntity
 67
1
  8
E-TEKHAT-TABLO
100
AcDbText
 10
351.0
 20
212.3
 30
0.0
 40
1.8
  1
9 m
  7
GYM
 72
1
 11
351.0
 21
212.3
 31
0.0
100
AcDbText
 73
2
  0
TEXT
  5
6FB
330
1CA
100
AcDbEntity
 67
1
  8
E-TEKHAT-TABLO
100
AcDbText
 10
377.0
 20
212.3
 30
0.0
 40
1.8
  1
16 m
  7
GYM
 72
1
 11
377.0
 21
212.3
 31
0.0
100
AcDbText
 73
2
  0
TEXT
  5
6FC
330
1CA
100
AcDbEntity
 67
1
  8
E-TEKHAT-TABLO
100
AcDbText
 10
403.0
 20
212.3
 30
0.0
 40
1.8
  1
16 m
  7
GYM
 72
1
 11
403.0
 21
212.3
 31
0.0
100
AcDbText
 73
2
  0
TEXT
  5
6FD
330
1CA
100
AcDbEntity
 67
1
  8
E-TEKHAT-TABLO
100
AcDbText
 10
429.0
 20
212.3
 30
0.0
 40
1.8
  1
16 m
  7
GYM
 72
1
 11
429.0
 21
212.3
 31
0.0
100
AcDbText
 73
2
  0
TEXT
  5
6FE
330
1CA
100
AcDbEntity
 67
1
  8
E-TEKHAT-TABLO
100
AcDbText
 10
455.0
 20
212.3
 30
0.0
 40
1.8
  1
19 m
  7
GYM
 72
1
 11
455.0
 21
212.3
 31
0.0
100
AcDbText
 73
2
  0
TEXT
  5
6FF
330
1CA
100
AcDbEntity
 67
1
  8
E-TEKHAT-TABLO
100
AcDbText
 10
481.0
 20
212.3
 30
0.0
 40
1.8
  1
18 m
  7
GYM
 72
1
 11
481.0
 21
212.3
 31
0.0
100
AcDbText
 73
2
  0
TEXT
  5
700
330
1CA
100
AcDbEntity
 67
1
  8
E-TEKHAT-TABLO
100
AcDbText
 10
507.0
 20
212.3
 30
0.0
 40
1.8
  1
13 m
  7
GYM
 72
1
 11
507.0
 21
212.3
 31
0.0
100
AcDbText
 73
2
  0
TEXT
  5
701
330
1CA
100
AcDbEntity
 67
1
  8
E-TEKHAT-TABLO
100
AcDbText
 10
533.0
 20
212.3
 30
0.0
 40
1.8
  1
12 m
  7
GYM
 72
1
 11
533.0
 21
212.3
 31
0.0
100
AcDbText
 73
2
  0
TEXT
  5
702
330
1CA
100
AcDbEntity
 67
1
  8
E-TEKHAT-TABLO
100
AcDbText
 10
559.0
 20
212.3
 30
0.0
 40
1.8
  1
15 m
  7
GYM
 72
1
 11
559.0
 21
212.3
 31
0.0
100
AcDbText
 73
2
  0
TEXT
  5
703
330
1CA
100
AcDbEntity
 67
1
  8
E-TEKHAT-TABLO
100
AcDbText
 10
585.0
 20
212.3
 30
0.0
 40
1.8
  1
14 m
  7
GYM
 72
1
 11
585.0
 21
212.3
 31
0.0
100
AcDbText
 73
2
  0
TEXT
  5
704
330
1CA
100
AcDbEntity
 67
1
  8
E-TEKHAT-TABLO
100
AcDbText
 10
611.0
 20
212.3
 30
0.0
 40
1.8
  1
16 m
  7
GYM
 72
1
 11
611.0
 21
212.3
 31
0.0
100
AcDbText
 73
2
  0
TEXT
  5
705
330
1CA
100
AcDbEntity
 67
1
  8
E-TEKHAT-TABLO
100
AcDbText
 10
637.0
 20
212.3
 30
0.0
 40
1.8
  1
10 m
  7
GYM
 72
1
 11
637.0
 21
212.3
 31
0.0
100
AcDbText
 73
2
  0
TEXT
  5
706
330
1CA
100
AcDbEntity
 67
1
  8
E-TEKHAT-TABLO
100
AcDbText
 10
663.0
 20
212.3
 30
0.0
 40
1.8
  1
—
  7
GYM
 72
1
 11
663.0
 21
212.3
 31
0.0
100
AcDbText
 73
2
  0
TEXT
  5
707
330
1CA
100
AcDbEntity
 67
1
  8
E-TEKHAT-TABLO
100
AcDbText
 10
689.0
 20
212.3
 30
0.0
 40
1.8
  1
—
  7
GYM
 72
1
 11
689.0
 21
212.3
 31
0.0
100
AcDbText
 73
2
  0
TEXT
  5
708
330
1CA
100
AcDbEntity
 67
1
  8
E-TEKHAT-TABLO
100
AcDbText
 10
715.0
 20
212.3
 30
0.0
 40
1.8
  1
—
  7
GYM
 72
1
 11
715.0
 21
212.3
 31
0.0
100
AcDbText
 73
2
  0
TEXT
  5
709
330
1CA
100
AcDbEntity
 67
1
  8
E-TEKHAT-TABLO
100
AcDbText
 10
741.0
 20
212.3
 30
0.0
 40
1.8
  1
—
  7
GYM
 72
1
 11
741.0
 21
212.3
 31
0.0
100
AcDbText
 73
2
  0
TEXT
  5
70A
330
1CA
100
AcDbEntity
 67
1
  8
E-TEKHAT-TABLO
100
AcDbText
 10
28.0
 20
203.7
 30
0.0
 40
2.0
  1
KURULU GÜÇ
  7
GYM-B
 11
28.0
 21
203.7
 31
0.0
100
AcDbText
 73
2
  0
TEXT
  5
70B
330
1CA
100
AcDbEntity
 67
1
  8
E-TEKHAT-TABLO
100
AcDbText
 10
91.0
 20
203.7
 30
0.0
 40
1.8
  1
0,28 kW
  7
GYM
 72
1
 11
91.0
 21
203.7
 31
0.0
100
AcDbText
 73
2
  0
TEXT
  5
70C
330
1CA
100
AcDbEntity
 67
1
  8
E-TEKHAT-TABLO
100
AcDbText
 10
117.0
 20
203.7
 30
0.0
 40
1.8
  1
0,12 kW
  7
GYM
 72
1
 11
117.0
 21
203.7
 31
0.0
100
AcDbText
 73
2
  0
TEXT
  5
70D
330
1CA
100
AcDbEntity
 67
1
  8
E-TEKHAT-TABLO
100
AcDbText
 10
143.0
 20
203.7
 30
0.0
 40
1.8
  1
0,12 kW
  7
GYM
 72
1
 11
143.0
 21
203.7
 31
0.0
100
AcDbText
 73
2
  0
TEXT
  5
70E
330
1CA
100
AcDbEntity
 67
1
  8
E-TEKHAT-TABLO
100
AcDbText
 10
169.0
 20
203.7
 30
0.0
 40
1.8
  1
0,08 kW
  7
GYM
 72
1
 11
169.0
 21
203.7
 31
0.0
100
AcDbText
 73
2
  0
TEXT
  5
70F
330
1CA
100
AcDbEntity
 67
1
  8
E-TEKHAT-TABLO
100
AcDbText
 10
195.0
 20
203.7
 30
0.0
 40
1.8
  1
0,06 kW
  7
GYM
 72
1
 11
195.0
 21
203.7
 31
0.0
100
AcDbText
 73
2
  0
TEXT
  5
710
330
1CA
100
AcDbEntity
 67
1
  8
E-TEKHAT-TABLO
100
AcDbText
 10
221.0
 20
203.7
 30
0.0
 40
1.8
  1
0,90 kW
  7
GYM
 72
1
 11
221.0
 21
203.7
 31
0.0
100
AcDbText
 73
2
  0
TEXT
  5
711
330
1CA
100
AcDbEntity
 67
1
  8
E-TEKHAT-TABLO
100
AcDbText
 10
247.0
 20
203.7
 30
0.0
 40
1.8
  1
0,75 kW
  7
GYM
 72
1
 11
247.0
 21
203.7
 31
0.0
100
AcDbText
 73
2
  0
TEXT
  5
712
330
1CA
100
AcDbEntity
 67
1
  8
E-TEKHAT-TABLO
100
AcDbText
 10
273.0
 20
203.7
 30
0.0
 40
1.8
  1
1,00 kW
  7
GYM
 72
1
 11
273.0
 21
203.7
 31
0.0
100
AcDbText
 73
2
  0
TEXT
  5
713
330
1CA
100
AcDbEntity
 67
1
  8
E-TEKHAT-TABLO
100
AcDbText
 10
299.0
 20
203.7
 30
0.0
 40
1.8
  1
2,40 kW
  7
GYM
 72
1
 11
299.0
 21
203.7
 31
0.0
100
AcDbText
 73
2
  0
TEXT
  5
714
330
1CA
100
AcDbEntity
 67
1
  8
E-TEKHAT-TABLO
100
AcDbText
 10
325.0
 20
203.7
 30
0.0
 40
1.8
  1
0,75 kW
  7
GYM
 72
1
 11
325.0
 21
203.7
 31
0.0
100
AcDbText
 73
2
  0
TEXT
  5
715
330
1CA
100
AcDbEntity
 67
1
  8
E-TEKHAT-TABLO
100
AcDbText
 10
351.0
 20
203.7
 30
0.0
 40
1.8
  1
0,60 kW
  7
GYM
 72
1
 11
351.0
 21
203.7
 31
0.0
100
AcDbText
 73
2
  0
TEXT
  5
716
330
1CA
100
AcDbEntity
 67
1
  8
E-TEKHAT-TABLO
100
AcDbText
 10
377.0
 20
203.7
 30
0.0
 40
1.8
  1
0,11 kW
  7
GYM
 72
1
 11
377.0
 21
203.7
 31
0.0
100
AcDbText
 73
2
  0
TEXT
  5
717
330
1CA
100
AcDbEntity
 67
1
  8
E-TEKHAT-TABLO
100
AcDbText
 10
403.0
 20
203.7
 30
0.0
 40
1.8
  1
0,50 kW
  7
GYM
 72
1
 11
403.0
 21
203.7
 31
0.0
100
AcDbText
 73
2
  0
TEXT
  5
718
330
1CA
100
AcDbEntity
 67
1
  8
E-TEKHAT-TABLO
100
AcDbText
 10
429.0
 20
203.7
 30
0.0
 40
1.8
  1
3,00 kW
  7
GYM
 72
1
 11
429.0
 21
203.7
 31
0.0
100
AcDbText
 73
2
  0
TEXT
  5
719
330
1CA
100
AcDbEntity
 67
1
  8
E-TEKHAT-TABLO
100
AcDbText
 10
455.0
 20
203.7
 30
0.0
 40
1.8
  1
3,00 kW
  7
GYM
 72
1
 11
455.0
 21
203.7
 31
0.0
100
AcDbText
 73
2
  0
TEXT
  5
71A
330
1CA
100
AcDbEntity
 67
1
  8
E-TEKHAT-TABLO
100
AcDbText
 10
481.0
 20
203.7
 30
0.0
 40
1.8
  1
2,20 kW
  7
GYM
 72
1
 11
481.0
 21
203.7
 31
0.0
100
AcDbText
 73
2
  0
TEXT
  5
71B
330
1CA
100
AcDbEntity
 67
1
  8
E-TEKHAT-TABLO
100
AcDbText
 10
507.0
 20
203.7
 30
0.0
 40
1.8
  1
1,70 kW
  7
GYM
 72
1
 11
507.0
 21
203.7
 31
0.0
100
AcDbText
 73
2
  0
TEXT
  5
71C
330
1CA
100
AcDbEntity
 67
1
  8
E-TEKHAT-TABLO
100
AcDbText
 10
533.0
 20
203.7
 30
0.0
 40
1.8
  1
1,15 kW
  7
GYM
 72
1
 11
533.0
 21
203.7
 31
0.0
100
AcDbText
 73
2
  0
TEXT
  5
71D
330
1CA
100
AcDbEntity
 67
1
  8
E-TEKHAT-TABLO
100
AcDbText
 10
559.0
 20
203.7
 30
0.0
 40
1.8
  1
1,15 kW
  7
GYM
 72
1
 11
559.0
 21
203.7
 31
0.0
100
AcDbText
 73
2
  0
TEXT
  5
71E
330
1CA
100
AcDbEntity
 67
1
  8
E-TEKHAT-TABLO
100
AcDbText
 10
585.0
 20
203.7
 30
0.0
 40
1.8
  1
0,45 kW
  7
GYM
 72
1
 11
585.0
 21
203.7
 31
0.0
100
AcDbText
 73
2
  0
TEXT
  5
71F
330
1CA
100
AcDbEntity
 67
1
  8
E-TEKHAT-TABLO
100
AcDbText
 10
611.0
 20
203.7
 30
0.0
 40
1.8
  1
0,12 kW
  7
GYM
 72
1
 11
611.0
 21
203.7
 31
0.0
100
AcDbText
 73
2
  0
TEXT
  5
720
330
1CA
100
AcDbEntity
 67
1
  8
E-TEKHAT-TABLO
100
AcDbText
 10
637.0
 20
203.7
 30
0.0
 40
1.8
  1
0,15 kW
  7
GYM
 72
1
 11
637.0
 21
203.7
 31
0.0
100
AcDbText
 73
2
  0
TEXT
  5
721
330
1CA
100
AcDbEntity
 67
1
  8
E-TEKHAT-TABLO
100
AcDbText
 10
663.0
 20
203.7
 30
0.0
 40
1.8
  1
—
  7
GYM
 72
1
 11
663.0
 21
203.7
 31
0.0
100
AcDbText
 73
2
  0
TEXT
  5
722
330
1CA
100
AcDbEntity
 67
1
  8
E-TEKHAT-TABLO
100
AcDbText
 10
689.0
 20
203.7
 30
0.0
 40
1.8
  1
—
  7
GYM
 72
1
 11
689.0
 21
203.7
 31
0.0
100
AcDbText
 73
2
  0
TEXT
  5
723
330
1CA
100
AcDbEntity
 67
1
  8
E-TEKHAT-TABLO
100
AcDbText
 10
715.0
 20
203.7
 30
0.0
 40
1.8
  1
—
  7
GYM
 72
1
 11
715.0
 21
203.7
 31
0.0
100
AcDbText
 73
2
  0
TEXT
  5
724
330
1CA
100
AcDbEntity
 67
1
  8
E-TEKHAT-TABLO
100
AcDbText
 10
741.0
 20
203.7
 30
0.0
 40
1.8
  1
—
  7
GYM
 72
1
 11
741.0
 21
203.7
 31
0.0
100
AcDbText
 73
2
  0
TEXT
  5
725
330
1CA
100
AcDbEntity
 67
1
  8
E-TEKHAT-TABLO
100
AcDbText
 10
28.0
 20
195.10000000000002
 30
0.0
 40
2.0
  1
cos φ
  7
GYM-B
 11
28.0
 21
195.10000000000002
 31
0.0
100
AcDbText
 73
2
  0
TEXT
  5
726
330
1CA
100
AcDbEntity
 67
1
  8
E-TEKHAT-TABLO
100
AcDbText
 10
91.0
 20
195.10000000000002
 30
0.0
 40
1.8
  1
0,95
  7
GYM
 72
1
 11
91.0
 21
195.10000000000002
 31
0.0
100
AcDbText
 73
2
  0
TEXT
  5
727
330
1CA
100
AcDbEntity
 67
1
  8
E-TEKHAT-TABLO
100
AcDbText
 10
117.0
 20
195.10000000000002
 30
0.0
 40
1.8
  1
0,95
  7
GYM
 72
1
 11
117.0
 21
195.10000000000002
 31
0.0
100
AcDbText
 73
2
  0
TEXT
  5
728
330
1CA
100
AcDbEntity
 67
1
  8
E-TEKHAT-TABLO
100
AcDbText
 10
143.0
 20
195.10000000000002
 30
0.0
 40
1.8
  1
0,95
  7
GYM
 72
1
 11
143.0
 21
195.10000000000002
 31
0.0
100
AcDbText
 73
2
  0
TEXT
  5
729
330
1CA
100
AcDbEntity
 67
1
  8
E-TEKHAT-TABLO
100
AcDbText
 10
169.0
 20
195.10000000000002
 30
0.0
 40
1.8
  1
0,95
  7
GYM
 72
1
 11
169.0
 21
195.10000000000002
 31
0.0
100
AcDbText
 73
2
  0
TEXT
  5
72A
330
1CA
100
AcDbEntity
 67
1
  8
E-TEKHAT-TABLO
100
AcDbText
 10
195.0
 20
195.10000000000002
 30
0.0
 40
1.8
  1
0,95
  7
GYM
 72
1
 11
195.0
 21
195.10000000000002
 31
0.0
100
AcDbText
 73
2
  0
TEXT
  5
72B
330
1CA
100
AcDbEntity
 67
1
  8
E-TEKHAT-TABLO
100
AcDbText
 10
221.0
 20
195.10000000000002
 30
0.0
 40
1.8
  1
0,90
  7
GYM
 72
1
 11
221.0
 21
195.10000000000002
 31
0.0
100
AcDbText
 73
2
  0
TEXT
  5
72C
330
1CA
100
AcDbEntity
 67
1
  8
E-TEKHAT-TABLO
100
AcDbText
 10
247.0
 20
195.10000000000002
 30
0.0
 40
1.8
  1
0,90
  7
GYM
 72
1
 11
247.0
 21
195.10000000000002
 31
0.0
100
AcDbText
 73
2
  0
TEXT
  5
72D
330
1CA
100
AcDbEntity
 67
1
  8
E-TEKHAT-TABLO
100
AcDbText
 10
273.0
 20
195.10000000000002
 30
0.0
 40
1.8
  1
0,90
  7
GYM
 72
1
 11
273.0
 21
195.10000000000002
 31
0.0
100
AcDbText
 73
2
  0
TEXT
  5
72E
330
1CA
100
AcDbEntity
 67
1
  8
E-TEKHAT-TABLO
100
AcDbText
 10
299.0
 20
195.10000000000002
 30
0.0
 40
1.8
  1
0,90
  7
GYM
 72
1
 11
299.0
 21
195.10000000000002
 31
0.0
100
AcDbText
 73
2
  0
TEXT
  5
72F
330
1CA
100
AcDbEntity
 67
1
  8
E-TEKHAT-TABLO
100
AcDbText
 10
325.0
 20
195.10000000000002
 30
0.0
 40
1.8
  1
0,90
  7
GYM
 72
1
 11
325.0
 21
195.10000000000002
 31
0.0
100
AcDbText
 73
2
  0
TEXT
  5
730
330
1CA
100
AcDbEntity
 67
1
  8
E-TEKHAT-TABLO
100
AcDbText
 10
351.0
 20
195.10000000000002
 30
0.0
 40
1.8
  1
0,90
  7
GYM
 72
1
 11
351.0
 21
195.10000000000002
 31
0.0
100
AcDbText
 73
2
  0
TEXT
  5
731
330
1CA
100
AcDbEntity
 67
1
  8
E-TEKHAT-TABLO
100
AcDbText
 10
377.0
 20
195.10000000000002
 30
0.0
 40
1.8
  1
0,95
  7
GYM
 72
1
 11
377.0
 21
195.10000000000002
 31
0.0
100
AcDbText
 73
2
  0
TEXT
  5
732
330
1CA
100
AcDbEntity
 67
1
  8
E-TEKHAT-TABLO
100
AcDbText
 10
403.0
 20
195.10000000000002
 30
0.0
 40
1.8
  1
0,90
  7
GYM
 72
1
 11
403.0
 21
195.10000000000002
 31
0.0
100
AcDbText
 73
2
  0
TEXT
  5
733
330
1CA
100
AcDbEntity
 67
1
  8
E-TEKHAT-TABLO
100
AcDbText
 10
429.0
 20
195.10000000000002
 30
0.0
 40
1.8
  1
1,00
  7
GYM
 72
1
 11
429.0
 21
195.10000000000002
 31
0.0
100
AcDbText
 73
2
  0
TEXT
  5
734
330
1CA
100
AcDbEntity
 67
1
  8
E-TEKHAT-TABLO
100
AcDbText
 10
455.0
 20
195.10000000000002
 30
0.0
 40
1.8
  1
1,00
  7
GYM
 72
1
 11
455.0
 21
195.10000000000002
 31
0.0
100
AcDbText
 73
2
  0
TEXT
  5
735
330
1CA
100
AcDbEntity
 67
1
  8
E-TEKHAT-TABLO
100
AcDbText
 10
481.0
 20
195.10000000000002
 30
0.0
 40
1.8
  1
0,85
  7
GYM
 72
1
 11
481.0
 21
195.10000000000002
 31
0.0
100
AcDbText
 73
2
  0
TEXT
  5
736
330
1CA
100
AcDbEntity
 67
1
  8
E-TEKHAT-TABLO
100
AcDbText
 10
507.0
 20
195.10000000000002
 30
0.0
 40
1.8
  1
0,85
  7
GYM
 72
1
 11
507.0
 21
195.10000000000002
 31
0.0
100
AcDbText
 73
2
  0
TEXT
  5
737
330
1CA
100
AcDbEntity
 67
1
  8
E-TEKHAT-TABLO
100
AcDbText
 10
533.0
 20
195.10000000000002
 30
0.0
 40
1.8
  1
0,85
  7
GYM
 72
1
 11
533.0
 21
195.10000000000002
 31
0.0
100
AcDbText
 73
2
  0
TEXT
  5
738
330
1CA
100
AcDbEntity
 67
1
  8
E-TEKHAT-TABLO
100
AcDbText
 10
559.0
 20
195.10000000000002
 30
0.0
 40
1.8
  1
0,85
  7
GYM
 72
1
 11
559.0
 21
195.10000000000002
 31
0.0
100
AcDbText
 73
2
  0
TEXT
  5
739
330
1CA
100
AcDbEntity
 67
1
  8
E-TEKHAT-TABLO
100
AcDbText
 10
585.0
 20
195.10000000000002
 30
0.0
 40
1.8
  1
0,85
  7
GYM
 72
1
 11
585.0
 21
195.10000000000002
 31
0.0
100
AcDbText
 73
2
  0
TEXT
  5
73A
330
1CA
100
AcDbEntity
 67
1
  8
E-TEKHAT-TABLO
100
AcDbText
 10
611.0
 20
195.10000000000002
 30
0.0
 40
1.8
  1
0,85
  7
GYM
 72
1
 11
611.0
 21
195.10000000000002
 31
0.0
100
AcDbText
 73
2
  0
TEXT
  5
73B
330
1CA
100
AcDbEntity
 67
1
  8
E-TEKHAT-TABLO
100
AcDbText
 10
637.0
 20
195.10000000000002
 30
0.0
 40
1.8
  1
0,90
  7
GYM
 72
1
 11
637.0
 21
195.10000000000002
 31
0.0
100
AcDbText
 73
2
  0
TEXT
  5
73C
330
1CA
100
AcDbEntity
 67
1
  8
E-TEKHAT-TABLO
100
AcDbText
 10
663.0
 20
195.10000000000002
 30
0.0
 40
1.8
  1
—
  7
GYM
 72
1
 11
663.0
 21
195.10000000000002
 31
0.0
100
AcDbText
 73
2
  0
TEXT
  5
73D
330
1CA
100
AcDbEntity
 67
1
  8
E-TEKHAT-TABLO
100
AcDbText
 10
689.0
 20
195.10000000000002
 30
0.0
 40
1.8
  1
—
  7
GYM
 72
1
 11
689.0
 21
195.10000000000002
 31
0.0
100
AcDbText
 73
2
  0
TEXT
  5
73E
330
1CA
100
AcDbEntity
 67
1
  8
E-TEKHAT-TABLO
100
AcDbText
 10
715.0
 20
195.10000000000002
 30
0.0
 40
1.8
  1
—
  7
GYM
 72
1
 11
715.0
 21
195.10000000000002
 31
0.0
100
AcDbText
 73
2
  0
TEXT
  5
73F
330
1CA
100
AcDbEntity
 67
1
  8
E-TEKHAT-TABLO
100
AcDbText
 10
741.0
 20
195.10000000000002
 30
0.0
 40
1.8
  1
—
  7
GYM
 72
1
 11
741.0
 21
195.10000000000002
 31
0.0
100
AcDbText
 73
2
  0
TEXT
  5
740
330
1CA
100
AcDbEntity
 67
1
  8
E-TEKHAT-TABLO
100
AcDbText
 10
28.0
 20
186.5
 30
0.0
 40
2.0
  1
HESAP AKIMI Ib
  7
GYM-B
 11
28.0
 21
186.5
 31
0.0
100
AcDbText
 73
2
  0
TEXT
  5
741
330
1CA
100
AcDbEntity
 67
1
  8
E-TEKHAT-TABLO
100
AcDbText
 10
91.0
 20
186.5
 30
0.0
 40
1.8
  1
1,3 A
  7
GYM
 72
1
 11
91.0
 21
186.5
 31
0.0
100
AcDbText
 73
2
  0
TEXT
  5
742
330
1CA
100
AcDbEntity
 67
1
  8
E-TEKHAT-TABLO
100
AcDbText
 10
117.0
 20
186.5
 30
0.0
 40
1.8
  1
0,5 A
  7
GYM
 72
1
 11
117.0
 21
186.5
 31
0.0
100
AcDbText
 73
2
  0
TEXT
  5
743
330
1CA
100
AcDbEntity
 67
1
  8
E-TEKHAT-TABLO
100
AcDbText
 10
143.0
 20
186.5
 30
0.0
 40
1.8
  1
0,5 A
  7
GYM
 72
1
 11
143.0
 21
186.5
 31
0.0
100
AcDbText
 73
2
  0
TEXT
  5
744
330
1CA
100
AcDbEntity
 67
1
  8
E-TEKHAT-TABLO
100
AcDbText
 10
169.0
 20
186.5
 30
0.0
 40
1.8
  1
0,4 A
  7
GYM
 72
1
 11
169.0
 21
186.5
 31
0.0
100
AcDbText
 73
2
  0
TEXT
  5
745
330
1CA
100
AcDbEntity
 67
1
  8
E-TEKHAT-TABLO
100
AcDbText
 10
195.0
 20
186.5
 30
0.0
 40
1.8
  1
0,3 A
  7
GYM
 72
1
 11
195.0
 21
186.5
 31
0.0
100
AcDbText
 73
2
  0
TEXT
  5
746
330
1CA
100
AcDbEntity
 67
1
  8
E-TEKHAT-TABLO
100
AcDbText
 10
221.0
 20
186.5
 30
0.0
 40
1.8
  1
4,3 A
  7
GYM
 72
1
 11
221.0
 21
186.5
 31
0.0
100
AcDbText
 73
2
  0
TEXT
  5
747
330
1CA
100
AcDbEntity
 67
1
  8
E-TEKHAT-TABLO
100
AcDbText
 10
247.0
 20
186.5
 30
0.0
 40
1.8
  1
3,6 A
  7
GYM
 72
1
 11
247.0
 21
186.5
 31
0.0
100
AcDbText
 73
2
  0
TEXT
  5
748
330
1CA
100
AcDbEntity
 67
1
  8
E-TEKHAT-TABLO
100
AcDbText
 10
273.0
 20
186.5
 30
0.0
 40
1.8
  1
4,8 A
  7
GYM
 72
1
 11
273.0
 21
186.5
 31
0.0
100
AcDbText
 73
2
  0
TEXT
  5
749
330
1CA
100
AcDbEntity
 67
1
  8
E-TEKHAT-TABLO
100
AcDbText
 10
299.0
 20
186.5
 30
0.0
 40
1.8
  1
11,6 A
  7
GYM
 72
1
 11
299.0
 21
186.5
 31
0.0
100
AcDbText
 73
2
  0
TEXT
  5
74A
330
1CA
100
AcDbEntity
 67
1
  8
E-TEKHAT-TABLO
100
AcDbText
 10
325.0
 20
186.5
 30
0.0
 40
1.8
  1
3,6 A
  7
GYM
 72
1
 11
325.0
 21
186.5
 31
0.0
100
AcDbText
 73
2
  0
TEXT
  5
74B
330
1CA
100
AcDbEntity
 67
1
  8
E-TEKHAT-TABLO
100
AcDbText
 10
351.0
 20
186.5
 30
0.0
 40
1.8
  1
2,9 A
  7
GYM
 72
1
 11
351.0
 21
186.5
 31
0.0
100
AcDbText
 73
2
  0
TEXT
  5
74C
330
1CA
100
AcDbEntity
 67
1
  8
E-TEKHAT-TABLO
100
AcDbText
 10
377.0
 20
186.5
 30
0.0
 40
1.8
  1
0,5 A
  7
GYM
 72
1
 11
377.0
 21
186.5
 31
0.0
100
AcDbText
 73
2
  0
TEXT
  5
74D
330
1CA
100
AcDbEntity
 67
1
  8
E-TEKHAT-TABLO
100
AcDbText
 10
403.0
 20
186.5
 30
0.0
 40
1.8
  1
2,4 A
  7
GYM
 72
1
 11
403.0
 21
186.5
 31
0.0
100
AcDbText
 73
2
  0
TEXT
  5
74E
330
1CA
100
AcDbEntity
 67
1
  8
E-TEKHAT-TABLO
100
AcDbText
 10
429.0
 20
186.5
 30
0.0
 40
1.8
  1
13,0 A
  7
GYM
 72
1
 11
429.0
 21
186.5
 31
0.0
100
AcDbText
 73
2
  0
TEXT
  5
74F
330
1CA
100
AcDbEntity
 67
1
  8
E-TEKHAT-TABLO
100
AcDbText
 10
455.0
 20
186.5
 30
0.0
 40
1.8
  1
13,0 A
  7
GYM
 72
1
 11
455.0
 21
186.5
 31
0.0
100
AcDbText
 73
2
  0
TEXT
  5
750
330
1CA
100
AcDbEntity
 67
1
  8
E-TEKHAT-TABLO
100
AcDbText
 10
481.0
 20
186.5
 30
0.0
 40
1.8
  1
11,3 A
  7
GYM
 72
1
 11
481.0
 21
186.5
 31
0.0
100
AcDbText
 73
2
  0
TEXT
  5
751
330
1CA
100
AcDbEntity
 67
1
  8
E-TEKHAT-TABLO
100
AcDbText
 10
507.0
 20
186.5
 30
0.0
 40
1.8
  1
8,7 A
  7
GYM
 72
1
 11
507.0
 21
186.5
 31
0.0
100
AcDbText
 73
2
  0
TEXT
  5
752
330
1CA
100
AcDbEntity
 67
1
  8
E-TEKHAT-TABLO
100
AcDbText
 10
533.0
 20
186.5
 30
0.0
 40
1.8
  1
5,9 A
  7
GYM
 72
1
 11
533.0
 21
186.5
 31
0.0
100
AcDbText
 73
2
  0
TEXT
  5
753
330
1CA
100
AcDbEntity
 67
1
  8
E-TEKHAT-TABLO
100
AcDbText
 10
559.0
 20
186.5
 30
0.0
 40
1.8
  1
5,9 A
  7
GYM
 72
1
 11
559.0
 21
186.5
 31
0.0
100
AcDbText
 73
2
  0
TEXT
  5
754
330
1CA
100
AcDbEntity
 67
1
  8
E-TEKHAT-TABLO
100
AcDbText
 10
585.0
 20
186.5
 30
0.0
 40
1.8
  1
2,3 A
  7
GYM
 72
1
 11
585.0
 21
186.5
 31
0.0
100
AcDbText
 73
2
  0
TEXT
  5
755
330
1CA
100
AcDbEntity
 67
1
  8
E-TEKHAT-TABLO
100
AcDbText
 10
611.0
 20
186.5
 30
0.0
 40
1.8
  1
0,6 A
  7
GYM
 72
1
 11
611.0
 21
186.5
 31
0.0
100
AcDbText
 73
2
  0
TEXT
  5
756
330
1CA
100
AcDbEntity
 67
1
  8
E-TEKHAT-TABLO
100
AcDbText
 10
637.0
 20
186.5
 30
0.0
 40
1.8
  1
0,7 A
  7
GYM
 72
1
 11
637.0
 21
186.5
 31
0.0
100
AcDbText
 73
2
  0
TEXT
  5
757
330
1CA
100
AcDbEntity
 67
1
  8
E-TEKHAT-TABLO
100
AcDbText
 10
663.0
 20
186.5
 30
0.0
 40
1.8
  1
—
  7
GYM
 72
1
 11
663.0
 21
186.5
 31
0.0
100
AcDbText
 73
2
  0
TEXT
  5
758
330
1CA
100
AcDbEntity
 67
1
  8
E-TEKHAT-TABLO
100
AcDbText
 10
689.0
 20
186.5
 30
0.0
 40
1.8
  1
—
  7
GYM
 72
1
 11
689.0
 21
186.5
 31
0.0
100
AcDbText
 73
2
  0
TEXT
  5
759
330
1CA
100
AcDbEntity
 67
1
  8
E-TEKHAT-TABLO
100
AcDbText
 10
715.0
 20
186.5
 30
0.0
 40
1.8
  1
—
  7
GYM
 72
1
 11
715.0
 21
186.5
 31
0.0
100
AcDbText
 73
2
  0
TEXT
  5
75A
330
1CA
100
AcDbEntity
 67
1
  8
E-TEKHAT-TABLO
100
AcDbText
 10
741.0
 20
186.5
 30
0.0
 40
1.8
  1
—
  7
GYM
 72
1
 11
741.0
 21
186.5
 31
0.0
100
AcDbText
 73
2
  0
TEXT
  5
75B
330
1CA
100
AcDbEntity
 67
1
  8
E-TEKHAT-TABLO
100
AcDbText
 10
28.0
 20
177.9
 30
0.0
 40
2.0
  1
GERİLİM DÜŞÜMÜ
  7
GYM-B
 11
28.0
 21
177.9
 31
0.0
100
AcDbText
 73
2
  0
TEXT
  5
75C
330
1CA
100
AcDbEntity
 67
1
  8
E-TEKHAT-TABLO
100
AcDbText
 10
91.0
 20
177.9
 30
0.0
 40
1.8
  1
%0,13
  7
GYM
 72
1
 11
91.0
 21
177.9
 31
0.0
100
AcDbText
 73
2
  0
TEXT
  5
75D
330
1CA
100
AcDbEntity
 67
1
  8
E-TEKHAT-TABLO
100
AcDbText
 10
117.0
 20
177.9
 30
0.0
 40
1.8
  1
%0,05
  7
GYM
 72
1
 11
117.0
 21
177.9
 31
0.0
100
AcDbText
 73
2
  0
TEXT
  5
75E
330
1CA
100
AcDbEntity
 67
1
  8
E-TEKHAT-TABLO
100
AcDbText
 10
143.0
 20
177.9
 30
0.0
 40
1.8
  1
%0,06
  7
GYM
 72
1
 11
143.0
 21
177.9
 31
0.0
100
AcDbText
 73
2
  0
TEXT
  5
75F
330
1CA
100
AcDbEntity
 67
1
  8
E-TEKHAT-TABLO
100
AcDbText
 10
169.0
 20
177.9
 30
0.0
 40
1.8
  1
%0,03
  7
GYM
 72
1
 11
169.0
 21
177.9
 31
0.0
100
AcDbText
 73
2
  0
TEXT
  5
760
330
1CA
100
AcDbEntity
 67
1
  8
E-TEKHAT-TABLO
100
AcDbText
 10
195.0
 20
177.9
 30
0.0
 40
1.8
  1
%0,02
  7
GYM
 72
1
 11
195.0
 21
177.9
 31
0.0
100
AcDbText
 73
2
  0
TEXT
  5
761
330
1CA
100
AcDbEntity
 67
1
  8
E-TEKHAT-TABLO
100
AcDbText
 10
221.0
 20
177.9
 30
0.0
 40
1.8
  1
%0,24
  7
GYM
 72
1
 11
221.0
 21
177.9
 31
0.0
100
AcDbText
 73
2
  0
TEXT
  5
762
330
1CA
100
AcDbEntity
 67
1
  8
E-TEKHAT-TABLO
100
AcDbText
 10
247.0
 20
177.9
 30
0.0
 40
1.8
  1
%0,42
  7
GYM
 72
1
 11
247.0
 21
177.9
 31
0.0
100
AcDbText
 73
2
  0
TEXT
  5
763
330
1CA
100
AcDbEntity
 67
1
  8
E-TEKHAT-TABLO
100
AcDbText
 10
273.0
 20
177.9
 30
0.0
 40
1.8
  1
%0,30
  7
GYM
 72
1
 11
273.0
 21
177.9
 31
0.0
100
AcDbText
 73
2
  0
TEXT
  5
764
330
1CA
100
AcDbEntity
 67
1
  8
E-TEKHAT-TABLO
100
AcDbText
 10
299.0
 20
177.9
 30
0.0
 40
1.8
  1
%1,40
  7
GYM
 72
1
 11
299.0
 21
177.9
 31
0.0
100
AcDbText
 73
2
  0
TEXT
  5
765
330
1CA
100
AcDbEntity
 67
1
  8
E-TEKHAT-TABLO
100
AcDbText
 10
325.0
 20
177.9
 30
0.0
 40
1.8
  1
%0,27
  7
GYM
 72
1
 11
325.0
 21
177.9
 31
0.0
100
AcDbText
 73
2
  0
TEXT
  5
766
330
1CA
100
AcDbEntity
 67
1
  8
E-TEKHAT-TABLO
100
AcDbText
 10
351.0
 20
177.9
 30
0.0
 40
1.8
  1
%0,18
  7
GYM
 72
1
 11
351.0
 21
177.9
 31
0.0
100
AcDbText
 73
2
  0
TEXT
  5
767
330
1CA
100
AcDbEntity
 67
1
  8
E-TEKHAT-TABLO
100
AcDbText
 10
377.0
 20
177.9
 30
0.0
 40
1.8
  1
%0,06
  7
GYM
 72
1
 11
377.0
 21
177.9
 31
0.0
100
AcDbText
 73
2
  0
TEXT
  5
768
330
1CA
100
AcDbEntity
 67
1
  8
E-TEKHAT-TABLO
100
AcDbText
 10
403.0
 20
177.9
 30
0.0
 40
1.8
  1
%0,27
  7
GYM
 72
1
 11
403.0
 21
177.9
 31
0.0
100
AcDbText
 73
2
  0
TEXT
  5
769
330
1CA
100
AcDbEntity
 67
1
  8
E-TEKHAT-TABLO
100
AcDbText
 10
429.0
 20
177.9
 30
0.0
 40
1.8
  1
%1,65
  7
GYM
 72
1
 11
429.0
 21
177.9
 31
0.0
100
AcDbText
 73
2
  0
TEXT
  5
76A
330
1CA
100
AcDbEntity
 67
1
  8
E-TEKHAT-TABLO
100
AcDbText
 10
455.0
 20
177.9
 30
0.0
 40
1.8
  1
%1,97
  7
GYM
 72
1
 11
455.0
 21
177.9
 31
0.0
100
AcDbText
 73
2
  0
TEXT
  5
76B
330
1CA
100
AcDbEntity
 67
1
  8
E-TEKHAT-TABLO
100
AcDbText
 10
481.0
 20
177.9
 30
0.0
 40
1.8
  1
%1,32
  7
GYM
 72
1
 11
481.0
 21
177.9
 31
0.0
100
AcDbText
 73
2
  0
TEXT
  5
76C
330
1CA
100
AcDbEntity
 67
1
  8
E-TEKHAT-TABLO
100
AcDbText
 10
507.0
 20
177.9
 30
0.0
 40
1.8
  1
%0,73
  7
GYM
 72
1
 11
507.0
 21
177.9
 31
0.0
100
AcDbText
 73
2
  0
TEXT
  5
76D
330
1CA
100
AcDbEntity
 67
1
  8
E-TEKHAT-TABLO
100
AcDbText
 10
533.0
 20
177.9
 30
0.0
 40
1.8
  1
%0,48
  7
GYM
 72
1
 11
533.0
 21
177.9
 31
0.0
100
AcDbText
 73
2
  0
TEXT
  5
76E
330
1CA
100
AcDbEntity
 67
1
  8
E-TEKHAT-TABLO
100
AcDbText
 10
559.0
 20
177.9
 30
0.0
 40
1.8
  1
%0,58
  7
GYM
 72
1
 11
559.0
 21
177.9
 31
0.0
100
AcDbText
 73
2
  0
TEXT
  5
76F
330
1CA
100
AcDbEntity
 67
1
  8
E-TEKHAT-TABLO
100
AcDbText
 10
585.0
 20
177.9
 30
0.0
 40
1.8
  1
%0,21
  7
GYM
 72
1
 11
585.0
 21
177.9
 31
0.0
100
AcDbText
 73
2
  0
TEXT
  5
770
330
1CA
100
AcDbEntity
 67
1
  8
E-TEKHAT-TABLO
100
AcDbText
 10
611.0
 20
177.9
 30
0.0
 40
1.8
  1
%0,07
  7
GYM
 72
1
 11
611.0
 21
177.9
 31
0.0
100
AcDbText
 73
2
  0
TEXT
  5
771
330
1CA
100
AcDbEntity
 67
1
  8
E-TEKHAT-TABLO
100
AcDbText
 10
637.0
 20
177.9
 30
0.0
 40
1.8
  1
%0,05
  7
GYM
 72
1
 11
637.0
 21
177.9
 31
0.0
100
AcDbText
 73
2
  0
TEXT
  5
772
330
1CA
100
AcDbEntity
 67
1
  8
E-TEKHAT-TABLO
100
AcDbText
 10
663.0
 20
177.9
 30
0.0
 40
1.8
  1
—
  7
GYM
 72
1
 11
663.0
 21
177.9
 31
0.0
100
AcDbText
 73
2
  0
TEXT
  5
773
330
1CA
100
AcDbEntity
 67
1
  8
E-TEKHAT-TABLO
100
AcDbText
 10
689.0
 20
177.9
 30
0.0
 40
1.8
  1
—
  7
GYM
 72
1
 11
689.0
 21
177.9
 31
0.0
100
AcDbText
 73
2
  0
TEXT
  5
774
330
1CA
100
AcDbEntity
 67
1
  8
E-TEKHAT-TABLO
100
AcDbText
 10
715.0
 20
177.9
 30
0.0
 40
1.8
  1
—
  7
GYM
 72
1
 11
715.0
 21
177.9
 31
0.0
100
AcDbText
 73
2
  0
TEXT
  5
775
330
1CA
100
AcDbEntity
 67
1
  8
E-TEKHAT-TABLO
100
AcDbText
 10
741.0
 20
177.9
 30
0.0
 40
1.8
  1
—
  7
GYM
 72
1
 11
741.0
 21
177.9
 31
0.0
100
AcDbText
 73
2
  0
TEXT
  5
776
330
1CA
100
AcDbEntity
 67
1
  8
E-TEKHAT-YAZI
100
AcDbText
 10
26.0
 20
161.60000000000002
 30
0.0
 40
2.5
  1
FAZ DENGESİ
  7
GYM-B
 11
26.0
 21
161.60000000000002
 31
0.0
100
AcDbText
 73
2
  0
LWPOLYLINE
  5
777
330
1CA
100
AcDbEntity
 67
1
  8
E-TEKHAT-TABLO
370
35
100
AcDbPolyline
 90
2
 70
0
 10
26.0
 20
158.60000000000002
 10
175.25
 20
158.60000000000002
  0
TEXT
  5
778
330
1CA
100
AcDbEntity
 67
1
  8
E-TEKHAT-TABLO
100
AcDbText
 10
26.0
 20
153.60000000000002
 30
0.0
 40
2.0
  1
L1 bağlı güç
  7
GYM
 11
26.0
 21
153.60000000000002
 31
0.0
100
AcDbText
 73
2
  0
TEXT
  5
779
330
1CA
100
AcDbEntity
 67
1
  8
E-TEKHAT-TABLO
100
AcDbText
 10
174.25
 20
153.60000000000002
 30
0.0
 40
2.0
  1
4,86 kW
  7
GYM
 72
2
 11
174.25
 21
153.60000000000002
 31
0.0
100
AcDbText
 73
2
  0
TEXT
  5
77A
330
1CA
100
AcDbEntity
 67
1
  8
E-TEKHAT-TABLO
100
AcDbText
 10
26.0
 20
148.40000000000003
 30
0.0
 40
2.0
  1
L2 bağlı güç
  7
GYM
 11
26.0
 21
148.40000000000003
 31
0.0
100
AcDbText
 73
2
  0
TEXT
  5
77B
330
1CA
100
AcDbEntity
 67
1
  8
E-TEKHAT-TABLO
100
AcDbText
 10
174.25
 20
148.40000000000003
 30
0.0
 40
2.0
  1
4,91 kW
  7
GYM
 72
2
 11
174.25
 21
148.40000000000003
 31
0.0
100
AcDbText
 73
2
  0
TEXT
  5
77C
330
1CA
100
AcDbEntity
 67
1
  8
E-TEKHAT-TABLO
100
AcDbText
 10
26.0
 20
143.20000000000005
 30
0.0
 40
2.0
  1
L3 bağlı güç
  7
GYM
 11
26.0
 21
143.20000000000005
 31
0.0
100
AcDbText
 73
2
  0
TEXT
  5
77D
330
1CA
100
AcDbEntity
 67
1
  8
E-TEKHAT-TABLO
100
AcDbText
 10
174.25
 20
143.20000000000005
 30
0.0
 40
2.0
  1
4,87 kW
  7
GYM
 72
2
 11
174.25
 21
143.20000000000005
 31
0.0
100
AcDbText
 73
2
  0
TEXT
  5
77E
330
1CA
100
AcDbEntity
 67
1
  8
E-TEKHAT-TABLO
100
AcDbText
 10
26.0
 20
138.00000000000006
 30
0.0
 40
2.0
  1
L1 / L2 / L3 akımı
  7
GYM
 11
26.0
 21
138.00000000000006
 31
0.0
100
AcDbText
 73
2
  0
TEXT
  5
77F
330
1CA
100
AcDbEntity
 67
1
  8
E-TEKHAT-TABLO
100
AcDbText
 10
174.25
 20
138.00000000000006
 30
0.0
 40
2.0
  1
23 / 23 / 23 A
  7
GYM
 72
2
 11
174.25
 21
138.00000000000006
 31
0.0
100
AcDbText
 73
2
  0
TEXT
  5
780
330
1CA
100
AcDbEntity
 67
1
  8
E-TEKHAT-TABLO
100
AcDbText
 10
26.0
 20
132.80000000000007
 30
0.0
 40
2.0
  1
Dengesizlik
  7
GYM
 11
26.0
 21
132.80000000000007
 31
0.0
100
AcDbText
 73
2
  0
TEXT
  5
781
330
1CA
100
AcDbEntity
 67
1
  8
E-TEKHAT-TABLO
100
AcDbText
 10
174.25
 20
132.80000000000007
 30
0.0
 40
2.0
  1
%1,0
  7
GYM
 72
2
 11
174.25
 21
132.80000000000007
 31
0.0
100
AcDbText
 73
2
  0
TEXT
  5
782
330
1CA
100
AcDbEntity
 67
1
  8
E-TEKHAT-TABLO
100
AcDbText
 10
26.0
 20
127.60000000000007
 30
0.0
 40
2.0
  1
Sınır (pratik)
  7
GYM
 11
26.0
 21
127.60000000000007
 31
0.0
100
AcDbText
 73
2
  0
TEXT
  5
783
330
1CA
100
AcDbEntity
 67
1
  8
E-TEKHAT-TABLO
100
AcDbText
 10
174.25
 20
127.60000000000007
 30
0.0
 40
2.0
  1
%15
  7
GYM
 72
2
 11
174.25
 21
127.60000000000007
 31
0.0
100
AcDbText
 73
2
  0
TEXT
  5
784
330
1CA
100
AcDbEntity
 67
1
  8
E-TEKHAT-YAZI
100
AcDbText
 10
180.25
 20
161.60000000000002
 30
0.0
 40
2.5
  1
GÜÇ ÖZETİ
  7
GYM-B
 11
180.25
 21
161.60000000000002
 31
0.0
100
AcDbText
 73
2
  0
LWPOLYLINE
  5
785
330
1CA
100
AcDbEntity
 67
1
  8
E-TEKHAT-TABLO
370
35
100
AcDbPolyline
 90
2
 70
0
 10
180.25
 20
158.60000000000002
 10
329.5
 20
158.60000000000002
  0
TEXT
  5
786
330
1CA
100
AcDbEntity
 67
1
  8
E-TEKHAT-TABLO
100
AcDbText
 10
180.25
 20
153.60000000000002
 30
0.0
 40
2.0
  1
Kurulu (bağlı) güç
  7
GYM
 11
180.25
 21
153.60000000000002
 31
0.0
100
AcDbText
 73
2
  0
TEXT
  5
787
330
1CA
100
AcDbEntity
 67
1
  8
E-TEKHAT-TABLO
100
AcDbText
 10
328.5
 20
153.60000000000002
 30
0.0
 40
2.0
  1
20,59 kW
  7
GYM
 72
2
 11
328.5
 21
153.60000000000002
 31
0.0
100
AcDbText
 73
2
  0
TEXT
  5
788
330
1CA
100
AcDbEntity
 67
1
  8
E-TEKHAT-TABLO
100
AcDbText
 10
180.25
 20
148.40000000000003
 30
0.0
 40
2.0
  1
Eşzamanlılık sonrası talep
  7
GYM
 11
180.25
 21
148.40000000000003
 31
0.0
100
AcDbText
 73
2
  0
TEXT
  5
789
330
1CA
100
AcDbEntity
 67
1
  8
E-TEKHAT-TABLO
100
AcDbText
 10
328.5
 20
148.40000000000003
 30
0.0
 40
2.0
  1
14,63 kW
  7
GYM
 72
2
 11
328.5
 21
148.40000000000003
 31
0.0
100
AcDbText
 73
2
  0
TEXT
  5
78A
330
1CA
100
AcDbEntity
 67
1
  8
E-TEKHAT-TABLO
100
AcDbText
 10
180.25
 20
143.20000000000005
 30
0.0
 40
2.0
  1
Tasarım talep gücü
  7
GYM
 11
180.25
 21
143.20000000000005
 31
0.0
100
AcDbText
 73
2
  0
TEXT
  5
78B
330
1CA
100
AcDbEntity
 67
1
  8
E-TEKHAT-TABLO
100
AcDbText
 10
328.5
 20
143.20000000000005
 30
0.0
 40
2.0
  1
14,63 kW
  7
GYM
 72
2
 11
328.5
 21
143.20000000000005
 31
0.0
100
AcDbText
 73
2
  0
TEXT
  5
78C
330
1CA
100
AcDbEntity
 67
1
  8
E-TEKHAT-TABLO
100
AcDbText
 10
180.25
 20
138.00000000000006
 30
0.0
 40
2.0
  1
Ana besleme akımı Ib
  7
GYM
 11
180.25
 21
138.00000000000006
 31
0.0
100
AcDbText
 73
2
  0
TEXT
  5
78D
330
1CA
100
AcDbEntity
 67
1
  8
E-TEKHAT-TABLO
100
AcDbText
 10
328.5
 20
138.00000000000006
 30
0.0
 40
2.0
  1
23,0 A
  7
GYM
 72
2
 11
328.5
 21
138.00000000000006
 31
0.0
100
AcDbText
 73
2
  0
TEXT
  5
78E
330
1CA
100
AcDbEntity
 67
1
  8
E-TEKHAT-TABLO
100
AcDbText
 10
180.25
 20
132.80000000000007
 30
0.0
 40
2.0
  1
Ana kesici In
  7
GYM
 11
180.25
 21
132.80000000000007
 31
0.0
100
AcDbText
 73
2
  0
TEXT
  5
78F
330
1CA
100
AcDbEntity
 67
1
  8
E-TEKHAT-TABLO
100
AcDbText
 10
328.5
 20
132.80000000000007
 30
0.0
 40
2.0
  1
4×32 A
  7
GYM
 72
2
 11
328.5
 21
132.80000000000007
 31
0.0
100
AcDbText
 73
2
  0
TEXT
  5
790
330
1CA
100
AcDbEntity
 67
1
  8
E-TEKHAT-TABLO
100
AcDbText
 10
180.25
 20
127.60000000000007
 30
0.0
 40
2.0
  1
Linye sayısı
  7
GYM
 11
180.25
 21
127.60000000000007
 31
0.0
100
AcDbText
 73
2
  0
TEXT
  5
791
330
1CA
100
AcDbEntity
 67
1
  8
E-TEKHAT-TABLO
100
AcDbText
 10
328.5
 20
127.60000000000007
 30
0.0
 40
2.0
  1
22 + 4 yedek
  7
GYM
 72
2
 11
328.5
 21
127.60000000000007
 31
0.0
100
AcDbText
 73
2
  0
TEXT
  5
792
330
1CA
100
AcDbEntity
 67
1
  8
E-TEKHAT-YAZI
100
AcDbText
 10
334.5
 20
161.60000000000002
 30
0.0
 40
2.5
  1
HESAPLAR
  7
GYM-B
 11
334.5
 21
161.60000000000002
 31
0.0
100
AcDbText
 73
2
  0
LWPOLYLINE
  5
793
330
1CA
100
AcDbEntity
 67
1
  8
E-TEKHAT-TABLO
370
35
100
AcDbPolyline
 90
2
 70
0
 10
334.5
 20
158.60000000000002
 10
483.75
 20
158.60000000000002
  0
TEXT
  5
794
330
1CA
100
AcDbEntity
 67
1
  8
E-TEKHAT-TABLO
100
AcDbText
 10
334.5
 20
153.60000000000002
 30
0.0
 40
2.0
  1
Ana besleme kesiti
  7
GYM
 11
334.5
 21
153.60000000000002
 31
0.0
100
AcDbText
 73
2
  0
TEXT
  5
795
330
1CA
100
AcDbEntity
 67
1
  8
E-TEKHAT-TABLO
100
AcDbText
 10
482.75
 20
153.60000000000002
 30
0.0
 40
2.0
  1
NYY 5×10 mm²
  7
GYM
 72
2
 11
482.75
 21
153.60000000000002
 31
0.0
100
AcDbText
 73
2
  0
TEXT
  5
796
330
1CA
100
AcDbEntity
 67
1
  8
E-TEKHAT-TABLO
100
AcDbText
 10
334.5
 20
148.40000000000003
 30
0.0
 40
2.0
  1
Ana besleme ΔU
  7
GYM
 11
334.5
 21
148.40000000000003
 31
0.0
100
AcDbText
 73
2
  0
TEXT
  5
797
330
1CA
100
AcDbEntity
 67
1
  8
E-TEKHAT-TABLO
100
AcDbText
 10
482.75
 20
148.40000000000003
 30
0.0
 40
2.0
  1
%0,52
  7
GYM
 72
2
 11
482.75
 21
148.40000000000003
 31
0.0
100
AcDbText
 73
2
  0
TEXT
  5
798
330
1CA
100
AcDbEntity
 67
1
  8
E-TEKHAT-TABLO
100
AcDbText
 10
334.5
 20
143.20000000000005
 30
0.0
 40
2.0
  1
En yüksek son devre ΔU
  7
GYM
 11
334.5
 21
143.20000000000005
 31
0.0
100
AcDbText
 73
2
  0
TEXT
  5
799
330
1CA
100
AcDbEntity
 67
1
  8
E-TEKHAT-TABLO
100
AcDbText
 10
482.75
 20
143.20000000000005
 30
0.0
 40
2.0
  1
%1,97 (W2)
  7
GYM
 72
2
 11
482.75
 21
143.20000000000005
 31
0.0
100
AcDbText
 73
2
  0
TEXT
  5
79A
330
1CA
100
AcDbEntity
 67
1
  8
E-TEKHAT-TABLO
100
AcDbText
 10
334.5
 20
138.00000000000006
 30
0.0
 40
2.0
  1
Toplam ΔU (en uzak tüketici)
  7
GYM
 11
334.5
 21
138.00000000000006
 31
0.0
100
AcDbText
 73
2
  0
TEXT
  5
79B
330
1CA
100
AcDbEntity
 67
1
  8
E-TEKHAT-TABLO
100
AcDbText
 10
482.75
 20
138.00000000000006
 30
0.0
 40
2.0
  1
%2,49
  7
GYM
 72
2
 11
482.75
 21
138.00000000000006
 31
0.0
100
AcDbText
 73
2
  0
TEXT
  5
79C
330
1CA
100
AcDbEntity
 67
1
  8
E-TEKHAT-TABLO
100
AcDbText
 10
334.5
 20
132.80000000000007
 30
0.0
 40
2.0
  1
Sınır — TS HD 60364-5-52
  7
GYM
 11
334.5
 21
132.80000000000007
 31
0.0
100
AcDbText
 73
2
  0
TEXT
  5
79D
330
1CA
100
AcDbEntity
 67
1
  8
E-TEKHAT-TABLO
100
AcDbText
 10
482.75
 20
132.80000000000007
 30
0.0
 40
2.0
  1
%5
  7
GYM
 72
2
 11
482.75
 21
132.80000000000007
 31
0.0
100
AcDbText
 73
2
  0
TEXT
  5
79E
330
1CA
100
AcDbEntity
 67
1
  8
E-TEKHAT-TABLO
100
AcDbText
 10
334.5
 20
127.60000000000007
 30
0.0
 40
2.0
  1
Uygunsuz linye
  7
GYM
 11
334.5
 21
127.60000000000007
 31
0.0
100
AcDbText
 73
2
  0
TEXT
  5
79F
330
1CA
100
AcDbEntity
 67
1
  8
E-TEKHAT-TABLO
100
AcDbText
 10
482.75
 20
127.60000000000007
 30
0.0
 40
2.0
  1
0 adet
  7
GYM
 72
2
 11
482.75
 21
127.60000000000007
 31
0.0
100
AcDbText
 73
2
  0
TEXT
  5
7A0
330
1CA
100
AcDbEntity
 67
1
  8
E-TEKHAT-YAZI
100
AcDbText
 10
488.75
 20
161.60000000000002
 30
0.0
 40
2.5
  1
GENEL NOTLAR
  7
GYM-B
 11
488.75
 21
161.60000000000002
 31
0.0
100
AcDbText
 73
2
  0
LWPOLYLINE
  5
7A1
330
1CA
100
AcDbEntity
 67
1
  8
E-TEKHAT-TABLO
370
35
100
AcDbPolyline
 90
2
 70
0
 10
488.75
 20
158.60000000000002
 10
638.0
 20
158.60000000000002
  0
TEXT
  5
7A2
330
1CA
100
AcDbEntity
 67
1
  8
E-TEKHAT-TABLO
100
AcDbText
 10
488.75
 20
153.60000000000002
 30
0.0
 40
1.8
  1
1. Sistem TN-S; sayaç sonrası N ve PE ayrı çekilir, panoda birleştirilmez.
  7
GYM
 11
488.75
 21
153.60000000000002
 31
0.0
100
AcDbText
 73
2
  0
TEXT
  5
7A3
330
1CA
100
AcDbEntity
 67
1
  8
E-TEKHAT-TABLO
100
AcDbText
 10
488.75
 20
148.80000000000004
 30
0.0
 40
1.8
  1
2. Ana girişte 300 mA S tipi seçici kaçak akım rölesi, son devrelerde 30 mA A tipi koruma (Elektrik İç Tesisleri Yön. md.18).
  7
GYM
 11
488.75
 21
148.80000000000004
 31
0.0
100
AcDbText
 73
2
  0
TEXT
  5
7A4
330
1CA
100
AcDbEntity
 67
1
  8
E-TEKHAT-TABLO
100
AcDbText
 10
488.75
 20
144.00000000000006
 30
0.0
 40
1.8
  1
3. Kesici anma akımları kaynaktan yüke doğru azalır — seçicilik sağlanmıştır.
  7
GYM
 11
488.75
 21
144.00000000000006
 31
0.0
100
AcDbText
 73
2
  0
TEXT
  5
7A5
330
1CA
100
AcDbEntity
 67
1
  8
E-TEKHAT-TABLO
100
AcDbText
 10
488.75
 20
139.20000000000007
 30
0.0
 40
1.8
  1
4. Yangın algılama paneli (Z2) kaçak akım rölesi arkasına alınmaz; kendi aküsüyle 60 dakika beslenir.
  7
GYM
 11
488.75
 21
139.20000000000007
 31
0.0
100
AcDbText
 73
2
  0
TEXT
  5
7A6
330
1CA
100
AcDbEntity
 67
1
  8
E-TEKHAT-TABLO
100
AcDbText
 10
488.75
 20
134.4000000000001
 30
0.0
 40
1.8
  1
5. Tüm kesiciler C eğrili, Icn 6 kA. Pano IEC 61439-1/-2'ye göre tip testli tasarımdan türetilmiştir.
  7
GYM
 11
488.75
 21
134.4000000000001
 31
0.0
100
AcDbText
 73
2
  0
TEXT
  5
7A7
330
1CA
100
AcDbEntity
 67
1
  8
E-TEKHAT-TABLO
100
AcDbText
 10
488.75
 20
129.6000000000001
 30
0.0
 40
1.8
  1
6. Kablo kesitleri ısınma (Iz) ve gerilim düşümü koşullarının ikisini birden sağlar; hesap tablosu paftada verilmiştir.
  7
GYM
 11
488.75
 21
129.6000000000001
 31
0.0
100
AcDbText
 73
2
  0
TEXT
  5
7A8
330
1CA
100
AcDbEntity
 67
1
  8
E-TEKHAT-TABLO
100
AcDbText
 10
488.75
 20
124.80000000000011
 30
0.0
 40
1.8
  1
7. Pano üzerinde kalıcı tek hat şeması ve linye etiketleri bulunacaktır.
  7
GYM
 11
488.75
 21
124.80000000000011
 31
0.0
100
AcDbText
 73
2
  0
LWPOLYLINE
  5
7A9
330
1CA
100
AcDbEntity
 67
1
  8
G-ANTET
 62
1
370
50
100
AcDbPolyline
 90
4
 70
1
 10
575.0
 20
109.0
 10
645.0
 20
109.0
 10
645.0
 20
118.0
 10
575.0
 20
118.0
  0
TEXT
  5
7AA
330
1CA
100
AcDbEntity
 67
1
  8
G-ANTET
 62
1
100
AcDbText
 10
610.0
 20
113.5
 30
0.0
 40
1.8
  1
ÖN TASARIM — UYGULAMA İÇİN DEĞİLDİR
  7
GYM
 72
1
 11
610.0
 21
113.5
 31
0.0
100
AcDbText
 73
2
  0
ENDSEC
  0
SECTION
  2
OBJECTS
  0
DICTIONARY
  5
A
330
0
100
AcDbDictionary
281
1
  3
ACAD_COLOR
350
B
  3
ACAD_GROUP
350
C
  3
ACAD_LAYOUT
350
D
  3
ACAD_MATERIAL
350
E
  3
ACAD_MLEADERSTYLE
350
F
  3
ACAD_MLINESTYLE
350
10
  3
ACAD_PLOTSETTINGS
350
11
  3
ACAD_PLOTSTYLENAME
350
12
  3
ACAD_SCALELIST
350
14
  3
ACAD_TABLESTYLE
350
15
  3
ACAD_VISUALSTYLE
350
16
  3
EZDXF_META
350
2D
  0
DICTIONARY
  5
B
330
A
100
AcDbDictionary
281
1
  0
DICTIONARY
  5
C
330
A
100
AcDbDictionary
281
1
  0
DICTIONARY
  5
D
330
A
100
AcDbDictionary
281
1
  3
Model
350
1A
  3
E-06 ADP TEK HAT ŞEMASI
350
1CD
  0
DICTIONARY
  5
E
330
A
100
AcDbDictionary
281
1
  3
ByBlock
350
1F
  3
ByLayer
350
20
  3
Global
350
21
  0
DICTIONARY
  5
F
330
A
100
AcDbDictionary
281
1
  3
Standard
350
2C
  0
DICTIONARY
  5
10
330
A
100
AcDbDictionary
281
1
  3
Standard
350
22
  0
DICTIONARY
  5
11
330
A
100
AcDbDictionary
281
1
  0
ACDBDICTIONARYWDFLT
  5
12
330
A
100
AcDbDictionary
281
1
  3
Normal
350
13
100
AcDbDictionaryWithDefault
340
13
  0
ACDBPLACEHOLDER
  5
13
330
12
  0
DICTIONARY
  5
14
330
A
100
AcDbDictionary
281
1
  0
DICTIONARY
  5
15
330
A
100
AcDbDictionary
281
1
  0
DICTIONARY
  5
16
330
A
100
AcDbDictionary
281
1
  3
2dWireframe
350
5A
  3
Basic
350
5B
  3
Brighten
350
5C
  3
ColorChange
350
5D
  3
Conceptual
350
5E
  3
Dim
350
5F
  3
EdgeColorOff
350
60
  3
Facepattern
350
61
  3
Flat
350
62
  3
FlatWithEdges
350
63
  3
Gouraud
350
64
  3
GouraudWithEdges
350
65
  3
Hidden
350
66
  3
JitterOff
350
67
  3
Linepattern
350
68
  3
Modeling
350
69
  3
OverhangOff
350
6A
  3
Realistic
350
6B
  3
Shaded
350
6C
  3
Shaded with edges
350
6D
  3
Shades of Gray
350
6E
  3
Sketchy
350
6F
  3
Thicken
350
70
  3
Wireframe
350
71
  3
X-Ray
350
72
  0
LAYOUT
  5
1A
330
D
100
AcDbPlotSettings
  1

  4
A3
  6

 40
7.5
 41
20.0
 42
7.5
 43
20.0
 44
420.0
 45
297.0
 46
0.0
 47
0.0
 48
0.0
 49
0.0
140
0.0
141
0.0
142
1.0
143
1.0
 70
1024
 72
1
 73
0
 74
5
  7

 75
16
 76
0
 77
2
 78
300
147
1.0
148
0.0
149
0.0
100
AcDbLayout
  1
Model
 70
1
 71
0
 10
0.0
 20
0.0
 11
420.0
 21
297.0
 12
0.0
 22
0.0
 32
0.0
 14
1e+20
 24
1e+20
 34
1e+20
 15
-1e+20
 25
-1e+20
 35
-1e+20
146
0.0
 13
0.0
 23
0.0
 33
0.0
 16
1.0
 26
0.0
 36
0.0
 17
0.0
 27
1.0
 37
0.0
 76
1
330
17
  0
MATERIAL
  5
1F
102
{ACAD_REACTORS
330
E
102
}
330
E
100
AcDbMaterial
  1
ByBlock
  2

 70
0
 40
1.0
 71
1
 41
1.0
 91
-1023410177
 42
1.0
 72
1
  3

 73
1
 74
1
 75
1
 44
0.5
 73
0
 45
1.0
 46
1.0
 77
1
  4

 78
1
 79
1
170
1
 48
1.0
171
1
  6

172
1
173
1
174
1
140
1.0
141
1.0
175
1
  7

176
1
177
1
178
1
143
1.0
179
1
  8

270
1
271
1
272
1
145
1.0
146
1.0
273
1
  9

274
1
275
1
276
1
 42
1.0
 72
1
  3

 73
1
 74
1
 75
1
 94
63
  0
MATERIAL
  5
20
102
{ACAD_REACTORS
330
E
102
}
330
E
100
AcDbMaterial
  1
ByLayer
  2

 70
0
 40
1.0
 71
1
 41
1.0
 91
-1023410177
 42
1.0
 72
1
  3

 73
1
 74
1
 75
1
 44
0.5
 73
0
 45
1.0
 46
1.0
 77
1
  4

 78
1
 79
1
170
1
 48
1.0
171
1
  6

172
1
173
1
174
1
140
1.0
141
1.0
175
1
  7

176
1
177
1
178
1
143
1.0
179
1
  8

270
1
271
1
272
1
145
1.0
146
1.0
273
1
  9

274
1
275
1
276
1
 42
1.0
 72
1
  3

 73
1
 74
1
 75
1
 94
63
  0
MATERIAL
  5
21
102
{ACAD_REACTORS
330
E
102
}
330
E
100
AcDbMaterial
  1
Global
  2

 70
0
 40
1.0
 71
1
 41
1.0
 91
-1023410177
 42
1.0
 72
1
  3

 73
1
 74
1
 75
1
 44
0.5
 73
0
 45
1.0
 46
1.0
 77
1
  4

 78
1
 79
1
170
1
 48
1.0
171
1
  6

172
1
173
1
174
1
140
1.0
141
1.0
175
1
  7

176
1
177
1
178
1
143
1.0
179
1
  8

270
1
271
1
272
1
145
1.0
146
1.0
273
1
  9

274
1
275
1
276
1
 42
1.0
 72
1
  3

 73
1
 74
1
 75
1
 94
63
  0
MLINESTYLE
  5
22
102
{ACAD_REACTORS
330
10
102
}
330
10
100
AcDbMlineStyle
  2
Standard
 70
0
  3

 62
256
 51
90.0
 52
90.0
 71
2
 49
0.5
 62
256
  6
BYLAYER
 49
-0.5
 62
256
  6
BYLAYER
  0
MLEADERSTYLE
  5
2C
102
{ACAD_REACTORS
330
F
102
}
330
F
100
AcDbMLeaderStyle
179
2
170
2
171
1
172
0
 90
2
 40
0.0
 41
0.0
173
1
 91
-1056964608
 92
-2
290
1
 42
2.0
291
1
 43
8.0
  3
Standard
 44
4.0
300

342
29
174
1
175
1
176
0
178
1
 93
-1056964608
 45
4.0
292
0
297
0
 46
4.0
 94
-1056964608
 47
1.0
 49
1.0
140
1.0
294
1
141
0.0
177
0
142
1.0
295
0
296
0
143
3.75
271
0
272
9
273
9
  0
DICTIONARY
  5
2D
330
A
100
AcDbDictionary
280
1
281
1
  3
CREATED_BY_EZDXF
350
2E
  3
WRITTEN_BY_EZDXF
350
7AE
  0
DICTIONARYVAR
  5
2E
330
2D
100
DictionaryVariables
280
0
  1
1.4.4 @ 2026-09-18T09:19:37.684561+00:00
  0
VISUALSTYLE
  5
5A
102
{ACAD_REACTORS
330
16
102
}
330
16
100
AcDbVisualStyle
  2
2dWireframe
 70
4
 90
0
 40
0.6
 62
7
290
0
291
0
  0
VISUALSTYLE
  5
5B
102
{ACAD_REACTORS
330
16
102
}
330
16
100
AcDbVisualStyle
  2
Basic
 70
7
 90
1
 40
0.6
 62
7
290
0
291
1
  0
VISUALSTYLE
  5
5C
102
{ACAD_REACTORS
330
16
102
}
330
16
100
AcDbVisualStyle
  2
Brighten
 70
12
 90
2
 40
0.6
 62
7
290
0
291
1
  0
VISUALSTYLE
  5
5D
102
{ACAD_REACTORS
330
16
102
}
330
16
100
AcDbVisualStyle
  2
ColorChange
 70
16
 90
2
 40
0.6
 62
8
290
0
291
1
  0
VISUALSTYLE
  5
5E
102
{ACAD_REACTORS
330
16
102
}
330
16
100
AcDbVisualStyle
  2
Conceptual
 70
9
 90
3
 40
0.6
 62
7
290
0
291
0
  0
VISUALSTYLE
  5
5F
102
{ACAD_REACTORS
330
16
102
}
330
16
100
AcDbVisualStyle
  2
Dim
 70
11
 90
2
 40
0.6
 62
7
290
0
291
1
  0
VISUALSTYLE
  5
60
102
{ACAD_REACTORS
330
16
102
}
330
16
100
AcDbVisualStyle
  2
EdgeColorOff
 70
22
 90
2
 40
0.6
 62
7
290
0
291
1
  0
VISUALSTYLE
  5
61
102
{ACAD_REACTORS
330
16
102
}
330
16
100
AcDbVisualStyle
  2
Facepattern
 70
15
 90
2
 40
0.6
 62
7
290
0
291
1
  0
VISUALSTYLE
  5
62
102
{ACAD_REACTORS
330
16
102
}
330
16
100
AcDbVisualStyle
  2
Flat
 70
0
 90
2
 40
0.6
 62
7
290
0
291
1
  0
VISUALSTYLE
  5
63
102
{ACAD_REACTORS
330
16
102
}
330
16
100
AcDbVisualStyle
  2
FlatWithEdges
 70
1
 90
2
 40
0.6
 62
7
290
0
291
1
  0
VISUALSTYLE
  5
64
102
{ACAD_REACTORS
330
16
102
}
330
16
100
AcDbVisualStyle
  2
Gouraud
 70
2
 90
2
 40
0.6
 62
7
290
0
291
1
  0
VISUALSTYLE
  5
65
102
{ACAD_REACTORS
330
16
102
}
330
16
100
AcDbVisualStyle
  2
GouraudWithEdges
 70
3
 90
2
 40
0.6
 62
7
290
0
291
1
  0
VISUALSTYLE
  5
66
102
{ACAD_REACTORS
330
16
102
}
330
16
100
AcDbVisualStyle
  2
Hidden
 70
6
 90
1
 40
0.6
 62
7
290
0
291
0
  0
VISUALSTYLE
  5
67
102
{ACAD_REACTORS
330
16
102
}
330
16
100
AcDbVisualStyle
  2
JitterOff
 70
20
 90
2
 40
0.6
 62
7
290
0
291
1
  0
VISUALSTYLE
  5
68
102
{ACAD_REACTORS
330
16
102
}
330
16
100
AcDbVisualStyle
  2
Linepattern
 70
14
 90
2
 40
0.6
 62
7
290
0
291
1
  0
VISUALSTYLE
  5
69
102
{ACAD_REACTORS
330
16
102
}
330
16
100
AcDbVisualStyle
  2
Modeling
 70
10
 90
2
 40
0.6
 62
7
290
0
291
0
  0
VISUALSTYLE
  5
6A
102
{ACAD_REACTORS
330
16
102
}
330
16
100
AcDbVisualStyle
  2
OverhangOff
 70
21
 90
2
 40
0.6
 62
7
290
0
291
1
  0
VISUALSTYLE
  5
6B
102
{ACAD_REACTORS
330
16
102
}
330
16
100
AcDbVisualStyle
  2
Realistic
 70
8
 90
2
 40
0.6
 62
7
290
0
291
0
  0
VISUALSTYLE
  5
6C
102
{ACAD_REACTORS
330
16
102
}
330
16
100
AcDbVisualStyle
  2
Shaded
 70
27
 90
2
 40
0.6
 62
7
290
0
291
0
  0
VISUALSTYLE
  5
6D
102
{ACAD_REACTORS
330
16
102
}
330
16
100
AcDbVisualStyle
  2
Shaded with edges
 70
26
 90
2
 40
0.6
 62
7
290
0
291
0
  0
VISUALSTYLE
  5
6E
102
{ACAD_REACTORS
330
16
102
}
330
16
100
AcDbVisualStyle
  2
Shades of Gray
 70
23
 90
2
 40
0.6
 62
7
290
0
291
0
  0
VISUALSTYLE
  5
6F
102
{ACAD_REACTORS
330
16
102
}
330
16
100
AcDbVisualStyle
  2
Sketchy
 70
24
 90
1
 40
0.6
 62
7
290
0
291
0
  0
VISUALSTYLE
  5
70
102
{ACAD_REACTORS
330
16
102
}
330
16
100
AcDbVisualStyle
  2
Thicken
 70
13
 90
2
 40
0.6
 62
7
290
0
291
1
  0
VISUALSTYLE
  5
71
102
{ACAD_REACTORS
330
16
102
}
330
16
100
AcDbVisualStyle
  2
Wireframe
 70
5
 90
0
 40
0.6
 62
7
290
0
291
0
  0
VISUALSTYLE
  5
72
102
{ACAD_REACTORS
330
16
102
}
330
16
100
AcDbVisualStyle
  2
X-Ray
 70
25
 90
2
 40
0.5
 62
7
290
0
291
0
  0
LAYOUT
  5
1CD
330
D
100
AcDbPlotSettings
  1

  2
DWG to PDF.pc3
  4
ezdxf_(841.00_x_594.00_MM)
  6

 40
0.0
 41
0.0
 42
0.0
 43
0.0
 44
841.0
 45
594.0
 46
0.0
 47
0.0
 48
0.0
 49
0.0
140
0.0
141
0.0
142
1.0
143
1.0
 70
672
 72
1
 73
0
 74
5
  7

 75
16
 76
0
 77
2
 78
300
147
1.0
148
0.0
149
0.0
100
AcDbLayout
  1
E-06 ADP TEK HAT ŞEMASI
 70
1
 71
3
 10
-0.0
 20
-0.0
 11
841.0
 21
594.0
 12
0.0
 22
0.0
 32
0.0
 14
1e+20
 24
1e+20
 34
1e+20
 15
-1e+20
 25
-1e+20
 35
-1e+20
146
0.0
 13
0.0
 23
0.0
 33
0.0
 16
1.0
 26
0.0
 36
0.0
 17
0.0
 27
1.0
 37
0.0
 76
1
330
1CA
331
1CE
  0
DICTIONARYVAR
  5
7AE
330
2D
100
DictionaryVariables
280
0
  1
1.4.4 @ 2026-09-18T09:19:37.735495+00:00
  0
ENDSEC
  0
EOF
