  0
SECTION
  2
HEADER
  9
$ACADVER
  1
AC1024
  9
$ACADMAINTVER
 70
6
  9
$DWGCODEPAGE
  3
ANSI_1252
  9
$LASTSAVEDBY
  1
ezdxf
  9
$INSBASE
 10
0.0
 20
0.0
 30
0.0
  9
$EXTMIN
 10
1e+20
 20
1e+20
 30
1e+20
  9
$EXTMAX
 10
-1e+20
 20
-1e+20
 30
-1e+20
  9
$LIMMIN
 10
0.0
 20
0.0
  9
$LIMMAX
 10
420.0
 20
297.0
  9
$ORTHOMODE
 70
0
  9
$REGENMODE
 70
1
  9
$FILLMODE
 70
1
  9
$QTEXTMODE
 70
0
  9
$MIRRTEXT
 70
1
  9
$LTSCALE
 40
1.0
  9
$ATTMODE
 70
1
  9
$TEXTSIZE
 40
2.5
  9
$TRACEWID
 40
1.0
  9
$TEXTSTYLE
  7
OpenSans
  9
$CLAYER
  8
0
  9
$CELTYPE
  6
ByLayer
  9
$CECOLOR
 62
256
  9
$CELTSCALE
 40
1.0
  9
$DISPSILH
 70
0
  9
$DIMSCALE
 40
75.0
  9
$DIMASZ
 40
0.175
  9
$DIMEXO
 40
0.125
  9
$DIMDLI
 40
3.75
  9
$DIMRND
 40
0.0
  9
$DIMDLE
 40
0.0
  9
$DIMEXE
 40
0.375
  9
$DIMTP
 40
0.0
  9
$DIMTM
 40
0.0
  9
$DIMTXT
 40
0.25
  9
$DIMCEN
 40
2.5
  9
$DIMTSZ
 40
0.0
  9
$DIMTOL
 70
0
  9
$DIMLIM
 70
0
  9
$DIMTIH
 70
0
  9
$DIMTOH
 70
0
  9
$DIMSE1
 70
0
  9
$DIMSE2
 70
0
  9
$DIMTAD
 70
1
  9
$DIMZIN
 70
12
  9
$DIMBLK
  1
ARCHTICK
  9
$DIMASO
 70
1
  9
$DIMSHO
 70
1
  9
$DIMPOST
  1

  9
$DIMAPOST
  1

  9
$DIMALT
 70
0
  9
$DIMALTD
 70
3
  9
$DIMALTF
 40
0.03937007874
  9
$DIMLFAC
 40
100.0
  9
$DIMTOFL
 70
1
  9
$DIMTVP
 40
0.0
  9
$DIMTIX
 70
0
  9
$DIMSOXD
 70
0
  9
$DIMSAH
 70
0
  9
$DIMBLK1
  1

  9
$DIMBLK2
  1

  9
$DIMSTYLE
  2
GYM-50
  9
$DIMCLRD
 70
0
  9
$DIMCLRE
 70
0
  9
$DIMCLRT
 70
0
  9
$DIMTFAC
 40
0.5
  9
$DIMGAP
 40
0.1
  9
$DIMJUST
 70
0
  9
$DIMSD1
 70
0
  9
$DIMSD2
 70
0
  9
$DIMTOLJ
 70
0
  9
$DIMTZIN
 70
8
  9
$DIMALTZ
 70
0
  9
$DIMALTTZ
 70
0
  9
$DIMUPT
 70
1
  9
$DIMDEC
 70
2
  9
$DIMTDEC
 70
2
  9
$DIMALTU
 70
2
  9
$DIMALTTD
 70
3
  9
$DIMTXSTY
  7
OpenSansCondensed-Light
  9
$DIMAUNIT
 70
0
  9
$DIMADEC
 70
2
  9
$DIMALTRND
 40
0.0
  9
$DIMAZIN
 70
3
  9
$DIMDSEP
 70
46
  9
$DIMATFIT
 70
3
  9
$DIMFRAC
 70
0
  9
$DIMLDRBLK
  1

  9
$DIMLUNIT
 70
2
  9
$DIMLWD
 70
-2
  9
$DIMLWE
 70
-2
  9
$DIMTMOVE
 70
2
  9
$DIMFXL
 40
1.0
  9
$DIMFXLON
 70
0
  9
$DIMJOGANG
 40
0.785398163397
  9
$DIMTFILL
 70
0
  9
$DIMTFILLCLR
 70
0
  9
$DIMARCSYM
 70
0
  9
$DIMLTYPE
  6

  9
$DIMLTEX1
  6

  9
$DIMLTEX2
  6

  9
$DIMTXTDIRECTION
 70
0
  9
$LUNITS
 70
2
  9
$LUPREC
 70
2
  9
$SKETCHINC
 40
1.0
  9
$FILLETRAD
 40
10.0
  9
$AUNITS
 70
0
  9
$AUPREC
 70
2
  9
$MENU
  1
.
  9
$ELEVATION
 40
0.0
  9
$PELEVATION
 40
0.0
  9
$THICKNESS
 40
0.0
  9
$LIMCHECK
 70
0
  9
$CHAMFERA
 40
0.0
  9
$CHAMFERB
 40
0.0
  9
$CHAMFERC
 40
0.0
  9
$CHAMFERD
 40
0.0
  9
$SKPOLY
 70
0
  9
$TDCREATE
 40
2461302.5607060185
  9
$TDUCREATE
 40
2458532.153996898
  9
$TDUPDATE
 40
2461302.5607175925
  9
$TDUUPDATE
 40
2458532.1544311
  9
$TDINDWG
 40
0.0
  9
$TDUSRTIMER
 40
0.0
  9
$USRTIMER
 70
1
  9
$ANGBASE
 50
0.0
  9
$ANGDIR
 70
0
  9
$PDMODE
 70
0
  9
$PDSIZE
 40
0.0
  9
$PLINEWID
 40
0.0
  9
$SPLFRAME
 70
0
  9
$SPLINETYPE
 70
6
  9
$SPLINESEGS
 70
8
  9
$HANDSEED
  5
1460
  9
$SURFTAB1
 70
6
  9
$SURFTAB2
 70
6
  9
$SURFTYPE
 70
6
  9
$SURFU
 70
6
  9
$SURFV
 70
6
  9
$UCSBASE
  2

  9
$UCSNAME
  2

  9
$UCSORG
 10
0.0
 20
0.0
 30
0.0
  9
$UCSXDIR
 10
1.0
 20
0.0
 30
0.0
  9
$UCSYDIR
 10
0.0
 20
1.0
 30
0.0
  9
$UCSORTHOREF
  2

  9
$UCSORTHOVIEW
 70
0
  9
$UCSORGTOP
 10
0.0
 20
0.0
 30
0.0
  9
$UCSORGBOTTOM
 10
0.0
 20
0.0
 30
0.0
  9
$UCSORGLEFT
 10
0.0
 20
0.0
 30
0.0
  9
$UCSORGRIGHT
 10
0.0
 20
0.0
 30
0.0
  9
$UCSORGFRONT
 10
0.0
 20
0.0
 30
0.0
  9
$UCSORGBACK
 10
0.0
 20
0.0
 30
0.0
  9
$PUCSBASE
  2

  9
$PUCSNAME
  2

  9
$PUCSORG
 10
0.0
 20
0.0
 30
0.0
  9
$PUCSXDIR
 10
1.0
 20
0.0
 30
0.0
  9
$PUCSYDIR
 10
0.0
 20
1.0
 30
0.0
  9
$PUCSORTHOREF
  2

  9
$PUCSORTHOVIEW
 70
0
  9
$PUCSORGTOP
 10
0.0
 20
0.0
 30
0.0
  9
$PUCSORGBOTTOM
 10
0.0
 20
0.0
 30
0.0
  9
$PUCSORGLEFT
 10
0.0
 20
0.0
 30
0.0
  9
$PUCSORGRIGHT
 10
0.0
 20
0.0
 30
0.0
  9
$PUCSORGFRONT
 10
0.0
 20
0.0
 30
0.0
  9
$PUCSORGBACK
 10
0.0
 20
0.0
 30
0.0
  9
$USERI1
 70
0
  9
$USERI2
 70
0
  9
$USERI3
 70
0
  9
$USERI4
 70
0
  9
$USERI5
 70
0
  9
$USERR1
 40
0.0
  9
$USERR2
 40
0.0
  9
$USERR3
 40
0.0
  9
$USERR4
 40
0.0
  9
$USERR5
 40
0.0
  9
$WORLDVIEW
 70
1
  9
$SHADEDGE
 70
3
  9
$SHADEDIF
 70
70
  9
$TILEMODE
 70
1
  9
$MAXACTVP
 70
64
  9
$PINSBASE
 10
0.0
 20
0.0
 30
0.0
  9
$PLIMCHECK
 70
0
  9
$PEXTMIN
 10
1e+20
 20
1e+20
 30
1e+20
  9
$PEXTMAX
 10
-1e+20
 20
-1e+20
 30
-1e+20
  9
$PLIMMIN
 10
-0.0
 20
-0.0
  9
$PLIMMAX
 10
420.0
 20
297.0
  9
$UNITMODE
 70
0
  9
$VISRETAIN
 70
1
  9
$PLINEGEN
 70
0
  9
$PSLTSCALE
 70
1
  9
$TREEDEPTH
 70
3020
  9
$CMLSTYLE
  2
Standard
  9
$CMLJUST
 70
0
  9
$CMLSCALE
 40
20.0
  9
$PROXYGRAPHICS
 70
1
  9
$MEASUREMENT
 70
1
  9
$CELWEIGHT
370
-1
  9
$ENDCAPS
280
0
  9
$JOINSTYLE
280
0
  9
$LWDISPLAY
290
1
  9
$INSUNITS
 70
4
  9
$HYPERLINKBASE
  1

  9
$STYLESHEET
  1

  9
$XEDIT
290
1
  9
$CEPSNTYPE
380
0
  9
$PSTYLEMODE
290
1
  9
$FINGERPRINTGUID
  2
{E1EB9B27-E06F-4585-9937-16B27A2D11B9}
  9
$VERSIONGUID
  2
{0F8D93FA-D5BE-469F-8F5C-1AFAD65CDEFF}
  9
$EXTNAMES
290
1
  9
$PSVPSCALE
 40
0.0
  9
$OLESTARTUP
290
0
  9
$SORTENTS
280
127
  9
$INDEXCTL
280
0
  9
$HIDETEXT
280
1
  9
$XCLIPFRAME
280
1
  9
$HALOGAP
280
0
  9
$OBSCOLOR
 70
257
  9
$OBSLTYPE
280
0
  9
$INTERSECTIONDISPLAY
280
0
  9
$INTERSECTIONCOLOR
 70
257
  9
$DIMASSOC
280
2
  9
$PROJECTNAME
  1

  9
$CAMERADISPLAY
290
0
  9
$LENSLENGTH
 40
50.0
  9
$CAMERAHEIGHT
 40
0.0
  9
$STEPSPERSEC
 40
24.0
  9
$STEPSIZE
 40
100.0
  9
$3DDWFPREC
 40
2.0
  9
$PSOLWIDTH
 40
0.005
  9
$PSOLHEIGHT
 40
0.08
  9
$LOFTANG1
 40
1.570796326795
  9
$LOFTANG2
 40
1.570796326795
  9
$LOFTMAG1
 40
0.0
  9
$LOFTMAG2
 40
0.0
  9
$LOFTPARAM
 70
7
  9
$LOFTNORMALS
280
1
  9
$LATITUDE
 40
37.795
  9
$LONGITUDE
 40
-122.394
  9
$NORTHDIRECTION
 40
0.0
  9
$TIMEZONE
 70
-8000
  9
$LIGHTGLYPHDISPLAY
280
1
  9
$TILEMODELIGHTSYNCH
280
1
  9
$CMATERIAL
347
20
  9
$SOLIDHIST
280
0
  9
$SHOWHIST
280
1
  9
$DWFFRAME
280
2
  9
$DGNFRAME
280
2
  9
$REALWORLDSCALE
290
1
  9
$INTERFERECOLOR
 62
256
  9
$CSHADOW
280
0
  9
$SHADOWPLANELOCATION
 40
0.0
  0
ENDSEC
  0
SECTION
  2
CLASSES
  0
CLASS
  1
ACDBDICTIONARYWDFLT
  2
AcDbDictionaryWithDefault
  3
ObjectDBX Classes
 90
0
 91
0
280
0
281
0
  0
CLASS
  1
SUN
  2
AcDbSun
  3
SCENEOE
 90
1153
 91
0
280
0
281
0
  0
CLASS
  1
VISUALSTYLE
  2
AcDbVisualStyle
  3
ObjectDBX Classes
 90
4095
 91
0
280
0
281
0
  0
CLASS
  1
MATERIAL
  2
AcDbMaterial
  3
ObjectDBX Classes
 90
1153
 91
0
280
0
281
0
  0
CLASS
  1
SCALE
  2
AcDbScale
  3
ObjectDBX Classes
 90
1153
 91
0
280
0
281
0
  0
CLASS
  1
TABLESTYLE
  2
AcDbTableStyle
  3
ObjectDBX Classes
 90
4095
 91
0
280
0
281
0
  0
CLASS
  1
MLEADERSTYLE
  2
AcDbMLeaderStyle
  3
ACDB_MLEADERSTYLE_CLASS
 90
4095
 91
0
280
0
281
0
  0
CLASS
  1
DICTIONARYVAR
  2
AcDbDictionaryVar
  3
ObjectDBX Classes
 90
0
 91
0
280
0
281
0
  0
CLASS
  1
CELLSTYLEMAP
  2
AcDbCellStyleMap
  3
ObjectDBX Classes
 90
1152
 91
0
280
0
281
0
  0
CLASS
  1
MENTALRAYRENDERSETTINGS
  2
AcDbMentalRayRenderSettings
  3
SCENEOE
 90
1024
 91
0
280
0
281
0
  0
CLASS
  1
ACDBDETAILVIEWSTYLE
  2
AcDbDetailViewStyle
  3
ObjectDBX Classes
 90
1025
 91
0
280
0
281
0
  0
CLASS
  1
ACDBSECTIONVIEWSTYLE
  2
AcDbSectionViewStyle
  3
ObjectDBX Classes
 90
1025
 91
0
280
0
281
0
  0
CLASS
  1
RASTERVARIABLES
  2
AcDbRasterVariables
  3
ISM
 90
0
 91
0
280
0
281
0
  0
CLASS
  1
ACDBPLACEHOLDER
  2
AcDbPlaceHolder
  3
ObjectDBX Classes
 90
0
 91
0
280
0
281
0
  0
CLASS
  1
LAYOUT
  2
AcDbLayout
  3
ObjectDBX Classes
 90
0
 91
0
280
0
281
0
  0
ENDSEC
  0
SECTION
  2
TABLES
  0
TABLE
  2
VPORT
  5
8
330
0
100
AcDbSymbolTable
 70
1
  0
VPORT
  5
23
330
8
100
AcDbSymbolTableRecord
100
AcDbViewportTableRecord
  2
*Active
 70
0
 10
0.0
 20
0.0
 11
1.0
 21
1.0
 12
0.0
 22
0.0
 13
0.0
 23
0.0
 14
0.5
 24
0.5
 15
0.5
 25
0.5
 16
0.0
 26
0.0
 36
1.0
 17
0.0
 27
0.0
 37
0.0
 40
1000.0
 41
1.34
 42
50.0
 43
0.0
 44
0.0
 50
0.0
 51
0.0
 71
0
 72
1000
 73
1
 74
3
 75
0
 76
0
 77
0
 78
0
281
0
 65
0
146
0.0
  0
ENDTAB
  0
TABLE
  2
LTYPE
  5
2
330
0
100
AcDbSymbolTable
 70
21
  0
LTYPE
  5
24
330
2
100
AcDbSymbolTableRecord
100
AcDbLinetypeTableRecord
  2
ByBlock
 70
0
  3

 72
65
 73
0
 40
0.0
  0
LTYPE
  5
25
330
2
100
AcDbSymbolTableRecord
100
AcDbLinetypeTableRecord
  2
ByLayer
 70
0
  3

 72
65
 73
0
 40
0.0
  0
LTYPE
  5
26
330
2
100
AcDbSymbolTableRecord
100
AcDbLinetypeTableRecord
  2
Continuous
 70
0
  3

 72
65
 73
0
 40
0.0
  0
LTYPE
  5
2F
330
2
100
AcDbSymbolTableRecord
100
AcDbLinetypeTableRecord
  2
CENTER
 70
0
  3
Center ____ _ ____ _ ____ _ ____ _ ____ _ ____
 72
65
 73
4
 40
5.08
 49
3.175
 74
0
 49
-0.635
 74
0
 49
0.635
 74
0
 49
-0.635
 74
0
  0
LTYPE
  5
30
330
2
100
AcDbSymbolTableRecord
100
AcDbLinetypeTableRecord
  2
CENTERX2
 70
0
  3
Center (2x) ________  __  ________  __  ________
 72
65
 73
4
 40
8.89
 49
6.35
 74
0
 49
-0.635
 74
0
 49
1.27
 74
0
 49
-0.635
 74
0
  0
LTYPE
  5
31
330
2
100
AcDbSymbolTableRecord
100
AcDbLinetypeTableRecord
  2
CENTER2
 70
0
  3
Center (.5x) ____ _ ____ _ ____ _ ____ _ ____
 72
65
 73
4
 40
2.54
 49
1.587
 74
0
 49
-0.318
 74
0
 49
0.318
 74
0
 49
-0.318
 74
0
  0
LTYPE
  5
32
330
2
100
AcDbSymbolTableRecord
100
AcDbLinetypeTableRecord
  2
DASHED
 70
0
  3
Dashed __ __ __ __ __ __ __ __ __ __ __ __ __ _
 72
65
 73
2
 40
1.524
 49
1.27
 74
0
 49
-0.254
 74
0
  0
LTYPE
  5
33
330
2
100
AcDbSymbolTableRecord
100
AcDbLinetypeTableRecord
  2
DASHEDX2
 70
0
  3
Dashed (2x) ____  ____  ____  ____  ____  ____
 72
65
 73
2
 40
3.048
 49
2.54
 74
0
 49
-0.508
 74
0
  0
LTYPE
  5
34
330
2
100
AcDbSymbolTableRecord
100
AcDbLinetypeTableRecord
  2
DASHED2
 70
0
  3
Dashed (.5x) _ _ _ _ _ _ _ _ _ _ _ _ _ _
 72
65
 73
2
 40
0.762
 49
0.635
 74
0
 49
-0.127
 74
0
  0
LTYPE
  5
35
330
2
100
AcDbSymbolTableRecord
100
AcDbLinetypeTableRecord
  2
PHANTOM
 70
0
  3
Phantom ______  __  __  ______  __  __  ______
 72
65
 73
6
 40
6.35
 49
3.175
 74
0
 49
-0.635
 74
0
 49
0.635
 74
0
 49
-0.635
 74
0
 49
0.635
 74
0
 49
-0.635
 74
0
  0
LTYPE
  5
36
330
2
100
AcDbSymbolTableRecord
100
AcDbLinetypeTableRecord
  2
PHANTOMX2
 70
0
  3
Phantom (2x)____________    ____    ____    ____________
 72
65
 73
6
 40
10.795
 49
6.35
 74
0
 49
-0.635
 74
0
 49
1.27
 74
0
 49
-0.635
 74
0
 49
1.27
 74
0
 49
-0.635
 74
0
  0
LTYPE
  5
37
330
2
100
AcDbSymbolTableRecord
100
AcDbLinetypeTableRecord
  2
PHANTOM2
 70
0
  3
Phantom (.5x) ___ _ _ ___ _ _ ___ _ _ ___ _ _ ___
 72
65
 73
6
 40
3.175
 49
1.587
 74
0
 49
-0.318
 74
0
 49
0.318
 74
0
 49
-0.318
 74
0
 49
0.318
 74
0
 49
-0.318
 74
0
  0
LTYPE
  5
38
330
2
100
AcDbSymbolTableRecord
100
AcDbLinetypeTableRecord
  2
DASHDOT
 70
0
  3
Dash dot __ . __ . __ . __ . __ . __ . __ . __
 72
65
 73
4
 40
3.556
 49
2.54
 74
0
 49
-0.508
 74
0
 49
0.0
 74
0
 49
-0.508
 74
0
  0
LTYPE
  5
39
330
2
100
AcDbSymbolTableRecord
100
AcDbLinetypeTableRecord
  2
DASHDOTX2
 70
0
  3
Dash dot (2x) ____  .  ____  .  ____  .  ____
 72
65
 73
4
 40
6.096
 49
5.08
 74
0
 49
-0.508
 74
0
 49
0.0
 74
0
 49
-0.508
 74
0
  0
LTYPE
  5
3A
330
2
100
AcDbSymbolTableRecord
100
AcDbLinetypeTableRecord
  2
DASHDOT2
 70
0
  3
Dash dot (.5x) _ . _ . _ . _ . _ . _ . _ . _
 72
65
 73
4
 40
1.778
 49
1.27
 74
0
 49
-0.254
 74
0
 49
0.0
 74
0
 49
-0.254
 74
0
  0
LTYPE
  5
3B
330
2
100
AcDbSymbolTableRecord
100
AcDbLinetypeTableRecord
  2
DOT
 70
0
  3
Dot .  .  .  .  .  .  .  .  .  .  .  .  .  .  .  .
 72
65
 73
2
 40
0.508
 49
0.0
 74
0
 49
-0.508
 74
0
  0
LTYPE
  5
3C
330
2
100
AcDbSymbolTableRecord
100
AcDbLinetypeTableRecord
  2
DOTX2
 70
0
  3
Dot (2x) .    .    .    .    .    .    .    . 
 72
65
 73
2
 40
1.016
 49
0.0
 74
0
 49
-1.016
 74
0
  0
LTYPE
  5
3D
330
2
100
AcDbSymbolTableRecord
100
AcDbLinetypeTableRecord
  2
DOT2
 70
0
  3
Dot (.5) . . . . . . . . . . . . . . . . . . . 
 72
65
 73
2
 40
0.254
 49
0.0
 74
0
 49
-0.254
 74
0
  0
LTYPE
  5
3E
330
2
100
AcDbSymbolTableRecord
100
AcDbLinetypeTableRecord
  2
DIVIDE
 70
0
  3
Divide __ . . __ . . __ . . __ . . __ . . __
 72
65
 73
6
 40
4.064
 49
2.54
 74
0
 49
-0.508
 74
0
 49
0.0
 74
0
 49
-0.508
 74
0
 49
0.0
 74
0
 49
-0.508
 74
0
  0
LTYPE
  5
3F
330
2
100
AcDbSymbolTableRecord
100
AcDbLinetypeTableRecord
  2
DIVIDEX2
 70
0
  3
Divide (2x) ____  . .  ____  . .  ____  . .  ____
 72
65
 73
6
 40
6.604
 49
5.08
 74
0
 49
-0.508
 74
0
 49
0.0
 74
0
 49
-0.508
 74
0
 49
0.0
 74
0
 49
-0.508
 74
0
  0
LTYPE
  5
40
330
2
100
AcDbSymbolTableRecord
100
AcDbLinetypeTableRecord
  2
DIVIDE2
 70
0
  3
Divide(.5x) _ . _ . _ . _ . _ . _ . _ . _
 72
65
 73
6
 40
2.032
 49
1.27
 74
0
 49
-0.254
 74
0
 49
0.0
 74
0
 49
-0.254
 74
0
 49
0.0
 74
0
 49
-0.254
 74
0
  0
ENDTAB
  0
TABLE
  2
LAYER
  5
1
330
0
100
AcDbSymbolTable
 70
100
  0
LAYER
  5
27
330
1
100
AcDbSymbolTableRecord
100
AcDbLayerTableRecord
  2
0
 70
0
 62
7
  6
Continuous
370
-3
390
13
347
21
  0
LAYER
  5
28
330
1
100
AcDbSymbolTableRecord
100
AcDbLayerTableRecord
  2
Defpoints
 70
0
 62
7
  6
Continuous
290
0
370
-3
390
13
347
21
  0
LAYER
  5
8A
330
1
100
AcDbSymbolTableRecord
100
AcDbLayerTableRecord
  2
A-DUVAR-MEVCUT
 70
0
 62
8
  6
Continuous
370
35
390
13
347
21
1001
AcAecLayerStandard
1000

1000
Mimari — mevcut duvar (korunuyor)
  0
LAYER
  5
8C
330
1
100
AcDbSymbolTableRecord
100
AcDbLayerTableRecord
  2
A-DUVAR-YENI
 70
0
 62
1
  6
Continuous
370
35
390
13
347
21
1001
AcAecLayerStandard
1000

1000
Mimari — yeni alçıpan bölme
  0
LAYER
  5
8D
330
1
100
AcDbSymbolTableRecord
100
AcDbLayerTableRecord
  2
A-CEPHE
 70
0
 62
5
  6
Continuous
370
25
390
13
347
21
1001
AcAecLayerStandard
1000

1000
Mimari — cephe doğraması
  0
LAYER
  5
8E
330
1
100
AcDbSymbolTableRecord
100
AcDbLayerTableRecord
  2
A-KAPI
 70
0
 62
8
  6
Continuous
370
18
390
13
347
21
1001
AcAecLayerStandard
1000

1000
Mimari — kapı ve açılım
  0
LAYER
  5
8F
330
1
100
AcDbSymbolTableRecord
100
AcDbLayerTableRecord
  2
A-EKIPMAN
 70
0
 62
9
  6
Continuous
370
18
390
13
347
21
1001
AcAecLayerStandard
1000

1000
Mimari — spor ekipmanı (işverence temin)
  0
LAYER
  5
90
330
1
100
AcDbSymbolTableRecord
100
AcDbLayerTableRecord
  2
A-MOBILYA
 70
0
 62
9
  6
Continuous
370
18
390
13
347
21
1001
AcAecLayerStandard
1000

1000
Mimari — sabit mobilya
  0
LAYER
  5
91
330
1
100
AcDbSymbolTableRecord
100
AcDbLayerTableRecord
  2
A-BOLGE
 70
0
 62
254
  6
Continuous
370
13
390
13
347
21
1001
AcAecLayerStandard
1000

1000
Mimari — zemin bölge taraması
  0
LAYER
  5
92
330
1
100
AcDbSymbolTableRecord
100
AcDbLayerTableRecord
  2
A-YAZI
 70
0
 62
7
  6
Continuous
370
13
390
13
347
21
1001
AcAecLayerStandard
1000

1000
Mimari — mahal adı ve alan
  0
LAYER
  5
93
330
1
100
AcDbSymbolTableRecord
100
AcDbLayerTableRecord
  2
A-MAHAL
 70
0
 62
250
  6
Continuous
370
18
390
13
347
21
1001
AcAecLayerStandard
1000

1000
Mimari — mahal numarası ve kapı kodu balonu
  0
LAYER
  5
94
330
1
100
AcDbSymbolTableRecord
100
AcDbLayerTableRecord
  2
A-KESIT-HAT
 70
0
 62
1
  6
DASHDOT
370
35
390
13
347
21
1001
AcAecLayerStandard
1000

1000
Mimari — kesit ve görünüş hattı
  0
LAYER
  5
95
330
1
100
AcDbSymbolTableRecord
100
AcDbLayerTableRecord
  2
A-ZEMIN-SINIR
 70
0
 62
30
  6
Continuous
370
25
390
13
347
21
1001
AcAecLayerStandard
1000

1000
Mimari — zemin kaplama tipi sınırı
  0
LAYER
  5
96
330
1
100
AcDbSymbolTableRecord
100
AcDbLayerTableRecord
  2
A-ZEMIN-YAZI
 70
0
 62
30
  6
Continuous
370
13
390
13
347
21
1001
AcAecLayerStandard
1000

1000
Mimari — zemin kaplama tipi ve kotu
  0
LAYER
  5
97
330
1
100
AcDbSymbolTableRecord
100
AcDbLayerTableRecord
  2
A-ZEMIN-DERZ
 70
0
 62
253
  6
Continuous
370
13
390
13
347
21
1001
AcAecLayerStandard
1000

1000
Mimari — kauçuk karo derz ızgarası
  0
LAYER
  5
98
330
1
100
AcDbSymbolTableRecord
100
AcDbLayerTableRecord
  2
A-TAVAN-SINIR
 70
0
 62
150
  6
Continuous
370
25
390
13
347
21
1001
AcAecLayerStandard
1000

1000
Mimari — asma tavan tipi sınırı
  0
LAYER
  5
99
330
1
100
AcDbSymbolTableRecord
100
AcDbLayerTableRecord
  2
A-TAVAN-YAZI
 70
0
 62
150
  6
Continuous
370
13
390
13
347
21
1001
AcAecLayerStandard
1000

1000
Mimari — asma tavan tipi ve kotu
  0
LAYER
  5
9A
330
1
100
AcDbSymbolTableRecord
100
AcDbLayerTableRecord
  2
A-TAVAN-KAPAK
 70
0
 62
150
  6
Continuous
370
18
390
13
347
21
1001
AcAecLayerStandard
1000

1000
Mimari — revizyon kapağı 300×300
  0
LAYER
  5
9B
330
1
100
AcDbSymbolTableRecord
100
AcDbLayerTableRecord
  2
A-KESIT-KESILEN
 70
0
 62
7
  6
Continuous
370
70
390
13
347
21
1001
AcAecLayerStandard
1000

1000
Kesit — kesilen eleman çeperi
  0
LAYER
  5
9C
330
1
100
AcDbSymbolTableRecord
100
AcDbLayerTableRecord
  2
A-KESIT-GORUNEN
 70
0
 62
7
  6
Continuous
370
35
390
13
347
21
1001
AcAecLayerStandard
1000

1000
Kesit — kesit düzlemi arkasında görünen
  0
LAYER
  5
9D
330
1
100
AcDbSymbolTableRecord
100
AcDbLayerTableRecord
  2
A-KESIT-ARKA
 70
0
 62
8
  6
Continuous
370
18
390
13
347
21
1001
AcAecLayerStandard
1000

1000
Kesit — arkada kalan / ikincil eleman
  0
LAYER
  5
9E
330
1
100
AcDbSymbolTableRecord
100
AcDbLayerTableRecord
  2
A-KESIT-TARAMA
 70
0
 62
253
  6
Continuous
370
13
390
13
347
21
1001
AcAecLayerStandard
1000

1000
Kesit — malzeme taraması
  0
LAYER
  5
9F
330
1
100
AcDbSymbolTableRecord
100
AcDbLayerTableRecord
  2
A-KESIT-YAPISAL
 70
0
 62
8
  6
Continuous
370
50
390
13
347
21
1001
AcAecLayerStandard
1000

1000
Kesit — mevcut betonarme döşeme ve duvar
  0
LAYER
  5
A0
330
1
100
AcDbSymbolTableRecord
100
AcDbLayerTableRecord
  2
A-KATMAN-CIZGI
 70
0
 62
251
  6
Continuous
370
13
390
13
347
21
1001
AcAecLayerStandard
1000

1000
Detay — katman ayrım çizgisi
  0
LAYER
  5
A1
330
1
100
AcDbSymbolTableRecord
100
AcDbLayerTableRecord
  2
A-KATMAN-YALITIM
 70
0
 62
6
  6
Continuous
370
35
390
13
347
21
1001
AcAecLayerStandard
1000

1000
Detay — su yalıtımı ve bandı
  0
LAYER
  5
A2
330
1
100
AcDbSymbolTableRecord
100
AcDbLayerTableRecord
  2
A-KOT-ISARET
 70
0
 62
250
  6
Continuous
370
25
390
13
347
21
1001
AcAecLayerStandard
1000

1000
Kot işareti ve değeri
  0
LAYER
  5
A3
330
1
100
AcDbSymbolTableRecord
100
AcDbLayerTableRecord
  2
A-GORUNUS-SINIR
 70
0
 62
7
  6
Continuous
370
50
390
13
347
21
1001
AcAecLayerStandard
1000

1000
İç görünüş — eleman dış sınırı
  0
LAYER
  5
A4
330
1
100
AcDbSymbolTableRecord
100
AcDbLayerTableRecord
  2
A-GORUNUS-IC
 70
0
 62
8
  6
Continuous
370
25
390
13
347
21
1001
AcAecLayerStandard
1000

1000
İç görünüş — iç bölüntü ve donatı
  0
LAYER
  5
A5
330
1
100
AcDbSymbolTableRecord
100
AcDbLayerTableRecord
  2
A-GORUNUS-DERZ
 70
0
 62
254
  6
Continuous
370
13
390
13
347
21
1001
AcAecLayerStandard
1000

1000
İç görünüş — seramik derz ızgarası
  0
LAYER
  5
A6
330
1
100
AcDbSymbolTableRecord
100
AcDbLayerTableRecord
  2
A-DETAY-CAGRI
 70
0
 62
1
  6
Continuous
370
25
390
13
347
21
1001
AcAecLayerStandard
1000

1000
Detay çağrı balonu ve kopuş çizgisi
  0
LAYER
  5
A7
330
1
100
AcDbSymbolTableRecord
100
AcDbLayerTableRecord
  2
A-TESISAT-KESIT
 70
0
 62
4
  6
Continuous
370
35
390
13
347
21
1001
AcAecLayerStandard
1000

1000
Kesit — tavan içi tesisat gövdesi
  0
LAYER
  5
A8
330
1
100
AcDbSymbolTableRecord
100
AcDbLayerTableRecord
  2
A-YANGIN-KACIS
 70
0
 62
3
  6
Continuous
370
50
390
13
347
21
1001
AcAecLayerStandard
1000

1000
Mimari — kaçış yolu ve çıkış
  0
LAYER
  5
A9
330
1
100
AcDbSymbolTableRecord
100
AcDbLayerTableRecord
  2
A-YANGIN-EKIP
 70
0
 62
1
  6
Continuous
370
35
390
13
347
21
1001
AcAecLayerStandard
1000

1000
Mimari — söndürücü, dolap, ihbar
  0
LAYER
  5
AA
330
1
100
AcDbSymbolTableRecord
100
AcDbLayerTableRecord
  2
M-HAVA-BESLEME
 70
0
 62
3
  6
Continuous
370
35
390
13
347
21
1001
AcAecLayerStandard
1000

1000
Mekanik — taze hava kanalı
  0
LAYER
  5
AB
330
1
100
AcDbSymbolTableRecord
100
AcDbLayerTableRecord
  2
M-HAVA-EGZOZ
 70
0
 62
1
  6
Continuous
370
35
390
13
347
21
1001
AcAecLayerStandard
1000

1000
Mekanik — egzoz kanalı
  0
LAYER
  5
AC
330
1
100
AcDbSymbolTableRecord
100
AcDbLayerTableRecord
  2
M-HAVA-ISLAK
 70
0
 62
6
  6
Continuous
370
25
390
13
347
21
1001
AcAecLayerStandard
1000

1000
Mekanik — ıslak hacim egzoz kanalı
  0
LAYER
  5
AD
330
1
100
AcDbSymbolTableRecord
100
AcDbLayerTableRecord
  2
M-HAVA-MENFEZ
 70
0
 62
3
  6
Continuous
370
25
390
13
347
21
1001
AcAecLayerStandard
1000

1000
Mekanik — menfez ve valf
  0
LAYER
  5
AE
330
1
100
AcDbSymbolTableRecord
100
AcDbLayerTableRecord
  2
M-HAVA-BRANSMAN
 70
0
 62
3
  6
DASHED
370
18
390
13
347
21
1001
AcAecLayerStandard
1000

1000
Mekanik — menfez branşmanı
  0
LAYER
  5
AF
330
1
100
AcDbSymbolTableRecord
100
AcDbLayerTableRecord
  2
M-HAVA-CIHAZ
 70
0
 62
2
  6
Continuous
370
35
390
13
347
21
1001
AcAecLayerStandard
1000

1000
Mekanik — fan ve panjur
  0
LAYER
  5
B0
330
1
100
AcDbSymbolTableRecord
100
AcDbLayerTableRecord
  2
M-KLIMA-IC
 70
0
 62
4
  6
Continuous
370
35
390
13
347
21
1001
AcAecLayerStandard
1000

1000
Mekanik — klima iç ünite
  0
LAYER
  5
B1
330
1
100
AcDbSymbolTableRecord
100
AcDbLayerTableRecord
  2
M-KLIMA-DIS
 70
0
 62
4
  6
Continuous
370
35
390
13
347
21
1001
AcAecLayerStandard
1000

1000
Mekanik — klima dış ünite platformu
  0
LAYER
  5
B2
330
1
100
AcDbSymbolTableRecord
100
AcDbLayerTableRecord
  2
M-KLIMA-BAKIR
 70
0
 62
4
  6
Continuous
370
25
390
13
347
21
1001
AcAecLayerStandard
1000

1000
Mekanik — soğutucu akışkan bakır hattı
  0
LAYER
  5
B3
330
1
100
AcDbSymbolTableRecord
100
AcDbLayerTableRecord
  2
M-KLIMA-DRENAJ
 70
0
 62
4
  6
DASHED
370
18
390
13
347
21
1001
AcAecLayerStandard
1000

1000
Mekanik — klima drenaj hattı
  0
LAYER
  5
B4
330
1
100
AcDbSymbolTableRecord
100
AcDbLayerTableRecord
  2
M-SIHHI-TEMIZ
 70
0
 62
5
  6
Continuous
370
25
390
13
347
21
1001
AcAecLayerStandard
1000

1000
Mekanik — temiz su PPRC
  0
LAYER
  5
B5
330
1
100
AcDbSymbolTableRecord
100
AcDbLayerTableRecord
  2
M-SIHHI-SICAK
 70
0
 62
30
  6
DASHED
370
25
390
13
347
21
1001
AcAecLayerStandard
1000

1000
Mekanik — sıcak su PPRC izoleli
  0
LAYER
  5
B6
330
1
100
AcDbSymbolTableRecord
100
AcDbLayerTableRecord
  2
M-SIHHI-PIS
 70
0
 62
8
  6
Continuous
370
35
390
13
347
21
1001
AcAecLayerStandard
1000

1000
Mekanik — pis su PVC
  0
LAYER
  5
B7
330
1
100
AcDbSymbolTableRecord
100
AcDbLayerTableRecord
  2
M-SIHHI-CIHAZ
 70
0
 62
8
  6
Continuous
370
25
390
13
347
21
1001
AcAecLayerStandard
1000

1000
Mekanik — vitrifiye ve su ısıtıcı
  0
LAYER
  5
B8
330
1
100
AcDbSymbolTableRecord
100
AcDbLayerTableRecord
  2
M-YAZI
 70
0
 62
7
  6
Continuous
370
13
390
13
347
21
1001
AcAecLayerStandard
1000

1000
Mekanik — etiket ve not
  0
LAYER
  5
B9
330
1
100
AcDbSymbolTableRecord
100
AcDbLayerTableRecord
  2
E-AYD-ARMATUR
 70
0
 62
2
  6
Continuous
370
25
390
13
347
21
1001
AcAecLayerStandard
1000

1000
Elektrik — lineer LED armatür
  0
LAYER
  5
BA
330
1
100
AcDbSymbolTableRecord
100
AcDbLayerTableRecord
  2
E-AYD-DOWNLIGHT
 70
0
 62
2
  6
Continuous
370
25
390
13
347
21
1001
AcAecLayerStandard
1000

1000
Elektrik — IP44 downlight
  0
LAYER
  5
BB
330
1
100
AcDbSymbolTableRecord
100
AcDbLayerTableRecord
  2
E-AYD-ACIL
 70
0
 62
3
  6
Continuous
370
25
390
13
347
21
1001
AcAecLayerStandard
1000

1000
Elektrik — acil aydınlatma / yönlendirme
  0
LAYER
  5
BC
330
1
100
AcDbSymbolTableRecord
100
AcDbLayerTableRecord
  2
E-AYD-ANAHTAR
 70
0
 62
2
  6
Continuous
370
18
390
13
347
21
1001
AcAecLayerStandard
1000

1000
Elektrik — anahtar ve sensör
  0
LAYER
  5
BD
330
1
100
AcDbSymbolTableRecord
100
AcDbLayerTableRecord
  2
E-KUVVET-PRIZ
 70
0
 62
5
  6
Continuous
370
25
390
13
347
21
1001
AcAecLayerStandard
1000

1000
Elektrik — priz
  0
LAYER
  5
BE
330
1
100
AcDbSymbolTableRecord
100
AcDbLayerTableRecord
  2
E-KUVVET-CIHAZ
 70
0
 62
5
  6
Continuous
370
25
390
13
347
21
1001
AcAecLayerStandard
1000

1000
Elektrik — klima/ısıtıcı/fan beslemesi
  0
LAYER
  5
BF
330
1
100
AcDbSymbolTableRecord
100
AcDbLayerTableRecord
  2
E-ZAYIF-KAMERA
 70
0
 62
6
  6
Continuous
370
25
390
13
347
21
1001
AcAecLayerStandard
1000

1000
Elektrik — IP kamera
  0
LAYER
  5
C0
330
1
100
AcDbSymbolTableRecord
100
AcDbLayerTableRecord
  2
E-ZAYIF-SES
 70
0
 62
6
  6
Continuous
370
25
390
13
347
21
1001
AcAecLayerStandard
1000

1000
Elektrik — tavan hoparlörü
  0
LAYER
  5
C1
330
1
100
AcDbSymbolTableRecord
100
AcDbLayerTableRecord
  2
E-ZAYIF-VERI
 70
0
 62
6
  6
Continuous
370
25
390
13
347
21
1001
AcAecLayerStandard
1000

1000
Elektrik — veri prizi ve rack
  0
LAYER
  5
C2
330
1
100
AcDbSymbolTableRecord
100
AcDbLayerTableRecord
  2
E-ZAYIF-YANGIN
 70
0
 62
1
  6
Continuous
370
25
390
13
347
21
1001
AcAecLayerStandard
1000

1000
Elektrik — dedektör, buton, siren
  0
LAYER
  5
C3
330
1
100
AcDbSymbolTableRecord
100
AcDbLayerTableRecord
  2
E-ZAYIF-LINYE
 70
0
 62
6
  6
DASHED
370
13
390
13
347
21
1001
AcAecLayerStandard
1000

1000
Elektrik — yangın algılama çevrimi
  0
LAYER
  5
C4
330
1
100
AcDbSymbolTableRecord
100
AcDbLayerTableRecord
  2
E-AYD-LINYE
 70
0
 62
2
  6
Continuous
370
25
390
13
347
21
1001
AcAecLayerStandard
1000

1000
Elektrik — aydınlatma linyesi (ortogonal)
  0
LAYER
  5
C5
330
1
100
AcDbSymbolTableRecord
100
AcDbLayerTableRecord
  2
E-AYD-SORTI
 70
0
 62
2
  6
DASHED
370
18
390
13
347
21
1001
AcAecLayerStandard
1000

1000
Elektrik — anahtar kumanda sortisi
  0
LAYER
  5
C6
330
1
100
AcDbSymbolTableRecord
100
AcDbLayerTableRecord
  2
E-KUVVET-LINYE
 70
0
 62
5
  6
Continuous
370
25
390
13
347
21
1001
AcAecLayerStandard
1000

1000
Elektrik — priz ve kuvvet linyesi
  0
LAYER
  5
C7
330
1
100
AcDbSymbolTableRecord
100
AcDbLayerTableRecord
  2
E-KUVVET-KOLON
 70
0
 62
5
  6
Continuous
370
50
390
13
347
21
1001
AcAecLayerStandard
1000

1000
Elektrik — kolon (ana besleme) hattı
  0
LAYER
  5
C8
330
1
100
AcDbSymbolTableRecord
100
AcDbLayerTableRecord
  2
E-KUVVET-BUAT
 70
0
 62
5
  6
Continuous
370
18
390
13
347
21
1001
AcAecLayerStandard
1000

1000
Elektrik — buat ve geçiş kutusu
  0
LAYER
  5
C9
330
1
100
AcDbSymbolTableRecord
100
AcDbLayerTableRecord
  2
E-ZAYIF-TAVA
 70
0
 62
6
  6
Continuous
370
18
390
13
347
21
1001
AcAecLayerStandard
1000

1000
Elektrik — zayıf akım kablo kanalı
  0
LAYER
  5
CA
330
1
100
AcDbSymbolTableRecord
100
AcDbLayerTableRecord
  2
E-TOPRAK-ELEKTROT
 70
0
 62
3
  6
Continuous
370
50
390
13
347
21
1001
AcAecLayerStandard
1000

1000
Elektrik — çubuk elektrot
  0
LAYER
  5
CB
330
1
100
AcDbSymbolTableRecord
100
AcDbLayerTableRecord
  2
E-TOPRAK-SERIT
 70
0
 62
3
  6
Continuous
370
50
390
13
347
21
1001
AcAecLayerStandard
1000

1000
Elektrik — elektrot bağlantı şeridi
  0
LAYER
  5
CC
330
1
100
AcDbSymbolTableRecord
100
AcDbLayerTableRecord
  2
E-TOPRAK-ILETKEN
 70
0
 62
3
  6
DASHDOT
370
35
390
13
347
21
1001
AcAecLayerStandard
1000

1000
Elektrik — topraklama iletkeni
  0
LAYER
  5
CD
330
1
100
AcDbSymbolTableRecord
100
AcDbLayerTableRecord
  2
E-TOPRAK-BARA
 70
0
 62
3
  6
Continuous
370
50
390
13
347
21
1001
AcAecLayerStandard
1000

1000
Elektrik — ATB / EPDB barası
  0
LAYER
  5
CE
330
1
100
AcDbSymbolTableRecord
100
AcDbLayerTableRecord
  2
E-TOPRAK-YAZI
 70
0
 62
3
  6
Continuous
370
13
390
13
347
21
1001
AcAecLayerStandard
1000

1000
Elektrik — topraklama etiketi
  0
LAYER
  5
CF
330
1
100
AcDbSymbolTableRecord
100
AcDbLayerTableRecord
  2
E-TEKHAT-TEL
 70
0
 62
7
  6
Continuous
370
35
390
13
347
21
1001
AcAecLayerStandard
1000

1000
Tek hat — iletken
  0
LAYER
  5
D0
330
1
100
AcDbSymbolTableRecord
100
AcDbLayerTableRecord
  2
E-TEKHAT-SEMBOL
 70
0
 62
7
  6
Continuous
370
35
390
13
347
21
1001
AcAecLayerStandard
1000

1000
Tek hat — IEC 60617 sembolü
  0
LAYER
  5
D1
330
1
100
AcDbSymbolTableRecord
100
AcDbLayerTableRecord
  2
E-TEKHAT-BARA
 70
0
 62
7
  6
Continuous
370
70
390
13
347
21
1001
AcAecLayerStandard
1000

1000
Tek hat — bara
  0
LAYER
  5
D2
330
1
100
AcDbSymbolTableRecord
100
AcDbLayerTableRecord
  2
E-TEKHAT-SINIR
 70
0
 62
8
  6
DASHDOT
370
35
390
13
347
21
1001
AcAecLayerStandard
1000

1000
Tek hat — pano sınırı
  0
LAYER
  5
D3
330
1
100
AcDbSymbolTableRecord
100
AcDbLayerTableRecord
  2
E-TEKHAT-GRUP
 70
0
 62
8
  6
Continuous
370
25
390
13
347
21
1001
AcAecLayerStandard
1000

1000
Tek hat — kaçak akım grubu parantezi
  0
LAYER
  5
D4
330
1
100
AcDbSymbolTableRecord
100
AcDbLayerTableRecord
  2
E-TEKHAT-TABLO
 70
0
 62
7
  6
Continuous
370
18
390
13
347
21
1001
AcAecLayerStandard
1000

1000
Tek hat — veri matrisi
  0
LAYER
  5
D5
330
1
100
AcDbSymbolTableRecord
100
AcDbLayerTableRecord
  2
E-TEKHAT-YAZI
 70
0
 62
7
  6
Continuous
370
18
390
13
347
21
1001
AcAecLayerStandard
1000

1000
Tek hat — etiket ve not
  0
LAYER
  5
D6
330
1
100
AcDbSymbolTableRecord
100
AcDbLayerTableRecord
  2
E-TEKHAT-YEDEK
 70
0
 62
8
  6
DASHED
370
25
390
13
347
21
1001
AcAecLayerStandard
1000

1000
Tek hat — yedek / boş modül
  0
LAYER
  5
D7
330
1
100
AcDbSymbolTableRecord
100
AcDbLayerTableRecord
  2
E-SEMA-TEL
 70
0
 62
7
  6
Continuous
370
25
390
13
347
21
1001
AcAecLayerStandard
1000

1000
Şema — iletken
  0
LAYER
  5
D8
330
1
100
AcDbSymbolTableRecord
100
AcDbLayerTableRecord
  2
E-SEMA-SEMBOL
 70
0
 62
7
  6
Continuous
370
35
390
13
347
21
1001
AcAecLayerStandard
1000

1000
Şema — IEC 60617 sembolü
  0
LAYER
  5
D9
330
1
100
AcDbSymbolTableRecord
100
AcDbLayerTableRecord
  2
E-SEMA-RAY
 70
0
 62
7
  6
Continuous
370
35
390
13
347
21
1001
AcAecLayerStandard
1000

1000
Şema — potansiyel rayı (L1/L2/L3/N)
  0
LAYER
  5
DA
330
1
100
AcDbSymbolTableRecord
100
AcDbLayerTableRecord
  2
E-SEMA-PE
 70
0
 62
7
  6
DASHDOT
370
35
390
13
347
21
1001
AcAecLayerStandard
1000

1000
Şema — PE rayı ve koruma iletkeni
  0
LAYER
  5
DB
330
1
100
AcDbSymbolTableRecord
100
AcDbLayerTableRecord
  2
E-SEMA-KLEMENS
 70
0
 62
7
  6
Continuous
370
25
390
13
347
21
1001
AcAecLayerStandard
1000

1000
Şema — klemens
  0
LAYER
  5
DC
330
1
100
AcDbSymbolTableRecord
100
AcDbLayerTableRecord
  2
E-SEMA-YUK
 70
0
 62
8
  6
DASHED
370
18
390
13
347
21
1001
AcAecLayerStandard
1000

1000
Şema — saha cihazı
  0
LAYER
  5
DD
330
1
100
AcDbSymbolTableRecord
100
AcDbLayerTableRecord
  2
E-SEMA-ZON
 70
0
 62
8
  6
Continuous
370
18
390
13
347
21
1001
AcAecLayerStandard
1000

1000
Şema — kenar ızgarası
  0
LAYER
  5
DE
330
1
100
AcDbSymbolTableRecord
100
AcDbLayerTableRecord
  2
E-SEMA-ANTET
 70
0
 62
7
  6
Continuous
370
50
390
13
347
21
1001
AcAecLayerStandard
1000

1000
Şema — antet ve çerçeve
  0
LAYER
  5
DF
330
1
100
AcDbSymbolTableRecord
100
AcDbLayerTableRecord
  2
E-SEMA-YAZI
 70
0
 62
7
  6
Continuous
370
18
390
13
347
21
1001
AcAecLayerStandard
1000

1000
Şema — etiket ve tel numarası
  0
LAYER
  5
E0
330
1
100
AcDbSymbolTableRecord
100
AcDbLayerTableRecord
  2
E-PANO
 70
0
 62
7
  6
Continuous
370
50
390
13
347
21
1001
AcAecLayerStandard
1000

1000
Elektrik — ana dağıtım panosu
  0
LAYER
  5
E1
330
1
100
AcDbSymbolTableRecord
100
AcDbLayerTableRecord
  2
E-YAZI
 70
0
 62
7
  6
Continuous
370
13
390
13
347
21
1001
AcAecLayerStandard
1000

1000
Elektrik — etiket ve not
  0
LAYER
  5
E2
330
1
100
AcDbSymbolTableRecord
100
AcDbLayerTableRecord
  2
G-OLCU
 70
0
 62
7
  6
Continuous
370
13
390
13
347
21
1001
AcAecLayerStandard
1000

1000
Genel — ölçülendirme
  0
LAYER
  5
E3
330
1
100
AcDbSymbolTableRecord
100
AcDbLayerTableRecord
  2
G-YAZI
 70
0
 62
7
  6
Continuous
370
18
390
13
347
21
1001
AcAecLayerStandard
1000

1000
Genel — başlık ve açıklama
  0
LAYER
  5
E4
330
1
100
AcDbSymbolTableRecord
100
AcDbLayerTableRecord
  2
G-ANTET
 70
0
 62
7
  6
Continuous
370
25
390
13
347
21
1001
AcAecLayerStandard
1000

1000
Genel — antet ve revizyon tablosu
  0
LAYER
  5
E5
330
1
100
AcDbSymbolTableRecord
100
AcDbLayerTableRecord
  2
G-CERCEVE
 70
0
 62
7
  6
Continuous
370
70
390
13
347
21
1001
AcAecLayerStandard
1000

1000
Genel — pafta çizim çerçevesi (ISO 5457)
  0
LAYER
  5
E6
330
1
100
AcDbSymbolTableRecord
100
AcDbLayerTableRecord
  2
G-PAFTA-ZON
 70
0
 62
8
  6
Continuous
370
13
390
13
347
21
1001
AcAecLayerStandard
1000

1000
Genel — kenar ızgarası / bölge referansı
  0
LAYER
  5
E7
330
1
100
AcDbSymbolTableRecord
100
AcDbLayerTableRecord
  2
G-VIEWPORT
 70
0
 62
251
  6
Continuous
290
0
370
13
390
13
347
21
1001
AcAecLayerStandard
1000

1000
Genel — görüntü penceresi (basılmaz)
  0
LAYER
  5
E8
330
1
100
AcDbSymbolTableRecord
100
AcDbLayerTableRecord
  2
G-AKS-HAT
 70
0
 62
8
  6
DASHDOT
370
18
390
13
347
21
1001
AcAecLayerStandard
1000

1000
Genel — aks çizgisi
  0
LAYER
  5
E9
330
1
100
AcDbSymbolTableRecord
100
AcDbLayerTableRecord
  2
G-AKS-BALON
 70
0
 62
8
  6
Continuous
370
25
390
13
347
21
1001
AcAecLayerStandard
1000

1000
Genel — aks balonu
  0
LAYER
  5
EA
330
1
100
AcDbSymbolTableRecord
100
AcDbLayerTableRecord
  2
G-OLCU-ZINCIR
 70
0
 62
7
  6
Continuous
370
13
390
13
347
21
1001
AcAecLayerStandard
1000

1000
Genel — zincir ölçü
  0
LAYER
  5
EB
330
1
100
AcDbSymbolTableRecord
100
AcDbLayerTableRecord
  2
G-KESIT-ISARET
 70
0
 62
1
  6
Continuous
370
50
390
13
347
21
1001
AcAecLayerStandard
1000

1000
Genel — kesit ve detay işareti
  0
LAYER
  5
EC
330
1
100
AcDbSymbolTableRecord
100
AcDbLayerTableRecord
  2
G-KUZEY
 70
0
 62
7
  6
Continuous
370
25
390
13
347
21
1001
AcAecLayerStandard
1000

1000
Genel — kuzey oku ve ölçek
  0
ENDTAB
  0
TABLE
  2
STYLE
  5
5
330
0
100
AcDbSymbolTable
 70
28
  0
STYLE
  5
29
330
5
100
AcDbSymbolTableRecord
100
AcDbTextStyleTableRecord
  2
Standard
 70
0
 40
0.0
 41
1.0
 50
0.0
 71
0
 42
2.5
  3
txt
  4

  0
STYLE
  5
41
330
5
100
AcDbSymbolTableRecord
100
AcDbTextStyleTableRecord
  2
OpenSans-Light
 70
0
 40
0.0
 41
1.0
 50
0.0
 71
0
 42
2.5
  3
OpenSans-Light.ttf
  4

  0
STYLE
  5
42
330
5
100
AcDbSymbolTableRecord
100
AcDbTextStyleTableRecord
  2
OpenSans-Light-Italic
 70
0
 40
0.0
 41
1.0
 50
0.0
 71
0
 42
2.5
  3
OpenSans-LightItalic.ttf
  4

  0
STYLE
  5
43
330
5
100
AcDbSymbolTableRecord
100
AcDbTextStyleTableRecord
  2
OpenSans
 70
0
 40
0.0
 41
1.0
 50
0.0
 71
0
 42
2.5
  3
OpenSans-Regular.ttf
  4

  0
STYLE
  5
44
330
5
100
AcDbSymbolTableRecord
100
AcDbTextStyleTableRecord
  2
OpenSans-Italic
 70
0
 40
0.0
 41
1.0
 50
0.0
 71
0
 42
2.5
  3
OpenSans-Italic.ttf
  4

  0
STYLE
  5
45
330
5
100
AcDbSymbolTableRecord
100
AcDbTextStyleTableRecord
  2
OpenSans-SemiBold
 70
0
 40
0.0
 41
1.0
 50
0.0
 71
0
 42
2.5
  3
OpenSans-SemiBold.ttf
  4

  0
STYLE
  5
46
330
5
100
AcDbSymbolTableRecord
100
AcDbTextStyleTableRecord
  2
OpenSans-SemiBoldItalic
 70
0
 40
0.0
 41
1.0
 50
0.0
 71
0
 42
2.5
  3
OpenSans-SemiBoldItalic.ttf
  4

  0
STYLE
  5
47
330
5
100
AcDbSymbolTableRecord
100
AcDbTextStyleTableRecord
  2
OpenSans-Bold
 70
0
 40
0.0
 41
1.0
 50
0.0
 71
0
 42
2.5
  3
OpenSans-Bold.ttf
  4

  0
STYLE
  5
48
330
5
100
AcDbSymbolTableRecord
100
AcDbTextStyleTableRecord
  2
OpenSans-BoldItalic
 70
0
 40
0.0
 41
1.0
 50
0.0
 71
0
 42
2.5
  3
OpenSans-BoldItalic.ttf
  4

  0
STYLE
  5
49
330
5
100
AcDbSymbolTableRecord
100
AcDbTextStyleTableRecord
  2
OpenSans-ExtraBold
 70
0
 40
0.0
 41
1.0
 50
0.0
 71
0
 42
2.5
  3
OpenSans-ExtraBold.ttf
  4

  0
STYLE
  5
4A
330
5
100
AcDbSymbolTableRecord
100
AcDbTextStyleTableRecord
  2
OpenSans-ExtraBoldItalic
 70
0
 40
0.0
 41
1.0
 50
0.0
 71
0
 42
2.5
  3
OpenSans-ExtraBoldItalic.ttf
  4

  0
STYLE
  5
4B
330
5
100
AcDbSymbolTableRecord
100
AcDbTextStyleTableRecord
  2
OpenSansCondensed-Bold
 70
0
 40
0.0
 41
1.0
 50
0.0
 71
0
 42
2.5
  3
OpenSansCondensed-Bold.ttf
  4

  0
STYLE
  5
4C
330
5
100
AcDbSymbolTableRecord
100
AcDbTextStyleTableRecord
  2
OpenSansCondensed-Light
 70
0
 40
0.0
 41
1.0
 50
0.0
 71
0
 42
2.5
  3
OpenSansCondensed-Light.ttf
  4

  0
STYLE
  5
4D
330
5
100
AcDbSymbolTableRecord
100
AcDbTextStyleTableRecord
  2
OpenSansCondensed-Italic
 70
0
 40
0.0
 41
1.0
 50
0.0
 71
0
 42
2.5
  3
OpenSansCondensed-LightItalic.ttf
  4

  0
STYLE
  5
4E
330
5
100
AcDbSymbolTableRecord
100
AcDbTextStyleTableRecord
  2
LiberationSans
 70
0
 40
0.0
 41
1.0
 50
0.0
 71
0
 42
2.5
  3
LiberationSans-Regular.ttf
  4

  0
STYLE
  5
4F
330
5
100
AcDbSymbolTableRecord
100
AcDbTextStyleTableRecord
  2
LiberationSans-Bold
 70
0
 40
0.0
 41
1.0
 50
0.0
 71
0
 42
2.5
  3
LiberationSans-Bold.ttf
  4

  0
STYLE
  5
50
330
5
100
AcDbSymbolTableRecord
100
AcDbTextStyleTableRecord
  2
LiberationSans-BoldItalic
 70
0
 40
0.0
 41
1.0
 50
0.0
 71
0
 42
2.5
  3
LiberationSans-BoldItalic.ttf
  4

  0
STYLE
  5
51
330
5
100
AcDbSymbolTableRecord
100
AcDbTextStyleTableRecord
  2
LiberationSans-Italic
 70
0
 40
0.0
 41
1.0
 50
0.0
 71
0
 42
2.5
  3
LiberationSans-Italic.ttf
  4

  0
STYLE
  5
52
330
5
100
AcDbSymbolTableRecord
100
AcDbTextStyleTableRecord
  2
LiberationSerif
 70
0
 40
0.0
 41
1.0
 50
0.0
 71
0
 42
2.5
  3
LiberationSerif-Regular.ttf
  4

  0
STYLE
  5
53
330
5
100
AcDbSymbolTableRecord
100
AcDbTextStyleTableRecord
  2
LiberationSerif-Bold
 70
0
 40
0.0
 41
1.0
 50
0.0
 71
0
 42
2.5
  3
LiberationSerif-Bold.ttf
  4

  0
STYLE
  5
54
330
5
100
AcDbSymbolTableRecord
100
AcDbTextStyleTableRecord
  2
LiberationSerif-BoldItalic
 70
0
 40
0.0
 41
1.0
 50
0.0
 71
0
 42
2.5
  3
LiberationSerif-BoldItalic.ttf
  4

  0
STYLE
  5
55
330
5
100
AcDbSymbolTableRecord
100
AcDbTextStyleTableRecord
  2
LiberationSerif-Italic
 70
0
 40
0.0
 41
1.0
 50
0.0
 71
0
 42
2.5
  3
LiberationSerif-Italic.ttf
  4

  0
STYLE
  5
56
330
5
100
AcDbSymbolTableRecord
100
AcDbTextStyleTableRecord
  2
LiberationMono
 70
0
 40
0.0
 41
1.0
 50
0.0
 71
0
 42
2.5
  3
LiberationMono-Regular.ttf
  4

  0
STYLE
  5
57
330
5
100
AcDbSymbolTableRecord
100
AcDbTextStyleTableRecord
  2
LiberationMono-Bold
 70
0
 40
0.0
 41
1.0
 50
0.0
 71
0
 42
2.5
  3
LiberationMono-Bold.ttf
  4

  0
STYLE
  5
58
330
5
100
AcDbSymbolTableRecord
100
AcDbTextStyleTableRecord
  2
LiberationMono-BoldItalic
 70
0
 40
0.0
 41
1.0
 50
0.0
 71
0
 42
2.5
  3
LiberationMono-BoldItalic.ttf
  4

  0
STYLE
  5
59
330
5
100
AcDbSymbolTableRecord
100
AcDbTextStyleTableRecord
  2
LiberationMono-Italic
 70
0
 40
0.0
 41
1.0
 50
0.0
 71
0
 42
2.5
  3
LiberationMono-Italic.ttf
  4

  0
STYLE
  5
ED
330
5
100
AcDbSymbolTableRecord
100
AcDbTextStyleTableRecord
  2
GYM
 70
0
 40
0.0
 41
1.0
 50
0.0
 71
0
 42
2.5
  3
arial.ttf
  4

  0
STYLE
  5
EE
330
5
100
AcDbSymbolTableRecord
100
AcDbTextStyleTableRecord
  2
GYM-B
 70
0
 40
0.0
 41
1.0
 50
0.0
 71
0
 42
2.5
  3
arialbd.ttf
  4

  0
ENDTAB
  0
TABLE
  2
VIEW
  5
7
330
0
100
AcDbSymbolTable
 70
0
  0
ENDTAB
  0
TABLE
  2
UCS
  5
6
330
0
100
AcDbSymbolTable
 70
0
  0
ENDTAB
  0
TABLE
  2
APPID
  5
3
330
0
100
AcDbSymbolTable
 70
4
  0
APPID
  5
2A
330
3
100
AcDbSymbolTableRecord
100
AcDbRegAppTableRecord
  2
ACAD
 70
0
  0
APPID
  5
8B
330
3
100
AcDbSymbolTableRecord
100
AcDbRegAppTableRecord
  2
AcAecLayerStandard
 70
0
  0
APPID
  5
145D
330
3
100
AcDbSymbolTableRecord
100
AcDbRegAppTableRecord
  2
HATCHBACKGROUNDCOLOR
 70
0
  0
APPID
  5
145E
330
3
100
AcDbSymbolTableRecord
100
AcDbRegAppTableRecord
  2
EZDXF
 70
0
  0
ENDTAB
  0
TABLE
  2
DIMSTYLE
  5
4
330
0
100
AcDbSymbolTable
 70
19
100
AcDbDimStyleTable
  0
DIMSTYLE
105
2B
330
4
100
AcDbSymbolTableRecord
100
AcDbDimStyleTableRecord
  2
Standard
 70
0
 40
1.0
 41
2.5
 42
0.625
 43
3.75
 44
1.25
 45
0.0
 46
0.0
 47
0.0
 48
0.0
 49
2.5
140
2.5
141
2.5
142
0.0
143
0.03937007874
144
1.0
145
0.0
146
1.0
147
0.625
148
0.0
 69
0
 70
0
 71
0
 72
0
 73
0
 74
0
 75
0
 76
0
 77
1
 78
8
 79
3
170
0
171
3
172
1
173
0
174
0
175
0
176
0
177
0
178
0
179
2
271
2
272
2
273
2
274
3
275
0
276
0
277
2
278
44
279
0
280
0
281
0
282
0
283
0
284
8
285
0
286
0
288
0
289
3
290
0
371
-2
372
-2
  0
DIMSTYLE
105
73
330
4
100
AcDbSymbolTableRecord
100
AcDbDimStyleTableRecord
  2
EZDXF
 70
0
 40
1.0
 41
0.175
 42
0.125
 43
3.75
 44
0.375
 45
0.0
 46
0.0
 47
0.0
 48
0.0
 49
2.5
140
0.25
141
2.5
142
0.0
143
0.03937007874
144
100.0
145
0.0
146
0.5
147
0.1
148
0.0
 69
0
 70
0
 71
0
 72
0
 73
0
 74
0
 75
0
 76
0
 77
1
 78
12
 79
3
170
0
171
3
172
1
173
0
174
0
175
0
176
0
177
0
178
0
179
2
271
2
272
2
273
2
274
3
275
0
276
0
277
2
278
46
279
2
280
0
281
0
282
0
283
0
284
8
285
0
286
0
288
1
289
3
290
0
340
4C
342
74
371
-2
372
-2
  0
DIMSTYLE
105
7C
330
4
100
AcDbSymbolTableRecord
100
AcDbDimStyleTableRecord
  2
EZ_M_100_H25_CM
 70
0
 40
1.0
 41
0.25
 42
0.125
 43
3.75
 44
0.375
 45
0.0
 46
0.0
 47
0.0
 48
0.0
 49
2.5
140
0.25
141
2.5
142
0.125
143
0.03937007874
144
100.0
145
0.0
146
0.5
147
0.1
148
0.0
 69
0
 70
0
 71
0
 72
0
 73
0
 74
0
 75
0
 76
0
 77
1
 78
12
 79
3
170
0
171
3
172
1
173
0
174
0
175
0
176
0
177
0
178
0
179
2
271
2
272
2
273
2
274
3
275
0
276
0
277
2
278
46
279
2
280
0
281
0
282
0
283
0
284
8
285
0
286
0
288
1
289
3
290
0
340
4C
371
-2
372
-2
  0
DIMSTYLE
105
7D
330
4
100
AcDbSymbolTableRecord
100
AcDbDimStyleTableRecord
  2
EZ_M_50_H25_CM
 70
0
 40
1.0
 41
0.125
 42
0.0625
 43
3.75
 44
0.1875
 45
0.0
 46
0.0
 47
0.0
 48
0.0
 49
2.5
140
0.125
141
2.5
142
0.0625
143
0.03937007874
144
100.0
145
0.0
146
0.5
147
0.05
148
0.0
 69
0
 70
0
 71
0
 72
0
 73
0
 74
0
 75
0
 76
0
 77
1
 78
12
 79
3
170
0
171
3
172
1
173
0
174
0
175
0
176
0
177
0
178
0
179
2
271
2
272
2
273
2
274
3
275
0
276
0
277
2
278
46
279
2
280
0
281
0
282
0
283
0
284
8
285
0
286
0
288
1
289
3
290
0
340
4C
371
-2
372
-2
  0
DIMSTYLE
105
7E
330
4
100
AcDbSymbolTableRecord
100
AcDbDimStyleTableRecord
  2
EZ_M_25_H25_CM
 70
0
 40
1.0
 41
0.0625
 42
0.03125
 43
3.75
 44
0.09375
 45
0.0
 46
0.0
 47
0.0
 48
0.0
 49
2.5
140
0.0625
141
2.5
142
0.03125
143
0.03937007874
144
100.0
145
0.0
146
0.5
147
0.025
148
0.0
 69
0
 70
0
 71
0
 72
0
 73
0
 74
0
 75
0
 76
0
 77
1
 78
12
 79
3
170
0
171
3
172
1
173
0
174
0
175
0
176
0
177
0
178
0
179
2
271
2
272
2
273
2
274
3
275
0
276
0
277
2
278
46
279
2
280
0
281
0
282
0
283
0
284
8
285
0
286
0
288
1
289
3
290
0
340
4C
371
-2
372
-2
  0
DIMSTYLE
105
7F
330
4
100
AcDbSymbolTableRecord
100
AcDbDimStyleTableRecord
  2
EZ_M_20_H25_CM
 70
0
 40
1.0
 41
0.05
 42
0.025
 43
3.75
 44
0.07500000000000001
 45
0.0
 46
0.0
 47
0.0
 48
0.0
 49
2.5
140
0.05
141
2.5
142
0.025
143
0.03937007874
144
100.0
145
0.0
146
0.5
147
0.020000000000000004
148
0.0
 69
0
 70
0
 71
0
 72
0
 73
0
 74
0
 75
0
 76
0
 77
1
 78
12
 79
3
170
0
171
3
172
1
173
0
174
0
175
0
176
0
177
0
178
0
179
2
271
2
272
2
273
2
274
3
275
0
276
0
277
2
278
46
279
2
280
0
281
0
282
0
283
0
284
8
285
0
286
0
288
1
289
3
290
0
340
4C
371
-2
372
-2
  0
DIMSTYLE
105
80
330
4
100
AcDbSymbolTableRecord
100
AcDbDimStyleTableRecord
  2
EZ_M_10_H25_CM
 70
0
 40
1.0
 41
0.025
 42
0.0125
 43
3.75
 44
0.037500000000000006
 45
0.0
 46
0.0
 47
0.0
 48
0.0
 49
2.5
140
0.025
141
2.5
142
0.0125
143
0.03937007874
144
100.0
145
0.0
146
0.5
147
0.010000000000000002
148
0.0
 69
0
 70
0
 71
0
 72
0
 73
0
 74
0
 75
0
 76
0
 77
1
 78
12
 79
3
170
0
171
3
172
1
173
0
174
0
175
0
176
0
177
0
178
0
179
2
271
2
272
2
273
2
274
3
275
0
276
0
277
2
278
46
279
2
280
0
281
0
282
0
283
0
284
8
285
0
286
0
288
1
289
3
290
0
340
4C
371
-2
372
-2
  0
DIMSTYLE
105
81
330
4
100
AcDbSymbolTableRecord
100
AcDbDimStyleTableRecord
  2
EZ_M_5_H25_CM
 70
0
 40
1.0
 41
0.0125
 42
0.00625
 43
3.75
 44
0.018750000000000003
 45
0.0
 46
0.0
 47
0.0
 48
0.0
 49
2.5
140
0.0125
141
2.5
142
0.00625
143
0.03937007874
144
100.0
145
0.0
146
0.5
147
0.005000000000000001
148
0.0
 69
0
 70
0
 71
0
 72
0
 73
0
 74
0
 75
0
 76
0
 77
1
 78
12
 79
3
170
0
171
3
172
1
173
0
174
0
175
0
176
0
177
0
178
0
179
2
271
2
272
2
273
2
274
3
275
0
276
0
277
2
278
46
279
2
280
0
281
0
282
0
283
0
284
8
285
0
286
0
288
1
289
3
290
0
340
4C
371
-2
372
-2
  0
DIMSTYLE
105
82
330
4
100
AcDbSymbolTableRecord
100
AcDbDimStyleTableRecord
  2
EZ_M_1_H25_CM
 70
0
 40
1.0
 41
0.0025
 42
0.00125
 43
3.75
 44
0.00375
 45
0.0
 46
0.0
 47
0.0
 48
0.0
 49
2.5
140
0.0025
141
2.5
142
0.00125
143
0.03937007874
144
100.0
145
0.0
146
0.5
147
0.001
148
0.0
 69
0
 70
0
 71
0
 72
0
 73
0
 74
0
 75
0
 76
0
 77
1
 78
12
 79
3
170
0
171
3
172
1
173
0
174
0
175
0
176
0
177
0
178
0
179
2
271
2
272
2
273
2
274
3
275
0
276
0
277
2
278
46
279
2
280
0
281
0
282
0
283
0
284
8
285
0
286
0
288
1
289
3
290
0
340
4C
371
-2
372
-2
  0
DIMSTYLE
105
83
330
4
100
AcDbSymbolTableRecord
100
AcDbDimStyleTableRecord
  2
EZ_RADIUS
 70
0
 40
1.0
 41
0.25
 42
0.125
 43
3.75
 44
0.375
 45
0.0
 46
0.0
 47
0.0
 48
0.0
 49
2.5
140
0.25
141
0.0
142
0.0
143
0.03937007874
144
100.0
145
0.0
146
0.5
147
0.1
148
0.0
 69
0
 70
0
 71
0
 72
0
 73
0
 74
0
 75
0
 76
0
 77
1
 78
12
 79
3
170
0
171
3
172
0
173
0
174
0
175
0
176
0
177
0
178
0
179
2
271
2
272
2
273
2
274
3
275
0
276
0
277
2
278
46
279
1
280
0
281
0
282
0
283
0
284
8
285
0
286
0
288
1
289
3
290
0
340
4C
342
84
371
-2
372
-2
  0
DIMSTYLE
105
88
330
4
100
AcDbSymbolTableRecord
100
AcDbDimStyleTableRecord
  2
EZ_RADIUS_INSIDE
 70
0
 40
1.0
 41
0.25
 42
0.125
 43
3.75
 44
0.375
 45
0.0
 46
0.0
 47
0.0
 48
0.0
 49
2.5
140
0.25
141
0.0
142
0.0
143
0.03937007874
144
100.0
145
0.0
146
0.5
147
0.1
148
0.0
 69
0
 70
0
 71
0
 72
0
 73
0
 74
0
 75
0
 76
0
 77
0
 78
12
 79
3
170
0
171
3
172
0
173
0
174
1
175
0
176
0
177
0
178
0
179
2
271
2
272
2
273
2
274
3
275
0
276
0
277
2
278
46
279
0
280
0
281
0
282
0
283
0
284
8
285
0
286
0
288
1
289
0
290
0
340
4C
342
84
371
-2
372
-2
  0
DIMSTYLE
105
89
330
4
100
AcDbSymbolTableRecord
100
AcDbDimStyleTableRecord
  2
EZ_CURVED
 70
0
 40
1.0
 41
0.25
 42
0.125
 43
3.75
 44
0.375
 45
0.0
 46
0.0
 47
0.0
 48
0.0
 49
2.5
140
0.25
141
2.5
142
0.0
143
0.03937007874
144
100.0
145
0.0
146
0.5
147
0.1
148
0.0
 69
0
 70
0
 71
0
 72
0
 73
0
 74
0
 75
0
 76
0
 77
1
 78
12
 79
2
 90
2
170
0
171
3
172
1
173
0
174
0
175
0
176
0
177
0
178
0
179
2
271
2
272
2
273
2
274
3
275
0
276
0
277
2
278
46
279
2
280
0
281
0
282
0
283
0
284
8
285
0
286
0
288
1
289
3
290
0
340
4C
371
-2
372
-2
  0
DIMSTYLE
105
EF
330
4
100
AcDbSymbolTableRecord
100
AcDbDimStyleTableRecord
  2
GYM-5
 70
0
 40
5.0
 41
2.5
 42
1.5
 43
7.0
 44
1.25
 45
0.0
 46
0.0
 47
0.0
 48
0.0
 49
2.5
140
2.5
141
2.5
142
0.0
143
0.03937007874
144
1.0
145
0.0
146
1.0
147
0.9
148
0.0
 69
0
 70
0
 71
0
 72
0
 73
0
 74
0
 75
0
 76
0
 77
1
 78
8
 79
3
170
0
171
3
172
1
173
0
174
0
175
0
176
7
177
7
178
7
179
2
271
0
272
2
273
2
274
3
275
0
276
0
277
2
278
44
279
0
280
0
281
0
282
0
283
0
284
8
285
0
286
0
288
0
289
3
290
0
340
ED
342
74
371
18
372
13
  0
DIMSTYLE
105
F0
330
4
100
AcDbSymbolTableRecord
100
AcDbDimStyleTableRecord
  2
GYM-10
 70
0
 40
10.0
 41
2.5
 42
1.5
 43
7.0
 44
1.25
 45
0.0
 46
0.0
 47
0.0
 48
0.0
 49
2.5
140
2.5
141
2.5
142
0.0
143
0.03937007874
144
1.0
145
0.0
146
1.0
147
0.9
148
0.0
 69
0
 70
0
 71
0
 72
0
 73
0
 74
0
 75
0
 76
0
 77
1
 78
8
 79
3
170
0
171
3
172
1
173
0
174
0
175
0
176
7
177
7
178
7
179
2
271
0
272
2
273
2
274
3
275
0
276
0
277
2
278
44
279
0
280
0
281
0
282
0
283
0
284
8
285
0
286
0
288
0
289
3
290
0
340
ED
342
74
371
18
372
13
  0
DIMSTYLE
105
F1
330
4
100
AcDbSymbolTableRecord
100
AcDbDimStyleTableRecord
  2
GYM-20
 70
0
 40
20.0
 41
2.5
 42
1.5
 43
7.0
 44
1.25
 45
0.0
 46
0.0
 47
0.0
 48
0.0
 49
2.5
140
2.5
141
2.5
142
0.0
143
0.03937007874
144
1.0
145
0.0
146
1.0
147
0.9
148
0.0
 69
0
 70
0
 71
0
 72
0
 73
0
 74
0
 75
0
 76
0
 77
1
 78
8
 79
3
170
0
171
3
172
1
173
0
174
0
175
0
176
7
177
7
178
7
179
2
271
0
272
2
273
2
274
3
275
0
276
0
277
2
278
44
279
0
280
0
281
0
282
0
283
0
284
8
285
0
286
0
288
0
289
3
290
0
340
ED
342
74
371
18
372
13
  0
DIMSTYLE
105
F2
330
4
100
AcDbSymbolTableRecord
100
AcDbDimStyleTableRecord
  2
GYM-25
 70
0
 40
25.0
 41
2.5
 42
1.5
 43
7.0
 44
1.25
 45
0.0
 46
0.0
 47
0.0
 48
0.0
 49
2.5
140
2.5
141
2.5
142
0.0
143
0.03937007874
144
1.0
145
0.0
146
1.0
147
0.9
148
0.0
 69
0
 70
0
 71
0
 72
0
 73
0
 74
0
 75
0
 76
0
 77
1
 78
8
 79
3
170
0
171
3
172
1
173
0
174
0
175
0
176
7
177
7
178
7
179
2
271
0
272
2
273
2
274
3
275
0
276
0
277
2
278
44
279
0
280
0
281
0
282
0
283
0
284
8
285
0
286
0
288
0
289
3
290
0
340
ED
342
74
371
18
372
13
  0
DIMSTYLE
105
F3
330
4
100
AcDbSymbolTableRecord
100
AcDbDimStyleTableRecord
  2
GYM-50
 70
0
 40
50.0
 41
2.5
 42
1.5
 43
7.0
 44
1.25
 45
0.0
 46
0.0
 47
0.0
 48
0.0
 49
2.5
140
2.5
141
2.5
142
0.0
143
0.03937007874
144
1.0
145
0.0
146
1.0
147
0.9
148
0.0
 69
0
 70
0
 71
0
 72
0
 73
0
 74
0
 75
0
 76
0
 77
1
 78
8
 79
3
170
0
171
3
172
1
173
0
174
0
175
0
176
7
177
7
178
7
179
2
271
0
272
2
273
2
274
3
275
0
276
0
277
2
278
44
279
0
280
0
281
0
282
0
283
0
284
8
285
0
286
0
288
0
289
3
290
0
340
ED
342
74
371
18
372
13
  0
DIMSTYLE
105
F4
330
4
100
AcDbSymbolTableRecord
100
AcDbDimStyleTableRecord
  2
GYM-75
 70
0
 40
75.0
 41
2.5
 42
1.5
 43
7.0
 44
1.25
 45
0.0
 46
0.0
 47
0.0
 48
0.0
 49
2.5
140
2.5
141
2.5
142
0.0
143
0.03937007874
144
1.0
145
0.0
146
1.0
147
0.9
148
0.0
 69
0
 70
0
 71
0
 72
0
 73
0
 74
0
 75
0
 76
0
 77
1
 78
8
 79
3
170
0
171
3
172
1
173
0
174
0
175
0
176
7
177
7
178
7
179
2
271
0
272
2
273
2
274
3
275
0
276
0
277
2
278
44
279
0
280
0
281
0
282
0
283
0
284
8
285
0
286
0
288
0
289
3
290
0
340
ED
342
74
371
18
372
13
  0
DIMSTYLE
105
F5
330
4
100
AcDbSymbolTableRecord
100
AcDbDimStyleTableRecord
  2
GYM-100
 70
0
 40
100.0
 41
2.5
 42
1.5
 43
7.0
 44
1.25
 45
0.0
 46
0.0
 47
0.0
 48
0.0
 49
2.5
140
2.5
141
2.5
142
0.0
143
0.03937007874
144
1.0
145
0.0
146
1.0
147
0.9
148
0.0
 69
0
 70
0
 71
0
 72
0
 73
0
 74
0
 75
0
 76
0
 77
1
 78
8
 79
3
170
0
171
3
172
1
173
0
174
0
175
0
176
7
177
7
178
7
179
2
271
0
272
2
273
2
274
3
275
0
276
0
277
2
278
44
279
0
280
0
281
0
282
0
283
0
284
8
285
0
286
0
288
0
289
3
290
0
340
ED
342
74
371
18
372
13
  0
ENDTAB
  0
TABLE
  2
BLOCK_RECORD
  5
9
330
0
100
AcDbSymbolTable
 70
44
  0
BLOCK_RECORD
  5
17
330
9
100
AcDbSymbolTableRecord
100
AcDbBlockTableRecord
  2
*Model_Space
340
1A
 70
0
280
1
281
0
  0
BLOCK_RECORD
  5
74
330
9
100
AcDbSymbolTableRecord
100
AcDbBlockTableRecord
  2
_ARCHTICK
340
0
 70
0
280
1
281
0
  0
BLOCK_RECORD
  5
78
330
9
100
AcDbSymbolTableRecord
100
AcDbBlockTableRecord
  2
_CLOSEDFILLED
340
0
 70
0
280
1
281
0
  0
BLOCK_RECORD
  5
84
330
9
100
AcDbSymbolTableRecord
100
AcDbBlockTableRecord
  2
_CLOSEDBLANK
340
0
 70
0
280
1
281
0
  0
BLOCK_RECORD
  5
F6
330
9
100
AcDbSymbolTableRecord
100
AcDbBlockTableRecord
  2
M_MENFEZ_BESLEME
340
0
 70
0
280
1
281
0
  0
BLOCK_RECORD
  5
FF
330
9
100
AcDbSymbolTableRecord
100
AcDbBlockTableRecord
  2
M_MENFEZ_EGZOZ
340
0
 70
0
280
1
281
0
  0
BLOCK_RECORD
  5
107
330
9
100
AcDbSymbolTableRecord
100
AcDbBlockTableRecord
  2
M_VALF
340
0
 70
0
280
1
281
0
  0
BLOCK_RECORD
  5
10F
330
9
100
AcDbSymbolTableRecord
100
AcDbBlockTableRecord
  2
M_FAN
340
0
 70
0
280
1
281
0
  0
BLOCK_RECORD
  5
11A
330
9
100
AcDbSymbolTableRecord
100
AcDbBlockTableRecord
  2
M_PANJUR
340
0
 70
0
280
1
281
0
  0
BLOCK_RECORD
  5
124
330
9
100
AcDbSymbolTableRecord
100
AcDbBlockTableRecord
  2
M_KLIMA_IC
340
0
 70
0
280
1
281
0
  0
BLOCK_RECORD
  5
12B
330
9
100
AcDbSymbolTableRecord
100
AcDbBlockTableRecord
  2
M_KLIMA_DIS
340
0
 70
0
280
1
281
0
  0
BLOCK_RECORD
  5
132
330
9
100
AcDbSymbolTableRecord
100
AcDbBlockTableRecord
  2
M_ISITICI
340
0
 70
0
280
1
281
0
  0
BLOCK_RECORD
  5
13B
330
9
100
AcDbSymbolTableRecord
100
AcDbBlockTableRecord
  2
M_KLOZET
340
0
 70
0
280
1
281
0
  0
BLOCK_RECORD
  5
141
330
9
100
AcDbSymbolTableRecord
100
AcDbBlockTableRecord
  2
M_LAVABO
340
0
 70
0
280
1
281
0
  0
BLOCK_RECORD
  5
147
330
9
100
AcDbSymbolTableRecord
100
AcDbBlockTableRecord
  2
M_DUS
340
0
 70
0
280
1
281
0
  0
BLOCK_RECORD
  5
14E
330
9
100
AcDbSymbolTableRecord
100
AcDbBlockTableRecord
  2
M_SUZGEC
340
0
 70
0
280
1
281
0
  0
BLOCK_RECORD
  5
153
330
9
100
AcDbSymbolTableRecord
100
AcDbBlockTableRecord
  2
M_SAYAC
340
0
 70
0
280
1
281
0
  0
BLOCK_RECORD
  5
159
330
9
100
AcDbSymbolTableRecord
100
AcDbBlockTableRecord
  2
E_ARMATUR_LINEER
340
0
 70
0
280
1
281
0
  0
BLOCK_RECORD
  5
15F
330
9
100
AcDbSymbolTableRecord
100
AcDbBlockTableRecord
  2
E_DOWNLIGHT
340
0
 70
0
280
1
281
0
  0
BLOCK_RECORD
  5
166
330
9
100
AcDbSymbolTableRecord
100
AcDbBlockTableRecord
  2
E_ACIL
340
0
 70
0
280
1
281
0
  0
BLOCK_RECORD
  5
16C
330
9
100
AcDbSymbolTableRecord
100
AcDbBlockTableRecord
  2
E_YONLENDIRME
340
0
 70
0
280
1
281
0
  0
BLOCK_RECORD
  5
173
330
9
100
AcDbSymbolTableRecord
100
AcDbBlockTableRecord
  2
E_PRIZ
340
0
 70
0
280
1
281
0
  0
BLOCK_RECORD
  5
17C
330
9
100
AcDbSymbolTableRecord
100
AcDbBlockTableRecord
  2
E_PRIZ_IP44
340
0
 70
0
280
1
281
0
  0
BLOCK_RECORD
  5
185
330
9
100
AcDbSymbolTableRecord
100
AcDbBlockTableRecord
  2
E_ANAHTAR
340
0
 70
0
280
1
281
0
  0
BLOCK_RECORD
  5
18B
330
9
100
AcDbSymbolTableRecord
100
AcDbBlockTableRecord
  2
E_SENSOR
340
0
 70
0
280
1
281
0
  0
BLOCK_RECORD
  5
191
330
9
100
AcDbSymbolTableRecord
100
AcDbBlockTableRecord
  2
E_KAMERA
340
0
 70
0
280
1
281
0
  0
BLOCK_RECORD
  5
196
330
9
100
AcDbSymbolTableRecord
100
AcDbBlockTableRecord
  2
E_HOPARLOR
340
0
 70
0
280
1
281
0
  0
BLOCK_RECORD
  5
19D
330
9
100
AcDbSymbolTableRecord
100
AcDbBlockTableRecord
  2
E_VERI
340
0
 70
0
280
1
281
0
  0
BLOCK_RECORD
  5
1A3
330
9
100
AcDbSymbolTableRecord
100
AcDbBlockTableRecord
  2
E_DEDEKTOR
340
0
 70
0
280
1
281
0
  0
BLOCK_RECORD
  5
1A9
330
9
100
AcDbSymbolTableRecord
100
AcDbBlockTableRecord
  2
E_YANGIN_BUTON
340
0
 70
0
280
1
281
0
  0
BLOCK_RECORD
  5
1AF
330
9
100
AcDbSymbolTableRecord
100
AcDbBlockTableRecord
  2
E_PANO
340
0
 70
0
280
1
281
0
  0
BLOCK_RECORD
  5
1BC
330
9
100
AcDbSymbolTableRecord
100
AcDbBlockTableRecord
  2
G_KUZEY
340
0
 70
0
280
1
281
0
  0
BLOCK_RECORD
  5
255
330
9
100
AcDbSymbolTableRecord
100
AcDbBlockTableRecord
  2
*Paper_Space1
340
258
 70
0
280
1
281
0
  0
BLOCK_RECORD
  5
2FD
330
9
100
AcDbSymbolTableRecord
100
AcDbBlockTableRecord
  2
*Paper_Space2
340
300
 70
0
280
1
281
0
  0
BLOCK_RECORD
  5
3C0
330
9
100
AcDbSymbolTableRecord
100
AcDbBlockTableRecord
  2
*Paper_Space3
340
3C3
 70
0
280
1
281
0
  0
BLOCK_RECORD
  5
4B8
330
9
100
AcDbSymbolTableRecord
100
AcDbBlockTableRecord
  2
*Paper_Space4
340
4BB
 70
0
280
1
281
0
  0
BLOCK_RECORD
  5
711
330
9
100
AcDbSymbolTableRecord
100
AcDbBlockTableRecord
  2
*Paper_Space5
340
714
 70
0
280
1
281
0
  0
BLOCK_RECORD
  5
9BE
330
9
100
AcDbSymbolTableRecord
100
AcDbBlockTableRecord
  2
*Paper_Space6
340
9C1
 70
0
280
1
281
0
  0
BLOCK_RECORD
  5
BF8
330
9
100
AcDbSymbolTableRecord
100
AcDbBlockTableRecord
  2
*Paper_Space7
340
BFB
 70
0
280
1
281
0
  0
BLOCK_RECORD
  5
D11
330
9
100
AcDbSymbolTableRecord
100
AcDbBlockTableRecord
  2
*Paper_Space8
340
D14
 70
0
280
1
281
0
  0
BLOCK_RECORD
  5
FDD
330
9
100
AcDbSymbolTableRecord
100
AcDbBlockTableRecord
  2
*Paper_Space9
340
FE0
 70
0
280
1
281
0
  0
BLOCK_RECORD
  5
1177
330
9
100
AcDbSymbolTableRecord
100
AcDbBlockTableRecord
  2
*Paper_Space10
340
117A
 70
0
280
1
281
0
  0
BLOCK_RECORD
  5
139B
330
9
100
AcDbSymbolTableRecord
100
AcDbBlockTableRecord
  2
*Paper_Space11
340
139E
 70
0
280
1
281
0
  0
BLOCK_RECORD
  5
1C2
330
9
100
AcDbSymbolTableRecord
100
AcDbBlockTableRecord
  2
*Paper_Space
340
1C5
 70
0
280
1
281
0
  0
ENDTAB
  0
ENDSEC
  0
SECTION
  2
BLOCKS
  0
BLOCK
  5
18
330
17
100
AcDbEntity
  8
0
100
AcDbBlockBegin
  2
*Model_Space
 70
0
 10
0.0
 20
0.0
 30
0.0
  3
*Model_Space
  1

  0
ENDBLK
  5
19
330
17
100
AcDbEntity
  8
0
100
AcDbBlockEnd
  0
BLOCK
  5
75
330
74
100
AcDbEntity
  8
0
100
AcDbBlockBegin
  2
_ARCHTICK
 70
0
 10
0.0
 20
0.0
 30
0.0
  3
_ARCHTICK
  1

  0
LWPOLYLINE
  5
77
330
74
100
AcDbEntity
  8
0
  6
BYBLOCK
 62
0
100
AcDbPolyline
 90
2
 70
0
 43
0.15
 10
-0.5
 20
-0.5
 10
0.5
 20
0.5
  0
ENDBLK
  5
76
330
74
100
AcDbEntity
  8
0
100
AcDbBlockEnd
  0
BLOCK
  5
79
330
78
100
AcDbEntity
  8
0
100
AcDbBlockBegin
  2
_CLOSEDFILLED
 70
0
 10
0.0
 20
0.0
 30
0.0
  3
_CLOSEDFILLED
  1

  0
SOLID
  5
7B
330
78
100
AcDbEntity
  8
0
  6
BYBLOCK
 62
0
100
AcDbTrace
 10
-1.0
 20
0.16439898372402537
 30
0.0
 11
0.0
 21
0.0
 31
0.0
 12
-1.0
 22
-0.16439898372402537
 32
0.0
 13
-1.0
 23
-0.16439898372402537
 33
0.0
  0
ENDBLK
  5
7A
330
78
100
AcDbEntity
  8
0
100
AcDbBlockEnd
  0
BLOCK
  5
85
330
84
100
AcDbEntity
  8
0
100
AcDbBlockBegin
  2
_CLOSEDBLANK
 70
0
 10
0.0
 20
0.0
 30
0.0
  3
_CLOSEDBLANK
  1

  0
LWPOLYLINE
  5
87
330
84
100
AcDbEntity
  8
0
  6
BYBLOCK
 62
0
100
AcDbPolyline
 90
3
 70
1
 10
-1.0
 20
0.16439898372402537
 10
0.0
 20
0.0
 10
-1.0
 20
-0.16439898372402537
  0
ENDBLK
  5
86
330
84
100
AcDbEntity
  8
0
100
AcDbBlockEnd
  0
BLOCK
  5
F7
330
F6
100
AcDbEntity
  8
0
100
AcDbBlockBegin
  2
M_MENFEZ_BESLEME
 70
2
 10
0.0
 20
0.0
 30
0.0
  3
M_MENFEZ_BESLEME
  1

  0
LWPOLYLINE
  5
F9
330
F6
100
AcDbEntity
  8
0
100
AcDbPolyline
 90
4
 70
1
 10
-150.0
 20
-75.0
 10
150.0
 20
-75.0
 10
150.0
 20
75.0
 10
-150.0
 20
75.0
  0
LINE
  5
FA
330
F6
100
AcDbEntity
  8
0
100
AcDbLine
 10
-150.0
 20
-40.0
 30
0.0
 11
150.0
 21
-40.0
 31
0.0
  0
LINE
  5
FB
330
F6
100
AcDbEntity
  8
0
100
AcDbLine
 10
-150.0
 20
0.0
 30
0.0
 11
150.0
 21
0.0
 31
0.0
  0
LINE
  5
FC
330
F6
100
AcDbEntity
  8
0
100
AcDbLine
 10
-150.0
 20
40.0
 30
0.0
 11
150.0
 21
40.0
 31
0.0
  0
ATTDEF
  5
FD
330
F6
100
AcDbEntity
  8
0
100
AcDbText
 10
0.0
 20
140.0
 30
0.0
 40
120.0
  1

  7
GYM
100
AcDbAttributeDefinition
  3
Menfez kodu
  2
KOD
 70
0
  0
ATTDEF
  5
FE
330
F6
100
AcDbEntity
  8
0
100
AcDbText
 10
0.0
 20
-200.0
 30
0.0
 40
105.0
  1

  7
GYM
100
AcDbAttributeDefinition
  3
Debi (m3/h)
  2
DEBI
 70
0
  0
ENDBLK
  5
F8
330
F6
100
AcDbEntity
  8
0
100
AcDbBlockEnd
  0
BLOCK
  5
100
330
FF
100
AcDbEntity
  8
0
100
AcDbBlockBegin
  2
M_MENFEZ_EGZOZ
 70
2
 10
0.0
 20
0.0
 30
0.0
  3
M_MENFEZ_EGZOZ
  1

  0
LWPOLYLINE
  5
102
330
FF
100
AcDbEntity
  8
0
100
AcDbPolyline
 90
4
 70
1
 10
-150.0
 20
-75.0
 10
150.0
 20
-75.0
 10
150.0
 20
75.0
 10
-150.0
 20
75.0
  0
LINE
  5
103
330
FF
100
AcDbEntity
  8
0
100
AcDbLine
 10
-150.0
 20
-75.0
 30
0.0
 11
150.0
 21
75.0
 31
0.0
  0
LINE
  5
104
330
FF
100
AcDbEntity
  8
0
100
AcDbLine
 10
-150.0
 20
75.0
 30
0.0
 11
150.0
 21
-75.0
 31
0.0
  0
ATTDEF
  5
105
330
FF
100
AcDbEntity
  8
0
100
AcDbText
 10
0.0
 20
140.0
 30
0.0
 40
120.0
  1

  7
GYM
100
AcDbAttributeDefinition
  3
Menfez kodu
  2
KOD
 70
0
  0
ATTDEF
  5
106
330
FF
100
AcDbEntity
  8
0
100
AcDbText
 10
0.0
 20
-200.0
 30
0.0
 40
105.0
  1

  7
GYM
100
AcDbAttributeDefinition
  3
Debi (m3/h)
  2
DEBI
 70
0
  0
ENDBLK
  5
101
330
FF
100
AcDbEntity
  8
0
100
AcDbBlockEnd
  0
BLOCK
  5
108
330
107
100
AcDbEntity
  8
0
100
AcDbBlockBegin
  2
M_VALF
 70
2
 10
0.0
 20
0.0
 30
0.0
  3
M_VALF
  1

  0
CIRCLE
  5
10A
330
107
100
AcDbEntity
  8
0
100
AcDbCircle
 10
0.0
 20
0.0
 30
0.0
 40
90.0
  0
LINE
  5
10B
330
107
100
AcDbEntity
  8
0
100
AcDbLine
 10
-90.0
 20
0.0
 30
0.0
 11
90.0
 21
0.0
 31
0.0
  0
LINE
  5
10C
330
107
100
AcDbEntity
  8
0
100
AcDbLine
 10
0.0
 20
-90.0
 30
0.0
 11
0.0
 21
90.0
 31
0.0
  0
ATTDEF
  5
10D
330
107
100
AcDbEntity
  8
0
100
AcDbText
 10
0.0
 20
150.0
 30
0.0
 40
120.0
  1

  7
GYM
100
AcDbAttributeDefinition
  3
Valf kodu
  2
KOD
 70
0
  0
ATTDEF
  5
10E
330
107
100
AcDbEntity
  8
0
100
AcDbText
 10
0.0
 20
-200.0
 30
0.0
 40
105.0
  1

  7
GYM
100
AcDbAttributeDefinition
  3
Debi (m3/h)
  2
DEBI
 70
0
  0
ENDBLK
  5
109
330
107
100
AcDbEntity
  8
0
100
AcDbBlockEnd
  0
BLOCK
  5
110
330
10F
100
AcDbEntity
  8
0
100
AcDbBlockBegin
  2
M_FAN
 70
2
 10
0.0
 20
0.0
 30
0.0
  3
M_FAN
  1

  0
LWPOLYLINE
  5
112
330
10F
100
AcDbEntity
  8
0
100
AcDbPolyline
 90
4
 70
1
 10
-250.0
 20
-140.0
 10
250.0
 20
-140.0
 10
250.0
 20
140.0
 10
-250.0
 20
140.0
  0
CIRCLE
  5
113
330
10F
100
AcDbEntity
  8
0
100
AcDbCircle
 10
0.0
 20
0.0
 30
0.0
 40
105.0
  0
LINE
  5
114
330
10F
100
AcDbEntity
  8
0
100
AcDbLine
 10
0.0
 20
0.0
 30
0.0
 11
105.0
 21
0.0
 31
0.0
  0
LINE
  5
115
330
10F
100
AcDbEntity
  8
0
100
AcDbLine
 10
0.0
 20
0.0
 30
0.0
 11
6.429395695523604e-15
 21
105.0
 31
0.0
  0
LINE
  5
116
330
10F
100
AcDbEntity
  8
0
100
AcDbLine
 10
0.0
 20
0.0
 30
0.0
 11
-105.0
 21
1.2858791391047208e-14
 31
0.0
  0
LINE
  5
117
330
10F
100
AcDbEntity
  8
0
100
AcDbLine
 10
0.0
 20
0.0
 30
0.0
 11
-1.928818708657081e-14
 21
-105.0
 31
0.0
  0
ATTDEF
  5
118
330
10F
100
AcDbEntity
  8
0
100
AcDbText
 10
0.0
 20
210.0
 30
0.0
 40
120.0
  1

  7
GYM
100
AcDbAttributeDefinition
  3
Fan kodu
  2
KOD
 70
0
  0
ATTDEF
  5
119
330
10F
100
AcDbEntity
  8
0
100
AcDbText
 10
0.0
 20
-270.0
 30
0.0
 40
105.0
  1

  7
GYM
100
AcDbAttributeDefinition
  3
Fan tanimi
  2
TANIM
 70
0
  0
ENDBLK
  5
111
330
10F
100
AcDbEntity
  8
0
100
AcDbBlockEnd
  0
BLOCK
  5
11B
330
11A
100
AcDbEntity
  8
0
100
AcDbBlockBegin
  2
M_PANJUR
 70
2
 10
0.0
 20
0.0
 30
0.0
  3
M_PANJUR
  1

  0
LWPOLYLINE
  5
11D
330
11A
100
AcDbEntity
  8
0
100
AcDbPolyline
 90
4
 70
1
 10
-140.0
 20
-90.0
 10
140.0
 20
-90.0
 10
140.0
 20
90.0
 10
-140.0
 20
90.0
  0
LINE
  5
11E
330
11A
100
AcDbEntity
  8
0
100
AcDbLine
 10
-140.0
 20
-64.0
 30
0.0
 11
140.0
 21
-64.0
 31
0.0
  0
LINE
  5
11F
330
11A
100
AcDbEntity
  8
0
100
AcDbLine
 10
-140.0
 20
-32.0
 30
0.0
 11
140.0
 21
-32.0
 31
0.0
  0
LINE
  5
120
330
11A
100
AcDbEntity
  8
0
100
AcDbLine
 10
-140.0
 20
0.0
 30
0.0
 11
140.0
 21
0.0
 31
0.0
  0
LINE
  5
121
330
11A
100
AcDbEntity
  8
0
100
AcDbLine
 10
-140.0
 20
32.0
 30
0.0
 11
140.0
 21
32.0
 31
0.0
  0
LINE
  5
122
330
11A
100
AcDbEntity
  8
0
100
AcDbLine
 10
-140.0
 20
64.0
 30
0.0
 11
140.0
 21
64.0
 31
0.0
  0
ATTDEF
  5
123
330
11A
100
AcDbEntity
  8
0
100
AcDbText
 10
0.0
 20
150.0
 30
0.0
 40
120.0
  1

  7
GYM
100
AcDbAttributeDefinition
  3
Panjur kodu
  2
KOD
 70
0
  0
ENDBLK
  5
11C
330
11A
100
AcDbEntity
  8
0
100
AcDbBlockEnd
  0
BLOCK
  5
125
330
124
100
AcDbEntity
  8
0
100
AcDbBlockBegin
  2
M_KLIMA_IC
 70
2
 10
0.0
 20
0.0
 30
0.0
  3
M_KLIMA_IC
  1

  0
LWPOLYLINE
  5
127
330
124
100
AcDbEntity
  8
0
100
AcDbPolyline
 90
4
 70
1
 10
-450.0
 20
-140.0
 10
450.0
 20
-140.0
 10
450.0
 20
140.0
 10
-450.0
 20
140.0
  0
LINE
  5
128
330
124
100
AcDbEntity
  8
0
100
AcDbLine
 10
-450.0
 20
-60.0
 30
0.0
 11
450.0
 21
-60.0
 31
0.0
  0
ATTDEF
  5
129
330
124
100
AcDbEntity
  8
0
100
AcDbText
 10
0.0
 20
215.0
 30
0.0
 40
120.0
  1

  7
GYM
100
AcDbAttributeDefinition
  3
Unite kodu
  2
KOD
 70
0
  0
ATTDEF
  5
12A
330
124
100
AcDbEntity
  8
0
100
AcDbText
 10
0.0
 20
-270.0
 30
0.0
 40
105.0
  1

  7
GYM
100
AcDbAttributeDefinition
  3
Kapasite (BTU)
  2
KAPASITE
 70
0
  0
ENDBLK
  5
126
330
124
100
AcDbEntity
  8
0
100
AcDbBlockEnd
  0
BLOCK
  5
12C
330
12B
100
AcDbEntity
  8
0
100
AcDbBlockBegin
  2
M_KLIMA_DIS
 70
2
 10
0.0
 20
0.0
 30
0.0
  3
M_KLIMA_DIS
  1

  0
LWPOLYLINE
  5
12E
330
12B
100
AcDbEntity
  8
0
100
AcDbPolyline
 90
4
 70
1
 10
-500.0
 20
-350.0
 10
500.0
 20
-350.0
 10
500.0
 20
350.0
 10
-500.0
 20
350.0
  0
CIRCLE
  5
12F
330
12B
100
AcDbEntity
  8
0
100
AcDbCircle
 10
0.0
 20
0.0
 30
0.0
 40
230.0
  0
ATTDEF
  5
130
330
12B
100
AcDbEntity
  8
0
100
AcDbText
 10
0.0
 20
430.0
 30
0.0
 40
120.0
  1

  7
GYM
100
AcDbAttributeDefinition
  3
Platform
  2
KOD
 70
0
  0
ATTDEF
  5
131
330
12B
100
AcDbEntity
  8
0
100
AcDbText
 10
0.0
 20
-530.0
 30
0.0
 40
105.0
  1

  7
GYM
100
AcDbAttributeDefinition
  3
Unite adedi
  2
ADET
 70
0
  0
ENDBLK
  5
12D
330
12B
100
AcDbEntity
  8
0
100
AcDbBlockEnd
  0
BLOCK
  5
133
330
132
100
AcDbEntity
  8
0
100
AcDbBlockBegin
  2
M_ISITICI
 70
2
 10
0.0
 20
0.0
 30
0.0
  3
M_ISITICI
  1

  0
LWPOLYLINE
  5
135
330
132
100
AcDbEntity
  8
0
100
AcDbPolyline
 90
4
 70
1
 10
-200.0
 20
-150.0
 10
200.0
 20
-150.0
 10
200.0
 20
150.0
 10
-200.0
 20
150.0
  0
LINE
  5
136
330
132
100
AcDbEntity
  8
0
100
AcDbLine
 10
-90.0
 20
-150.0
 30
0.0
 11
-90.0
 21
150.0
 31
0.0
  0
LINE
  5
137
330
132
100
AcDbEntity
  8
0
100
AcDbLine
 10
0.0
 20
-150.0
 30
0.0
 11
0.0
 21
150.0
 31
0.0
  0
LINE
  5
138
330
132
100
AcDbEntity
  8
0
100
AcDbLine
 10
90.0
 20
-150.0
 30
0.0
 11
90.0
 21
150.0
 31
0.0
  0
ATTDEF
  5
139
330
132
100
AcDbEntity
  8
0
100
AcDbText
 10
0.0
 20
225.0
 30
0.0
 40
120.0
  1

  7
GYM
100
AcDbAttributeDefinition
  3
Isitici kodu
  2
KOD
 70
0
  0
ATTDEF
  5
13A
330
132
100
AcDbEntity
  8
0
100
AcDbText
 10
0.0
 20
-285.0
 30
0.0
 40
105.0
  1

  7
GYM
100
AcDbAttributeDefinition
  3
Guc (kW)
  2
GUC
 70
0
  0
ENDBLK
  5
134
330
132
100
AcDbEntity
  8
0
100
AcDbBlockEnd
  0
BLOCK
  5
13C
330
13B
100
AcDbEntity
  8
0
100
AcDbBlockBegin
  2
M_KLOZET
 70
2
 10
0.0
 20
0.0
 30
0.0
  3
M_KLOZET
  1

  0
ELLIPSE
  5
13E
330
13B
100
AcDbEntity
  8
0
100
AcDbEllipse
 10
0.0
 20
-40.0
 30
0.0
 11
160.0
 21
0.0
 31
0.0
 40
0.78
 41
0.0
 42
6.283185307179586
  0
LWPOLYLINE
  5
13F
330
13B
100
AcDbEntity
  8
0
100
AcDbPolyline
 90
4
 70
1
 10
-170.0
 20
150.0
 10
170.0
 20
150.0
 10
170.0
 20
260.0
 10
-170.0
 20
260.0
  0
ATTDEF
  5
140
330
13B
100
AcDbEntity
  8
0
100
AcDbText
 10
0.0
 20
330.0
 30
0.0
 40
120.0
  1

  7
GYM
100
AcDbAttributeDefinition
  3
Vitrifiye
  2
KOD
 70
0
  0
ENDBLK
  5
13D
330
13B
100
AcDbEntity
  8
0
100
AcDbBlockEnd
  0
BLOCK
  5
142
330
141
100
AcDbEntity
  8
0
100
AcDbBlockBegin
  2
M_LAVABO
 70
2
 10
0.0
 20
0.0
 30
0.0
  3
M_LAVABO
  1

  0
LWPOLYLINE
  5
144
330
141
100
AcDbEntity
  8
0
100
AcDbPolyline
 90
4
 70
1
 10
-230.0
 20
-140.0
 10
230.0
 20
-140.0
 10
230.0
 20
140.0
 10
-230.0
 20
140.0
  0
ELLIPSE
  5
145
330
141
100
AcDbEntity
  8
0
100
AcDbEllipse
 10
0.0
 20
0.0
 30
0.0
 11
170.0
 21
0.0
 31
0.0
 40
0.62
 41
0.0
 42
6.283185307179586
  0
ATTDEF
  5
146
330
141
100
AcDbEntity
  8
0
100
AcDbText
 10
0.0
 20
210.0
 30
0.0
 40
120.0
  1

  7
GYM
100
AcDbAttributeDefinition
  3
Vitrifiye
  2
KOD
 70
0
  0
ENDBLK
  5
143
330
141
100
AcDbEntity
  8
0
100
AcDbBlockEnd
  0
BLOCK
  5
148
330
147
100
AcDbEntity
  8
0
100
AcDbBlockBegin
  2
M_DUS
 70
2
 10
0.0
 20
0.0
 30
0.0
  3
M_DUS
  1

  0
LWPOLYLINE
  5
14A
330
147
100
AcDbEntity
  8
0
100
AcDbPolyline
 90
4
 70
1
 10
-450.0
 20
-450.0
 10
450.0
 20
-450.0
 10
450.0
 20
450.0
 10
-450.0
 20
450.0
  0
CIRCLE
  5
14B
330
147
100
AcDbEntity
  8
0
100
AcDbCircle
 10
0.0
 20
0.0
 30
0.0
 40
80.0
  0
LINE
  5
14C
330
147
100
AcDbEntity
  8
0
100
AcDbLine
 10
-450.0
 20
-450.0
 30
0.0
 11
450.0
 21
450.0
 31
0.0
  0
ATTDEF
  5
14D
330
147
100
AcDbEntity
  8
0
100
AcDbText
 10
0.0
 20
530.0
 30
0.0
 40
120.0
  1

  7
GYM
100
AcDbAttributeDefinition
  3
Dus teknesi
  2
KOD
 70
0
  0
ENDBLK
  5
149
330
147
100
AcDbEntity
  8
0
100
AcDbBlockEnd
  0
BLOCK
  5
14F
330
14E
100
AcDbEntity
  8
0
100
AcDbBlockBegin
  2
M_SUZGEC
 70
0
 10
0.0
 20
0.0
 30
0.0
  3
M_SUZGEC
  1

  0
LWPOLYLINE
  5
151
330
14E
100
AcDbEntity
  8
0
100
AcDbPolyline
 90
4
 70
1
 10
-75.0
 20
-75.0
 10
75.0
 20
-75.0
 10
75.0
 20
75.0
 10
-75.0
 20
75.0
  0
CIRCLE
  5
152
330
14E
100
AcDbEntity
  8
0
100
AcDbCircle
 10
0.0
 20
0.0
 30
0.0
 40
42.0
  0
ENDBLK
  5
150
330
14E
100
AcDbEntity
  8
0
100
AcDbBlockEnd
  0
BLOCK
  5
154
330
153
100
AcDbEntity
  8
0
100
AcDbBlockBegin
  2
M_SAYAC
 70
2
 10
0.0
 20
0.0
 30
0.0
  3
M_SAYAC
  1

  0
CIRCLE
  5
156
330
153
100
AcDbEntity
  8
0
100
AcDbCircle
 10
0.0
 20
0.0
 30
0.0
 40
130.0
  0
LINE
  5
157
330
153
100
AcDbEntity
  8
0
100
AcDbLine
 10
-130.0
 20
0.0
 30
0.0
 11
130.0
 21
0.0
 31
0.0
  0
ATTDEF
  5
158
330
153
100
AcDbEntity
  8
0
100
AcDbText
 10
0.0
 20
200.0
 30
0.0
 40
120.0
  1

  7
GYM
100
AcDbAttributeDefinition
  3
Sayac / ana kesme
  2
KOD
 70
0
  0
ENDBLK
  5
155
330
153
100
AcDbEntity
  8
0
100
AcDbBlockEnd
  0
BLOCK
  5
15A
330
159
100
AcDbEntity
  8
0
100
AcDbBlockBegin
  2
E_ARMATUR_LINEER
 70
2
 10
0.0
 20
0.0
 30
0.0
  3
E_ARMATUR_LINEER
  1

  0
LWPOLYLINE
  5
15C
330
159
100
AcDbEntity
  8
0
100
AcDbPolyline
 90
4
 70
1
 10
-600.0
 20
-55.0
 10
600.0
 20
-55.0
 10
600.0
 20
55.0
 10
-600.0
 20
55.0
  0
LINE
  5
15D
330
159
100
AcDbEntity
  8
0
100
AcDbLine
 10
-600.0
 20
0.0
 30
0.0
 11
600.0
 21
0.0
 31
0.0
  0
ATTDEF
  5
15E
330
159
100
AcDbEntity
  8
0
100
AcDbText
 10
0.0
 20
185.0
 30
0.0
 40
105.0
  1

  7
GYM
100
AcDbAttributeDefinition
  3
Linye kodu
  2
LINYE
 70
0
  0
ENDBLK
  5
15B
330
159
100
AcDbEntity
  8
0
100
AcDbBlockEnd
  0
BLOCK
  5
160
330
15F
100
AcDbEntity
  8
0
100
AcDbBlockBegin
  2
E_DOWNLIGHT
 70
2
 10
0.0
 20
0.0
 30
0.0
  3
E_DOWNLIGHT
  1

  0
CIRCLE
  5
162
330
15F
100
AcDbEntity
  8
0
100
AcDbCircle
 10
0.0
 20
0.0
 30
0.0
 40
90.0
  0
LINE
  5
163
330
15F
100
AcDbEntity
  8
0
100
AcDbLine
 10
-64.0
 20
-64.0
 30
0.0
 11
64.0
 21
64.0
 31
0.0
  0
LINE
  5
164
330
15F
100
AcDbEntity
  8
0
100
AcDbLine
 10
-64.0
 20
64.0
 30
0.0
 11
64.0
 21
-64.0
 31
0.0
  0
ATTDEF
  5
165
330
15F
100
AcDbEntity
  8
0
100
AcDbText
 10
0.0
 20
210.0
 30
0.0
 40
105.0
  1

  7
GYM
100
AcDbAttributeDefinition
  3
Linye kodu
  2
LINYE
 70
0
  0
ENDBLK
  5
161
330
15F
100
AcDbEntity
  8
0
100
AcDbBlockEnd
  0
BLOCK
  5
167
330
166
100
AcDbEntity
  8
0
100
AcDbBlockBegin
  2
E_ACIL
 70
2
 10
0.0
 20
0.0
 30
0.0
  3
E_ACIL
  1

  0
LWPOLYLINE
  5
169
330
166
100
AcDbEntity
  8
0
100
AcDbPolyline
 90
4
 70
1
 10
-100.0
 20
-100.0
 10
100.0
 20
-100.0
 10
100.0
 20
100.0
 10
-100.0
 20
100.0
  0
TEXT
  5
16A
330
166
100
AcDbEntity
  8
0
100
AcDbText
 10
0.0
 20
0.0
 30
0.0
 40
110.0
  1
E
  7
GYM-B
 72
1
 11
0.0
 21
0.0
 31
0.0
100
AcDbText
 73
2
  0
ATTDEF
  5
16B
330
166
100
AcDbEntity
  8
0
100
AcDbText
 10
0.0
 20
230.0
 30
0.0
 40
105.0
  1

  7
GYM
100
AcDbAttributeDefinition
  3
Armatur kodu
  2
KOD
 70
0
  0
ENDBLK
  5
168
330
166
100
AcDbEntity
  8
0
100
AcDbBlockEnd
  0
BLOCK
  5
16D
330
16C
100
AcDbEntity
  8
0
100
AcDbBlockBegin
  2
E_YONLENDIRME
 70
2
 10
0.0
 20
0.0
 30
0.0
  3
E_YONLENDIRME
  1

  0
LWPOLYLINE
  5
16F
330
16C
100
AcDbEntity
  8
0
100
AcDbPolyline
 90
4
 70
1
 10
-130.0
 20
-80.0
 10
130.0
 20
-80.0
 10
130.0
 20
80.0
 10
-130.0
 20
80.0
  0
LWPOLYLINE
  5
170
330
16C
100
AcDbEntity
  8
0
100
AcDbPolyline
 90
2
 70
0
 10
-70.0
 20
0.0
 10
30.0
 20
0.0
  0
LWPOLYLINE
  5
171
330
16C
100
AcDbEntity
  8
0
100
AcDbPolyline
 90
3
 70
1
 10
30.0
 20
45.0
 10
80.0
 20
0.0
 10
30.0
 20
-45.0
  0
ATTDEF
  5
172
330
16C
100
AcDbEntity
  8
0
100
AcDbText
 10
0.0
 20
205.0
 30
0.0
 40
105.0
  1

  7
GYM
100
AcDbAttributeDefinition
  3
Armatur kodu
  2
KOD
 70
0
  0
ENDBLK
  5
16E
330
16C
100
AcDbEntity
  8
0
100
AcDbBlockEnd
  0
BLOCK
  5
174
330
173
100
AcDbEntity
  8
0
100
AcDbBlockBegin
  2
E_PRIZ
 70
2
 10
0.0
 20
0.0
 30
0.0
  3
E_PRIZ
  1

  0
ARC
  5
176
330
173
100
AcDbEntity
  8
0
100
AcDbCircle
 10
0.0
 20
0.0
 30
0.0
 40
95.0
100
AcDbArc
 50
0.0
 51
180.0
  0
LINE
  5
177
330
173
100
AcDbEntity
  8
0
100
AcDbLine
 10
-95.0
 20
0.0
 30
0.0
 11
95.0
 21
0.0
 31
0.0
  0
LINE
  5
178
330
173
100
AcDbEntity
  8
0
100
AcDbLine
 10
0.0
 20
0.0
 30
0.0
 11
0.0
 21
150.0
 31
0.0
  0
LINE
  5
179
330
173
100
AcDbEntity
  8
0
100
AcDbLine
 10
-60.0
 20
150.0
 30
0.0
 11
60.0
 21
150.0
 31
0.0
  0
ATTDEF
  5
17A
330
173
100
AcDbEntity
  8
0
100
AcDbText
 10
195.0
 20
80.0
 30
0.0
 40
105.0
  1

  7
GYM
100
AcDbAttributeDefinition
  3
Priz kodu
  2
KOD
 70
0
  0
ATTDEF
  5
17B
330
173
100
AcDbEntity
  8
0
100
AcDbText
 10
195.0
 20
-80.0
 30
0.0
 40
105.0
  1

  7
GYM
100
AcDbAttributeDefinition
  3
Linye
  2
LINYE
 70
0
  0
ENDBLK
  5
175
330
173
100
AcDbEntity
  8
0
100
AcDbBlockEnd
  0
BLOCK
  5
17D
330
17C
100
AcDbEntity
  8
0
100
AcDbBlockBegin
  2
E_PRIZ_IP44
 70
2
 10
0.0
 20
0.0
 30
0.0
  3
E_PRIZ_IP44
  1

  0
ARC
  5
17F
330
17C
100
AcDbEntity
  8
0
100
AcDbCircle
 10
0.0
 20
0.0
 30
0.0
 40
95.0
100
AcDbArc
 50
0.0
 51
180.0
  0
LINE
  5
180
330
17C
100
AcDbEntity
  8
0
100
AcDbLine
 10
-95.0
 20
0.0
 30
0.0
 11
95.0
 21
0.0
 31
0.0
  0
LINE
  5
181
330
17C
100
AcDbEntity
  8
0
100
AcDbLine
 10
0.0
 20
0.0
 30
0.0
 11
0.0
 21
150.0
 31
0.0
  0
LINE
  5
182
330
17C
100
AcDbEntity
  8
0
100
AcDbLine
 10
-60.0
 20
150.0
 30
0.0
 11
60.0
 21
150.0
 31
0.0
  0
TEXT
  5
183
330
17C
100
AcDbEntity
  8
0
100
AcDbText
 10
0.0
 20
-120.0
 30
0.0
 40
70.0
  1
IP44
  7
GYM
 72
1
 11
0.0
 21
-120.0
 31
0.0
100
AcDbText
 73
2
  0
ATTDEF
  5
184
330
17C
100
AcDbEntity
  8
0
100
AcDbText
 10
205.0
 20
80.0
 30
0.0
 40
105.0
  1

  7
GYM
100
AcDbAttributeDefinition
  3
Priz kodu
  2
KOD
 70
0
  0
ENDBLK
  5
17E
330
17C
100
AcDbEntity
  8
0
100
AcDbBlockEnd
  0
BLOCK
  5
186
330
185
100
AcDbEntity
  8
0
100
AcDbBlockBegin
  2
E_ANAHTAR
 70
2
 10
0.0
 20
0.0
 30
0.0
  3
E_ANAHTAR
  1

  0
CIRCLE
  5
188
330
185
100
AcDbEntity
  8
0
100
AcDbCircle
 10
0.0
 20
0.0
 30
0.0
 40
60.0
  0
LINE
  5
189
330
185
100
AcDbEntity
  8
0
100
AcDbLine
 10
0.0
 20
0.0
 30
0.0
 11
130.0
 21
110.0
 31
0.0
  0
ATTDEF
  5
18A
330
185
100
AcDbEntity
  8
0
100
AcDbText
 10
0.0
 20
240.0
 30
0.0
 40
105.0
  1

  7
GYM
100
AcDbAttributeDefinition
  3
Anahtar kodu
  2
KOD
 70
0
  0
ENDBLK
  5
187
330
185
100
AcDbEntity
  8
0
100
AcDbBlockEnd
  0
BLOCK
  5
18C
330
18B
100
AcDbEntity
  8
0
100
AcDbBlockBegin
  2
E_SENSOR
 70
2
 10
0.0
 20
0.0
 30
0.0
  3
E_SENSOR
  1

  0
CIRCLE
  5
18E
330
18B
100
AcDbEntity
  8
0
100
AcDbCircle
 10
0.0
 20
0.0
 30
0.0
 40
95.0
  0
TEXT
  5
18F
330
18B
100
AcDbEntity
  8
0
100
AcDbText
 10
0.0
 20
0.0
 30
0.0
 40
100.0
  1
S
  7
GYM-B
 72
1
 11
0.0
 21
0.0
 31
0.0
100
AcDbText
 73
2
  0
ATTDEF
  5
190
330
18B
100
AcDbEntity
  8
0
100
AcDbText
 10
0.0
 20
230.0
 30
0.0
 40
105.0
  1

  7
GYM
100
AcDbAttributeDefinition
  3
Sensor kodu
  2
KOD
 70
0
  0
ENDBLK
  5
18D
330
18B
100
AcDbEntity
  8
0
100
AcDbBlockEnd
  0
BLOCK
  5
192
330
191
100
AcDbEntity
  8
0
100
AcDbBlockBegin
  2
E_KAMERA
 70
2
 10
0.0
 20
0.0
 30
0.0
  3
E_KAMERA
  1

  0
LWPOLYLINE
  5
194
330
191
100
AcDbEntity
  8
0
100
AcDbPolyline
 90
3
 70
1
 10
-110.0
 20
-85.0
 10
110.0
 20
0.0
 10
-110.0
 20
85.0
  0
ATTDEF
  5
195
330
191
100
AcDbEntity
  8
0
100
AcDbText
 10
0.0
 20
210.0
 30
0.0
 40
105.0
  1

  7
GYM
100
AcDbAttributeDefinition
  3
Kamera kodu
  2
KOD
 70
0
  0
ENDBLK
  5
193
330
191
100
AcDbEntity
  8
0
100
AcDbBlockEnd
  0
BLOCK
  5
197
330
196
100
AcDbEntity
  8
0
100
AcDbBlockBegin
  2
E_HOPARLOR
 70
2
 10
0.0
 20
0.0
 30
0.0
  3
E_HOPARLOR
  1

  0
CIRCLE
  5
199
330
196
100
AcDbEntity
  8
0
100
AcDbCircle
 10
0.0
 20
0.0
 30
0.0
 40
95.0
  0
ARC
  5
19A
330
196
100
AcDbEntity
  8
0
100
AcDbCircle
 10
0.0
 20
0.0
 30
0.0
 40
150.0
100
AcDbArc
 50
-45.0
 51
45.0
  0
ARC
  5
19B
330
196
100
AcDbEntity
  8
0
100
AcDbCircle
 10
0.0
 20
0.0
 30
0.0
 40
200.0
100
AcDbArc
 50
-35.0
 51
35.0
  0
ATTDEF
  5
19C
330
196
100
AcDbEntity
  8
0
100
AcDbText
 10
0.0
 20
330.0
 30
0.0
 40
105.0
  1

  7
GYM
100
AcDbAttributeDefinition
  3
Hoparlor kodu
  2
KOD
 70
0
  0
ENDBLK
  5
198
330
196
100
AcDbEntity
  8
0
100
AcDbBlockEnd
  0
BLOCK
  5
19E
330
19D
100
AcDbEntity
  8
0
100
AcDbBlockBegin
  2
E_VERI
 70
2
 10
0.0
 20
0.0
 30
0.0
  3
E_VERI
  1

  0
LWPOLYLINE
  5
1A0
330
19D
100
AcDbEntity
  8
0
100
AcDbPolyline
 90
4
 70
1
 10
-95.0
 20
-95.0
 10
95.0
 20
-95.0
 10
95.0
 20
95.0
 10
-95.0
 20
95.0
  0
TEXT
  5
1A1
330
19D
100
AcDbEntity
  8
0
100
AcDbText
 10
0.0
 20
0.0
 30
0.0
 40
105.0
  1
D
  7
GYM-B
 72
1
 11
0.0
 21
0.0
 31
0.0
100
AcDbText
 73
2
  0
ATTDEF
  5
1A2
330
19D
100
AcDbEntity
  8
0
100
AcDbText
 10
0.0
 20
230.0
 30
0.0
 40
105.0
  1

  7
GYM
100
AcDbAttributeDefinition
  3
Veri kodu
  2
KOD
 70
0
  0
ENDBLK
  5
19F
330
19D
100
AcDbEntity
  8
0
100
AcDbBlockEnd
  0
BLOCK
  5
1A4
330
1A3
100
AcDbEntity
  8
0
100
AcDbBlockBegin
  2
E_DEDEKTOR
 70
2
 10
0.0
 20
0.0
 30
0.0
  3
E_DEDEKTOR
  1

  0
CIRCLE
  5
1A6
330
1A3
100
AcDbEntity
  8
0
100
AcDbCircle
 10
0.0
 20
0.0
 30
0.0
 40
110.0
  0
CIRCLE
  5
1A7
330
1A3
100
AcDbEntity
  8
0
100
AcDbCircle
 10
0.0
 20
0.0
 30
0.0
 40
40.0
  0
ATTDEF
  5
1A8
330
1A3
100
AcDbEntity
  8
0
100
AcDbText
 10
0.0
 20
240.0
 30
0.0
 40
105.0
  1

  7
GYM
100
AcDbAttributeDefinition
  3
Dedektor kodu
  2
KOD
 70
0
  0
ENDBLK
  5
1A5
330
1A3
100
AcDbEntity
  8
0
100
AcDbBlockEnd
  0
BLOCK
  5
1AA
330
1A9
100
AcDbEntity
  8
0
100
AcDbBlockBegin
  2
E_YANGIN_BUTON
 70
2
 10
0.0
 20
0.0
 30
0.0
  3
E_YANGIN_BUTON
  1

  0
LWPOLYLINE
  5
1AC
330
1A9
100
AcDbEntity
  8
0
100
AcDbPolyline
 90
4
 70
1
 10
-95.0
 20
-95.0
 10
95.0
 20
-95.0
 10
95.0
 20
95.0
 10
-95.0
 20
95.0
  0
TEXT
  5
1AD
330
1A9
100
AcDbEntity
  8
0
100
AcDbText
 10
0.0
 20
0.0
 30
0.0
 40
105.0
  1
Y
  7
GYM-B
 72
1
 11
0.0
 21
0.0
 31
0.0
100
AcDbText
 73
2
  0
ATTDEF
  5
1AE
330
1A9
100
AcDbEntity
  8
0
100
AcDbText
 10
0.0
 20
230.0
 30
0.0
 40
105.0
  1

  7
GYM
100
AcDbAttributeDefinition
  3
Buton kodu
  2
KOD
 70
0
  0
ENDBLK
  5
1AB
330
1A9
100
AcDbEntity
  8
0
100
AcDbBlockEnd
  0
BLOCK
  5
1B0
330
1AF
100
AcDbEntity
  8
0
100
AcDbBlockBegin
  2
E_PANO
 70
2
 10
0.0
 20
0.0
 30
0.0
  3
E_PANO
  1

  0
LWPOLYLINE
  5
1B2
330
1AF
100
AcDbEntity
  8
0
100
AcDbPolyline
 90
4
 70
1
 10
-420.0
 20
-280.0
 10
420.0
 20
-280.0
 10
420.0
 20
280.0
 10
-420.0
 20
280.0
  0
LINE
  5
1B3
330
1AF
100
AcDbEntity
  8
0
100
AcDbLine
 10
-330.0
 20
-280.0
 30
0.0
 11
-330.0
 21
280.0
 31
0.0
  0
LINE
  5
1B4
330
1AF
100
AcDbEntity
  8
0
100
AcDbLine
 10
-220.0
 20
-280.0
 30
0.0
 11
-220.0
 21
280.0
 31
0.0
  0
LINE
  5
1B5
330
1AF
100
AcDbEntity
  8
0
100
AcDbLine
 10
-110.0
 20
-280.0
 30
0.0
 11
-110.0
 21
280.0
 31
0.0
  0
LINE
  5
1B6
330
1AF
100
AcDbEntity
  8
0
100
AcDbLine
 10
0.0
 20
-280.0
 30
0.0
 11
0.0
 21
280.0
 31
0.0
  0
LINE
  5
1B7
330
1AF
100
AcDbEntity
  8
0
100
AcDbLine
 10
110.0
 20
-280.0
 30
0.0
 11
110.0
 21
280.0
 31
0.0
  0
LINE
  5
1B8
330
1AF
100
AcDbEntity
  8
0
100
AcDbLine
 10
220.0
 20
-280.0
 30
0.0
 11
220.0
 21
280.0
 31
0.0
  0
LINE
  5
1B9
330
1AF
100
AcDbEntity
  8
0
100
AcDbLine
 10
330.0
 20
-280.0
 30
0.0
 11
330.0
 21
280.0
 31
0.0
  0
ATTDEF
  5
1BA
330
1AF
100
AcDbEntity
  8
0
100
AcDbText
 10
0.0
 20
380.0
 30
0.0
 40
120.0
  1

  7
GYM
100
AcDbAttributeDefinition
  3
Pano kodu
  2
KOD
 70
0
  0
ATTDEF
  5
1BB
330
1AF
100
AcDbEntity
  8
0
100
AcDbText
 10
0.0
 20
-470.0
 30
0.0
 40
105.0
  1

  7
GYM
100
AcDbAttributeDefinition
  3
Pano tanimi
  2
TANIM
 70
0
  0
ENDBLK
  5
1B1
330
1AF
100
AcDbEntity
  8
0
100
AcDbBlockEnd
  0
BLOCK
  5
1BD
330
1BC
100
AcDbEntity
  8
0
100
AcDbBlockBegin
  2
G_KUZEY
 70
0
 10
0.0
 20
0.0
 30
0.0
  3
G_KUZEY
  1

  0
CIRCLE
  5
1BF
330
1BC
100
AcDbEntity
  8
0
100
AcDbCircle
 10
0.0
 20
0.0
 30
0.0
 40
700.0
  0
LWPOLYLINE
  5
1C0
330
1BC
100
AcDbEntity
  8
0
100
AcDbPolyline
 90
4
 70
1
 10
0.0
 20
560.0
 10
-230.0
 20
-330.0
 10
0.0
 20
-140.0
 10
230.0
 20
-330.0
  0
TEXT
  5
1C1
330
1BC
100
AcDbEntity
  8
0
100
AcDbText
 10
0.0
 20
-960.0
 30
0.0
 40
260.0
  1
K
  7
GYM-B
 72
1
 11
0.0
 21
-960.0
 31
0.0
100
AcDbText
 73
2
  0
ENDBLK
  5
1BE
330
1BC
100
AcDbEntity
  8
0
100
AcDbBlockEnd
  0
BLOCK
  5
256
330
255
100
AcDbEntity
  8
0
100
AcDbBlockBegin
  2
*Paper_Space1
 70
0
 10
0.0
 20
0.0
 30
0.0
  3
*Paper_Space1
  1

  0
VIEWPORT
  5
259
330
255
100
AcDbEntity
 67
1
  8
VIEWPORTS
100
AcDbViewport
 10
210.0
 20
148.5
 30
0.0
 40
462.00000000000006
 41
326.70000000000005
 68
1
 69
1
 12
210.0
 22
148.5
 13
0.0
 23
0.0
 14
10.0
 24
10.0
 15
10.0
 25
10.0
 16
0.0
 26
0.0
 36
1.0
 17
0.0
 27
0.0
 37
0.0
 42
50.0
 43
0.0
 44
0.0
 45
326.70000000000005
 50
0.0
 51
0.0
 72
100
 90
557088
  1

281
0
 71
0
 74
0
110
0.0
120
0.0
130
0.0
111
1.0
121
0.0
131
0.0
112
0.0
122
1.0
132
0.0
 79
0
146
0.0
282
0
  0
LWPOLYLINE
  5
25A
330
255
100
AcDbEntity
 67
1
  8
E-SEMA-ANTET
370
70
100
AcDbPolyline
 90
4
 70
1
 10
20.0
 20
10.0
 10
410.0
 20
10.0
 10
410.0
 20
287.0
 10
20.0
 20
287.0
  0
LWPOLYLINE
  5
25B
330
255
100
AcDbEntity
 67
1
  8
E-SEMA-ZON
370
18
100
AcDbPolyline
 90
4
 70
1
 10
25.0
 20
32.0
 10
405.0
 20
32.0
 10
405.0
 20
282.0
 10
25.0
 20
282.0
  0
TEXT
  5
25C
330
255
100
AcDbEntity
 67
1
  8
E-SEMA-ZON
100
AcDbText
 10
48.75
 20
284.5
 30
0.0
 40
2.2
  1
0
  7
GYM
 72
1
 11
48.75
 21
284.5
 31
0.0
100
AcDbText
 73
2
  0
LINE
  5
25D
330
255
100
AcDbEntity
 67
1
  8
E-SEMA-ZON
370
18
100
AcDbLine
 10
72.5
 20
282.0
 30
0.0
 11
72.5
 21
287.0
 31
0.0
  0
LINE
  5
25E
330
255
100
AcDbEntity
 67
1
  8
E-SEMA-ZON
370
18
100
AcDbLine
 10
72.5
 20
32.0
 30
0.0
 11
72.5
 21
32.0
 31
0.0
  0
TEXT
  5
25F
330
255
100
AcDbEntity
 67
1
  8
E-SEMA-ZON
100
AcDbText
 10
96.25
 20
284.5
 30
0.0
 40
2.2
  1
1
  7
GYM
 72
1
 11
96.25
 21
284.5
 31
0.0
100
AcDbText
 73
2
  0
LINE
  5
260
330
255
100
AcDbEntity
 67
1
  8
E-SEMA-ZON
370
18
100
AcDbLine
 10
120.0
 20
282.0
 30
0.0
 11
120.0
 21
287.0
 31
0.0
  0
LINE
  5
261
330
255
100
AcDbEntity
 67
1
  8
E-SEMA-ZON
370
18
100
AcDbLine
 10
120.0
 20
32.0
 30
0.0
 11
120.0
 21
32.0
 31
0.0
  0
TEXT
  5
262
330
255
100
AcDbEntity
 67
1
  8
E-SEMA-ZON
100
AcDbText
 10
143.75
 20
284.5
 30
0.0
 40
2.2
  1
2
  7
GYM
 72
1
 11
143.75
 21
284.5
 31
0.0
100
AcDbText
 73
2
  0
LINE
  5
263
330
255
100
AcDbEntity
 67
1
  8
E-SEMA-ZON
370
18
100
AcDbLine
 10
167.5
 20
282.0
 30
0.0
 11
167.5
 21
287.0
 31
0.0
  0
LINE
  5
264
330
255
100
AcDbEntity
 67
1
  8
E-SEMA-ZON
370
18
100
AcDbLine
 10
167.5
 20
32.0
 30
0.0
 11
167.5
 21
32.0
 31
0.0
  0
TEXT
  5
265
330
255
100
AcDbEntity
 67
1
  8
E-SEMA-ZON
100
AcDbText
 10
191.25
 20
284.5
 30
0.0
 40
2.2
  1
3
  7
GYM
 72
1
 11
191.25
 21
284.5
 31
0.0
100
AcDbText
 73
2
  0
LINE
  5
266
330
255
100
AcDbEntity
 67
1
  8
E-SEMA-ZON
370
18
100
AcDbLine
 10
215.0
 20
282.0
 30
0.0
 11
215.0
 21
287.0
 31
0.0
  0
LINE
  5
267
330
255
100
AcDbEntity
 67
1
  8
E-SEMA-ZON
370
18
100
AcDbLine
 10
215.0
 20
32.0
 30
0.0
 11
215.0
 21
32.0
 31
0.0
  0
TEXT
  5
268
330
255
100
AcDbEntity
 67
1
  8
E-SEMA-ZON
100
AcDbText
 10
238.75
 20
284.5
 30
0.0
 40
2.2
  1
4
  7
GYM
 72
1
 11
238.75
 21
284.5
 31
0.0
100
AcDbText
 73
2
  0
LINE
  5
269
330
255
100
AcDbEntity
 67
1
  8
E-SEMA-ZON
370
18
100
AcDbLine
 10
262.5
 20
282.0
 30
0.0
 11
262.5
 21
287.0
 31
0.0
  0
LINE
  5
26A
330
255
100
AcDbEntity
 67
1
  8
E-SEMA-ZON
370
18
100
AcDbLine
 10
262.5
 20
32.0
 30
0.0
 11
262.5
 21
32.0
 31
0.0
  0
TEXT
  5
26B
330
255
100
AcDbEntity
 67
1
  8
E-SEMA-ZON
100
AcDbText
 10
286.25
 20
284.5
 30
0.0
 40
2.2
  1
5
  7
GYM
 72
1
 11
286.25
 21
284.5
 31
0.0
100
AcDbText
 73
2
  0
LINE
  5
26C
330
255
100
AcDbEntity
 67
1
  8
E-SEMA-ZON
370
18
100
AcDbLine
 10
310.0
 20
282.0
 30
0.0
 11
310.0
 21
287.0
 31
0.0
  0
LINE
  5
26D
330
255
100
AcDbEntity
 67
1
  8
E-SEMA-ZON
370
18
100
AcDbLine
 10
310.0
 20
32.0
 30
0.0
 11
310.0
 21
32.0
 31
0.0
  0
TEXT
  5
26E
330
255
100
AcDbEntity
 67
1
  8
E-SEMA-ZON
100
AcDbText
 10
333.75
 20
284.5
 30
0.0
 40
2.2
  1
6
  7
GYM
 72
1
 11
333.75
 21
284.5
 31
0.0
100
AcDbText
 73
2
  0
LINE
  5
26F
330
255
100
AcDbEntity
 67
1
  8
E-SEMA-ZON
370
18
100
AcDbLine
 10
357.5
 20
282.0
 30
0.0
 11
357.5
 21
287.0
 31
0.0
  0
LINE
  5
270
330
255
100
AcDbEntity
 67
1
  8
E-SEMA-ZON
370
18
100
AcDbLine
 10
357.5
 20
32.0
 30
0.0
 11
357.5
 21
32.0
 31
0.0
  0
TEXT
  5
271
330
255
100
AcDbEntity
 67
1
  8
E-SEMA-ZON
100
AcDbText
 10
381.25
 20
284.5
 30
0.0
 40
2.2
  1
7
  7
GYM
 72
1
 11
381.25
 21
284.5
 31
0.0
100
AcDbText
 73
2
  0
TEXT
  5
272
330
255
100
AcDbEntity
 67
1
  8
E-SEMA-ZON
100
AcDbText
 10
22.5
 20
261.1666666666667
 30
0.0
 40
2.2
  1
A
  7
GYM
 72
1
 11
22.5
 21
261.1666666666667
 31
0.0
100
AcDbText
 73
2
  0
TEXT
  5
273
330
255
100
AcDbEntity
 67
1
  8
E-SEMA-ZON
100
AcDbText
 10
407.5
 20
261.1666666666667
 30
0.0
 40
2.2
  1
A
  7
GYM
 72
1
 11
407.5
 21
261.1666666666667
 31
0.0
100
AcDbText
 73
2
  0
LINE
  5
274
330
255
100
AcDbEntity
 67
1
  8
E-SEMA-ZON
370
18
100
AcDbLine
 10
20.0
 20
240.33333333333334
 30
0.0
 11
25.0
 21
240.33333333333334
 31
0.0
  0
LINE
  5
275
330
255
100
AcDbEntity
 67
1
  8
E-SEMA-ZON
370
18
100
AcDbLine
 10
405.0
 20
240.33333333333334
 30
0.0
 11
410.0
 21
240.33333333333334
 31
0.0
  0
TEXT
  5
276
330
255
100
AcDbEntity
 67
1
  8
E-SEMA-ZON
100
AcDbText
 10
22.5
 20
219.50000000000003
 30
0.0
 40
2.2
  1
B
  7
GYM
 72
1
 11
22.5
 21
219.50000000000003
 31
0.0
100
AcDbText
 73
2
  0
TEXT
  5
277
330
255
100
AcDbEntity
 67
1
  8
E-SEMA-ZON
100
AcDbText
 10
407.5
 20
219.50000000000003
 30
0.0
 40
2.2
  1
B
  7
GYM
 72
1
 11
407.5
 21
219.50000000000003
 31
0.0
100
AcDbText
 73
2
  0
LINE
  5
278
330
255
100
AcDbEntity
 67
1
  8
E-SEMA-ZON
370
18
100
AcDbLine
 10
20.0
 20
198.66666666666666
 30
0.0
 11
25.0
 21
198.66666666666666
 31
0.0
  0
LINE
  5
279
330
255
100
AcDbEntity
 67
1
  8
E-SEMA-ZON
370
18
100
AcDbLine
 10
405.0
 20
198.66666666666666
 30
0.0
 11
410.0
 21
198.66666666666666
 31
0.0
  0
TEXT
  5
27A
330
255
100
AcDbEntity
 67
1
  8
E-SEMA-ZON
100
AcDbText
 10
22.5
 20
177.83333333333334
 30
0.0
 40
2.2
  1
C
  7
GYM
 72
1
 11
22.5
 21
177.83333333333334
 31
0.0
100
AcDbText
 73
2
  0
TEXT
  5
27B
330
255
100
AcDbEntity
 67
1
  8
E-SEMA-ZON
100
AcDbText
 10
407.5
 20
177.83333333333334
 30
0.0
 40
2.2
  1
C
  7
GYM
 72
1
 11
407.5
 21
177.83333333333334
 31
0.0
100
AcDbText
 73
2
  0
LINE
  5
27C
330
255
100
AcDbEntity
 67
1
  8
E-SEMA-ZON
370
18
100
AcDbLine
 10
20.0
 20
157.0
 30
0.0
 11
25.0
 21
157.0
 31
0.0
  0
LINE
  5
27D
330
255
100
AcDbEntity
 67
1
  8
E-SEMA-ZON
370
18
100
AcDbLine
 10
405.0
 20
157.0
 30
0.0
 11
410.0
 21
157.0
 31
0.0
  0
TEXT
  5
27E
330
255
100
AcDbEntity
 67
1
  8
E-SEMA-ZON
100
AcDbText
 10
22.5
 20
136.16666666666669
 30
0.0
 40
2.2
  1
D
  7
GYM
 72
1
 11
22.5
 21
136.16666666666669
 31
0.0
100
AcDbText
 73
2
  0
TEXT
  5
27F
330
255
100
AcDbEntity
 67
1
  8
E-SEMA-ZON
100
AcDbText
 10
407.5
 20
136.16666666666669
 30
0.0
 40
2.2
  1
D
  7
GYM
 72
1
 11
407.5
 21
136.16666666666669
 31
0.0
100
AcDbText
 73
2
  0
LINE
  5
280
330
255
100
AcDbEntity
 67
1
  8
E-SEMA-ZON
370
18
100
AcDbLine
 10
20.0
 20
115.33333333333334
 30
0.0
 11
25.0
 21
115.33333333333334
 31
0.0
  0
LINE
  5
281
330
255
100
AcDbEntity
 67
1
  8
E-SEMA-ZON
370
18
100
AcDbLine
 10
405.0
 20
115.33333333333334
 30
0.0
 11
410.0
 21
115.33333333333334
 31
0.0
  0
TEXT
  5
282
330
255
100
AcDbEntity
 67
1
  8
E-SEMA-ZON
100
AcDbText
 10
22.5
 20
94.50000000000001
 30
0.0
 40
2.2
  1
E
  7
GYM
 72
1
 11
22.5
 21
94.50000000000001
 31
0.0
100
AcDbText
 73
2
  0
TEXT
  5
283
330
255
100
AcDbEntity
 67
1
  8
E-SEMA-ZON
100
AcDbText
 10
407.5
 20
94.50000000000001
 30
0.0
 40
2.2
  1
E
  7
GYM
 72
1
 11
407.5
 21
94.50000000000001
 31
0.0
100
AcDbText
 73
2
  0
LINE
  5
284
330
255
100
AcDbEntity
 67
1
  8
E-SEMA-ZON
370
18
100
AcDbLine
 10
20.0
 20
73.66666666666666
 30
0.0
 11
25.0
 21
73.66666666666666
 31
0.0
  0
LINE
  5
285
330
255
100
AcDbEntity
 67
1
  8
E-SEMA-ZON
370
18
100
AcDbLine
 10
405.0
 20
73.66666666666666
 30
0.0
 11
410.0
 21
73.66666666666666
 31
0.0
  0
TEXT
  5
286
330
255
100
AcDbEntity
 67
1
  8
E-SEMA-ZON
100
AcDbText
 10
22.5
 20
52.83333333333333
 30
0.0
 40
2.2
  1
F
  7
GYM
 72
1
 11
22.5
 21
52.83333333333333
 31
0.0
100
AcDbText
 73
2
  0
TEXT
  5
287
330
255
100
AcDbEntity
 67
1
  8
E-SEMA-ZON
100
AcDbText
 10
407.5
 20
52.83333333333333
 30
0.0
 40
2.2
  1
F
  7
GYM
 72
1
 11
407.5
 21
52.83333333333333
 31
0.0
100
AcDbText
 73
2
  0
LWPOLYLINE
  5
288
330
255
100
AcDbEntity
 67
1
  8
E-SEMA-ANTET
370
50
100
AcDbPolyline
 90
4
 70
1
 10
20.0
 20
10.0
 10
410.0
 20
10.0
 10
410.0
 20
32.0
 10
20.0
 20
32.0
  0
LINE
  5
289
330
255
100
AcDbEntity
 67
1
  8
E-SEMA-ANTET
370
18
100
AcDbLine
 10
20.0
 20
15.5
 30
0.0
 11
410.0
 21
15.5
 31
0.0
  0
LINE
  5
28A
330
255
100
AcDbEntity
 67
1
  8
E-SEMA-ANTET
370
18
100
AcDbLine
 10
20.0
 20
21.0
 30
0.0
 11
410.0
 21
21.0
 31
0.0
  0
LINE
  5
28B
330
255
100
AcDbEntity
 67
1
  8
E-SEMA-ANTET
370
18
100
AcDbLine
 10
20.0
 20
26.5
 30
0.0
 11
410.0
 21
26.5
 31
0.0
  0
LINE
  5
28C
330
255
100
AcDbEntity
 67
1
  8
E-SEMA-ANTET
370
18
100
AcDbLine
 10
64.0
 20
10.0
 30
0.0
 11
64.0
 21
32.0
 31
0.0
  0
LINE
  5
28D
330
255
100
AcDbEntity
 67
1
  8
E-SEMA-ANTET
370
18
100
AcDbLine
 10
96.0
 20
10.0
 30
0.0
 11
96.0
 21
32.0
 31
0.0
  0
LINE
  5
28E
330
255
100
AcDbEntity
 67
1
  8
E-SEMA-ANTET
370
18
100
AcDbLine
 10
282.0
 20
10.0
 30
0.0
 11
282.0
 21
32.0
 31
0.0
  0
LINE
  5
28F
330
255
100
AcDbEntity
 67
1
  8
E-SEMA-ANTET
370
18
100
AcDbLine
 10
316.0
 20
10.0
 30
0.0
 11
316.0
 21
32.0
 31
0.0
  0
LINE
  5
290
330
255
100
AcDbEntity
 67
1
  8
E-SEMA-ANTET
370
18
100
AcDbLine
 10
356.0
 20
10.0
 30
0.0
 11
356.0
 21
32.0
 31
0.0
  0
TEXT
  5
291
330
255
100
AcDbEntity
 67
1
  8
E-SEMA-ANTET
100
AcDbText
 10
20.8
 20
30.2
 30
0.0
 40
1.5
  1
Drawn By /
  7
GYM
 11
20.8
 21
30.2
 31
0.0
100
AcDbText
 73
2
  0
TEXT
  5
292
330
255
100
AcDbEntity
 67
1
  8
E-SEMA-ANTET
100
AcDbText
 10
20.8
 20
28.3
 30
0.0
 40
1.5
  1
Çizen
  7
GYM
 11
20.8
 21
28.3
 31
0.0
100
AcDbText
 73
2
  0
TEXT
  5
293
330
255
100
AcDbEntity
 67
1
  8
E-SEMA-ANTET
100
AcDbText
 10
62.4
 20
29.25
 30
0.0
 40
1.8
  1
CC
  7
GYM
 72
2
 11
62.4
 21
29.25
 31
0.0
100
AcDbText
 73
2
  0
TEXT
  5
294
330
255
100
AcDbEntity
 67
1
  8
E-SEMA-ANTET
100
AcDbText
 10
20.8
 20
24.7
 30
0.0
 40
1.5
  1
Checked By /
  7
GYM
 11
20.8
 21
24.7
 31
0.0
100
AcDbText
 73
2
  0
TEXT
  5
295
330
255
100
AcDbEntity
 67
1
  8
E-SEMA-ANTET
100
AcDbText
 10
20.8
 20
22.8
 30
0.0
 40
1.5
  1
Kontrol Eden
  7
GYM
 11
20.8
 21
22.8
 31
0.0
100
AcDbText
 73
2
  0
TEXT
  5
296
330
255
100
AcDbEntity
 67
1
  8
E-SEMA-ANTET
100
AcDbText
 10
62.4
 20
23.75
 30
0.0
 40
1.8
  1
—
  7
GYM
 72
2
 11
62.4
 21
23.75
 31
0.0
100
AcDbText
 73
2
  0
TEXT
  5
297
330
255
100
AcDbEntity
 67
1
  8
E-SEMA-ANTET
100
AcDbText
 10
20.8
 20
19.2
 30
0.0
 40
1.5
  1
Approved By /
  7
GYM
 11
20.8
 21
19.2
 31
0.0
100
AcDbText
 73
2
  0
TEXT
  5
298
330
255
100
AcDbEntity
 67
1
  8
E-SEMA-ANTET
100
AcDbText
 10
20.8
 20
17.3
 30
0.0
 40
1.5
  1
Onaylayan
  7
GYM
 11
20.8
 21
17.3
 31
0.0
100
AcDbText
 73
2
  0
TEXT
  5
299
330
255
100
AcDbEntity
 67
1
  8
E-SEMA-ANTET
100
AcDbText
 10
62.4
 20
18.25
 30
0.0
 40
1.8
  1
—
  7
GYM
 72
2
 11
62.4
 21
18.25
 31
0.0
100
AcDbText
 73
2
  0
TEXT
  5
29A
330
255
100
AcDbEntity
 67
1
  8
E-SEMA-ANTET
100
AcDbText
 10
20.8
 20
13.7
 30
0.0
 40
1.5
  1
Project Date /
  7
GYM
 11
20.8
 21
13.7
 31
0.0
100
AcDbText
 73
2
  0
TEXT
  5
29B
330
255
100
AcDbEntity
 67
1
  8
E-SEMA-ANTET
100
AcDbText
 10
20.8
 20
11.8
 30
0.0
 40
1.5
  1
Proje Tarihi
  7
GYM
 11
20.8
 21
11.8
 31
0.0
100
AcDbText
 73
2
  0
TEXT
  5
29C
330
255
100
AcDbEntity
 67
1
  8
E-SEMA-ANTET
100
AcDbText
 10
62.4
 20
12.75
 30
0.0
 40
1.8
  1
17 Eylül 2026
  7
GYM
 72
2
 11
62.4
 21
12.75
 31
0.0
100
AcDbText
 73
2
  0
TEXT
  5
29D
330
255
100
AcDbEntity
 67
1
  8
E-SEMA-ANTET
100
AcDbText
 10
64.8
 20
30.2
 30
0.0
 40
1.5
  1
Customer Name /
  7
GYM
 11
64.8
 21
30.2
 31
0.0
100
AcDbText
 73
2
  0
TEXT
  5
29E
330
255
100
AcDbEntity
 67
1
  8
E-SEMA-ANTET
100
AcDbText
 10
64.8
 20
28.3
 30
0.0
 40
1.5
  1
Müşteri Adı
  7
GYM
 11
64.8
 21
28.3
 31
0.0
100
AcDbText
 73
2
  0
TEXT
  5
29F
330
255
100
AcDbEntity
 67
1
  8
E-SEMA-ANTET
100
AcDbText
 10
97.2
 20
29.25
 30
0.0
 40
2.2
  1
ÖZEL — MALTEPE / İDEALTEPE
  7
GYM
 11
97.2
 21
29.25
 31
0.0
100
AcDbText
 73
2
  0
TEXT
  5
2A0
330
255
100
AcDbEntity
 67
1
  8
E-SEMA-ANTET
100
AcDbText
 10
64.8
 20
24.7
 30
0.0
 40
1.5
  1
Project Description /
  7
GYM
 11
64.8
 21
24.7
 31
0.0
100
AcDbText
 73
2
  0
TEXT
  5
2A1
330
255
100
AcDbEntity
 67
1
  8
E-SEMA-ANTET
100
AcDbText
 10
64.8
 20
22.8
 30
0.0
 40
1.5
  1
Proje Açıklaması
  7
GYM
 11
64.8
 21
22.8
 31
0.0
100
AcDbText
 73
2
  0
TEXT
  5
2A2
330
255
100
AcDbEntity
 67
1
  8
E-SEMA-ANTET
100
AcDbText
 10
97.2
 20
23.75
 30
0.0
 40
2.2
  1
MOBİLYA MAĞAZASI → FONKSİYONEL ANTRENMAN STÜDYOSU
  7
GYM
 11
97.2
 21
23.75
 31
0.0
100
AcDbText
 73
2
  0
TEXT
  5
2A3
330
255
100
AcDbEntity
 67
1
  8
E-SEMA-ANTET
100
AcDbText
 10
64.8
 20
19.2
 30
0.0
 40
1.5
  1
Panel Name /
  7
GYM
 11
64.8
 21
19.2
 31
0.0
100
AcDbText
 73
2
  0
TEXT
  5
2A4
330
255
100
AcDbEntity
 67
1
  8
E-SEMA-ANTET
100
AcDbText
 10
64.8
 20
17.3
 30
0.0
 40
1.5
  1
Pano Adı
  7
GYM
 11
64.8
 21
17.3
 31
0.0
100
AcDbText
 73
2
  0
TEXT
  5
2A5
330
255
100
AcDbEntity
 67
1
  8
E-SEMA-ANTET
100
AcDbText
 10
97.2
 20
18.25
 30
0.0
 40
2.2
  1
ADP
  7
GYM
 11
97.2
 21
18.25
 31
0.0
100
AcDbText
 73
2
  0
TEXT
  5
2A6
330
255
100
AcDbEntity
 67
1
  8
E-SEMA-ANTET
100
AcDbText
 10
64.8
 20
13.7
 30
0.0
 40
1.5
  1
Page Description /
  7
GYM
 11
64.8
 21
13.7
 31
0.0
100
AcDbText
 73
2
  0
TEXT
  5
2A7
330
255
100
AcDbEntity
 67
1
  8
E-SEMA-ANTET
100
AcDbText
 10
64.8
 20
11.8
 30
0.0
 40
1.5
  1
Sayfa Açıklaması
  7
GYM
 11
64.8
 21
11.8
 31
0.0
100
AcDbText
 73
2
  0
TEXT
  5
2A8
330
255
100
AcDbEntity
 67
1
  8
E-SEMA-ANTET
100
AcDbText
 10
97.2
 20
12.75
 30
0.0
 40
2.2
  1
Panel Characteristics / Pano Karakteristiği
  7
GYM
 11
97.2
 21
12.75
 31
0.0
100
AcDbText
 73
2
  0
TEXT
  5
2A9
330
255
100
AcDbEntity
 67
1
  8
E-SEMA-ANTET
100
AcDbText
 10
282.8
 20
30.2
 30
0.0
 40
1.5
  1
Project Number /
  7
GYM
 11
282.8
 21
30.2
 31
0.0
100
AcDbText
 73
2
  0
TEXT
  5
2AA
330
255
100
AcDbEntity
 67
1
  8
E-SEMA-ANTET
100
AcDbText
 10
282.8
 20
28.3
 30
0.0
 40
1.5
  1
Proje Numarası
  7
GYM
 11
282.8
 21
28.3
 31
0.0
100
AcDbText
 73
2
  0
TEXT
  5
2AB
330
255
100
AcDbEntity
 67
1
  8
E-SEMA-ANTET
100
AcDbText
 10
317.2
 20
29.25
 30
0.0
 40
2.8
  1
GYM-25-001-001
  7
GYM-B
 11
317.2
 21
29.25
 31
0.0
100
AcDbText
 73
2
  0
TEXT
  5
2AC
330
255
100
AcDbEntity
 67
1
  8
E-SEMA-ANTET
100
AcDbText
 10
282.8
 20
19.2
 30
0.0
 40
1.5
  1
Revision /
  7
GYM
 11
282.8
 21
19.2
 31
0.0
100
AcDbText
 73
2
  0
TEXT
  5
2AD
330
255
100
AcDbEntity
 67
1
  8
E-SEMA-ANTET
100
AcDbText
 10
282.8
 20
17.3
 30
0.0
 40
1.5
  1
Revizyon
  7
GYM
 11
282.8
 21
17.3
 31
0.0
100
AcDbText
 73
2
  0
TEXT
  5
2AE
330
255
100
AcDbEntity
 67
1
  8
E-SEMA-ANTET
100
AcDbText
 10
317.2
 20
18.25
 30
0.0
 40
2.2
  1
Rev H
  7
GYM
 11
317.2
 21
18.25
 31
0.0
100
AcDbText
 73
2
  0
TEXT
  5
2AF
330
255
100
AcDbEntity
 67
1
  8
E-SEMA-ANTET
100
AcDbText
 10
282.8
 20
13.7
 30
0.0
 40
1.5
  1
Standards /
  7
GYM
 11
282.8
 21
13.7
 31
0.0
100
AcDbText
 73
2
  0
TEXT
  5
2B0
330
255
100
AcDbEntity
 67
1
  8
E-SEMA-ANTET
100
AcDbText
 10
282.8
 20
11.8
 30
0.0
 40
1.5
  1
Standartlar
  7
GYM
 11
282.8
 21
11.8
 31
0.0
100
AcDbText
 73
2
  0
TEXT
  5
2B1
330
255
100
AcDbEntity
 67
1
  8
E-SEMA-ANTET
100
AcDbText
 10
317.2
 20
12.75
 30
0.0
 40
1.5
  1
IEC 61439-1&2 · IEC 60617
  7
GYM
 11
317.2
 21
12.75
 31
0.0
100
AcDbText
 73
2
  0
TEXT
  5
2B2
330
255
100
AcDbEntity
 67
1
  8
E-SEMA-ANTET
100
AcDbText
 10
357.2
 20
30.25
 30
0.0
 40
1.5
  1
Sheet: /
  7
GYM
 11
357.2
 21
30.25
 31
0.0
100
AcDbText
 73
2
  0
TEXT
  5
2B3
330
255
100
AcDbEntity
 67
1
  8
E-SEMA-ANTET
100
AcDbText
 10
357.2
 20
27.85
 30
0.0
 40
1.5
  1
Sayfa
  7
GYM
 11
357.2
 21
27.85
 31
0.0
100
AcDbText
 73
2
  0
TEXT
  5
2B4
330
255
100
AcDbEntity
 67
1
  8
E-SEMA-ANTET
100
AcDbText
 10
408.0
 20
29.25
 30
0.0
 40
2.8
  1
2
  7
GYM-B
 72
2
 11
408.0
 21
29.25
 31
0.0
100
AcDbText
 73
2
  0
TEXT
  5
2B5
330
255
100
AcDbEntity
 67
1
  8
E-SEMA-ANTET
100
AcDbText
 10
357.2
 20
24.75
 30
0.0
 40
1.5
  1
Next sheet: /
  7
GYM
 11
357.2
 21
24.75
 31
0.0
100
AcDbText
 73
2
  0
TEXT
  5
2B6
330
255
100
AcDbEntity
 67
1
  8
E-SEMA-ANTET
100
AcDbText
 10
357.2
 20
22.35
 30
0.0
 40
1.5
  1
Sonraki
  7
GYM
 11
357.2
 21
22.35
 31
0.0
100
AcDbText
 73
2
  0
TEXT
  5
2B7
330
255
100
AcDbEntity
 67
1
  8
E-SEMA-ANTET
100
AcDbText
 10
408.0
 20
23.75
 30
0.0
 40
2.8
  1
3
  7
GYM-B
 72
2
 11
408.0
 21
23.75
 31
0.0
100
AcDbText
 73
2
  0
TEXT
  5
2B8
330
255
100
AcDbEntity
 67
1
  8
E-SEMA-ANTET
100
AcDbText
 10
357.2
 20
19.25
 30
0.0
 40
1.5
  1
Total sheets: /
  7
GYM
 11
357.2
 21
19.25
 31
0.0
100
AcDbText
 73
2
  0
TEXT
  5
2B9
330
255
100
AcDbEntity
 67
1
  8
E-SEMA-ANTET
100
AcDbText
 10
357.2
 20
16.85
 30
0.0
 40
1.5
  1
Toplam
  7
GYM
 11
357.2
 21
16.85
 31
0.0
100
AcDbText
 73
2
  0
TEXT
  5
2BA
330
255
100
AcDbEntity
 67
1
  8
E-SEMA-ANTET
100
AcDbText
 10
408.0
 20
18.25
 30
0.0
 40
2.8
  1
12
  7
GYM-B
 72
2
 11
408.0
 21
18.25
 31
0.0
100
AcDbText
 73
2
  0
TEXT
  5
2BB
330
255
100
AcDbEntity
 67
1
  8
E-SEMA-ANTET
100
AcDbText
 10
357.2
 20
13.75
 30
0.0
 40
1.5
  1
Sheet size /
  7
GYM
 11
357.2
 21
13.75
 31
0.0
100
AcDbText
 73
2
  0
TEXT
  5
2BC
330
255
100
AcDbEntity
 67
1
  8
E-SEMA-ANTET
100
AcDbText
 10
357.2
 20
11.35
 30
0.0
 40
1.5
  1
Kâğıt
  7
GYM
 11
357.2
 21
11.35
 31
0.0
100
AcDbText
 73
2
  0
TEXT
  5
2BD
330
255
100
AcDbEntity
 67
1
  8
E-SEMA-ANTET
100
AcDbText
 10
408.0
 20
12.75
 30
0.0
 40
2.8
  1
A3
  7
GYM-B
 72
2
 11
408.0
 21
12.75
 31
0.0
100
AcDbText
 73
2
  0
TEXT
  5
2BE
330
255
100
AcDbEntity
 67
1
  8
E-SEMA-YAZI
100
AcDbText
 10
35.0
 20
268.0
 30
0.0
 40
4.0
  1
PANO KARAKTERİSTİK TABLOSU / PANEL CHARACTERISTICS
  7
GYM-B
 11
35.0
 21
268.0
 31
0.0
100
AcDbText
 73
2
  0
TEXT
  5
2BF
330
255
100
AcDbEntity
 67
1
  8
E-SEMA-YAZI
100
AcDbText
 10
35.0
 20
260.0
 30
0.0
 40
2.8
  1
STANDARTLAR / STANDARDS
  7
GYM-B
 11
35.0
 21
260.0
 31
0.0
100
AcDbText
 73
2
  0
LINE
  5
2C0
330
255
100
AcDbEntity
 67
1
  8
E-SEMA-ANTET
370
35
100
AcDbLine
 10
35.0
 20
257.8
 30
0.0
 11
207.0
 21
257.8
 31
0.0
  0
TEXT
  5
2C1
330
255
100
AcDbEntity
 67
1
  8
E-SEMA-YAZI
100
AcDbText
 10
36.0
 20
254.0
 30
0.0
 40
1.8
  1
Tip testli pano / Type tested assembly
  7
GYM
 11
36.0
 21
254.0
 31
0.0
100
AcDbText
 73
2
  0
TEXT
  5
2C2
330
255
100
AcDbEntity
 67
1
  8
E-SEMA-YAZI
100
AcDbText
 10
206.0
 20
254.0
 30
0.0
 40
1.8
  1
IEC 61439-1 & IEC 61439-2
  7
GYM
 72
2
 11
206.0
 21
254.0
 31
0.0
100
AcDbText
 73
2
  0
TEXT
  5
2C3
330
255
100
AcDbEntity
 67
1
  8
E-SEMA-YAZI
100
AcDbText
 10
36.0
 20
249.6
 30
0.0
 40
1.8
  1
Semboller / Symbols
  7
GYM
 11
36.0
 21
249.6
 31
0.0
100
AcDbText
 73
2
  0
TEXT
  5
2C4
330
255
100
AcDbEntity
 67
1
  8
E-SEMA-YAZI
100
AcDbText
 10
206.0
 20
249.6
 30
0.0
 40
1.8
  1
IEC 60617
  7
GYM
 72
2
 11
206.0
 21
249.6
 31
0.0
100
AcDbText
 73
2
  0
TEXT
  5
2C5
330
255
100
AcDbEntity
 67
1
  8
E-SEMA-YAZI
100
AcDbText
 10
36.0
 20
245.2
 30
0.0
 40
1.8
  1
Referans işaretleri / Designations
  7
GYM
 11
36.0
 21
245.2
 31
0.0
100
AcDbText
 73
2
  0
TEXT
  5
2C6
330
255
100
AcDbEntity
 67
1
  8
E-SEMA-YAZI
100
AcDbText
 10
206.0
 20
245.2
 30
0.0
 40
1.8
  1
IEC 81346-2
  7
GYM
 72
2
 11
206.0
 21
245.2
 31
0.0
100
AcDbText
 73
2
  0
TEXT
  5
2C7
330
255
100
AcDbEntity
 67
1
  8
E-SEMA-YAZI
100
AcDbText
 10
36.0
 20
240.79999999999998
 30
0.0
 40
1.8
  1
Tesisat / Installation
  7
GYM
 11
36.0
 21
240.79999999999998
 31
0.0
100
AcDbText
 73
2
  0
TEXT
  5
2C8
330
255
100
AcDbEntity
 67
1
  8
E-SEMA-YAZI
100
AcDbText
 10
206.0
 20
240.79999999999998
 30
0.0
 40
1.8
  1
TS HD 60364 · Elektrik İç Tes. Yön.
  7
GYM
 72
2
 11
206.0
 21
240.79999999999998
 31
0.0
100
AcDbText
 73
2
  0
TEXT
  5
2C9
330
255
100
AcDbEntity
 67
1
  8
E-SEMA-YAZI
100
AcDbText
 10
35.0
 20
231.39999999999998
 30
0.0
 40
2.8
  1
BESLEME / POWER SUPPLY
  7
GYM-B
 11
35.0
 21
231.39999999999998
 31
0.0
100
AcDbText
 73
2
  0
LINE
  5
2CA
330
255
100
AcDbEntity
 67
1
  8
E-SEMA-ANTET
370
35
100
AcDbLine
 10
35.0
 20
229.2
 30
0.0
 11
207.0
 21
229.2
 31
0.0
  0
TEXT
  5
2CB
330
255
100
AcDbEntity
 67
1
  8
E-SEMA-YAZI
100
AcDbText
 10
36.0
 20
225.39999999999998
 30
0.0
 40
1.8
  1
Anma işletme gerilimi / Rated voltage
  7
GYM
 11
36.0
 21
225.39999999999998
 31
0.0
100
AcDbText
 73
2
  0
TEXT
  5
2CC
330
255
100
AcDbEntity
 67
1
  8
E-SEMA-YAZI
100
AcDbText
 10
206.0
 20
225.39999999999998
 30
0.0
 40
1.8
  1
400/230 V  50 Hz
  7
GYM
 72
2
 11
206.0
 21
225.39999999999998
 31
0.0
100
AcDbText
 73
2
  0
TEXT
  5
2CD
330
255
100
AcDbEntity
 67
1
  8
E-SEMA-YAZI
100
AcDbText
 10
36.0
 20
220.99999999999997
 30
0.0
 40
1.8
  1
Faz sayısı / Number of phases
  7
GYM
 11
36.0
 21
220.99999999999997
 31
0.0
100
AcDbText
 73
2
  0
TEXT
  5
2CE
330
255
100
AcDbEntity
 67
1
  8
E-SEMA-YAZI
100
AcDbText
 10
206.0
 20
220.99999999999997
 30
0.0
 40
1.8
  1
3F + N + PE
  7
GYM
 72
2
 11
206.0
 21
220.99999999999997
 31
0.0
100
AcDbText
 73
2
  0
TEXT
  5
2CF
330
255
100
AcDbEntity
 67
1
  8
E-SEMA-YAZI
100
AcDbText
 10
36.0
 20
216.59999999999997
 30
0.0
 40
1.8
  1
Nötr işletmesi / Neutral operation
  7
GYM
 11
36.0
 21
216.59999999999997
 31
0.0
100
AcDbText
 73
2
  0
TEXT
  5
2D0
330
255
100
AcDbEntity
 67
1
  8
E-SEMA-YAZI
100
AcDbText
 10
206.0
 20
216.59999999999997
 30
0.0
 40
1.8
  1
TN-S
  7
GYM
 72
2
 11
206.0
 21
216.59999999999997
 31
0.0
100
AcDbText
 73
2
  0
TEXT
  5
2D1
330
255
100
AcDbEntity
 67
1
  8
E-SEMA-YAZI
100
AcDbText
 10
36.0
 20
212.19999999999996
 30
0.0
 40
1.8
  1
Anma akımı / Rated current
  7
GYM
 11
36.0
 21
212.19999999999996
 31
0.0
100
AcDbText
 73
2
  0
TEXT
  5
2D2
330
255
100
AcDbEntity
 67
1
  8
E-SEMA-YAZI
100
AcDbText
 10
206.0
 20
212.19999999999996
 30
0.0
 40
1.8
  1
32 A
  7
GYM
 72
2
 11
206.0
 21
212.19999999999996
 31
0.0
100
AcDbText
 73
2
  0
TEXT
  5
2D3
330
255
100
AcDbEntity
 67
1
  8
E-SEMA-YAZI
100
AcDbText
 10
36.0
 20
207.79999999999995
 30
0.0
 40
1.8
  1
Kısa devre dayanımı / Icw
  7
GYM
 11
36.0
 21
207.79999999999995
 31
0.0
100
AcDbText
 73
2
  0
TEXT
  5
2D4
330
255
100
AcDbEntity
 67
1
  8
E-SEMA-YAZI
100
AcDbText
 10
206.0
 20
207.79999999999995
 30
0.0
 40
1.8
  1
6 kA  1 s
  7
GYM
 72
2
 11
206.0
 21
207.79999999999995
 31
0.0
100
AcDbText
 73
2
  0
TEXT
  5
2D5
330
255
100
AcDbEntity
 67
1
  8
E-SEMA-YAZI
100
AcDbText
 10
36.0
 20
203.39999999999995
 30
0.0
 40
1.8
  1
Ana besleme kablosu / Main cable
  7
GYM
 11
36.0
 21
203.39999999999995
 31
0.0
100
AcDbText
 73
2
  0
TEXT
  5
2D6
330
255
100
AcDbEntity
 67
1
  8
E-SEMA-YAZI
100
AcDbText
 10
206.0
 20
203.39999999999995
 30
0.0
 40
1.8
  1
NYY 5×10 mm² · 25 m
  7
GYM
 72
2
 11
206.0
 21
203.39999999999995
 31
0.0
100
AcDbText
 73
2
  0
TEXT
  5
2D7
330
255
100
AcDbEntity
 67
1
  8
E-SEMA-YAZI
100
AcDbText
 10
35.0
 20
193.99999999999994
 30
0.0
 40
2.8
  1
KORUMA / PROTECTION
  7
GYM-B
 11
35.0
 21
193.99999999999994
 31
0.0
100
AcDbText
 73
2
  0
LINE
  5
2D8
330
255
100
AcDbEntity
 67
1
  8
E-SEMA-ANTET
370
35
100
AcDbLine
 10
35.0
 20
191.79999999999995
 30
0.0
 11
207.0
 21
191.79999999999995
 31
0.0
  0
TEXT
  5
2D9
330
255
100
AcDbEntity
 67
1
  8
E-SEMA-YAZI
100
AcDbText
 10
36.0
 20
187.99999999999994
 30
0.0
 40
1.8
  1
Ana şalter / Main switch
  7
GYM
 11
36.0
 21
187.99999999999994
 31
0.0
100
AcDbText
 73
2
  0
TEXT
  5
2DA
330
255
100
AcDbEntity
 67
1
  8
E-SEMA-YAZI
100
AcDbText
 10
206.0
 20
187.99999999999994
 30
0.0
 40
1.8
  1
4×32 A
  7
GYM
 72
2
 11
206.0
 21
187.99999999999994
 31
0.0
100
AcDbText
 73
2
  0
TEXT
  5
2DB
330
255
100
AcDbEntity
 67
1
  8
E-SEMA-YAZI
100
AcDbText
 10
36.0
 20
183.59999999999994
 30
0.0
 40
1.8
  1
Ana kaçak akım / Main RCD
  7
GYM
 11
36.0
 21
183.59999999999994
 31
0.0
100
AcDbText
 73
2
  0
TEXT
  5
2DC
330
255
100
AcDbEntity
 67
1
  8
E-SEMA-YAZI
100
AcDbText
 10
206.0
 20
183.59999999999994
 30
0.0
 40
1.8
  1
4×40 A / 300 mA  S tipi
  7
GYM
 72
2
 11
206.0
 21
183.59999999999994
 31
0.0
100
AcDbText
 73
2
  0
TEXT
  5
2DD
330
255
100
AcDbEntity
 67
1
  8
E-SEMA-YAZI
100
AcDbText
 10
36.0
 20
179.19999999999993
 30
0.0
 40
1.8
  1
Son devre kaçak akım / Final RCD
  7
GYM
 11
36.0
 21
179.19999999999993
 31
0.0
100
AcDbText
 73
2
  0
TEXT
  5
2DE
330
255
100
AcDbEntity
 67
1
  8
E-SEMA-YAZI
100
AcDbText
 10
206.0
 20
179.19999999999993
 30
0.0
 40
1.8
  1
30 mA  A tipi
  7
GYM
 72
2
 11
206.0
 21
179.19999999999993
 31
0.0
100
AcDbText
 73
2
  0
TEXT
  5
2DF
330
255
100
AcDbEntity
 67
1
  8
E-SEMA-YAZI
100
AcDbText
 10
36.0
 20
174.79999999999993
 30
0.0
 40
1.8
  1
Aşırı gerilim / SPD
  7
GYM
 11
36.0
 21
174.79999999999993
 31
0.0
100
AcDbText
 73
2
  0
TEXT
  5
2E0
330
255
100
AcDbEntity
 67
1
  8
E-SEMA-YAZI
100
AcDbText
 10
206.0
 20
174.79999999999993
 30
0.0
 40
1.8
  1
Tip 2 · Up 1,4 kV · In 20 kA
  7
GYM
 72
2
 11
206.0
 21
174.79999999999993
 31
0.0
100
AcDbText
 73
2
  0
TEXT
  5
2E1
330
255
100
AcDbEntity
 67
1
  8
E-SEMA-YAZI
100
AcDbText
 10
36.0
 20
170.39999999999992
 30
0.0
 40
1.8
  1
Kesici eğrisi / MCB curve
  7
GYM
 11
36.0
 21
170.39999999999992
 31
0.0
100
AcDbText
 73
2
  0
TEXT
  5
2E2
330
255
100
AcDbEntity
 67
1
  8
E-SEMA-YAZI
100
AcDbText
 10
206.0
 20
170.39999999999992
 30
0.0
 40
1.8
  1
Aydınlatma B · Priz ve motor C · tümü 6 kA
  7
GYM
 72
2
 11
206.0
 21
170.39999999999992
 31
0.0
100
AcDbText
 73
2
  0
TEXT
  5
2E3
330
255
100
AcDbEntity
 67
1
  8
E-SEMA-YAZI
100
AcDbText
 10
221.0
 20
260.0
 30
0.0
 40
2.8
  1
GÖVDE / ENCLOSURE
  7
GYM-B
 11
221.0
 21
260.0
 31
0.0
100
AcDbText
 73
2
  0
LINE
  5
2E4
330
255
100
AcDbEntity
 67
1
  8
E-SEMA-ANTET
370
35
100
AcDbLine
 10
221.0
 20
257.8
 30
0.0
 11
393.0
 21
257.8
 31
0.0
  0
TEXT
  5
2E5
330
255
100
AcDbEntity
 67
1
  8
E-SEMA-YAZI
100
AcDbText
 10
222.0
 20
254.0
 30
0.0
 40
1.8
  1
Koruma sınıfı / Degree of protection
  7
GYM
 11
222.0
 21
254.0
 31
0.0
100
AcDbText
 73
2
  0
TEXT
  5
2E6
330
255
100
AcDbEntity
 67
1
  8
E-SEMA-YAZI
100
AcDbText
 10
392.0
 20
254.0
 30
0.0
 40
1.8
  1
IP 54
  7
GYM
 72
2
 11
392.0
 21
254.0
 31
0.0
100
AcDbText
 73
2
  0
TEXT
  5
2E7
330
255
100
AcDbEntity
 67
1
  8
E-SEMA-YAZI
100
AcDbText
 10
222.0
 20
249.6
 30
0.0
 40
1.8
  1
Ayrıştırma / Segregation
  7
GYM
 11
222.0
 21
249.6
 31
0.0
100
AcDbText
 73
2
  0
TEXT
  5
2E8
330
255
100
AcDbEntity
 67
1
  8
E-SEMA-YAZI
100
AcDbText
 10
392.0
 20
249.6
 30
0.0
 40
1.8
  1
Form 2b
  7
GYM
 72
2
 11
392.0
 21
249.6
 31
0.0
100
AcDbText
 73
2
  0
TEXT
  5
2E9
330
255
100
AcDbEntity
 67
1
  8
E-SEMA-YAZI
100
AcDbText
 10
222.0
 20
245.2
 30
0.0
 40
1.8
  1
Gövde / Enclosure
  7
GYM
 11
222.0
 21
245.2
 31
0.0
100
AcDbText
 73
2
  0
TEXT
  5
2EA
330
255
100
AcDbEntity
 67
1
  8
E-SEMA-YAZI
100
AcDbText
 10
392.0
 20
245.2
 30
0.0
 40
1.8
  1
Sac · RAL 7035
  7
GYM
 72
2
 11
392.0
 21
245.2
 31
0.0
100
AcDbText
 73
2
  0
TEXT
  5
2EB
330
255
100
AcDbEntity
 67
1
  8
E-SEMA-YAZI
100
AcDbText
 10
222.0
 20
240.79999999999998
 30
0.0
 40
1.8
  1
Bara / Busbar
  7
GYM
 11
222.0
 21
240.79999999999998
 31
0.0
100
AcDbText
 73
2
  0
TEXT
  5
2EC
330
255
100
AcDbEntity
 67
1
  8
E-SEMA-YAZI
100
AcDbText
 10
392.0
 20
240.79999999999998
 30
0.0
 40
1.8
  1
Bakır · nötr tam kesit
  7
GYM
 72
2
 11
392.0
 21
240.79999999999998
 31
0.0
100
AcDbText
 73
2
  0
TEXT
  5
2ED
330
255
100
AcDbEntity
 67
1
  8
E-SEMA-YAZI
100
AcDbText
 10
222.0
 20
236.39999999999998
 30
0.0
 40
1.8
  1
Montaj / Mounting
  7
GYM
 11
222.0
 21
236.39999999999998
 31
0.0
100
AcDbText
 73
2
  0
TEXT
  5
2EE
330
255
100
AcDbEntity
 67
1
  8
E-SEMA-YAZI
100
AcDbText
 10
392.0
 20
236.39999999999998
 30
0.0
 40
1.8
  1
Sabit · kapı arkası kumanda
  7
GYM
 72
2
 11
392.0
 21
236.39999999999998
 31
0.0
100
AcDbText
 73
2
  0
TEXT
  5
2EF
330
255
100
AcDbEntity
 67
1
  8
E-SEMA-YAZI
100
AcDbText
 10
222.0
 20
231.99999999999997
 30
0.0
 40
1.8
  1
Etiketleme / Labelling
  7
GYM
 11
222.0
 21
231.99999999999997
 31
0.0
100
AcDbText
 73
2
  0
TEXT
  5
2F0
330
255
100
AcDbEntity
 67
1
  8
E-SEMA-YAZI
100
AcDbText
 10
392.0
 20
231.99999999999997
 30
0.0
 40
1.8
  1
PVC · Türkçe · vidalı
  7
GYM
 72
2
 11
392.0
 21
231.99999999999997
 31
0.0
100
AcDbText
 73
2
  0
TEXT
  5
2F1
330
255
100
AcDbEntity
 67
1
  8
E-SEMA-YAZI
100
AcDbText
 10
221.0
 20
222.59999999999997
 30
0.0
 40
2.8
  1
ÖZET / SUMMARY
  7
GYM-B
 11
221.0
 21
222.59999999999997
 31
0.0
100
AcDbText
 73
2
  0
LINE
  5
2F2
330
255
100
AcDbEntity
 67
1
  8
E-SEMA-ANTET
370
35
100
AcDbLine
 10
221.0
 20
220.39999999999998
 30
0.0
 11
393.0
 21
220.39999999999998
 31
0.0
  0
TEXT
  5
2F3
330
255
100
AcDbEntity
 67
1
  8
E-SEMA-YAZI
100
AcDbText
 10
222.0
 20
216.59999999999997
 30
0.0
 40
1.8
  1
Linye sayısı / Number of circuits
  7
GYM
 11
222.0
 21
216.59999999999997
 31
0.0
100
AcDbText
 73
2
  0
TEXT
  5
2F4
330
255
100
AcDbEntity
 67
1
  8
E-SEMA-YAZI
100
AcDbText
 10
392.0
 20
216.59999999999997
 30
0.0
 40
1.8
  1
22 + 4 yedek
  7
GYM
 72
2
 11
392.0
 21
216.59999999999997
 31
0.0
100
AcDbText
 73
2
  0
TEXT
  5
2F5
330
255
100
AcDbEntity
 67
1
  8
E-SEMA-YAZI
100
AcDbText
 10
222.0
 20
212.19999999999996
 30
0.0
 40
1.8
  1
Bağlı güç / Connected load
  7
GYM
 11
222.0
 21
212.19999999999996
 31
0.0
100
AcDbText
 73
2
  0
TEXT
  5
2F6
330
255
100
AcDbEntity
 67
1
  8
E-SEMA-YAZI
100
AcDbText
 10
392.0
 20
212.19999999999996
 30
0.0
 40
1.8
  1
20,59 kW
  7
GYM
 72
2
 11
392.0
 21
212.19999999999996
 31
0.0
100
AcDbText
 73
2
  0
TEXT
  5
2F7
330
255
100
AcDbEntity
 67
1
  8
E-SEMA-YAZI
100
AcDbText
 10
222.0
 20
207.79999999999995
 30
0.0
 40
1.8
  1
Talep gücü / Demand
  7
GYM
 11
222.0
 21
207.79999999999995
 31
0.0
100
AcDbText
 73
2
  0
TEXT
  5
2F8
330
255
100
AcDbEntity
 67
1
  8
E-SEMA-YAZI
100
AcDbText
 10
392.0
 20
207.79999999999995
 30
0.0
 40
1.8
  1
14,63 kW
  7
GYM
 72
2
 11
392.0
 21
207.79999999999995
 31
0.0
100
AcDbText
 73
2
  0
TEXT
  5
2F9
330
255
100
AcDbEntity
 67
1
  8
E-SEMA-YAZI
100
AcDbText
 10
222.0
 20
203.39999999999995
 30
0.0
 40
1.8
  1
Faz dengesizliği / Imbalance
  7
GYM
 11
222.0
 21
203.39999999999995
 31
0.0
100
AcDbText
 73
2
  0
TEXT
  5
2FA
330
255
100
AcDbEntity
 67
1
  8
E-SEMA-YAZI
100
AcDbText
 10
392.0
 20
203.39999999999995
 30
0.0
 40
1.8
  1
%1,0
  7
GYM
 72
2
 11
392.0
 21
203.39999999999995
 31
0.0
100
AcDbText
 73
2
  0
TEXT
  5
2FB
330
255
100
AcDbEntity
 67
1
  8
E-SEMA-YAZI
100
AcDbText
 10
222.0
 20
198.99999999999994
 30
0.0
 40
1.8
  1
Toplam ΔU / Total voltage drop
  7
GYM
 11
222.0
 21
198.99999999999994
 31
0.0
100
AcDbText
 73
2
  0
TEXT
  5
2FC
330
255
100
AcDbEntity
 67
1
  8
E-SEMA-YAZI
100
AcDbText
 10
392.0
 20
198.99999999999994
 30
0.0
 40
1.8
  1
%2,49
  7
GYM
 72
2
 11
392.0
 21
198.99999999999994
 31
0.0
100
AcDbText
 73
2
  0
ENDBLK
  5
257
330
255
100
AcDbEntity
  8
0
100
AcDbBlockEnd
  0
BLOCK
  5
2FE
330
2FD
100
AcDbEntity
  8
0
100
AcDbBlockBegin
  2
*Paper_Space2
 70
0
 10
0.0
 20
0.0
 30
0.0
  3
*Paper_Space2
  1

  0
VIEWPORT
  5
301
330
2FD
100
AcDbEntity
 67
1
  8
VIEWPORTS
100
AcDbViewport
 10
210.0
 20
148.5
 30
0.0
 40
462.00000000000006
 41
326.70000000000005
 68
1
 69
1
 12
210.0
 22
148.5
 13
0.0
 23
0.0
 14
10.0
 24
10.0
 15
10.0
 25
10.0
 16
0.0
 26
0.0
 36
1.0
 17
0.0
 27
0.0
 37
0.0
 42
50.0
 43
0.0
 44
0.0
 45
326.70000000000005
 50
0.0
 51
0.0
 72
100
 90
557088
  1

281
0
 71
0
 74
0
110
0.0
120
0.0
130
0.0
111
1.0
121
0.0
131
0.0
112
0.0
122
1.0
132
0.0
 79
0
146
0.0
282
0
  0
LWPOLYLINE
  5
302
330
2FD
100
AcDbEntity
 67
1
  8
E-SEMA-ANTET
370
70
100
AcDbPolyline
 90
4
 70
1
 10
20.0
 20
10.0
 10
410.0
 20
10.0
 10
410.0
 20
287.0
 10
20.0
 20
287.0
  0
LWPOLYLINE
  5
303
330
2FD
100
AcDbEntity
 67
1
  8
E-SEMA-ZON
370
18
100
AcDbPolyline
 90
4
 70
1
 10
25.0
 20
32.0
 10
405.0
 20
32.0
 10
405.0
 20
282.0
 10
25.0
 20
282.0
  0
TEXT
  5
304
330
2FD
100
AcDbEntity
 67
1
  8
E-SEMA-ZON
100
AcDbText
 10
48.75
 20
284.5
 30
0.0
 40
2.2
  1
0
  7
GYM
 72
1
 11
48.75
 21
284.5
 31
0.0
100
AcDbText
 73
2
  0
LINE
  5
305
330
2FD
100
AcDbEntity
 67
1
  8
E-SEMA-ZON
370
18
100
AcDbLine
 10
72.5
 20
282.0
 30
0.0
 11
72.5
 21
287.0
 31
0.0
  0
LINE
  5
306
330
2FD
100
AcDbEntity
 67
1
  8
E-SEMA-ZON
370
18
100
AcDbLine
 10
72.5
 20
32.0
 30
0.0
 11
72.5
 21
32.0
 31
0.0
  0
TEXT
  5
307
330
2FD
100
AcDbEntity
 67
1
  8
E-SEMA-ZON
100
AcDbText
 10
96.25
 20
284.5
 30
0.0
 40
2.2
  1
1
  7
GYM
 72
1
 11
96.25
 21
284.5
 31
0.0
100
AcDbText
 73
2
  0
LINE
  5
308
330
2FD
100
AcDbEntity
 67
1
  8
E-SEMA-ZON
370
18
100
AcDbLine
 10
120.0
 20
282.0
 30
0.0
 11
120.0
 21
287.0
 31
0.0
  0
LINE
  5
309
330
2FD
100
AcDbEntity
 67
1
  8
E-SEMA-ZON
370
18
100
AcDbLine
 10
120.0
 20
32.0
 30
0.0
 11
120.0
 21
32.0
 31
0.0
  0
TEXT
  5
30A
330
2FD
100
AcDbEntity
 67
1
  8
E-SEMA-ZON
100
AcDbText
 10
143.75
 20
284.5
 30
0.0
 40
2.2
  1
2
  7
GYM
 72
1
 11
143.75
 21
284.5
 31
0.0
100
AcDbText
 73
2
  0
LINE
  5
30B
330
2FD
100
AcDbEntity
 67
1
  8
E-SEMA-ZON
370
18
100
AcDbLine
 10
167.5
 20
282.0
 30
0.0
 11
167.5
 21
287.0
 31
0.0
  0
LINE
  5
30C
330
2FD
100
AcDbEntity
 67
1
  8
E-SEMA-ZON
370
18
100
AcDbLine
 10
167.5
 20
32.0
 30
0.0
 11
167.5
 21
32.0
 31
0.0
  0
TEXT
  5
30D
330
2FD
100
AcDbEntity
 67
1
  8
E-SEMA-ZON
100
AcDbText
 10
191.25
 20
284.5
 30
0.0
 40
2.2
  1
3
  7
GYM
 72
1
 11
191.25
 21
284.5
 31
0.0
100
AcDbText
 73
2
  0
LINE
  5
30E
330
2FD
100
AcDbEntity
 67
1
  8
E-SEMA-ZON
370
18
100
AcDbLine
 10
215.0
 20
282.0
 30
0.0
 11
215.0
 21
287.0
 31
0.0
  0
LINE
  5
30F
330
2FD
100
AcDbEntity
 67
1
  8
E-SEMA-ZON
370
18
100
AcDbLine
 10
215.0
 20
32.0
 30
0.0
 11
215.0
 21
32.0
 31
0.0
  0
TEXT
  5
310
330
2FD
100
AcDbEntity
 67
1
  8
E-SEMA-ZON
100
AcDbText
 10
238.75
 20
284.5
 30
0.0
 40
2.2
  1
4
  7
GYM
 72
1
 11
238.75
 21
284.5
 31
0.0
100
AcDbText
 73
2
  0
LINE
  5
311
330
2FD
100
AcDbEntity
 67
1
  8
E-SEMA-ZON
370
18
100
AcDbLine
 10
262.5
 20
282.0
 30
0.0
 11
262.5
 21
287.0
 31
0.0
  0
LINE
  5
312
330
2FD
100
AcDbEntity
 67
1
  8
E-SEMA-ZON
370
18
100
AcDbLine
 10
262.5
 20
32.0
 30
0.0
 11
262.5
 21
32.0
 31
0.0
  0
TEXT
  5
313
330
2FD
100
AcDbEntity
 67
1
  8
E-SEMA-ZON
100
AcDbText
 10
286.25
 20
284.5
 30
0.0
 40
2.2
  1
5
  7
GYM
 72
1
 11
286.25
 21
284.5
 31
0.0
100
AcDbText
 73
2
  0
LINE
  5
314
330
2FD
100
AcDbEntity
 67
1
  8
E-SEMA-ZON
370
18
100
AcDbLine
 10
310.0
 20
282.0
 30
0.0
 11
310.0
 21
287.0
 31
0.0
  0
LINE
  5
315
330
2FD
100
AcDbEntity
 67
1
  8
E-SEMA-ZON
370
18
100
AcDbLine
 10
310.0
 20
32.0
 30
0.0
 11
310.0
 21
32.0
 31
0.0
  0
TEXT
  5
316
330
2FD
100
AcDbEntity
 67
1
  8
E-SEMA-ZON
100
AcDbText
 10
333.75
 20
284.5
 30
0.0
 40
2.2
  1
6
  7
GYM
 72
1
 11
333.75
 21
284.5
 31
0.0
100
AcDbText
 73
2
  0
LINE
  5
317
330
2FD
100
AcDbEntity
 67
1
  8
E-SEMA-ZON
370
18
100
AcDbLine
 10
357.5
 20
282.0
 30
0.0
 11
357.5
 21
287.0
 31
0.0
  0
LINE
  5
318
330
2FD
100
AcDbEntity
 67
1
  8
E-SEMA-ZON
370
18
100
AcDbLine
 10
357.5
 20
32.0
 30
0.0
 11
357.5
 21
32.0
 31
0.0
  0
TEXT
  5
319
330
2FD
100
AcDbEntity
 67
1
  8
E-SEMA-ZON
100
AcDbText
 10
381.25
 20
284.5
 30
0.0
 40
2.2
  1
7
  7
GYM
 72
1
 11
381.25
 21
284.5
 31
0.0
100
AcDbText
 73
2
  0
TEXT
  5
31A
330
2FD
100
AcDbEntity
 67
1
  8
E-SEMA-ZON
100
AcDbText
 10
22.5
 20
261.1666666666667
 30
0.0
 40
2.2
  1
A
  7
GYM
 72
1
 11
22.5
 21
261.1666666666667
 31
0.0
100
AcDbText
 73
2
  0
TEXT
  5
31B
330
2FD
100
AcDbEntity
 67
1
  8
E-SEMA-ZON
100
AcDbText
 10
407.5
 20
261.1666666666667
 30
0.0
 40
2.2
  1
A
  7
GYM
 72
1
 11
407.5
 21
261.1666666666667
 31
0.0
100
AcDbText
 73
2
  0
LINE
  5
31C
330
2FD
100
AcDbEntity
 67
1
  8
E-SEMA-ZON
370
18
100
AcDbLine
 10
20.0
 20
240.33333333333334
 30
0.0
 11
25.0
 21
240.33333333333334
 31
0.0
  0
LINE
  5
31D
330
2FD
100
AcDbEntity
 67
1
  8
E-SEMA-ZON
370
18
100
AcDbLine
 10
405.0
 20
240.33333333333334
 30
0.0
 11
410.0
 21
240.33333333333334
 31
0.0
  0
TEXT
  5
31E
330
2FD
100
AcDbEntity
 67
1
  8
E-SEMA-ZON
100
AcDbText
 10
22.5
 20
219.50000000000003
 30
0.0
 40
2.2
  1
B
  7
GYM
 72
1
 11
22.5
 21
219.50000000000003
 31
0.0
100
AcDbText
 73
2
  0
TEXT
  5
31F
330
2FD
100
AcDbEntity
 67
1
  8
E-SEMA-ZON
100
AcDbText
 10
407.5
 20
219.50000000000003
 30
0.0
 40
2.2
  1
B
  7
GYM
 72
1
 11
407.5
 21
219.50000000000003
 31
0.0
100
AcDbText
 73
2
  0
LINE
  5
320
330
2FD
100
AcDbEntity
 67
1
  8
E-SEMA-ZON
370
18
100
AcDbLine
 10
20.0
 20
198.66666666666666
 30
0.0
 11
25.0
 21
198.66666666666666
 31
0.0
  0
LINE
  5
321
330
2FD
100
AcDbEntity
 67
1
  8
E-SEMA-ZON
370
18
100
AcDbLine
 10
405.0
 20
198.66666666666666
 30
0.0
 11
410.0
 21
198.66666666666666
 31
0.0
  0
TEXT
  5
322
330
2FD
100
AcDbEntity
 67
1
  8
E-SEMA-ZON
100
AcDbText
 10
22.5
 20
177.83333333333334
 30
0.0
 40
2.2
  1
C
  7
GYM
 72
1
 11
22.5
 21
177.83333333333334
 31
0.0
100
AcDbText
 73
2
  0
TEXT
  5
323
330
2FD
100
AcDbEntity
 67
1
  8
E-SEMA-ZON
100
AcDbText
 10
407.5
 20
177.83333333333334
 30
0.0
 40
2.2
  1
C
  7
GYM
 72
1
 11
407.5
 21
177.83333333333334
 31
0.0
100
AcDbText
 73
2
  0
LINE
  5
324
330
2FD
100
AcDbEntity
 67
1
  8
E-SEMA-ZON
370
18
100
AcDbLine
 10
20.0
 20
157.0
 30
0.0
 11
25.0
 21
157.0
 31
0.0
  0
LINE
  5
325
330
2FD
100
AcDbEntity
 67
1
  8
E-SEMA-ZON
370
18
100
AcDbLine
 10
405.0
 20
157.0
 30
0.0
 11
410.0
 21
157.0
 31
0.0
  0
TEXT
  5
326
330
2FD
100
AcDbEntity
 67
1
  8
E-SEMA-ZON
100
AcDbText
 10
22.5
 20
136.16666666666669
 30
0.0
 40
2.2
  1
D
  7
GYM
 72
1
 11
22.5
 21
136.16666666666669
 31
0.0
100
AcDbText
 73
2
  0
TEXT
  5
327
330
2FD
100
AcDbEntity
 67
1
  8
E-SEMA-ZON
100
AcDbText
 10
407.5
 20
136.16666666666669
 30
0.0
 40
2.2
  1
D
  7
GYM
 72
1
 11
407.5
 21
136.16666666666669
 31
0.0
100
AcDbText
 73
2
  0
LINE
  5
328
330
2FD
100
AcDbEntity
 67
1
  8
E-SEMA-ZON
370
18
100
AcDbLine
 10
20.0
 20
115.33333333333334
 30
0.0
 11
25.0
 21
115.33333333333334
 31
0.0
  0
LINE
  5
329
330
2FD
100
AcDbEntity
 67
1
  8
E-SEMA-ZON
370
18
100
AcDbLine
 10
405.0
 20
115.33333333333334
 30
0.0
 11
410.0
 21
115.33333333333334
 31
0.0
  0
TEXT
  5
32A
330
2FD
100
AcDbEntity
 67
1
  8
E-SEMA-ZON
100
AcDbText
 10
22.5
 20
94.50000000000001
 30
0.0
 40
2.2
  1
E
  7
GYM
 72
1
 11
22.5
 21
94.50000000000001
 31
0.0
100
AcDbText
 73
2
  0
TEXT
  5
32B
330
2FD
100
AcDbEntity
 67
1
  8
E-SEMA-ZON
100
AcDbText
 10
407.5
 20
94.50000000000001
 30
0.0
 40
2.2
  1
E
  7
GYM
 72
1
 11
407.5
 21
94.50000000000001
 31
0.0
100
AcDbText
 73
2
  0
LINE
  5
32C
330
2FD
100
AcDbEntity
 67
1
  8
E-SEMA-ZON
370
18
100
AcDbLine
 10
20.0
 20
73.66666666666666
 30
0.0
 11
25.0
 21
73.66666666666666
 31
0.0
  0
LINE
  5
32D
330
2FD
100
AcDbEntity
 67
1
  8
E-SEMA-ZON
370
18
100
AcDbLine
 10
405.0
 20
73.66666666666666
 30
0.0
 11
410.0
 21
73.66666666666666
 31
0.0
  0
TEXT
  5
32E
330
2FD
100
AcDbEntity
 67
1
  8
E-SEMA-ZON
100
AcDbText
 10
22.5
 20
52.83333333333333
 30
0.0
 40
2.2
  1
F
  7
GYM
 72
1
 11
22.5
 21
52.83333333333333
 31
0.0
100
AcDbText
 73
2
  0
TEXT
  5
32F
330
2FD
100
AcDbEntity
 67
1
  8
E-SEMA-ZON
100
AcDbText
 10
407.5
 20
52.83333333333333
 30
0.0
 40
2.2
  1
F
  7
GYM
 72
1
 11
407.5
 21
52.83333333333333
 31
0.0
100
AcDbText
 73
2
  0
LWPOLYLINE
  5
330
330
2FD
100
AcDbEntity
 67
1
  8
E-SEMA-ANTET
370
50
100
AcDbPolyline
 90
4
 70
1
 10
20.0
 20
10.0
 10
410.0
 20
10.0
 10
410.0
 20
32.0
 10
20.0
 20
32.0
  0
LINE
  5
331
330
2FD
100
AcDbEntity
 67
1
  8
E-SEMA-ANTET
370
18
100
AcDbLine
 10
20.0
 20
15.5
 30
0.0
 11
410.0
 21
15.5
 31
0.0
  0
LINE
  5
332
330
2FD
100
AcDbEntity
 67
1
  8
E-SEMA-ANTET
370
18
100
AcDbLine
 10
20.0
 20
21.0
 30
0.0
 11
410.0
 21
21.0
 31
0.0
  0
LINE
  5
333
330
2FD
100
AcDbEntity
 67
1
  8
E-SEMA-ANTET
370
18
100
AcDbLine
 10
20.0
 20
26.5
 30
0.0
 11
410.0
 21
26.5
 31
0.0
  0
LINE
  5
334
330
2FD
100
AcDbEntity
 67
1
  8
E-SEMA-ANTET
370
18
100
AcDbLine
 10
64.0
 20
10.0
 30
0.0
 11
64.0
 21
32.0
 31
0.0
  0
LINE
  5
335
330
2FD
100
AcDbEntity
 67
1
  8
E-SEMA-ANTET
370
18
100
AcDbLine
 10
96.0
 20
10.0
 30
0.0
 11
96.0
 21
32.0
 31
0.0
  0
LINE
  5
336
330
2FD
100
AcDbEntity
 67
1
  8
E-SEMA-ANTET
370
18
100
AcDbLine
 10
282.0
 20
10.0
 30
0.0
 11
282.0
 21
32.0
 31
0.0
  0
LINE
  5
337
330
2FD
100
AcDbEntity
 67
1
  8
E-SEMA-ANTET
370
18
100
AcDbLine
 10
316.0
 20
10.0
 30
0.0
 11
316.0
 21
32.0
 31
0.0
  0
LINE
  5
338
330
2FD
100
AcDbEntity
 67
1
  8
E-SEMA-ANTET
370
18
100
AcDbLine
 10
356.0
 20
10.0
 30
0.0
 11
356.0
 21
32.0
 31
0.0
  0
TEXT
  5
339
330
2FD
100
AcDbEntity
 67
1
  8
E-SEMA-ANTET
100
AcDbText
 10
20.8
 20
30.2
 30
0.0
 40
1.5
  1
Drawn By /
  7
GYM
 11
20.8
 21
30.2
 31
0.0
100
AcDbText
 73
2
  0
TEXT
  5
33A
330
2FD
100
AcDbEntity
 67
1
  8
E-SEMA-ANTET
100
AcDbText
 10
20.8
 20
28.3
 30
0.0
 40
1.5
  1
Çizen
  7
GYM
 11
20.8
 21
28.3
 31
0.0
100
AcDbText
 73
2
  0
TEXT
  5
33B
330
2FD
100
AcDbEntity
 67
1
  8
E-SEMA-ANTET
100
AcDbText
 10
62.4
 20
29.25
 30
0.0
 40
1.8
  1
CC
  7
GYM
 72
2
 11
62.4
 21
29.25
 31
0.0
100
AcDbText
 73
2
  0
TEXT
  5
33C
330
2FD
100
AcDbEntity
 67
1
  8
E-SEMA-ANTET
100
AcDbText
 10
20.8
 20
24.7
 30
0.0
 40
1.5
  1
Checked By /
  7
GYM
 11
20.8
 21
24.7
 31
0.0
100
AcDbText
 73
2
  0
TEXT
  5
33D
330
2FD
100
AcDbEntity
 67
1
  8
E-SEMA-ANTET
100
AcDbText
 10
20.8
 20
22.8
 30
0.0
 40
1.5
  1
Kontrol Eden
  7
GYM
 11
20.8
 21
22.8
 31
0.0
100
AcDbText
 73
2
  0
TEXT
  5
33E
330
2FD
100
AcDbEntity
 67
1
  8
E-SEMA-ANTET
100
AcDbText
 10
62.4
 20
23.75
 30
0.0
 40
1.8
  1
—
  7
GYM
 72
2
 11
62.4
 21
23.75
 31
0.0
100
AcDbText
 73
2
  0
TEXT
  5
33F
330
2FD
100
AcDbEntity
 67
1
  8
E-SEMA-ANTET
100
AcDbText
 10
20.8
 20
19.2
 30
0.0
 40
1.5
  1
Approved By /
  7
GYM
 11
20.8
 21
19.2
 31
0.0
100
AcDbText
 73
2
  0
TEXT
  5
340
330
2FD
100
AcDbEntity
 67
1
  8
E-SEMA-ANTET
100
AcDbText
 10
20.8
 20
17.3
 30
0.0
 40
1.5
  1
Onaylayan
  7
GYM
 11
20.8
 21
17.3
 31
0.0
100
AcDbText
 73
2
  0
TEXT
  5
341
330
2FD
100
AcDbEntity
 67
1
  8
E-SEMA-ANTET
100
AcDbText
 10
62.4
 20
18.25
 30
0.0
 40
1.8
  1
—
  7
GYM
 72
2
 11
62.4
 21
18.25
 31
0.0
100
AcDbText
 73
2
  0
TEXT
  5
342
330
2FD
100
AcDbEntity
 67
1
  8
E-SEMA-ANTET
100
AcDbText
 10
20.8
 20
13.7
 30
0.0
 40
1.5
  1
Project Date /
  7
GYM
 11
20.8
 21
13.7
 31
0.0
100
AcDbText
 73
2
  0
TEXT
  5
343
330
2FD
100
AcDbEntity
 67
1
  8
E-SEMA-ANTET
100
AcDbText
 10
20.8
 20
11.8
 30
0.0
 40
1.5
  1
Proje Tarihi
  7
GYM
 11
20.8
 21
11.8
 31
0.0
100
AcDbText
 73
2
  0
TEXT
  5
344
330
2FD
100
AcDbEntity
 67
1
  8
E-SEMA-ANTET
100
AcDbText
 10
62.4
 20
12.75
 30
0.0
 40
1.8
  1
17 Eylül 2026
  7
GYM
 72
2
 11
62.4
 21
12.75
 31
0.0
100
AcDbText
 73
2
  0
TEXT
  5
345
330
2FD
100
AcDbEntity
 67
1
  8
E-SEMA-ANTET
100
AcDbText
 10
64.8
 20
30.2
 30
0.0
 40
1.5
  1
Customer Name /
  7
GYM
 11
64.8
 21
30.2
 31
0.0
100
AcDbText
 73
2
  0
TEXT
  5
346
330
2FD
100
AcDbEntity
 67
1
  8
E-SEMA-ANTET
100
AcDbText
 10
64.8
 20
28.3
 30
0.0
 40
1.5
  1
Müşteri Adı
  7
GYM
 11
64.8
 21
28.3
 31
0.0
100
AcDbText
 73
2
  0
TEXT
  5
347
330
2FD
100
AcDbEntity
 67
1
  8
E-SEMA-ANTET
100
AcDbText
 10
97.2
 20
29.25
 30
0.0
 40
2.2
  1
ÖZEL — MALTEPE / İDEALTEPE
  7
GYM
 11
97.2
 21
29.25
 31
0.0
100
AcDbText
 73
2
  0
TEXT
  5
348
330
2FD
100
AcDbEntity
 67
1
  8
E-SEMA-ANTET
100
AcDbText
 10
64.8
 20
24.7
 30
0.0
 40
1.5
  1
Project Description /
  7
GYM
 11
64.8
 21
24.7
 31
0.0
100
AcDbText
 73
2
  0
TEXT
  5
349
330
2FD
100
AcDbEntity
 67
1
  8
E-SEMA-ANTET
100
AcDbText
 10
64.8
 20
22.8
 30
0.0
 40
1.5
  1
Proje Açıklaması
  7
GYM
 11
64.8
 21
22.8
 31
0.0
100
AcDbText
 73
2
  0
TEXT
  5
34A
330
2FD
100
AcDbEntity
 67
1
  8
E-SEMA-ANTET
100
AcDbText
 10
97.2
 20
23.75
 30
0.0
 40
2.2
  1
MOBİLYA MAĞAZASI → FONKSİYONEL ANTRENMAN STÜDYOSU
  7
GYM
 11
97.2
 21
23.75
 31
0.0
100
AcDbText
 73
2
  0
TEXT
  5
34B
330
2FD
100
AcDbEntity
 67
1
  8
E-SEMA-ANTET
100
AcDbText
 10
64.8
 20
19.2
 30
0.0
 40
1.5
  1
Panel Name /
  7
GYM
 11
64.8
 21
19.2
 31
0.0
100
AcDbText
 73
2
  0
TEXT
  5
34C
330
2FD
100
AcDbEntity
 67
1
  8
E-SEMA-ANTET
100
AcDbText
 10
64.8
 20
17.3
 30
0.0
 40
1.5
  1
Pano Adı
  7
GYM
 11
64.8
 21
17.3
 31
0.0
100
AcDbText
 73
2
  0
TEXT
  5
34D
330
2FD
100
AcDbEntity
 67
1
  8
E-SEMA-ANTET
100
AcDbText
 10
97.2
 20
18.25
 30
0.0
 40
2.2
  1
ADP
  7
GYM
 11
97.2
 21
18.25
 31
0.0
100
AcDbText
 73
2
  0
TEXT
  5
34E
330
2FD
100
AcDbEntity
 67
1
  8
E-SEMA-ANTET
100
AcDbText
 10
64.8
 20
13.7
 30
0.0
 40
1.5
  1
Page Description /
  7
GYM
 11
64.8
 21
13.7
 31
0.0
100
AcDbText
 73
2
  0
TEXT
  5
34F
330
2FD
100
AcDbEntity
 67
1
  8
E-SEMA-ANTET
100
AcDbText
 10
64.8
 20
11.8
 30
0.0
 40
1.5
  1
Sayfa Açıklaması
  7
GYM
 11
64.8
 21
11.8
 31
0.0
100
AcDbText
 73
2
  0
TEXT
  5
350
330
2FD
100
AcDbEntity
 67
1
  8
E-SEMA-ANTET
100
AcDbText
 10
97.2
 20
12.75
 30
0.0
 40
2.2
  1
Symbol List / Sembol Listesi
  7
GYM
 11
97.2
 21
12.75
 31
0.0
100
AcDbText
 73
2
  0
TEXT
  5
351
330
2FD
100
AcDbEntity
 67
1
  8
E-SEMA-ANTET
100
AcDbText
 10
282.8
 20
30.2
 30
0.0
 40
1.5
  1
Project Number /
  7
GYM
 11
282.8
 21
30.2
 31
0.0
100
AcDbText
 73
2
  0
TEXT
  5
352
330
2FD
100
AcDbEntity
 67
1
  8
E-SEMA-ANTET
100
AcDbText
 10
282.8
 20
28.3
 30
0.0
 40
1.5
  1
Proje Numarası
  7
GYM
 11
282.8
 21
28.3
 31
0.0
100
AcDbText
 73
2
  0
TEXT
  5
353
330
2FD
100
AcDbEntity
 67
1
  8
E-SEMA-ANTET
100
AcDbText
 10
317.2
 20
29.25
 30
0.0
 40
2.8
  1
GYM-25-001-001
  7
GYM-B
 11
317.2
 21
29.25
 31
0.0
100
AcDbText
 73
2
  0
TEXT
  5
354
330
2FD
100
AcDbEntity
 67
1
  8
E-SEMA-ANTET
100
AcDbText
 10
282.8
 20
19.2
 30
0.0
 40
1.5
  1
Revision /
  7
GYM
 11
282.8
 21
19.2
 31
0.0
100
AcDbText
 73
2
  0
TEXT
  5
355
330
2FD
100
AcDbEntity
 67
1
  8
E-SEMA-ANTET
100
AcDbText
 10
282.8
 20
17.3
 30
0.0
 40
1.5
  1
Revizyon
  7
GYM
 11
282.8
 21
17.3
 31
0.0
100
AcDbText
 73
2
  0
TEXT
  5
356
330
2FD
100
AcDbEntity
 67
1
  8
E-SEMA-ANTET
100
AcDbText
 10
317.2
 20
18.25
 30
0.0
 40
2.2
  1
Rev H
  7
GYM
 11
317.2
 21
18.25
 31
0.0
100
AcDbText
 73
2
  0
TEXT
  5
357
330
2FD
100
AcDbEntity
 67
1
  8
E-SEMA-ANTET
100
AcDbText
 10
282.8
 20
13.7
 30
0.0
 40
1.5
  1
Standards /
  7
GYM
 11
282.8
 21
13.7
 31
0.0
100
AcDbText
 73
2
  0
TEXT
  5
358
330
2FD
100
AcDbEntity
 67
1
  8
E-SEMA-ANTET
100
AcDbText
 10
282.8
 20
11.8
 30
0.0
 40
1.5
  1
Standartlar
  7
GYM
 11
282.8
 21
11.8
 31
0.0
100
AcDbText
 73
2
  0
TEXT
  5
359
330
2FD
100
AcDbEntity
 67
1
  8
E-SEMA-ANTET
100
AcDbText
 10
317.2
 20
12.75
 30
0.0
 40
1.5
  1
IEC 61439-1&2 · IEC 60617
  7
GYM
 11
317.2
 21
12.75
 31
0.0
100
AcDbText
 73
2
  0
TEXT
  5
35A
330
2FD
100
AcDbEntity
 67
1
  8
E-SEMA-ANTET
100
AcDbText
 10
357.2
 20
30.25
 30
0.0
 40
1.5
  1
Sheet: /
  7
GYM
 11
357.2
 21
30.25
 31
0.0
100
AcDbText
 73
2
  0
TEXT
  5
35B
330
2FD
100
AcDbEntity
 67
1
  8
E-SEMA-ANTET
100
AcDbText
 10
357.2
 20
27.85
 30
0.0
 40
1.5
  1
Sayfa
  7
GYM
 11
357.2
 21
27.85
 31
0.0
100
AcDbText
 73
2
  0
TEXT
  5
35C
330
2FD
100
AcDbEntity
 67
1
  8
E-SEMA-ANTET
100
AcDbText
 10
408.0
 20
29.25
 30
0.0
 40
2.8
  1
3
  7
GYM-B
 72
2
 11
408.0
 21
29.25
 31
0.0
100
AcDbText
 73
2
  0
TEXT
  5
35D
330
2FD
100
AcDbEntity
 67
1
  8
E-SEMA-ANTET
100
AcDbText
 10
357.2
 20
24.75
 30
0.0
 40
1.5
  1
Next sheet: /
  7
GYM
 11
357.2
 21
24.75
 31
0.0
100
AcDbText
 73
2
  0
TEXT
  5
35E
330
2FD
100
AcDbEntity
 67
1
  8
E-SEMA-ANTET
100
AcDbText
 10
357.2
 20
22.35
 30
0.0
 40
1.5
  1
Sonraki
  7
GYM
 11
357.2
 21
22.35
 31
0.0
100
AcDbText
 73
2
  0
TEXT
  5
35F
330
2FD
100
AcDbEntity
 67
1
  8
E-SEMA-ANTET
100
AcDbText
 10
408.0
 20
23.75
 30
0.0
 40
2.8
  1
4
  7
GYM-B
 72
2
 11
408.0
 21
23.75
 31
0.0
100
AcDbText
 73
2
  0
TEXT
  5
360
330
2FD
100
AcDbEntity
 67
1
  8
E-SEMA-ANTET
100
AcDbText
 10
357.2
 20
19.25
 30
0.0
 40
1.5
  1
Total sheets: /
  7
GYM
 11
357.2
 21
19.25
 31
0.0
100
AcDbText
 73
2
  0
TEXT
  5
361
330
2FD
100
AcDbEntity
 67
1
  8
E-SEMA-ANTET
100
AcDbText
 10
357.2
 20
16.85
 30
0.0
 40
1.5
  1
Toplam
  7
GYM
 11
357.2
 21
16.85
 31
0.0
100
AcDbText
 73
2
  0
TEXT
  5
362
330
2FD
100
AcDbEntity
 67
1
  8
E-SEMA-ANTET
100
AcDbText
 10
408.0
 20
18.25
 30
0.0
 40
2.8
  1
12
  7
GYM-B
 72
2
 11
408.0
 21
18.25
 31
0.0
100
AcDbText
 73
2
  0
TEXT
  5
363
330
2FD
100
AcDbEntity
 67
1
  8
E-SEMA-ANTET
100
AcDbText
 10
357.2
 20
13.75
 30
0.0
 40
1.5
  1
Sheet size /
  7
GYM
 11
357.2
 21
13.75
 31
0.0
100
AcDbText
 73
2
  0
TEXT
  5
364
330
2FD
100
AcDbEntity
 67
1
  8
E-SEMA-ANTET
100
AcDbText
 10
357.2
 20
11.35
 30
0.0
 40
1.5
  1
Kâğıt
  7
GYM
 11
357.2
 21
11.35
 31
0.0
100
AcDbText
 73
2
  0
TEXT
  5
365
330
2FD
100
AcDbEntity
 67
1
  8
E-SEMA-ANTET
100
AcDbText
 10
408.0
 20
12.75
 30
0.0
 40
2.8
  1
A3
  7
GYM-B
 72
2
 11
408.0
 21
12.75
 31
0.0
100
AcDbText
 73
2
  0
TEXT
  5
366
330
2FD
100
AcDbEntity
 67
1
  8
E-SEMA-YAZI
100
AcDbText
 10
35.0
 20
268.0
 30
0.0
 40
4.0
  1
SEMBOL LİSTESİ / SYMBOL LIST — IEC 60617
  7
GYM-B
 11
35.0
 21
268.0
 31
0.0
100
AcDbText
 73
2
  0
LINE
  5
367
330
2FD
100
AcDbEntity
 67
1
  8
E-SEMA-TEL
370
25
100
AcDbLine
 10
49.0
 20
261.0
 30
0.0
 11
49.0
 21
258.8
 31
0.0
  0
HATCH
  5
368
330
2FD
100
AcDbEntity
 67
1
  8
E-SEMA-SEMBOL
 62
7
100
AcDbHatch
 10
0.0
 20
0.0
 30
0.0
210
0.0
220
0.0
230
1.0
  2
SOLID
 70
1
 71
0
 91
1
 92
1
 93
1
 72
2
 10
49.0
 20
258.8
 40
0.35
 50
0.0
 51
360.0
 73
1
 97
0
 75
0
 76
1
 98
0
  0
LINE
  5
369
330
2FD
100
AcDbEntity
 67
1
  8
E-SEMA-SEMBOL
370
35
100
AcDbLine
 10
49.0
 20
258.8
 30
0.0
 11
52.0
 21
253.0
 31
0.0
  0
LINE
  5
36A
330
2FD
100
AcDbEntity
 67
1
  8
E-SEMA-TEL
370
25
100
AcDbLine
 10
49.0
 20
252.6
 30
0.0
 11
49.0
 21
251.0
 31
0.0
  0
LWPOLYLINE
  5
36B
330
2FD
100
AcDbEntity
 67
1
  8
E-SEMA-SEMBOL
370
25
100
AcDbPolyline
 90
4
 70
1
 10
49.9
 20
252.6
 10
51.3
 20
252.6
 10
51.3
 20
255.6
 10
49.9
 20
255.6
  0
TEXT
  5
36C
330
2FD
100
AcDbEntity
 67
1
  8
E-SEMA-YAZI
100
AcDbText
 10
71.0
 20
256.0
 30
0.0
 40
2.2
  1
-F
  7
GYM-B
 11
71.0
 21
256.0
 31
0.0
100
AcDbText
 73
2
  0
TEXT
  5
36D
330
2FD
100
AcDbEntity
 67
1
  8
E-SEMA-YAZI
100
AcDbText
 10
87.0
 20
256.0
 30
0.0
 40
2.2
  1
Otomatik sigorta, 1 kutup / MCB 1P
  7
GYM
 11
87.0
 21
256.0
 31
0.0
100
AcDbText
 73
2
  0
LINE
  5
36E
330
2FD
100
AcDbEntity
 67
1
  8
E-SEMA-TEL
370
25
100
AcDbLine
 10
49.0
 20
247.0
 30
0.0
 11
49.0
 21
244.8
 31
0.0
  0
HATCH
  5
36F
330
2FD
100
AcDbEntity
 67
1
  8
E-SEMA-SEMBOL
 62
7
100
AcDbHatch
 10
0.0
 20
0.0
 30
0.0
210
0.0
220
0.0
230
1.0
  2
SOLID
 70
1
 71
0
 91
1
 92
1
 93
1
 72
2
 10
49.0
 20
244.8
 40
0.35
 50
0.0
 51
360.0
 73
1
 97
0
 75
0
 76
1
 98
0
  0
LINE
  5
370
330
2FD
100
AcDbEntity
 67
1
  8
E-SEMA-SEMBOL
370
35
100
AcDbLine
 10
49.0
 20
244.8
 30
0.0
 11
52.0
 21
239.0
 31
0.0
  0
LINE
  5
371
330
2FD
100
AcDbEntity
 67
1
  8
E-SEMA-TEL
370
25
100
AcDbLine
 10
49.0
 20
238.6
 30
0.0
 11
49.0
 21
237.0
 31
0.0
  0
LWPOLYLINE
  5
372
330
2FD
100
AcDbEntity
 67
1
  8
E-SEMA-SEMBOL
370
25
100
AcDbPolyline
 90
4
 70
1
 10
49.9
 20
238.6
 10
51.3
 20
238.6
 10
51.3
 20
241.6
 10
49.9
 20
241.6
  0
LINE
  5
373
330
2FD
100
AcDbEntity
 67
1
  8
E-SEMA-TEL
370
25
100
AcDbLine
 10
53.0
 20
247.0
 30
0.0
 11
53.0
 21
244.8
 31
0.0
  0
HATCH
  5
374
330
2FD
100
AcDbEntity
 67
1
  8
E-SEMA-SEMBOL
 62
7
100
AcDbHatch
 10
0.0
 20
0.0
 30
0.0
210
0.0
220
0.0
230
1.0
  2
SOLID
 70
1
 71
0
 91
1
 92
1
 93
1
 72
2
 10
53.0
 20
244.8
 40
0.35
 50
0.0
 51
360.0
 73
1
 97
0
 75
0
 76
1
 98
0
  0
LINE
  5
375
330
2FD
100
AcDbEntity
 67
1
  8
E-SEMA-SEMBOL
370
35
100
AcDbLine
 10
53.0
 20
244.8
 30
0.0
 11
56.0
 21
239.0
 31
0.0
  0
LINE
  5
376
330
2FD
100
AcDbEntity
 67
1
  8
E-SEMA-TEL
370
25
100
AcDbLine
 10
53.0
 20
238.6
 30
0.0
 11
53.0
 21
237.0
 31
0.0
  0
LWPOLYLINE
  5
377
330
2FD
100
AcDbEntity
 67
1
  8
E-SEMA-SEMBOL
370
25
100
AcDbPolyline
 90
4
 70
1
 10
53.9
 20
238.6
 10
55.3
 20
238.6
 10
55.3
 20
241.6
 10
53.9
 20
241.6
  0
LINE
  5
378
330
2FD
100
AcDbEntity
 67
1
  8
E-SEMA-SEMBOL
  6
DASHED
370
18
100
AcDbLine
 10
49.0
 20
244.4
 30
0.0
 11
53.0
 21
244.4
 31
0.0
  0
TEXT
  5
379
330
2FD
100
AcDbEntity
 67
1
  8
E-SEMA-YAZI
100
AcDbText
 10
71.0
 20
242.0
 30
0.0
 40
2.2
  1
-F
  7
GYM-B
 11
71.0
 21
242.0
 31
0.0
100
AcDbText
 73
2
  0
TEXT
  5
37A
330
2FD
100
AcDbEntity
 67
1
  8
E-SEMA-YAZI
100
AcDbText
 10
87.0
 20
242.0
 30
0.0
 40
2.2
  1
Otomatik sigorta, 1F+N / MCB 1P+N
  7
GYM
 11
87.0
 21
242.0
 31
0.0
100
AcDbText
 73
2
  0
LINE
  5
37B
330
2FD
100
AcDbEntity
 67
1
  8
E-SEMA-TEL
370
25
100
AcDbLine
 10
49.0
 20
233.0
 30
0.0
 11
49.0
 21
231.68
 31
0.0
  0
HATCH
  5
37C
330
2FD
100
AcDbEntity
 67
1
  8
E-SEMA-SEMBOL
 62
7
100
AcDbHatch
 10
0.0
 20
0.0
 30
0.0
210
0.0
220
0.0
230
1.0
  2
SOLID
 70
1
 71
0
 91
1
 92
1
 93
1
 72
2
 10
49.0
 20
231.68
 40
0.35
 50
0.0
 51
360.0
 73
1
 97
0
 75
0
 76
1
 98
0
  0
LINE
  5
37D
330
2FD
100
AcDbEntity
 67
1
  8
E-SEMA-SEMBOL
370
35
100
AcDbLine
 10
49.0
 20
231.68
 30
0.0
 11
50.8
 21
228.2
 31
0.0
  0
LINE
  5
37E
330
2FD
100
AcDbEntity
 67
1
  8
E-SEMA-TEL
370
25
100
AcDbLine
 10
49.0
 20
227.96
 30
0.0
 11
49.0
 21
227.0
 31
0.0
  0
LWPOLYLINE
  5
37F
330
2FD
100
AcDbEntity
 67
1
  8
E-SEMA-SEMBOL
370
25
100
AcDbPolyline
 90
4
 70
1
 10
49.9
 20
227.96
 10
51.3
 20
227.96
 10
51.3
 20
229.76
 10
49.9
 20
229.76
  0
LINE
  5
380
330
2FD
100
AcDbEntity
 67
1
  8
E-SEMA-TEL
370
25
100
AcDbLine
 10
53.0
 20
233.0
 30
0.0
 11
53.0
 21
231.68
 31
0.0
  0
HATCH
  5
381
330
2FD
100
AcDbEntity
 67
1
  8
E-SEMA-SEMBOL
 62
7
100
AcDbHatch
 10
0.0
 20
0.0
 30
0.0
210
0.0
220
0.0
230
1.0
  2
SOLID
 70
1
 71
0
 91
1
 92
1
 93
1
 72
2
 10
53.0
 20
231.68
 40
0.35
 50
0.0
 51
360.0
 73
1
 97
0
 75
0
 76
1
 98
0
  0
LINE
  5
382
330
2FD
100
AcDbEntity
 67
1
  8
E-SEMA-SEMBOL
370
35
100
AcDbLine
 10
53.0
 20
231.68
 30
0.0
 11
54.8
 21
228.2
 31
0.0
  0
LINE
  5
383
330
2FD
100
AcDbEntity
 67
1
  8
E-SEMA-TEL
370
25
100
AcDbLine
 10
53.0
 20
227.96
 30
0.0
 11
53.0
 21
227.0
 31
0.0
  0
LWPOLYLINE
  5
384
330
2FD
100
AcDbEntity
 67
1
  8
E-SEMA-SEMBOL
370
25
100
AcDbPolyline
 90
4
 70
1
 10
53.9
 20
227.96
 10
55.3
 20
227.96
 10
55.3
 20
229.76
 10
53.9
 20
229.76
  0
LWPOLYLINE
  5
385
330
2FD
100
AcDbEntity
 67
1
  8
E-SEMA-SEMBOL
370
35
100
AcDbPolyline
 90
4
 70
1
 10
46.4
 20
223.0
 10
55.6
 20
223.0
 10
55.6
 20
227.0
 10
46.4
 20
227.0
  0
TEXT
  5
386
330
2FD
100
AcDbEntity
 67
1
  8
E-SEMA-SEMBOL
100
AcDbText
 10
51.0
 20
225.0
 30
0.0
 40
1.8
  1
I
  7
GYM
 72
1
 11
51.0
 21
225.0
 31
0.0
100
AcDbText
 73
2
  0
TEXT
  5
387
330
2FD
100
AcDbEntity
 67
1
  8
E-SEMA-YAZI
100
AcDbText
 10
71.0
 20
228.0
 30
0.0
 40
2.2
  1
-ID
  7
GYM-B
 11
71.0
 21
228.0
 31
0.0
100
AcDbText
 73
2
  0
TEXT
  5
388
330
2FD
100
AcDbEntity
 67
1
  8
E-SEMA-YAZI
100
AcDbText
 10
87.0
 20
228.0
 30
0.0
 40
2.2
  1
Kaçak akım rölesi 2 kutup / RCD 2P
  7
GYM
 11
87.0
 21
228.0
 31
0.0
100
AcDbText
 73
2
  0
LINE
  5
389
330
2FD
100
AcDbEntity
 67
1
  8
E-SEMA-TEL
370
25
100
AcDbLine
 10
49.0
 20
219.0
 30
0.0
 11
49.0
 21
217.68
 31
0.0
  0
HATCH
  5
38A
330
2FD
100
AcDbEntity
 67
1
  8
E-SEMA-SEMBOL
 62
7
100
AcDbHatch
 10
0.0
 20
0.0
 30
0.0
210
0.0
220
0.0
230
1.0
  2
SOLID
 70
1
 71
0
 91
1
 92
1
 93
1
 72
2
 10
49.0
 20
217.68
 40
0.35
 50
0.0
 51
360.0
 73
1
 97
0
 75
0
 76
1
 98
0
  0
LINE
  5
38B
330
2FD
100
AcDbEntity
 67
1
  8
E-SEMA-SEMBOL
370
35
100
AcDbLine
 10
49.0
 20
217.68
 30
0.0
 11
50.8
 21
214.2
 31
0.0
  0
LINE
  5
38C
330
2FD
100
AcDbEntity
 67
1
  8
E-SEMA-TEL
370
25
100
AcDbLine
 10
49.0
 20
213.96
 30
0.0
 11
49.0
 21
213.0
 31
0.0
  0
LWPOLYLINE
  5
38D
330
2FD
100
AcDbEntity
 67
1
  8
E-SEMA-SEMBOL
370
25
100
AcDbPolyline
 90
4
 70
1
 10
49.9
 20
213.96
 10
51.3
 20
213.96
 10
51.3
 20
215.76
 10
49.9
 20
215.76
  0
LINE
  5
38E
330
2FD
100
AcDbEntity
 67
1
  8
E-SEMA-TEL
370
25
100
AcDbLine
 10
53.0
 20
219.0
 30
0.0
 11
53.0
 21
217.68
 31
0.0
  0
HATCH
  5
38F
330
2FD
100
AcDbEntity
 67
1
  8
E-SEMA-SEMBOL
 62
7
100
AcDbHatch
 10
0.0
 20
0.0
 30
0.0
210
0.0
220
0.0
230
1.0
  2
SOLID
 70
1
 71
0
 91
1
 92
1
 93
1
 72
2
 10
53.0
 20
217.68
 40
0.35
 50
0.0
 51
360.0
 73
1
 97
0
 75
0
 76
1
 98
0
  0
LINE
  5
390
330
2FD
100
AcDbEntity
 67
1
  8
E-SEMA-SEMBOL
370
35
100
AcDbLine
 10
53.0
 20
217.68
 30
0.0
 11
54.8
 21
214.2
 31
0.0
  0
LINE
  5
391
330
2FD
100
AcDbEntity
 67
1
  8
E-SEMA-TEL
370
25
100
AcDbLine
 10
53.0
 20
213.96
 30
0.0
 11
53.0
 21
213.0
 31
0.0
  0
LWPOLYLINE
  5
392
330
2FD
100
AcDbEntity
 67
1
  8
E-SEMA-SEMBOL
370
25
100
AcDbPolyline
 90
4
 70
1
 10
53.9
 20
213.96
 10
55.3
 20
213.96
 10
55.3
 20
215.76
 10
53.9
 20
215.76
  0
LINE
  5
393
330
2FD
100
AcDbEntity
 67
1
  8
E-SEMA-TEL
370
25
100
AcDbLine
 10
57.0
 20
219.0
 30
0.0
 11
57.0
 21
217.68
 31
0.0
  0
HATCH
  5
394
330
2FD
100
AcDbEntity
 67
1
  8
E-SEMA-SEMBOL
 62
7
100
AcDbHatch
 10
0.0
 20
0.0
 30
0.0
210
0.0
220
0.0
230
1.0
  2
SOLID
 70
1
 71
0
 91
1
 92
1
 93
1
 72
2
 10
57.0
 20
217.68
 40
0.35
 50
0.0
 51
360.0
 73
1
 97
0
 75
0
 76
1
 98
0
  0
LINE
  5
395
330
2FD
100
AcDbEntity
 67
1
  8
E-SEMA-SEMBOL
370
35
100
AcDbLine
 10
57.0
 20
217.68
 30
0.0
 11
58.8
 21
214.2
 31
0.0
  0
LINE
  5
396
330
2FD
100
AcDbEntity
 67
1
  8
E-SEMA-TEL
370
25
100
AcDbLine
 10
57.0
 20
213.96
 30
0.0
 11
57.0
 21
213.0
 31
0.0
  0
LWPOLYLINE
  5
397
330
2FD
100
AcDbEntity
 67
1
  8
E-SEMA-SEMBOL
370
25
100
AcDbPolyline
 90
4
 70
1
 10
57.9
 20
213.96
 10
59.3
 20
213.96
 10
59.3
 20
215.76
 10
57.9
 20
215.76
  0
LINE
  5
398
330
2FD
100
AcDbEntity
 67
1
  8
E-SEMA-TEL
370
25
100
AcDbLine
 10
61.0
 20
219.0
 30
0.0
 11
61.0
 21
217.68
 31
0.0
  0
HATCH
  5
399
330
2FD
100
AcDbEntity
 67
1
  8
E-SEMA-SEMBOL
 62
7
100
AcDbHatch
 10
0.0
 20
0.0
 30
0.0
210
0.0
220
0.0
230
1.0
  2
SOLID
 70
1
 71
0
 91
1
 92
1
 93
1
 72
2
 10
61.0
 20
217.68
 40
0.35
 50
0.0
 51
360.0
 73
1
 97
0
 75
0
 76
1
 98
0
  0
LINE
  5
39A
330
2FD
100
AcDbEntity
 67
1
  8
E-SEMA-SEMBOL
370
35
100
AcDbLine
 10
61.0
 20
217.68
 30
0.0
 11
62.8
 21
214.2
 31
0.0
  0
LINE
  5
39B
330
2FD
100
AcDbEntity
 67
1
  8
E-SEMA-TEL
370
25
100
AcDbLine
 10
61.0
 20
213.96
 30
0.0
 11
61.0
 21
213.0
 31
0.0
  0
LWPOLYLINE
  5
39C
330
2FD
100
AcDbEntity
 67
1
  8
E-SEMA-SEMBOL
370
25
100
AcDbPolyline
 90
4
 70
1
 10
61.9
 20
213.96
 10
63.3
 20
213.96
 10
63.3
 20
215.76
 10
61.9
 20
215.76
  0
LWPOLYLINE
  5
39D
330
2FD
100
AcDbEntity
 67
1
  8
E-SEMA-SEMBOL
370
35
100
AcDbPolyline
 90
4
 70
1
 10
46.4
 20
209.0
 10
63.6
 20
209.0
 10
63.6
 20
213.0
 10
46.4
 20
213.0
  0
TEXT
  5
39E
330
2FD
100
AcDbEntity
 67
1
  8
E-SEMA-SEMBOL
100
AcDbText
 10
55.0
 20
211.0
 30
0.0
 40
1.8
  1
I
  7
GYM
 72
1
 11
55.0
 21
211.0
 31
0.0
100
AcDbText
 73
2
  0
TEXT
  5
39F
330
2FD
100
AcDbEntity
 67
1
  8
E-SEMA-YAZI
100
AcDbText
 10
71.0
 20
214.0
 30
0.0
 40
2.2
  1
-ID
  7
GYM-B
 11
71.0
 21
214.0
 31
0.0
100
AcDbText
 73
2
  0
TEXT
  5
3A0
330
2FD
100
AcDbEntity
 67
1
  8
E-SEMA-YAZI
100
AcDbText
 10
87.0
 20
214.0
 30
0.0
 40
2.2
  1
Kaçak akım rölesi 4 kutup / RCD 4P
  7
GYM
 11
87.0
 21
214.0
 31
0.0
100
AcDbText
 73
2
  0
LWPOLYLINE
  5
3A1
330
2FD
100
AcDbEntity
 67
1
  8
E-SEMA-SEMBOL
370
35
100
AcDbPolyline
 90
4
 70
1
 10
47.4
 20
196.0
 10
50.6
 20
196.0
 10
50.6
 20
204.0
 10
47.4
 20
204.0
  0
LINE
  5
3A2
330
2FD
100
AcDbEntity
 67
1
  8
E-SEMA-SEMBOL
370
25
100
AcDbLine
 10
47.4
 20
196.0
 30
0.0
 11
50.6
 21
204.0
 31
0.0
  0
TEXT
  5
3A3
330
2FD
100
AcDbEntity
 67
1
  8
E-SEMA-YAZI
100
AcDbText
 10
71.0
 20
200.0
 30
0.0
 40
2.2
  1
-F0
  7
GYM-B
 11
71.0
 21
200.0
 31
0.0
100
AcDbText
 73
2
  0
TEXT
  5
3A4
330
2FD
100
AcDbEntity
 67
1
  8
E-SEMA-YAZI
100
AcDbText
 10
87.0
 20
200.0
 30
0.0
 40
2.2
  1
Aşırı gerilim koruma Tip 2 / SPD Type 2
  7
GYM
 11
87.0
 21
200.0
 31
0.0
100
AcDbText
 73
2
  0
CIRCLE
  5
3A5
330
2FD
100
AcDbEntity
 67
1
  8
E-SEMA-KLEMENS
370
25
100
AcDbCircle
 10
49.0
 20
186.0
 30
0.0
 40
0.8
  0
TEXT
  5
3A6
330
2FD
100
AcDbEntity
 67
1
  8
E-SEMA-YAZI
100
AcDbText
 10
71.0
 20
186.0
 30
0.0
 40
2.2
  1
-X
  7
GYM-B
 11
71.0
 21
186.0
 31
0.0
100
AcDbText
 73
2
  0
TEXT
  5
3A7
330
2FD
100
AcDbEntity
 67
1
  8
E-SEMA-YAZI
100
AcDbText
 10
87.0
 20
186.0
 30
0.0
 40
2.2
  1
Klemens / Terminal
  7
GYM
 11
87.0
 21
186.0
 31
0.0
100
AcDbText
 73
2
  0
LINE
  5
3A8
330
2FD
100
AcDbEntity
 67
1
  8
E-SEMA-SEMBOL
370
25
100
AcDbLine
 10
49.0
 20
175.0
 30
0.0
 11
49.0
 21
172.0
 31
0.0
  0
LINE
  5
3A9
330
2FD
100
AcDbEntity
 67
1
  8
E-SEMA-SEMBOL
370
25
100
AcDbLine
 10
46.8
 20
172.0
 30
0.0
 11
51.2
 21
172.0
 31
0.0
  0
LINE
  5
3AA
330
2FD
100
AcDbEntity
 67
1
  8
E-SEMA-SEMBOL
370
25
100
AcDbLine
 10
47.6
 20
171.1
 30
0.0
 11
50.4
 21
171.1
 31
0.0
  0
LINE
  5
3AB
330
2FD
100
AcDbEntity
 67
1
  8
E-SEMA-SEMBOL
370
25
100
AcDbLine
 10
48.3
 20
170.2
 30
0.0
 11
49.7
 21
170.2
 31
0.0
  0
TEXT
  5
3AC
330
2FD
100
AcDbEntity
 67
1
  8
E-SEMA-YAZI
100
AcDbText
 10
71.0
 20
172.0
 30
0.0
 40
2.2
  1
PE
  7
GYM-B
 11
71.0
 21
172.0
 31
0.0
100
AcDbText
 73
2
  0
TEXT
  5
3AD
330
2FD
100
AcDbEntity
 67
1
  8
E-SEMA-YAZI
100
AcDbText
 10
87.0
 20
172.0
 30
0.0
 40
2.2
  1
Koruma topraklaması / Protective earth
  7
GYM
 11
87.0
 21
172.0
 31
0.0
100
AcDbText
 73
2
  0
HATCH
  5
3AE
330
2FD
100
AcDbEntity
 67
1
  8
E-SEMA-SEMBOL
 62
7
100
AcDbHatch
 10
0.0
 20
0.0
 30
0.0
210
0.0
220
0.0
230
1.0
  2
SOLID
 70
1
 71
0
 91
1
 92
1
 93
1
 72
2
 10
49.0
 20
158.0
 40
0.55
 50
0.0
 51
360.0
 73
1
 97
0
 75
0
 76
1
 98
0
  0
TEXT
  5
3AF
330
2FD
100
AcDbEntity
 67
1
  8
E-SEMA-YAZI
100
AcDbText
 10
71.0
 20
158.0
 30
0.0
 40
2.2
  1

  7
GYM-B
 11
71.0
 21
158.0
 31
0.0
100
AcDbText
 73
2
  0
TEXT
  5
3B0
330
2FD
100
AcDbEntity
 67
1
  8
E-SEMA-YAZI
100
AcDbText
 10
87.0
 20
158.0
 30
0.0
 40
2.2
  1
Bağlantı noktası / Junction
  7
GYM
 11
87.0
 21
158.0
 31
0.0
100
AcDbText
 73
2
  0
LWPOLYLINE
  5
3B1
330
2FD
100
AcDbEntity
 67
1
  8
E-SEMA-YUK
  6
DASHED
370
18
100
AcDbPolyline
 90
4
 70
1
 10
42.9
 20
110.0
 10
55.099999999999994
 20
110.0
 10
55.099999999999994
 20
124.0
 10
42.9
 20
124.0
  0
LWPOLYLINE
  5
3B2
330
2FD
100
AcDbEntity
 67
1
  8
E-SEMA-YUK
370
18
100
AcDbPolyline
 90
4
 70
1
 10
44.800000000000004
 20
111.4
 10
46.4
 20
111.4
 10
46.4
 20
122.6
 10
44.800000000000004
 20
122.6
  0
TEXT
  5
3B3
330
2FD
100
AcDbEntity
 67
1
  8
E-SEMA-YUK
100
AcDbText
 10
45.6
 20
123.5
 30
0.0
 40
1.5
  1
L
  7
GYM
 72
1
 11
45.6
 21
123.5
 31
0.0
100
AcDbText
 73
2
  0
LWPOLYLINE
  5
3B4
330
2FD
100
AcDbEntity
 67
1
  8
E-SEMA-YUK
370
18
100
AcDbPolyline
 90
4
 70
1
 10
48.2
 20
111.4
 10
49.8
 20
111.4
 10
49.8
 20
122.6
 10
48.2
 20
122.6
  0
TEXT
  5
3B5
330
2FD
100
AcDbEntity
 67
1
  8
E-SEMA-YUK
100
AcDbText
 10
49.0
 20
123.5
 30
0.0
 40
1.5
  1
N
  7
GYM
 72
1
 11
49.0
 21
123.5
 31
0.0
100
AcDbText
 73
2
  0
LWPOLYLINE
  5
3B6
330
2FD
100
AcDbEntity
 67
1
  8
E-SEMA-YUK
370
18
100
AcDbPolyline
 90
4
 70
1
 10
51.6
 20
111.4
 10
53.199999999999996
 20
111.4
 10
53.199999999999996
 20
122.6
 10
51.6
 20
122.6
  0
TEXT
  5
3B7
330
2FD
100
AcDbEntity
 67
1
  8
E-SEMA-YUK
100
AcDbText
 10
52.4
 20
123.5
 30
0.0
 40
1.5
  1
PE
  7
GYM
 72
1
 11
52.4
 21
123.5
 31
0.0
100
AcDbText
 73
2
  0
TEXT
  5
3B8
330
2FD
100
AcDbEntity
 67
1
  8
E-SEMA-YAZI
100
AcDbText
 10
71.0
 20
144.0
 30
0.0
 40
2.2
  1
P
  7
GYM-B
 11
71.0
 21
144.0
 31
0.0
100
AcDbText
 73
2
  0
TEXT
  5
3B9
330
2FD
100
AcDbEntity
 67
1
  8
E-SEMA-YAZI
100
AcDbText
 10
87.0
 20
144.0
 30
0.0
 40
2.2
  1
Saha cihazı ve kablo / Field device and cable
  7
GYM
 11
87.0
 21
144.0
 31
0.0
100
AcDbText
 73
2
  0
LINE
  5
3BA
330
2FD
100
AcDbEntity
 67
1
  8
E-SEMA-RAY
370
35
100
AcDbLine
 10
43.0
 20
130.0
 30
0.0
 11
59.0
 21
130.0
 31
0.0
  0
TEXT
  5
3BB
330
2FD
100
AcDbEntity
 67
1
  8
E-SEMA-YAZI
100
AcDbText
 10
71.0
 20
130.0
 30
0.0
 40
2.2
  1
L1 L2 L3 N
  7
GYM-B
 11
71.0
 21
130.0
 31
0.0
100
AcDbText
 73
2
  0
TEXT
  5
3BC
330
2FD
100
AcDbEntity
 67
1
  8
E-SEMA-YAZI
100
AcDbText
 10
87.0
 20
130.0
 30
0.0
 40
2.2
  1
Potansiyel rayı / Potential rail
  7
GYM
 11
87.0
 21
130.0
 31
0.0
100
AcDbText
 73
2
  0
LWPOLYLINE
  5
3BD
330
2FD
100
AcDbEntity
 67
1
  8
E-SEMA-YAZI
370
18
100
AcDbPolyline
 90
5
 70
1
 10
43.0
 20
114.7
 10
46.8
 20
114.7
 10
48.4
 20
116.0
 10
46.8
 20
117.3
 10
43.0
 20
117.3
  0
TEXT
  5
3BE
330
2FD
100
AcDbEntity
 67
1
  8
E-SEMA-YAZI
100
AcDbText
 10
71.0
 20
116.0
 30
0.0
 40
2.2
  1

  7
GYM-B
 11
71.0
 21
116.0
 31
0.0
100
AcDbText
 73
2
  0
TEXT
  5
3BF
330
2FD
100
AcDbEntity
 67
1
  8
E-SEMA-YAZI
100
AcDbText
 10
87.0
 20
116.0
 30
0.0
 40
2.2
  1
Sayfalar arası referans / Cross-page reference
  7
GYM
 11
87.0
 21
116.0
 31
0.0
100
AcDbText
 73
2
  0
ENDBLK
  5
2FF
330
2FD
100
AcDbEntity
  8
0
100
AcDbBlockEnd
  0
BLOCK
  5
3C1
330
3C0
100
AcDbEntity
  8
0
100
AcDbBlockBegin
  2
*Paper_Space3
 70
0
 10
0.0
 20
0.0
 30
0.0
  3
*Paper_Space3
  1

  0
VIEWPORT
  5
3C4
330
3C0
100
AcDbEntity
 67
1
  8
VIEWPORTS
100
AcDbViewport
 10
210.0
 20
148.5
 30
0.0
 40
462.00000000000006
 41
326.70000000000005
 68
1
 69
1
 12
210.0
 22
148.5
 13
0.0
 23
0.0
 14
10.0
 24
10.0
 15
10.0
 25
10.0
 16
0.0
 26
0.0
 36
1.0
 17
0.0
 27
0.0
 37
0.0
 42
50.0
 43
0.0
 44
0.0
 45
326.70000000000005
 50
0.0
 51
0.0
 72
100
 90
557088
  1

281
0
 71
0
 74
0
110
0.0
120
0.0
130
0.0
111
1.0
121
0.0
131
0.0
112
0.0
122
1.0
132
0.0
 79
0
146
0.0
282
0
  0
LWPOLYLINE
  5
3C5
330
3C0
100
AcDbEntity
 67
1
  8
E-SEMA-ANTET
370
70
100
AcDbPolyline
 90
4
 70
1
 10
20.0
 20
10.0
 10
410.0
 20
10.0
 10
410.0
 20
287.0
 10
20.0
 20
287.0
  0
LWPOLYLINE
  5
3C6
330
3C0
100
AcDbEntity
 67
1
  8
E-SEMA-ZON
370
18
100
AcDbPolyline
 90
4
 70
1
 10
25.0
 20
32.0
 10
405.0
 20
32.0
 10
405.0
 20
282.0
 10
25.0
 20
282.0
  0
TEXT
  5
3C7
330
3C0
100
AcDbEntity
 67
1
  8
E-SEMA-ZON
100
AcDbText
 10
48.75
 20
284.5
 30
0.0
 40
2.2
  1
0
  7
GYM
 72
1
 11
48.75
 21
284.5
 31
0.0
100
AcDbText
 73
2
  0
LINE
  5
3C8
330
3C0
100
AcDbEntity
 67
1
  8
E-SEMA-ZON
370
18
100
AcDbLine
 10
72.5
 20
282.0
 30
0.0
 11
72.5
 21
287.0
 31
0.0
  0
LINE
  5
3C9
330
3C0
100
AcDbEntity
 67
1
  8
E-SEMA-ZON
370
18
100
AcDbLine
 10
72.5
 20
32.0
 30
0.0
 11
72.5
 21
32.0
 31
0.0
  0
TEXT
  5
3CA
330
3C0
100
AcDbEntity
 67
1
  8
E-SEMA-ZON
100
AcDbText
 10
96.25
 20
284.5
 30
0.0
 40
2.2
  1
1
  7
GYM
 72
1
 11
96.25
 21
284.5
 31
0.0
100
AcDbText
 73
2
  0
LINE
  5
3CB
330
3C0
100
AcDbEntity
 67
1
  8
E-SEMA-ZON
370
18
100
AcDbLine
 10
120.0
 20
282.0
 30
0.0
 11
120.0
 21
287.0
 31
0.0
  0
LINE
  5
3CC
330
3C0
100
AcDbEntity
 67
1
  8
E-SEMA-ZON
370
18
100
AcDbLine
 10
120.0
 20
32.0
 30
0.0
 11
120.0
 21
32.0
 31
0.0
  0
TEXT
  5
3CD
330
3C0
100
AcDbEntity
 67
1
  8
E-SEMA-ZON
100
AcDbText
 10
143.75
 20
284.5
 30
0.0
 40
2.2
  1
2
  7
GYM
 72
1
 11
143.75
 21
284.5
 31
0.0
100
AcDbText
 73
2
  0
LINE
  5
3CE
330
3C0
100
AcDbEntity
 67
1
  8
E-SEMA-ZON
370
18
100
AcDbLine
 10
167.5
 20
282.0
 30
0.0
 11
167.5
 21
287.0
 31
0.0
  0
LINE
  5
3CF
330
3C0
100
AcDbEntity
 67
1
  8
E-SEMA-ZON
370
18
100
AcDbLine
 10
167.5
 20
32.0
 30
0.0
 11
167.5
 21
32.0
 31
0.0
  0
TEXT
  5
3D0
330
3C0
100
AcDbEntity
 67
1
  8
E-SEMA-ZON
100
AcDbText
 10
191.25
 20
284.5
 30
0.0
 40
2.2
  1
3
  7
GYM
 72
1
 11
191.25
 21
284.5
 31
0.0
100
AcDbText
 73
2
  0
LINE
  5
3D1
330
3C0
100
AcDbEntity
 67
1
  8
E-SEMA-ZON
370
18
100
AcDbLine
 10
215.0
 20
282.0
 30
0.0
 11
215.0
 21
287.0
 31
0.0
  0
LINE
  5
3D2
330
3C0
100
AcDbEntity
 67
1
  8
E-SEMA-ZON
370
18
100
AcDbLine
 10
215.0
 20
32.0
 30
0.0
 11
215.0
 21
32.0
 31
0.0
  0
TEXT
  5
3D3
330
3C0
100
AcDbEntity
 67
1
  8
E-SEMA-ZON
100
AcDbText
 10
238.75
 20
284.5
 30
0.0
 40
2.2
  1
4
  7
GYM
 72
1
 11
238.75
 21
284.5
 31
0.0
100
AcDbText
 73
2
  0
LINE
  5
3D4
330
3C0
100
AcDbEntity
 67
1
  8
E-SEMA-ZON
370
18
100
AcDbLine
 10
262.5
 20
282.0
 30
0.0
 11
262.5
 21
287.0
 31
0.0
  0
LINE
  5
3D5
330
3C0
100
AcDbEntity
 67
1
  8
E-SEMA-ZON
370
18
100
AcDbLine
 10
262.5
 20
32.0
 30
0.0
 11
262.5
 21
32.0
 31
0.0
  0
TEXT
  5
3D6
330
3C0
100
AcDbEntity
 67
1
  8
E-SEMA-ZON
100
AcDbText
 10
286.25
 20
284.5
 30
0.0
 40
2.2
  1
5
  7
GYM
 72
1
 11
286.25
 21
284.5
 31
0.0
100
AcDbText
 73
2
  0
LINE
  5
3D7
330
3C0
100
AcDbEntity
 67
1
  8
E-SEMA-ZON
370
18
100
AcDbLine
 10
310.0
 20
282.0
 30
0.0
 11
310.0
 21
287.0
 31
0.0
  0
LINE
  5
3D8
330
3C0
100
AcDbEntity
 67
1
  8
E-SEMA-ZON
370
18
100
AcDbLine
 10
310.0
 20
32.0
 30
0.0
 11
310.0
 21
32.0
 31
0.0
  0
TEXT
  5
3D9
330
3C0
100
AcDbEntity
 67
1
  8
E-SEMA-ZON
100
AcDbText
 10
333.75
 20
284.5
 30
0.0
 40
2.2
  1
6
  7
GYM
 72
1
 11
333.75
 21
284.5
 31
0.0
100
AcDbText
 73
2
  0
LINE
  5
3DA
330
3C0
100
AcDbEntity
 67
1
  8
E-SEMA-ZON
370
18
100
AcDbLine
 10
357.5
 20
282.0
 30
0.0
 11
357.5
 21
287.0
 31
0.0
  0
LINE
  5
3DB
330
3C0
100
AcDbEntity
 67
1
  8
E-SEMA-ZON
370
18
100
AcDbLine
 10
357.5
 20
32.0
 30
0.0
 11
357.5
 21
32.0
 31
0.0
  0
TEXT
  5
3DC
330
3C0
100
AcDbEntity
 67
1
  8
E-SEMA-ZON
100
AcDbText
 10
381.25
 20
284.5
 30
0.0
 40
2.2
  1
7
  7
GYM
 72
1
 11
381.25
 21
284.5
 31
0.0
100
AcDbText
 73
2
  0
TEXT
  5
3DD
330
3C0
100
AcDbEntity
 67
1
  8
E-SEMA-ZON
100
AcDbText
 10
22.5
 20
261.1666666666667
 30
0.0
 40
2.2
  1
A
  7
GYM
 72
1
 11
22.5
 21
261.1666666666667
 31
0.0
100
AcDbText
 73
2
  0
TEXT
  5
3DE
330
3C0
100
AcDbEntity
 67
1
  8
E-SEMA-ZON
100
AcDbText
 10
407.5
 20
261.1666666666667
 30
0.0
 40
2.2
  1
A
  7
GYM
 72
1
 11
407.5
 21
261.1666666666667
 31
0.0
100
AcDbText
 73
2
  0
LINE
  5
3DF
330
3C0
100
AcDbEntity
 67
1
  8
E-SEMA-ZON
370
18
100
AcDbLine
 10
20.0
 20
240.33333333333334
 30
0.0
 11
25.0
 21
240.33333333333334
 31
0.0
  0
LINE
  5
3E0
330
3C0
100
AcDbEntity
 67
1
  8
E-SEMA-ZON
370
18
100
AcDbLine
 10
405.0
 20
240.33333333333334
 30
0.0
 11
410.0
 21
240.33333333333334
 31
0.0
  0
TEXT
  5
3E1
330
3C0
100
AcDbEntity
 67
1
  8
E-SEMA-ZON
100
AcDbText
 10
22.5
 20
219.50000000000003
 30
0.0
 40
2.2
  1
B
  7
GYM
 72
1
 11
22.5
 21
219.50000000000003
 31
0.0
100
AcDbText
 73
2
  0
TEXT
  5
3E2
330
3C0
100
AcDbEntity
 67
1
  8
E-SEMA-ZON
100
AcDbText
 10
407.5
 20
219.50000000000003
 30
0.0
 40
2.2
  1
B
  7
GYM
 72
1
 11
407.5
 21
219.50000000000003
 31
0.0
100
AcDbText
 73
2
  0
LINE
  5
3E3
330
3C0
100
AcDbEntity
 67
1
  8
E-SEMA-ZON
370
18
100
AcDbLine
 10
20.0
 20
198.66666666666666
 30
0.0
 11
25.0
 21
198.66666666666666
 31
0.0
  0
LINE
  5
3E4
330
3C0
100
AcDbEntity
 67
1
  8
E-SEMA-ZON
370
18
100
AcDbLine
 10
405.0
 20
198.66666666666666
 30
0.0
 11
410.0
 21
198.66666666666666
 31
0.0
  0
TEXT
  5
3E5
330
3C0
100
AcDbEntity
 67
1
  8
E-SEMA-ZON
100
AcDbText
 10
22.5
 20
177.83333333333334
 30
0.0
 40
2.2
  1
C
  7
GYM
 72
1
 11
22.5
 21
177.83333333333334
 31
0.0
100
AcDbText
 73
2
  0
TEXT
  5
3E6
330
3C0
100
AcDbEntity
 67
1
  8
E-SEMA-ZON
100
AcDbText
 10
407.5
 20
177.83333333333334
 30
0.0
 40
2.2
  1
C
  7
GYM
 72
1
 11
407.5
 21
177.83333333333334
 31
0.0
100
AcDbText
 73
2
  0
LINE
  5
3E7
330
3C0
100
AcDbEntity
 67
1
  8
E-SEMA-ZON
370
18
100
AcDbLine
 10
20.0
 20
157.0
 30
0.0
 11
25.0
 21
157.0
 31
0.0
  0
LINE
  5
3E8
330
3C0
100
AcDbEntity
 67
1
  8
E-SEMA-ZON
370
18
100
AcDbLine
 10
405.0
 20
157.0
 30
0.0
 11
410.0
 21
157.0
 31
0.0
  0
TEXT
  5
3E9
330
3C0
100
AcDbEntity
 67
1
  8
E-SEMA-ZON
100
AcDbText
 10
22.5
 20
136.16666666666669
 30
0.0
 40
2.2
  1
D
  7
GYM
 72
1
 11
22.5
 21
136.16666666666669
 31
0.0
100
AcDbText
 73
2
  0
TEXT
  5
3EA
330
3C0
100
AcDbEntity
 67
1
  8
E-SEMA-ZON
100
AcDbText
 10
407.5
 20
136.16666666666669
 30
0.0
 40
2.2
  1
D
  7
GYM
 72
1
 11
407.5
 21
136.16666666666669
 31
0.0
100
AcDbText
 73
2
  0
LINE
  5
3EB
330
3C0
100
AcDbEntity
 67
1
  8
E-SEMA-ZON
370
18
100
AcDbLine
 10
20.0
 20
115.33333333333334
 30
0.0
 11
25.0
 21
115.33333333333334
 31
0.0
  0
LINE
  5
3EC
330
3C0
100
AcDbEntity
 67
1
  8
E-SEMA-ZON
370
18
100
AcDbLine
 10
405.0
 20
115.33333333333334
 30
0.0
 11
410.0
 21
115.33333333333334
 31
0.0
  0
TEXT
  5
3ED
330
3C0
100
AcDbEntity
 67
1
  8
E-SEMA-ZON
100
AcDbText
 10
22.5
 20
94.50000000000001
 30
0.0
 40
2.2
  1
E
  7
GYM
 72
1
 11
22.5
 21
94.50000000000001
 31
0.0
100
AcDbText
 73
2
  0
TEXT
  5
3EE
330
3C0
100
AcDbEntity
 67
1
  8
E-SEMA-ZON
100
AcDbText
 10
407.5
 20
94.50000000000001
 30
0.0
 40
2.2
  1
E
  7
GYM
 72
1
 11
407.5
 21
94.50000000000001
 31
0.0
100
AcDbText
 73
2
  0
LINE
  5
3EF
330
3C0
100
AcDbEntity
 67
1
  8
E-SEMA-ZON
370
18
100
AcDbLine
 10
20.0
 20
73.66666666666666
 30
0.0
 11
25.0
 21
73.66666666666666
 31
0.0
  0
LINE
  5
3F0
330
3C0
100
AcDbEntity
 67
1
  8
E-SEMA-ZON
370
18
100
AcDbLine
 10
405.0
 20
73.66666666666666
 30
0.0
 11
410.0
 21
73.66666666666666
 31
0.0
  0
TEXT
  5
3F1
330
3C0
100
AcDbEntity
 67
1
  8
E-SEMA-ZON
100
AcDbText
 10
22.5
 20
52.83333333333333
 30
0.0
 40
2.2
  1
F
  7
GYM
 72
1
 11
22.5
 21
52.83333333333333
 31
0.0
100
AcDbText
 73
2
  0
TEXT
  5
3F2
330
3C0
100
AcDbEntity
 67
1
  8
E-SEMA-ZON
100
AcDbText
 10
407.5
 20
52.83333333333333
 30
0.0
 40
2.2
  1
F
  7
GYM
 72
1
 11
407.5
 21
52.83333333333333
 31
0.0
100
AcDbText
 73
2
  0
LWPOLYLINE
  5
3F3
330
3C0
100
AcDbEntity
 67
1
  8
E-SEMA-ANTET
370
50
100
AcDbPolyline
 90
4
 70
1
 10
20.0
 20
10.0
 10
410.0
 20
10.0
 10
410.0
 20
32.0
 10
20.0
 20
32.0
  0
LINE
  5
3F4
330
3C0
100
AcDbEntity
 67
1
  8
E-SEMA-ANTET
370
18
100
AcDbLine
 10
20.0
 20
15.5
 30
0.0
 11
410.0
 21
15.5
 31
0.0
  0
LINE
  5
3F5
330
3C0
100
AcDbEntity
 67
1
  8
E-SEMA-ANTET
370
18
100
AcDbLine
 10
20.0
 20
21.0
 30
0.0
 11
410.0
 21
21.0
 31
0.0
  0
LINE
  5
3F6
330
3C0
100
AcDbEntity
 67
1
  8
E-SEMA-ANTET
370
18
100
AcDbLine
 10
20.0
 20
26.5
 30
0.0
 11
410.0
 21
26.5
 31
0.0
  0
LINE
  5
3F7
330
3C0
100
AcDbEntity
 67
1
  8
E-SEMA-ANTET
370
18
100
AcDbLine
 10
64.0
 20
10.0
 30
0.0
 11
64.0
 21
32.0
 31
0.0
  0
LINE
  5
3F8
330
3C0
100
AcDbEntity
 67
1
  8
E-SEMA-ANTET
370
18
100
AcDbLine
 10
96.0
 20
10.0
 30
0.0
 11
96.0
 21
32.0
 31
0.0
  0
LINE
  5
3F9
330
3C0
100
AcDbEntity
 67
1
  8
E-SEMA-ANTET
370
18
100
AcDbLine
 10
282.0
 20
10.0
 30
0.0
 11
282.0
 21
32.0
 31
0.0
  0
LINE
  5
3FA
330
3C0
100
AcDbEntity
 67
1
  8
E-SEMA-ANTET
370
18
100
AcDbLine
 10
316.0
 20
10.0
 30
0.0
 11
316.0
 21
32.0
 31
0.0
  0
LINE
  5
3FB
330
3C0
100
AcDbEntity
 67
1
  8
E-SEMA-ANTET
370
18
100
AcDbLine
 10
356.0
 20
10.0
 30
0.0
 11
356.0
 21
32.0
 31
0.0
  0
TEXT
  5
3FC
330
3C0
100
AcDbEntity
 67
1
  8
E-SEMA-ANTET
100
AcDbText
 10
20.8
 20
30.2
 30
0.0
 40
1.5
  1
Drawn By /
  7
GYM
 11
20.8
 21
30.2
 31
0.0
100
AcDbText
 73
2
  0
TEXT
  5
3FD
330
3C0
100
AcDbEntity
 67
1
  8
E-SEMA-ANTET
100
AcDbText
 10
20.8
 20
28.3
 30
0.0
 40
1.5
  1
Çizen
  7
GYM
 11
20.8
 21
28.3
 31
0.0
100
AcDbText
 73
2
  0
TEXT
  5
3FE
330
3C0
100
AcDbEntity
 67
1
  8
E-SEMA-ANTET
100
AcDbText
 10
62.4
 20
29.25
 30
0.0
 40
1.8
  1
CC
  7
GYM
 72
2
 11
62.4
 21
29.25
 31
0.0
100
AcDbText
 73
2
  0
TEXT
  5
3FF
330
3C0
100
AcDbEntity
 67
1
  8
E-SEMA-ANTET
100
AcDbText
 10
20.8
 20
24.7
 30
0.0
 40
1.5
  1
Checked By /
  7
GYM
 11
20.8
 21
24.7
 31
0.0
100
AcDbText
 73
2
  0
TEXT
  5
400
330
3C0
100
AcDbEntity
 67
1
  8
E-SEMA-ANTET
100
AcDbText
 10
20.8
 20
22.8
 30
0.0
 40
1.5
  1
Kontrol Eden
  7
GYM
 11
20.8
 21
22.8
 31
0.0
100
AcDbText
 73
2
  0
TEXT
  5
401
330
3C0
100
AcDbEntity
 67
1
  8
E-SEMA-ANTET
100
AcDbText
 10
62.4
 20
23.75
 30
0.0
 40
1.8
  1
—
  7
GYM
 72
2
 11
62.4
 21
23.75
 31
0.0
100
AcDbText
 73
2
  0
TEXT
  5
402
330
3C0
100
AcDbEntity
 67
1
  8
E-SEMA-ANTET
100
AcDbText
 10
20.8
 20
19.2
 30
0.0
 40
1.5
  1
Approved By /
  7
GYM
 11
20.8
 21
19.2
 31
0.0
100
AcDbText
 73
2
  0
TEXT
  5
403
330
3C0
100
AcDbEntity
 67
1
  8
E-SEMA-ANTET
100
AcDbText
 10
20.8
 20
17.3
 30
0.0
 40
1.5
  1
Onaylayan
  7
GYM
 11
20.8
 21
17.3
 31
0.0
100
AcDbText
 73
2
  0
TEXT
  5
404
330
3C0
100
AcDbEntity
 67
1
  8
E-SEMA-ANTET
100
AcDbText
 10
62.4
 20
18.25
 30
0.0
 40
1.8
  1
—
  7
GYM
 72
2
 11
62.4
 21
18.25
 31
0.0
100
AcDbText
 73
2
  0
TEXT
  5
405
330
3C0
100
AcDbEntity
 67
1
  8
E-SEMA-ANTET
100
AcDbText
 10
20.8
 20
13.7
 30
0.0
 40
1.5
  1
Project Date /
  7
GYM
 11
20.8
 21
13.7
 31
0.0
100
AcDbText
 73
2
  0
TEXT
  5
406
330
3C0
100
AcDbEntity
 67
1
  8
E-SEMA-ANTET
100
AcDbText
 10
20.8
 20
11.8
 30
0.0
 40
1.5
  1
Proje Tarihi
  7
GYM
 11
20.8
 21
11.8
 31
0.0
100
AcDbText
 73
2
  0
TEXT
  5
407
330
3C0
100
AcDbEntity
 67
1
  8
E-SEMA-ANTET
100
AcDbText
 10
62.4
 20
12.75
 30
0.0
 40
1.8
  1
17 Eylül 2026
  7
GYM
 72
2
 11
62.4
 21
12.75
 31
0.0
100
AcDbText
 73
2
  0
TEXT
  5
408
330
3C0
100
AcDbEntity
 67
1
  8
E-SEMA-ANTET
100
AcDbText
 10
64.8
 20
30.2
 30
0.0
 40
1.5
  1
Customer Name /
  7
GYM
 11
64.8
 21
30.2
 31
0.0
100
AcDbText
 73
2
  0
TEXT
  5
409
330
3C0
100
AcDbEntity
 67
1
  8
E-SEMA-ANTET
100
AcDbText
 10
64.8
 20
28.3
 30
0.0
 40
1.5
  1
Müşteri Adı
  7
GYM
 11
64.8
 21
28.3
 31
0.0
100
AcDbText
 73
2
  0
TEXT
  5
40A
330
3C0
100
AcDbEntity
 67
1
  8
E-SEMA-ANTET
100
AcDbText
 10
97.2
 20
29.25
 30
0.0
 40
2.2
  1
ÖZEL — MALTEPE / İDEALTEPE
  7
GYM
 11
97.2
 21
29.25
 31
0.0
100
AcDbText
 73
2
  0
TEXT
  5
40B
330
3C0
100
AcDbEntity
 67
1
  8
E-SEMA-ANTET
100
AcDbText
 10
64.8
 20
24.7
 30
0.0
 40
1.5
  1
Project Description /
  7
GYM
 11
64.8
 21
24.7
 31
0.0
100
AcDbText
 73
2
  0
TEXT
  5
40C
330
3C0
100
AcDbEntity
 67
1
  8
E-SEMA-ANTET
100
AcDbText
 10
64.8
 20
22.8
 30
0.0
 40
1.5
  1
Proje Açıklaması
  7
GYM
 11
64.8
 21
22.8
 31
0.0
100
AcDbText
 73
2
  0
TEXT
  5
40D
330
3C0
100
AcDbEntity
 67
1
  8
E-SEMA-ANTET
100
AcDbText
 10
97.2
 20
23.75
 30
0.0
 40
2.2
  1
MOBİLYA MAĞAZASI → FONKSİYONEL ANTRENMAN STÜDYOSU
  7
GYM
 11
97.2
 21
23.75
 31
0.0
100
AcDbText
 73
2
  0
TEXT
  5
40E
330
3C0
100
AcDbEntity
 67
1
  8
E-SEMA-ANTET
100
AcDbText
 10
64.8
 20
19.2
 30
0.0
 40
1.5
  1
Panel Name /
  7
GYM
 11
64.8
 21
19.2
 31
0.0
100
AcDbText
 73
2
  0
TEXT
  5
40F
330
3C0
100
AcDbEntity
 67
1
  8
E-SEMA-ANTET
100
AcDbText
 10
64.8
 20
17.3
 30
0.0
 40
1.5
  1
Pano Adı
  7
GYM
 11
64.8
 21
17.3
 31
0.0
100
AcDbText
 73
2
  0
TEXT
  5
410
330
3C0
100
AcDbEntity
 67
1
  8
E-SEMA-ANTET
100
AcDbText
 10
97.2
 20
18.25
 30
0.0
 40
2.2
  1
ADP
  7
GYM
 11
97.2
 21
18.25
 31
0.0
100
AcDbText
 73
2
  0
TEXT
  5
411
330
3C0
100
AcDbEntity
 67
1
  8
E-SEMA-ANTET
100
AcDbText
 10
64.8
 20
13.7
 30
0.0
 40
1.5
  1
Page Description /
  7
GYM
 11
64.8
 21
13.7
 31
0.0
100
AcDbText
 73
2
  0
TEXT
  5
412
330
3C0
100
AcDbEntity
 67
1
  8
E-SEMA-ANTET
100
AcDbText
 10
64.8
 20
11.8
 30
0.0
 40
1.5
  1
Sayfa Açıklaması
  7
GYM
 11
64.8
 21
11.8
 31
0.0
100
AcDbText
 73
2
  0
TEXT
  5
413
330
3C0
100
AcDbEntity
 67
1
  8
E-SEMA-ANTET
100
AcDbText
 10
97.2
 20
12.75
 30
0.0
 40
2.2
  1
Incoming Supply / Ana Besleme
  7
GYM
 11
97.2
 21
12.75
 31
0.0
100
AcDbText
 73
2
  0
TEXT
  5
414
330
3C0
100
AcDbEntity
 67
1
  8
E-SEMA-ANTET
100
AcDbText
 10
282.8
 20
30.2
 30
0.0
 40
1.5
  1
Project Number /
  7
GYM
 11
282.8
 21
30.2
 31
0.0
100
AcDbText
 73
2
  0
TEXT
  5
415
330
3C0
100
AcDbEntity
 67
1
  8
E-SEMA-ANTET
100
AcDbText
 10
282.8
 20
28.3
 30
0.0
 40
1.5
  1
Proje Numarası
  7
GYM
 11
282.8
 21
28.3
 31
0.0
100
AcDbText
 73
2
  0
TEXT
  5
416
330
3C0
100
AcDbEntity
 67
1
  8
E-SEMA-ANTET
100
AcDbText
 10
317.2
 20
29.25
 30
0.0
 40
2.8
  1
GYM-25-001-001
  7
GYM-B
 11
317.2
 21
29.25
 31
0.0
100
AcDbText
 73
2
  0
TEXT
  5
417
330
3C0
100
AcDbEntity
 67
1
  8
E-SEMA-ANTET
100
AcDbText
 10
282.8
 20
19.2
 30
0.0
 40
1.5
  1
Revision /
  7
GYM
 11
282.8
 21
19.2
 31
0.0
100
AcDbText
 73
2
  0
TEXT
  5
418
330
3C0
100
AcDbEntity
 67
1
  8
E-SEMA-ANTET
100
AcDbText
 10
282.8
 20
17.3
 30
0.0
 40
1.5
  1
Revizyon
  7
GYM
 11
282.8
 21
17.3
 31
0.0
100
AcDbText
 73
2
  0
TEXT
  5
419
330
3C0
100
AcDbEntity
 67
1
  8
E-SEMA-ANTET
100
AcDbText
 10
317.2
 20
18.25
 30
0.0
 40
2.2
  1
Rev H
  7
GYM
 11
317.2
 21
18.25
 31
0.0
100
AcDbText
 73
2
  0
TEXT
  5
41A
330
3C0
100
AcDbEntity
 67
1
  8
E-SEMA-ANTET
100
AcDbText
 10
282.8
 20
13.7
 30
0.0
 40
1.5
  1
Standards /
  7
GYM
 11
282.8
 21
13.7
 31
0.0
100
AcDbText
 73
2
  0
TEXT
  5
41B
330
3C0
100
AcDbEntity
 67
1
  8
E-SEMA-ANTET
100
AcDbText
 10
282.8
 20
11.8
 30
0.0
 40
1.5
  1
Standartlar
  7
GYM
 11
282.8
 21
11.8
 31
0.0
100
AcDbText
 73
2
  0
TEXT
  5
41C
330
3C0
100
AcDbEntity
 67
1
  8
E-SEMA-ANTET
100
AcDbText
 10
317.2
 20
12.75
 30
0.0
 40
1.5
  1
IEC 61439-1&2 · IEC 60617
  7
GYM
 11
317.2
 21
12.75
 31
0.0
100
AcDbText
 73
2
  0
TEXT
  5
41D
330
3C0
100
AcDbEntity
 67
1
  8
E-SEMA-ANTET
100
AcDbText
 10
357.2
 20
30.25
 30
0.0
 40
1.5
  1
Sheet: /
  7
GYM
 11
357.2
 21
30.25
 31
0.0
100
AcDbText
 73
2
  0
TEXT
  5
41E
330
3C0
100
AcDbEntity
 67
1
  8
E-SEMA-ANTET
100
AcDbText
 10
357.2
 20
27.85
 30
0.0
 40
1.5
  1
Sayfa
  7
GYM
 11
357.2
 21
27.85
 31
0.0
100
AcDbText
 73
2
  0
TEXT
  5
41F
330
3C0
100
AcDbEntity
 67
1
  8
E-SEMA-ANTET
100
AcDbText
 10
408.0
 20
29.25
 30
0.0
 40
2.8
  1
4
  7
GYM-B
 72
2
 11
408.0
 21
29.25
 31
0.0
100
AcDbText
 73
2
  0
TEXT
  5
420
330
3C0
100
AcDbEntity
 67
1
  8
E-SEMA-ANTET
100
AcDbText
 10
357.2
 20
24.75
 30
0.0
 40
1.5
  1
Next sheet: /
  7
GYM
 11
357.2
 21
24.75
 31
0.0
100
AcDbText
 73
2
  0
TEXT
  5
421
330
3C0
100
AcDbEntity
 67
1
  8
E-SEMA-ANTET
100
AcDbText
 10
357.2
 20
22.35
 30
0.0
 40
1.5
  1
Sonraki
  7
GYM
 11
357.2
 21
22.35
 31
0.0
100
AcDbText
 73
2
  0
TEXT
  5
422
330
3C0
100
AcDbEntity
 67
1
  8
E-SEMA-ANTET
100
AcDbText
 10
408.0
 20
23.75
 30
0.0
 40
2.8
  1
5
  7
GYM-B
 72
2
 11
408.0
 21
23.75
 31
0.0
100
AcDbText
 73
2
  0
TEXT
  5
423
330
3C0
100
AcDbEntity
 67
1
  8
E-SEMA-ANTET
100
AcDbText
 10
357.2
 20
19.25
 30
0.0
 40
1.5
  1
Total sheets: /
  7
GYM
 11
357.2
 21
19.25
 31
0.0
100
AcDbText
 73
2
  0
TEXT
  5
424
330
3C0
100
AcDbEntity
 67
1
  8
E-SEMA-ANTET
100
AcDbText
 10
357.2
 20
16.85
 30
0.0
 40
1.5
  1
Toplam
  7
GYM
 11
357.2
 21
16.85
 31
0.0
100
AcDbText
 73
2
  0
TEXT
  5
425
330
3C0
100
AcDbEntity
 67
1
  8
E-SEMA-ANTET
100
AcDbText
 10
408.0
 20
18.25
 30
0.0
 40
2.8
  1
12
  7
GYM-B
 72
2
 11
408.0
 21
18.25
 31
0.0
100
AcDbText
 73
2
  0
TEXT
  5
426
330
3C0
100
AcDbEntity
 67
1
  8
E-SEMA-ANTET
100
AcDbText
 10
357.2
 20
13.75
 30
0.0
 40
1.5
  1
Sheet size /
  7
GYM
 11
357.2
 21
13.75
 31
0.0
100
AcDbText
 73
2
  0
TEXT
  5
427
330
3C0
100
AcDbEntity
 67
1
  8
E-SEMA-ANTET
100
AcDbText
 10
357.2
 20
11.35
 30
0.0
 40
1.5
  1
Kâğıt
  7
GYM
 11
357.2
 21
11.35
 31
0.0
100
AcDbText
 73
2
  0
TEXT
  5
428
330
3C0
100
AcDbEntity
 67
1
  8
E-SEMA-ANTET
100
AcDbText
 10
408.0
 20
12.75
 30
0.0
 40
2.8
  1
A3
  7
GYM-B
 72
2
 11
408.0
 21
12.75
 31
0.0
100
AcDbText
 73
2
  0
LINE
  5
429
330
3C0
100
AcDbEntity
 67
1
  8
E-SEMA-RAY
370
35
100
AcDbLine
 10
145.0
 20
272.0
 30
0.0
 11
405.0
 21
272.0
 31
0.0
  0
TEXT
  5
42A
330
3C0
100
AcDbEntity
 67
1
  8
E-SEMA-YAZI
100
AcDbText
 10
404.4
 20
273.4
 30
0.0
 40
1.8
  1
L1
  7
GYM
 72
2
 11
404.4
 21
273.4
 31
0.0
100
AcDbText
 73
2
  0
LWPOLYLINE
  5
42B
330
3C0
100
AcDbEntity
 67
1
  8
E-SEMA-YAZI
370
18
100
AcDbPolyline
 90
5
 70
1
 10
405.6
 20
270.7
 10
409.4
 20
270.7
 10
411.0
 20
272.0
 10
409.4
 20
273.3
 10
405.6
 20
273.3
  0
TEXT
  5
42C
330
3C0
100
AcDbEntity
 67
1
  8
E-SEMA-YAZI
100
AcDbText
 10
412.0
 20
272.0
 30
0.0
 40
1.5
  1
5.0
  7
GYM
 11
412.0
 21
272.0
 31
0.0
100
AcDbText
 73
2
  0
LINE
  5
42D
330
3C0
100
AcDbEntity
 67
1
  8
E-SEMA-RAY
370
35
100
AcDbLine
 10
145.0
 20
267.0
 30
0.0
 11
405.0
 21
267.0
 31
0.0
  0
TEXT
  5
42E
330
3C0
100
AcDbEntity
 67
1
  8
E-SEMA-YAZI
100
AcDbText
 10
404.4
 20
268.4
 30
0.0
 40
1.8
  1
L2
  7
GYM
 72
2
 11
404.4
 21
268.4
 31
0.0
100
AcDbText
 73
2
  0
LWPOLYLINE
  5
42F
330
3C0
100
AcDbEntity
 67
1
  8
E-SEMA-YAZI
370
18
100
AcDbPolyline
 90
5
 70
1
 10
405.6
 20
265.7
 10
409.4
 20
265.7
 10
411.0
 20
267.0
 10
409.4
 20
268.3
 10
405.6
 20
268.3
  0
TEXT
  5
430
330
3C0
100
AcDbEntity
 67
1
  8
E-SEMA-YAZI
100
AcDbText
 10
412.0
 20
267.0
 30
0.0
 40
1.5
  1
5.0
  7
GYM
 11
412.0
 21
267.0
 31
0.0
100
AcDbText
 73
2
  0
LINE
  5
431
330
3C0
100
AcDbEntity
 67
1
  8
E-SEMA-RAY
370
35
100
AcDbLine
 10
145.0
 20
262.0
 30
0.0
 11
405.0
 21
262.0
 31
0.0
  0
TEXT
  5
432
330
3C0
100
AcDbEntity
 67
1
  8
E-SEMA-YAZI
100
AcDbText
 10
404.4
 20
263.4
 30
0.0
 40
1.8
  1
L3
  7
GYM
 72
2
 11
404.4
 21
263.4
 31
0.0
100
AcDbText
 73
2
  0
LWPOLYLINE
  5
433
330
3C0
100
AcDbEntity
 67
1
  8
E-SEMA-YAZI
370
18
100
AcDbPolyline
 90
5
 70
1
 10
405.6
 20
260.7
 10
409.4
 20
260.7
 10
411.0
 20
262.0
 10
409.4
 20
263.3
 10
405.6
 20
263.3
  0
TEXT
  5
434
330
3C0
100
AcDbEntity
 67
1
  8
E-SEMA-YAZI
100
AcDbText
 10
412.0
 20
262.0
 30
0.0
 40
1.5
  1
5.0
  7
GYM
 11
412.0
 21
262.0
 31
0.0
100
AcDbText
 73
2
  0
LINE
  5
435
330
3C0
100
AcDbEntity
 67
1
  8
E-SEMA-RAY
370
35
100
AcDbLine
 10
145.0
 20
257.0
 30
0.0
 11
405.0
 21
257.0
 31
0.0
  0
TEXT
  5
436
330
3C0
100
AcDbEntity
 67
1
  8
E-SEMA-YAZI
100
AcDbText
 10
404.4
 20
258.4
 30
0.0
 40
1.8
  1
N
  7
GYM
 72
2
 11
404.4
 21
258.4
 31
0.0
100
AcDbText
 73
2
  0
LWPOLYLINE
  5
437
330
3C0
100
AcDbEntity
 67
1
  8
E-SEMA-YAZI
370
18
100
AcDbPolyline
 90
5
 70
1
 10
405.6
 20
255.7
 10
409.4
 20
255.7
 10
411.0
 20
257.0
 10
409.4
 20
258.3
 10
405.6
 20
258.3
  0
TEXT
  5
438
330
3C0
100
AcDbEntity
 67
1
  8
E-SEMA-YAZI
100
AcDbText
 10
412.0
 20
257.0
 30
0.0
 40
1.5
  1
5.0
  7
GYM
 11
412.0
 21
257.0
 31
0.0
100
AcDbText
 73
2
  0
LINE
  5
439
330
3C0
100
AcDbEntity
 67
1
  8
E-SEMA-PE
  6
DASHDOT
370
35
100
AcDbLine
 10
145.0
 20
150.0
 30
0.0
 11
405.0
 21
150.0
 31
0.0
  0
TEXT
  5
43A
330
3C0
100
AcDbEntity
 67
1
  8
E-SEMA-YAZI
100
AcDbText
 10
404.4
 20
151.4
 30
0.0
 40
1.8
  1
PE
  7
GYM
 72
2
 11
404.4
 21
151.4
 31
0.0
100
AcDbText
 73
2
  0
TEXT
  5
43B
330
3C0
100
AcDbEntity
 67
1
  8
E-SEMA-YAZI
100
AcDbText
 10
412.0
 20
150.0
 30
0.0
 40
1.5
  1
5.0
  7
GYM
 11
412.0
 21
150.0
 31
0.0
100
AcDbText
 73
2
  0
TEXT
  5
43C
330
3C0
100
AcDbEntity
 67
1
  8
E-SEMA-YAZI
100
AcDbText
 10
67.0
 20
276.0
 30
0.0
 40
2.8
  1
ŞEBEKE / SAYAÇ PANOSU
  7
GYM-B
 72
1
 11
67.0
 21
276.0
 31
0.0
100
AcDbText
 73
2
  0
TEXT
  5
43D
330
3C0
100
AcDbEntity
 67
1
  8
E-SEMA-YAZI
100
AcDbText
 10
67.0
 20
272.0
 30
0.0
 40
1.8
  1
3F+N 400/230 V · 50 Hz · NYY 5×10 mm² · 25 m
  7
GYM
 72
1
 11
67.0
 21
272.0
 31
0.0
100
AcDbText
 73
2
  0
CIRCLE
  5
43E
330
3C0
100
AcDbEntity
 67
1
  8
E-SEMA-SEMBOL
370
35
100
AcDbCircle
 10
67.0
 20
256.0
 30
0.0
 40
4.2
  0
TEXT
  5
43F
330
3C0
100
AcDbEntity
 67
1
  8
E-SEMA-SEMBOL
100
AcDbText
 10
67.0
 20
256.0
 30
0.0
 40
1.8
  1
kWh
  7
GYM
 72
1
 11
67.0
 21
256.0
 31
0.0
100
AcDbText
 73
2
  0
TEXT
  5
440
330
3C0
100
AcDbEntity
 67
1
  8
E-SEMA-YAZI
100
AcDbText
 10
73.0
 20
256.0
 30
0.0
 40
1.8
  1
-P1   3F aktif enerji sayacı
  7
GYM
 11
73.0
 21
256.0
 31
0.0
100
AcDbText
 73
2
  0
LINE
  5
441
330
3C0
100
AcDbEntity
 67
1
  8
E-SEMA-TEL
370
25
100
AcDbLine
 10
61.0
 20
251.8
 30
0.0
 11
61.0
 21
246.0
 31
0.0
  0
LINE
  5
442
330
3C0
100
AcDbEntity
 67
1
  8
E-SEMA-TEL
370
25
100
AcDbLine
 10
65.0
 20
251.8
 30
0.0
 11
65.0
 21
246.0
 31
0.0
  0
LINE
  5
443
330
3C0
100
AcDbEntity
 67
1
  8
E-SEMA-TEL
370
25
100
AcDbLine
 10
69.0
 20
251.8
 30
0.0
 11
69.0
 21
246.0
 31
0.0
  0
LINE
  5
444
330
3C0
100
AcDbEntity
 67
1
  8
E-SEMA-TEL
370
25
100
AcDbLine
 10
73.0
 20
251.8
 30
0.0
 11
73.0
 21
246.0
 31
0.0
  0
LINE
  5
445
330
3C0
100
AcDbEntity
 67
1
  8
E-SEMA-TEL
370
25
100
AcDbLine
 10
61.0
 20
242.0
 30
0.0
 11
61.0
 21
239.8
 31
0.0
  0
HATCH
  5
446
330
3C0
100
AcDbEntity
 67
1
  8
E-SEMA-SEMBOL
 62
7
100
AcDbHatch
 10
0.0
 20
0.0
 30
0.0
210
0.0
220
0.0
230
1.0
  2
SOLID
 70
1
 71
0
 91
1
 92
1
 93
1
 72
2
 10
61.0
 20
239.8
 40
0.35
 50
0.0
 51
360.0
 73
1
 97
0
 75
0
 76
1
 98
0
  0
LINE
  5
447
330
3C0
100
AcDbEntity
 67
1
  8
E-SEMA-SEMBOL
370
35
100
AcDbLine
 10
61.0
 20
239.8
 30
0.0
 11
64.0
 21
234.0
 31
0.0
  0
LINE
  5
448
330
3C0
100
AcDbEntity
 67
1
  8
E-SEMA-TEL
370
25
100
AcDbLine
 10
61.0
 20
233.6
 30
0.0
 11
61.0
 21
232.0
 31
0.0
  0
LWPOLYLINE
  5
449
330
3C0
100
AcDbEntity
 67
1
  8
E-SEMA-SEMBOL
370
25
100
AcDbPolyline
 90
4
 70
1
 10
61.9
 20
233.6
 10
63.3
 20
233.6
 10
63.3
 20
236.6
 10
61.9
 20
236.6
  0
LINE
  5
44A
330
3C0
100
AcDbEntity
 67
1
  8
E-SEMA-TEL
370
25
100
AcDbLine
 10
65.0
 20
242.0
 30
0.0
 11
65.0
 21
239.8
 31
0.0
  0
HATCH
  5
44B
330
3C0
100
AcDbEntity
 67
1
  8
E-SEMA-SEMBOL
 62
7
100
AcDbHatch
 10
0.0
 20
0.0
 30
0.0
210
0.0
220
0.0
230
1.0
  2
SOLID
 70
1
 71
0
 91
1
 92
1
 93
1
 72
2
 10
65.0
 20
239.8
 40
0.35
 50
0.0
 51
360.0
 73
1
 97
0
 75
0
 76
1
 98
0
  0
LINE
  5
44C
330
3C0
100
AcDbEntity
 67
1
  8
E-SEMA-SEMBOL
370
35
100
AcDbLine
 10
65.0
 20
239.8
 30
0.0
 11
68.0
 21
234.0
 31
0.0
  0
LINE
  5
44D
330
3C0
100
AcDbEntity
 67
1
  8
E-SEMA-TEL
370
25
100
AcDbLine
 10
65.0
 20
233.6
 30
0.0
 11
65.0
 21
232.0
 31
0.0
  0
LWPOLYLINE
  5
44E
330
3C0
100
AcDbEntity
 67
1
  8
E-SEMA-SEMBOL
370
25
100
AcDbPolyline
 90
4
 70
1
 10
65.9
 20
233.6
 10
67.3
 20
233.6
 10
67.3
 20
236.6
 10
65.9
 20
236.6
  0
LINE
  5
44F
330
3C0
100
AcDbEntity
 67
1
  8
E-SEMA-TEL
370
25
100
AcDbLine
 10
69.0
 20
242.0
 30
0.0
 11
69.0
 21
239.8
 31
0.0
  0
HATCH
  5
450
330
3C0
100
AcDbEntity
 67
1
  8
E-SEMA-SEMBOL
 62
7
100
AcDbHatch
 10
0.0
 20
0.0
 30
0.0
210
0.0
220
0.0
230
1.0
  2
SOLID
 70
1
 71
0
 91
1
 92
1
 93
1
 72
2
 10
69.0
 20
239.8
 40
0.35
 50
0.0
 51
360.0
 73
1
 97
0
 75
0
 76
1
 98
0
  0
LINE
  5
451
330
3C0
100
AcDbEntity
 67
1
  8
E-SEMA-SEMBOL
370
35
100
AcDbLine
 10
69.0
 20
239.8
 30
0.0
 11
72.0
 21
234.0
 31
0.0
  0
LINE
  5
452
330
3C0
100
AcDbEntity
 67
1
  8
E-SEMA-TEL
370
25
100
AcDbLine
 10
69.0
 20
233.6
 30
0.0
 11
69.0
 21
232.0
 31
0.0
  0
LWPOLYLINE
  5
453
330
3C0
100
AcDbEntity
 67
1
  8
E-SEMA-SEMBOL
370
25
100
AcDbPolyline
 90
4
 70
1
 10
69.9
 20
233.6
 10
71.3
 20
233.6
 10
71.3
 20
236.6
 10
69.9
 20
236.6
  0
LINE
  5
454
330
3C0
100
AcDbEntity
 67
1
  8
E-SEMA-TEL
370
25
100
AcDbLine
 10
73.0
 20
242.0
 30
0.0
 11
73.0
 21
239.8
 31
0.0
  0
HATCH
  5
455
330
3C0
100
AcDbEntity
 67
1
  8
E-SEMA-SEMBOL
 62
7
100
AcDbHatch
 10
0.0
 20
0.0
 30
0.0
210
0.0
220
0.0
230
1.0
  2
SOLID
 70
1
 71
0
 91
1
 92
1
 93
1
 72
2
 10
73.0
 20
239.8
 40
0.35
 50
0.0
 51
360.0
 73
1
 97
0
 75
0
 76
1
 98
0
  0
LINE
  5
456
330
3C0
100
AcDbEntity
 67
1
  8
E-SEMA-SEMBOL
370
35
100
AcDbLine
 10
73.0
 20
239.8
 30
0.0
 11
76.0
 21
234.0
 31
0.0
  0
LINE
  5
457
330
3C0
100
AcDbEntity
 67
1
  8
E-SEMA-TEL
370
25
100
AcDbLine
 10
73.0
 20
233.6
 30
0.0
 11
73.0
 21
232.0
 31
0.0
  0
LWPOLYLINE
  5
458
330
3C0
100
AcDbEntity
 67
1
  8
E-SEMA-SEMBOL
370
25
100
AcDbPolyline
 90
4
 70
1
 10
73.9
 20
233.6
 10
75.3
 20
233.6
 10
75.3
 20
236.6
 10
73.9
 20
236.6
  0
LINE
  5
459
330
3C0
100
AcDbEntity
 67
1
  8
E-SEMA-SEMBOL
  6
DASHED
370
18
100
AcDbLine
 10
61.0
 20
239.4
 30
0.0
 11
73.0
 21
239.4
 31
0.0
  0
TEXT
  5
45A
330
3C0
100
AcDbEntity
 67
1
  8
E-SEMA-YAZI
100
AcDbText
 10
57.0
 20
240.0
 30
0.0
 40
2.2
  1
-Q1
  7
GYM
 72
2
 11
57.0
 21
240.0
 31
0.0
100
AcDbText
 73
2
  0
TEXT
  5
45B
330
3C0
100
AcDbEntity
 67
1
  8
E-SEMA-YAZI
100
AcDbText
 10
78.0
 20
240.0
 30
0.0
 40
1.8
  1
ANA ŞALTER  4×32 A  ·  Icu 6 kA
  7
GYM
 11
78.0
 21
240.0
 31
0.0
100
AcDbText
 73
2
  0
LINE
  5
45C
330
3C0
100
AcDbEntity
 67
1
  8
E-SEMA-TEL
370
25
100
AcDbLine
 10
61.0
 20
220.0
 30
0.0
 11
61.0
 21
218.24
 31
0.0
  0
HATCH
  5
45D
330
3C0
100
AcDbEntity
 67
1
  8
E-SEMA-SEMBOL
 62
7
100
AcDbHatch
 10
0.0
 20
0.0
 30
0.0
210
0.0
220
0.0
230
1.0
  2
SOLID
 70
1
 71
0
 91
1
 92
1
 93
1
 72
2
 10
61.0
 20
218.24
 40
0.35
 50
0.0
 51
360.0
 73
1
 97
0
 75
0
 76
1
 98
0
  0
LINE
  5
45E
330
3C0
100
AcDbEntity
 67
1
  8
E-SEMA-SEMBOL
370
35
100
AcDbLine
 10
61.0
 20
218.24
 30
0.0
 11
63.4
 21
213.6
 31
0.0
  0
LINE
  5
45F
330
3C0
100
AcDbEntity
 67
1
  8
E-SEMA-TEL
370
25
100
AcDbLine
 10
61.0
 20
213.28
 30
0.0
 11
61.0
 21
212.0
 31
0.0
  0
LWPOLYLINE
  5
460
330
3C0
100
AcDbEntity
 67
1
  8
E-SEMA-SEMBOL
370
25
100
AcDbPolyline
 90
4
 70
1
 10
61.9
 20
213.28
 10
63.3
 20
213.28
 10
63.3
 20
215.68
 10
61.9
 20
215.68
  0
LINE
  5
461
330
3C0
100
AcDbEntity
 67
1
  8
E-SEMA-TEL
370
25
100
AcDbLine
 10
65.0
 20
220.0
 30
0.0
 11
65.0
 21
218.24
 31
0.0
  0
HATCH
  5
462
330
3C0
100
AcDbEntity
 67
1
  8
E-SEMA-SEMBOL
 62
7
100
AcDbHatch
 10
0.0
 20
0.0
 30
0.0
210
0.0
220
0.0
230
1.0
  2
SOLID
 70
1
 71
0
 91
1
 92
1
 93
1
 72
2
 10
65.0
 20
218.24
 40
0.35
 50
0.0
 51
360.0
 73
1
 97
0
 75
0
 76
1
 98
0
  0
LINE
  5
463
330
3C0
100
AcDbEntity
 67
1
  8
E-SEMA-SEMBOL
370
35
100
AcDbLine
 10
65.0
 20
218.24
 30
0.0
 11
67.4
 21
213.6
 31
0.0
  0
LINE
  5
464
330
3C0
100
AcDbEntity
 67
1
  8
E-SEMA-TEL
370
25
100
AcDbLine
 10
65.0
 20
213.28
 30
0.0
 11
65.0
 21
212.0
 31
0.0
  0
LWPOLYLINE
  5
465
330
3C0
100
AcDbEntity
 67
1
  8
E-SEMA-SEMBOL
370
25
100
AcDbPolyline
 90
4
 70
1
 10
65.9
 20
213.28
 10
67.3
 20
213.28
 10
67.3
 20
215.68
 10
65.9
 20
215.68
  0
LINE
  5
466
330
3C0
100
AcDbEntity
 67
1
  8
E-SEMA-TEL
370
25
100
AcDbLine
 10
69.0
 20
220.0
 30
0.0
 11
69.0
 21
218.24
 31
0.0
  0
HATCH
  5
467
330
3C0
100
AcDbEntity
 67
1
  8
E-SEMA-SEMBOL
 62
7
100
AcDbHatch
 10
0.0
 20
0.0
 30
0.0
210
0.0
220
0.0
230
1.0
  2
SOLID
 70
1
 71
0
 91
1
 92
1
 93
1
 72
2
 10
69.0
 20
218.24
 40
0.35
 50
0.0
 51
360.0
 73
1
 97
0
 75
0
 76
1
 98
0
  0
LINE
  5
468
330
3C0
100
AcDbEntity
 67
1
  8
E-SEMA-SEMBOL
370
35
100
AcDbLine
 10
69.0
 20
218.24
 30
0.0
 11
71.4
 21
213.6
 31
0.0
  0
LINE
  5
469
330
3C0
100
AcDbEntity
 67
1
  8
E-SEMA-TEL
370
25
100
AcDbLine
 10
69.0
 20
213.28
 30
0.0
 11
69.0
 21
212.0
 31
0.0
  0
LWPOLYLINE
  5
46A
330
3C0
100
AcDbEntity
 67
1
  8
E-SEMA-SEMBOL
370
25
100
AcDbPolyline
 90
4
 70
1
 10
69.9
 20
213.28
 10
71.3
 20
213.28
 10
71.3
 20
215.68
 10
69.9
 20
215.68
  0
LINE
  5
46B
330
3C0
100
AcDbEntity
 67
1
  8
E-SEMA-TEL
370
25
100
AcDbLine
 10
73.0
 20
220.0
 30
0.0
 11
73.0
 21
218.24
 31
0.0
  0
HATCH
  5
46C
330
3C0
100
AcDbEntity
 67
1
  8
E-SEMA-SEMBOL
 62
7
100
AcDbHatch
 10
0.0
 20
0.0
 30
0.0
210
0.0
220
0.0
230
1.0
  2
SOLID
 70
1
 71
0
 91
1
 92
1
 93
1
 72
2
 10
73.0
 20
218.24
 40
0.35
 50
0.0
 51
360.0
 73
1
 97
0
 75
0
 76
1
 98
0
  0
LINE
  5
46D
330
3C0
100
AcDbEntity
 67
1
  8
E-SEMA-SEMBOL
370
35
100
AcDbLine
 10
73.0
 20
218.24
 30
0.0
 11
75.4
 21
213.6
 31
0.0
  0
LINE
  5
46E
330
3C0
100
AcDbEntity
 67
1
  8
E-SEMA-TEL
370
25
100
AcDbLine
 10
73.0
 20
213.28
 30
0.0
 11
73.0
 21
212.0
 31
0.0
  0
LWPOLYLINE
  5
46F
330
3C0
100
AcDbEntity
 67
1
  8
E-SEMA-SEMBOL
370
25
100
AcDbPolyline
 90
4
 70
1
 10
73.9
 20
213.28
 10
75.3
 20
213.28
 10
75.3
 20
215.68
 10
73.9
 20
215.68
  0
LINE
  5
470
330
3C0
100
AcDbEntity
 67
1
  8
E-SEMA-SEMBOL
  6
DASHED
370
18
100
AcDbLine
 10
61.0
 20
217.8
 30
0.0
 11
73.0
 21
217.8
 31
0.0
  0
TEXT
  5
471
330
3C0
100
AcDbEntity
 67
1
  8
E-SEMA-YAZI
100
AcDbText
 10
59.9
 20
219.2
 30
0.0
 40
1.5
  1
1
  7
GYM
 72
2
 11
59.9
 21
219.2
 31
0.0
100
AcDbText
 73
2
  0
TEXT
  5
472
330
3C0
100
AcDbEntity
 67
1
  8
E-SEMA-YAZI
100
AcDbText
 10
59.9
 20
210.4
 30
0.0
 40
1.5
  1
2
  7
GYM
 72
2
 11
59.9
 21
210.4
 31
0.0
100
AcDbText
 73
2
  0
TEXT
  5
473
330
3C0
100
AcDbEntity
 67
1
  8
E-SEMA-YAZI
100
AcDbText
 10
63.9
 20
219.2
 30
0.0
 40
1.5
  1
3
  7
GYM
 72
2
 11
63.9
 21
219.2
 31
0.0
100
AcDbText
 73
2
  0
TEXT
  5
474
330
3C0
100
AcDbEntity
 67
1
  8
E-SEMA-YAZI
100
AcDbText
 10
63.9
 20
210.4
 30
0.0
 40
1.5
  1
4
  7
GYM
 72
2
 11
63.9
 21
210.4
 31
0.0
100
AcDbText
 73
2
  0
TEXT
  5
475
330
3C0
100
AcDbEntity
 67
1
  8
E-SEMA-YAZI
100
AcDbText
 10
67.9
 20
219.2
 30
0.0
 40
1.5
  1
5
  7
GYM
 72
2
 11
67.9
 21
219.2
 31
0.0
100
AcDbText
 73
2
  0
TEXT
  5
476
330
3C0
100
AcDbEntity
 67
1
  8
E-SEMA-YAZI
100
AcDbText
 10
67.9
 20
210.4
 30
0.0
 40
1.5
  1
6
  7
GYM
 72
2
 11
67.9
 21
210.4
 31
0.0
100
AcDbText
 73
2
  0
TEXT
  5
477
330
3C0
100
AcDbEntity
 67
1
  8
E-SEMA-YAZI
100
AcDbText
 10
71.9
 20
219.2
 30
0.0
 40
1.5
  1
N
  7
GYM
 72
2
 11
71.9
 21
219.2
 31
0.0
100
AcDbText
 73
2
  0
TEXT
  5
478
330
3C0
100
AcDbEntity
 67
1
  8
E-SEMA-YAZI
100
AcDbText
 10
71.9
 20
210.4
 30
0.0
 40
1.5
  1
N
  7
GYM
 72
2
 11
71.9
 21
210.4
 31
0.0
100
AcDbText
 73
2
  0
LWPOLYLINE
  5
479
330
3C0
100
AcDbEntity
 67
1
  8
E-SEMA-SEMBOL
370
35
100
AcDbPolyline
 90
4
 70
1
 10
58.4
 20
207.0
 10
75.6
 20
207.0
 10
75.6
 20
212.0
 10
58.4
 20
212.0
  0
TEXT
  5
47A
330
3C0
100
AcDbEntity
 67
1
  8
E-SEMA-SEMBOL
100
AcDbText
 10
65.0
 20
209.5
 30
0.0
 40
2.2
  1
I
  7
GYM
 72
1
 11
65.0
 21
209.5
 31
0.0
100
AcDbText
 73
2
  0
LINE
  5
47B
330
3C0
100
AcDbEntity
 67
1
  8
E-SEMA-SEMBOL
370
25
100
AcDbLine
 10
69.0
 20
210.4
 30
0.0
 11
69.0
 21
209.4
 31
0.0
  0
LINE
  5
47C
330
3C0
100
AcDbEntity
 67
1
  8
E-SEMA-SEMBOL
370
25
100
AcDbLine
 10
67.9
 20
209.4
 30
0.0
 11
70.1
 21
209.4
 31
0.0
  0
LINE
  5
47D
330
3C0
100
AcDbEntity
 67
1
  8
E-SEMA-SEMBOL
370
25
100
AcDbLine
 10
68.3
 20
208.95000000000002
 30
0.0
 11
69.7
 21
208.95000000000002
 31
0.0
  0
LINE
  5
47E
330
3C0
100
AcDbEntity
 67
1
  8
E-SEMA-SEMBOL
370
25
100
AcDbLine
 10
68.65
 20
208.5
 30
0.0
 11
69.35
 21
208.5
 31
0.0
  0
LWPOLYLINE
  5
47F
330
3C0
100
AcDbEntity
 67
1
  8
E-SEMA-SEMBOL
370
25
100
AcDbPolyline
 90
4
 70
1
 10
51.0
 20
215.6
 10
54.0
 20
215.6
 10
54.0
 20
218.6
 10
51.0
 20
218.6
  0
LINE
  5
480
330
3C0
100
AcDbEntity
 67
1
  8
E-SEMA-SEMBOL
370
18
100
AcDbLine
 10
51.0
 20
215.6
 30
0.0
 11
54.0
 21
218.6
 31
0.0
  0
TEXT
  5
481
330
3C0
100
AcDbEntity
 67
1
  8
E-SEMA-YAZI
100
AcDbText
 10
49.5
 20
217.1
 30
0.0
 40
1.5
  1
T
  7
GYM
 72
2
 11
49.5
 21
217.1
 31
0.0
100
AcDbText
 73
2
  0
TEXT
  5
482
330
3C0
100
AcDbEntity
 67
1
  8
E-SEMA-YAZI
100
AcDbText
 10
57.0
 20
205.0
 30
0.0
 40
2.2
  1
-ID0
  7
GYM
 72
2
 11
57.0
 21
205.0
 31
0.0
100
AcDbText
 73
2
  0
TEXT
  5
483
330
3C0
100
AcDbEntity
 67
1
  8
E-SEMA-YAZI
100
AcDbText
 10
78.0
 20
217.0
 30
0.0
 40
1.8
  1
ANA KAÇAK AKIM  4×40 A / 300 mA
  7
GYM
 11
78.0
 21
217.0
 31
0.0
100
AcDbText
 73
2
  0
TEXT
  5
484
330
3C0
100
AcDbEntity
 67
1
  8
E-SEMA-YAZI
100
AcDbText
 10
78.0
 20
214.0
 30
0.0
 40
1.5
  1
S tipi (zaman gecikmeli) — son devredeki 30 mA
  7
GYM
 11
78.0
 21
214.0
 31
0.0
100
AcDbText
 73
2
  0
TEXT
  5
485
330
3C0
100
AcDbEntity
 67
1
  8
E-SEMA-YAZI
100
AcDbText
 10
78.0
 20
211.4
 30
0.0
 40
1.5
  1
röleler ile seçicilik sağlar. Ana şalter 32 A ile orantılıdır.
  7
GYM
 11
78.0
 21
211.4
 31
0.0
100
AcDbText
 73
2
  0
LINE
  5
486
330
3C0
100
AcDbEntity
 67
1
  8
E-SEMA-TEL
370
25
100
AcDbLine
 10
61.0
 20
207.0
 30
0.0
 11
61.0
 21
272.0
 31
0.0
  0
LINE
  5
487
330
3C0
100
AcDbEntity
 67
1
  8
E-SEMA-TEL
370
25
100
AcDbLine
 10
65.0
 20
207.0
 30
0.0
 11
65.0
 21
267.0
 31
0.0
  0
LINE
  5
488
330
3C0
100
AcDbEntity
 67
1
  8
E-SEMA-TEL
370
25
100
AcDbLine
 10
69.0
 20
207.0
 30
0.0
 11
69.0
 21
262.0
 31
0.0
  0
LINE
  5
489
330
3C0
100
AcDbEntity
 67
1
  8
E-SEMA-TEL
370
25
100
AcDbLine
 10
73.0
 20
207.0
 30
0.0
 11
73.0
 21
257.0
 31
0.0
  0
LINE
  5
48A
330
3C0
100
AcDbEntity
 67
1
  8
E-SEMA-TEL
370
35
100
AcDbLine
 10
61.0
 20
207.0
 30
0.0
 11
61.0
 21
272.0
 31
0.0
  0
LINE
  5
48B
330
3C0
100
AcDbEntity
 67
1
  8
E-SEMA-RAY
370
35
100
AcDbLine
 10
61.0
 20
272.0
 30
0.0
 11
145.0
 21
272.0
 31
0.0
  0
HATCH
  5
48C
330
3C0
100
AcDbEntity
 67
1
  8
E-SEMA-SEMBOL
 62
7
100
AcDbHatch
 10
0.0
 20
0.0
 30
0.0
210
0.0
220
0.0
230
1.0
  2
SOLID
 70
1
 71
0
 91
1
 92
1
 93
1
 72
2
 10
61.0
 20
272.0
 40
0.55
 50
0.0
 51
360.0
 73
1
 97
0
 75
0
 76
1
 98
0
  0
TEXT
  5
48D
330
3C0
100
AcDbEntity
 67
1
  8
E-SEMA-YAZI
100
AcDbText
 10
62.2
 20
273.4
 30
0.0
 40
1.5
  1
L1
  7
GYM
 11
62.2
 21
273.4
 31
0.0
100
AcDbText
 73
2
  0
LINE
  5
48E
330
3C0
100
AcDbEntity
 67
1
  8
E-SEMA-TEL
370
35
100
AcDbLine
 10
65.0
 20
207.0
 30
0.0
 11
65.0
 21
267.0
 31
0.0
  0
LINE
  5
48F
330
3C0
100
AcDbEntity
 67
1
  8
E-SEMA-RAY
370
35
100
AcDbLine
 10
65.0
 20
267.0
 30
0.0
 11
145.0
 21
267.0
 31
0.0
  0
HATCH
  5
490
330
3C0
100
AcDbEntity
 67
1
  8
E-SEMA-SEMBOL
 62
7
100
AcDbHatch
 10
0.0
 20
0.0
 30
0.0
210
0.0
220
0.0
230
1.0
  2
SOLID
 70
1
 71
0
 91
1
 92
1
 93
1
 72
2
 10
65.0
 20
267.0
 40
0.55
 50
0.0
 51
360.0
 73
1
 97
0
 75
0
 76
1
 98
0
  0
TEXT
  5
491
330
3C0
100
AcDbEntity
 67
1
  8
E-SEMA-YAZI
100
AcDbText
 10
66.2
 20
268.4
 30
0.0
 40
1.5
  1
L2
  7
GYM
 11
66.2
 21
268.4
 31
0.0
100
AcDbText
 73
2
  0
LINE
  5
492
330
3C0
100
AcDbEntity
 67
1
  8
E-SEMA-TEL
370
35
100
AcDbLine
 10
69.0
 20
207.0
 30
0.0
 11
69.0
 21
262.0
 31
0.0
  0
LINE
  5
493
330
3C0
100
AcDbEntity
 67
1
  8
E-SEMA-RAY
370
35
100
AcDbLine
 10
69.0
 20
262.0
 30
0.0
 11
145.0
 21
262.0
 31
0.0
  0
HATCH
  5
494
330
3C0
100
AcDbEntity
 67
1
  8
E-SEMA-SEMBOL
 62
7
100
AcDbHatch
 10
0.0
 20
0.0
 30
0.0
210
0.0
220
0.0
230
1.0
  2
SOLID
 70
1
 71
0
 91
1
 92
1
 93
1
 72
2
 10
69.0
 20
262.0
 40
0.55
 50
0.0
 51
360.0
 73
1
 97
0
 75
0
 76
1
 98
0
  0
TEXT
  5
495
330
3C0
100
AcDbEntity
 67
1
  8
E-SEMA-YAZI
100
AcDbText
 10
70.2
 20
263.4
 30
0.0
 40
1.5
  1
L3
  7
GYM
 11
70.2
 21
263.4
 31
0.0
100
AcDbText
 73
2
  0
LINE
  5
496
330
3C0
100
AcDbEntity
 67
1
  8
E-SEMA-TEL
370
35
100
AcDbLine
 10
73.0
 20
207.0
 30
0.0
 11
73.0
 21
257.0
 31
0.0
  0
LINE
  5
497
330
3C0
100
AcDbEntity
 67
1
  8
E-SEMA-RAY
370
35
100
AcDbLine
 10
73.0
 20
257.0
 30
0.0
 11
145.0
 21
257.0
 31
0.0
  0
HATCH
  5
498
330
3C0
100
AcDbEntity
 67
1
  8
E-SEMA-SEMBOL
 62
7
100
AcDbHatch
 10
0.0
 20
0.0
 30
0.0
210
0.0
220
0.0
230
1.0
  2
SOLID
 70
1
 71
0
 91
1
 92
1
 93
1
 72
2
 10
73.0
 20
257.0
 40
0.55
 50
0.0
 51
360.0
 73
1
 97
0
 75
0
 76
1
 98
0
  0
TEXT
  5
499
330
3C0
100
AcDbEntity
 67
1
  8
E-SEMA-YAZI
100
AcDbText
 10
74.2
 20
258.4
 30
0.0
 40
1.5
  1
N
  7
GYM
 11
74.2
 21
258.4
 31
0.0
100
AcDbText
 73
2
  0
LINE
  5
49A
330
3C0
100
AcDbEntity
 67
1
  8
E-SEMA-TEL
370
25
100
AcDbLine
 10
61.0
 20
272.0
 30
0.0
 11
125.0
 21
272.0
 31
0.0
  0
LWPOLYLINE
  5
49B
330
3C0
100
AcDbEntity
 67
1
  8
E-SEMA-SEMBOL
370
35
100
AcDbPolyline
 90
4
 70
1
 10
123.4
 20
168.0
 10
126.6
 20
168.0
 10
126.6
 20
176.0
 10
123.4
 20
176.0
  0
LINE
  5
49C
330
3C0
100
AcDbEntity
 67
1
  8
E-SEMA-SEMBOL
370
25
100
AcDbLine
 10
123.4
 20
168.0
 30
0.0
 11
126.6
 21
176.0
 31
0.0
  0
LINE
  5
49D
330
3C0
100
AcDbEntity
 67
1
  8
E-SEMA-TEL
370
25
100
AcDbLine
 10
125.0
 20
176.0
 30
0.0
 11
125.0
 21
272.0
 31
0.0
  0
HATCH
  5
49E
330
3C0
100
AcDbEntity
 67
1
  8
E-SEMA-SEMBOL
 62
7
100
AcDbHatch
 10
0.0
 20
0.0
 30
0.0
210
0.0
220
0.0
230
1.0
  2
SOLID
 70
1
 71
0
 91
1
 92
1
 93
1
 72
2
 10
125.0
 20
272.0
 40
0.55
 50
0.0
 51
360.0
 73
1
 97
0
 75
0
 76
1
 98
0
  0
LINE
  5
49F
330
3C0
100
AcDbEntity
 67
1
  8
E-SEMA-TEL
370
25
100
AcDbLine
 10
125.0
 20
168.0
 30
0.0
 11
125.0
 21
150.0
 31
0.0
  0
LWPOLYLINE
  5
4A0
330
3C0
100
AcDbEntity
 67
1
  8
E-SEMA-SEMBOL
370
35
100
AcDbPolyline
 90
4
 70
1
 10
129.4
 20
168.0
 10
132.6
 20
168.0
 10
132.6
 20
176.0
 10
129.4
 20
176.0
  0
LINE
  5
4A1
330
3C0
100
AcDbEntity
 67
1
  8
E-SEMA-SEMBOL
370
25
100
AcDbLine
 10
129.4
 20
168.0
 30
0.0
 11
132.6
 21
176.0
 31
0.0
  0
LINE
  5
4A2
330
3C0
100
AcDbEntity
 67
1
  8
E-SEMA-TEL
370
25
100
AcDbLine
 10
131.0
 20
176.0
 30
0.0
 11
131.0
 21
267.0
 31
0.0
  0
HATCH
  5
4A3
330
3C0
100
AcDbEntity
 67
1
  8
E-SEMA-SEMBOL
 62
7
100
AcDbHatch
 10
0.0
 20
0.0
 30
0.0
210
0.0
220
0.0
230
1.0
  2
SOLID
 70
1
 71
0
 91
1
 92
1
 93
1
 72
2
 10
131.0
 20
267.0
 40
0.55
 50
0.0
 51
360.0
 73
1
 97
0
 75
0
 76
1
 98
0
  0
LINE
  5
4A4
330
3C0
100
AcDbEntity
 67
1
  8
E-SEMA-TEL
370
25
100
AcDbLine
 10
131.0
 20
168.0
 30
0.0
 11
131.0
 21
150.0
 31
0.0
  0
LWPOLYLINE
  5
4A5
330
3C0
100
AcDbEntity
 67
1
  8
E-SEMA-SEMBOL
370
35
100
AcDbPolyline
 90
4
 70
1
 10
135.4
 20
168.0
 10
138.6
 20
168.0
 10
138.6
 20
176.0
 10
135.4
 20
176.0
  0
LINE
  5
4A6
330
3C0
100
AcDbEntity
 67
1
  8
E-SEMA-SEMBOL
370
25
100
AcDbLine
 10
135.4
 20
168.0
 30
0.0
 11
138.6
 21
176.0
 31
0.0
  0
LINE
  5
4A7
330
3C0
100
AcDbEntity
 67
1
  8
E-SEMA-TEL
370
25
100
AcDbLine
 10
137.0
 20
176.0
 30
0.0
 11
137.0
 21
262.0
 31
0.0
  0
HATCH
  5
4A8
330
3C0
100
AcDbEntity
 67
1
  8
E-SEMA-SEMBOL
 62
7
100
AcDbHatch
 10
0.0
 20
0.0
 30
0.0
210
0.0
220
0.0
230
1.0
  2
SOLID
 70
1
 71
0
 91
1
 92
1
 93
1
 72
2
 10
137.0
 20
262.0
 40
0.55
 50
0.0
 51
360.0
 73
1
 97
0
 75
0
 76
1
 98
0
  0
LINE
  5
4A9
330
3C0
100
AcDbEntity
 67
1
  8
E-SEMA-TEL
370
25
100
AcDbLine
 10
137.0
 20
168.0
 30
0.0
 11
137.0
 21
150.0
 31
0.0
  0
HATCH
  5
4AA
330
3C0
100
AcDbEntity
 67
1
  8
E-SEMA-SEMBOL
 62
7
100
AcDbHatch
 10
0.0
 20
0.0
 30
0.0
210
0.0
220
0.0
230
1.0
  2
SOLID
 70
1
 71
0
 91
1
 92
1
 93
1
 72
2
 10
125.0
 20
150.0
 40
0.55
 50
0.0
 51
360.0
 73
1
 97
0
 75
0
 76
1
 98
0
  0
HATCH
  5
4AB
330
3C0
100
AcDbEntity
 67
1
  8
E-SEMA-SEMBOL
 62
7
100
AcDbHatch
 10
0.0
 20
0.0
 30
0.0
210
0.0
220
0.0
230
1.0
  2
SOLID
 70
1
 71
0
 91
1
 92
1
 93
1
 72
2
 10
131.0
 20
150.0
 40
0.55
 50
0.0
 51
360.0
 73
1
 97
0
 75
0
 76
1
 98
0
  0
HATCH
  5
4AC
330
3C0
100
AcDbEntity
 67
1
  8
E-SEMA-SEMBOL
 62
7
100
AcDbHatch
 10
0.0
 20
0.0
 30
0.0
210
0.0
220
0.0
230
1.0
  2
SOLID
 70
1
 71
0
 91
1
 92
1
 93
1
 72
2
 10
137.0
 20
150.0
 40
0.55
 50
0.0
 51
360.0
 73
1
 97
0
 75
0
 76
1
 98
0
  0
TEXT
  5
4AD
330
3C0
100
AcDbEntity
 67
1
  8
E-SEMA-YAZI
100
AcDbText
 10
122.0
 20
172.0
 30
0.0
 40
2.2
  1
-F0
  7
GYM
 72
2
 11
122.0
 21
172.0
 31
0.0
100
AcDbText
 73
2
  0
TEXT
  5
4AE
330
3C0
100
AcDbEntity
 67
1
  8
E-SEMA-YAZI
100
AcDbText
 10
122.0
 20
168.5
 30
0.0
 40
1.5
  1
SPD T2
  7
GYM
 72
2
 11
122.0
 21
168.5
 31
0.0
100
AcDbText
 73
2
  0
TEXT
  5
4AF
330
3C0
100
AcDbEntity
 67
1
  8
E-SEMA-YAZI
100
AcDbText
 10
141.0
 20
172.0
 30
0.0
 40
1.5
  1
Tip 2 parafudr · Up 1,4 kV · In 20 kA · Imax 40 kA
  7
GYM
 11
141.0
 21
172.0
 31
0.0
100
AcDbText
 73
2
  0
LINE
  5
4B0
330
3C0
100
AcDbEntity
 67
1
  8
E-SEMA-PE
370
25
100
AcDbLine
 10
85.0
 20
150.0
 30
0.0
 11
85.0
 21
142.0
 31
0.0
  0
LINE
  5
4B1
330
3C0
100
AcDbEntity
 67
1
  8
E-SEMA-SEMBOL
370
35
100
AcDbLine
 10
82.0
 20
142.0
 30
0.0
 11
88.0
 21
142.0
 31
0.0
  0
LINE
  5
4B2
330
3C0
100
AcDbEntity
 67
1
  8
E-SEMA-SEMBOL
370
35
100
AcDbLine
 10
83.0
 20
140.8
 30
0.0
 11
87.0
 21
140.8
 31
0.0
  0
LINE
  5
4B3
330
3C0
100
AcDbEntity
 67
1
  8
E-SEMA-SEMBOL
370
35
100
AcDbLine
 10
84.0
 20
139.6
 30
0.0
 11
86.0
 21
139.6
 31
0.0
  0
TEXT
  5
4B4
330
3C0
100
AcDbEntity
 67
1
  8
E-SEMA-YAZI
100
AcDbText
 10
89.0
 20
141.0
 30
0.0
 40
1.5
  1
ATB — ana topraklama barası · Ra = 15,5 Ω ≤ 20 Ω
  7
GYM
 11
89.0
 21
141.0
 31
0.0
100
AcDbText
 73
2
  0
TEXT
  5
4B5
330
3C0
100
AcDbEntity
 67
1
  8
E-SEMA-YAZI
100
AcDbText
 10
29.0
 20
52.0
 30
0.0
 40
1.8
  1
SİSTEM: TN-S — sayaç sonrası N ve PE ayrı çekilir, panoda hiçbir noktada birleştirilmez.
  7
GYM
 11
29.0
 21
52.0
 31
0.0
100
AcDbText
 73
2
  0
TEXT
  5
4B6
330
3C0
100
AcDbEntity
 67
1
  8
E-SEMA-YAZI
100
AcDbText
 10
29.0
 20
48.0
 30
0.0
 40
1.8
  1
SEÇİCİLİK: ana giriş 300 mA S tipi → son devre 30 mA A tipi (Elektrik İç Tesisleri Yönetmeliği md.18).
  7
GYM
 11
29.0
 21
48.0
 31
0.0
100
AcDbText
 73
2
  0
TEXT
  5
4B7
330
3C0
100
AcDbEntity
 67
1
  8
E-SEMA-YAZI
100
AcDbText
 10
29.0
 20
44.0
 30
0.0
 40
1.8
  1
KESİCİ EĞRİSİ: aydınlatma linyelerinde B eğrisi, priz / klima / ısıtıcı linyelerinde C eğrisi. Tümü 6 kA.
  7
GYM
 11
29.0
 21
44.0
 31
0.0
100
AcDbText
 73
2
  0
ENDBLK
  5
3C2
330
3C0
100
AcDbEntity
  8
0
100
AcDbBlockEnd
  0
BLOCK
  5
4B9
330
4B8
100
AcDbEntity
  8
0
100
AcDbBlockBegin
  2
*Paper_Space4
 70
0
 10
0.0
 20
0.0
 30
0.0
  3
*Paper_Space4
  1

  0
VIEWPORT
  5
4BC
330
4B8
100
AcDbEntity
 67
1
  8
VIEWPORTS
100
AcDbViewport
 10
210.0
 20
148.5
 30
0.0
 40
462.00000000000006
 41
326.70000000000005
 68
1
 69
1
 12
210.0
 22
148.5
 13
0.0
 23
0.0
 14
10.0
 24
10.0
 15
10.0
 25
10.0
 16
0.0
 26
0.0
 36
1.0
 17
0.0
 27
0.0
 37
0.0
 42
50.0
 43
0.0
 44
0.0
 45
326.70000000000005
 50
0.0
 51
0.0
 72
100
 90
557088
  1

281
0
 71
0
 74
0
110
0.0
120
0.0
130
0.0
111
1.0
121
0.0
131
0.0
112
0.0
122
1.0
132
0.0
 79
0
146
0.0
282
0
  0
LWPOLYLINE
  5
4BD
330
4B8
100
AcDbEntity
 67
1
  8
E-SEMA-ANTET
370
70
100
AcDbPolyline
 90
4
 70
1
 10
20.0
 20
10.0
 10
410.0
 20
10.0
 10
410.0
 20
287.0
 10
20.0
 20
287.0
  0
LWPOLYLINE
  5
4BE
330
4B8
100
AcDbEntity
 67
1
  8
E-SEMA-ZON
370
18
100
AcDbPolyline
 90
4
 70
1
 10
25.0
 20
32.0
 10
405.0
 20
32.0
 10
405.0
 20
282.0
 10
25.0
 20
282.0
  0
TEXT
  5
4BF
330
4B8
100
AcDbEntity
 67
1
  8
E-SEMA-ZON
100
AcDbText
 10
48.75
 20
284.5
 30
0.0
 40
2.2
  1
0
  7
GYM
 72
1
 11
48.75
 21
284.5
 31
0.0
100
AcDbText
 73
2
  0
LINE
  5
4C0
330
4B8
100
AcDbEntity
 67
1
  8
E-SEMA-ZON
370
18
100
AcDbLine
 10
72.5
 20
282.0
 30
0.0
 11
72.5
 21
287.0
 31
0.0
  0
LINE
  5
4C1
330
4B8
100
AcDbEntity
 67
1
  8
E-SEMA-ZON
370
18
100
AcDbLine
 10
72.5
 20
32.0
 30
0.0
 11
72.5
 21
32.0
 31
0.0
  0
TEXT
  5
4C2
330
4B8
100
AcDbEntity
 67
1
  8
E-SEMA-ZON
100
AcDbText
 10
96.25
 20
284.5
 30
0.0
 40
2.2
  1
1
  7
GYM
 72
1
 11
96.25
 21
284.5
 31
0.0
100
AcDbText
 73
2
  0
LINE
  5
4C3
330
4B8
100
AcDbEntity
 67
1
  8
E-SEMA-ZON
370
18
100
AcDbLine
 10
120.0
 20
282.0
 30
0.0
 11
120.0
 21
287.0
 31
0.0
  0
LINE
  5
4C4
330
4B8
100
AcDbEntity
 67
1
  8
E-SEMA-ZON
370
18
100
AcDbLine
 10
120.0
 20
32.0
 30
0.0
 11
120.0
 21
32.0
 31
0.0
  0
TEXT
  5
4C5
330
4B8
100
AcDbEntity
 67
1
  8
E-SEMA-ZON
100
AcDbText
 10
143.75
 20
284.5
 30
0.0
 40
2.2
  1
2
  7
GYM
 72
1
 11
143.75
 21
284.5
 31
0.0
100
AcDbText
 73
2
  0
LINE
  5
4C6
330
4B8
100
AcDbEntity
 67
1
  8
E-SEMA-ZON
370
18
100
AcDbLine
 10
167.5
 20
282.0
 30
0.0
 11
167.5
 21
287.0
 31
0.0
  0
LINE
  5
4C7
330
4B8
100
AcDbEntity
 67
1
  8
E-SEMA-ZON
370
18
100
AcDbLine
 10
167.5
 20
32.0
 30
0.0
 11
167.5
 21
32.0
 31
0.0
  0
TEXT
  5
4C8
330
4B8
100
AcDbEntity
 67
1
  8
E-SEMA-ZON
100
AcDbText
 10
191.25
 20
284.5
 30
0.0
 40
2.2
  1
3
  7
GYM
 72
1
 11
191.25
 21
284.5
 31
0.0
100
AcDbText
 73
2
  0
LINE
  5
4C9
330
4B8
100
AcDbEntity
 67
1
  8
E-SEMA-ZON
370
18
100
AcDbLine
 10
215.0
 20
282.0
 30
0.0
 11
215.0
 21
287.0
 31
0.0
  0
LINE
  5
4CA
330
4B8
100
AcDbEntity
 67
1
  8
E-SEMA-ZON
370
18
100
AcDbLine
 10
215.0
 20
32.0
 30
0.0
 11
215.0
 21
32.0
 31
0.0
  0
TEXT
  5
4CB
330
4B8
100
AcDbEntity
 67
1
  8
E-SEMA-ZON
100
AcDbText
 10
238.75
 20
284.5
 30
0.0
 40
2.2
  1
4
  7
GYM
 72
1
 11
238.75
 21
284.5
 31
0.0
100
AcDbText
 73
2
  0
LINE
  5
4CC
330
4B8
100
AcDbEntity
 67
1
  8
E-SEMA-ZON
370
18
100
AcDbLine
 10
262.5
 20
282.0
 30
0.0
 11
262.5
 21
287.0
 31
0.0
  0
LINE
  5
4CD
330
4B8
100
AcDbEntity
 67
1
  8
E-SEMA-ZON
370
18
100
AcDbLine
 10
262.5
 20
32.0
 30
0.0
 11
262.5
 21
32.0
 31
0.0
  0
TEXT
  5
4CE
330
4B8
100
AcDbEntity
 67
1
  8
E-SEMA-ZON
100
AcDbText
 10
286.25
 20
284.5
 30
0.0
 40
2.2
  1
5
  7
GYM
 72
1
 11
286.25
 21
284.5
 31
0.0
100
AcDbText
 73
2
  0
LINE
  5
4CF
330
4B8
100
AcDbEntity
 67
1
  8
E-SEMA-ZON
370
18
100
AcDbLine
 10
310.0
 20
282.0
 30
0.0
 11
310.0
 21
287.0
 31
0.0
  0
LINE
  5
4D0
330
4B8
100
AcDbEntity
 67
1
  8
E-SEMA-ZON
370
18
100
AcDbLine
 10
310.0
 20
32.0
 30
0.0
 11
310.0
 21
32.0
 31
0.0
  0
TEXT
  5
4D1
330
4B8
100
AcDbEntity
 67
1
  8
E-SEMA-ZON
100
AcDbText
 10
333.75
 20
284.5
 30
0.0
 40
2.2
  1
6
  7
GYM
 72
1
 11
333.75
 21
284.5
 31
0.0
100
AcDbText
 73
2
  0
LINE
  5
4D2
330
4B8
100
AcDbEntity
 67
1
  8
E-SEMA-ZON
370
18
100
AcDbLine
 10
357.5
 20
282.0
 30
0.0
 11
357.5
 21
287.0
 31
0.0
  0
LINE
  5
4D3
330
4B8
100
AcDbEntity
 67
1
  8
E-SEMA-ZON
370
18
100
AcDbLine
 10
357.5
 20
32.0
 30
0.0
 11
357.5
 21
32.0
 31
0.0
  0
TEXT
  5
4D4
330
4B8
100
AcDbEntity
 67
1
  8
E-SEMA-ZON
100
AcDbText
 10
381.25
 20
284.5
 30
0.0
 40
2.2
  1
7
  7
GYM
 72
1
 11
381.25
 21
284.5
 31
0.0
100
AcDbText
 73
2
  0
TEXT
  5
4D5
330
4B8
100
AcDbEntity
 67
1
  8
E-SEMA-ZON
100
AcDbText
 10
22.5
 20
261.1666666666667
 30
0.0
 40
2.2
  1
A
  7
GYM
 72
1
 11
22.5
 21
261.1666666666667
 31
0.0
100
AcDbText
 73
2
  0
TEXT
  5
4D6
330
4B8
100
AcDbEntity
 67
1
  8
E-SEMA-ZON
100
AcDbText
 10
407.5
 20
261.1666666666667
 30
0.0
 40
2.2
  1
A
  7
GYM
 72
1
 11
407.5
 21
261.1666666666667
 31
0.0
100
AcDbText
 73
2
  0
LINE
  5
4D7
330
4B8
100
AcDbEntity
 67
1
  8
E-SEMA-ZON
370
18
100
AcDbLine
 10
20.0
 20
240.33333333333334
 30
0.0
 11
25.0
 21
240.33333333333334
 31
0.0
  0
LINE
  5
4D8
330
4B8
100
AcDbEntity
 67
1
  8
E-SEMA-ZON
370
18
100
AcDbLine
 10
405.0
 20
240.33333333333334
 30
0.0
 11
410.0
 21
240.33333333333334
 31
0.0
  0
TEXT
  5
4D9
330
4B8
100
AcDbEntity
 67
1
  8
E-SEMA-ZON
100
AcDbText
 10
22.5
 20
219.50000000000003
 30
0.0
 40
2.2
  1
B
  7
GYM
 72
1
 11
22.5
 21
219.50000000000003
 31
0.0
100
AcDbText
 73
2
  0
TEXT
  5
4DA
330
4B8
100
AcDbEntity
 67
1
  8
E-SEMA-ZON
100
AcDbText
 10
407.5
 20
219.50000000000003
 30
0.0
 40
2.2
  1
B
  7
GYM
 72
1
 11
407.5
 21
219.50000000000003
 31
0.0
100
AcDbText
 73
2
  0
LINE
  5
4DB
330
4B8
100
AcDbEntity
 67
1
  8
E-SEMA-ZON
370
18
100
AcDbLine
 10
20.0
 20
198.66666666666666
 30
0.0
 11
25.0
 21
198.66666666666666
 31
0.0
  0
LINE
  5
4DC
330
4B8
100
AcDbEntity
 67
1
  8
E-SEMA-ZON
370
18
100
AcDbLine
 10
405.0
 20
198.66666666666666
 30
0.0
 11
410.0
 21
198.66666666666666
 31
0.0
  0
TEXT
  5
4DD
330
4B8
100
AcDbEntity
 67
1
  8
E-SEMA-ZON
100
AcDbText
 10
22.5
 20
177.83333333333334
 30
0.0
 40
2.2
  1
C
  7
GYM
 72
1
 11
22.5
 21
177.83333333333334
 31
0.0
100
AcDbText
 73
2
  0
TEXT
  5
4DE
330
4B8
100
AcDbEntity
 67
1
  8
E-SEMA-ZON
100
AcDbText
 10
407.5
 20
177.83333333333334
 30
0.0
 40
2.2
  1
C
  7
GYM
 72
1
 11
407.5
 21
177.83333333333334
 31
0.0
100
AcDbText
 73
2
  0
LINE
  5
4DF
330
4B8
100
AcDbEntity
 67
1
  8
E-SEMA-ZON
370
18
100
AcDbLine
 10
20.0
 20
157.0
 30
0.0
 11
25.0
 21
157.0
 31
0.0
  0
LINE
  5
4E0
330
4B8
100
AcDbEntity
 67
1
  8
E-SEMA-ZON
370
18
100
AcDbLine
 10
405.0
 20
157.0
 30
0.0
 11
410.0
 21
157.0
 31
0.0
  0
TEXT
  5
4E1
330
4B8
100
AcDbEntity
 67
1
  8
E-SEMA-ZON
100
AcDbText
 10
22.5
 20
136.16666666666669
 30
0.0
 40
2.2
  1
D
  7
GYM
 72
1
 11
22.5
 21
136.16666666666669
 31
0.0
100
AcDbText
 73
2
  0
TEXT
  5
4E2
330
4B8
100
AcDbEntity
 67
1
  8
E-SEMA-ZON
100
AcDbText
 10
407.5
 20
136.16666666666669
 30
0.0
 40
2.2
  1
D
  7
GYM
 72
1
 11
407.5
 21
136.16666666666669
 31
0.0
100
AcDbText
 73
2
  0
LINE
  5
4E3
330
4B8
100
AcDbEntity
 67
1
  8
E-SEMA-ZON
370
18
100
AcDbLine
 10
20.0
 20
115.33333333333334
 30
0.0
 11
25.0
 21
115.33333333333334
 31
0.0
  0
LINE
  5
4E4
330
4B8
100
AcDbEntity
 67
1
  8
E-SEMA-ZON
370
18
100
AcDbLine
 10
405.0
 20
115.33333333333334
 30
0.0
 11
410.0
 21
115.33333333333334
 31
0.0
  0
TEXT
  5
4E5
330
4B8
100
AcDbEntity
 67
1
  8
E-SEMA-ZON
100
AcDbText
 10
22.5
 20
94.50000000000001
 30
0.0
 40
2.2
  1
E
  7
GYM
 72
1
 11
22.5
 21
94.50000000000001
 31
0.0
100
AcDbText
 73
2
  0
TEXT
  5
4E6
330
4B8
100
AcDbEntity
 67
1
  8
E-SEMA-ZON
100
AcDbText
 10
407.5
 20
94.50000000000001
 30
0.0
 40
2.2
  1
E
  7
GYM
 72
1
 11
407.5
 21
94.50000000000001
 31
0.0
100
AcDbText
 73
2
  0
LINE
  5
4E7
330
4B8
100
AcDbEntity
 67
1
  8
E-SEMA-ZON
370
18
100
AcDbLine
 10
20.0
 20
73.66666666666666
 30
0.0
 11
25.0
 21
73.66666666666666
 31
0.0
  0
LINE
  5
4E8
330
4B8
100
AcDbEntity
 67
1
  8
E-SEMA-ZON
370
18
100
AcDbLine
 10
405.0
 20
73.66666666666666
 30
0.0
 11
410.0
 21
73.66666666666666
 31
0.0
  0
TEXT
  5
4E9
330
4B8
100
AcDbEntity
 67
1
  8
E-SEMA-ZON
100
AcDbText
 10
22.5
 20
52.83333333333333
 30
0.0
 40
2.2
  1
F
  7
GYM
 72
1
 11
22.5
 21
52.83333333333333
 31
0.0
100
AcDbText
 73
2
  0
TEXT
  5
4EA
330
4B8
100
AcDbEntity
 67
1
  8
E-SEMA-ZON
100
AcDbText
 10
407.5
 20
52.83333333333333
 30
0.0
 40
2.2
  1
F
  7
GYM
 72
1
 11
407.5
 21
52.83333333333333
 31
0.0
100
AcDbText
 73
2
  0
LWPOLYLINE
  5
4EB
330
4B8
100
AcDbEntity
 67
1
  8
E-SEMA-ANTET
370
50
100
AcDbPolyline
 90
4
 70
1
 10
20.0
 20
10.0
 10
410.0
 20
10.0
 10
410.0
 20
32.0
 10
20.0
 20
32.0
  0
LINE
  5
4EC
330
4B8
100
AcDbEntity
 67
1
  8
E-SEMA-ANTET
370
18
100
AcDbLine
 10
20.0
 20
15.5
 30
0.0
 11
410.0
 21
15.5
 31
0.0
  0
LINE
  5
4ED
330
4B8
100
AcDbEntity
 67
1
  8
E-SEMA-ANTET
370
18
100
AcDbLine
 10
20.0
 20
21.0
 30
0.0
 11
410.0
 21
21.0
 31
0.0
  0
LINE
  5
4EE
330
4B8
100
AcDbEntity
 67
1
  8
E-SEMA-ANTET
370
18
100
AcDbLine
 10
20.0
 20
26.5
 30
0.0
 11
410.0
 21
26.5
 31
0.0
  0
LINE
  5
4EF
330
4B8
100
AcDbEntity
 67
1
  8
E-SEMA-ANTET
370
18
100
AcDbLine
 10
64.0
 20
10.0
 30
0.0
 11
64.0
 21
32.0
 31
0.0
  0
LINE
  5
4F0
330
4B8
100
AcDbEntity
 67
1
  8
E-SEMA-ANTET
370
18
100
AcDbLine
 10
96.0
 20
10.0
 30
0.0
 11
96.0
 21
32.0
 31
0.0
  0
LINE
  5
4F1
330
4B8
100
AcDbEntity
 67
1
  8
E-SEMA-ANTET
370
18
100
AcDbLine
 10
282.0
 20
10.0
 30
0.0
 11
282.0
 21
32.0
 31
0.0
  0
LINE
  5
4F2
330
4B8
100
AcDbEntity
 67
1
  8
E-SEMA-ANTET
370
18
100
AcDbLine
 10
316.0
 20
10.0
 30
0.0
 11
316.0
 21
32.0
 31
0.0
  0
LINE
  5
4F3
330
4B8
100
AcDbEntity
 67
1
  8
E-SEMA-ANTET
370
18
100
AcDbLine
 10
356.0
 20
10.0
 30
0.0
 11
356.0
 21
32.0
 31
0.0
  0
TEXT
  5
4F4
330
4B8
100
AcDbEntity
 67
1
  8
E-SEMA-ANTET
100
AcDbText
 10
20.8
 20
30.2
 30
0.0
 40
1.5
  1
Drawn By /
  7
GYM
 11
20.8
 21
30.2
 31
0.0
100
AcDbText
 73
2
  0
TEXT
  5
4F5
330
4B8
100
AcDbEntity
 67
1
  8
E-SEMA-ANTET
100
AcDbText
 10
20.8
 20
28.3
 30
0.0
 40
1.5
  1
Çizen
  7
GYM
 11
20.8
 21
28.3
 31
0.0
100
AcDbText
 73
2
  0
TEXT
  5
4F6
330
4B8
100
AcDbEntity
 67
1
  8
E-SEMA-ANTET
100
AcDbText
 10
62.4
 20
29.25
 30
0.0
 40
1.8
  1
CC
  7
GYM
 72
2
 11
62.4
 21
29.25
 31
0.0
100
AcDbText
 73
2
  0
TEXT
  5
4F7
330
4B8
100
AcDbEntity
 67
1
  8
E-SEMA-ANTET
100
AcDbText
 10
20.8
 20
24.7
 30
0.0
 40
1.5
  1
Checked By /
  7
GYM
 11
20.8
 21
24.7
 31
0.0
100
AcDbText
 73
2
  0
TEXT
  5
4F8
330
4B8
100
AcDbEntity
 67
1
  8
E-SEMA-ANTET
100
AcDbText
 10
20.8
 20
22.8
 30
0.0
 40
1.5
  1
Kontrol Eden
  7
GYM
 11
20.8
 21
22.8
 31
0.0
100
AcDbText
 73
2
  0
TEXT
  5
4F9
330
4B8
100
AcDbEntity
 67
1
  8
E-SEMA-ANTET
100
AcDbText
 10
62.4
 20
23.75
 30
0.0
 40
1.8
  1
—
  7
GYM
 72
2
 11
62.4
 21
23.75
 31
0.0
100
AcDbText
 73
2
  0
TEXT
  5
4FA
330
4B8
100
AcDbEntity
 67
1
  8
E-SEMA-ANTET
100
AcDbText
 10
20.8
 20
19.2
 30
0.0
 40
1.5
  1
Approved By /
  7
GYM
 11
20.8
 21
19.2
 31
0.0
100
AcDbText
 73
2
  0
TEXT
  5
4FB
330
4B8
100
AcDbEntity
 67
1
  8
E-SEMA-ANTET
100
AcDbText
 10
20.8
 20
17.3
 30
0.0
 40
1.5
  1
Onaylayan
  7
GYM
 11
20.8
 21
17.3
 31
0.0
100
AcDbText
 73
2
  0
TEXT
  5
4FC
330
4B8
100
AcDbEntity
 67
1
  8
E-SEMA-ANTET
100
AcDbText
 10
62.4
 20
18.25
 30
0.0
 40
1.8
  1
—
  7
GYM
 72
2
 11
62.4
 21
18.25
 31
0.0
100
AcDbText
 73
2
  0
TEXT
  5
4FD
330
4B8
100
AcDbEntity
 67
1
  8
E-SEMA-ANTET
100
AcDbText
 10
20.8
 20
13.7
 30
0.0
 40
1.5
  1
Project Date /
  7
GYM
 11
20.8
 21
13.7
 31
0.0
100
AcDbText
 73
2
  0
TEXT
  5
4FE
330
4B8
100
AcDbEntity
 67
1
  8
E-SEMA-ANTET
100
AcDbText
 10
20.8
 20
11.8
 30
0.0
 40
1.5
  1
Proje Tarihi
  7
GYM
 11
20.8
 21
11.8
 31
0.0
100
AcDbText
 73
2
  0
TEXT
  5
4FF
330
4B8
100
AcDbEntity
 67
1
  8
E-SEMA-ANTET
100
AcDbText
 10
62.4
 20
12.75
 30
0.0
 40
1.8
  1
17 Eylül 2026
  7
GYM
 72
2
 11
62.4
 21
12.75
 31
0.0
100
AcDbText
 73
2
  0
TEXT
  5
500
330
4B8
100
AcDbEntity
 67
1
  8
E-SEMA-ANTET
100
AcDbText
 10
64.8
 20
30.2
 30
0.0
 40
1.5
  1
Customer Name /
  7
GYM
 11
64.8
 21
30.2
 31
0.0
100
AcDbText
 73
2
  0
TEXT
  5
501
330
4B8
100
AcDbEntity
 67
1
  8
E-SEMA-ANTET
100
AcDbText
 10
64.8
 20
28.3
 30
0.0
 40
1.5
  1
Müşteri Adı
  7
GYM
 11
64.8
 21
28.3
 31
0.0
100
AcDbText
 73
2
  0
TEXT
  5
502
330
4B8
100
AcDbEntity
 67
1
  8
E-SEMA-ANTET
100
AcDbText
 10
97.2
 20
29.25
 30
0.0
 40
2.2
  1
ÖZEL — MALTEPE / İDEALTEPE
  7
GYM
 11
97.2
 21
29.25
 31
0.0
100
AcDbText
 73
2
  0
TEXT
  5
503
330
4B8
100
AcDbEntity
 67
1
  8
E-SEMA-ANTET
100
AcDbText
 10
64.8
 20
24.7
 30
0.0
 40
1.5
  1
Project Description /
  7
GYM
 11
64.8
 21
24.7
 31
0.0
100
AcDbText
 73
2
  0
TEXT
  5
504
330
4B8
100
AcDbEntity
 67
1
  8
E-SEMA-ANTET
100
AcDbText
 10
64.8
 20
22.8
 30
0.0
 40
1.5
  1
Proje Açıklaması
  7
GYM
 11
64.8
 21
22.8
 31
0.0
100
AcDbText
 73
2
  0
TEXT
  5
505
330
4B8
100
AcDbEntity
 67
1
  8
E-SEMA-ANTET
100
AcDbText
 10
97.2
 20
23.75
 30
0.0
 40
2.2
  1
MOBİLYA MAĞAZASI → FONKSİYONEL ANTRENMAN STÜDYOSU
  7
GYM
 11
97.2
 21
23.75
 31
0.0
100
AcDbText
 73
2
  0
TEXT
  5
506
330
4B8
100
AcDbEntity
 67
1
  8
E-SEMA-ANTET
100
AcDbText
 10
64.8
 20
19.2
 30
0.0
 40
1.5
  1
Panel Name /
  7
GYM
 11
64.8
 21
19.2
 31
0.0
100
AcDbText
 73
2
  0
TEXT
  5
507
330
4B8
100
AcDbEntity
 67
1
  8
E-SEMA-ANTET
100
AcDbText
 10
64.8
 20
17.3
 30
0.0
 40
1.5
  1
Pano Adı
  7
GYM
 11
64.8
 21
17.3
 31
0.0
100
AcDbText
 73
2
  0
TEXT
  5
508
330
4B8
100
AcDbEntity
 67
1
  8
E-SEMA-ANTET
100
AcDbText
 10
97.2
 20
18.25
 30
0.0
 40
2.2
  1
ADP
  7
GYM
 11
97.2
 21
18.25
 31
0.0
100
AcDbText
 73
2
  0
TEXT
  5
509
330
4B8
100
AcDbEntity
 67
1
  8
E-SEMA-ANTET
100
AcDbText
 10
64.8
 20
13.7
 30
0.0
 40
1.5
  1
Page Description /
  7
GYM
 11
64.8
 21
13.7
 31
0.0
100
AcDbText
 73
2
  0
TEXT
  5
50A
330
4B8
100
AcDbEntity
 67
1
  8
E-SEMA-ANTET
100
AcDbText
 10
64.8
 20
11.8
 30
0.0
 40
1.5
  1
Sayfa Açıklaması
  7
GYM
 11
64.8
 21
11.8
 31
0.0
100
AcDbText
 73
2
  0
TEXT
  5
50B
330
4B8
100
AcDbEntity
 67
1
  8
E-SEMA-ANTET
100
AcDbText
 10
97.2
 20
12.75
 30
0.0
 40
2.2
  1
Schematic Diagram / Şematik Diyagram
  7
GYM
 11
97.2
 21
12.75
 31
0.0
100
AcDbText
 73
2
  0
TEXT
  5
50C
330
4B8
100
AcDbEntity
 67
1
  8
E-SEMA-ANTET
100
AcDbText
 10
282.8
 20
30.2
 30
0.0
 40
1.5
  1
Project Number /
  7
GYM
 11
282.8
 21
30.2
 31
0.0
100
AcDbText
 73
2
  0
TEXT
  5
50D
330
4B8
100
AcDbEntity
 67
1
  8
E-SEMA-ANTET
100
AcDbText
 10
282.8
 20
28.3
 30
0.0
 40
1.5
  1
Proje Numarası
  7
GYM
 11
282.8
 21
28.3
 31
0.0
100
AcDbText
 73
2
  0
TEXT
  5
50E
330
4B8
100
AcDbEntity
 67
1
  8
E-SEMA-ANTET
100
AcDbText
 10
317.2
 20
29.25
 30
0.0
 40
2.8
  1
GYM-25-001-001
  7
GYM-B
 11
317.2
 21
29.25
 31
0.0
100
AcDbText
 73
2
  0
TEXT
  5
50F
330
4B8
100
AcDbEntity
 67
1
  8
E-SEMA-ANTET
100
AcDbText
 10
282.8
 20
19.2
 30
0.0
 40
1.5
  1
Revision /
  7
GYM
 11
282.8
 21
19.2
 31
0.0
100
AcDbText
 73
2
  0
TEXT
  5
510
330
4B8
100
AcDbEntity
 67
1
  8
E-SEMA-ANTET
100
AcDbText
 10
282.8
 20
17.3
 30
0.0
 40
1.5
  1
Revizyon
  7
GYM
 11
282.8
 21
17.3
 31
0.0
100
AcDbText
 73
2
  0
TEXT
  5
511
330
4B8
100
AcDbEntity
 67
1
  8
E-SEMA-ANTET
100
AcDbText
 10
317.2
 20
18.25
 30
0.0
 40
2.2
  1
Rev H
  7
GYM
 11
317.2
 21
18.25
 31
0.0
100
AcDbText
 73
2
  0
TEXT
  5
512
330
4B8
100
AcDbEntity
 67
1
  8
E-SEMA-ANTET
100
AcDbText
 10
282.8
 20
13.7
 30
0.0
 40
1.5
  1
Standards /
  7
GYM
 11
282.8
 21
13.7
 31
0.0
100
AcDbText
 73
2
  0
TEXT
  5
513
330
4B8
100
AcDbEntity
 67
1
  8
E-SEMA-ANTET
100
AcDbText
 10
282.8
 20
11.8
 30
0.0
 40
1.5
  1
Standartlar
  7
GYM
 11
282.8
 21
11.8
 31
0.0
100
AcDbText
 73
2
  0
TEXT
  5
514
330
4B8
100
AcDbEntity
 67
1
  8
E-SEMA-ANTET
100
AcDbText
 10
317.2
 20
12.75
 30
0.0
 40
1.5
  1
IEC 61439-1&2 · IEC 60617
  7
GYM
 11
317.2
 21
12.75
 31
0.0
100
AcDbText
 73
2
  0
TEXT
  5
515
330
4B8
100
AcDbEntity
 67
1
  8
E-SEMA-ANTET
100
AcDbText
 10
357.2
 20
30.25
 30
0.0
 40
1.5
  1
Sheet: /
  7
GYM
 11
357.2
 21
30.25
 31
0.0
100
AcDbText
 73
2
  0
TEXT
  5
516
330
4B8
100
AcDbEntity
 67
1
  8
E-SEMA-ANTET
100
AcDbText
 10
357.2
 20
27.85
 30
0.0
 40
1.5
  1
Sayfa
  7
GYM
 11
357.2
 21
27.85
 31
0.0
100
AcDbText
 73
2
  0
TEXT
  5
517
330
4B8
100
AcDbEntity
 67
1
  8
E-SEMA-ANTET
100
AcDbText
 10
408.0
 20
29.25
 30
0.0
 40
2.8
  1
5
  7
GYM-B
 72
2
 11
408.0
 21
29.25
 31
0.0
100
AcDbText
 73
2
  0
TEXT
  5
518
330
4B8
100
AcDbEntity
 67
1
  8
E-SEMA-ANTET
100
AcDbText
 10
357.2
 20
24.75
 30
0.0
 40
1.5
  1
Next sheet: /
  7
GYM
 11
357.2
 21
24.75
 31
0.0
100
AcDbText
 73
2
  0
TEXT
  5
519
330
4B8
100
AcDbEntity
 67
1
  8
E-SEMA-ANTET
100
AcDbText
 10
357.2
 20
22.35
 30
0.0
 40
1.5
  1
Sonraki
  7
GYM
 11
357.2
 21
22.35
 31
0.0
100
AcDbText
 73
2
  0
TEXT
  5
51A
330
4B8
100
AcDbEntity
 67
1
  8
E-SEMA-ANTET
100
AcDbText
 10
408.0
 20
23.75
 30
0.0
 40
2.8
  1
6
  7
GYM-B
 72
2
 11
408.0
 21
23.75
 31
0.0
100
AcDbText
 73
2
  0
TEXT
  5
51B
330
4B8
100
AcDbEntity
 67
1
  8
E-SEMA-ANTET
100
AcDbText
 10
357.2
 20
19.25
 30
0.0
 40
1.5
  1
Total sheets: /
  7
GYM
 11
357.2
 21
19.25
 31
0.0
100
AcDbText
 73
2
  0
TEXT
  5
51C
330
4B8
100
AcDbEntity
 67
1
  8
E-SEMA-ANTET
100
AcDbText
 10
357.2
 20
16.85
 30
0.0
 40
1.5
  1
Toplam
  7
GYM
 11
357.2
 21
16.85
 31
0.0
100
AcDbText
 73
2
  0
TEXT
  5
51D
330
4B8
100
AcDbEntity
 67
1
  8
E-SEMA-ANTET
100
AcDbText
 10
408.0
 20
18.25
 30
0.0
 40
2.8
  1
12
  7
GYM-B
 72
2
 11
408.0
 21
18.25
 31
0.0
100
AcDbText
 73
2
  0
TEXT
  5
51E
330
4B8
100
AcDbEntity
 67
1
  8
E-SEMA-ANTET
100
AcDbText
 10
357.2
 20
13.75
 30
0.0
 40
1.5
  1
Sheet size /
  7
GYM
 11
357.2
 21
13.75
 31
0.0
100
AcDbText
 73
2
  0
TEXT
  5
51F
330
4B8
100
AcDbEntity
 67
1
  8
E-SEMA-ANTET
100
AcDbText
 10
357.2
 20
11.35
 30
0.0
 40
1.5
  1
Kâğıt
  7
GYM
 11
357.2
 21
11.35
 31
0.0
100
AcDbText
 73
2
  0
TEXT
  5
520
330
4B8
100
AcDbEntity
 67
1
  8
E-SEMA-ANTET
100
AcDbText
 10
408.0
 20
12.75
 30
0.0
 40
2.8
  1
A3
  7
GYM-B
 72
2
 11
408.0
 21
12.75
 31
0.0
100
AcDbText
 73
2
  0
LINE
  5
521
330
4B8
100
AcDbEntity
 67
1
  8
E-SEMA-RAY
370
35
100
AcDbLine
 10
25.0
 20
272.0
 30
0.0
 11
405.0
 21
272.0
 31
0.0
  0
TEXT
  5
522
330
4B8
100
AcDbEntity
 67
1
  8
E-SEMA-YAZI
100
AcDbText
 10
24.4
 20
273.4
 30
0.0
 40
1.8
  1
L1
  7
GYM
 11
24.4
 21
273.4
 31
0.0
100
AcDbText
 73
2
  0
TEXT
  5
523
330
4B8
100
AcDbEntity
 67
1
  8
E-SEMA-YAZI
100
AcDbText
 10
404.4
 20
273.4
 30
0.0
 40
1.8
  1
L1
  7
GYM
 72
2
 11
404.4
 21
273.4
 31
0.0
100
AcDbText
 73
2
  0
LWPOLYLINE
  5
524
330
4B8
100
AcDbEntity
 67
1
  8
E-SEMA-YAZI
370
18
100
AcDbPolyline
 90
5
 70
1
 10
19.0
 20
270.7
 10
22.8
 20
270.7
 10
24.4
 20
272.0
 10
22.8
 20
273.3
 10
19.0
 20
273.3
  0
TEXT
  5
525
330
4B8
100
AcDbEntity
 67
1
  8
E-SEMA-YAZI
100
AcDbText
 10
18.0
 20
272.0
 30
0.0
 40
1.5
  1
4.7
  7
GYM
 72
2
 11
18.0
 21
272.0
 31
0.0
100
AcDbText
 73
2
  0
LWPOLYLINE
  5
526
330
4B8
100
AcDbEntity
 67
1
  8
E-SEMA-YAZI
370
18
100
AcDbPolyline
 90
5
 70
1
 10
405.6
 20
270.7
 10
409.4
 20
270.7
 10
411.0
 20
272.0
 10
409.4
 20
273.3
 10
405.6
 20
273.3
  0
TEXT
  5
527
330
4B8
100
AcDbEntity
 67
1
  8
E-SEMA-YAZI
100
AcDbText
 10
412.0
 20
272.0
 30
0.0
 40
1.5
  1
6.0
  7
GYM
 11
412.0
 21
272.0
 31
0.0
100
AcDbText
 73
2
  0
LINE
  5
528
330
4B8
100
AcDbEntity
 67
1
  8
E-SEMA-RAY
370
35
100
AcDbLine
 10
25.0
 20
267.0
 30
0.0
 11
405.0
 21
267.0
 31
0.0
  0
TEXT
  5
529
330
4B8
100
AcDbEntity
 67
1
  8
E-SEMA-YAZI
100
AcDbText
 10
24.4
 20
268.4
 30
0.0
 40
1.8
  1
L2
  7
GYM
 11
24.4
 21
268.4
 31
0.0
100
AcDbText
 73
2
  0
TEXT
  5
52A
330
4B8
100
AcDbEntity
 67
1
  8
E-SEMA-YAZI
100
AcDbText
 10
404.4
 20
268.4
 30
0.0
 40
1.8
  1
L2
  7
GYM
 72
2
 11
404.4
 21
268.4
 31
0.0
100
AcDbText
 73
2
  0
LWPOLYLINE
  5
52B
330
4B8
100
AcDbEntity
 67
1
  8
E-SEMA-YAZI
370
18
100
AcDbPolyline
 90
5
 70
1
 10
19.0
 20
265.7
 10
22.8
 20
265.7
 10
24.4
 20
267.0
 10
22.8
 20
268.3
 10
19.0
 20
268.3
  0
TEXT
  5
52C
330
4B8
100
AcDbEntity
 67
1
  8
E-SEMA-YAZI
100
AcDbText
 10
18.0
 20
267.0
 30
0.0
 40
1.5
  1
4.7
  7
GYM
 72
2
 11
18.0
 21
267.0
 31
0.0
100
AcDbText
 73
2
  0
LWPOLYLINE
  5
52D
330
4B8
100
AcDbEntity
 67
1
  8
E-SEMA-YAZI
370
18
100
AcDbPolyline
 90
5
 70
1
 10
405.6
 20
265.7
 10
409.4
 20
265.7
 10
411.0
 20
267.0
 10
409.4
 20
268.3
 10
405.6
 20
268.3
  0
TEXT
  5
52E
330
4B8
100
AcDbEntity
 67
1
  8
E-SEMA-YAZI
100
AcDbText
 10
412.0
 20
267.0
 30
0.0
 40
1.5
  1
6.0
  7
GYM
 11
412.0
 21
267.0
 31
0.0
100
AcDbText
 73
2
  0
LINE
  5
52F
330
4B8
100
AcDbEntity
 67
1
  8
E-SEMA-RAY
370
35
100
AcDbLine
 10
25.0
 20
262.0
 30
0.0
 11
405.0
 21
262.0
 31
0.0
  0
TEXT
  5
530
330
4B8
100
AcDbEntity
 67
1
  8
E-SEMA-YAZI
100
AcDbText
 10
24.4
 20
263.4
 30
0.0
 40
1.8
  1
L3
  7
GYM
 11
24.4
 21
263.4
 31
0.0
100
AcDbText
 73
2
  0
TEXT
  5
531
330
4B8
100
AcDbEntity
 67
1
  8
E-SEMA-YAZI
100
AcDbText
 10
404.4
 20
263.4
 30
0.0
 40
1.8
  1
L3
  7
GYM
 72
2
 11
404.4
 21
263.4
 31
0.0
100
AcDbText
 73
2
  0
LWPOLYLINE
  5
532
330
4B8
100
AcDbEntity
 67
1
  8
E-SEMA-YAZI
370
18
100
AcDbPolyline
 90
5
 70
1
 10
19.0
 20
260.7
 10
22.8
 20
260.7
 10
24.4
 20
262.0
 10
22.8
 20
263.3
 10
19.0
 20
263.3
  0
TEXT
  5
533
330
4B8
100
AcDbEntity
 67
1
  8
E-SEMA-YAZI
100
AcDbText
 10
18.0
 20
262.0
 30
0.0
 40
1.5
  1
4.7
  7
GYM
 72
2
 11
18.0
 21
262.0
 31
0.0
100
AcDbText
 73
2
  0
LWPOLYLINE
  5
534
330
4B8
100
AcDbEntity
 67
1
  8
E-SEMA-YAZI
370
18
100
AcDbPolyline
 90
5
 70
1
 10
405.6
 20
260.7
 10
409.4
 20
260.7
 10
411.0
 20
262.0
 10
409.4
 20
263.3
 10
405.6
 20
263.3
  0
TEXT
  5
535
330
4B8
100
AcDbEntity
 67
1
  8
E-SEMA-YAZI
100
AcDbText
 10
412.0
 20
262.0
 30
0.0
 40
1.5
  1
6.0
  7
GYM
 11
412.0
 21
262.0
 31
0.0
100
AcDbText
 73
2
  0
LINE
  5
536
330
4B8
100
AcDbEntity
 67
1
  8
E-SEMA-RAY
370
35
100
AcDbLine
 10
25.0
 20
257.0
 30
0.0
 11
405.0
 21
257.0
 31
0.0
  0
TEXT
  5
537
330
4B8
100
AcDbEntity
 67
1
  8
E-SEMA-YAZI
100
AcDbText
 10
24.4
 20
258.4
 30
0.0
 40
1.8
  1
N
  7
GYM
 11
24.4
 21
258.4
 31
0.0
100
AcDbText
 73
2
  0
TEXT
  5
538
330
4B8
100
AcDbEntity
 67
1
  8
E-SEMA-YAZI
100
AcDbText
 10
404.4
 20
258.4
 30
0.0
 40
1.8
  1
N
  7
GYM
 72
2
 11
404.4
 21
258.4
 31
0.0
100
AcDbText
 73
2
  0
LWPOLYLINE
  5
539
330
4B8
100
AcDbEntity
 67
1
  8
E-SEMA-YAZI
370
18
100
AcDbPolyline
 90
5
 70
1
 10
19.0
 20
255.7
 10
22.8
 20
255.7
 10
24.4
 20
257.0
 10
22.8
 20
258.3
 10
19.0
 20
258.3
  0
TEXT
  5
53A
330
4B8
100
AcDbEntity
 67
1
  8
E-SEMA-YAZI
100
AcDbText
 10
18.0
 20
257.0
 30
0.0
 40
1.5
  1
4.7
  7
GYM
 72
2
 11
18.0
 21
257.0
 31
0.0
100
AcDbText
 73
2
  0
LWPOLYLINE
  5
53B
330
4B8
100
AcDbEntity
 67
1
  8
E-SEMA-YAZI
370
18
100
AcDbPolyline
 90
5
 70
1
 10
405.6
 20
255.7
 10
409.4
 20
255.7
 10
411.0
 20
257.0
 10
409.4
 20
258.3
 10
405.6
 20
258.3
  0
TEXT
  5
53C
330
4B8
100
AcDbEntity
 67
1
  8
E-SEMA-YAZI
100
AcDbText
 10
412.0
 20
257.0
 30
0.0
 40
1.5
  1
6.0
  7
GYM
 11
412.0
 21
257.0
 31
0.0
100
AcDbText
 73
2
  0
LINE
  5
53D
330
4B8
100
AcDbEntity
 67
1
  8
E-SEMA-PE
  6
DASHDOT
370
35
100
AcDbLine
 10
25.0
 20
150.0
 30
0.0
 11
405.0
 21
150.0
 31
0.0
  0
TEXT
  5
53E
330
4B8
100
AcDbEntity
 67
1
  8
E-SEMA-YAZI
100
AcDbText
 10
24.4
 20
151.4
 30
0.0
 40
1.8
  1
PE
  7
GYM
 11
24.4
 21
151.4
 31
0.0
100
AcDbText
 73
2
  0
TEXT
  5
53F
330
4B8
100
AcDbEntity
 67
1
  8
E-SEMA-YAZI
100
AcDbText
 10
404.4
 20
151.4
 30
0.0
 40
1.8
  1
PE
  7
GYM
 72
2
 11
404.4
 21
151.4
 31
0.0
100
AcDbText
 73
2
  0
TEXT
  5
540
330
4B8
100
AcDbEntity
 67
1
  8
E-SEMA-YAZI
100
AcDbText
 10
18.0
 20
150.0
 30
0.0
 40
1.5
  1
4.7
  7
GYM
 72
2
 11
18.0
 21
150.0
 31
0.0
100
AcDbText
 73
2
  0
TEXT
  5
541
330
4B8
100
AcDbEntity
 67
1
  8
E-SEMA-YAZI
100
AcDbText
 10
412.0
 20
150.0
 30
0.0
 40
1.5
  1
6.0
  7
GYM
 11
412.0
 21
150.0
 31
0.0
100
AcDbText
 73
2
  0
HATCH
  5
542
330
4B8
100
AcDbEntity
 67
1
  8
E-SEMA-SEMBOL
 62
7
100
AcDbHatch
 10
0.0
 20
0.0
 30
0.0
210
0.0
220
0.0
230
1.0
  2
SOLID
 70
1
 71
0
 91
1
 92
1
 93
1
 72
2
 10
39.0
 20
272.0
 40
0.55
 50
0.0
 51
360.0
 73
1
 97
0
 75
0
 76
1
 98
0
  0
LINE
  5
543
330
4B8
100
AcDbEntity
 67
1
  8
E-SEMA-TEL
370
25
100
AcDbLine
 10
39.0
 20
272.0
 30
0.0
 11
39.0
 21
250.0
 31
0.0
  0
HATCH
  5
544
330
4B8
100
AcDbEntity
 67
1
  8
E-SEMA-SEMBOL
 62
7
100
AcDbHatch
 10
0.0
 20
0.0
 30
0.0
210
0.0
220
0.0
230
1.0
  2
SOLID
 70
1
 71
0
 91
1
 92
1
 93
1
 72
2
 10
43.0
 20
267.0
 40
0.55
 50
0.0
 51
360.0
 73
1
 97
0
 75
0
 76
1
 98
0
  0
LINE
  5
545
330
4B8
100
AcDbEntity
 67
1
  8
E-SEMA-TEL
370
25
100
AcDbLine
 10
43.0
 20
267.0
 30
0.0
 11
43.0
 21
250.0
 31
0.0
  0
HATCH
  5
546
330
4B8
100
AcDbEntity
 67
1
  8
E-SEMA-SEMBOL
 62
7
100
AcDbHatch
 10
0.0
 20
0.0
 30
0.0
210
0.0
220
0.0
230
1.0
  2
SOLID
 70
1
 71
0
 91
1
 92
1
 93
1
 72
2
 10
47.0
 20
262.0
 40
0.55
 50
0.0
 51
360.0
 73
1
 97
0
 75
0
 76
1
 98
0
  0
LINE
  5
547
330
4B8
100
AcDbEntity
 67
1
  8
E-SEMA-TEL
370
25
100
AcDbLine
 10
47.0
 20
262.0
 30
0.0
 11
47.0
 21
250.0
 31
0.0
  0
HATCH
  5
548
330
4B8
100
AcDbEntity
 67
1
  8
E-SEMA-SEMBOL
 62
7
100
AcDbHatch
 10
0.0
 20
0.0
 30
0.0
210
0.0
220
0.0
230
1.0
  2
SOLID
 70
1
 71
0
 91
1
 92
1
 93
1
 72
2
 10
51.0
 20
257.0
 40
0.55
 50
0.0
 51
360.0
 73
1
 97
0
 75
0
 76
1
 98
0
  0
LINE
  5
549
330
4B8
100
AcDbEntity
 67
1
  8
E-SEMA-TEL
370
25
100
AcDbLine
 10
51.0
 20
257.0
 30
0.0
 11
51.0
 21
250.0
 31
0.0
  0
LINE
  5
54A
330
4B8
100
AcDbEntity
 67
1
  8
E-SEMA-TEL
370
25
100
AcDbLine
 10
39.0
 20
250.0
 30
0.0
 11
39.0
 21
248.24
 31
0.0
  0
HATCH
  5
54B
330
4B8
100
AcDbEntity
 67
1
  8
E-SEMA-SEMBOL
 62
7
100
AcDbHatch
 10
0.0
 20
0.0
 30
0.0
210
0.0
220
0.0
230
1.0
  2
SOLID
 70
1
 71
0
 91
1
 92
1
 93
1
 72
2
 10
39.0
 20
248.24
 40
0.35
 50
0.0
 51
360.0
 73
1
 97
0
 75
0
 76
1
 98
0
  0
LINE
  5
54C
330
4B8
100
AcDbEntity
 67
1
  8
E-SEMA-SEMBOL
370
35
100
AcDbLine
 10
39.0
 20
248.24
 30
0.0
 11
41.4
 21
243.6
 31
0.0
  0
LINE
  5
54D
330
4B8
100
AcDbEntity
 67
1
  8
E-SEMA-TEL
370
25
100
AcDbLine
 10
39.0
 20
243.28
 30
0.0
 11
39.0
 21
242.0
 31
0.0
  0
LWPOLYLINE
  5
54E
330
4B8
100
AcDbEntity
 67
1
  8
E-SEMA-SEMBOL
370
25
100
AcDbPolyline
 90
4
 70
1
 10
39.9
 20
243.28
 10
41.3
 20
243.28
 10
41.3
 20
245.68
 10
39.9
 20
245.68
  0
LINE
  5
54F
330
4B8
100
AcDbEntity
 67
1
  8
E-SEMA-TEL
370
25
100
AcDbLine
 10
43.0
 20
250.0
 30
0.0
 11
43.0
 21
248.24
 31
0.0
  0
HATCH
  5
550
330
4B8
100
AcDbEntity
 67
1
  8
E-SEMA-SEMBOL
 62
7
100
AcDbHatch
 10
0.0
 20
0.0
 30
0.0
210
0.0
220
0.0
230
1.0
  2
SOLID
 70
1
 71
0
 91
1
 92
1
 93
1
 72
2
 10
43.0
 20
248.24
 40
0.35
 50
0.0
 51
360.0
 73
1
 97
0
 75
0
 76
1
 98
0
  0
LINE
  5
551
330
4B8
100
AcDbEntity
 67
1
  8
E-SEMA-SEMBOL
370
35
100
AcDbLine
 10
43.0
 20
248.24
 30
0.0
 11
45.4
 21
243.6
 31
0.0
  0
LINE
  5
552
330
4B8
100
AcDbEntity
 67
1
  8
E-SEMA-TEL
370
25
100
AcDbLine
 10
43.0
 20
243.28
 30
0.0
 11
43.0
 21
242.0
 31
0.0
  0
LWPOLYLINE
  5
553
330
4B8
100
AcDbEntity
 67
1
  8
E-SEMA-SEMBOL
370
25
100
AcDbPolyline
 90
4
 70
1
 10
43.9
 20
243.28
 10
45.3
 20
243.28
 10
45.3
 20
245.68
 10
43.9
 20
245.68
  0
LINE
  5
554
330
4B8
100
AcDbEntity
 67
1
  8
E-SEMA-TEL
370
25
100
AcDbLine
 10
47.0
 20
250.0
 30
0.0
 11
47.0
 21
248.24
 31
0.0
  0
HATCH
  5
555
330
4B8
100
AcDbEntity
 67
1
  8
E-SEMA-SEMBOL
 62
7
100
AcDbHatch
 10
0.0
 20
0.0
 30
0.0
210
0.0
220
0.0
230
1.0
  2
SOLID
 70
1
 71
0
 91
1
 92
1
 93
1
 72
2
 10
47.0
 20
248.24
 40
0.35
 50
0.0
 51
360.0
 73
1
 97
0
 75
0
 76
1
 98
0
  0
LINE
  5
556
330
4B8
100
AcDbEntity
 67
1
  8
E-SEMA-SEMBOL
370
35
100
AcDbLine
 10
47.0
 20
248.24
 30
0.0
 11
49.4
 21
243.6
 31
0.0
  0
LINE
  5
557
330
4B8
100
AcDbEntity
 67
1
  8
E-SEMA-TEL
370
25
100
AcDbLine
 10
47.0
 20
243.28
 30
0.0
 11
47.0
 21
242.0
 31
0.0
  0
LWPOLYLINE
  5
558
330
4B8
100
AcDbEntity
 67
1
  8
E-SEMA-SEMBOL
370
25
100
AcDbPolyline
 90
4
 70
1
 10
47.9
 20
243.28
 10
49.3
 20
243.28
 10
49.3
 20
245.68
 10
47.9
 20
245.68
  0
LINE
  5
559
330
4B8
100
AcDbEntity
 67
1
  8
E-SEMA-TEL
370
25
100
AcDbLine
 10
51.0
 20
250.0
 30
0.0
 11
51.0
 21
248.24
 31
0.0
  0
HATCH
  5
55A
330
4B8
100
AcDbEntity
 67
1
  8
E-SEMA-SEMBOL
 62
7
100
AcDbHatch
 10
0.0
 20
0.0
 30
0.0
210
0.0
220
0.0
230
1.0
  2
SOLID
 70
1
 71
0
 91
1
 92
1
 93
1
 72
2
 10
51.0
 20
248.24
 40
0.35
 50
0.0
 51
360.0
 73
1
 97
0
 75
0
 76
1
 98
0
  0
LINE
  5
55B
330
4B8
100
AcDbEntity
 67
1
  8
E-SEMA-SEMBOL
370
35
100
AcDbLine
 10
51.0
 20
248.24
 30
0.0
 11
53.4
 21
243.6
 31
0.0
  0
LINE
  5
55C
330
4B8
100
AcDbEntity
 67
1
  8
E-SEMA-TEL
370
25
100
AcDbLine
 10
51.0
 20
243.28
 30
0.0
 11
51.0
 21
242.0
 31
0.0
  0
LWPOLYLINE
  5
55D
330
4B8
100
AcDbEntity
 67
1
  8
E-SEMA-SEMBOL
370
25
100
AcDbPolyline
 90
4
 70
1
 10
51.9
 20
243.28
 10
53.3
 20
243.28
 10
53.3
 20
245.68
 10
51.9
 20
245.68
  0
LINE
  5
55E
330
4B8
100
AcDbEntity
 67
1
  8
E-SEMA-SEMBOL
  6
DASHED
370
18
100
AcDbLine
 10
39.0
 20
244.6
 30
0.0
 11
51.0
 21
244.6
 31
0.0
  0
TEXT
  5
55F
330
4B8
100
AcDbEntity
 67
1
  8
E-SEMA-YAZI
100
AcDbText
 10
37.9
 20
249.2
 30
0.0
 40
1.5
  1
1
  7
GYM
 72
2
 11
37.9
 21
249.2
 31
0.0
100
AcDbText
 73
2
  0
TEXT
  5
560
330
4B8
100
AcDbEntity
 67
1
  8
E-SEMA-YAZI
100
AcDbText
 10
37.9
 20
235.2
 30
0.0
 40
1.5
  1
2
  7
GYM
 72
2
 11
37.9
 21
235.2
 31
0.0
100
AcDbText
 73
2
  0
TEXT
  5
561
330
4B8
100
AcDbEntity
 67
1
  8
E-SEMA-YAZI
100
AcDbText
 10
41.9
 20
249.2
 30
0.0
 40
1.5
  1
3
  7
GYM
 72
2
 11
41.9
 21
249.2
 31
0.0
100
AcDbText
 73
2
  0
TEXT
  5
562
330
4B8
100
AcDbEntity
 67
1
  8
E-SEMA-YAZI
100
AcDbText
 10
41.9
 20
235.2
 30
0.0
 40
1.5
  1
4
  7
GYM
 72
2
 11
41.9
 21
235.2
 31
0.0
100
AcDbText
 73
2
  0
TEXT
  5
563
330
4B8
100
AcDbEntity
 67
1
  8
E-SEMA-YAZI
100
AcDbText
 10
45.9
 20
249.2
 30
0.0
 40
1.5
  1
5
  7
GYM
 72
2
 11
45.9
 21
249.2
 31
0.0
100
AcDbText
 73
2
  0
TEXT
  5
564
330
4B8
100
AcDbEntity
 67
1
  8
E-SEMA-YAZI
100
AcDbText
 10
45.9
 20
235.2
 30
0.0
 40
1.5
  1
6
  7
GYM
 72
2
 11
45.9
 21
235.2
 31
0.0
100
AcDbText
 73
2
  0
TEXT
  5
565
330
4B8
100
AcDbEntity
 67
1
  8
E-SEMA-YAZI
100
AcDbText
 10
49.9
 20
249.2
 30
0.0
 40
1.5
  1
N
  7
GYM
 72
2
 11
49.9
 21
249.2
 31
0.0
100
AcDbText
 73
2
  0
TEXT
  5
566
330
4B8
100
AcDbEntity
 67
1
  8
E-SEMA-YAZI
100
AcDbText
 10
49.9
 20
235.2
 30
0.0
 40
1.5
  1
N
  7
GYM
 72
2
 11
49.9
 21
235.2
 31
0.0
100
AcDbText
 73
2
  0
LWPOLYLINE
  5
567
330
4B8
100
AcDbEntity
 67
1
  8
E-SEMA-SEMBOL
370
35
100
AcDbPolyline
 90
4
 70
1
 10
36.4
 20
234.0
 10
53.6
 20
234.0
 10
53.6
 20
239.0
 10
36.4
 20
239.0
  0
TEXT
  5
568
330
4B8
100
AcDbEntity
 67
1
  8
E-SEMA-SEMBOL
100
AcDbText
 10
43.4
 20
236.5
 30
0.0
 40
2.2
  1
I
  7
GYM
 72
1
 11
43.4
 21
236.5
 31
0.0
100
AcDbText
 73
2
  0
LINE
  5
569
330
4B8
100
AcDbEntity
 67
1
  8
E-SEMA-SEMBOL
370
25
100
AcDbLine
 10
46.6
 20
237.4
 30
0.0
 11
46.6
 21
236.4
 31
0.0
  0
LINE
  5
56A
330
4B8
100
AcDbEntity
 67
1
  8
E-SEMA-SEMBOL
370
25
100
AcDbLine
 10
45.5
 20
236.4
 30
0.0
 11
47.7
 21
236.4
 31
0.0
  0
LINE
  5
56B
330
4B8
100
AcDbEntity
 67
1
  8
E-SEMA-SEMBOL
370
25
100
AcDbLine
 10
45.9
 20
235.95000000000002
 30
0.0
 11
47.300000000000004
 21
235.95000000000002
 31
0.0
  0
LINE
  5
56C
330
4B8
100
AcDbEntity
 67
1
  8
E-SEMA-SEMBOL
370
25
100
AcDbLine
 10
46.25
 20
235.5
 30
0.0
 11
46.95
 21
235.5
 31
0.0
  0
LINE
  5
56D
330
4B8
100
AcDbEntity
 67
1
  8
E-SEMA-TEL
370
25
100
AcDbLine
 10
39.0
 20
234.0
 30
0.0
 11
39.0
 21
232.4
 31
0.0
  0
LINE
  5
56E
330
4B8
100
AcDbEntity
 67
1
  8
E-SEMA-TEL
370
25
100
AcDbLine
 10
43.0
 20
234.0
 30
0.0
 11
43.0
 21
232.4
 31
0.0
  0
LINE
  5
56F
330
4B8
100
AcDbEntity
 67
1
  8
E-SEMA-TEL
370
25
100
AcDbLine
 10
47.0
 20
234.0
 30
0.0
 11
47.0
 21
232.4
 31
0.0
  0
LINE
  5
570
330
4B8
100
AcDbEntity
 67
1
  8
E-SEMA-TEL
370
25
100
AcDbLine
 10
51.0
 20
234.0
 30
0.0
 11
51.0
 21
232.4
 31
0.0
  0
LWPOLYLINE
  5
571
330
4B8
100
AcDbEntity
 67
1
  8
E-SEMA-SEMBOL
370
25
100
AcDbPolyline
 90
4
 70
1
 10
30.0
 20
246.6
 10
33.0
 20
246.6
 10
33.0
 20
249.6
 10
30.0
 20
249.6
  0
LINE
  5
572
330
4B8
100
AcDbEntity
 67
1
  8
E-SEMA-SEMBOL
370
18
100
AcDbLine
 10
30.0
 20
246.6
 30
0.0
 11
33.0
 21
249.6
 31
0.0
  0
LINE
  5
573
330
4B8
100
AcDbEntity
 67
1
  8
E-SEMA-TEL
370
25
100
AcDbLine
 10
28.0
 20
248.1
 30
0.0
 11
30.0
 21
248.1
 31
0.0
  0
LINE
  5
574
330
4B8
100
AcDbEntity
 67
1
  8
E-SEMA-TEL
370
25
100
AcDbLine
 10
33.0
 20
248.1
 30
0.0
 11
39.0
 21
248.1
 31
0.0
  0
TEXT
  5
575
330
4B8
100
AcDbEntity
 67
1
  8
E-SEMA-YAZI
100
AcDbText
 10
26.5
 20
237.4
 30
0.0
 40
2.2
  1
-ID1
  7
GYM
 72
2
 11
26.5
 21
237.4
 31
0.0
100
AcDbText
 73
2
  0
TEXT
  5
576
330
4B8
100
AcDbEntity
 67
1
  8
E-SEMA-YAZI
100
AcDbText
 10
26.5
 20
235.20000000000002
 30
0.0
 40
1.5
  1
4×40A/30mA
  7
GYM
 72
2
 11
26.5
 21
235.20000000000002
 31
0.0
100
AcDbText
 73
2
  0
TEXT
  5
577
330
4B8
100
AcDbEntity
 67
1
  8
E-SEMA-YAZI
100
AcDbText
 10
26.5
 20
233.00000000000003
 30
0.0
 40
1.5
  1
A tipi
  7
GYM
 72
2
 11
26.5
 21
233.00000000000003
 31
0.0
100
AcDbText
 73
2
  0
TEXT
  5
578
330
4B8
100
AcDbEntity
 67
1
  8
E-SEMA-YAZI
100
AcDbText
 10
26.5
 20
229.4
 30
0.0
 40
1.5
  1
RCD-1
  7
GYM
 72
2
 11
26.5
 21
229.4
 31
0.0
100
AcDbText
 73
2
  0
LINE
  5
579
330
4B8
100
AcDbEntity
 67
1
  8
E-SEMA-TEL
370
25
100
AcDbLine
 10
39.0
 20
234.0
 30
0.0
 11
39.0
 21
231.8
 31
0.0
  0
LINE
  5
57A
330
4B8
100
AcDbEntity
 67
1
  8
E-SEMA-RAY
370
25
100
AcDbLine
 10
39.0
 20
231.8
 30
0.0
 11
239.0
 21
231.8
 31
0.0
  0
TEXT
  5
57B
330
4B8
100
AcDbEntity
 67
1
  8
E-SEMA-YAZI
100
AcDbText
 10
240.0
 20
231.8
 30
0.0
 40
1.5
  1
L1
  7
GYM
 11
240.0
 21
231.8
 31
0.0
100
AcDbText
 73
2
  0
LINE
  5
57C
330
4B8
100
AcDbEntity
 67
1
  8
E-SEMA-TEL
370
25
100
AcDbLine
 10
43.0
 20
234.0
 30
0.0
 11
43.0
 21
229.20000000000002
 31
0.0
  0
LINE
  5
57D
330
4B8
100
AcDbEntity
 67
1
  8
E-SEMA-RAY
370
25
100
AcDbLine
 10
43.0
 20
229.20000000000002
 30
0.0
 11
239.0
 21
229.20000000000002
 31
0.0
  0
TEXT
  5
57E
330
4B8
100
AcDbEntity
 67
1
  8
E-SEMA-YAZI
100
AcDbText
 10
240.0
 20
229.20000000000002
 30
0.0
 40
1.5
  1
L2
  7
GYM
 11
240.0
 21
229.20000000000002
 31
0.0
100
AcDbText
 73
2
  0
LINE
  5
57F
330
4B8
100
AcDbEntity
 67
1
  8
E-SEMA-TEL
370
25
100
AcDbLine
 10
47.0
 20
234.0
 30
0.0
 11
47.0
 21
226.60000000000002
 31
0.0
  0
LINE
  5
580
330
4B8
100
AcDbEntity
 67
1
  8
E-SEMA-RAY
370
25
100
AcDbLine
 10
47.0
 20
226.60000000000002
 30
0.0
 11
239.0
 21
226.60000000000002
 31
0.0
  0
TEXT
  5
581
330
4B8
100
AcDbEntity
 67
1
  8
E-SEMA-YAZI
100
AcDbText
 10
240.0
 20
226.60000000000002
 30
0.0
 40
1.5
  1
L3
  7
GYM
 11
240.0
 21
226.60000000000002
 31
0.0
100
AcDbText
 73
2
  0
LINE
  5
582
330
4B8
100
AcDbEntity
 67
1
  8
E-SEMA-TEL
370
25
100
AcDbLine
 10
51.0
 20
234.0
 30
0.0
 11
51.0
 21
224.0
 31
0.0
  0
LINE
  5
583
330
4B8
100
AcDbEntity
 67
1
  8
E-SEMA-RAY
370
25
100
AcDbLine
 10
51.0
 20
224.0
 30
0.0
 11
239.0
 21
224.0
 31
0.0
  0
TEXT
  5
584
330
4B8
100
AcDbEntity
 67
1
  8
E-SEMA-YAZI
100
AcDbText
 10
240.0
 20
224.0
 30
0.0
 40
1.5
  1
N1
  7
GYM
 11
240.0
 21
224.0
 31
0.0
100
AcDbText
 73
2
  0
HATCH
  5
585
330
4B8
100
AcDbEntity
 67
1
  8
E-SEMA-SEMBOL
 62
7
100
AcDbHatch
 10
0.0
 20
0.0
 30
0.0
210
0.0
220
0.0
230
1.0
  2
SOLID
 70
1
 71
0
 91
1
 92
1
 93
1
 72
2
 10
276.5
 20
272.0
 40
0.55
 50
0.0
 51
360.0
 73
1
 97
0
 75
0
 76
1
 98
0
  0
LINE
  5
586
330
4B8
100
AcDbEntity
 67
1
  8
E-SEMA-TEL
370
25
100
AcDbLine
 10
276.5
 20
272.0
 30
0.0
 11
276.5
 21
250.0
 31
0.0
  0
HATCH
  5
587
330
4B8
100
AcDbEntity
 67
1
  8
E-SEMA-SEMBOL
 62
7
100
AcDbHatch
 10
0.0
 20
0.0
 30
0.0
210
0.0
220
0.0
230
1.0
  2
SOLID
 70
1
 71
0
 91
1
 92
1
 93
1
 72
2
 10
280.5
 20
267.0
 40
0.55
 50
0.0
 51
360.0
 73
1
 97
0
 75
0
 76
1
 98
0
  0
LINE
  5
588
330
4B8
100
AcDbEntity
 67
1
  8
E-SEMA-TEL
370
25
100
AcDbLine
 10
280.5
 20
267.0
 30
0.0
 11
280.5
 21
250.0
 31
0.0
  0
HATCH
  5
589
330
4B8
100
AcDbEntity
 67
1
  8
E-SEMA-SEMBOL
 62
7
100
AcDbHatch
 10
0.0
 20
0.0
 30
0.0
210
0.0
220
0.0
230
1.0
  2
SOLID
 70
1
 71
0
 91
1
 92
1
 93
1
 72
2
 10
284.5
 20
262.0
 40
0.55
 50
0.0
 51
360.0
 73
1
 97
0
 75
0
 76
1
 98
0
  0
LINE
  5
58A
330
4B8
100
AcDbEntity
 67
1
  8
E-SEMA-TEL
370
25
100
AcDbLine
 10
284.5
 20
262.0
 30
0.0
 11
284.5
 21
250.0
 31
0.0
  0
HATCH
  5
58B
330
4B8
100
AcDbEntity
 67
1
  8
E-SEMA-SEMBOL
 62
7
100
AcDbHatch
 10
0.0
 20
0.0
 30
0.0
210
0.0
220
0.0
230
1.0
  2
SOLID
 70
1
 71
0
 91
1
 92
1
 93
1
 72
2
 10
288.5
 20
257.0
 40
0.55
 50
0.0
 51
360.0
 73
1
 97
0
 75
0
 76
1
 98
0
  0
LINE
  5
58C
330
4B8
100
AcDbEntity
 67
1
  8
E-SEMA-TEL
370
25
100
AcDbLine
 10
288.5
 20
257.0
 30
0.0
 11
288.5
 21
250.0
 31
0.0
  0
LINE
  5
58D
330
4B8
100
AcDbEntity
 67
1
  8
E-SEMA-TEL
370
25
100
AcDbLine
 10
276.5
 20
250.0
 30
0.0
 11
276.5
 21
248.24
 31
0.0
  0
HATCH
  5
58E
330
4B8
100
AcDbEntity
 67
1
  8
E-SEMA-SEMBOL
 62
7
100
AcDbHatch
 10
0.0
 20
0.0
 30
0.0
210
0.0
220
0.0
230
1.0
  2
SOLID
 70
1
 71
0
 91
1
 92
1
 93
1
 72
2
 10
276.5
 20
248.24
 40
0.35
 50
0.0
 51
360.0
 73
1
 97
0
 75
0
 76
1
 98
0
  0
LINE
  5
58F
330
4B8
100
AcDbEntity
 67
1
  8
E-SEMA-SEMBOL
370
35
100
AcDbLine
 10
276.5
 20
248.24
 30
0.0
 11
278.9
 21
243.6
 31
0.0
  0
LINE
  5
590
330
4B8
100
AcDbEntity
 67
1
  8
E-SEMA-TEL
370
25
100
AcDbLine
 10
276.5
 20
243.28
 30
0.0
 11
276.5
 21
242.0
 31
0.0
  0
LWPOLYLINE
  5
591
330
4B8
100
AcDbEntity
 67
1
  8
E-SEMA-SEMBOL
370
25
100
AcDbPolyline
 90
4
 70
1
 10
277.4
 20
243.28
 10
278.8
 20
243.28
 10
278.8
 20
245.68
 10
277.4
 20
245.68
  0
LINE
  5
592
330
4B8
100
AcDbEntity
 67
1
  8
E-SEMA-TEL
370
25
100
AcDbLine
 10
280.5
 20
250.0
 30
0.0
 11
280.5
 21
248.24
 31
0.0
  0
HATCH
  5
593
330
4B8
100
AcDbEntity
 67
1
  8
E-SEMA-SEMBOL
 62
7
100
AcDbHatch
 10
0.0
 20
0.0
 30
0.0
210
0.0
220
0.0
230
1.0
  2
SOLID
 70
1
 71
0
 91
1
 92
1
 93
1
 72
2
 10
280.5
 20
248.24
 40
0.35
 50
0.0
 51
360.0
 73
1
 97
0
 75
0
 76
1
 98
0
  0
LINE
  5
594
330
4B8
100
AcDbEntity
 67
1
  8
E-SEMA-SEMBOL
370
35
100
AcDbLine
 10
280.5
 20
248.24
 30
0.0
 11
282.9
 21
243.6
 31
0.0
  0
LINE
  5
595
330
4B8
100
AcDbEntity
 67
1
  8
E-SEMA-TEL
370
25
100
AcDbLine
 10
280.5
 20
243.28
 30
0.0
 11
280.5
 21
242.0
 31
0.0
  0
LWPOLYLINE
  5
596
330
4B8
100
AcDbEntity
 67
1
  8
E-SEMA-SEMBOL
370
25
100
AcDbPolyline
 90
4
 70
1
 10
281.4
 20
243.28
 10
282.8
 20
243.28
 10
282.8
 20
245.68
 10
281.4
 20
245.68
  0
LINE
  5
597
330
4B8
100
AcDbEntity
 67
1
  8
E-SEMA-TEL
370
25
100
AcDbLine
 10
284.5
 20
250.0
 30
0.0
 11
284.5
 21
248.24
 31
0.0
  0
HATCH
  5
598
330
4B8
100
AcDbEntity
 67
1
  8
E-SEMA-SEMBOL
 62
7
100
AcDbHatch
 10
0.0
 20
0.0
 30
0.0
210
0.0
220
0.0
230
1.0
  2
SOLID
 70
1
 71
0
 91
1
 92
1
 93
1
 72
2
 10
284.5
 20
248.24
 40
0.35
 50
0.0
 51
360.0
 73
1
 97
0
 75
0
 76
1
 98
0
  0
LINE
  5
599
330
4B8
100
AcDbEntity
 67
1
  8
E-SEMA-SEMBOL
370
35
100
AcDbLine
 10
284.5
 20
248.24
 30
0.0
 11
286.9
 21
243.6
 31
0.0
  0
LINE
  5
59A
330
4B8
100
AcDbEntity
 67
1
  8
E-SEMA-TEL
370
25
100
AcDbLine
 10
284.5
 20
243.28
 30
0.0
 11
284.5
 21
242.0
 31
0.0
  0
LWPOLYLINE
  5
59B
330
4B8
100
AcDbEntity
 67
1
  8
E-SEMA-SEMBOL
370
25
100
AcDbPolyline
 90
4
 70
1
 10
285.4
 20
243.28
 10
286.8
 20
243.28
 10
286.8
 20
245.68
 10
285.4
 20
245.68
  0
LINE
  5
59C
330
4B8
100
AcDbEntity
 67
1
  8
E-SEMA-TEL
370
25
100
AcDbLine
 10
288.5
 20
250.0
 30
0.0
 11
288.5
 21
248.24
 31
0.0
  0
HATCH
  5
59D
330
4B8
100
AcDbEntity
 67
1
  8
E-SEMA-SEMBOL
 62
7
100
AcDbHatch
 10
0.0
 20
0.0
 30
0.0
210
0.0
220
0.0
230
1.0
  2
SOLID
 70
1
 71
0
 91
1
 92
1
 93
1
 72
2
 10
288.5
 20
248.24
 40
0.35
 50
0.0
 51
360.0
 73
1
 97
0
 75
0
 76
1
 98
0
  0
LINE
  5
59E
330
4B8
100
AcDbEntity
 67
1
  8
E-SEMA-SEMBOL
370
35
100
AcDbLine
 10
288.5
 20
248.24
 30
0.0
 11
290.9
 21
243.6
 31
0.0
  0
LINE
  5
59F
330
4B8
100
AcDbEntity
 67
1
  8
E-SEMA-TEL
370
25
100
AcDbLine
 10
288.5
 20
243.28
 30
0.0
 11
288.5
 21
242.0
 31
0.0
  0
LWPOLYLINE
  5
5A0
330
4B8
100
AcDbEntity
 67
1
  8
E-SEMA-SEMBOL
370
25
100
AcDbPolyline
 90
4
 70
1
 10
289.4
 20
243.28
 10
290.8
 20
243.28
 10
290.8
 20
245.68
 10
289.4
 20
245.68
  0
LINE
  5
5A1
330
4B8
100
AcDbEntity
 67
1
  8
E-SEMA-SEMBOL
  6
DASHED
370
18
100
AcDbLine
 10
276.5
 20
244.6
 30
0.0
 11
288.5
 21
244.6
 31
0.0
  0
TEXT
  5
5A2
330
4B8
100
AcDbEntity
 67
1
  8
E-SEMA-YAZI
100
AcDbText
 10
275.4
 20
249.2
 30
0.0
 40
1.5
  1
1
  7
GYM
 72
2
 11
275.4
 21
249.2
 31
0.0
100
AcDbText
 73
2
  0
TEXT
  5
5A3
330
4B8
100
AcDbEntity
 67
1
  8
E-SEMA-YAZI
100
AcDbText
 10
275.4
 20
235.2
 30
0.0
 40
1.5
  1
2
  7
GYM
 72
2
 11
275.4
 21
235.2
 31
0.0
100
AcDbText
 73
2
  0
TEXT
  5
5A4
330
4B8
100
AcDbEntity
 67
1
  8
E-SEMA-YAZI
100
AcDbText
 10
279.4
 20
249.2
 30
0.0
 40
1.5
  1
3
  7
GYM
 72
2
 11
279.4
 21
249.2
 31
0.0
100
AcDbText
 73
2
  0
TEXT
  5
5A5
330
4B8
100
AcDbEntity
 67
1
  8
E-SEMA-YAZI
100
AcDbText
 10
279.4
 20
235.2
 30
0.0
 40
1.5
  1
4
  7
GYM
 72
2
 11
279.4
 21
235.2
 31
0.0
100
AcDbText
 73
2
  0
TEXT
  5
5A6
330
4B8
100
AcDbEntity
 67
1
  8
E-SEMA-YAZI
100
AcDbText
 10
283.4
 20
249.2
 30
0.0
 40
1.5
  1
5
  7
GYM
 72
2
 11
283.4
 21
249.2
 31
0.0
100
AcDbText
 73
2
  0
TEXT
  5
5A7
330
4B8
100
AcDbEntity
 67
1
  8
E-SEMA-YAZI
100
AcDbText
 10
283.4
 20
235.2
 30
0.0
 40
1.5
  1
6
  7
GYM
 72
2
 11
283.4
 21
235.2
 31
0.0
100
AcDbText
 73
2
  0
TEXT
  5
5A8
330
4B8
100
AcDbEntity
 67
1
  8
E-SEMA-YAZI
100
AcDbText
 10
287.4
 20
249.2
 30
0.0
 40
1.5
  1
N
  7
GYM
 72
2
 11
287.4
 21
249.2
 31
0.0
100
AcDbText
 73
2
  0
TEXT
  5
5A9
330
4B8
100
AcDbEntity
 67
1
  8
E-SEMA-YAZI
100
AcDbText
 10
287.4
 20
235.2
 30
0.0
 40
1.5
  1
N
  7
GYM
 72
2
 11
287.4
 21
235.2
 31
0.0
100
AcDbText
 73
2
  0
LWPOLYLINE
  5
5AA
330
4B8
100
AcDbEntity
 67
1
  8
E-SEMA-SEMBOL
370
35
100
AcDbPolyline
 90
4
 70
1
 10
273.9
 20
234.0
 10
291.1
 20
234.0
 10
291.1
 20
239.0
 10
273.9
 20
239.0
  0
TEXT
  5
5AB
330
4B8
100
AcDbEntity
 67
1
  8
E-SEMA-SEMBOL
100
AcDbText
 10
280.9
 20
236.5
 30
0.0
 40
2.2
  1
I
  7
GYM
 72
1
 11
280.9
 21
236.5
 31
0.0
100
AcDbText
 73
2
  0
LINE
  5
5AC
330
4B8
100
AcDbEntity
 67
1
  8
E-SEMA-SEMBOL
370
25
100
AcDbLine
 10
284.1
 20
237.4
 30
0.0
 11
284.1
 21
236.4
 31
0.0
  0
LINE
  5
5AD
330
4B8
100
AcDbEntity
 67
1
  8
E-SEMA-SEMBOL
370
25
100
AcDbLine
 10
283.0
 20
236.4
 30
0.0
 11
285.20000000000005
 21
236.4
 31
0.0
  0
LINE
  5
5AE
330
4B8
100
AcDbEntity
 67
1
  8
E-SEMA-SEMBOL
370
25
100
AcDbLine
 10
283.40000000000003
 20
235.95000000000002
 30
0.0
 11
284.8
 21
235.95000000000002
 31
0.0
  0
LINE
  5
5AF
330
4B8
100
AcDbEntity
 67
1
  8
E-SEMA-SEMBOL
370
25
100
AcDbLine
 10
283.75
 20
235.5
 30
0.0
 11
284.45000000000005
 21
235.5
 31
0.0
  0
LINE
  5
5B0
330
4B8
100
AcDbEntity
 67
1
  8
E-SEMA-TEL
370
25
100
AcDbLine
 10
276.5
 20
234.0
 30
0.0
 11
276.5
 21
232.4
 31
0.0
  0
LINE
  5
5B1
330
4B8
100
AcDbEntity
 67
1
  8
E-SEMA-TEL
370
25
100
AcDbLine
 10
280.5
 20
234.0
 30
0.0
 11
280.5
 21
232.4
 31
0.0
  0
LINE
  5
5B2
330
4B8
100
AcDbEntity
 67
1
  8
E-SEMA-TEL
370
25
100
AcDbLine
 10
284.5
 20
234.0
 30
0.0
 11
284.5
 21
232.4
 31
0.0
  0
LINE
  5
5B3
330
4B8
100
AcDbEntity
 67
1
  8
E-SEMA-TEL
370
25
100
AcDbLine
 10
288.5
 20
234.0
 30
0.0
 11
288.5
 21
232.4
 31
0.0
  0
LWPOLYLINE
  5
5B4
330
4B8
100
AcDbEntity
 67
1
  8
E-SEMA-SEMBOL
370
25
100
AcDbPolyline
 90
4
 70
1
 10
267.5
 20
246.6
 10
270.5
 20
246.6
 10
270.5
 20
249.6
 10
267.5
 20
249.6
  0
LINE
  5
5B5
330
4B8
100
AcDbEntity
 67
1
  8
E-SEMA-SEMBOL
370
18
100
AcDbLine
 10
267.5
 20
246.6
 30
0.0
 11
270.5
 21
249.6
 31
0.0
  0
LINE
  5
5B6
330
4B8
100
AcDbEntity
 67
1
  8
E-SEMA-TEL
370
25
100
AcDbLine
 10
265.5
 20
248.1
 30
0.0
 11
267.5
 21
248.1
 31
0.0
  0
LINE
  5
5B7
330
4B8
100
AcDbEntity
 67
1
  8
E-SEMA-TEL
370
25
100
AcDbLine
 10
270.5
 20
248.1
 30
0.0
 11
276.5
 21
248.1
 31
0.0
  0
TEXT
  5
5B8
330
4B8
100
AcDbEntity
 67
1
  8
E-SEMA-YAZI
100
AcDbText
 10
264.0
 20
237.4
 30
0.0
 40
2.2
  1
-ID2
  7
GYM
 72
2
 11
264.0
 21
237.4
 31
0.0
100
AcDbText
 73
2
  0
TEXT
  5
5B9
330
4B8
100
AcDbEntity
 67
1
  8
E-SEMA-YAZI
100
AcDbText
 10
264.0
 20
235.20000000000002
 30
0.0
 40
1.5
  1
4×40A/30mA
  7
GYM
 72
2
 11
264.0
 21
235.20000000000002
 31
0.0
100
AcDbText
 73
2
  0
TEXT
  5
5BA
330
4B8
100
AcDbEntity
 67
1
  8
E-SEMA-YAZI
100
AcDbText
 10
264.0
 20
233.00000000000003
 30
0.0
 40
1.5
  1
A tipi
  7
GYM
 72
2
 11
264.0
 21
233.00000000000003
 31
0.0
100
AcDbText
 73
2
  0
TEXT
  5
5BB
330
4B8
100
AcDbEntity
 67
1
  8
E-SEMA-YAZI
100
AcDbText
 10
264.0
 20
229.4
 30
0.0
 40
1.5
  1
RCD-2
  7
GYM
 72
2
 11
264.0
 21
229.4
 31
0.0
100
AcDbText
 73
2
  0
LINE
  5
5BC
330
4B8
100
AcDbEntity
 67
1
  8
E-SEMA-TEL
370
25
100
AcDbLine
 10
276.5
 20
234.0
 30
0.0
 11
276.5
 21
231.8
 31
0.0
  0
LINE
  5
5BD
330
4B8
100
AcDbEntity
 67
1
  8
E-SEMA-RAY
370
25
100
AcDbLine
 10
276.5
 20
231.8
 30
0.0
 11
381.5
 21
231.8
 31
0.0
  0
TEXT
  5
5BE
330
4B8
100
AcDbEntity
 67
1
  8
E-SEMA-YAZI
100
AcDbText
 10
382.5
 20
231.8
 30
0.0
 40
1.5
  1
L1
  7
GYM
 11
382.5
 21
231.8
 31
0.0
100
AcDbText
 73
2
  0
LINE
  5
5BF
330
4B8
100
AcDbEntity
 67
1
  8
E-SEMA-TEL
370
25
100
AcDbLine
 10
280.5
 20
234.0
 30
0.0
 11
280.5
 21
229.20000000000002
 31
0.0
  0
LINE
  5
5C0
330
4B8
100
AcDbEntity
 67
1
  8
E-SEMA-RAY
370
25
100
AcDbLine
 10
280.5
 20
229.20000000000002
 30
0.0
 11
381.5
 21
229.20000000000002
 31
0.0
  0
TEXT
  5
5C1
330
4B8
100
AcDbEntity
 67
1
  8
E-SEMA-YAZI
100
AcDbText
 10
382.5
 20
229.20000000000002
 30
0.0
 40
1.5
  1
L2
  7
GYM
 11
382.5
 21
229.20000000000002
 31
0.0
100
AcDbText
 73
2
  0
LINE
  5
5C2
330
4B8
100
AcDbEntity
 67
1
  8
E-SEMA-TEL
370
25
100
AcDbLine
 10
284.5
 20
234.0
 30
0.0
 11
284.5
 21
226.60000000000002
 31
0.0
  0
LINE
  5
5C3
330
4B8
100
AcDbEntity
 67
1
  8
E-SEMA-RAY
370
25
100
AcDbLine
 10
284.5
 20
226.60000000000002
 30
0.0
 11
381.5
 21
226.60000000000002
 31
0.0
  0
TEXT
  5
5C4
330
4B8
100
AcDbEntity
 67
1
  8
E-SEMA-YAZI
100
AcDbText
 10
382.5
 20
226.60000000000002
 30
0.0
 40
1.5
  1
L3
  7
GYM
 11
382.5
 21
226.60000000000002
 31
0.0
100
AcDbText
 73
2
  0
LINE
  5
5C5
330
4B8
100
AcDbEntity
 67
1
  8
E-SEMA-TEL
370
25
100
AcDbLine
 10
288.5
 20
234.0
 30
0.0
 11
288.5
 21
224.0
 31
0.0
  0
LINE
  5
5C6
330
4B8
100
AcDbEntity
 67
1
  8
E-SEMA-RAY
370
25
100
AcDbLine
 10
288.5
 20
224.0
 30
0.0
 11
381.5
 21
224.0
 31
0.0
  0
TEXT
  5
5C7
330
4B8
100
AcDbEntity
 67
1
  8
E-SEMA-YAZI
100
AcDbText
 10
382.5
 20
224.0
 30
0.0
 40
1.5
  1
N2
  7
GYM
 11
382.5
 21
224.0
 31
0.0
100
AcDbText
 73
2
  0
HATCH
  5
5C8
330
4B8
100
AcDbEntity
 67
1
  8
E-SEMA-SEMBOL
 62
7
100
AcDbHatch
 10
0.0
 20
0.0
 30
0.0
210
0.0
220
0.0
230
1.0
  2
SOLID
 70
1
 71
0
 91
1
 92
1
 93
1
 72
2
 10
39.0
 20
229.20000000000002
 40
0.55
 50
0.0
 51
360.0
 73
1
 97
0
 75
0
 76
1
 98
0
  0
LINE
  5
5C9
330
4B8
100
AcDbEntity
 67
1
  8
E-SEMA-TEL
370
25
100
AcDbLine
 10
39.0
 20
229.20000000000002
 30
0.0
 11
39.0
 21
218.0
 31
0.0
  0
HATCH
  5
5CA
330
4B8
100
AcDbEntity
 67
1
  8
E-SEMA-SEMBOL
 62
7
100
AcDbHatch
 10
0.0
 20
0.0
 30
0.0
210
0.0
220
0.0
230
1.0
  2
SOLID
 70
1
 71
0
 91
1
 92
1
 93
1
 72
2
 10
43.0
 20
224.0
 40
0.55
 50
0.0
 51
360.0
 73
1
 97
0
 75
0
 76
1
 98
0
  0
LINE
  5
5CB
330
4B8
100
AcDbEntity
 67
1
  8
E-SEMA-TEL
370
25
100
AcDbLine
 10
43.0
 20
224.0
 30
0.0
 11
43.0
 21
140.8
 31
0.0
  0
TEXT
  5
5CC
330
4B8
100
AcDbEntity
 67
1
  8
E-SEMA-YAZI
100
AcDbText
 10
44.4
 20
213.4
 30
0.0
 40
1.5
  1
N1
  7
GYM
 11
44.4
 21
213.4
 31
0.0
100
AcDbText
 73
2
  0
LINE
  5
5CD
330
4B8
100
AcDbEntity
 67
1
  8
E-SEMA-TEL
370
25
100
AcDbLine
 10
39.0
 20
218.0
 30
0.0
 11
39.0
 21
215.36
 31
0.0
  0
HATCH
  5
5CE
330
4B8
100
AcDbEntity
 67
1
  8
E-SEMA-SEMBOL
 62
7
100
AcDbHatch
 10
0.0
 20
0.0
 30
0.0
210
0.0
220
0.0
230
1.0
  2
SOLID
 70
1
 71
0
 91
1
 92
1
 93
1
 72
2
 10
39.0
 20
215.36
 40
0.35
 50
0.0
 51
360.0
 73
1
 97
0
 75
0
 76
1
 98
0
  0
LINE
  5
5CF
330
4B8
100
AcDbEntity
 67
1
  8
E-SEMA-SEMBOL
370
35
100
AcDbLine
 10
39.0
 20
215.36
 30
0.0
 11
42.6
 21
208.4
 31
0.0
  0
LINE
  5
5D0
330
4B8
100
AcDbEntity
 67
1
  8
E-SEMA-TEL
370
25
100
AcDbLine
 10
39.0
 20
207.92
 30
0.0
 11
39.0
 21
206.0
 31
0.0
  0
LWPOLYLINE
  5
5D1
330
4B8
100
AcDbEntity
 67
1
  8
E-SEMA-SEMBOL
370
25
100
AcDbPolyline
 90
4
 70
1
 10
39.9
 20
207.92
 10
41.3
 20
207.92
 10
41.3
 20
211.52
 10
39.9
 20
211.52
  0
TEXT
  5
5D2
330
4B8
100
AcDbEntity
 67
1
  8
E-SEMA-YAZI
100
AcDbText
 10
37.8
 20
217.4
 30
0.0
 40
1.5
  1
1
  7
GYM
 72
2
 11
37.8
 21
217.4
 31
0.0
100
AcDbText
 73
2
  0
TEXT
  5
5D3
330
4B8
100
AcDbEntity
 67
1
  8
E-SEMA-YAZI
100
AcDbText
 10
42.1
 20
208.0
 30
0.0
 40
1.5
  1
2
  7
GYM
 11
42.1
 21
208.0
 31
0.0
100
AcDbText
 73
2
  0
TEXT
  5
5D4
330
4B8
100
AcDbEntity
 67
1
  8
E-SEMA-YAZI
100
AcDbText
 10
35.6
 20
217.6
 30
0.0
 40
2.2
  1
-F1
  7
GYM
 72
2
 11
35.6
 21
217.6
 31
0.0
100
AcDbText
 73
2
  0
TEXT
  5
5D5
330
4B8
100
AcDbEntity
 67
1
  8
E-SEMA-YAZI
100
AcDbText
 10
35.6
 20
215.0
 30
0.0
 40
1.5
  1
10 A
  7
GYM
 72
2
 11
35.6
 21
215.0
 31
0.0
100
AcDbText
 73
2
  0
TEXT
  5
5D6
330
4B8
100
AcDbEntity
 67
1
  8
E-SEMA-YAZI
100
AcDbText
 10
35.6
 20
213.0
 30
0.0
 40
1.5
  1
1P B
  7
GYM
 72
2
 11
35.6
 21
213.0
 31
0.0
100
AcDbText
 73
2
  0
TEXT
  5
5D7
330
4B8
100
AcDbEntity
 67
1
  8
E-SEMA-YAZI
100
AcDbText
 10
35.6
 20
211.0
 30
0.0
 40
1.5
  1
6kA
  7
GYM
 72
2
 11
35.6
 21
211.0
 31
0.0
100
AcDbText
 73
2
  0
LINE
  5
5D8
330
4B8
100
AcDbEntity
 67
1
  8
E-SEMA-TEL
370
25
100
AcDbLine
 10
39.0
 20
206.0
 30
0.0
 11
39.0
 21
140.8
 31
0.0
  0
TEXT
  5
5D9
330
4B8
100
AcDbEntity
 67
1
  8
E-SEMA-YAZI
100
AcDbText
 10
37.6
 20
178.0
 30
0.0
 40
1.5
  1
11
 50
90.0
  7
GYM
 72
1
 11
37.6
 21
178.0
 31
0.0
100
AcDbText
 73
2
  0
HATCH
  5
5DA
330
4B8
100
AcDbEntity
 67
1
  8
E-SEMA-SEMBOL
 62
7
100
AcDbHatch
 10
0.0
 20
0.0
 30
0.0
210
0.0
220
0.0
230
1.0
  2
SOLID
 70
1
 71
0
 91
1
 92
1
 93
1
 72
2
 10
47.0
 20
150.0
 40
0.55
 50
0.0
 51
360.0
 73
1
 97
0
 75
0
 76
1
 98
0
  0
LINE
  5
5DB
330
4B8
100
AcDbEntity
 67
1
  8
E-SEMA-PE
  6
DASHDOT
370
25
100
AcDbLine
 10
47.0
 20
150.0
 30
0.0
 11
47.0
 21
140.8
 31
0.0
  0
CIRCLE
  5
5DC
330
4B8
100
AcDbEntity
 67
1
  8
E-SEMA-KLEMENS
370
25
100
AcDbCircle
 10
39.0
 20
140.0
 30
0.0
 40
0.8
  0
TEXT
  5
5DD
330
4B8
100
AcDbEntity
 67
1
  8
E-SEMA-YAZI
100
AcDbText
 10
37.4
 20
142.2
 30
0.0
 40
1.5
  1
1
  7
GYM
 72
2
 11
37.4
 21
142.2
 31
0.0
100
AcDbText
 73
2
  0
CIRCLE
  5
5DE
330
4B8
100
AcDbEntity
 67
1
  8
E-SEMA-KLEMENS
370
25
100
AcDbCircle
 10
43.0
 20
140.0
 30
0.0
 40
0.8
  0
TEXT
  5
5DF
330
4B8
100
AcDbEntity
 67
1
  8
E-SEMA-YAZI
100
AcDbText
 10
44.6
 20
142.2
 30
0.0
 40
1.5
  1
N1
  7
GYM
 11
44.6
 21
142.2
 31
0.0
100
AcDbText
 73
2
  0
CIRCLE
  5
5E0
330
4B8
100
AcDbEntity
 67
1
  8
E-SEMA-KLEMENS
370
25
100
AcDbCircle
 10
47.0
 20
140.0
 30
0.0
 40
0.8
  0
TEXT
  5
5E1
330
4B8
100
AcDbEntity
 67
1
  8
E-SEMA-YAZI
100
AcDbText
 10
48.6
 20
142.2
 30
0.0
 40
1.5
  1
PE
  7
GYM
 11
48.6
 21
142.2
 31
0.0
100
AcDbText
 73
2
  0
LINE
  5
5E2
330
4B8
100
AcDbEntity
 67
1
  8
E-SEMA-TEL
370
25
100
AcDbLine
 10
39.0
 20
139.2
 30
0.0
 11
39.0
 21
124.0
 31
0.0
  0
LINE
  5
5E3
330
4B8
100
AcDbEntity
 67
1
  8
E-SEMA-TEL
370
25
100
AcDbLine
 10
43.0
 20
139.2
 30
0.0
 11
43.0
 21
124.0
 31
0.0
  0
LINE
  5
5E4
330
4B8
100
AcDbEntity
 67
1
  8
E-SEMA-PE
  6
DASHDOT
370
25
100
AcDbLine
 10
47.0
 20
139.2
 30
0.0
 11
47.0
 21
124.0
 31
0.0
  0
TEXT
  5
5E5
330
4B8
100
AcDbEntity
 67
1
  8
E-SEMA-YAZI
100
AcDbText
 10
43.0
 20
131.0
 30
0.0
 40
1.5
  1
3×2,5 NHXMH
  7
GYM
 72
1
 11
43.0
 21
131.0
 31
0.0
100
AcDbText
 73
2
  0
LINE
  5
5E6
330
4B8
100
AcDbEntity
 67
1
  8
E-SEMA-YAZI
370
13
100
AcDbLine
 10
36.0
 20
132.6
 30
0.0
 11
50.0
 21
132.6
 31
0.0
  0
LWPOLYLINE
  5
5E7
330
4B8
100
AcDbEntity
 67
1
  8
E-SEMA-YUK
  6
DASHED
370
18
100
AcDbPolyline
 90
4
 70
1
 10
36.9
 20
110.0
 10
49.099999999999994
 20
110.0
 10
49.099999999999994
 20
124.0
 10
36.9
 20
124.0
  0
LWPOLYLINE
  5
5E8
330
4B8
100
AcDbEntity
 67
1
  8
E-SEMA-YUK
370
18
100
AcDbPolyline
 90
4
 70
1
 10
38.800000000000004
 20
111.4
 10
40.4
 20
111.4
 10
40.4
 20
122.6
 10
38.800000000000004
 20
122.6
  0
TEXT
  5
5E9
330
4B8
100
AcDbEntity
 67
1
  8
E-SEMA-YUK
100
AcDbText
 10
39.6
 20
123.5
 30
0.0
 40
1.5
  1
L
  7
GYM
 72
1
 11
39.6
 21
123.5
 31
0.0
100
AcDbText
 73
2
  0
LWPOLYLINE
  5
5EA
330
4B8
100
AcDbEntity
 67
1
  8
E-SEMA-YUK
370
18
100
AcDbPolyline
 90
4
 70
1
 10
42.2
 20
111.4
 10
43.8
 20
111.4
 10
43.8
 20
122.6
 10
42.2
 20
122.6
  0
TEXT
  5
5EB
330
4B8
100
AcDbEntity
 67
1
  8
E-SEMA-YUK
100
AcDbText
 10
43.0
 20
123.5
 30
0.0
 40
1.5
  1
N
  7
GYM
 72
1
 11
43.0
 21
123.5
 31
0.0
100
AcDbText
 73
2
  0
LWPOLYLINE
  5
5EC
330
4B8
100
AcDbEntity
 67
1
  8
E-SEMA-YUK
370
18
100
AcDbPolyline
 90
4
 70
1
 10
45.6
 20
111.4
 10
47.199999999999996
 20
111.4
 10
47.199999999999996
 20
122.6
 10
45.6
 20
122.6
  0
TEXT
  5
5ED
330
4B8
100
AcDbEntity
 67
1
  8
E-SEMA-YUK
100
AcDbText
 10
46.4
 20
123.5
 30
0.0
 40
1.5
  1
PE
  7
GYM
 72
1
 11
46.4
 21
123.5
 31
0.0
100
AcDbText
 73
2
  0
TEXT
  5
5EE
330
4B8
100
AcDbEntity
 67
1
  8
E-SEMA-YAZI
100
AcDbText
 10
43.0
 20
103.0
 30
0.0
 40
2.8
  1
L1
  7
GYM-B
 72
1
 11
43.0
 21
103.0
 31
0.0
100
AcDbText
 73
2
  0
TEXT
  5
5EF
330
4B8
100
AcDbEntity
 67
1
  8
E-SEMA-YAZI
100
AcDbText
 10
43.0
 20
97.0
 30
0.0
 40
1.8
  1
Aydınlatma · arena /
  7
GYM
 72
1
 11
43.0
 21
97.0
 31
0.0
100
AcDbText
 73
2
  0
TEXT
  5
5F0
330
4B8
100
AcDbEntity
 67
1
  8
E-SEMA-YAZI
100
AcDbText
 10
43.0
 20
94.4
 30
0.0
 40
1.8
  1
serbest ağırlık
  7
GYM
 72
1
 11
43.0
 21
94.4
 31
0.0
100
AcDbText
 73
2
  0
HATCH
  5
5F1
330
4B8
100
AcDbEntity
 67
1
  8
E-SEMA-SEMBOL
 62
7
100
AcDbHatch
 10
0.0
 20
0.0
 30
0.0
210
0.0
220
0.0
230
1.0
  2
SOLID
 70
1
 71
0
 91
1
 92
1
 93
1
 72
2
 10
86.5
 20
226.60000000000002
 40
0.55
 50
0.0
 51
360.0
 73
1
 97
0
 75
0
 76
1
 98
0
  0
LINE
  5
5F2
330
4B8
100
AcDbEntity
 67
1
  8
E-SEMA-TEL
370
25
100
AcDbLine
 10
86.5
 20
226.60000000000002
 30
0.0
 11
86.5
 21
218.0
 31
0.0
  0
HATCH
  5
5F3
330
4B8
100
AcDbEntity
 67
1
  8
E-SEMA-SEMBOL
 62
7
100
AcDbHatch
 10
0.0
 20
0.0
 30
0.0
210
0.0
220
0.0
230
1.0
  2
SOLID
 70
1
 71
0
 91
1
 92
1
 93
1
 72
2
 10
90.5
 20
224.0
 40
0.55
 50
0.0
 51
360.0
 73
1
 97
0
 75
0
 76
1
 98
0
  0
LINE
  5
5F4
330
4B8
100
AcDbEntity
 67
1
  8
E-SEMA-TEL
370
25
100
AcDbLine
 10
90.5
 20
224.0
 30
0.0
 11
90.5
 21
140.8
 31
0.0
  0
TEXT
  5
5F5
330
4B8
100
AcDbEntity
 67
1
  8
E-SEMA-YAZI
100
AcDbText
 10
91.9
 20
213.4
 30
0.0
 40
1.5
  1
N1
  7
GYM
 11
91.9
 21
213.4
 31
0.0
100
AcDbText
 73
2
  0
LINE
  5
5F6
330
4B8
100
AcDbEntity
 67
1
  8
E-SEMA-TEL
370
25
100
AcDbLine
 10
86.5
 20
218.0
 30
0.0
 11
86.5
 21
215.36
 31
0.0
  0
HATCH
  5
5F7
330
4B8
100
AcDbEntity
 67
1
  8
E-SEMA-SEMBOL
 62
7
100
AcDbHatch
 10
0.0
 20
0.0
 30
0.0
210
0.0
220
0.0
230
1.0
  2
SOLID
 70
1
 71
0
 91
1
 92
1
 93
1
 72
2
 10
86.5
 20
215.36
 40
0.35
 50
0.0
 51
360.0
 73
1
 97
0
 75
0
 76
1
 98
0
  0
LINE
  5
5F8
330
4B8
100
AcDbEntity
 67
1
  8
E-SEMA-SEMBOL
370
35
100
AcDbLine
 10
86.5
 20
215.36
 30
0.0
 11
90.1
 21
208.4
 31
0.0
  0
LINE
  5
5F9
330
4B8
100
AcDbEntity
 67
1
  8
E-SEMA-TEL
370
25
100
AcDbLine
 10
86.5
 20
207.92
 30
0.0
 11
86.5
 21
206.0
 31
0.0
  0
LWPOLYLINE
  5
5FA
330
4B8
100
AcDbEntity
 67
1
  8
E-SEMA-SEMBOL
370
25
100
AcDbPolyline
 90
4
 70
1
 10
87.4
 20
207.92
 10
88.8
 20
207.92
 10
88.8
 20
211.52
 10
87.4
 20
211.52
  0
TEXT
  5
5FB
330
4B8
100
AcDbEntity
 67
1
  8
E-SEMA-YAZI
100
AcDbText
 10
85.3
 20
217.4
 30
0.0
 40
1.5
  1
1
  7
GYM
 72
2
 11
85.3
 21
217.4
 31
0.0
100
AcDbText
 73
2
  0
TEXT
  5
5FC
330
4B8
100
AcDbEntity
 67
1
  8
E-SEMA-YAZI
100
AcDbText
 10
89.6
 20
208.0
 30
0.0
 40
1.5
  1
2
  7
GYM
 11
89.6
 21
208.0
 31
0.0
100
AcDbText
 73
2
  0
TEXT
  5
5FD
330
4B8
100
AcDbEntity
 67
1
  8
E-SEMA-YAZI
100
AcDbText
 10
83.1
 20
217.6
 30
0.0
 40
2.2
  1
-F2
  7
GYM
 72
2
 11
83.1
 21
217.6
 31
0.0
100
AcDbText
 73
2
  0
TEXT
  5
5FE
330
4B8
100
AcDbEntity
 67
1
  8
E-SEMA-YAZI
100
AcDbText
 10
83.1
 20
215.0
 30
0.0
 40
1.5
  1
10 A
  7
GYM
 72
2
 11
83.1
 21
215.0
 31
0.0
100
AcDbText
 73
2
  0
TEXT
  5
5FF
330
4B8
100
AcDbEntity
 67
1
  8
E-SEMA-YAZI
100
AcDbText
 10
83.1
 20
213.0
 30
0.0
 40
1.5
  1
1P B
  7
GYM
 72
2
 11
83.1
 21
213.0
 31
0.0
100
AcDbText
 73
2
  0
TEXT
  5
600
330
4B8
100
AcDbEntity
 67
1
  8
E-SEMA-YAZI
100
AcDbText
 10
83.1
 20
211.0
 30
0.0
 40
1.5
  1
6kA
  7
GYM
 72
2
 11
83.1
 21
211.0
 31
0.0
100
AcDbText
 73
2
  0
LINE
  5
601
330
4B8
100
AcDbEntity
 67
1
  8
E-SEMA-TEL
370
25
100
AcDbLine
 10
86.5
 20
206.0
 30
0.0
 11
86.5
 21
140.8
 31
0.0
  0
TEXT
  5
602
330
4B8
100
AcDbEntity
 67
1
  8
E-SEMA-YAZI
100
AcDbText
 10
85.1
 20
178.0
 30
0.0
 40
1.5
  1
12
 50
90.0
  7
GYM
 72
1
 11
85.1
 21
178.0
 31
0.0
100
AcDbText
 73
2
  0
HATCH
  5
603
330
4B8
100
AcDbEntity
 67
1
  8
E-SEMA-SEMBOL
 62
7
100
AcDbHatch
 10
0.0
 20
0.0
 30
0.0
210
0.0
220
0.0
230
1.0
  2
SOLID
 70
1
 71
0
 91
1
 92
1
 93
1
 72
2
 10
94.5
 20
150.0
 40
0.55
 50
0.0
 51
360.0
 73
1
 97
0
 75
0
 76
1
 98
0
  0
LINE
  5
604
330
4B8
100
AcDbEntity
 67
1
  8
E-SEMA-PE
  6
DASHDOT
370
25
100
AcDbLine
 10
94.5
 20
150.0
 30
0.0
 11
94.5
 21
140.8
 31
0.0
  0
CIRCLE
  5
605
330
4B8
100
AcDbEntity
 67
1
  8
E-SEMA-KLEMENS
370
25
100
AcDbCircle
 10
86.5
 20
140.0
 30
0.0
 40
0.8
  0
TEXT
  5
606
330
4B8
100
AcDbEntity
 67
1
  8
E-SEMA-YAZI
100
AcDbText
 10
84.9
 20
142.2
 30
0.0
 40
1.5
  1
2
  7
GYM
 72
2
 11
84.9
 21
142.2
 31
0.0
100
AcDbText
 73
2
  0
CIRCLE
  5
607
330
4B8
100
AcDbEntity
 67
1
  8
E-SEMA-KLEMENS
370
25
100
AcDbCircle
 10
90.5
 20
140.0
 30
0.0
 40
0.8
  0
TEXT
  5
608
330
4B8
100
AcDbEntity
 67
1
  8
E-SEMA-YAZI
100
AcDbText
 10
92.1
 20
142.2
 30
0.0
 40
1.5
  1
N1
  7
GYM
 11
92.1
 21
142.2
 31
0.0
100
AcDbText
 73
2
  0
CIRCLE
  5
609
330
4B8
100
AcDbEntity
 67
1
  8
E-SEMA-KLEMENS
370
25
100
AcDbCircle
 10
94.5
 20
140.0
 30
0.0
 40
0.8
  0
TEXT
  5
60A
330
4B8
100
AcDbEntity
 67
1
  8
E-SEMA-YAZI
100
AcDbText
 10
96.1
 20
142.2
 30
0.0
 40
1.5
  1
PE
  7
GYM
 11
96.1
 21
142.2
 31
0.0
100
AcDbText
 73
2
  0
LINE
  5
60B
330
4B8
100
AcDbEntity
 67
1
  8
E-SEMA-TEL
370
25
100
AcDbLine
 10
86.5
 20
139.2
 30
0.0
 11
86.5
 21
124.0
 31
0.0
  0
LINE
  5
60C
330
4B8
100
AcDbEntity
 67
1
  8
E-SEMA-TEL
370
25
100
AcDbLine
 10
90.5
 20
139.2
 30
0.0
 11
90.5
 21
124.0
 31
0.0
  0
LINE
  5
60D
330
4B8
100
AcDbEntity
 67
1
  8
E-SEMA-PE
  6
DASHDOT
370
25
100
AcDbLine
 10
94.5
 20
139.2
 30
0.0
 11
94.5
 21
124.0
 31
0.0
  0
TEXT
  5
60E
330
4B8
100
AcDbEntity
 67
1
  8
E-SEMA-YAZI
100
AcDbText
 10
90.5
 20
131.0
 30
0.0
 40
1.5
  1
3×2,5 NHXMH
  7
GYM
 72
1
 11
90.5
 21
131.0
 31
0.0
100
AcDbText
 73
2
  0
LINE
  5
60F
330
4B8
100
AcDbEntity
 67
1
  8
E-SEMA-YAZI
370
13
100
AcDbLine
 10
83.5
 20
132.6
 30
0.0
 11
97.5
 21
132.6
 31
0.0
  0
LWPOLYLINE
  5
610
330
4B8
100
AcDbEntity
 67
1
  8
E-SEMA-YUK
  6
DASHED
370
18
100
AcDbPolyline
 90
4
 70
1
 10
84.4
 20
110.0
 10
96.60000000000001
 20
110.0
 10
96.60000000000001
 20
124.0
 10
84.4
 20
124.0
  0
LWPOLYLINE
  5
611
330
4B8
100
AcDbEntity
 67
1
  8
E-SEMA-YUK
370
18
100
AcDbPolyline
 90
4
 70
1
 10
86.30000000000001
 20
111.4
 10
87.9
 20
111.4
 10
87.9
 20
122.6
 10
86.30000000000001
 20
122.6
  0
TEXT
  5
612
330
4B8
100
AcDbEntity
 67
1
  8
E-SEMA-YUK
100
AcDbText
 10
87.10000000000001
 20
123.5
 30
0.0
 40
1.5
  1
L
  7
GYM
 72
1
 11
87.10000000000001
 21
123.5
 31
0.0
100
AcDbText
 73
2
  0
LWPOLYLINE
  5
613
330
4B8
100
AcDbEntity
 67
1
  8
E-SEMA-YUK
370
18
100
AcDbPolyline
 90
4
 70
1
 10
89.70000000000002
 20
111.4
 10
91.30000000000001
 20
111.4
 10
91.30000000000001
 20
122.6
 10
89.70000000000002
 20
122.6
  0
TEXT
  5
614
330
4B8
100
AcDbEntity
 67
1
  8
E-SEMA-YUK
100
AcDbText
 10
90.50000000000001
 20
123.5
 30
0.0
 40
1.5
  1
N
  7
GYM
 72
1
 11
90.50000000000001
 21
123.5
 31
0.0
100
AcDbText
 73
2
  0
LWPOLYLINE
  5
615
330
4B8
100
AcDbEntity
 67
1
  8
E-SEMA-YUK
370
18
100
AcDbPolyline
 90
4
 70
1
 10
93.10000000000001
 20
111.4
 10
94.7
 20
111.4
 10
94.7
 20
122.6
 10
93.10000000000001
 20
122.6
  0
TEXT
  5
616
330
4B8
100
AcDbEntity
 67
1
  8
E-SEMA-YUK
100
AcDbText
 10
93.9
 20
123.5
 30
0.0
 40
1.5
  1
PE
  7
GYM
 72
1
 11
93.9
 21
123.5
 31
0.0
100
AcDbText
 73
2
  0
TEXT
  5
617
330
4B8
100
AcDbEntity
 67
1
  8
E-SEMA-YAZI
100
AcDbText
 10
90.5
 20
103.0
 30
0.0
 40
2.8
  1
L2
  7
GYM-B
 72
1
 11
90.5
 21
103.0
 31
0.0
100
AcDbText
 73
2
  0
TEXT
  5
618
330
4B8
100
AcDbEntity
 67
1
  8
E-SEMA-YAZI
100
AcDbText
 10
90.5
 20
97.0
 30
0.0
 40
1.8
  1
Aydınlatma ·
  7
GYM
 72
1
 11
90.5
 21
97.0
 31
0.0
100
AcDbText
 73
2
  0
TEXT
  5
619
330
4B8
100
AcDbEntity
 67
1
  8
E-SEMA-YAZI
100
AcDbText
 10
90.5
 20
94.4
 30
0.0
 40
1.8
  1
fonksiyonel / kardiyo
  7
GYM
 72
1
 11
90.5
 21
94.4
 31
0.0
100
AcDbText
 73
2
  0
HATCH
  5
61A
330
4B8
100
AcDbEntity
 67
1
  8
E-SEMA-SEMBOL
 62
7
100
AcDbHatch
 10
0.0
 20
0.0
 30
0.0
210
0.0
220
0.0
230
1.0
  2
SOLID
 70
1
 71
0
 91
1
 92
1
 93
1
 72
2
 10
134.0
 20
231.8
 40
0.55
 50
0.0
 51
360.0
 73
1
 97
0
 75
0
 76
1
 98
0
  0
LINE
  5
61B
330
4B8
100
AcDbEntity
 67
1
  8
E-SEMA-TEL
370
25
100
AcDbLine
 10
134.0
 20
231.8
 30
0.0
 11
134.0
 21
218.0
 31
0.0
  0
HATCH
  5
61C
330
4B8
100
AcDbEntity
 67
1
  8
E-SEMA-SEMBOL
 62
7
100
AcDbHatch
 10
0.0
 20
0.0
 30
0.0
210
0.0
220
0.0
230
1.0
  2
SOLID
 70
1
 71
0
 91
1
 92
1
 93
1
 72
2
 10
138.0
 20
224.0
 40
0.55
 50
0.0
 51
360.0
 73
1
 97
0
 75
0
 76
1
 98
0
  0
LINE
  5
61D
330
4B8
100
AcDbEntity
 67
1
  8
E-SEMA-TEL
370
25
100
AcDbLine
 10
138.0
 20
224.0
 30
0.0
 11
138.0
 21
140.8
 31
0.0
  0
TEXT
  5
61E
330
4B8
100
AcDbEntity
 67
1
  8
E-SEMA-YAZI
100
AcDbText
 10
139.4
 20
213.4
 30
0.0
 40
1.5
  1
N1
  7
GYM
 11
139.4
 21
213.4
 31
0.0
100
AcDbText
 73
2
  0
LINE
  5
61F
330
4B8
100
AcDbEntity
 67
1
  8
E-SEMA-TEL
370
25
100
AcDbLine
 10
134.0
 20
218.0
 30
0.0
 11
134.0
 21
215.36
 31
0.0
  0
HATCH
  5
620
330
4B8
100
AcDbEntity
 67
1
  8
E-SEMA-SEMBOL
 62
7
100
AcDbHatch
 10
0.0
 20
0.0
 30
0.0
210
0.0
220
0.0
230
1.0
  2
SOLID
 70
1
 71
0
 91
1
 92
1
 93
1
 72
2
 10
134.0
 20
215.36
 40
0.35
 50
0.0
 51
360.0
 73
1
 97
0
 75
0
 76
1
 98
0
  0
LINE
  5
621
330
4B8
100
AcDbEntity
 67
1
  8
E-SEMA-SEMBOL
370
35
100
AcDbLine
 10
134.0
 20
215.36
 30
0.0
 11
137.6
 21
208.4
 31
0.0
  0
LINE
  5
622
330
4B8
100
AcDbEntity
 67
1
  8
E-SEMA-TEL
370
25
100
AcDbLine
 10
134.0
 20
207.92
 30
0.0
 11
134.0
 21
206.0
 31
0.0
  0
LWPOLYLINE
  5
623
330
4B8
100
AcDbEntity
 67
1
  8
E-SEMA-SEMBOL
370
25
100
AcDbPolyline
 90
4
 70
1
 10
134.9
 20
207.92
 10
136.3
 20
207.92
 10
136.3
 20
211.52
 10
134.9
 20
211.52
  0
TEXT
  5
624
330
4B8
100
AcDbEntity
 67
1
  8
E-SEMA-YAZI
100
AcDbText
 10
132.8
 20
217.4
 30
0.0
 40
1.5
  1
1
  7
GYM
 72
2
 11
132.8
 21
217.4
 31
0.0
100
AcDbText
 73
2
  0
TEXT
  5
625
330
4B8
100
AcDbEntity
 67
1
  8
E-SEMA-YAZI
100
AcDbText
 10
137.1
 20
208.0
 30
0.0
 40
1.5
  1
2
  7
GYM
 11
137.1
 21
208.0
 31
0.0
100
AcDbText
 73
2
  0
TEXT
  5
626
330
4B8
100
AcDbEntity
 67
1
  8
E-SEMA-YAZI
100
AcDbText
 10
130.6
 20
217.6
 30
0.0
 40
2.2
  1
-F3
  7
GYM
 72
2
 11
130.6
 21
217.6
 31
0.0
100
AcDbText
 73
2
  0
TEXT
  5
627
330
4B8
100
AcDbEntity
 67
1
  8
E-SEMA-YAZI
100
AcDbText
 10
130.6
 20
215.0
 30
0.0
 40
1.5
  1
10 A
  7
GYM
 72
2
 11
130.6
 21
215.0
 31
0.0
100
AcDbText
 73
2
  0
TEXT
  5
628
330
4B8
100
AcDbEntity
 67
1
  8
E-SEMA-YAZI
100
AcDbText
 10
130.6
 20
213.0
 30
0.0
 40
1.5
  1
1P B
  7
GYM
 72
2
 11
130.6
 21
213.0
 31
0.0
100
AcDbText
 73
2
  0
TEXT
  5
629
330
4B8
100
AcDbEntity
 67
1
  8
E-SEMA-YAZI
100
AcDbText
 10
130.6
 20
211.0
 30
0.0
 40
1.5
  1
6kA
  7
GYM
 72
2
 11
130.6
 21
211.0
 31
0.0
100
AcDbText
 73
2
  0
LINE
  5
62A
330
4B8
100
AcDbEntity
 67
1
  8
E-SEMA-TEL
370
25
100
AcDbLine
 10
134.0
 20
206.0
 30
0.0
 11
134.0
 21
140.8
 31
0.0
  0
TEXT
  5
62B
330
4B8
100
AcDbEntity
 67
1
  8
E-SEMA-YAZI
100
AcDbText
 10
132.6
 20
178.0
 30
0.0
 40
1.5
  1
13
 50
90.0
  7
GYM
 72
1
 11
132.6
 21
178.0
 31
0.0
100
AcDbText
 73
2
  0
HATCH
  5
62C
330
4B8
100
AcDbEntity
 67
1
  8
E-SEMA-SEMBOL
 62
7
100
AcDbHatch
 10
0.0
 20
0.0
 30
0.0
210
0.0
220
0.0
230
1.0
  2
SOLID
 70
1
 71
0
 91
1
 92
1
 93
1
 72
2
 10
142.0
 20
150.0
 40
0.55
 50
0.0
 51
360.0
 73
1
 97
0
 75
0
 76
1
 98
0
  0
LINE
  5
62D
330
4B8
100
AcDbEntity
 67
1
  8
E-SEMA-PE
  6
DASHDOT
370
25
100
AcDbLine
 10
142.0
 20
150.0
 30
0.0
 11
142.0
 21
140.8
 31
0.0
  0
CIRCLE
  5
62E
330
4B8
100
AcDbEntity
 67
1
  8
E-SEMA-KLEMENS
370
25
100
AcDbCircle
 10
134.0
 20
140.0
 30
0.0
 40
0.8
  0
TEXT
  5
62F
330
4B8
100
AcDbEntity
 67
1
  8
E-SEMA-YAZI
100
AcDbText
 10
132.4
 20
142.2
 30
0.0
 40
1.5
  1
3
  7
GYM
 72
2
 11
132.4
 21
142.2
 31
0.0
100
AcDbText
 73
2
  0
CIRCLE
  5
630
330
4B8
100
AcDbEntity
 67
1
  8
E-SEMA-KLEMENS
370
25
100
AcDbCircle
 10
138.0
 20
140.0
 30
0.0
 40
0.8
  0
TEXT
  5
631
330
4B8
100
AcDbEntity
 67
1
  8
E-SEMA-YAZI
100
AcDbText
 10
139.6
 20
142.2
 30
0.0
 40
1.5
  1
N1
  7
GYM
 11
139.6
 21
142.2
 31
0.0
100
AcDbText
 73
2
  0
CIRCLE
  5
632
330
4B8
100
AcDbEntity
 67
1
  8
E-SEMA-KLEMENS
370
25
100
AcDbCircle
 10
142.0
 20
140.0
 30
0.0
 40
0.8
  0
TEXT
  5
633
330
4B8
100
AcDbEntity
 67
1
  8
E-SEMA-YAZI
100
AcDbText
 10
143.6
 20
142.2
 30
0.0
 40
1.5
  1
PE
  7
GYM
 11
143.6
 21
142.2
 31
0.0
100
AcDbText
 73
2
  0
LINE
  5
634
330
4B8
100
AcDbEntity
 67
1
  8
E-SEMA-TEL
370
25
100
AcDbLine
 10
134.0
 20
139.2
 30
0.0
 11
134.0
 21
124.0
 31
0.0
  0
LINE
  5
635
330
4B8
100
AcDbEntity
 67
1
  8
E-SEMA-TEL
370
25
100
AcDbLine
 10
138.0
 20
139.2
 30
0.0
 11
138.0
 21
124.0
 31
0.0
  0
LINE
  5
636
330
4B8
100
AcDbEntity
 67
1
  8
E-SEMA-PE
  6
DASHDOT
370
25
100
AcDbLine
 10
142.0
 20
139.2
 30
0.0
 11
142.0
 21
124.0
 31
0.0
  0
TEXT
  5
637
330
4B8
100
AcDbEntity
 67
1
  8
E-SEMA-YAZI
100
AcDbText
 10
138.0
 20
131.0
 30
0.0
 40
1.5
  1
3×2,5 NHXMH
  7
GYM
 72
1
 11
138.0
 21
131.0
 31
0.0
100
AcDbText
 73
2
  0
LINE
  5
638
330
4B8
100
AcDbEntity
 67
1
  8
E-SEMA-YAZI
370
13
100
AcDbLine
 10
131.0
 20
132.6
 30
0.0
 11
145.0
 21
132.6
 31
0.0
  0
LWPOLYLINE
  5
639
330
4B8
100
AcDbEntity
 67
1
  8
E-SEMA-YUK
  6
DASHED
370
18
100
AcDbPolyline
 90
4
 70
1
 10
131.9
 20
110.0
 10
144.1
 20
110.0
 10
144.1
 20
124.0
 10
131.9
 20
124.0
  0
LWPOLYLINE
  5
63A
330
4B8
100
AcDbEntity
 67
1
  8
E-SEMA-YUK
370
18
100
AcDbPolyline
 90
4
 70
1
 10
133.79999999999998
 20
111.4
 10
135.4
 20
111.4
 10
135.4
 20
122.6
 10
133.79999999999998
 20
122.6
  0
TEXT
  5
63B
330
4B8
100
AcDbEntity
 67
1
  8
E-SEMA-YUK
100
AcDbText
 10
134.6
 20
123.5
 30
0.0
 40
1.5
  1
L
  7
GYM
 72
1
 11
134.6
 21
123.5
 31
0.0
100
AcDbText
 73
2
  0
LWPOLYLINE
  5
63C
330
4B8
100
AcDbEntity
 67
1
  8
E-SEMA-YUK
370
18
100
AcDbPolyline
 90
4
 70
1
 10
137.2
 20
111.4
 10
138.8
 20
111.4
 10
138.8
 20
122.6
 10
137.2
 20
122.6
  0
TEXT
  5
63D
330
4B8
100
AcDbEntity
 67
1
  8
E-SEMA-YUK
100
AcDbText
 10
138.0
 20
123.5
 30
0.0
 40
1.5
  1
N
  7
GYM
 72
1
 11
138.0
 21
123.5
 31
0.0
100
AcDbText
 73
2
  0
LWPOLYLINE
  5
63E
330
4B8
100
AcDbEntity
 67
1
  8
E-SEMA-YUK
370
18
100
AcDbPolyline
 90
4
 70
1
 10
140.6
 20
111.4
 10
142.20000000000002
 20
111.4
 10
142.20000000000002
 20
122.6
 10
140.6
 20
122.6
  0
TEXT
  5
63F
330
4B8
100
AcDbEntity
 67
1
  8
E-SEMA-YUK
100
AcDbText
 10
141.4
 20
123.5
 30
0.0
 40
1.5
  1
PE
  7
GYM
 72
1
 11
141.4
 21
123.5
 31
0.0
100
AcDbText
 73
2
  0
TEXT
  5
640
330
4B8
100
AcDbEntity
 67
1
  8
E-SEMA-YAZI
100
AcDbText
 10
138.0
 20
103.0
 30
0.0
 40
2.8
  1
L3
  7
GYM-B
 72
1
 11
138.0
 21
103.0
 31
0.0
100
AcDbText
 73
2
  0
TEXT
  5
641
330
4B8
100
AcDbEntity
 67
1
  8
E-SEMA-YAZI
100
AcDbText
 10
138.0
 20
97.0
 30
0.0
 40
1.8
  1
Aydınlatma · dinlenme
  7
GYM
 72
1
 11
138.0
 21
97.0
 31
0.0
100
AcDbText
 73
2
  0
TEXT
  5
642
330
4B8
100
AcDbEntity
 67
1
  8
E-SEMA-YAZI
100
AcDbText
 10
138.0
 20
94.4
 30
0.0
 40
1.8
  1
salonu
  7
GYM
 72
1
 11
138.0
 21
94.4
 31
0.0
100
AcDbText
 73
2
  0
HATCH
  5
643
330
4B8
100
AcDbEntity
 67
1
  8
E-SEMA-SEMBOL
 62
7
100
AcDbHatch
 10
0.0
 20
0.0
 30
0.0
210
0.0
220
0.0
230
1.0
  2
SOLID
 70
1
 71
0
 91
1
 92
1
 93
1
 72
2
 10
181.5
 20
226.60000000000002
 40
0.55
 50
0.0
 51
360.0
 73
1
 97
0
 75
0
 76
1
 98
0
  0
LINE
  5
644
330
4B8
100
AcDbEntity
 67
1
  8
E-SEMA-TEL
370
25
100
AcDbLine
 10
181.5
 20
226.60000000000002
 30
0.0
 11
181.5
 21
218.0
 31
0.0
  0
HATCH
  5
645
330
4B8
100
AcDbEntity
 67
1
  8
E-SEMA-SEMBOL
 62
7
100
AcDbHatch
 10
0.0
 20
0.0
 30
0.0
210
0.0
220
0.0
230
1.0
  2
SOLID
 70
1
 71
0
 91
1
 92
1
 93
1
 72
2
 10
185.5
 20
224.0
 40
0.55
 50
0.0
 51
360.0
 73
1
 97
0
 75
0
 76
1
 98
0
  0
LINE
  5
646
330
4B8
100
AcDbEntity
 67
1
  8
E-SEMA-TEL
370
25
100
AcDbLine
 10
185.5
 20
224.0
 30
0.0
 11
185.5
 21
140.8
 31
0.0
  0
TEXT
  5
647
330
4B8
100
AcDbEntity
 67
1
  8
E-SEMA-YAZI
100
AcDbText
 10
186.9
 20
213.4
 30
0.0
 40
1.5
  1
N1
  7
GYM
 11
186.9
 21
213.4
 31
0.0
100
AcDbText
 73
2
  0
LINE
  5
648
330
4B8
100
AcDbEntity
 67
1
  8
E-SEMA-TEL
370
25
100
AcDbLine
 10
181.5
 20
218.0
 30
0.0
 11
181.5
 21
215.36
 31
0.0
  0
HATCH
  5
649
330
4B8
100
AcDbEntity
 67
1
  8
E-SEMA-SEMBOL
 62
7
100
AcDbHatch
 10
0.0
 20
0.0
 30
0.0
210
0.0
220
0.0
230
1.0
  2
SOLID
 70
1
 71
0
 91
1
 92
1
 93
1
 72
2
 10
181.5
 20
215.36
 40
0.35
 50
0.0
 51
360.0
 73
1
 97
0
 75
0
 76
1
 98
0
  0
LINE
  5
64A
330
4B8
100
AcDbEntity
 67
1
  8
E-SEMA-SEMBOL
370
35
100
AcDbLine
 10
181.5
 20
215.36
 30
0.0
 11
185.1
 21
208.4
 31
0.0
  0
LINE
  5
64B
330
4B8
100
AcDbEntity
 67
1
  8
E-SEMA-TEL
370
25
100
AcDbLine
 10
181.5
 20
207.92
 30
0.0
 11
181.5
 21
206.0
 31
0.0
  0
LWPOLYLINE
  5
64C
330
4B8
100
AcDbEntity
 67
1
  8
E-SEMA-SEMBOL
370
25
100
AcDbPolyline
 90
4
 70
1
 10
182.4
 20
207.92
 10
183.8
 20
207.92
 10
183.8
 20
211.52
 10
182.4
 20
211.52
  0
TEXT
  5
64D
330
4B8
100
AcDbEntity
 67
1
  8
E-SEMA-YAZI
100
AcDbText
 10
180.3
 20
217.4
 30
0.0
 40
1.5
  1
1
  7
GYM
 72
2
 11
180.3
 21
217.4
 31
0.0
100
AcDbText
 73
2
  0
TEXT
  5
64E
330
4B8
100
AcDbEntity
 67
1
  8
E-SEMA-YAZI
100
AcDbText
 10
184.6
 20
208.0
 30
0.0
 40
1.5
  1
2
  7
GYM
 11
184.6
 21
208.0
 31
0.0
100
AcDbText
 73
2
  0
TEXT
  5
64F
330
4B8
100
AcDbEntity
 67
1
  8
E-SEMA-YAZI
100
AcDbText
 10
178.1
 20
217.6
 30
0.0
 40
2.2
  1
-F4
  7
GYM
 72
2
 11
178.1
 21
217.6
 31
0.0
100
AcDbText
 73
2
  0
TEXT
  5
650
330
4B8
100
AcDbEntity
 67
1
  8
E-SEMA-YAZI
100
AcDbText
 10
178.1
 20
215.0
 30
0.0
 40
1.5
  1
10 A
  7
GYM
 72
2
 11
178.1
 21
215.0
 31
0.0
100
AcDbText
 73
2
  0
TEXT
  5
651
330
4B8
100
AcDbEntity
 67
1
  8
E-SEMA-YAZI
100
AcDbText
 10
178.1
 20
213.0
 30
0.0
 40
1.5
  1
1P B
  7
GYM
 72
2
 11
178.1
 21
213.0
 31
0.0
100
AcDbText
 73
2
  0
TEXT
  5
652
330
4B8
100
AcDbEntity
 67
1
  8
E-SEMA-YAZI
100
AcDbText
 10
178.1
 20
211.0
 30
0.0
 40
1.5
  1
6kA
  7
GYM
 72
2
 11
178.1
 21
211.0
 31
0.0
100
AcDbText
 73
2
  0
LINE
  5
653
330
4B8
100
AcDbEntity
 67
1
  8
E-SEMA-TEL
370
25
100
AcDbLine
 10
181.5
 20
206.0
 30
0.0
 11
181.5
 21
140.8
 31
0.0
  0
TEXT
  5
654
330
4B8
100
AcDbEntity
 67
1
  8
E-SEMA-YAZI
100
AcDbText
 10
180.1
 20
178.0
 30
0.0
 40
1.5
  1
14
 50
90.0
  7
GYM
 72
1
 11
180.1
 21
178.0
 31
0.0
100
AcDbText
 73
2
  0
HATCH
  5
655
330
4B8
100
AcDbEntity
 67
1
  8
E-SEMA-SEMBOL
 62
7
100
AcDbHatch
 10
0.0
 20
0.0
 30
0.0
210
0.0
220
0.0
230
1.0
  2
SOLID
 70
1
 71
0
 91
1
 92
1
 93
1
 72
2
 10
189.5
 20
150.0
 40
0.55
 50
0.0
 51
360.0
 73
1
 97
0
 75
0
 76
1
 98
0
  0
LINE
  5
656
330
4B8
100
AcDbEntity
 67
1
  8
E-SEMA-PE
  6
DASHDOT
370
25
100
AcDbLine
 10
189.5
 20
150.0
 30
0.0
 11
189.5
 21
140.8
 31
0.0
  0
CIRCLE
  5
657
330
4B8
100
AcDbEntity
 67
1
  8
E-SEMA-KLEMENS
370
25
100
AcDbCircle
 10
181.5
 20
140.0
 30
0.0
 40
0.8
  0
TEXT
  5
658
330
4B8
100
AcDbEntity
 67
1
  8
E-SEMA-YAZI
100
AcDbText
 10
179.9
 20
142.2
 30
0.0
 40
1.5
  1
4
  7
GYM
 72
2
 11
179.9
 21
142.2
 31
0.0
100
AcDbText
 73
2
  0
CIRCLE
  5
659
330
4B8
100
AcDbEntity
 67
1
  8
E-SEMA-KLEMENS
370
25
100
AcDbCircle
 10
185.5
 20
140.0
 30
0.0
 40
0.8
  0
TEXT
  5
65A
330
4B8
100
AcDbEntity
 67
1
  8
E-SEMA-YAZI
100
AcDbText
 10
187.1
 20
142.2
 30
0.0
 40
1.5
  1
N1
  7
GYM
 11
187.1
 21
142.2
 31
0.0
100
AcDbText
 73
2
  0
CIRCLE
  5
65B
330
4B8
100
AcDbEntity
 67
1
  8
E-SEMA-KLEMENS
370
25
100
AcDbCircle
 10
189.5
 20
140.0
 30
0.0
 40
0.8
  0
TEXT
  5
65C
330
4B8
100
AcDbEntity
 67
1
  8
E-SEMA-YAZI
100
AcDbText
 10
191.1
 20
142.2
 30
0.0
 40
1.5
  1
PE
  7
GYM
 11
191.1
 21
142.2
 31
0.0
100
AcDbText
 73
2
  0
LINE
  5
65D
330
4B8
100
AcDbEntity
 67
1
  8
E-SEMA-TEL
370
25
100
AcDbLine
 10
181.5
 20
139.2
 30
0.0
 11
181.5
 21
124.0
 31
0.0
  0
LINE
  5
65E
330
4B8
100
AcDbEntity
 67
1
  8
E-SEMA-TEL
370
25
100
AcDbLine
 10
185.5
 20
139.2
 30
0.0
 11
185.5
 21
124.0
 31
0.0
  0
LINE
  5
65F
330
4B8
100
AcDbEntity
 67
1
  8
E-SEMA-PE
  6
DASHDOT
370
25
100
AcDbLine
 10
189.5
 20
139.2
 30
0.0
 11
189.5
 21
124.0
 31
0.0
  0
TEXT
  5
660
330
4B8
100
AcDbEntity
 67
1
  8
E-SEMA-YAZI
100
AcDbText
 10
185.5
 20
131.0
 30
0.0
 40
1.5
  1
3×2,5 NHXMH
  7
GYM
 72
1
 11
185.5
 21
131.0
 31
0.0
100
AcDbText
 73
2
  0
LINE
  5
661
330
4B8
100
AcDbEntity
 67
1
  8
E-SEMA-YAZI
370
13
100
AcDbLine
 10
178.5
 20
132.6
 30
0.0
 11
192.5
 21
132.6
 31
0.0
  0
LWPOLYLINE
  5
662
330
4B8
100
AcDbEntity
 67
1
  8
E-SEMA-YUK
  6
DASHED
370
18
100
AcDbPolyline
 90
4
 70
1
 10
179.4
 20
110.0
 10
191.6
 20
110.0
 10
191.6
 20
124.0
 10
179.4
 20
124.0
  0
LWPOLYLINE
  5
663
330
4B8
100
AcDbEntity
 67
1
  8
E-SEMA-YUK
370
18
100
AcDbPolyline
 90
4
 70
1
 10
181.29999999999998
 20
111.4
 10
182.9
 20
111.4
 10
182.9
 20
122.6
 10
181.29999999999998
 20
122.6
  0
TEXT
  5
664
330
4B8
100
AcDbEntity
 67
1
  8
E-SEMA-YUK
100
AcDbText
 10
182.1
 20
123.5
 30
0.0
 40
1.5
  1
L
  7
GYM
 72
1
 11
182.1
 21
123.5
 31
0.0
100
AcDbText
 73
2
  0
LWPOLYLINE
  5
665
330
4B8
100
AcDbEntity
 67
1
  8
E-SEMA-YUK
370
18
100
AcDbPolyline
 90
4
 70
1
 10
184.7
 20
111.4
 10
186.3
 20
111.4
 10
186.3
 20
122.6
 10
184.7
 20
122.6
  0
TEXT
  5
666
330
4B8
100
AcDbEntity
 67
1
  8
E-SEMA-YUK
100
AcDbText
 10
185.5
 20
123.5
 30
0.0
 40
1.5
  1
N
  7
GYM
 72
1
 11
185.5
 21
123.5
 31
0.0
100
AcDbText
 73
2
  0
LWPOLYLINE
  5
667
330
4B8
100
AcDbEntity
 67
1
  8
E-SEMA-YUK
370
18
100
AcDbPolyline
 90
4
 70
1
 10
188.1
 20
111.4
 10
189.70000000000002
 20
111.4
 10
189.70000000000002
 20
122.6
 10
188.1
 20
122.6
  0
TEXT
  5
668
330
4B8
100
AcDbEntity
 67
1
  8
E-SEMA-YUK
100
AcDbText
 10
188.9
 20
123.5
 30
0.0
 40
1.5
  1
PE
  7
GYM
 72
1
 11
188.9
 21
123.5
 31
0.0
100
AcDbText
 73
2
  0
TEXT
  5
669
330
4B8
100
AcDbEntity
 67
1
  8
E-SEMA-YAZI
100
AcDbText
 10
185.5
 20
103.0
 30
0.0
 40
2.8
  1
L4
  7
GYM-B
 72
1
 11
185.5
 21
103.0
 31
0.0
100
AcDbText
 73
2
  0
TEXT
  5
66A
330
4B8
100
AcDbEntity
 67
1
  8
E-SEMA-YAZI
100
AcDbText
 10
185.5
 20
97.0
 30
0.0
 40
1.8
  1
Aydınlatma · giriş /
  7
GYM
 72
1
 11
185.5
 21
97.0
 31
0.0
100
AcDbText
 73
2
  0
TEXT
  5
66B
330
4B8
100
AcDbEntity
 67
1
  8
E-SEMA-YAZI
100
AcDbText
 10
185.5
 20
94.4
 30
0.0
 40
1.8
  1
banko
  7
GYM
 72
1
 11
185.5
 21
94.4
 31
0.0
100
AcDbText
 73
2
  0
HATCH
  5
66C
330
4B8
100
AcDbEntity
 67
1
  8
E-SEMA-SEMBOL
 62
7
100
AcDbHatch
 10
0.0
 20
0.0
 30
0.0
210
0.0
220
0.0
230
1.0
  2
SOLID
 70
1
 71
0
 91
1
 92
1
 93
1
 72
2
 10
229.0
 20
229.20000000000002
 40
0.55
 50
0.0
 51
360.0
 73
1
 97
0
 75
0
 76
1
 98
0
  0
LINE
  5
66D
330
4B8
100
AcDbEntity
 67
1
  8
E-SEMA-TEL
370
25
100
AcDbLine
 10
229.0
 20
229.20000000000002
 30
0.0
 11
229.0
 21
218.0
 31
0.0
  0
HATCH
  5
66E
330
4B8
100
AcDbEntity
 67
1
  8
E-SEMA-SEMBOL
 62
7
100
AcDbHatch
 10
0.0
 20
0.0
 30
0.0
210
0.0
220
0.0
230
1.0
  2
SOLID
 70
1
 71
0
 91
1
 92
1
 93
1
 72
2
 10
233.0
 20
224.0
 40
0.55
 50
0.0
 51
360.0
 73
1
 97
0
 75
0
 76
1
 98
0
  0
LINE
  5
66F
330
4B8
100
AcDbEntity
 67
1
  8
E-SEMA-TEL
370
25
100
AcDbLine
 10
233.0
 20
224.0
 30
0.0
 11
233.0
 21
140.8
 31
0.0
  0
TEXT
  5
670
330
4B8
100
AcDbEntity
 67
1
  8
E-SEMA-YAZI
100
AcDbText
 10
234.4
 20
213.4
 30
0.0
 40
1.5
  1
N1
  7
GYM
 11
234.4
 21
213.4
 31
0.0
100
AcDbText
 73
2
  0
LINE
  5
671
330
4B8
100
AcDbEntity
 67
1
  8
E-SEMA-TEL
370
25
100
AcDbLine
 10
229.0
 20
218.0
 30
0.0
 11
229.0
 21
215.36
 31
0.0
  0
HATCH
  5
672
330
4B8
100
AcDbEntity
 67
1
  8
E-SEMA-SEMBOL
 62
7
100
AcDbHatch
 10
0.0
 20
0.0
 30
0.0
210
0.0
220
0.0
230
1.0
  2
SOLID
 70
1
 71
0
 91
1
 92
1
 93
1
 72
2
 10
229.0
 20
215.36
 40
0.35
 50
0.0
 51
360.0
 73
1
 97
0
 75
0
 76
1
 98
0
  0
LINE
  5
673
330
4B8
100
AcDbEntity
 67
1
  8
E-SEMA-SEMBOL
370
35
100
AcDbLine
 10
229.0
 20
215.36
 30
0.0
 11
232.6
 21
208.4
 31
0.0
  0
LINE
  5
674
330
4B8
100
AcDbEntity
 67
1
  8
E-SEMA-TEL
370
25
100
AcDbLine
 10
229.0
 20
207.92
 30
0.0
 11
229.0
 21
206.0
 31
0.0
  0
LWPOLYLINE
  5
675
330
4B8
100
AcDbEntity
 67
1
  8
E-SEMA-SEMBOL
370
25
100
AcDbPolyline
 90
4
 70
1
 10
229.9
 20
207.92
 10
231.3
 20
207.92
 10
231.3
 20
211.52
 10
229.9
 20
211.52
  0
TEXT
  5
676
330
4B8
100
AcDbEntity
 67
1
  8
E-SEMA-YAZI
100
AcDbText
 10
227.8
 20
217.4
 30
0.0
 40
1.5
  1
1
  7
GYM
 72
2
 11
227.8
 21
217.4
 31
0.0
100
AcDbText
 73
2
  0
TEXT
  5
677
330
4B8
100
AcDbEntity
 67
1
  8
E-SEMA-YAZI
100
AcDbText
 10
232.1
 20
208.0
 30
0.0
 40
1.5
  1
2
  7
GYM
 11
232.1
 21
208.0
 31
0.0
100
AcDbText
 73
2
  0
TEXT
  5
678
330
4B8
100
AcDbEntity
 67
1
  8
E-SEMA-YAZI
100
AcDbText
 10
225.6
 20
217.6
 30
0.0
 40
2.2
  1
-F5
  7
GYM
 72
2
 11
225.6
 21
217.6
 31
0.0
100
AcDbText
 73
2
  0
TEXT
  5
679
330
4B8
100
AcDbEntity
 67
1
  8
E-SEMA-YAZI
100
AcDbText
 10
225.6
 20
215.0
 30
0.0
 40
1.5
  1
6 A
  7
GYM
 72
2
 11
225.6
 21
215.0
 31
0.0
100
AcDbText
 73
2
  0
TEXT
  5
67A
330
4B8
100
AcDbEntity
 67
1
  8
E-SEMA-YAZI
100
AcDbText
 10
225.6
 20
213.0
 30
0.0
 40
1.5
  1
1P B
  7
GYM
 72
2
 11
225.6
 21
213.0
 31
0.0
100
AcDbText
 73
2
  0
TEXT
  5
67B
330
4B8
100
AcDbEntity
 67
1
  8
E-SEMA-YAZI
100
AcDbText
 10
225.6
 20
211.0
 30
0.0
 40
1.5
  1
6kA
  7
GYM
 72
2
 11
225.6
 21
211.0
 31
0.0
100
AcDbText
 73
2
  0
LINE
  5
67C
330
4B8
100
AcDbEntity
 67
1
  8
E-SEMA-TEL
370
25
100
AcDbLine
 10
229.0
 20
206.0
 30
0.0
 11
229.0
 21
140.8
 31
0.0
  0
TEXT
  5
67D
330
4B8
100
AcDbEntity
 67
1
  8
E-SEMA-YAZI
100
AcDbText
 10
227.6
 20
178.0
 30
0.0
 40
1.5
  1
15
 50
90.0
  7
GYM
 72
1
 11
227.6
 21
178.0
 31
0.0
100
AcDbText
 73
2
  0
HATCH
  5
67E
330
4B8
100
AcDbEntity
 67
1
  8
E-SEMA-SEMBOL
 62
7
100
AcDbHatch
 10
0.0
 20
0.0
 30
0.0
210
0.0
220
0.0
230
1.0
  2
SOLID
 70
1
 71
0
 91
1
 92
1
 93
1
 72
2
 10
237.0
 20
150.0
 40
0.55
 50
0.0
 51
360.0
 73
1
 97
0
 75
0
 76
1
 98
0
  0
LINE
  5
67F
330
4B8
100
AcDbEntity
 67
1
  8
E-SEMA-PE
  6
DASHDOT
370
25
100
AcDbLine
 10
237.0
 20
150.0
 30
0.0
 11
237.0
 21
140.8
 31
0.0
  0
CIRCLE
  5
680
330
4B8
100
AcDbEntity
 67
1
  8
E-SEMA-KLEMENS
370
25
100
AcDbCircle
 10
229.0
 20
140.0
 30
0.0
 40
0.8
  0
TEXT
  5
681
330
4B8
100
AcDbEntity
 67
1
  8
E-SEMA-YAZI
100
AcDbText
 10
227.4
 20
142.2
 30
0.0
 40
1.5
  1
5
  7
GYM
 72
2
 11
227.4
 21
142.2
 31
0.0
100
AcDbText
 73
2
  0
CIRCLE
  5
682
330
4B8
100
AcDbEntity
 67
1
  8
E-SEMA-KLEMENS
370
25
100
AcDbCircle
 10
233.0
 20
140.0
 30
0.0
 40
0.8
  0
TEXT
  5
683
330
4B8
100
AcDbEntity
 67
1
  8
E-SEMA-YAZI
100
AcDbText
 10
234.6
 20
142.2
 30
0.0
 40
1.5
  1
N1
  7
GYM
 11
234.6
 21
142.2
 31
0.0
100
AcDbText
 73
2
  0
CIRCLE
  5
684
330
4B8
100
AcDbEntity
 67
1
  8
E-SEMA-KLEMENS
370
25
100
AcDbCircle
 10
237.0
 20
140.0
 30
0.0
 40
0.8
  0
TEXT
  5
685
330
4B8
100
AcDbEntity
 67
1
  8
E-SEMA-YAZI
100
AcDbText
 10
238.6
 20
142.2
 30
0.0
 40
1.5
  1
PE
  7
GYM
 11
238.6
 21
142.2
 31
0.0
100
AcDbText
 73
2
  0
LINE
  5
686
330
4B8
100
AcDbEntity
 67
1
  8
E-SEMA-TEL
370
25
100
AcDbLine
 10
229.0
 20
139.2
 30
0.0
 11
229.0
 21
124.0
 31
0.0
  0
LINE
  5
687
330
4B8
100
AcDbEntity
 67
1
  8
E-SEMA-TEL
370
25
100
AcDbLine
 10
233.0
 20
139.2
 30
0.0
 11
233.0
 21
124.0
 31
0.0
  0
LINE
  5
688
330
4B8
100
AcDbEntity
 67
1
  8
E-SEMA-PE
  6
DASHDOT
370
25
100
AcDbLine
 10
237.0
 20
139.2
 30
0.0
 11
237.0
 21
124.0
 31
0.0
  0
TEXT
  5
689
330
4B8
100
AcDbEntity
 67
1
  8
E-SEMA-YAZI
100
AcDbText
 10
233.0
 20
131.0
 30
0.0
 40
1.5
  1
3×2,5 NHXMH
  7
GYM
 72
1
 11
233.0
 21
131.0
 31
0.0
100
AcDbText
 73
2
  0
LINE
  5
68A
330
4B8
100
AcDbEntity
 67
1
  8
E-SEMA-YAZI
370
13
100
AcDbLine
 10
226.0
 20
132.6
 30
0.0
 11
240.0
 21
132.6
 31
0.0
  0
LWPOLYLINE
  5
68B
330
4B8
100
AcDbEntity
 67
1
  8
E-SEMA-YUK
  6
DASHED
370
18
100
AcDbPolyline
 90
4
 70
1
 10
226.9
 20
110.0
 10
239.1
 20
110.0
 10
239.1
 20
124.0
 10
226.9
 20
124.0
  0
LWPOLYLINE
  5
68C
330
4B8
100
AcDbEntity
 67
1
  8
E-SEMA-YUK
370
18
100
AcDbPolyline
 90
4
 70
1
 10
228.79999999999998
 20
111.4
 10
230.4
 20
111.4
 10
230.4
 20
122.6
 10
228.79999999999998
 20
122.6
  0
TEXT
  5
68D
330
4B8
100
AcDbEntity
 67
1
  8
E-SEMA-YUK
100
AcDbText
 10
229.6
 20
123.5
 30
0.0
 40
1.5
  1
L
  7
GYM
 72
1
 11
229.6
 21
123.5
 31
0.0
100
AcDbText
 73
2
  0
LWPOLYLINE
  5
68E
330
4B8
100
AcDbEntity
 67
1
  8
E-SEMA-YUK
370
18
100
AcDbPolyline
 90
4
 70
1
 10
232.2
 20
111.4
 10
233.8
 20
111.4
 10
233.8
 20
122.6
 10
232.2
 20
122.6
  0
TEXT
  5
68F
330
4B8
100
AcDbEntity
 67
1
  8
E-SEMA-YUK
100
AcDbText
 10
233.0
 20
123.5
 30
0.0
 40
1.5
  1
N
  7
GYM
 72
1
 11
233.0
 21
123.5
 31
0.0
100
AcDbText
 73
2
  0
LWPOLYLINE
  5
690
330
4B8
100
AcDbEntity
 67
1
  8
E-SEMA-YUK
370
18
100
AcDbPolyline
 90
4
 70
1
 10
235.6
 20
111.4
 10
237.20000000000002
 20
111.4
 10
237.20000000000002
 20
122.6
 10
235.6
 20
122.6
  0
TEXT
  5
691
330
4B8
100
AcDbEntity
 67
1
  8
E-SEMA-YUK
100
AcDbText
 10
236.4
 20
123.5
 30
0.0
 40
1.5
  1
PE
  7
GYM
 72
1
 11
236.4
 21
123.5
 31
0.0
100
AcDbText
 73
2
  0
TEXT
  5
692
330
4B8
100
AcDbEntity
 67
1
  8
E-SEMA-YAZI
100
AcDbText
 10
233.0
 20
103.0
 30
0.0
 40
2.8
  1
L6
  7
GYM-B
 72
1
 11
233.0
 21
103.0
 31
0.0
100
AcDbText
 73
2
  0
TEXT
  5
693
330
4B8
100
AcDbEntity
 67
1
  8
E-SEMA-YAZI
100
AcDbText
 10
233.0
 20
97.0
 30
0.0
 40
1.8
  1
Acil aydınlatma ve
  7
GYM
 72
1
 11
233.0
 21
97.0
 31
0.0
100
AcDbText
 73
2
  0
TEXT
  5
694
330
4B8
100
AcDbEntity
 67
1
  8
E-SEMA-YAZI
100
AcDbText
 10
233.0
 20
94.4
 30
0.0
 40
1.8
  1
yönlendirme
  7
GYM
 72
1
 11
233.0
 21
94.4
 31
0.0
100
AcDbText
 73
2
  0
HATCH
  5
695
330
4B8
100
AcDbEntity
 67
1
  8
E-SEMA-SEMBOL
 62
7
100
AcDbHatch
 10
0.0
 20
0.0
 30
0.0
210
0.0
220
0.0
230
1.0
  2
SOLID
 70
1
 71
0
 91
1
 92
1
 93
1
 72
2
 10
276.5
 20
231.8
 40
0.55
 50
0.0
 51
360.0
 73
1
 97
0
 75
0
 76
1
 98
0
  0
LINE
  5
696
330
4B8
100
AcDbEntity
 67
1
  8
E-SEMA-TEL
370
25
100
AcDbLine
 10
276.5
 20
231.8
 30
0.0
 11
276.5
 21
218.0
 31
0.0
  0
HATCH
  5
697
330
4B8
100
AcDbEntity
 67
1
  8
E-SEMA-SEMBOL
 62
7
100
AcDbHatch
 10
0.0
 20
0.0
 30
0.0
210
0.0
220
0.0
230
1.0
  2
SOLID
 70
1
 71
0
 91
1
 92
1
 93
1
 72
2
 10
280.5
 20
224.0
 40
0.55
 50
0.0
 51
360.0
 73
1
 97
0
 75
0
 76
1
 98
0
  0
LINE
  5
698
330
4B8
100
AcDbEntity
 67
1
  8
E-SEMA-TEL
370
25
100
AcDbLine
 10
280.5
 20
224.0
 30
0.0
 11
280.5
 21
140.8
 31
0.0
  0
TEXT
  5
699
330
4B8
100
AcDbEntity
 67
1
  8
E-SEMA-YAZI
100
AcDbText
 10
281.9
 20
213.4
 30
0.0
 40
1.5
  1
N2
  7
GYM
 11
281.9
 21
213.4
 31
0.0
100
AcDbText
 73
2
  0
LINE
  5
69A
330
4B8
100
AcDbEntity
 67
1
  8
E-SEMA-TEL
370
25
100
AcDbLine
 10
276.5
 20
218.0
 30
0.0
 11
276.5
 21
215.36
 31
0.0
  0
HATCH
  5
69B
330
4B8
100
AcDbEntity
 67
1
  8
E-SEMA-SEMBOL
 62
7
100
AcDbHatch
 10
0.0
 20
0.0
 30
0.0
210
0.0
220
0.0
230
1.0
  2
SOLID
 70
1
 71
0
 91
1
 92
1
 93
1
 72
2
 10
276.5
 20
215.36
 40
0.35
 50
0.0
 51
360.0
 73
1
 97
0
 75
0
 76
1
 98
0
  0
LINE
  5
69C
330
4B8
100
AcDbEntity
 67
1
  8
E-SEMA-SEMBOL
370
35
100
AcDbLine
 10
276.5
 20
215.36
 30
0.0
 11
280.1
 21
208.4
 31
0.0
  0
LINE
  5
69D
330
4B8
100
AcDbEntity
 67
1
  8
E-SEMA-TEL
370
25
100
AcDbLine
 10
276.5
 20
207.92
 30
0.0
 11
276.5
 21
206.0
 31
0.0
  0
LWPOLYLINE
  5
69E
330
4B8
100
AcDbEntity
 67
1
  8
E-SEMA-SEMBOL
370
25
100
AcDbPolyline
 90
4
 70
1
 10
277.4
 20
207.92
 10
278.8
 20
207.92
 10
278.8
 20
211.52
 10
277.4
 20
211.52
  0
TEXT
  5
69F
330
4B8
100
AcDbEntity
 67
1
  8
E-SEMA-YAZI
100
AcDbText
 10
275.3
 20
217.4
 30
0.0
 40
1.5
  1
1
  7
GYM
 72
2
 11
275.3
 21
217.4
 31
0.0
100
AcDbText
 73
2
  0
TEXT
  5
6A0
330
4B8
100
AcDbEntity
 67
1
  8
E-SEMA-YAZI
100
AcDbText
 10
279.6
 20
208.0
 30
0.0
 40
1.5
  1
2
  7
GYM
 11
279.6
 21
208.0
 31
0.0
100
AcDbText
 73
2
  0
TEXT
  5
6A1
330
4B8
100
AcDbEntity
 67
1
  8
E-SEMA-YAZI
100
AcDbText
 10
273.1
 20
217.6
 30
0.0
 40
2.2
  1
-F6
  7
GYM
 72
2
 11
273.1
 21
217.6
 31
0.0
100
AcDbText
 73
2
  0
TEXT
  5
6A2
330
4B8
100
AcDbEntity
 67
1
  8
E-SEMA-YAZI
100
AcDbText
 10
273.1
 20
215.0
 30
0.0
 40
1.5
  1
16 A
  7
GYM
 72
2
 11
273.1
 21
215.0
 31
0.0
100
AcDbText
 73
2
  0
TEXT
  5
6A3
330
4B8
100
AcDbEntity
 67
1
  8
E-SEMA-YAZI
100
AcDbText
 10
273.1
 20
213.0
 30
0.0
 40
1.5
  1
1P C
  7
GYM
 72
2
 11
273.1
 21
213.0
 31
0.0
100
AcDbText
 73
2
  0
TEXT
  5
6A4
330
4B8
100
AcDbEntity
 67
1
  8
E-SEMA-YAZI
100
AcDbText
 10
273.1
 20
211.0
 30
0.0
 40
1.5
  1
6kA
  7
GYM
 72
2
 11
273.1
 21
211.0
 31
0.0
100
AcDbText
 73
2
  0
LINE
  5
6A5
330
4B8
100
AcDbEntity
 67
1
  8
E-SEMA-TEL
370
25
100
AcDbLine
 10
276.5
 20
206.0
 30
0.0
 11
276.5
 21
140.8
 31
0.0
  0
TEXT
  5
6A6
330
4B8
100
AcDbEntity
 67
1
  8
E-SEMA-YAZI
100
AcDbText
 10
275.1
 20
178.0
 30
0.0
 40
1.5
  1
16
 50
90.0
  7
GYM
 72
1
 11
275.1
 21
178.0
 31
0.0
100
AcDbText
 73
2
  0
HATCH
  5
6A7
330
4B8
100
AcDbEntity
 67
1
  8
E-SEMA-SEMBOL
 62
7
100
AcDbHatch
 10
0.0
 20
0.0
 30
0.0
210
0.0
220
0.0
230
1.0
  2
SOLID
 70
1
 71
0
 91
1
 92
1
 93
1
 72
2
 10
284.5
 20
150.0
 40
0.55
 50
0.0
 51
360.0
 73
1
 97
0
 75
0
 76
1
 98
0
  0
LINE
  5
6A8
330
4B8
100
AcDbEntity
 67
1
  8
E-SEMA-PE
  6
DASHDOT
370
25
100
AcDbLine
 10
284.5
 20
150.0
 30
0.0
 11
284.5
 21
140.8
 31
0.0
  0
CIRCLE
  5
6A9
330
4B8
100
AcDbEntity
 67
1
  8
E-SEMA-KLEMENS
370
25
100
AcDbCircle
 10
276.5
 20
140.0
 30
0.0
 40
0.8
  0
TEXT
  5
6AA
330
4B8
100
AcDbEntity
 67
1
  8
E-SEMA-YAZI
100
AcDbText
 10
274.9
 20
142.2
 30
0.0
 40
1.5
  1
6
  7
GYM
 72
2
 11
274.9
 21
142.2
 31
0.0
100
AcDbText
 73
2
  0
CIRCLE
  5
6AB
330
4B8
100
AcDbEntity
 67
1
  8
E-SEMA-KLEMENS
370
25
100
AcDbCircle
 10
280.5
 20
140.0
 30
0.0
 40
0.8
  0
TEXT
  5
6AC
330
4B8
100
AcDbEntity
 67
1
  8
E-SEMA-YAZI
100
AcDbText
 10
282.1
 20
142.2
 30
0.0
 40
1.5
  1
N2
  7
GYM
 11
282.1
 21
142.2
 31
0.0
100
AcDbText
 73
2
  0
CIRCLE
  5
6AD
330
4B8
100
AcDbEntity
 67
1
  8
E-SEMA-KLEMENS
370
25
100
AcDbCircle
 10
284.5
 20
140.0
 30
0.0
 40
0.8
  0
TEXT
  5
6AE
330
4B8
100
AcDbEntity
 67
1
  8
E-SEMA-YAZI
100
AcDbText
 10
286.1
 20
142.2
 30
0.0
 40
1.5
  1
PE
  7
GYM
 11
286.1
 21
142.2
 31
0.0
100
AcDbText
 73
2
  0
LINE
  5
6AF
330
4B8
100
AcDbEntity
 67
1
  8
E-SEMA-TEL
370
25
100
AcDbLine
 10
276.5
 20
139.2
 30
0.0
 11
276.5
 21
124.0
 31
0.0
  0
LINE
  5
6B0
330
4B8
100
AcDbEntity
 67
1
  8
E-SEMA-TEL
370
25
100
AcDbLine
 10
280.5
 20
139.2
 30
0.0
 11
280.5
 21
124.0
 31
0.0
  0
LINE
  5
6B1
330
4B8
100
AcDbEntity
 67
1
  8
E-SEMA-PE
  6
DASHDOT
370
25
100
AcDbLine
 10
284.5
 20
139.2
 30
0.0
 11
284.5
 21
124.0
 31
0.0
  0
TEXT
  5
6B2
330
4B8
100
AcDbEntity
 67
1
  8
E-SEMA-YAZI
100
AcDbText
 10
280.5
 20
131.0
 30
0.0
 40
1.5
  1
3×2,5 NHXMH
  7
GYM
 72
1
 11
280.5
 21
131.0
 31
0.0
100
AcDbText
 73
2
  0
LINE
  5
6B3
330
4B8
100
AcDbEntity
 67
1
  8
E-SEMA-YAZI
370
13
100
AcDbLine
 10
273.5
 20
132.6
 30
0.0
 11
287.5
 21
132.6
 31
0.0
  0
LWPOLYLINE
  5
6B4
330
4B8
100
AcDbEntity
 67
1
  8
E-SEMA-YUK
  6
DASHED
370
18
100
AcDbPolyline
 90
4
 70
1
 10
274.4
 20
110.0
 10
286.59999999999997
 20
110.0
 10
286.59999999999997
 20
124.0
 10
274.4
 20
124.0
  0
LWPOLYLINE
  5
6B5
330
4B8
100
AcDbEntity
 67
1
  8
E-SEMA-YUK
370
18
100
AcDbPolyline
 90
4
 70
1
 10
276.29999999999995
 20
111.4
 10
277.9
 20
111.4
 10
277.9
 20
122.6
 10
276.29999999999995
 20
122.6
  0
TEXT
  5
6B6
330
4B8
100
AcDbEntity
 67
1
  8
E-SEMA-YUK
100
AcDbText
 10
277.09999999999997
 20
123.5
 30
0.0
 40
1.5
  1
L
  7
GYM
 72
1
 11
277.09999999999997
 21
123.5
 31
0.0
100
AcDbText
 73
2
  0
LWPOLYLINE
  5
6B7
330
4B8
100
AcDbEntity
 67
1
  8
E-SEMA-YUK
370
18
100
AcDbPolyline
 90
4
 70
1
 10
279.69999999999993
 20
111.4
 10
281.29999999999995
 20
111.4
 10
281.29999999999995
 20
122.6
 10
279.69999999999993
 20
122.6
  0
TEXT
  5
6B8
330
4B8
100
AcDbEntity
 67
1
  8
E-SEMA-YUK
100
AcDbText
 10
280.49999999999994
 20
123.5
 30
0.0
 40
1.5
  1
N
  7
GYM
 72
1
 11
280.49999999999994
 21
123.5
 31
0.0
100
AcDbText
 73
2
  0
LWPOLYLINE
  5
6B9
330
4B8
100
AcDbEntity
 67
1
  8
E-SEMA-YUK
370
18
100
AcDbPolyline
 90
4
 70
1
 10
283.09999999999997
 20
111.4
 10
284.7
 20
111.4
 10
284.7
 20
122.6
 10
283.09999999999997
 20
122.6
  0
TEXT
  5
6BA
330
4B8
100
AcDbEntity
 67
1
  8
E-SEMA-YUK
100
AcDbText
 10
283.9
 20
123.5
 30
0.0
 40
1.5
  1
PE
  7
GYM
 72
1
 11
283.9
 21
123.5
 31
0.0
100
AcDbText
 73
2
  0
TEXT
  5
6BB
330
4B8
100
AcDbEntity
 67
1
  8
E-SEMA-YAZI
100
AcDbText
 10
280.5
 20
103.0
 30
0.0
 40
2.8
  1
P1
  7
GYM-B
 72
1
 11
280.5
 21
103.0
 31
0.0
100
AcDbText
 73
2
  0
TEXT
  5
6BC
330
4B8
100
AcDbEntity
 67
1
  8
E-SEMA-YAZI
100
AcDbText
 10
280.5
 20
97.0
 30
0.0
 40
1.8
  1
Priz · salon kuzey
  7
GYM
 72
1
 11
280.5
 21
97.0
 31
0.0
100
AcDbText
 73
2
  0
TEXT
  5
6BD
330
4B8
100
AcDbEntity
 67
1
  8
E-SEMA-YAZI
100
AcDbText
 10
280.5
 20
94.4
 30
0.0
 40
1.8
  1
(PR12–PR16, PR1)
  7
GYM
 72
1
 11
280.5
 21
94.4
 31
0.0
100
AcDbText
 73
2
  0
HATCH
  5
6BE
330
4B8
100
AcDbEntity
 67
1
  8
E-SEMA-SEMBOL
 62
7
100
AcDbHatch
 10
0.0
 20
0.0
 30
0.0
210
0.0
220
0.0
230
1.0
  2
SOLID
 70
1
 71
0
 91
1
 92
1
 93
1
 72
2
 10
324.0
 20
226.60000000000002
 40
0.55
 50
0.0
 51
360.0
 73
1
 97
0
 75
0
 76
1
 98
0
  0
LINE
  5
6BF
330
4B8
100
AcDbEntity
 67
1
  8
E-SEMA-TEL
370
25
100
AcDbLine
 10
324.0
 20
226.60000000000002
 30
0.0
 11
324.0
 21
218.0
 31
0.0
  0
HATCH
  5
6C0
330
4B8
100
AcDbEntity
 67
1
  8
E-SEMA-SEMBOL
 62
7
100
AcDbHatch
 10
0.0
 20
0.0
 30
0.0
210
0.0
220
0.0
230
1.0
  2
SOLID
 70
1
 71
0
 91
1
 92
1
 93
1
 72
2
 10
328.0
 20
224.0
 40
0.55
 50
0.0
 51
360.0
 73
1
 97
0
 75
0
 76
1
 98
0
  0
LINE
  5
6C1
330
4B8
100
AcDbEntity
 67
1
  8
E-SEMA-TEL
370
25
100
AcDbLine
 10
328.0
 20
224.0
 30
0.0
 11
328.0
 21
140.8
 31
0.0
  0
TEXT
  5
6C2
330
4B8
100
AcDbEntity
 67
1
  8
E-SEMA-YAZI
100
AcDbText
 10
329.4
 20
213.4
 30
0.0
 40
1.5
  1
N2
  7
GYM
 11
329.4
 21
213.4
 31
0.0
100
AcDbText
 73
2
  0
LINE
  5
6C3
330
4B8
100
AcDbEntity
 67
1
  8
E-SEMA-TEL
370
25
100
AcDbLine
 10
324.0
 20
218.0
 30
0.0
 11
324.0
 21
215.36
 31
0.0
  0
HATCH
  5
6C4
330
4B8
100
AcDbEntity
 67
1
  8
E-SEMA-SEMBOL
 62
7
100
AcDbHatch
 10
0.0
 20
0.0
 30
0.0
210
0.0
220
0.0
230
1.0
  2
SOLID
 70
1
 71
0
 91
1
 92
1
 93
1
 72
2
 10
324.0
 20
215.36
 40
0.35
 50
0.0
 51
360.0
 73
1
 97
0
 75
0
 76
1
 98
0
  0
LINE
  5
6C5
330
4B8
100
AcDbEntity
 67
1
  8
E-SEMA-SEMBOL
370
35
100
AcDbLine
 10
324.0
 20
215.36
 30
0.0
 11
327.6
 21
208.4
 31
0.0
  0
LINE
  5
6C6
330
4B8
100
AcDbEntity
 67
1
  8
E-SEMA-TEL
370
25
100
AcDbLine
 10
324.0
 20
207.92
 30
0.0
 11
324.0
 21
206.0
 31
0.0
  0
LWPOLYLINE
  5
6C7
330
4B8
100
AcDbEntity
 67
1
  8
E-SEMA-SEMBOL
370
25
100
AcDbPolyline
 90
4
 70
1
 10
324.9
 20
207.92
 10
326.3
 20
207.92
 10
326.3
 20
211.52
 10
324.9
 20
211.52
  0
TEXT
  5
6C8
330
4B8
100
AcDbEntity
 67
1
  8
E-SEMA-YAZI
100
AcDbText
 10
322.8
 20
217.4
 30
0.0
 40
1.5
  1
1
  7
GYM
 72
2
 11
322.8
 21
217.4
 31
0.0
100
AcDbText
 73
2
  0
TEXT
  5
6C9
330
4B8
100
AcDbEntity
 67
1
  8
E-SEMA-YAZI
100
AcDbText
 10
327.1
 20
208.0
 30
0.0
 40
1.5
  1
2
  7
GYM
 11
327.1
 21
208.0
 31
0.0
100
AcDbText
 73
2
  0
TEXT
  5
6CA
330
4B8
100
AcDbEntity
 67
1
  8
E-SEMA-YAZI
100
AcDbText
 10
320.6
 20
217.6
 30
0.0
 40
2.2
  1
-F7
  7
GYM
 72
2
 11
320.6
 21
217.6
 31
0.0
100
AcDbText
 73
2
  0
TEXT
  5
6CB
330
4B8
100
AcDbEntity
 67
1
  8
E-SEMA-YAZI
100
AcDbText
 10
320.6
 20
215.0
 30
0.0
 40
1.5
  1
16 A
  7
GYM
 72
2
 11
320.6
 21
215.0
 31
0.0
100
AcDbText
 73
2
  0
TEXT
  5
6CC
330
4B8
100
AcDbEntity
 67
1
  8
E-SEMA-YAZI
100
AcDbText
 10
320.6
 20
213.0
 30
0.0
 40
1.5
  1
1P C
  7
GYM
 72
2
 11
320.6
 21
213.0
 31
0.0
100
AcDbText
 73
2
  0
TEXT
  5
6CD
330
4B8
100
AcDbEntity
 67
1
  8
E-SEMA-YAZI
100
AcDbText
 10
320.6
 20
211.0
 30
0.0
 40
1.5
  1
6kA
  7
GYM
 72
2
 11
320.6
 21
211.0
 31
0.0
100
AcDbText
 73
2
  0
LINE
  5
6CE
330
4B8
100
AcDbEntity
 67
1
  8
E-SEMA-TEL
370
25
100
AcDbLine
 10
324.0
 20
206.0
 30
0.0
 11
324.0
 21
140.8
 31
0.0
  0
TEXT
  5
6CF
330
4B8
100
AcDbEntity
 67
1
  8
E-SEMA-YAZI
100
AcDbText
 10
322.6
 20
178.0
 30
0.0
 40
1.5
  1
17
 50
90.0
  7
GYM
 72
1
 11
322.6
 21
178.0
 31
0.0
100
AcDbText
 73
2
  0
HATCH
  5
6D0
330
4B8
100
AcDbEntity
 67
1
  8
E-SEMA-SEMBOL
 62
7
100
AcDbHatch
 10
0.0
 20
0.0
 30
0.0
210
0.0
220
0.0
230
1.0
  2
SOLID
 70
1
 71
0
 91
1
 92
1
 93
1
 72
2
 10
332.0
 20
150.0
 40
0.55
 50
0.0
 51
360.0
 73
1
 97
0
 75
0
 76
1
 98
0
  0
LINE
  5
6D1
330
4B8
100
AcDbEntity
 67
1
  8
E-SEMA-PE
  6
DASHDOT
370
25
100
AcDbLine
 10
332.0
 20
150.0
 30
0.0
 11
332.0
 21
140.8
 31
0.0
  0
CIRCLE
  5
6D2
330
4B8
100
AcDbEntity
 67
1
  8
E-SEMA-KLEMENS
370
25
100
AcDbCircle
 10
324.0
 20
140.0
 30
0.0
 40
0.8
  0
TEXT
  5
6D3
330
4B8
100
AcDbEntity
 67
1
  8
E-SEMA-YAZI
100
AcDbText
 10
322.4
 20
142.2
 30
0.0
 40
1.5
  1
7
  7
GYM
 72
2
 11
322.4
 21
142.2
 31
0.0
100
AcDbText
 73
2
  0
CIRCLE
  5
6D4
330
4B8
100
AcDbEntity
 67
1
  8
E-SEMA-KLEMENS
370
25
100
AcDbCircle
 10
328.0
 20
140.0
 30
0.0
 40
0.8
  0
TEXT
  5
6D5
330
4B8
100
AcDbEntity
 67
1
  8
E-SEMA-YAZI
100
AcDbText
 10
329.6
 20
142.2
 30
0.0
 40
1.5
  1
N2
  7
GYM
 11
329.6
 21
142.2
 31
0.0
100
AcDbText
 73
2
  0
CIRCLE
  5
6D6
330
4B8
100
AcDbEntity
 67
1
  8
E-SEMA-KLEMENS
370
25
100
AcDbCircle
 10
332.0
 20
140.0
 30
0.0
 40
0.8
  0
TEXT
  5
6D7
330
4B8
100
AcDbEntity
 67
1
  8
E-SEMA-YAZI
100
AcDbText
 10
333.6
 20
142.2
 30
0.0
 40
1.5
  1
PE
  7
GYM
 11
333.6
 21
142.2
 31
0.0
100
AcDbText
 73
2
  0
LINE
  5
6D8
330
4B8
100
AcDbEntity
 67
1
  8
E-SEMA-TEL
370
25
100
AcDbLine
 10
324.0
 20
139.2
 30
0.0
 11
324.0
 21
124.0
 31
0.0
  0
LINE
  5
6D9
330
4B8
100
AcDbEntity
 67
1
  8
E-SEMA-TEL
370
25
100
AcDbLine
 10
328.0
 20
139.2
 30
0.0
 11
328.0
 21
124.0
 31
0.0
  0
LINE
  5
6DA
330
4B8
100
AcDbEntity
 67
1
  8
E-SEMA-PE
  6
DASHDOT
370
25
100
AcDbLine
 10
332.0
 20
139.2
 30
0.0
 11
332.0
 21
124.0
 31
0.0
  0
TEXT
  5
6DB
330
4B8
100
AcDbEntity
 67
1
  8
E-SEMA-YAZI
100
AcDbText
 10
328.0
 20
131.0
 30
0.0
 40
1.5
  1
3×2,5 NHXMH
  7
GYM
 72
1
 11
328.0
 21
131.0
 31
0.0
100
AcDbText
 73
2
  0
LINE
  5
6DC
330
4B8
100
AcDbEntity
 67
1
  8
E-SEMA-YAZI
370
13
100
AcDbLine
 10
321.0
 20
132.6
 30
0.0
 11
335.0
 21
132.6
 31
0.0
  0
LWPOLYLINE
  5
6DD
330
4B8
100
AcDbEntity
 67
1
  8
E-SEMA-YUK
  6
DASHED
370
18
100
AcDbPolyline
 90
4
 70
1
 10
321.9
 20
110.0
 10
334.09999999999997
 20
110.0
 10
334.09999999999997
 20
124.0
 10
321.9
 20
124.0
  0
LWPOLYLINE
  5
6DE
330
4B8
100
AcDbEntity
 67
1
  8
E-SEMA-YUK
370
18
100
AcDbPolyline
 90
4
 70
1
 10
323.79999999999995
 20
111.4
 10
325.4
 20
111.4
 10
325.4
 20
122.6
 10
323.79999999999995
 20
122.6
  0
TEXT
  5
6DF
330
4B8
100
AcDbEntity
 67
1
  8
E-SEMA-YUK
100
AcDbText
 10
324.59999999999997
 20
123.5
 30
0.0
 40
1.5
  1
L
  7
GYM
 72
1
 11
324.59999999999997
 21
123.5
 31
0.0
100
AcDbText
 73
2
  0
LWPOLYLINE
  5
6E0
330
4B8
100
AcDbEntity
 67
1
  8
E-SEMA-YUK
370
18
100
AcDbPolyline
 90
4
 70
1
 10
327.19999999999993
 20
111.4
 10
328.79999999999995
 20
111.4
 10
328.79999999999995
 20
122.6
 10
327.19999999999993
 20
122.6
  0
TEXT
  5
6E1
330
4B8
100
AcDbEntity
 67
1
  8
E-SEMA-YUK
100
AcDbText
 10
327.99999999999994
 20
123.5
 30
0.0
 40
1.5
  1
N
  7
GYM
 72
1
 11
327.99999999999994
 21
123.5
 31
0.0
100
AcDbText
 73
2
  0
LWPOLYLINE
  5
6E2
330
4B8
100
AcDbEntity
 67
1
  8
E-SEMA-YUK
370
18
100
AcDbPolyline
 90
4
 70
1
 10
330.59999999999997
 20
111.4
 10
332.2
 20
111.4
 10
332.2
 20
122.6
 10
330.59999999999997
 20
122.6
  0
TEXT
  5
6E3
330
4B8
100
AcDbEntity
 67
1
  8
E-SEMA-YUK
100
AcDbText
 10
331.4
 20
123.5
 30
0.0
 40
1.5
  1
PE
  7
GYM
 72
1
 11
331.4
 21
123.5
 31
0.0
100
AcDbText
 73
2
  0
TEXT
  5
6E4
330
4B8
100
AcDbEntity
 67
1
  8
E-SEMA-YAZI
100
AcDbText
 10
328.0
 20
103.0
 30
0.0
 40
2.8
  1
P2
  7
GYM-B
 72
1
 11
328.0
 21
103.0
 31
0.0
100
AcDbText
 73
2
  0
TEXT
  5
6E5
330
4B8
100
AcDbEntity
 67
1
  8
E-SEMA-YAZI
100
AcDbText
 10
328.0
 20
97.0
 30
0.0
 40
1.8
  1
Priz · salon güney
  7
GYM
 72
1
 11
328.0
 21
97.0
 31
0.0
100
AcDbText
 73
2
  0
TEXT
  5
6E6
330
4B8
100
AcDbEntity
 67
1
  8
E-SEMA-YAZI
100
AcDbText
 10
328.0
 20
94.4
 30
0.0
 40
1.8
  1
(PR5–PR9)
  7
GYM
 72
1
 11
328.0
 21
94.4
 31
0.0
100
AcDbText
 73
2
  0
HATCH
  5
6E7
330
4B8
100
AcDbEntity
 67
1
  8
E-SEMA-SEMBOL
 62
7
100
AcDbHatch
 10
0.0
 20
0.0
 30
0.0
210
0.0
220
0.0
230
1.0
  2
SOLID
 70
1
 71
0
 91
1
 92
1
 93
1
 72
2
 10
371.5
 20
229.20000000000002
 40
0.55
 50
0.0
 51
360.0
 73
1
 97
0
 75
0
 76
1
 98
0
  0
LINE
  5
6E8
330
4B8
100
AcDbEntity
 67
1
  8
E-SEMA-TEL
370
25
100
AcDbLine
 10
371.5
 20
229.20000000000002
 30
0.0
 11
371.5
 21
218.0
 31
0.0
  0
HATCH
  5
6E9
330
4B8
100
AcDbEntity
 67
1
  8
E-SEMA-SEMBOL
 62
7
100
AcDbHatch
 10
0.0
 20
0.0
 30
0.0
210
0.0
220
0.0
230
1.0
  2
SOLID
 70
1
 71
0
 91
1
 92
1
 93
1
 72
2
 10
375.5
 20
224.0
 40
0.55
 50
0.0
 51
360.0
 73
1
 97
0
 75
0
 76
1
 98
0
  0
LINE
  5
6EA
330
4B8
100
AcDbEntity
 67
1
  8
E-SEMA-TEL
370
25
100
AcDbLine
 10
375.5
 20
224.0
 30
0.0
 11
375.5
 21
140.8
 31
0.0
  0
TEXT
  5
6EB
330
4B8
100
AcDbEntity
 67
1
  8
E-SEMA-YAZI
100
AcDbText
 10
376.9
 20
213.4
 30
0.0
 40
1.5
  1
N2
  7
GYM
 11
376.9
 21
213.4
 31
0.0
100
AcDbText
 73
2
  0
LINE
  5
6EC
330
4B8
100
AcDbEntity
 67
1
  8
E-SEMA-TEL
370
25
100
AcDbLine
 10
371.5
 20
218.0
 30
0.0
 11
371.5
 21
215.36
 31
0.0
  0
HATCH
  5
6ED
330
4B8
100
AcDbEntity
 67
1
  8
E-SEMA-SEMBOL
 62
7
100
AcDbHatch
 10
0.0
 20
0.0
 30
0.0
210
0.0
220
0.0
230
1.0
  2
SOLID
 70
1
 71
0
 91
1
 92
1
 93
1
 72
2
 10
371.5
 20
215.36
 40
0.35
 50
0.0
 51
360.0
 73
1
 97
0
 75
0
 76
1
 98
0
  0
LINE
  5
6EE
330
4B8
100
AcDbEntity
 67
1
  8
E-SEMA-SEMBOL
370
35
100
AcDbLine
 10
371.5
 20
215.36
 30
0.0
 11
375.1
 21
208.4
 31
0.0
  0
LINE
  5
6EF
330
4B8
100
AcDbEntity
 67
1
  8
E-SEMA-TEL
370
25
100
AcDbLine
 10
371.5
 20
207.92
 30
0.0
 11
371.5
 21
206.0
 31
0.0
  0
LWPOLYLINE
  5
6F0
330
4B8
100
AcDbEntity
 67
1
  8
E-SEMA-SEMBOL
370
25
100
AcDbPolyline
 90
4
 70
1
 10
372.4
 20
207.92
 10
373.8
 20
207.92
 10
373.8
 20
211.52
 10
372.4
 20
211.52
  0
TEXT
  5
6F1
330
4B8
100
AcDbEntity
 67
1
  8
E-SEMA-YAZI
100
AcDbText
 10
370.3
 20
217.4
 30
0.0
 40
1.5
  1
1
  7
GYM
 72
2
 11
370.3
 21
217.4
 31
0.0
100
AcDbText
 73
2
  0
TEXT
  5
6F2
330
4B8
100
AcDbEntity
 67
1
  8
E-SEMA-YAZI
100
AcDbText
 10
374.6
 20
208.0
 30
0.0
 40
1.5
  1
2
  7
GYM
 11
374.6
 21
208.0
 31
0.0
100
AcDbText
 73
2
  0
TEXT
  5
6F3
330
4B8
100
AcDbEntity
 67
1
  8
E-SEMA-YAZI
100
AcDbText
 10
368.1
 20
217.6
 30
0.0
 40
2.2
  1
-F8
  7
GYM
 72
2
 11
368.1
 21
217.6
 31
0.0
100
AcDbText
 73
2
  0
TEXT
  5
6F4
330
4B8
100
AcDbEntity
 67
1
  8
E-SEMA-YAZI
100
AcDbText
 10
368.1
 20
215.0
 30
0.0
 40
1.5
  1
16 A
  7
GYM
 72
2
 11
368.1
 21
215.0
 31
0.0
100
AcDbText
 73
2
  0
TEXT
  5
6F5
330
4B8
100
AcDbEntity
 67
1
  8
E-SEMA-YAZI
100
AcDbText
 10
368.1
 20
213.0
 30
0.0
 40
1.5
  1
1P C
  7
GYM
 72
2
 11
368.1
 21
213.0
 31
0.0
100
AcDbText
 73
2
  0
TEXT
  5
6F6
330
4B8
100
AcDbEntity
 67
1
  8
E-SEMA-YAZI
100
AcDbText
 10
368.1
 20
211.0
 30
0.0
 40
1.5
  1
6kA
  7
GYM
 72
2
 11
368.1
 21
211.0
 31
0.0
100
AcDbText
 73
2
  0
LINE
  5
6F7
330
4B8
100
AcDbEntity
 67
1
  8
E-SEMA-TEL
370
25
100
AcDbLine
 10
371.5
 20
206.0
 30
0.0
 11
371.5
 21
140.8
 31
0.0
  0
TEXT
  5
6F8
330
4B8
100
AcDbEntity
 67
1
  8
E-SEMA-YAZI
100
AcDbText
 10
370.1
 20
178.0
 30
0.0
 40
1.5
  1
18
 50
90.0
  7
GYM
 72
1
 11
370.1
 21
178.0
 31
0.0
100
AcDbText
 73
2
  0
HATCH
  5
6F9
330
4B8
100
AcDbEntity
 67
1
  8
E-SEMA-SEMBOL
 62
7
100
AcDbHatch
 10
0.0
 20
0.0
 30
0.0
210
0.0
220
0.0
230
1.0
  2
SOLID
 70
1
 71
0
 91
1
 92
1
 93
1
 72
2
 10
379.5
 20
150.0
 40
0.55
 50
0.0
 51
360.0
 73
1
 97
0
 75
0
 76
1
 98
0
  0
LINE
  5
6FA
330
4B8
100
AcDbEntity
 67
1
  8
E-SEMA-PE
  6
DASHDOT
370
25
100
AcDbLine
 10
379.5
 20
150.0
 30
0.0
 11
379.5
 21
140.8
 31
0.0
  0
CIRCLE
  5
6FB
330
4B8
100
AcDbEntity
 67
1
  8
E-SEMA-KLEMENS
370
25
100
AcDbCircle
 10
371.5
 20
140.0
 30
0.0
 40
0.8
  0
TEXT
  5
6FC
330
4B8
100
AcDbEntity
 67
1
  8
E-SEMA-YAZI
100
AcDbText
 10
369.9
 20
142.2
 30
0.0
 40
1.5
  1
8
  7
GYM
 72
2
 11
369.9
 21
142.2
 31
0.0
100
AcDbText
 73
2
  0
CIRCLE
  5
6FD
330
4B8
100
AcDbEntity
 67
1
  8
E-SEMA-KLEMENS
370
25
100
AcDbCircle
 10
375.5
 20
140.0
 30
0.0
 40
0.8
  0
TEXT
  5
6FE
330
4B8
100
AcDbEntity
 67
1
  8
E-SEMA-YAZI
100
AcDbText
 10
377.1
 20
142.2
 30
0.0
 40
1.5
  1
N2
  7
GYM
 11
377.1
 21
142.2
 31
0.0
100
AcDbText
 73
2
  0
CIRCLE
  5
6FF
330
4B8
100
AcDbEntity
 67
1
  8
E-SEMA-KLEMENS
370
25
100
AcDbCircle
 10
379.5
 20
140.0
 30
0.0
 40
0.8
  0
TEXT
  5
700
330
4B8
100
AcDbEntity
 67
1
  8
E-SEMA-YAZI
100
AcDbText
 10
381.1
 20
142.2
 30
0.0
 40
1.5
  1
PE
  7
GYM
 11
381.1
 21
142.2
 31
0.0
100
AcDbText
 73
2
  0
LINE
  5
701
330
4B8
100
AcDbEntity
 67
1
  8
E-SEMA-TEL
370
25
100
AcDbLine
 10
371.5
 20
139.2
 30
0.0
 11
371.5
 21
124.0
 31
0.0
  0
LINE
  5
702
330
4B8
100
AcDbEntity
 67
1
  8
E-SEMA-TEL
370
25
100
AcDbLine
 10
375.5
 20
139.2
 30
0.0
 11
375.5
 21
124.0
 31
0.0
  0
LINE
  5
703
330
4B8
100
AcDbEntity
 67
1
  8
E-SEMA-PE
  6
DASHDOT
370
25
100
AcDbLine
 10
379.5
 20
139.2
 30
0.0
 11
379.5
 21
124.0
 31
0.0
  0
TEXT
  5
704
330
4B8
100
AcDbEntity
 67
1
  8
E-SEMA-YAZI
100
AcDbText
 10
375.5
 20
131.0
 30
0.0
 40
1.5
  1
3×2,5 NHXMH
  7
GYM
 72
1
 11
375.5
 21
131.0
 31
0.0
100
AcDbText
 73
2
  0
LINE
  5
705
330
4B8
100
AcDbEntity
 67
1
  8
E-SEMA-YAZI
370
13
100
AcDbLine
 10
368.5
 20
132.6
 30
0.0
 11
382.5
 21
132.6
 31
0.0
  0
LWPOLYLINE
  5
706
330
4B8
100
AcDbEntity
 67
1
  8
E-SEMA-YUK
  6
DASHED
370
18
100
AcDbPolyline
 90
4
 70
1
 10
369.4
 20
110.0
 10
381.59999999999997
 20
110.0
 10
381.59999999999997
 20
124.0
 10
369.4
 20
124.0
  0
LWPOLYLINE
  5
707
330
4B8
100
AcDbEntity
 67
1
  8
E-SEMA-YUK
370
18
100
AcDbPolyline
 90
4
 70
1
 10
371.29999999999995
 20
111.4
 10
372.9
 20
111.4
 10
372.9
 20
122.6
 10
371.29999999999995
 20
122.6
  0
TEXT
  5
708
330
4B8
100
AcDbEntity
 67
1
  8
E-SEMA-YUK
100
AcDbText
 10
372.09999999999997
 20
123.5
 30
0.0
 40
1.5
  1
L
  7
GYM
 72
1
 11
372.09999999999997
 21
123.5
 31
0.0
100
AcDbText
 73
2
  0
LWPOLYLINE
  5
709
330
4B8
100
AcDbEntity
 67
1
  8
E-SEMA-YUK
370
18
100
AcDbPolyline
 90
4
 70
1
 10
374.69999999999993
 20
111.4
 10
376.29999999999995
 20
111.4
 10
376.29999999999995
 20
122.6
 10
374.69999999999993
 20
122.6
  0
TEXT
  5
70A
330
4B8
100
AcDbEntity
 67
1
  8
E-SEMA-YUK
100
AcDbText
 10
375.49999999999994
 20
123.5
 30
0.0
 40
1.5
  1
N
  7
GYM
 72
1
 11
375.49999999999994
 21
123.5
 31
0.0
100
AcDbText
 73
2
  0
LWPOLYLINE
  5
70B
330
4B8
100
AcDbEntity
 67
1
  8
E-SEMA-YUK
370
18
100
AcDbPolyline
 90
4
 70
1
 10
378.09999999999997
 20
111.4
 10
379.7
 20
111.4
 10
379.7
 20
122.6
 10
378.09999999999997
 20
122.6
  0
TEXT
  5
70C
330
4B8
100
AcDbEntity
 67
1
  8
E-SEMA-YUK
100
AcDbText
 10
378.9
 20
123.5
 30
0.0
 40
1.5
  1
PE
  7
GYM
 72
1
 11
378.9
 21
123.5
 31
0.0
100
AcDbText
 73
2
  0
TEXT
  5
70D
330
4B8
100
AcDbEntity
 67
1
  8
E-SEMA-YAZI
100
AcDbText
 10
375.5
 20
103.0
 30
0.0
 40
2.8
  1
P3
  7
GYM-B
 72
1
 11
375.5
 21
103.0
 31
0.0
100
AcDbText
 73
2
  0
TEXT
  5
70E
330
4B8
100
AcDbEntity
 67
1
  8
E-SEMA-YAZI
100
AcDbText
 10
375.5
 20
97.0
 30
0.0
 40
1.8
  1
Priz · banko, POS,
  7
GYM
 72
1
 11
375.5
 21
97.0
 31
0.0
100
AcDbText
 73
2
  0
TEXT
  5
70F
330
4B8
100
AcDbEntity
 67
1
  8
E-SEMA-YAZI
100
AcDbText
 10
375.5
 20
94.4
 30
0.0
 40
1.8
  1
veri
  7
GYM
 72
1
 11
375.5
 21
94.4
 31
0.0
100
AcDbText
 73
2
  0
TEXT
  5
710
330
4B8
100
AcDbEntity
 67
1
  8
E-SEMA-YAZI
100
AcDbText
 10
26.0
 20
140.0
 30
0.0
 40
2.2
  1
-X1
  7
GYM-B
 11
26.0
 21
140.0
 31
0.0
100
AcDbText
 73
2
  0
ENDBLK
  5
4BA
330
4B8
100
AcDbEntity
  8
0
100
AcDbBlockEnd
  0
BLOCK
  5
712
330
711
100
AcDbEntity
  8
0
100
AcDbBlockBegin
  2
*Paper_Space5
 70
0
 10
0.0
 20
0.0
 30
0.0
  3
*Paper_Space5
  1

  0
VIEWPORT
  5
715
330
711
100
AcDbEntity
 67
1
  8
VIEWPORTS
100
AcDbViewport
 10
210.0
 20
148.5
 30
0.0
 40
462.00000000000006
 41
326.70000000000005
 68
1
 69
1
 12
210.0
 22
148.5
 13
0.0
 23
0.0
 14
10.0
 24
10.0
 15
10.0
 25
10.0
 16
0.0
 26
0.0
 36
1.0
 17
0.0
 27
0.0
 37
0.0
 42
50.0
 43
0.0
 44
0.0
 45
326.70000000000005
 50
0.0
 51
0.0
 72
100
 90
557088
  1

281
0
 71
0
 74
0
110
0.0
120
0.0
130
0.0
111
1.0
121
0.0
131
0.0
112
0.0
122
1.0
132
0.0
 79
0
146
0.0
282
0
  0
LWPOLYLINE
  5
716
330
711
100
AcDbEntity
 67
1
  8
E-SEMA-ANTET
370
70
100
AcDbPolyline
 90
4
 70
1
 10
20.0
 20
10.0
 10
410.0
 20
10.0
 10
410.0
 20
287.0
 10
20.0
 20
287.0
  0
LWPOLYLINE
  5
717
330
711
100
AcDbEntity
 67
1
  8
E-SEMA-ZON
370
18
100
AcDbPolyline
 90
4
 70
1
 10
25.0
 20
32.0
 10
405.0
 20
32.0
 10
405.0
 20
282.0
 10
25.0
 20
282.0
  0
TEXT
  5
718
330
711
100
AcDbEntity
 67
1
  8
E-SEMA-ZON
100
AcDbText
 10
48.75
 20
284.5
 30
0.0
 40
2.2
  1
0
  7
GYM
 72
1
 11
48.75
 21
284.5
 31
0.0
100
AcDbText
 73
2
  0
LINE
  5
719
330
711
100
AcDbEntity
 67
1
  8
E-SEMA-ZON
370
18
100
AcDbLine
 10
72.5
 20
282.0
 30
0.0
 11
72.5
 21
287.0
 31
0.0
  0
LINE
  5
71A
330
711
100
AcDbEntity
 67
1
  8
E-SEMA-ZON
370
18
100
AcDbLine
 10
72.5
 20
32.0
 30
0.0
 11
72.5
 21
32.0
 31
0.0
  0
TEXT
  5
71B
330
711
100
AcDbEntity
 67
1
  8
E-SEMA-ZON
100
AcDbText
 10
96.25
 20
284.5
 30
0.0
 40
2.2
  1
1
  7
GYM
 72
1
 11
96.25
 21
284.5
 31
0.0
100
AcDbText
 73
2
  0
LINE
  5
71C
330
711
100
AcDbEntity
 67
1
  8
E-SEMA-ZON
370
18
100
AcDbLine
 10
120.0
 20
282.0
 30
0.0
 11
120.0
 21
287.0
 31
0.0
  0
LINE
  5
71D
330
711
100
AcDbEntity
 67
1
  8
E-SEMA-ZON
370
18
100
AcDbLine
 10
120.0
 20
32.0
 30
0.0
 11
120.0
 21
32.0
 31
0.0
  0
TEXT
  5
71E
330
711
100
AcDbEntity
 67
1
  8
E-SEMA-ZON
100
AcDbText
 10
143.75
 20
284.5
 30
0.0
 40
2.2
  1
2
  7
GYM
 72
1
 11
143.75
 21
284.5
 31
0.0
100
AcDbText
 73
2
  0
LINE
  5
71F
330
711
100
AcDbEntity
 67
1
  8
E-SEMA-ZON
370
18
100
AcDbLine
 10
167.5
 20
282.0
 30
0.0
 11
167.5
 21
287.0
 31
0.0
  0
LINE
  5
720
330
711
100
AcDbEntity
 67
1
  8
E-SEMA-ZON
370
18
100
AcDbLine
 10
167.5
 20
32.0
 30
0.0
 11
167.5
 21
32.0
 31
0.0
  0
TEXT
  5
721
330
711
100
AcDbEntity
 67
1
  8
E-SEMA-ZON
100
AcDbText
 10
191.25
 20
284.5
 30
0.0
 40
2.2
  1
3
  7
GYM
 72
1
 11
191.25
 21
284.5
 31
0.0
100
AcDbText
 73
2
  0
LINE
  5
722
330
711
100
AcDbEntity
 67
1
  8
E-SEMA-ZON
370
18
100
AcDbLine
 10
215.0
 20
282.0
 30
0.0
 11
215.0
 21
287.0
 31
0.0
  0
LINE
  5
723
330
711
100
AcDbEntity
 67
1
  8
E-SEMA-ZON
370
18
100
AcDbLine
 10
215.0
 20
32.0
 30
0.0
 11
215.0
 21
32.0
 31
0.0
  0
TEXT
  5
724
330
711
100
AcDbEntity
 67
1
  8
E-SEMA-ZON
100
AcDbText
 10
238.75
 20
284.5
 30
0.0
 40
2.2
  1
4
  7
GYM
 72
1
 11
238.75
 21
284.5
 31
0.0
100
AcDbText
 73
2
  0
LINE
  5
725
330
711
100
AcDbEntity
 67
1
  8
E-SEMA-ZON
370
18
100
AcDbLine
 10
262.5
 20
282.0
 30
0.0
 11
262.5
 21
287.0
 31
0.0
  0
LINE
  5
726
330
711
100
AcDbEntity
 67
1
  8
E-SEMA-ZON
370
18
100
AcDbLine
 10
262.5
 20
32.0
 30
0.0
 11
262.5
 21
32.0
 31
0.0
  0
TEXT
  5
727
330
711
100
AcDbEntity
 67
1
  8
E-SEMA-ZON
100
AcDbText
 10
286.25
 20
284.5
 30
0.0
 40
2.2
  1
5
  7
GYM
 72
1
 11
286.25
 21
284.5
 31
0.0
100
AcDbText
 73
2
  0
LINE
  5
728
330
711
100
AcDbEntity
 67
1
  8
E-SEMA-ZON
370
18
100
AcDbLine
 10
310.0
 20
282.0
 30
0.0
 11
310.0
 21
287.0
 31
0.0
  0
LINE
  5
729
330
711
100
AcDbEntity
 67
1
  8
E-SEMA-ZON
370
18
100
AcDbLine
 10
310.0
 20
32.0
 30
0.0
 11
310.0
 21
32.0
 31
0.0
  0
TEXT
  5
72A
330
711
100
AcDbEntity
 67
1
  8
E-SEMA-ZON
100
AcDbText
 10
333.75
 20
284.5
 30
0.0
 40
2.2
  1
6
  7
GYM
 72
1
 11
333.75
 21
284.5
 31
0.0
100
AcDbText
 73
2
  0
LINE
  5
72B
330
711
100
AcDbEntity
 67
1
  8
E-SEMA-ZON
370
18
100
AcDbLine
 10
357.5
 20
282.0
 30
0.0
 11
357.5
 21
287.0
 31
0.0
  0
LINE
  5
72C
330
711
100
AcDbEntity
 67
1
  8
E-SEMA-ZON
370
18
100
AcDbLine
 10
357.5
 20
32.0
 30
0.0
 11
357.5
 21
32.0
 31
0.0
  0
TEXT
  5
72D
330
711
100
AcDbEntity
 67
1
  8
E-SEMA-ZON
100
AcDbText
 10
381.25
 20
284.5
 30
0.0
 40
2.2
  1
7
  7
GYM
 72
1
 11
381.25
 21
284.5
 31
0.0
100
AcDbText
 73
2
  0
TEXT
  5
72E
330
711
100
AcDbEntity
 67
1
  8
E-SEMA-ZON
100
AcDbText
 10
22.5
 20
261.1666666666667
 30
0.0
 40
2.2
  1
A
  7
GYM
 72
1
 11
22.5
 21
261.1666666666667
 31
0.0
100
AcDbText
 73
2
  0
TEXT
  5
72F
330
711
100
AcDbEntity
 67
1
  8
E-SEMA-ZON
100
AcDbText
 10
407.5
 20
261.1666666666667
 30
0.0
 40
2.2
  1
A
  7
GYM
 72
1
 11
407.5
 21
261.1666666666667
 31
0.0
100
AcDbText
 73
2
  0
LINE
  5
730
330
711
100
AcDbEntity
 67
1
  8
E-SEMA-ZON
370
18
100
AcDbLine
 10
20.0
 20
240.33333333333334
 30
0.0
 11
25.0
 21
240.33333333333334
 31
0.0
  0
LINE
  5
731
330
711
100
AcDbEntity
 67
1
  8
E-SEMA-ZON
370
18
100
AcDbLine
 10
405.0
 20
240.33333333333334
 30
0.0
 11
410.0
 21
240.33333333333334
 31
0.0
  0
TEXT
  5
732
330
711
100
AcDbEntity
 67
1
  8
E-SEMA-ZON
100
AcDbText
 10
22.5
 20
219.50000000000003
 30
0.0
 40
2.2
  1
B
  7
GYM
 72
1
 11
22.5
 21
219.50000000000003
 31
0.0
100
AcDbText
 73
2
  0
TEXT
  5
733
330
711
100
AcDbEntity
 67
1
  8
E-SEMA-ZON
100
AcDbText
 10
407.5
 20
219.50000000000003
 30
0.0
 40
2.2
  1
B
  7
GYM
 72
1
 11
407.5
 21
219.50000000000003
 31
0.0
100
AcDbText
 73
2
  0
LINE
  5
734
330
711
100
AcDbEntity
 67
1
  8
E-SEMA-ZON
370
18
100
AcDbLine
 10
20.0
 20
198.66666666666666
 30
0.0
 11
25.0
 21
198.66666666666666
 31
0.0
  0
LINE
  5
735
330
711
100
AcDbEntity
 67
1
  8
E-SEMA-ZON
370
18
100
AcDbLine
 10
405.0
 20
198.66666666666666
 30
0.0
 11
410.0
 21
198.66666666666666
 31
0.0
  0
TEXT
  5
736
330
711
100
AcDbEntity
 67
1
  8
E-SEMA-ZON
100
AcDbText
 10
22.5
 20
177.83333333333334
 30
0.0
 40
2.2
  1
C
  7
GYM
 72
1
 11
22.5
 21
177.83333333333334
 31
0.0
100
AcDbText
 73
2
  0
TEXT
  5
737
330
711
100
AcDbEntity
 67
1
  8
E-SEMA-ZON
100
AcDbText
 10
407.5
 20
177.83333333333334
 30
0.0
 40
2.2
  1
C
  7
GYM
 72
1
 11
407.5
 21
177.83333333333334
 31
0.0
100
AcDbText
 73
2
  0
LINE
  5
738
330
711
100
AcDbEntity
 67
1
  8
E-SEMA-ZON
370
18
100
AcDbLine
 10
20.0
 20
157.0
 30
0.0
 11
25.0
 21
157.0
 31
0.0
  0
LINE
  5
739
330
711
100
AcDbEntity
 67
1
  8
E-SEMA-ZON
370
18
100
AcDbLine
 10
405.0
 20
157.0
 30
0.0
 11
410.0
 21
157.0
 31
0.0
  0
TEXT
  5
73A
330
711
100
AcDbEntity
 67
1
  8
E-SEMA-ZON
100
AcDbText
 10
22.5
 20
136.16666666666669
 30
0.0
 40
2.2
  1
D
  7
GYM
 72
1
 11
22.5
 21
136.16666666666669
 31
0.0
100
AcDbText
 73
2
  0
TEXT
  5
73B
330
711
100
AcDbEntity
 67
1
  8
E-SEMA-ZON
100
AcDbText
 10
407.5
 20
136.16666666666669
 30
0.0
 40
2.2
  1
D
  7
GYM
 72
1
 11
407.5
 21
136.16666666666669
 31
0.0
100
AcDbText
 73
2
  0
LINE
  5
73C
330
711
100
AcDbEntity
 67
1
  8
E-SEMA-ZON
370
18
100
AcDbLine
 10
20.0
 20
115.33333333333334
 30
0.0
 11
25.0
 21
115.33333333333334
 31
0.0
  0
LINE
  5
73D
330
711
100
AcDbEntity
 67
1
  8
E-SEMA-ZON
370
18
100
AcDbLine
 10
405.0
 20
115.33333333333334
 30
0.0
 11
410.0
 21
115.33333333333334
 31
0.0
  0
TEXT
  5
73E
330
711
100
AcDbEntity
 67
1
  8
E-SEMA-ZON
100
AcDbText
 10
22.5
 20
94.50000000000001
 30
0.0
 40
2.2
  1
E
  7
GYM
 72
1
 11
22.5
 21
94.50000000000001
 31
0.0
100
AcDbText
 73
2
  0
TEXT
  5
73F
330
711
100
AcDbEntity
 67
1
  8
E-SEMA-ZON
100
AcDbText
 10
407.5
 20
94.50000000000001
 30
0.0
 40
2.2
  1
E
  7
GYM
 72
1
 11
407.5
 21
94.50000000000001
 31
0.0
100
AcDbText
 73
2
  0
LINE
  5
740
330
711
100
AcDbEntity
 67
1
  8
E-SEMA-ZON
370
18
100
AcDbLine
 10
20.0
 20
73.66666666666666
 30
0.0
 11
25.0
 21
73.66666666666666
 31
0.0
  0
LINE
  5
741
330
711
100
AcDbEntity
 67
1
  8
E-SEMA-ZON
370
18
100
AcDbLine
 10
405.0
 20
73.66666666666666
 30
0.0
 11
410.0
 21
73.66666666666666
 31
0.0
  0
TEXT
  5
742
330
711
100
AcDbEntity
 67
1
  8
E-SEMA-ZON
100
AcDbText
 10
22.5
 20
52.83333333333333
 30
0.0
 40
2.2
  1
F
  7
GYM
 72
1
 11
22.5
 21
52.83333333333333
 31
0.0
100
AcDbText
 73
2
  0
TEXT
  5
743
330
711
100
AcDbEntity
 67
1
  8
E-SEMA-ZON
100
AcDbText
 10
407.5
 20
52.83333333333333
 30
0.0
 40
2.2
  1
F
  7
GYM
 72
1
 11
407.5
 21
52.83333333333333
 31
0.0
100
AcDbText
 73
2
  0
LWPOLYLINE
  5
744
330
711
100
AcDbEntity
 67
1
  8
E-SEMA-ANTET
370
50
100
AcDbPolyline
 90
4
 70
1
 10
20.0
 20
10.0
 10
410.0
 20
10.0
 10
410.0
 20
32.0
 10
20.0
 20
32.0
  0
LINE
  5
745
330
711
100
AcDbEntity
 67
1
  8
E-SEMA-ANTET
370
18
100
AcDbLine
 10
20.0
 20
15.5
 30
0.0
 11
410.0
 21
15.5
 31
0.0
  0
LINE
  5
746
330
711
100
AcDbEntity
 67
1
  8
E-SEMA-ANTET
370
18
100
AcDbLine
 10
20.0
 20
21.0
 30
0.0
 11
410.0
 21
21.0
 31
0.0
  0
LINE
  5
747
330
711
100
AcDbEntity
 67
1
  8
E-SEMA-ANTET
370
18
100
AcDbLine
 10
20.0
 20
26.5
 30
0.0
 11
410.0
 21
26.5
 31
0.0
  0
LINE
  5
748
330
711
100
AcDbEntity
 67
1
  8
E-SEMA-ANTET
370
18
100
AcDbLine
 10
64.0
 20
10.0
 30
0.0
 11
64.0
 21
32.0
 31
0.0
  0
LINE
  5
749
330
711
100
AcDbEntity
 67
1
  8
E-SEMA-ANTET
370
18
100
AcDbLine
 10
96.0
 20
10.0
 30
0.0
 11
96.0
 21
32.0
 31
0.0
  0
LINE
  5
74A
330
711
100
AcDbEntity
 67
1
  8
E-SEMA-ANTET
370
18
100
AcDbLine
 10
282.0
 20
10.0
 30
0.0
 11
282.0
 21
32.0
 31
0.0
  0
LINE
  5
74B
330
711
100
AcDbEntity
 67
1
  8
E-SEMA-ANTET
370
18
100
AcDbLine
 10
316.0
 20
10.0
 30
0.0
 11
316.0
 21
32.0
 31
0.0
  0
LINE
  5
74C
330
711
100
AcDbEntity
 67
1
  8
E-SEMA-ANTET
370
18
100
AcDbLine
 10
356.0
 20
10.0
 30
0.0
 11
356.0
 21
32.0
 31
0.0
  0
TEXT
  5
74D
330
711
100
AcDbEntity
 67
1
  8
E-SEMA-ANTET
100
AcDbText
 10
20.8
 20
30.2
 30
0.0
 40
1.5
  1
Drawn By /
  7
GYM
 11
20.8
 21
30.2
 31
0.0
100
AcDbText
 73
2
  0
TEXT
  5
74E
330
711
100
AcDbEntity
 67
1
  8
E-SEMA-ANTET
100
AcDbText
 10
20.8
 20
28.3
 30
0.0
 40
1.5
  1
Çizen
  7
GYM
 11
20.8
 21
28.3
 31
0.0
100
AcDbText
 73
2
  0
TEXT
  5
74F
330
711
100
AcDbEntity
 67
1
  8
E-SEMA-ANTET
100
AcDbText
 10
62.4
 20
29.25
 30
0.0
 40
1.8
  1
CC
  7
GYM
 72
2
 11
62.4
 21
29.25
 31
0.0
100
AcDbText
 73
2
  0
TEXT
  5
750
330
711
100
AcDbEntity
 67
1
  8
E-SEMA-ANTET
100
AcDbText
 10
20.8
 20
24.7
 30
0.0
 40
1.5
  1
Checked By /
  7
GYM
 11
20.8
 21
24.7
 31
0.0
100
AcDbText
 73
2
  0
TEXT
  5
751
330
711
100
AcDbEntity
 67
1
  8
E-SEMA-ANTET
100
AcDbText
 10
20.8
 20
22.8
 30
0.0
 40
1.5
  1
Kontrol Eden
  7
GYM
 11
20.8
 21
22.8
 31
0.0
100
AcDbText
 73
2
  0
TEXT
  5
752
330
711
100
AcDbEntity
 67
1
  8
E-SEMA-ANTET
100
AcDbText
 10
62.4
 20
23.75
 30
0.0
 40
1.8
  1
—
  7
GYM
 72
2
 11
62.4
 21
23.75
 31
0.0
100
AcDbText
 73
2
  0
TEXT
  5
753
330
711
100
AcDbEntity
 67
1
  8
E-SEMA-ANTET
100
AcDbText
 10
20.8
 20
19.2
 30
0.0
 40
1.5
  1
Approved By /
  7
GYM
 11
20.8
 21
19.2
 31
0.0
100
AcDbText
 73
2
  0
TEXT
  5
754
330
711
100
AcDbEntity
 67
1
  8
E-SEMA-ANTET
100
AcDbText
 10
20.8
 20
17.3
 30
0.0
 40
1.5
  1
Onaylayan
  7
GYM
 11
20.8
 21
17.3
 31
0.0
100
AcDbText
 73
2
  0
TEXT
  5
755
330
711
100
AcDbEntity
 67
1
  8
E-SEMA-ANTET
100
AcDbText
 10
62.4
 20
18.25
 30
0.0
 40
1.8
  1
—
  7
GYM
 72
2
 11
62.4
 21
18.25
 31
0.0
100
AcDbText
 73
2
  0
TEXT
  5
756
330
711
100
AcDbEntity
 67
1
  8
E-SEMA-ANTET
100
AcDbText
 10
20.8
 20
13.7
 30
0.0
 40
1.5
  1
Project Date /
  7
GYM
 11
20.8
 21
13.7
 31
0.0
100
AcDbText
 73
2
  0
TEXT
  5
757
330
711
100
AcDbEntity
 67
1
  8
E-SEMA-ANTET
100
AcDbText
 10
20.8
 20
11.8
 30
0.0
 40
1.5
  1
Proje Tarihi
  7
GYM
 11
20.8
 21
11.8
 31
0.0
100
AcDbText
 73
2
  0
TEXT
  5
758
330
711
100
AcDbEntity
 67
1
  8
E-SEMA-ANTET
100
AcDbText
 10
62.4
 20
12.75
 30
0.0
 40
1.8
  1
17 Eylül 2026
  7
GYM
 72
2
 11
62.4
 21
12.75
 31
0.0
100
AcDbText
 73
2
  0
TEXT
  5
759
330
711
100
AcDbEntity
 67
1
  8
E-SEMA-ANTET
100
AcDbText
 10
64.8
 20
30.2
 30
0.0
 40
1.5
  1
Customer Name /
  7
GYM
 11
64.8
 21
30.2
 31
0.0
100
AcDbText
 73
2
  0
TEXT
  5
75A
330
711
100
AcDbEntity
 67
1
  8
E-SEMA-ANTET
100
AcDbText
 10
64.8
 20
28.3
 30
0.0
 40
1.5
  1
Müşteri Adı
  7
GYM
 11
64.8
 21
28.3
 31
0.0
100
AcDbText
 73
2
  0
TEXT
  5
75B
330
711
100
AcDbEntity
 67
1
  8
E-SEMA-ANTET
100
AcDbText
 10
97.2
 20
29.25
 30
0.0
 40
2.2
  1
ÖZEL — MALTEPE / İDEALTEPE
  7
GYM
 11
97.2
 21
29.25
 31
0.0
100
AcDbText
 73
2
  0
TEXT
  5
75C
330
711
100
AcDbEntity
 67
1
  8
E-SEMA-ANTET
100
AcDbText
 10
64.8
 20
24.7
 30
0.0
 40
1.5
  1
Project Description /
  7
GYM
 11
64.8
 21
24.7
 31
0.0
100
AcDbText
 73
2
  0
TEXT
  5
75D
330
711
100
AcDbEntity
 67
1
  8
E-SEMA-ANTET
100
AcDbText
 10
64.8
 20
22.8
 30
0.0
 40
1.5
  1
Proje Açıklaması
  7
GYM
 11
64.8
 21
22.8
 31
0.0
100
AcDbText
 73
2
  0
TEXT
  5
75E
330
711
100
AcDbEntity
 67
1
  8
E-SEMA-ANTET
100
AcDbText
 10
97.2
 20
23.75
 30
0.0
 40
2.2
  1
MOBİLYA MAĞAZASI → FONKSİYONEL ANTRENMAN STÜDYOSU
  7
GYM
 11
97.2
 21
23.75
 31
0.0
100
AcDbText
 73
2
  0
TEXT
  5
75F
330
711
100
AcDbEntity
 67
1
  8
E-SEMA-ANTET
100
AcDbText
 10
64.8
 20
19.2
 30
0.0
 40
1.5
  1
Panel Name /
  7
GYM
 11
64.8
 21
19.2
 31
0.0
100
AcDbText
 73
2
  0
TEXT
  5
760
330
711
100
AcDbEntity
 67
1
  8
E-SEMA-ANTET
100
AcDbText
 10
64.8
 20
17.3
 30
0.0
 40
1.5
  1
Pano Adı
  7
GYM
 11
64.8
 21
17.3
 31
0.0
100
AcDbText
 73
2
  0
TEXT
  5
761
330
711
100
AcDbEntity
 67
1
  8
E-SEMA-ANTET
100
AcDbText
 10
97.2
 20
18.25
 30
0.0
 40
2.2
  1
ADP
  7
GYM
 11
97.2
 21
18.25
 31
0.0
100
AcDbText
 73
2
  0
TEXT
  5
762
330
711
100
AcDbEntity
 67
1
  8
E-SEMA-ANTET
100
AcDbText
 10
64.8
 20
13.7
 30
0.0
 40
1.5
  1
Page Description /
  7
GYM
 11
64.8
 21
13.7
 31
0.0
100
AcDbText
 73
2
  0
TEXT
  5
763
330
711
100
AcDbEntity
 67
1
  8
E-SEMA-ANTET
100
AcDbText
 10
64.8
 20
11.8
 30
0.0
 40
1.5
  1
Sayfa Açıklaması
  7
GYM
 11
64.8
 21
11.8
 31
0.0
100
AcDbText
 73
2
  0
TEXT
  5
764
330
711
100
AcDbEntity
 67
1
  8
E-SEMA-ANTET
100
AcDbText
 10
97.2
 20
12.75
 30
0.0
 40
2.2
  1
Schematic Diagram / Şematik Diyagram
  7
GYM
 11
97.2
 21
12.75
 31
0.0
100
AcDbText
 73
2
  0
TEXT
  5
765
330
711
100
AcDbEntity
 67
1
  8
E-SEMA-ANTET
100
AcDbText
 10
282.8
 20
30.2
 30
0.0
 40
1.5
  1
Project Number /
  7
GYM
 11
282.8
 21
30.2
 31
0.0
100
AcDbText
 73
2
  0
TEXT
  5
766
330
711
100
AcDbEntity
 67
1
  8
E-SEMA-ANTET
100
AcDbText
 10
282.8
 20
28.3
 30
0.0
 40
1.5
  1
Proje Numarası
  7
GYM
 11
282.8
 21
28.3
 31
0.0
100
AcDbText
 73
2
  0
TEXT
  5
767
330
711
100
AcDbEntity
 67
1
  8
E-SEMA-ANTET
100
AcDbText
 10
317.2
 20
29.25
 30
0.0
 40
2.8
  1
GYM-25-001-001
  7
GYM-B
 11
317.2
 21
29.25
 31
0.0
100
AcDbText
 73
2
  0
TEXT
  5
768
330
711
100
AcDbEntity
 67
1
  8
E-SEMA-ANTET
100
AcDbText
 10
282.8
 20
19.2
 30
0.0
 40
1.5
  1
Revision /
  7
GYM
 11
282.8
 21
19.2
 31
0.0
100
AcDbText
 73
2
  0
TEXT
  5
769
330
711
100
AcDbEntity
 67
1
  8
E-SEMA-ANTET
100
AcDbText
 10
282.8
 20
17.3
 30
0.0
 40
1.5
  1
Revizyon
  7
GYM
 11
282.8
 21
17.3
 31
0.0
100
AcDbText
 73
2
  0
TEXT
  5
76A
330
711
100
AcDbEntity
 67
1
  8
E-SEMA-ANTET
100
AcDbText
 10
317.2
 20
18.25
 30
0.0
 40
2.2
  1
Rev H
  7
GYM
 11
317.2
 21
18.25
 31
0.0
100
AcDbText
 73
2
  0
TEXT
  5
76B
330
711
100
AcDbEntity
 67
1
  8
E-SEMA-ANTET
100
AcDbText
 10
282.8
 20
13.7
 30
0.0
 40
1.5
  1
Standards /
  7
GYM
 11
282.8
 21
13.7
 31
0.0
100
AcDbText
 73
2
  0
TEXT
  5
76C
330
711
100
AcDbEntity
 67
1
  8
E-SEMA-ANTET
100
AcDbText
 10
282.8
 20
11.8
 30
0.0
 40
1.5
  1
Standartlar
  7
GYM
 11
282.8
 21
11.8
 31
0.0
100
AcDbText
 73
2
  0
TEXT
  5
76D
330
711
100
AcDbEntity
 67
1
  8
E-SEMA-ANTET
100
AcDbText
 10
317.2
 20
12.75
 30
0.0
 40
1.5
  1
IEC 61439-1&2 · IEC 60617
  7
GYM
 11
317.2
 21
12.75
 31
0.0
100
AcDbText
 73
2
  0
TEXT
  5
76E
330
711
100
AcDbEntity
 67
1
  8
E-SEMA-ANTET
100
AcDbText
 10
357.2
 20
30.25
 30
0.0
 40
1.5
  1
Sheet: /
  7
GYM
 11
357.2
 21
30.25
 31
0.0
100
AcDbText
 73
2
  0
TEXT
  5
76F
330
711
100
AcDbEntity
 67
1
  8
E-SEMA-ANTET
100
AcDbText
 10
357.2
 20
27.85
 30
0.0
 40
1.5
  1
Sayfa
  7
GYM
 11
357.2
 21
27.85
 31
0.0
100
AcDbText
 73
2
  0
TEXT
  5
770
330
711
100
AcDbEntity
 67
1
  8
E-SEMA-ANTET
100
AcDbText
 10
408.0
 20
29.25
 30
0.0
 40
2.8
  1
6
  7
GYM-B
 72
2
 11
408.0
 21
29.25
 31
0.0
100
AcDbText
 73
2
  0
TEXT
  5
771
330
711
100
AcDbEntity
 67
1
  8
E-SEMA-ANTET
100
AcDbText
 10
357.2
 20
24.75
 30
0.0
 40
1.5
  1
Next sheet: /
  7
GYM
 11
357.2
 21
24.75
 31
0.0
100
AcDbText
 73
2
  0
TEXT
  5
772
330
711
100
AcDbEntity
 67
1
  8
E-SEMA-ANTET
100
AcDbText
 10
357.2
 20
22.35
 30
0.0
 40
1.5
  1
Sonraki
  7
GYM
 11
357.2
 21
22.35
 31
0.0
100
AcDbText
 73
2
  0
TEXT
  5
773
330
711
100
AcDbEntity
 67
1
  8
E-SEMA-ANTET
100
AcDbText
 10
408.0
 20
23.75
 30
0.0
 40
2.8
  1
7
  7
GYM-B
 72
2
 11
408.0
 21
23.75
 31
0.0
100
AcDbText
 73
2
  0
TEXT
  5
774
330
711
100
AcDbEntity
 67
1
  8
E-SEMA-ANTET
100
AcDbText
 10
357.2
 20
19.25
 30
0.0
 40
1.5
  1
Total sheets: /
  7
GYM
 11
357.2
 21
19.25
 31
0.0
100
AcDbText
 73
2
  0
TEXT
  5
775
330
711
100
AcDbEntity
 67
1
  8
E-SEMA-ANTET
100
AcDbText
 10
357.2
 20
16.85
 30
0.0
 40
1.5
  1
Toplam
  7
GYM
 11
357.2
 21
16.85
 31
0.0
100
AcDbText
 73
2
  0
TEXT
  5
776
330
711
100
AcDbEntity
 67
1
  8
E-SEMA-ANTET
100
AcDbText
 10
408.0
 20
18.25
 30
0.0
 40
2.8
  1
12
  7
GYM-B
 72
2
 11
408.0
 21
18.25
 31
0.0
100
AcDbText
 73
2
  0
TEXT
  5
777
330
711
100
AcDbEntity
 67
1
  8
E-SEMA-ANTET
100
AcDbText
 10
357.2
 20
13.75
 30
0.0
 40
1.5
  1
Sheet size /
  7
GYM
 11
357.2
 21
13.75
 31
0.0
100
AcDbText
 73
2
  0
TEXT
  5
778
330
711
100
AcDbEntity
 67
1
  8
E-SEMA-ANTET
100
AcDbText
 10
357.2
 20
11.35
 30
0.0
 40
1.5
  1
Kâğıt
  7
GYM
 11
357.2
 21
11.35
 31
0.0
100
AcDbText
 73
2
  0
TEXT
  5
779
330
711
100
AcDbEntity
 67
1
  8
E-SEMA-ANTET
100
AcDbText
 10
408.0
 20
12.75
 30
0.0
 40
2.8
  1
A3
  7
GYM-B
 72
2
 11
408.0
 21
12.75
 31
0.0
100
AcDbText
 73
2
  0
LINE
  5
77A
330
711
100
AcDbEntity
 67
1
  8
E-SEMA-RAY
370
35
100
AcDbLine
 10
25.0
 20
272.0
 30
0.0
 11
405.0
 21
272.0
 31
0.0
  0
TEXT
  5
77B
330
711
100
AcDbEntity
 67
1
  8
E-SEMA-YAZI
100
AcDbText
 10
24.4
 20
273.4
 30
0.0
 40
1.8
  1
L1
  7
GYM
 11
24.4
 21
273.4
 31
0.0
100
AcDbText
 73
2
  0
TEXT
  5
77C
330
711
100
AcDbEntity
 67
1
  8
E-SEMA-YAZI
100
AcDbText
 10
404.4
 20
273.4
 30
0.0
 40
1.8
  1
L1
  7
GYM
 72
2
 11
404.4
 21
273.4
 31
0.0
100
AcDbText
 73
2
  0
LWPOLYLINE
  5
77D
330
711
100
AcDbEntity
 67
1
  8
E-SEMA-YAZI
370
18
100
AcDbPolyline
 90
5
 70
1
 10
19.0
 20
270.7
 10
22.8
 20
270.7
 10
24.4
 20
272.0
 10
22.8
 20
273.3
 10
19.0
 20
273.3
  0
TEXT
  5
77E
330
711
100
AcDbEntity
 67
1
  8
E-SEMA-YAZI
100
AcDbText
 10
18.0
 20
272.0
 30
0.0
 40
1.5
  1
5.7
  7
GYM
 72
2
 11
18.0
 21
272.0
 31
0.0
100
AcDbText
 73
2
  0
LWPOLYLINE
  5
77F
330
711
100
AcDbEntity
 67
1
  8
E-SEMA-YAZI
370
18
100
AcDbPolyline
 90
5
 70
1
 10
405.6
 20
270.7
 10
409.4
 20
270.7
 10
411.0
 20
272.0
 10
409.4
 20
273.3
 10
405.6
 20
273.3
  0
TEXT
  5
780
330
711
100
AcDbEntity
 67
1
  8
E-SEMA-YAZI
100
AcDbText
 10
412.0
 20
272.0
 30
0.0
 40
1.5
  1
7.0
  7
GYM
 11
412.0
 21
272.0
 31
0.0
100
AcDbText
 73
2
  0
LINE
  5
781
330
711
100
AcDbEntity
 67
1
  8
E-SEMA-RAY
370
35
100
AcDbLine
 10
25.0
 20
267.0
 30
0.0
 11
405.0
 21
267.0
 31
0.0
  0
TEXT
  5
782
330
711
100
AcDbEntity
 67
1
  8
E-SEMA-YAZI
100
AcDbText
 10
24.4
 20
268.4
 30
0.0
 40
1.8
  1
L2
  7
GYM
 11
24.4
 21
268.4
 31
0.0
100
AcDbText
 73
2
  0
TEXT
  5
783
330
711
100
AcDbEntity
 67
1
  8
E-SEMA-YAZI
100
AcDbText
 10
404.4
 20
268.4
 30
0.0
 40
1.8
  1
L2
  7
GYM
 72
2
 11
404.4
 21
268.4
 31
0.0
100
AcDbText
 73
2
  0
LWPOLYLINE
  5
784
330
711
100
AcDbEntity
 67
1
  8
E-SEMA-YAZI
370
18
100
AcDbPolyline
 90
5
 70
1
 10
19.0
 20
265.7
 10
22.8
 20
265.7
 10
24.4
 20
267.0
 10
22.8
 20
268.3
 10
19.0
 20
268.3
  0
TEXT
  5
785
330
711
100
AcDbEntity
 67
1
  8
E-SEMA-YAZI
100
AcDbText
 10
18.0
 20
267.0
 30
0.0
 40
1.5
  1
5.7
  7
GYM
 72
2
 11
18.0
 21
267.0
 31
0.0
100
AcDbText
 73
2
  0
LWPOLYLINE
  5
786
330
711
100
AcDbEntity
 67
1
  8
E-SEMA-YAZI
370
18
100
AcDbPolyline
 90
5
 70
1
 10
405.6
 20
265.7
 10
409.4
 20
265.7
 10
411.0
 20
267.0
 10
409.4
 20
268.3
 10
405.6
 20
268.3
  0
TEXT
  5
787
330
711
100
AcDbEntity
 67
1
  8
E-SEMA-YAZI
100
AcDbText
 10
412.0
 20
267.0
 30
0.0
 40
1.5
  1
7.0
  7
GYM
 11
412.0
 21
267.0
 31
0.0
100
AcDbText
 73
2
  0
LINE
  5
788
330
711
100
AcDbEntity
 67
1
  8
E-SEMA-RAY
370
35
100
AcDbLine
 10
25.0
 20
262.0
 30
0.0
 11
405.0
 21
262.0
 31
0.0
  0
TEXT
  5
789
330
711
100
AcDbEntity
 67
1
  8
E-SEMA-YAZI
100
AcDbText
 10
24.4
 20
263.4
 30
0.0
 40
1.8
  1
L3
  7
GYM
 11
24.4
 21
263.4
 31
0.0
100
AcDbText
 73
2
  0
TEXT
  5
78A
330
711
100
AcDbEntity
 67
1
  8
E-SEMA-YAZI
100
AcDbText
 10
404.4
 20
263.4
 30
0.0
 40
1.8
  1
L3
  7
GYM
 72
2
 11
404.4
 21
263.4
 31
0.0
100
AcDbText
 73
2
  0
LWPOLYLINE
  5
78B
330
711
100
AcDbEntity
 67
1
  8
E-SEMA-YAZI
370
18
100
AcDbPolyline
 90
5
 70
1
 10
19.0
 20
260.7
 10
22.8
 20
260.7
 10
24.4
 20
262.0
 10
22.8
 20
263.3
 10
19.0
 20
263.3
  0
TEXT
  5
78C
330
711
100
AcDbEntity
 67
1
  8
E-SEMA-YAZI
100
AcDbText
 10
18.0
 20
262.0
 30
0.0
 40
1.5
  1
5.7
  7
GYM
 72
2
 11
18.0
 21
262.0
 31
0.0
100
AcDbText
 73
2
  0
LWPOLYLINE
  5
78D
330
711
100
AcDbEntity
 67
1
  8
E-SEMA-YAZI
370
18
100
AcDbPolyline
 90
5
 70
1
 10
405.6
 20
260.7
 10
409.4
 20
260.7
 10
411.0
 20
262.0
 10
409.4
 20
263.3
 10
405.6
 20
263.3
  0
TEXT
  5
78E
330
711
100
AcDbEntity
 67
1
  8
E-SEMA-YAZI
100
AcDbText
 10
412.0
 20
262.0
 30
0.0
 40
1.5
  1
7.0
  7
GYM
 11
412.0
 21
262.0
 31
0.0
100
AcDbText
 73
2
  0
LINE
  5
78F
330
711
100
AcDbEntity
 67
1
  8
E-SEMA-RAY
370
35
100
AcDbLine
 10
25.0
 20
257.0
 30
0.0
 11
405.0
 21
257.0
 31
0.0
  0
TEXT
  5
790
330
711
100
AcDbEntity
 67
1
  8
E-SEMA-YAZI
100
AcDbText
 10
24.4
 20
258.4
 30
0.0
 40
1.8
  1
N
  7
GYM
 11
24.4
 21
258.4
 31
0.0
100
AcDbText
 73
2
  0
TEXT
  5
791
330
711
100
AcDbEntity
 67
1
  8
E-SEMA-YAZI
100
AcDbText
 10
404.4
 20
258.4
 30
0.0
 40
1.8
  1
N
  7
GYM
 72
2
 11
404.4
 21
258.4
 31
0.0
100
AcDbText
 73
2
  0
LWPOLYLINE
  5
792
330
711
100
AcDbEntity
 67
1
  8
E-SEMA-YAZI
370
18
100
AcDbPolyline
 90
5
 70
1
 10
19.0
 20
255.7
 10
22.8
 20
255.7
 10
24.4
 20
257.0
 10
22.8
 20
258.3
 10
19.0
 20
258.3
  0
TEXT
  5
793
330
711
100
AcDbEntity
 67
1
  8
E-SEMA-YAZI
100
AcDbText
 10
18.0
 20
257.0
 30
0.0
 40
1.5
  1
5.7
  7
GYM
 72
2
 11
18.0
 21
257.0
 31
0.0
100
AcDbText
 73
2
  0
LWPOLYLINE
  5
794
330
711
100
AcDbEntity
 67
1
  8
E-SEMA-YAZI
370
18
100
AcDbPolyline
 90
5
 70
1
 10
405.6
 20
255.7
 10
409.4
 20
255.7
 10
411.0
 20
257.0
 10
409.4
 20
258.3
 10
405.6
 20
258.3
  0
TEXT
  5
795
330
711
100
AcDbEntity
 67
1
  8
E-SEMA-YAZI
100
AcDbText
 10
412.0
 20
257.0
 30
0.0
 40
1.5
  1
7.0
  7
GYM
 11
412.0
 21
257.0
 31
0.0
100
AcDbText
 73
2
  0
LINE
  5
796
330
711
100
AcDbEntity
 67
1
  8
E-SEMA-PE
  6
DASHDOT
370
35
100
AcDbLine
 10
25.0
 20
150.0
 30
0.0
 11
405.0
 21
150.0
 31
0.0
  0
TEXT
  5
797
330
711
100
AcDbEntity
 67
1
  8
E-SEMA-YAZI
100
AcDbText
 10
24.4
 20
151.4
 30
0.0
 40
1.8
  1
PE
  7
GYM
 11
24.4
 21
151.4
 31
0.0
100
AcDbText
 73
2
  0
TEXT
  5
798
330
711
100
AcDbEntity
 67
1
  8
E-SEMA-YAZI
100
AcDbText
 10
404.4
 20
151.4
 30
0.0
 40
1.8
  1
PE
  7
GYM
 72
2
 11
404.4
 21
151.4
 31
0.0
100
AcDbText
 73
2
  0
TEXT
  5
799
330
711
100
AcDbEntity
 67
1
  8
E-SEMA-YAZI
100
AcDbText
 10
18.0
 20
150.0
 30
0.0
 40
1.5
  1
5.7
  7
GYM
 72
2
 11
18.0
 21
150.0
 31
0.0
100
AcDbText
 73
2
  0
TEXT
  5
79A
330
711
100
AcDbEntity
 67
1
  8
E-SEMA-YAZI
100
AcDbText
 10
412.0
 20
150.0
 30
0.0
 40
1.5
  1
7.0
  7
GYM
 11
412.0
 21
150.0
 31
0.0
100
AcDbText
 73
2
  0
HATCH
  5
79B
330
711
100
AcDbEntity
 67
1
  8
E-SEMA-SEMBOL
 62
7
100
AcDbHatch
 10
0.0
 20
0.0
 30
0.0
210
0.0
220
0.0
230
1.0
  2
SOLID
 70
1
 71
0
 91
1
 92
1
 93
1
 72
2
 10
39.0
 20
272.0
 40
0.55
 50
0.0
 51
360.0
 73
1
 97
0
 75
0
 76
1
 98
0
  0
LINE
  5
79C
330
711
100
AcDbEntity
 67
1
  8
E-SEMA-TEL
370
25
100
AcDbLine
 10
39.0
 20
272.0
 30
0.0
 11
39.0
 21
250.0
 31
0.0
  0
HATCH
  5
79D
330
711
100
AcDbEntity
 67
1
  8
E-SEMA-SEMBOL
 62
7
100
AcDbHatch
 10
0.0
 20
0.0
 30
0.0
210
0.0
220
0.0
230
1.0
  2
SOLID
 70
1
 71
0
 91
1
 92
1
 93
1
 72
2
 10
43.0
 20
267.0
 40
0.55
 50
0.0
 51
360.0
 73
1
 97
0
 75
0
 76
1
 98
0
  0
LINE
  5
79E
330
711
100
AcDbEntity
 67
1
  8
E-SEMA-TEL
370
25
100
AcDbLine
 10
43.0
 20
267.0
 30
0.0
 11
43.0
 21
250.0
 31
0.0
  0
HATCH
  5
79F
330
711
100
AcDbEntity
 67
1
  8
E-SEMA-SEMBOL
 62
7
100
AcDbHatch
 10
0.0
 20
0.0
 30
0.0
210
0.0
220
0.0
230
1.0
  2
SOLID
 70
1
 71
0
 91
1
 92
1
 93
1
 72
2
 10
47.0
 20
262.0
 40
0.55
 50
0.0
 51
360.0
 73
1
 97
0
 75
0
 76
1
 98
0
  0
LINE
  5
7A0
330
711
100
AcDbEntity
 67
1
  8
E-SEMA-TEL
370
25
100
AcDbLine
 10
47.0
 20
262.0
 30
0.0
 11
47.0
 21
250.0
 31
0.0
  0
HATCH
  5
7A1
330
711
100
AcDbEntity
 67
1
  8
E-SEMA-SEMBOL
 62
7
100
AcDbHatch
 10
0.0
 20
0.0
 30
0.0
210
0.0
220
0.0
230
1.0
  2
SOLID
 70
1
 71
0
 91
1
 92
1
 93
1
 72
2
 10
51.0
 20
257.0
 40
0.55
 50
0.0
 51
360.0
 73
1
 97
0
 75
0
 76
1
 98
0
  0
LINE
  5
7A2
330
711
100
AcDbEntity
 67
1
  8
E-SEMA-TEL
370
25
100
AcDbLine
 10
51.0
 20
257.0
 30
0.0
 11
51.0
 21
250.0
 31
0.0
  0
LINE
  5
7A3
330
711
100
AcDbEntity
 67
1
  8
E-SEMA-TEL
370
25
100
AcDbLine
 10
39.0
 20
250.0
 30
0.0
 11
39.0
 21
248.24
 31
0.0
  0
HATCH
  5
7A4
330
711
100
AcDbEntity
 67
1
  8
E-SEMA-SEMBOL
 62
7
100
AcDbHatch
 10
0.0
 20
0.0
 30
0.0
210
0.0
220
0.0
230
1.0
  2
SOLID
 70
1
 71
0
 91
1
 92
1
 93
1
 72
2
 10
39.0
 20
248.24
 40
0.35
 50
0.0
 51
360.0
 73
1
 97
0
 75
0
 76
1
 98
0
  0
LINE
  5
7A5
330
711
100
AcDbEntity
 67
1
  8
E-SEMA-SEMBOL
370
35
100
AcDbLine
 10
39.0
 20
248.24
 30
0.0
 11
41.4
 21
243.6
 31
0.0
  0
LINE
  5
7A6
330
711
100
AcDbEntity
 67
1
  8
E-SEMA-TEL
370
25
100
AcDbLine
 10
39.0
 20
243.28
 30
0.0
 11
39.0
 21
242.0
 31
0.0
  0
LWPOLYLINE
  5
7A7
330
711
100
AcDbEntity
 67
1
  8
E-SEMA-SEMBOL
370
25
100
AcDbPolyline
 90
4
 70
1
 10
39.9
 20
243.28
 10
41.3
 20
243.28
 10
41.3
 20
245.68
 10
39.9
 20
245.68
  0
LINE
  5
7A8
330
711
100
AcDbEntity
 67
1
  8
E-SEMA-TEL
370
25
100
AcDbLine
 10
43.0
 20
250.0
 30
0.0
 11
43.0
 21
248.24
 31
0.0
  0
HATCH
  5
7A9
330
711
100
AcDbEntity
 67
1
  8
E-SEMA-SEMBOL
 62
7
100
AcDbHatch
 10
0.0
 20
0.0
 30
0.0
210
0.0
220
0.0
230
1.0
  2
SOLID
 70
1
 71
0
 91
1
 92
1
 93
1
 72
2
 10
43.0
 20
248.24
 40
0.35
 50
0.0
 51
360.0
 73
1
 97
0
 75
0
 76
1
 98
0
  0
LINE
  5
7AA
330
711
100
AcDbEntity
 67
1
  8
E-SEMA-SEMBOL
370
35
100
AcDbLine
 10
43.0
 20
248.24
 30
0.0
 11
45.4
 21
243.6
 31
0.0
  0
LINE
  5
7AB
330
711
100
AcDbEntity
 67
1
  8
E-SEMA-TEL
370
25
100
AcDbLine
 10
43.0
 20
243.28
 30
0.0
 11
43.0
 21
242.0
 31
0.0
  0
LWPOLYLINE
  5
7AC
330
711
100
AcDbEntity
 67
1
  8
E-SEMA-SEMBOL
370
25
100
AcDbPolyline
 90
4
 70
1
 10
43.9
 20
243.28
 10
45.3
 20
243.28
 10
45.3
 20
245.68
 10
43.9
 20
245.68
  0
LINE
  5
7AD
330
711
100
AcDbEntity
 67
1
  8
E-SEMA-TEL
370
25
100
AcDbLine
 10
47.0
 20
250.0
 30
0.0
 11
47.0
 21
248.24
 31
0.0
  0
HATCH
  5
7AE
330
711
100
AcDbEntity
 67
1
  8
E-SEMA-SEMBOL
 62
7
100
AcDbHatch
 10
0.0
 20
0.0
 30
0.0
210
0.0
220
0.0
230
1.0
  2
SOLID
 70
1
 71
0
 91
1
 92
1
 93
1
 72
2
 10
47.0
 20
248.24
 40
0.35
 50
0.0
 51
360.0
 73
1
 97
0
 75
0
 76
1
 98
0
  0
LINE
  5
7AF
330
711
100
AcDbEntity
 67
1
  8
E-SEMA-SEMBOL
370
35
100
AcDbLine
 10
47.0
 20
248.24
 30
0.0
 11
49.4
 21
243.6
 31
0.0
  0
LINE
  5
7B0
330
711
100
AcDbEntity
 67
1
  8
E-SEMA-TEL
370
25
100
AcDbLine
 10
47.0
 20
243.28
 30
0.0
 11
47.0
 21
242.0
 31
0.0
  0
LWPOLYLINE
  5
7B1
330
711
100
AcDbEntity
 67
1
  8
E-SEMA-SEMBOL
370
25
100
AcDbPolyline
 90
4
 70
1
 10
47.9
 20
243.28
 10
49.3
 20
243.28
 10
49.3
 20
245.68
 10
47.9
 20
245.68
  0
LINE
  5
7B2
330
711
100
AcDbEntity
 67
1
  8
E-SEMA-TEL
370
25
100
AcDbLine
 10
51.0
 20
250.0
 30
0.0
 11
51.0
 21
248.24
 31
0.0
  0
HATCH
  5
7B3
330
711
100
AcDbEntity
 67
1
  8
E-SEMA-SEMBOL
 62
7
100
AcDbHatch
 10
0.0
 20
0.0
 30
0.0
210
0.0
220
0.0
230
1.0
  2
SOLID
 70
1
 71
0
 91
1
 92
1
 93
1
 72
2
 10
51.0
 20
248.24
 40
0.35
 50
0.0
 51
360.0
 73
1
 97
0
 75
0
 76
1
 98
0
  0
LINE
  5
7B4
330
711
100
AcDbEntity
 67
1
  8
E-SEMA-SEMBOL
370
35
100
AcDbLine
 10
51.0
 20
248.24
 30
0.0
 11
53.4
 21
243.6
 31
0.0
  0
LINE
  5
7B5
330
711
100
AcDbEntity
 67
1
  8
E-SEMA-TEL
370
25
100
AcDbLine
 10
51.0
 20
243.28
 30
0.0
 11
51.0
 21
242.0
 31
0.0
  0
LWPOLYLINE
  5
7B6
330
711
100
AcDbEntity
 67
1
  8
E-SEMA-SEMBOL
370
25
100
AcDbPolyline
 90
4
 70
1
 10
51.9
 20
243.28
 10
53.3
 20
243.28
 10
53.3
 20
245.68
 10
51.9
 20
245.68
  0
LINE
  5
7B7
330
711
100
AcDbEntity
 67
1
  8
E-SEMA-SEMBOL
  6
DASHED
370
18
100
AcDbLine
 10
39.0
 20
244.6
 30
0.0
 11
51.0
 21
244.6
 31
0.0
  0
TEXT
  5
7B8
330
711
100
AcDbEntity
 67
1
  8
E-SEMA-YAZI
100
AcDbText
 10
37.9
 20
249.2
 30
0.0
 40
1.5
  1
1
  7
GYM
 72
2
 11
37.9
 21
249.2
 31
0.0
100
AcDbText
 73
2
  0
TEXT
  5
7B9
330
711
100
AcDbEntity
 67
1
  8
E-SEMA-YAZI
100
AcDbText
 10
37.9
 20
235.2
 30
0.0
 40
1.5
  1
2
  7
GYM
 72
2
 11
37.9
 21
235.2
 31
0.0
100
AcDbText
 73
2
  0
TEXT
  5
7BA
330
711
100
AcDbEntity
 67
1
  8
E-SEMA-YAZI
100
AcDbText
 10
41.9
 20
249.2
 30
0.0
 40
1.5
  1
3
  7
GYM
 72
2
 11
41.9
 21
249.2
 31
0.0
100
AcDbText
 73
2
  0
TEXT
  5
7BB
330
711
100
AcDbEntity
 67
1
  8
E-SEMA-YAZI
100
AcDbText
 10
41.9
 20
235.2
 30
0.0
 40
1.5
  1
4
  7
GYM
 72
2
 11
41.9
 21
235.2
 31
0.0
100
AcDbText
 73
2
  0
TEXT
  5
7BC
330
711
100
AcDbEntity
 67
1
  8
E-SEMA-YAZI
100
AcDbText
 10
45.9
 20
249.2
 30
0.0
 40
1.5
  1
5
  7
GYM
 72
2
 11
45.9
 21
249.2
 31
0.0
100
AcDbText
 73
2
  0
TEXT
  5
7BD
330
711
100
AcDbEntity
 67
1
  8
E-SEMA-YAZI
100
AcDbText
 10
45.9
 20
235.2
 30
0.0
 40
1.5
  1
6
  7
GYM
 72
2
 11
45.9
 21
235.2
 31
0.0
100
AcDbText
 73
2
  0
TEXT
  5
7BE
330
711
100
AcDbEntity
 67
1
  8
E-SEMA-YAZI
100
AcDbText
 10
49.9
 20
249.2
 30
0.0
 40
1.5
  1
N
  7
GYM
 72
2
 11
49.9
 21
249.2
 31
0.0
100
AcDbText
 73
2
  0
TEXT
  5
7BF
330
711
100
AcDbEntity
 67
1
  8
E-SEMA-YAZI
100
AcDbText
 10
49.9
 20
235.2
 30
0.0
 40
1.5
  1
N
  7
GYM
 72
2
 11
49.9
 21
235.2
 31
0.0
100
AcDbText
 73
2
  0
LWPOLYLINE
  5
7C0
330
711
100
AcDbEntity
 67
1
  8
E-SEMA-SEMBOL
370
35
100
AcDbPolyline
 90
4
 70
1
 10
36.4
 20
234.0
 10
53.6
 20
234.0
 10
53.6
 20
239.0
 10
36.4
 20
239.0
  0
TEXT
  5
7C1
330
711
100
AcDbEntity
 67
1
  8
E-SEMA-SEMBOL
100
AcDbText
 10
43.4
 20
236.5
 30
0.0
 40
2.2
  1
I
  7
GYM
 72
1
 11
43.4
 21
236.5
 31
0.0
100
AcDbText
 73
2
  0
LINE
  5
7C2
330
711
100
AcDbEntity
 67
1
  8
E-SEMA-SEMBOL
370
25
100
AcDbLine
 10
46.6
 20
237.4
 30
0.0
 11
46.6
 21
236.4
 31
0.0
  0
LINE
  5
7C3
330
711
100
AcDbEntity
 67
1
  8
E-SEMA-SEMBOL
370
25
100
AcDbLine
 10
45.5
 20
236.4
 30
0.0
 11
47.7
 21
236.4
 31
0.0
  0
LINE
  5
7C4
330
711
100
AcDbEntity
 67
1
  8
E-SEMA-SEMBOL
370
25
100
AcDbLine
 10
45.9
 20
235.95000000000002
 30
0.0
 11
47.300000000000004
 21
235.95000000000002
 31
0.0
  0
LINE
  5
7C5
330
711
100
AcDbEntity
 67
1
  8
E-SEMA-SEMBOL
370
25
100
AcDbLine
 10
46.25
 20
235.5
 30
0.0
 11
46.95
 21
235.5
 31
0.0
  0
LINE
  5
7C6
330
711
100
AcDbEntity
 67
1
  8
E-SEMA-TEL
370
25
100
AcDbLine
 10
39.0
 20
234.0
 30
0.0
 11
39.0
 21
232.4
 31
0.0
  0
LINE
  5
7C7
330
711
100
AcDbEntity
 67
1
  8
E-SEMA-TEL
370
25
100
AcDbLine
 10
43.0
 20
234.0
 30
0.0
 11
43.0
 21
232.4
 31
0.0
  0
LINE
  5
7C8
330
711
100
AcDbEntity
 67
1
  8
E-SEMA-TEL
370
25
100
AcDbLine
 10
47.0
 20
234.0
 30
0.0
 11
47.0
 21
232.4
 31
0.0
  0
LINE
  5
7C9
330
711
100
AcDbEntity
 67
1
  8
E-SEMA-TEL
370
25
100
AcDbLine
 10
51.0
 20
234.0
 30
0.0
 11
51.0
 21
232.4
 31
0.0
  0
LWPOLYLINE
  5
7CA
330
711
100
AcDbEntity
 67
1
  8
E-SEMA-SEMBOL
370
25
100
AcDbPolyline
 90
4
 70
1
 10
30.0
 20
246.6
 10
33.0
 20
246.6
 10
33.0
 20
249.6
 10
30.0
 20
249.6
  0
LINE
  5
7CB
330
711
100
AcDbEntity
 67
1
  8
E-SEMA-SEMBOL
370
18
100
AcDbLine
 10
30.0
 20
246.6
 30
0.0
 11
33.0
 21
249.6
 31
0.0
  0
LINE
  5
7CC
330
711
100
AcDbEntity
 67
1
  8
E-SEMA-TEL
370
25
100
AcDbLine
 10
28.0
 20
248.1
 30
0.0
 11
30.0
 21
248.1
 31
0.0
  0
LINE
  5
7CD
330
711
100
AcDbEntity
 67
1
  8
E-SEMA-TEL
370
25
100
AcDbLine
 10
33.0
 20
248.1
 30
0.0
 11
39.0
 21
248.1
 31
0.0
  0
TEXT
  5
7CE
330
711
100
AcDbEntity
 67
1
  8
E-SEMA-YAZI
100
AcDbText
 10
26.5
 20
237.4
 30
0.0
 40
2.2
  1
-ID2
  7
GYM
 72
2
 11
26.5
 21
237.4
 31
0.0
100
AcDbText
 73
2
  0
TEXT
  5
7CF
330
711
100
AcDbEntity
 67
1
  8
E-SEMA-YAZI
100
AcDbText
 10
26.5
 20
235.20000000000002
 30
0.0
 40
1.5
  1
4×40A/30mA
  7
GYM
 72
2
 11
26.5
 21
235.20000000000002
 31
0.0
100
AcDbText
 73
2
  0
TEXT
  5
7D0
330
711
100
AcDbEntity
 67
1
  8
E-SEMA-YAZI
100
AcDbText
 10
26.5
 20
233.00000000000003
 30
0.0
 40
1.5
  1
A tipi
  7
GYM
 72
2
 11
26.5
 21
233.00000000000003
 31
0.0
100
AcDbText
 73
2
  0
TEXT
  5
7D1
330
711
100
AcDbEntity
 67
1
  8
E-SEMA-YAZI
100
AcDbText
 10
26.5
 20
229.4
 30
0.0
 40
1.5
  1
RCD-2
  7
GYM
 72
2
 11
26.5
 21
229.4
 31
0.0
100
AcDbText
 73
2
  0
LINE
  5
7D2
330
711
100
AcDbEntity
 67
1
  8
E-SEMA-TEL
370
25
100
AcDbLine
 10
39.0
 20
234.0
 30
0.0
 11
39.0
 21
231.8
 31
0.0
  0
LINE
  5
7D3
330
711
100
AcDbEntity
 67
1
  8
E-SEMA-RAY
370
25
100
AcDbLine
 10
39.0
 20
231.8
 30
0.0
 11
144.0
 21
231.8
 31
0.0
  0
TEXT
  5
7D4
330
711
100
AcDbEntity
 67
1
  8
E-SEMA-YAZI
100
AcDbText
 10
145.0
 20
231.8
 30
0.0
 40
1.5
  1
L1
  7
GYM
 11
145.0
 21
231.8
 31
0.0
100
AcDbText
 73
2
  0
LINE
  5
7D5
330
711
100
AcDbEntity
 67
1
  8
E-SEMA-TEL
370
25
100
AcDbLine
 10
43.0
 20
234.0
 30
0.0
 11
43.0
 21
229.20000000000002
 31
0.0
  0
LINE
  5
7D6
330
711
100
AcDbEntity
 67
1
  8
E-SEMA-RAY
370
25
100
AcDbLine
 10
43.0
 20
229.20000000000002
 30
0.0
 11
144.0
 21
229.20000000000002
 31
0.0
  0
TEXT
  5
7D7
330
711
100
AcDbEntity
 67
1
  8
E-SEMA-YAZI
100
AcDbText
 10
145.0
 20
229.20000000000002
 30
0.0
 40
1.5
  1
L2
  7
GYM
 11
145.0
 21
229.20000000000002
 31
0.0
100
AcDbText
 73
2
  0
LINE
  5
7D8
330
711
100
AcDbEntity
 67
1
  8
E-SEMA-TEL
370
25
100
AcDbLine
 10
47.0
 20
234.0
 30
0.0
 11
47.0
 21
226.60000000000002
 31
0.0
  0
LINE
  5
7D9
330
711
100
AcDbEntity
 67
1
  8
E-SEMA-RAY
370
25
100
AcDbLine
 10
47.0
 20
226.60000000000002
 30
0.0
 11
144.0
 21
226.60000000000002
 31
0.0
  0
TEXT
  5
7DA
330
711
100
AcDbEntity
 67
1
  8
E-SEMA-YAZI
100
AcDbText
 10
145.0
 20
226.60000000000002
 30
0.0
 40
1.5
  1
L3
  7
GYM
 11
145.0
 21
226.60000000000002
 31
0.0
100
AcDbText
 73
2
  0
LINE
  5
7DB
330
711
100
AcDbEntity
 67
1
  8
E-SEMA-TEL
370
25
100
AcDbLine
 10
51.0
 20
234.0
 30
0.0
 11
51.0
 21
224.0
 31
0.0
  0
LINE
  5
7DC
330
711
100
AcDbEntity
 67
1
  8
E-SEMA-RAY
370
25
100
AcDbLine
 10
51.0
 20
224.0
 30
0.0
 11
144.0
 21
224.0
 31
0.0
  0
TEXT
  5
7DD
330
711
100
AcDbEntity
 67
1
  8
E-SEMA-YAZI
100
AcDbText
 10
145.0
 20
224.0
 30
0.0
 40
1.5
  1
N2
  7
GYM
 11
145.0
 21
224.0
 31
0.0
100
AcDbText
 73
2
  0
HATCH
  5
7DE
330
711
100
AcDbEntity
 67
1
  8
E-SEMA-SEMBOL
 62
7
100
AcDbHatch
 10
0.0
 20
0.0
 30
0.0
210
0.0
220
0.0
230
1.0
  2
SOLID
 70
1
 71
0
 91
1
 92
1
 93
1
 72
2
 10
181.5
 20
272.0
 40
0.55
 50
0.0
 51
360.0
 73
1
 97
0
 75
0
 76
1
 98
0
  0
LINE
  5
7DF
330
711
100
AcDbEntity
 67
1
  8
E-SEMA-TEL
370
25
100
AcDbLine
 10
181.5
 20
272.0
 30
0.0
 11
181.5
 21
250.0
 31
0.0
  0
HATCH
  5
7E0
330
711
100
AcDbEntity
 67
1
  8
E-SEMA-SEMBOL
 62
7
100
AcDbHatch
 10
0.0
 20
0.0
 30
0.0
210
0.0
220
0.0
230
1.0
  2
SOLID
 70
1
 71
0
 91
1
 92
1
 93
1
 72
2
 10
185.5
 20
257.0
 40
0.55
 50
0.0
 51
360.0
 73
1
 97
0
 75
0
 76
1
 98
0
  0
LINE
  5
7E1
330
711
100
AcDbEntity
 67
1
  8
E-SEMA-TEL
370
25
100
AcDbLine
 10
185.5
 20
257.0
 30
0.0
 11
185.5
 21
250.0
 31
0.0
  0
LINE
  5
7E2
330
711
100
AcDbEntity
 67
1
  8
E-SEMA-TEL
370
25
100
AcDbLine
 10
181.5
 20
250.0
 30
0.0
 11
181.5
 21
248.24
 31
0.0
  0
HATCH
  5
7E3
330
711
100
AcDbEntity
 67
1
  8
E-SEMA-SEMBOL
 62
7
100
AcDbHatch
 10
0.0
 20
0.0
 30
0.0
210
0.0
220
0.0
230
1.0
  2
SOLID
 70
1
 71
0
 91
1
 92
1
 93
1
 72
2
 10
181.5
 20
248.24
 40
0.35
 50
0.0
 51
360.0
 73
1
 97
0
 75
0
 76
1
 98
0
  0
LINE
  5
7E4
330
711
100
AcDbEntity
 67
1
  8
E-SEMA-SEMBOL
370
35
100
AcDbLine
 10
181.5
 20
248.24
 30
0.0
 11
183.9
 21
243.6
 31
0.0
  0
LINE
  5
7E5
330
711
100
AcDbEntity
 67
1
  8
E-SEMA-TEL
370
25
100
AcDbLine
 10
181.5
 20
243.28
 30
0.0
 11
181.5
 21
242.0
 31
0.0
  0
LWPOLYLINE
  5
7E6
330
711
100
AcDbEntity
 67
1
  8
E-SEMA-SEMBOL
370
25
100
AcDbPolyline
 90
4
 70
1
 10
182.4
 20
243.28
 10
183.8
 20
243.28
 10
183.8
 20
245.68
 10
182.4
 20
245.68
  0
LINE
  5
7E7
330
711
100
AcDbEntity
 67
1
  8
E-SEMA-TEL
370
25
100
AcDbLine
 10
185.5
 20
250.0
 30
0.0
 11
185.5
 21
248.24
 31
0.0
  0
HATCH
  5
7E8
330
711
100
AcDbEntity
 67
1
  8
E-SEMA-SEMBOL
 62
7
100
AcDbHatch
 10
0.0
 20
0.0
 30
0.0
210
0.0
220
0.0
230
1.0
  2
SOLID
 70
1
 71
0
 91
1
 92
1
 93
1
 72
2
 10
185.5
 20
248.24
 40
0.35
 50
0.0
 51
360.0
 73
1
 97
0
 75
0
 76
1
 98
0
  0
LINE
  5
7E9
330
711
100
AcDbEntity
 67
1
  8
E-SEMA-SEMBOL
370
35
100
AcDbLine
 10
185.5
 20
248.24
 30
0.0
 11
187.9
 21
243.6
 31
0.0
  0
LINE
  5
7EA
330
711
100
AcDbEntity
 67
1
  8
E-SEMA-TEL
370
25
100
AcDbLine
 10
185.5
 20
243.28
 30
0.0
 11
185.5
 21
242.0
 31
0.0
  0
LWPOLYLINE
  5
7EB
330
711
100
AcDbEntity
 67
1
  8
E-SEMA-SEMBOL
370
25
100
AcDbPolyline
 90
4
 70
1
 10
186.4
 20
243.28
 10
187.8
 20
243.28
 10
187.8
 20
245.68
 10
186.4
 20
245.68
  0
LINE
  5
7EC
330
711
100
AcDbEntity
 67
1
  8
E-SEMA-SEMBOL
  6
DASHED
370
18
100
AcDbLine
 10
181.5
 20
244.6
 30
0.0
 11
185.5
 21
244.6
 31
0.0
  0
TEXT
  5
7ED
330
711
100
AcDbEntity
 67
1
  8
E-SEMA-YAZI
100
AcDbText
 10
180.4
 20
249.2
 30
0.0
 40
1.5
  1
1
  7
GYM
 72
2
 11
180.4
 21
249.2
 31
0.0
100
AcDbText
 73
2
  0
TEXT
  5
7EE
330
711
100
AcDbEntity
 67
1
  8
E-SEMA-YAZI
100
AcDbText
 10
180.4
 20
235.2
 30
0.0
 40
1.5
  1
2
  7
GYM
 72
2
 11
180.4
 21
235.2
 31
0.0
100
AcDbText
 73
2
  0
TEXT
  5
7EF
330
711
100
AcDbEntity
 67
1
  8
E-SEMA-YAZI
100
AcDbText
 10
184.4
 20
249.2
 30
0.0
 40
1.5
  1
N
  7
GYM
 72
2
 11
184.4
 21
249.2
 31
0.0
100
AcDbText
 73
2
  0
TEXT
  5
7F0
330
711
100
AcDbEntity
 67
1
  8
E-SEMA-YAZI
100
AcDbText
 10
184.4
 20
235.2
 30
0.0
 40
1.5
  1
N
  7
GYM
 72
2
 11
184.4
 21
235.2
 31
0.0
100
AcDbText
 73
2
  0
LWPOLYLINE
  5
7F1
330
711
100
AcDbEntity
 67
1
  8
E-SEMA-SEMBOL
370
35
100
AcDbPolyline
 90
4
 70
1
 10
178.9
 20
234.0
 10
188.1
 20
234.0
 10
188.1
 20
239.0
 10
178.9
 20
239.0
  0
TEXT
  5
7F2
330
711
100
AcDbEntity
 67
1
  8
E-SEMA-SEMBOL
100
AcDbText
 10
181.9
 20
236.5
 30
0.0
 40
2.2
  1
I
  7
GYM
 72
1
 11
181.9
 21
236.5
 31
0.0
100
AcDbText
 73
2
  0
LINE
  5
7F3
330
711
100
AcDbEntity
 67
1
  8
E-SEMA-SEMBOL
370
25
100
AcDbLine
 10
185.1
 20
237.4
 30
0.0
 11
185.1
 21
236.4
 31
0.0
  0
LINE
  5
7F4
330
711
100
AcDbEntity
 67
1
  8
E-SEMA-SEMBOL
370
25
100
AcDbLine
 10
184.0
 20
236.4
 30
0.0
 11
186.2
 21
236.4
 31
0.0
  0
LINE
  5
7F5
330
711
100
AcDbEntity
 67
1
  8
E-SEMA-SEMBOL
370
25
100
AcDbLine
 10
184.4
 20
235.95000000000002
 30
0.0
 11
185.79999999999998
 21
235.95000000000002
 31
0.0
  0
LINE
  5
7F6
330
711
100
AcDbEntity
 67
1
  8
E-SEMA-SEMBOL
370
25
100
AcDbLine
 10
184.75
 20
235.5
 30
0.0
 11
185.45
 21
235.5
 31
0.0
  0
LINE
  5
7F7
330
711
100
AcDbEntity
 67
1
  8
E-SEMA-TEL
370
25
100
AcDbLine
 10
181.5
 20
234.0
 30
0.0
 11
181.5
 21
232.4
 31
0.0
  0
LINE
  5
7F8
330
711
100
AcDbEntity
 67
1
  8
E-SEMA-TEL
370
25
100
AcDbLine
 10
185.5
 20
234.0
 30
0.0
 11
185.5
 21
232.4
 31
0.0
  0
LWPOLYLINE
  5
7F9
330
711
100
AcDbEntity
 67
1
  8
E-SEMA-SEMBOL
370
25
100
AcDbPolyline
 90
4
 70
1
 10
172.5
 20
246.6
 10
175.5
 20
246.6
 10
175.5
 20
249.6
 10
172.5
 20
249.6
  0
LINE
  5
7FA
330
711
100
AcDbEntity
 67
1
  8
E-SEMA-SEMBOL
370
18
100
AcDbLine
 10
172.5
 20
246.6
 30
0.0
 11
175.5
 21
249.6
 31
0.0
  0
LINE
  5
7FB
330
711
100
AcDbEntity
 67
1
  8
E-SEMA-TEL
370
25
100
AcDbLine
 10
170.5
 20
248.1
 30
0.0
 11
172.5
 21
248.1
 31
0.0
  0
LINE
  5
7FC
330
711
100
AcDbEntity
 67
1
  8
E-SEMA-TEL
370
25
100
AcDbLine
 10
175.5
 20
248.1
 30
0.0
 11
181.5
 21
248.1
 31
0.0
  0
TEXT
  5
7FD
330
711
100
AcDbEntity
 67
1
  8
E-SEMA-YAZI
100
AcDbText
 10
169.0
 20
237.4
 30
0.0
 40
2.2
  1
-ID3
  7
GYM
 72
2
 11
169.0
 21
237.4
 31
0.0
100
AcDbText
 73
2
  0
TEXT
  5
7FE
330
711
100
AcDbEntity
 67
1
  8
E-SEMA-YAZI
100
AcDbText
 10
169.0
 20
235.20000000000002
 30
0.0
 40
1.5
  1
2×40A/30mA
  7
GYM
 72
2
 11
169.0
 21
235.20000000000002
 31
0.0
100
AcDbText
 73
2
  0
TEXT
  5
7FF
330
711
100
AcDbEntity
 67
1
  8
E-SEMA-YAZI
100
AcDbText
 10
169.0
 20
233.00000000000003
 30
0.0
 40
1.5
  1
A tipi
  7
GYM
 72
2
 11
169.0
 21
233.00000000000003
 31
0.0
100
AcDbText
 73
2
  0
TEXT
  5
800
330
711
100
AcDbEntity
 67
1
  8
E-SEMA-YAZI
100
AcDbText
 10
169.0
 20
229.4
 30
0.0
 40
1.5
  1
RCD-3
  7
GYM
 72
2
 11
169.0
 21
229.4
 31
0.0
100
AcDbText
 73
2
  0
LINE
  5
801
330
711
100
AcDbEntity
 67
1
  8
E-SEMA-TEL
370
25
100
AcDbLine
 10
181.5
 20
234.0
 30
0.0
 11
181.5
 21
231.8
 31
0.0
  0
LINE
  5
802
330
711
100
AcDbEntity
 67
1
  8
E-SEMA-RAY
370
25
100
AcDbLine
 10
181.5
 20
231.8
 30
0.0
 11
239.0
 21
231.8
 31
0.0
  0
TEXT
  5
803
330
711
100
AcDbEntity
 67
1
  8
E-SEMA-YAZI
100
AcDbText
 10
240.0
 20
231.8
 30
0.0
 40
1.5
  1
L1
  7
GYM
 11
240.0
 21
231.8
 31
0.0
100
AcDbText
 73
2
  0
LINE
  5
804
330
711
100
AcDbEntity
 67
1
  8
E-SEMA-TEL
370
25
100
AcDbLine
 10
185.5
 20
234.0
 30
0.0
 11
185.5
 21
229.20000000000002
 31
0.0
  0
LINE
  5
805
330
711
100
AcDbEntity
 67
1
  8
E-SEMA-RAY
370
25
100
AcDbLine
 10
185.5
 20
229.20000000000002
 30
0.0
 11
239.0
 21
229.20000000000002
 31
0.0
  0
TEXT
  5
806
330
711
100
AcDbEntity
 67
1
  8
E-SEMA-YAZI
100
AcDbText
 10
240.0
 20
229.20000000000002
 30
0.0
 40
1.5
  1
N3
  7
GYM
 11
240.0
 21
229.20000000000002
 31
0.0
100
AcDbText
 73
2
  0
HATCH
  5
807
330
711
100
AcDbEntity
 67
1
  8
E-SEMA-SEMBOL
 62
7
100
AcDbHatch
 10
0.0
 20
0.0
 30
0.0
210
0.0
220
0.0
230
1.0
  2
SOLID
 70
1
 71
0
 91
1
 92
1
 93
1
 72
2
 10
276.5
 20
262.0
 40
0.55
 50
0.0
 51
360.0
 73
1
 97
0
 75
0
 76
1
 98
0
  0
LINE
  5
808
330
711
100
AcDbEntity
 67
1
  8
E-SEMA-TEL
370
25
100
AcDbLine
 10
276.5
 20
262.0
 30
0.0
 11
276.5
 21
250.0
 31
0.0
  0
HATCH
  5
809
330
711
100
AcDbEntity
 67
1
  8
E-SEMA-SEMBOL
 62
7
100
AcDbHatch
 10
0.0
 20
0.0
 30
0.0
210
0.0
220
0.0
230
1.0
  2
SOLID
 70
1
 71
0
 91
1
 92
1
 93
1
 72
2
 10
280.5
 20
257.0
 40
0.55
 50
0.0
 51
360.0
 73
1
 97
0
 75
0
 76
1
 98
0
  0
LINE
  5
80A
330
711
100
AcDbEntity
 67
1
  8
E-SEMA-TEL
370
25
100
AcDbLine
 10
280.5
 20
257.0
 30
0.0
 11
280.5
 21
250.0
 31
0.0
  0
LINE
  5
80B
330
711
100
AcDbEntity
 67
1
  8
E-SEMA-TEL
370
25
100
AcDbLine
 10
276.5
 20
250.0
 30
0.0
 11
276.5
 21
248.24
 31
0.0
  0
HATCH
  5
80C
330
711
100
AcDbEntity
 67
1
  8
E-SEMA-SEMBOL
 62
7
100
AcDbHatch
 10
0.0
 20
0.0
 30
0.0
210
0.0
220
0.0
230
1.0
  2
SOLID
 70
1
 71
0
 91
1
 92
1
 93
1
 72
2
 10
276.5
 20
248.24
 40
0.35
 50
0.0
 51
360.0
 73
1
 97
0
 75
0
 76
1
 98
0
  0
LINE
  5
80D
330
711
100
AcDbEntity
 67
1
  8
E-SEMA-SEMBOL
370
35
100
AcDbLine
 10
276.5
 20
248.24
 30
0.0
 11
278.9
 21
243.6
 31
0.0
  0
LINE
  5
80E
330
711
100
AcDbEntity
 67
1
  8
E-SEMA-TEL
370
25
100
AcDbLine
 10
276.5
 20
243.28
 30
0.0
 11
276.5
 21
242.0
 31
0.0
  0
LWPOLYLINE
  5
80F
330
711
100
AcDbEntity
 67
1
  8
E-SEMA-SEMBOL
370
25
100
AcDbPolyline
 90
4
 70
1
 10
277.4
 20
243.28
 10
278.8
 20
243.28
 10
278.8
 20
245.68
 10
277.4
 20
245.68
  0
LINE
  5
810
330
711
100
AcDbEntity
 67
1
  8
E-SEMA-TEL
370
25
100
AcDbLine
 10
280.5
 20
250.0
 30
0.0
 11
280.5
 21
248.24
 31
0.0
  0
HATCH
  5
811
330
711
100
AcDbEntity
 67
1
  8
E-SEMA-SEMBOL
 62
7
100
AcDbHatch
 10
0.0
 20
0.0
 30
0.0
210
0.0
220
0.0
230
1.0
  2
SOLID
 70
1
 71
0
 91
1
 92
1
 93
1
 72
2
 10
280.5
 20
248.24
 40
0.35
 50
0.0
 51
360.0
 73
1
 97
0
 75
0
 76
1
 98
0
  0
LINE
  5
812
330
711
100
AcDbEntity
 67
1
  8
E-SEMA-SEMBOL
370
35
100
AcDbLine
 10
280.5
 20
248.24
 30
0.0
 11
282.9
 21
243.6
 31
0.0
  0
LINE
  5
813
330
711
100
AcDbEntity
 67
1
  8
E-SEMA-TEL
370
25
100
AcDbLine
 10
280.5
 20
243.28
 30
0.0
 11
280.5
 21
242.0
 31
0.0
  0
LWPOLYLINE
  5
814
330
711
100
AcDbEntity
 67
1
  8
E-SEMA-SEMBOL
370
25
100
AcDbPolyline
 90
4
 70
1
 10
281.4
 20
243.28
 10
282.8
 20
243.28
 10
282.8
 20
245.68
 10
281.4
 20
245.68
  0
LINE
  5
815
330
711
100
AcDbEntity
 67
1
  8
E-SEMA-SEMBOL
  6
DASHED
370
18
100
AcDbLine
 10
276.5
 20
244.6
 30
0.0
 11
280.5
 21
244.6
 31
0.0
  0
TEXT
  5
816
330
711
100
AcDbEntity
 67
1
  8
E-SEMA-YAZI
100
AcDbText
 10
275.4
 20
249.2
 30
0.0
 40
1.5
  1
1
  7
GYM
 72
2
 11
275.4
 21
249.2
 31
0.0
100
AcDbText
 73
2
  0
TEXT
  5
817
330
711
100
AcDbEntity
 67
1
  8
E-SEMA-YAZI
100
AcDbText
 10
275.4
 20
235.2
 30
0.0
 40
1.5
  1
2
  7
GYM
 72
2
 11
275.4
 21
235.2
 31
0.0
100
AcDbText
 73
2
  0
TEXT
  5
818
330
711
100
AcDbEntity
 67
1
  8
E-SEMA-YAZI
100
AcDbText
 10
279.4
 20
249.2
 30
0.0
 40
1.5
  1
N
  7
GYM
 72
2
 11
279.4
 21
249.2
 31
0.0
100
AcDbText
 73
2
  0
TEXT
  5
819
330
711
100
AcDbEntity
 67
1
  8
E-SEMA-YAZI
100
AcDbText
 10
279.4
 20
235.2
 30
0.0
 40
1.5
  1
N
  7
GYM
 72
2
 11
279.4
 21
235.2
 31
0.0
100
AcDbText
 73
2
  0
LWPOLYLINE
  5
81A
330
711
100
AcDbEntity
 67
1
  8
E-SEMA-SEMBOL
370
35
100
AcDbPolyline
 90
4
 70
1
 10
273.9
 20
234.0
 10
283.1
 20
234.0
 10
283.1
 20
239.0
 10
273.9
 20
239.0
  0
TEXT
  5
81B
330
711
100
AcDbEntity
 67
1
  8
E-SEMA-SEMBOL
100
AcDbText
 10
276.9
 20
236.5
 30
0.0
 40
2.2
  1
I
  7
GYM
 72
1
 11
276.9
 21
236.5
 31
0.0
100
AcDbText
 73
2
  0
LINE
  5
81C
330
711
100
AcDbEntity
 67
1
  8
E-SEMA-SEMBOL
370
25
100
AcDbLine
 10
280.1
 20
237.4
 30
0.0
 11
280.1
 21
236.4
 31
0.0
  0
LINE
  5
81D
330
711
100
AcDbEntity
 67
1
  8
E-SEMA-SEMBOL
370
25
100
AcDbLine
 10
279.0
 20
236.4
 30
0.0
 11
281.20000000000005
 21
236.4
 31
0.0
  0
LINE
  5
81E
330
711
100
AcDbEntity
 67
1
  8
E-SEMA-SEMBOL
370
25
100
AcDbLine
 10
279.40000000000003
 20
235.95000000000002
 30
0.0
 11
280.8
 21
235.95000000000002
 31
0.0
  0
LINE
  5
81F
330
711
100
AcDbEntity
 67
1
  8
E-SEMA-SEMBOL
370
25
100
AcDbLine
 10
279.75
 20
235.5
 30
0.0
 11
280.45000000000005
 21
235.5
 31
0.0
  0
LINE
  5
820
330
711
100
AcDbEntity
 67
1
  8
E-SEMA-TEL
370
25
100
AcDbLine
 10
276.5
 20
234.0
 30
0.0
 11
276.5
 21
232.4
 31
0.0
  0
LINE
  5
821
330
711
100
AcDbEntity
 67
1
  8
E-SEMA-TEL
370
25
100
AcDbLine
 10
280.5
 20
234.0
 30
0.0
 11
280.5
 21
232.4
 31
0.0
  0
LWPOLYLINE
  5
822
330
711
100
AcDbEntity
 67
1
  8
E-SEMA-SEMBOL
370
25
100
AcDbPolyline
 90
4
 70
1
 10
267.5
 20
246.6
 10
270.5
 20
246.6
 10
270.5
 20
249.6
 10
267.5
 20
249.6
  0
LINE
  5
823
330
711
100
AcDbEntity
 67
1
  8
E-SEMA-SEMBOL
370
18
100
AcDbLine
 10
267.5
 20
246.6
 30
0.0
 11
270.5
 21
249.6
 31
0.0
  0
LINE
  5
824
330
711
100
AcDbEntity
 67
1
  8
E-SEMA-TEL
370
25
100
AcDbLine
 10
265.5
 20
248.1
 30
0.0
 11
267.5
 21
248.1
 31
0.0
  0
LINE
  5
825
330
711
100
AcDbEntity
 67
1
  8
E-SEMA-TEL
370
25
100
AcDbLine
 10
270.5
 20
248.1
 30
0.0
 11
276.5
 21
248.1
 31
0.0
  0
TEXT
  5
826
330
711
100
AcDbEntity
 67
1
  8
E-SEMA-YAZI
100
AcDbText
 10
264.0
 20
237.4
 30
0.0
 40
2.2
  1
-ID4
  7
GYM
 72
2
 11
264.0
 21
237.4
 31
0.0
100
AcDbText
 73
2
  0
TEXT
  5
827
330
711
100
AcDbEntity
 67
1
  8
E-SEMA-YAZI
100
AcDbText
 10
264.0
 20
235.20000000000002
 30
0.0
 40
1.5
  1
2×40A/30mA
  7
GYM
 72
2
 11
264.0
 21
235.20000000000002
 31
0.0
100
AcDbText
 73
2
  0
TEXT
  5
828
330
711
100
AcDbEntity
 67
1
  8
E-SEMA-YAZI
100
AcDbText
 10
264.0
 20
233.00000000000003
 30
0.0
 40
1.5
  1
A tipi
  7
GYM
 72
2
 11
264.0
 21
233.00000000000003
 31
0.0
100
AcDbText
 73
2
  0
TEXT
  5
829
330
711
100
AcDbEntity
 67
1
  8
E-SEMA-YAZI
100
AcDbText
 10
264.0
 20
229.4
 30
0.0
 40
1.5
  1
RCD-4
  7
GYM
 72
2
 11
264.0
 21
229.4
 31
0.0
100
AcDbText
 73
2
  0
LINE
  5
82A
330
711
100
AcDbEntity
 67
1
  8
E-SEMA-TEL
370
25
100
AcDbLine
 10
276.5
 20
234.0
 30
0.0
 11
276.5
 21
231.8
 31
0.0
  0
LINE
  5
82B
330
711
100
AcDbEntity
 67
1
  8
E-SEMA-RAY
370
25
100
AcDbLine
 10
276.5
 20
231.8
 30
0.0
 11
334.0
 21
231.8
 31
0.0
  0
TEXT
  5
82C
330
711
100
AcDbEntity
 67
1
  8
E-SEMA-YAZI
100
AcDbText
 10
335.0
 20
231.8
 30
0.0
 40
1.5
  1
L3
  7
GYM
 11
335.0
 21
231.8
 31
0.0
100
AcDbText
 73
2
  0
LINE
  5
82D
330
711
100
AcDbEntity
 67
1
  8
E-SEMA-TEL
370
25
100
AcDbLine
 10
280.5
 20
234.0
 30
0.0
 11
280.5
 21
229.20000000000002
 31
0.0
  0
LINE
  5
82E
330
711
100
AcDbEntity
 67
1
  8
E-SEMA-RAY
370
25
100
AcDbLine
 10
280.5
 20
229.20000000000002
 30
0.0
 11
334.0
 21
229.20000000000002
 31
0.0
  0
TEXT
  5
82F
330
711
100
AcDbEntity
 67
1
  8
E-SEMA-YAZI
100
AcDbText
 10
335.0
 20
229.20000000000002
 30
0.0
 40
1.5
  1
N4
  7
GYM
 11
335.0
 21
229.20000000000002
 31
0.0
100
AcDbText
 73
2
  0
HATCH
  5
830
330
711
100
AcDbEntity
 67
1
  8
E-SEMA-SEMBOL
 62
7
100
AcDbHatch
 10
0.0
 20
0.0
 30
0.0
210
0.0
220
0.0
230
1.0
  2
SOLID
 70
1
 71
0
 91
1
 92
1
 93
1
 72
2
 10
371.5
 20
272.0
 40
0.55
 50
0.0
 51
360.0
 73
1
 97
0
 75
0
 76
1
 98
0
  0
LINE
  5
831
330
711
100
AcDbEntity
 67
1
  8
E-SEMA-TEL
370
25
100
AcDbLine
 10
371.5
 20
272.0
 30
0.0
 11
371.5
 21
250.0
 31
0.0
  0
HATCH
  5
832
330
711
100
AcDbEntity
 67
1
  8
E-SEMA-SEMBOL
 62
7
100
AcDbHatch
 10
0.0
 20
0.0
 30
0.0
210
0.0
220
0.0
230
1.0
  2
SOLID
 70
1
 71
0
 91
1
 92
1
 93
1
 72
2
 10
375.5
 20
267.0
 40
0.55
 50
0.0
 51
360.0
 73
1
 97
0
 75
0
 76
1
 98
0
  0
LINE
  5
833
330
711
100
AcDbEntity
 67
1
  8
E-SEMA-TEL
370
25
100
AcDbLine
 10
375.5
 20
267.0
 30
0.0
 11
375.5
 21
250.0
 31
0.0
  0
HATCH
  5
834
330
711
100
AcDbEntity
 67
1
  8
E-SEMA-SEMBOL
 62
7
100
AcDbHatch
 10
0.0
 20
0.0
 30
0.0
210
0.0
220
0.0
230
1.0
  2
SOLID
 70
1
 71
0
 91
1
 92
1
 93
1
 72
2
 10
379.5
 20
262.0
 40
0.55
 50
0.0
 51
360.0
 73
1
 97
0
 75
0
 76
1
 98
0
  0
LINE
  5
835
330
711
100
AcDbEntity
 67
1
  8
E-SEMA-TEL
370
25
100
AcDbLine
 10
379.5
 20
262.0
 30
0.0
 11
379.5
 21
250.0
 31
0.0
  0
HATCH
  5
836
330
711
100
AcDbEntity
 67
1
  8
E-SEMA-SEMBOL
 62
7
100
AcDbHatch
 10
0.0
 20
0.0
 30
0.0
210
0.0
220
0.0
230
1.0
  2
SOLID
 70
1
 71
0
 91
1
 92
1
 93
1
 72
2
 10
383.5
 20
257.0
 40
0.55
 50
0.0
 51
360.0
 73
1
 97
0
 75
0
 76
1
 98
0
  0
LINE
  5
837
330
711
100
AcDbEntity
 67
1
  8
E-SEMA-TEL
370
25
100
AcDbLine
 10
383.5
 20
257.0
 30
0.0
 11
383.5
 21
250.0
 31
0.0
  0
LINE
  5
838
330
711
100
AcDbEntity
 67
1
  8
E-SEMA-TEL
370
25
100
AcDbLine
 10
371.5
 20
250.0
 30
0.0
 11
371.5
 21
248.24
 31
0.0
  0
HATCH
  5
839
330
711
100
AcDbEntity
 67
1
  8
E-SEMA-SEMBOL
 62
7
100
AcDbHatch
 10
0.0
 20
0.0
 30
0.0
210
0.0
220
0.0
230
1.0
  2
SOLID
 70
1
 71
0
 91
1
 92
1
 93
1
 72
2
 10
371.5
 20
248.24
 40
0.35
 50
0.0
 51
360.0
 73
1
 97
0
 75
0
 76
1
 98
0
  0
LINE
  5
83A
330
711
100
AcDbEntity
 67
1
  8
E-SEMA-SEMBOL
370
35
100
AcDbLine
 10
371.5
 20
248.24
 30
0.0
 11
373.9
 21
243.6
 31
0.0
  0
LINE
  5
83B
330
711
100
AcDbEntity
 67
1
  8
E-SEMA-TEL
370
25
100
AcDbLine
 10
371.5
 20
243.28
 30
0.0
 11
371.5
 21
242.0
 31
0.0
  0
LWPOLYLINE
  5
83C
330
711
100
AcDbEntity
 67
1
  8
E-SEMA-SEMBOL
370
25
100
AcDbPolyline
 90
4
 70
1
 10
372.4
 20
243.28
 10
373.8
 20
243.28
 10
373.8
 20
245.68
 10
372.4
 20
245.68
  0
LINE
  5
83D
330
711
100
AcDbEntity
 67
1
  8
E-SEMA-TEL
370
25
100
AcDbLine
 10
375.5
 20
250.0
 30
0.0
 11
375.5
 21
248.24
 31
0.0
  0
HATCH
  5
83E
330
711
100
AcDbEntity
 67
1
  8
E-SEMA-SEMBOL
 62
7
100
AcDbHatch
 10
0.0
 20
0.0
 30
0.0
210
0.0
220
0.0
230
1.0
  2
SOLID
 70
1
 71
0
 91
1
 92
1
 93
1
 72
2
 10
375.5
 20
248.24
 40
0.35
 50
0.0
 51
360.0
 73
1
 97
0
 75
0
 76
1
 98
0
  0
LINE
  5
83F
330
711
100
AcDbEntity
 67
1
  8
E-SEMA-SEMBOL
370
35
100
AcDbLine
 10
375.5
 20
248.24
 30
0.0
 11
377.9
 21
243.6
 31
0.0
  0
LINE
  5
840
330
711
100
AcDbEntity
 67
1
  8
E-SEMA-TEL
370
25
100
AcDbLine
 10
375.5
 20
243.28
 30
0.0
 11
375.5
 21
242.0
 31
0.0
  0
LWPOLYLINE
  5
841
330
711
100
AcDbEntity
 67
1
  8
E-SEMA-SEMBOL
370
25
100
AcDbPolyline
 90
4
 70
1
 10
376.4
 20
243.28
 10
377.8
 20
243.28
 10
377.8
 20
245.68
 10
376.4
 20
245.68
  0
LINE
  5
842
330
711
100
AcDbEntity
 67
1
  8
E-SEMA-TEL
370
25
100
AcDbLine
 10
379.5
 20
250.0
 30
0.0
 11
379.5
 21
248.24
 31
0.0
  0
HATCH
  5
843
330
711
100
AcDbEntity
 67
1
  8
E-SEMA-SEMBOL
 62
7
100
AcDbHatch
 10
0.0
 20
0.0
 30
0.0
210
0.0
220
0.0
230
1.0
  2
SOLID
 70
1
 71
0
 91
1
 92
1
 93
1
 72
2
 10
379.5
 20
248.24
 40
0.35
 50
0.0
 51
360.0
 73
1
 97
0
 75
0
 76
1
 98
0
  0
LINE
  5
844
330
711
100
AcDbEntity
 67
1
  8
E-SEMA-SEMBOL
370
35
100
AcDbLine
 10
379.5
 20
248.24
 30
0.0
 11
381.9
 21
243.6
 31
0.0
  0
LINE
  5
845
330
711
100
AcDbEntity
 67
1
  8
E-SEMA-TEL
370
25
100
AcDbLine
 10
379.5
 20
243.28
 30
0.0
 11
379.5
 21
242.0
 31
0.0
  0
LWPOLYLINE
  5
846
330
711
100
AcDbEntity
 67
1
  8
E-SEMA-SEMBOL
370
25
100
AcDbPolyline
 90
4
 70
1
 10
380.4
 20
243.28
 10
381.8
 20
243.28
 10
381.8
 20
245.68
 10
380.4
 20
245.68
  0
LINE
  5
847
330
711
100
AcDbEntity
 67
1
  8
E-SEMA-TEL
370
25
100
AcDbLine
 10
383.5
 20
250.0
 30
0.0
 11
383.5
 21
248.24
 31
0.0
  0
HATCH
  5
848
330
711
100
AcDbEntity
 67
1
  8
E-SEMA-SEMBOL
 62
7
100
AcDbHatch
 10
0.0
 20
0.0
 30
0.0
210
0.0
220
0.0
230
1.0
  2
SOLID
 70
1
 71
0
 91
1
 92
1
 93
1
 72
2
 10
383.5
 20
248.24
 40
0.35
 50
0.0
 51
360.0
 73
1
 97
0
 75
0
 76
1
 98
0
  0
LINE
  5
849
330
711
100
AcDbEntity
 67
1
  8
E-SEMA-SEMBOL
370
35
100
AcDbLine
 10
383.5
 20
248.24
 30
0.0
 11
385.9
 21
243.6
 31
0.0
  0
LINE
  5
84A
330
711
100
AcDbEntity
 67
1
  8
E-SEMA-TEL
370
25
100
AcDbLine
 10
383.5
 20
243.28
 30
0.0
 11
383.5
 21
242.0
 31
0.0
  0
LWPOLYLINE
  5
84B
330
711
100
AcDbEntity
 67
1
  8
E-SEMA-SEMBOL
370
25
100
AcDbPolyline
 90
4
 70
1
 10
384.4
 20
243.28
 10
385.8
 20
243.28
 10
385.8
 20
245.68
 10
384.4
 20
245.68
  0
LINE
  5
84C
330
711
100
AcDbEntity
 67
1
  8
E-SEMA-SEMBOL
  6
DASHED
370
18
100
AcDbLine
 10
371.5
 20
244.6
 30
0.0
 11
383.5
 21
244.6
 31
0.0
  0
TEXT
  5
84D
330
711
100
AcDbEntity
 67
1
  8
E-SEMA-YAZI
100
AcDbText
 10
370.4
 20
249.2
 30
0.0
 40
1.5
  1
1
  7
GYM
 72
2
 11
370.4
 21
249.2
 31
0.0
100
AcDbText
 73
2
  0
TEXT
  5
84E
330
711
100
AcDbEntity
 67
1
  8
E-SEMA-YAZI
100
AcDbText
 10
370.4
 20
235.2
 30
0.0
 40
1.5
  1
2
  7
GYM
 72
2
 11
370.4
 21
235.2
 31
0.0
100
AcDbText
 73
2
  0
TEXT
  5
84F
330
711
100
AcDbEntity
 67
1
  8
E-SEMA-YAZI
100
AcDbText
 10
374.4
 20
249.2
 30
0.0
 40
1.5
  1
3
  7
GYM
 72
2
 11
374.4
 21
249.2
 31
0.0
100
AcDbText
 73
2
  0
TEXT
  5
850
330
711
100
AcDbEntity
 67
1
  8
E-SEMA-YAZI
100
AcDbText
 10
374.4
 20
235.2
 30
0.0
 40
1.5
  1
4
  7
GYM
 72
2
 11
374.4
 21
235.2
 31
0.0
100
AcDbText
 73
2
  0
TEXT
  5
851
330
711
100
AcDbEntity
 67
1
  8
E-SEMA-YAZI
100
AcDbText
 10
378.4
 20
249.2
 30
0.0
 40
1.5
  1
5
  7
GYM
 72
2
 11
378.4
 21
249.2
 31
0.0
100
AcDbText
 73
2
  0
TEXT
  5
852
330
711
100
AcDbEntity
 67
1
  8
E-SEMA-YAZI
100
AcDbText
 10
378.4
 20
235.2
 30
0.0
 40
1.5
  1
6
  7
GYM
 72
2
 11
378.4
 21
235.2
 31
0.0
100
AcDbText
 73
2
  0
TEXT
  5
853
330
711
100
AcDbEntity
 67
1
  8
E-SEMA-YAZI
100
AcDbText
 10
382.4
 20
249.2
 30
0.0
 40
1.5
  1
N
  7
GYM
 72
2
 11
382.4
 21
249.2
 31
0.0
100
AcDbText
 73
2
  0
TEXT
  5
854
330
711
100
AcDbEntity
 67
1
  8
E-SEMA-YAZI
100
AcDbText
 10
382.4
 20
235.2
 30
0.0
 40
1.5
  1
N
  7
GYM
 72
2
 11
382.4
 21
235.2
 31
0.0
100
AcDbText
 73
2
  0
LWPOLYLINE
  5
855
330
711
100
AcDbEntity
 67
1
  8
E-SEMA-SEMBOL
370
35
100
AcDbPolyline
 90
4
 70
1
 10
368.9
 20
234.0
 10
386.1
 20
234.0
 10
386.1
 20
239.0
 10
368.9
 20
239.0
  0
TEXT
  5
856
330
711
100
AcDbEntity
 67
1
  8
E-SEMA-SEMBOL
100
AcDbText
 10
375.9
 20
236.5
 30
0.0
 40
2.2
  1
I
  7
GYM
 72
1
 11
375.9
 21
236.5
 31
0.0
100
AcDbText
 73
2
  0
LINE
  5
857
330
711
100
AcDbEntity
 67
1
  8
E-SEMA-SEMBOL
370
25
100
AcDbLine
 10
379.1
 20
237.4
 30
0.0
 11
379.1
 21
236.4
 31
0.0
  0
LINE
  5
858
330
711
100
AcDbEntity
 67
1
  8
E-SEMA-SEMBOL
370
25
100
AcDbLine
 10
378.0
 20
236.4
 30
0.0
 11
380.20000000000005
 21
236.4
 31
0.0
  0
LINE
  5
859
330
711
100
AcDbEntity
 67
1
  8
E-SEMA-SEMBOL
370
25
100
AcDbLine
 10
378.40000000000003
 20
235.95000000000002
 30
0.0
 11
379.8
 21
235.95000000000002
 31
0.0
  0
LINE
  5
85A
330
711
100
AcDbEntity
 67
1
  8
E-SEMA-SEMBOL
370
25
100
AcDbLine
 10
378.75
 20
235.5
 30
0.0
 11
379.45000000000005
 21
235.5
 31
0.0
  0
LINE
  5
85B
330
711
100
AcDbEntity
 67
1
  8
E-SEMA-TEL
370
25
100
AcDbLine
 10
371.5
 20
234.0
 30
0.0
 11
371.5
 21
232.4
 31
0.0
  0
LINE
  5
85C
330
711
100
AcDbEntity
 67
1
  8
E-SEMA-TEL
370
25
100
AcDbLine
 10
375.5
 20
234.0
 30
0.0
 11
375.5
 21
232.4
 31
0.0
  0
LINE
  5
85D
330
711
100
AcDbEntity
 67
1
  8
E-SEMA-TEL
370
25
100
AcDbLine
 10
379.5
 20
234.0
 30
0.0
 11
379.5
 21
232.4
 31
0.0
  0
LINE
  5
85E
330
711
100
AcDbEntity
 67
1
  8
E-SEMA-TEL
370
25
100
AcDbLine
 10
383.5
 20
234.0
 30
0.0
 11
383.5
 21
232.4
 31
0.0
  0
LWPOLYLINE
  5
85F
330
711
100
AcDbEntity
 67
1
  8
E-SEMA-SEMBOL
370
25
100
AcDbPolyline
 90
4
 70
1
 10
362.5
 20
246.6
 10
365.5
 20
246.6
 10
365.5
 20
249.6
 10
362.5
 20
249.6
  0
LINE
  5
860
330
711
100
AcDbEntity
 67
1
  8
E-SEMA-SEMBOL
370
18
100
AcDbLine
 10
362.5
 20
246.6
 30
0.0
 11
365.5
 21
249.6
 31
0.0
  0
LINE
  5
861
330
711
100
AcDbEntity
 67
1
  8
E-SEMA-TEL
370
25
100
AcDbLine
 10
360.5
 20
248.1
 30
0.0
 11
362.5
 21
248.1
 31
0.0
  0
LINE
  5
862
330
711
100
AcDbEntity
 67
1
  8
E-SEMA-TEL
370
25
100
AcDbLine
 10
365.5
 20
248.1
 30
0.0
 11
371.5
 21
248.1
 31
0.0
  0
TEXT
  5
863
330
711
100
AcDbEntity
 67
1
  8
E-SEMA-YAZI
100
AcDbText
 10
359.0
 20
237.4
 30
0.0
 40
2.2
  1
-ID5
  7
GYM
 72
2
 11
359.0
 21
237.4
 31
0.0
100
AcDbText
 73
2
  0
TEXT
  5
864
330
711
100
AcDbEntity
 67
1
  8
E-SEMA-YAZI
100
AcDbText
 10
359.0
 20
235.20000000000002
 30
0.0
 40
1.5
  1
4×40A/30mA
  7
GYM
 72
2
 11
359.0
 21
235.20000000000002
 31
0.0
100
AcDbText
 73
2
  0
TEXT
  5
865
330
711
100
AcDbEntity
 67
1
  8
E-SEMA-YAZI
100
AcDbText
 10
359.0
 20
233.00000000000003
 30
0.0
 40
1.5
  1
A tipi
  7
GYM
 72
2
 11
359.0
 21
233.00000000000003
 31
0.0
100
AcDbText
 73
2
  0
TEXT
  5
866
330
711
100
AcDbEntity
 67
1
  8
E-SEMA-YAZI
100
AcDbText
 10
359.0
 20
229.4
 30
0.0
 40
1.5
  1
RCD-5
  7
GYM
 72
2
 11
359.0
 21
229.4
 31
0.0
100
AcDbText
 73
2
  0
LINE
  5
867
330
711
100
AcDbEntity
 67
1
  8
E-SEMA-TEL
370
25
100
AcDbLine
 10
371.5
 20
234.0
 30
0.0
 11
371.5
 21
231.8
 31
0.0
  0
LINE
  5
868
330
711
100
AcDbEntity
 67
1
  8
E-SEMA-RAY
370
25
100
AcDbLine
 10
371.5
 20
231.8
 30
0.0
 11
381.5
 21
231.8
 31
0.0
  0
TEXT
  5
869
330
711
100
AcDbEntity
 67
1
  8
E-SEMA-YAZI
100
AcDbText
 10
382.5
 20
231.8
 30
0.0
 40
1.5
  1
L1
  7
GYM
 11
382.5
 21
231.8
 31
0.0
100
AcDbText
 73
2
  0
LINE
  5
86A
330
711
100
AcDbEntity
 67
1
  8
E-SEMA-TEL
370
25
100
AcDbLine
 10
375.5
 20
234.0
 30
0.0
 11
375.5
 21
229.20000000000002
 31
0.0
  0
LINE
  5
86B
330
711
100
AcDbEntity
 67
1
  8
E-SEMA-RAY
370
25
100
AcDbLine
 10
375.5
 20
229.20000000000002
 30
0.0
 11
381.5
 21
229.20000000000002
 31
0.0
  0
TEXT
  5
86C
330
711
100
AcDbEntity
 67
1
  8
E-SEMA-YAZI
100
AcDbText
 10
382.5
 20
229.20000000000002
 30
0.0
 40
1.5
  1
L2
  7
GYM
 11
382.5
 21
229.20000000000002
 31
0.0
100
AcDbText
 73
2
  0
LINE
  5
86D
330
711
100
AcDbEntity
 67
1
  8
E-SEMA-TEL
370
25
100
AcDbLine
 10
379.5
 20
234.0
 30
0.0
 11
379.5
 21
226.60000000000002
 31
0.0
  0
LINE
  5
86E
330
711
100
AcDbEntity
 67
1
  8
E-SEMA-RAY
370
25
100
AcDbLine
 10
379.5
 20
226.60000000000002
 30
0.0
 11
381.5
 21
226.60000000000002
 31
0.0
  0
TEXT
  5
86F
330
711
100
AcDbEntity
 67
1
  8
E-SEMA-YAZI
100
AcDbText
 10
382.5
 20
226.60000000000002
 30
0.0
 40
1.5
  1
L3
  7
GYM
 11
382.5
 21
226.60000000000002
 31
0.0
100
AcDbText
 73
2
  0
LINE
  5
870
330
711
100
AcDbEntity
 67
1
  8
E-SEMA-TEL
370
25
100
AcDbLine
 10
383.5
 20
234.0
 30
0.0
 11
383.5
 21
224.0
 31
0.0
  0
LINE
  5
871
330
711
100
AcDbEntity
 67
1
  8
E-SEMA-RAY
370
25
100
AcDbLine
 10
383.5
 20
224.0
 30
0.0
 11
381.5
 21
224.0
 31
0.0
  0
TEXT
  5
872
330
711
100
AcDbEntity
 67
1
  8
E-SEMA-YAZI
100
AcDbText
 10
382.5
 20
224.0
 30
0.0
 40
1.5
  1
N5
  7
GYM
 11
382.5
 21
224.0
 31
0.0
100
AcDbText
 73
2
  0
HATCH
  5
873
330
711
100
AcDbEntity
 67
1
  8
E-SEMA-SEMBOL
 62
7
100
AcDbHatch
 10
0.0
 20
0.0
 30
0.0
210
0.0
220
0.0
230
1.0
  2
SOLID
 70
1
 71
0
 91
1
 92
1
 93
1
 72
2
 10
39.0
 20
231.8
 40
0.55
 50
0.0
 51
360.0
 73
1
 97
0
 75
0
 76
1
 98
0
  0
LINE
  5
874
330
711
100
AcDbEntity
 67
1
  8
E-SEMA-TEL
370
25
100
AcDbLine
 10
39.0
 20
231.8
 30
0.0
 11
39.0
 21
218.0
 31
0.0
  0
HATCH
  5
875
330
711
100
AcDbEntity
 67
1
  8
E-SEMA-SEMBOL
 62
7
100
AcDbHatch
 10
0.0
 20
0.0
 30
0.0
210
0.0
220
0.0
230
1.0
  2
SOLID
 70
1
 71
0
 91
1
 92
1
 93
1
 72
2
 10
43.0
 20
224.0
 40
0.55
 50
0.0
 51
360.0
 73
1
 97
0
 75
0
 76
1
 98
0
  0
LINE
  5
876
330
711
100
AcDbEntity
 67
1
  8
E-SEMA-TEL
370
25
100
AcDbLine
 10
43.0
 20
224.0
 30
0.0
 11
43.0
 21
140.8
 31
0.0
  0
TEXT
  5
877
330
711
100
AcDbEntity
 67
1
  8
E-SEMA-YAZI
100
AcDbText
 10
44.4
 20
213.4
 30
0.0
 40
1.5
  1
N2
  7
GYM
 11
44.4
 21
213.4
 31
0.0
100
AcDbText
 73
2
  0
LINE
  5
878
330
711
100
AcDbEntity
 67
1
  8
E-SEMA-TEL
370
25
100
AcDbLine
 10
39.0
 20
218.0
 30
0.0
 11
39.0
 21
215.36
 31
0.0
  0
HATCH
  5
879
330
711
100
AcDbEntity
 67
1
  8
E-SEMA-SEMBOL
 62
7
100
AcDbHatch
 10
0.0
 20
0.0
 30
0.0
210
0.0
220
0.0
230
1.0
  2
SOLID
 70
1
 71
0
 91
1
 92
1
 93
1
 72
2
 10
39.0
 20
215.36
 40
0.35
 50
0.0
 51
360.0
 73
1
 97
0
 75
0
 76
1
 98
0
  0
LINE
  5
87A
330
711
100
AcDbEntity
 67
1
  8
E-SEMA-SEMBOL
370
35
100
AcDbLine
 10
39.0
 20
215.36
 30
0.0
 11
42.6
 21
208.4
 31
0.0
  0
LINE
  5
87B
330
711
100
AcDbEntity
 67
1
  8
E-SEMA-TEL
370
25
100
AcDbLine
 10
39.0
 20
207.92
 30
0.0
 11
39.0
 21
206.0
 31
0.0
  0
LWPOLYLINE
  5
87C
330
711
100
AcDbEntity
 67
1
  8
E-SEMA-SEMBOL
370
25
100
AcDbPolyline
 90
4
 70
1
 10
39.9
 20
207.92
 10
41.3
 20
207.92
 10
41.3
 20
211.52
 10
39.9
 20
211.52
  0
TEXT
  5
87D
330
711
100
AcDbEntity
 67
1
  8
E-SEMA-YAZI
100
AcDbText
 10
37.8
 20
217.4
 30
0.0
 40
1.5
  1
1
  7
GYM
 72
2
 11
37.8
 21
217.4
 31
0.0
100
AcDbText
 73
2
  0
TEXT
  5
87E
330
711
100
AcDbEntity
 67
1
  8
E-SEMA-YAZI
100
AcDbText
 10
42.1
 20
208.0
 30
0.0
 40
1.5
  1
2
  7
GYM
 11
42.1
 21
208.0
 31
0.0
100
AcDbText
 73
2
  0
TEXT
  5
87F
330
711
100
AcDbEntity
 67
1
  8
E-SEMA-YAZI
100
AcDbText
 10
35.6
 20
217.6
 30
0.0
 40
2.2
  1
-F9
  7
GYM
 72
2
 11
35.6
 21
217.6
 31
0.0
100
AcDbText
 73
2
  0
TEXT
  5
880
330
711
100
AcDbEntity
 67
1
  8
E-SEMA-YAZI
100
AcDbText
 10
35.6
 20
215.0
 30
0.0
 40
1.5
  1
16 A
  7
GYM
 72
2
 11
35.6
 21
215.0
 31
0.0
100
AcDbText
 73
2
  0
TEXT
  5
881
330
711
100
AcDbEntity
 67
1
  8
E-SEMA-YAZI
100
AcDbText
 10
35.6
 20
213.0
 30
0.0
 40
1.5
  1
1P C
  7
GYM
 72
2
 11
35.6
 21
213.0
 31
0.0
100
AcDbText
 73
2
  0
TEXT
  5
882
330
711
100
AcDbEntity
 67
1
  8
E-SEMA-YAZI
100
AcDbText
 10
35.6
 20
211.0
 30
0.0
 40
1.5
  1
6kA
  7
GYM
 72
2
 11
35.6
 21
211.0
 31
0.0
100
AcDbText
 73
2
  0
LINE
  5
883
330
711
100
AcDbEntity
 67
1
  8
E-SEMA-TEL
370
25
100
AcDbLine
 10
39.0
 20
206.0
 30
0.0
 11
39.0
 21
140.8
 31
0.0
  0
TEXT
  5
884
330
711
100
AcDbEntity
 67
1
  8
E-SEMA-YAZI
100
AcDbText
 10
37.6
 20
178.0
 30
0.0
 40
1.5
  1
19
 50
90.0
  7
GYM
 72
1
 11
37.6
 21
178.0
 31
0.0
100
AcDbText
 73
2
  0
HATCH
  5
885
330
711
100
AcDbEntity
 67
1
  8
E-SEMA-SEMBOL
 62
7
100
AcDbHatch
 10
0.0
 20
0.0
 30
0.0
210
0.0
220
0.0
230
1.0
  2
SOLID
 70
1
 71
0
 91
1
 92
1
 93
1
 72
2
 10
47.0
 20
150.0
 40
0.55
 50
0.0
 51
360.0
 73
1
 97
0
 75
0
 76
1
 98
0
  0
LINE
  5
886
330
711
100
AcDbEntity
 67
1
  8
E-SEMA-PE
  6
DASHDOT
370
25
100
AcDbLine
 10
47.0
 20
150.0
 30
0.0
 11
47.0
 21
140.8
 31
0.0
  0
CIRCLE
  5
887
330
711
100
AcDbEntity
 67
1
  8
E-SEMA-KLEMENS
370
25
100
AcDbCircle
 10
39.0
 20
140.0
 30
0.0
 40
0.8
  0
TEXT
  5
888
330
711
100
AcDbEntity
 67
1
  8
E-SEMA-YAZI
100
AcDbText
 10
37.4
 20
142.2
 30
0.0
 40
1.5
  1
9
  7
GYM
 72
2
 11
37.4
 21
142.2
 31
0.0
100
AcDbText
 73
2
  0
CIRCLE
  5
889
330
711
100
AcDbEntity
 67
1
  8
E-SEMA-KLEMENS
370
25
100
AcDbCircle
 10
43.0
 20
140.0
 30
0.0
 40
0.8
  0
TEXT
  5
88A
330
711
100
AcDbEntity
 67
1
  8
E-SEMA-YAZI
100
AcDbText
 10
44.6
 20
142.2
 30
0.0
 40
1.5
  1
N2
  7
GYM
 11
44.6
 21
142.2
 31
0.0
100
AcDbText
 73
2
  0
CIRCLE
  5
88B
330
711
100
AcDbEntity
 67
1
  8
E-SEMA-KLEMENS
370
25
100
AcDbCircle
 10
47.0
 20
140.0
 30
0.0
 40
0.8
  0
TEXT
  5
88C
330
711
100
AcDbEntity
 67
1
  8
E-SEMA-YAZI
100
AcDbText
 10
48.6
 20
142.2
 30
0.0
 40
1.5
  1
PE
  7
GYM
 11
48.6
 21
142.2
 31
0.0
100
AcDbText
 73
2
  0
LINE
  5
88D
330
711
100
AcDbEntity
 67
1
  8
E-SEMA-TEL
370
25
100
AcDbLine
 10
39.0
 20
139.2
 30
0.0
 11
39.0
 21
124.0
 31
0.0
  0
LINE
  5
88E
330
711
100
AcDbEntity
 67
1
  8
E-SEMA-TEL
370
25
100
AcDbLine
 10
43.0
 20
139.2
 30
0.0
 11
43.0
 21
124.0
 31
0.0
  0
LINE
  5
88F
330
711
100
AcDbEntity
 67
1
  8
E-SEMA-PE
  6
DASHDOT
370
25
100
AcDbLine
 10
47.0
 20
139.2
 30
0.0
 11
47.0
 21
124.0
 31
0.0
  0
TEXT
  5
890
330
711
100
AcDbEntity
 67
1
  8
E-SEMA-YAZI
100
AcDbText
 10
43.0
 20
131.0
 30
0.0
 40
1.5
  1
3×2,5 NHXMH
  7
GYM
 72
1
 11
43.0
 21
131.0
 31
0.0
100
AcDbText
 73
2
  0
LINE
  5
891
330
711
100
AcDbEntity
 67
1
  8
E-SEMA-YAZI
370
13
100
AcDbLine
 10
36.0
 20
132.6
 30
0.0
 11
50.0
 21
132.6
 31
0.0
  0
LWPOLYLINE
  5
892
330
711
100
AcDbEntity
 67
1
  8
E-SEMA-YUK
  6
DASHED
370
18
100
AcDbPolyline
 90
4
 70
1
 10
36.9
 20
110.0
 10
49.099999999999994
 20
110.0
 10
49.099999999999994
 20
124.0
 10
36.9
 20
124.0
  0
LWPOLYLINE
  5
893
330
711
100
AcDbEntity
 67
1
  8
E-SEMA-YUK
370
18
100
AcDbPolyline
 90
4
 70
1
 10
38.800000000000004
 20
111.4
 10
40.4
 20
111.4
 10
40.4
 20
122.6
 10
38.800000000000004
 20
122.6
  0
TEXT
  5
894
330
711
100
AcDbEntity
 67
1
  8
E-SEMA-YUK
100
AcDbText
 10
39.6
 20
123.5
 30
0.0
 40
1.5
  1
L
  7
GYM
 72
1
 11
39.6
 21
123.5
 31
0.0
100
AcDbText
 73
2
  0
LWPOLYLINE
  5
895
330
711
100
AcDbEntity
 67
1
  8
E-SEMA-YUK
370
18
100
AcDbPolyline
 90
4
 70
1
 10
42.2
 20
111.4
 10
43.8
 20
111.4
 10
43.8
 20
122.6
 10
42.2
 20
122.6
  0
TEXT
  5
896
330
711
100
AcDbEntity
 67
1
  8
E-SEMA-YUK
100
AcDbText
 10
43.0
 20
123.5
 30
0.0
 40
1.5
  1
N
  7
GYM
 72
1
 11
43.0
 21
123.5
 31
0.0
100
AcDbText
 73
2
  0
LWPOLYLINE
  5
897
330
711
100
AcDbEntity
 67
1
  8
E-SEMA-YUK
370
18
100
AcDbPolyline
 90
4
 70
1
 10
45.6
 20
111.4
 10
47.199999999999996
 20
111.4
 10
47.199999999999996
 20
122.6
 10
45.6
 20
122.6
  0
TEXT
  5
898
330
711
100
AcDbEntity
 67
1
  8
E-SEMA-YUK
100
AcDbText
 10
46.4
 20
123.5
 30
0.0
 40
1.5
  1
PE
  7
GYM
 72
1
 11
46.4
 21
123.5
 31
0.0
100
AcDbText
 73
2
  0
TEXT
  5
899
330
711
100
AcDbEntity
 67
1
  8
E-SEMA-YAZI
100
AcDbText
 10
43.0
 20
103.0
 30
0.0
 40
2.8
  1
P4
  7
GYM-B
 72
1
 11
43.0
 21
103.0
 31
0.0
100
AcDbText
 73
2
  0
TEXT
  5
89A
330
711
100
AcDbEntity
 67
1
  8
E-SEMA-YAZI
100
AcDbText
 10
43.0
 20
97.0
 30
0.0
 40
1.8
  1
Priz · kardiyo
  7
GYM
 72
1
 11
43.0
 21
97.0
 31
0.0
100
AcDbText
 73
2
  0
TEXT
  5
89B
330
711
100
AcDbEntity
 67
1
  8
E-SEMA-YAZI
100
AcDbText
 10
43.0
 20
94.4
 30
0.0
 40
1.8
  1
ekipmanı (ayrı linye)
  7
GYM
 72
1
 11
43.0
 21
94.4
 31
0.0
100
AcDbText
 73
2
  0
HATCH
  5
89C
330
711
100
AcDbEntity
 67
1
  8
E-SEMA-SEMBOL
 62
7
100
AcDbHatch
 10
0.0
 20
0.0
 30
0.0
210
0.0
220
0.0
230
1.0
  2
SOLID
 70
1
 71
0
 91
1
 92
1
 93
1
 72
2
 10
86.5
 20
231.8
 40
0.55
 50
0.0
 51
360.0
 73
1
 97
0
 75
0
 76
1
 98
0
  0
LINE
  5
89D
330
711
100
AcDbEntity
 67
1
  8
E-SEMA-TEL
370
25
100
AcDbLine
 10
86.5
 20
231.8
 30
0.0
 11
86.5
 21
218.0
 31
0.0
  0
HATCH
  5
89E
330
711
100
AcDbEntity
 67
1
  8
E-SEMA-SEMBOL
 62
7
100
AcDbHatch
 10
0.0
 20
0.0
 30
0.0
210
0.0
220
0.0
230
1.0
  2
SOLID
 70
1
 71
0
 91
1
 92
1
 93
1
 72
2
 10
90.5
 20
224.0
 40
0.55
 50
0.0
 51
360.0
 73
1
 97
0
 75
0
 76
1
 98
0
  0
LINE
  5
89F
330
711
100
AcDbEntity
 67
1
  8
E-SEMA-TEL
370
25
100
AcDbLine
 10
90.5
 20
224.0
 30
0.0
 11
90.5
 21
140.8
 31
0.0
  0
TEXT
  5
8A0
330
711
100
AcDbEntity
 67
1
  8
E-SEMA-YAZI
100
AcDbText
 10
91.9
 20
213.4
 30
0.0
 40
1.5
  1
N2
  7
GYM
 11
91.9
 21
213.4
 31
0.0
100
AcDbText
 73
2
  0
LINE
  5
8A1
330
711
100
AcDbEntity
 67
1
  8
E-SEMA-TEL
370
25
100
AcDbLine
 10
86.5
 20
218.0
 30
0.0
 11
86.5
 21
215.36
 31
0.0
  0
HATCH
  5
8A2
330
711
100
AcDbEntity
 67
1
  8
E-SEMA-SEMBOL
 62
7
100
AcDbHatch
 10
0.0
 20
0.0
 30
0.0
210
0.0
220
0.0
230
1.0
  2
SOLID
 70
1
 71
0
 91
1
 92
1
 93
1
 72
2
 10
86.5
 20
215.36
 40
0.35
 50
0.0
 51
360.0
 73
1
 97
0
 75
0
 76
1
 98
0
  0
LINE
  5
8A3
330
711
100
AcDbEntity
 67
1
  8
E-SEMA-SEMBOL
370
35
100
AcDbLine
 10
86.5
 20
215.36
 30
0.0
 11
90.1
 21
208.4
 31
0.0
  0
LINE
  5
8A4
330
711
100
AcDbEntity
 67
1
  8
E-SEMA-TEL
370
25
100
AcDbLine
 10
86.5
 20
207.92
 30
0.0
 11
86.5
 21
206.0
 31
0.0
  0
LWPOLYLINE
  5
8A5
330
711
100
AcDbEntity
 67
1
  8
E-SEMA-SEMBOL
370
25
100
AcDbPolyline
 90
4
 70
1
 10
87.4
 20
207.92
 10
88.8
 20
207.92
 10
88.8
 20
211.52
 10
87.4
 20
211.52
  0
TEXT
  5
8A6
330
711
100
AcDbEntity
 67
1
  8
E-SEMA-YAZI
100
AcDbText
 10
85.3
 20
217.4
 30
0.0
 40
1.5
  1
1
  7
GYM
 72
2
 11
85.3
 21
217.4
 31
0.0
100
AcDbText
 73
2
  0
TEXT
  5
8A7
330
711
100
AcDbEntity
 67
1
  8
E-SEMA-YAZI
100
AcDbText
 10
89.6
 20
208.0
 30
0.0
 40
1.5
  1
2
  7
GYM
 11
89.6
 21
208.0
 31
0.0
100
AcDbText
 73
2
  0
TEXT
  5
8A8
330
711
100
AcDbEntity
 67
1
  8
E-SEMA-YAZI
100
AcDbText
 10
83.1
 20
217.6
 30
0.0
 40
2.2
  1
-F10
  7
GYM
 72
2
 11
83.1
 21
217.6
 31
0.0
100
AcDbText
 73
2
  0
TEXT
  5
8A9
330
711
100
AcDbEntity
 67
1
  8
E-SEMA-YAZI
100
AcDbText
 10
83.1
 20
215.0
 30
0.0
 40
1.5
  1
16 A
  7
GYM
 72
2
 11
83.1
 21
215.0
 31
0.0
100
AcDbText
 73
2
  0
TEXT
  5
8AA
330
711
100
AcDbEntity
 67
1
  8
E-SEMA-YAZI
100
AcDbText
 10
83.1
 20
213.0
 30
0.0
 40
1.5
  1
1P C
  7
GYM
 72
2
 11
83.1
 21
213.0
 31
0.0
100
AcDbText
 73
2
  0
TEXT
  5
8AB
330
711
100
AcDbEntity
 67
1
  8
E-SEMA-YAZI
100
AcDbText
 10
83.1
 20
211.0
 30
0.0
 40
1.5
  1
6kA
  7
GYM
 72
2
 11
83.1
 21
211.0
 31
0.0
100
AcDbText
 73
2
  0
LINE
  5
8AC
330
711
100
AcDbEntity
 67
1
  8
E-SEMA-TEL
370
25
100
AcDbLine
 10
86.5
 20
206.0
 30
0.0
 11
86.5
 21
140.8
 31
0.0
  0
TEXT
  5
8AD
330
711
100
AcDbEntity
 67
1
  8
E-SEMA-YAZI
100
AcDbText
 10
85.1
 20
178.0
 30
0.0
 40
1.5
  1
20
 50
90.0
  7
GYM
 72
1
 11
85.1
 21
178.0
 31
0.0
100
AcDbText
 73
2
  0
HATCH
  5
8AE
330
711
100
AcDbEntity
 67
1
  8
E-SEMA-SEMBOL
 62
7
100
AcDbHatch
 10
0.0
 20
0.0
 30
0.0
210
0.0
220
0.0
230
1.0
  2
SOLID
 70
1
 71
0
 91
1
 92
1
 93
1
 72
2
 10
94.5
 20
150.0
 40
0.55
 50
0.0
 51
360.0
 73
1
 97
0
 75
0
 76
1
 98
0
  0
LINE
  5
8AF
330
711
100
AcDbEntity
 67
1
  8
E-SEMA-PE
  6
DASHDOT
370
25
100
AcDbLine
 10
94.5
 20
150.0
 30
0.0
 11
94.5
 21
140.8
 31
0.0
  0
CIRCLE
  5
8B0
330
711
100
AcDbEntity
 67
1
  8
E-SEMA-KLEMENS
370
25
100
AcDbCircle
 10
86.5
 20
140.0
 30
0.0
 40
0.8
  0
TEXT
  5
8B1
330
711
100
AcDbEntity
 67
1
  8
E-SEMA-YAZI
100
AcDbText
 10
84.9
 20
142.2
 30
0.0
 40
1.5
  1
10
  7
GYM
 72
2
 11
84.9
 21
142.2
 31
0.0
100
AcDbText
 73
2
  0
CIRCLE
  5
8B2
330
711
100
AcDbEntity
 67
1
  8
E-SEMA-KLEMENS
370
25
100
AcDbCircle
 10
90.5
 20
140.0
 30
0.0
 40
0.8
  0
TEXT
  5
8B3
330
711
100
AcDbEntity
 67
1
  8
E-SEMA-YAZI
100
AcDbText
 10
92.1
 20
142.2
 30
0.0
 40
1.5
  1
N2
  7
GYM
 11
92.1
 21
142.2
 31
0.0
100
AcDbText
 73
2
  0
CIRCLE
  5
8B4
330
711
100
AcDbEntity
 67
1
  8
E-SEMA-KLEMENS
370
25
100
AcDbCircle
 10
94.5
 20
140.0
 30
0.0
 40
0.8
  0
TEXT
  5
8B5
330
711
100
AcDbEntity
 67
1
  8
E-SEMA-YAZI
100
AcDbText
 10
96.1
 20
142.2
 30
0.0
 40
1.5
  1
PE
  7
GYM
 11
96.1
 21
142.2
 31
0.0
100
AcDbText
 73
2
  0
LINE
  5
8B6
330
711
100
AcDbEntity
 67
1
  8
E-SEMA-TEL
370
25
100
AcDbLine
 10
86.5
 20
139.2
 30
0.0
 11
86.5
 21
124.0
 31
0.0
  0
LINE
  5
8B7
330
711
100
AcDbEntity
 67
1
  8
E-SEMA-TEL
370
25
100
AcDbLine
 10
90.5
 20
139.2
 30
0.0
 11
90.5
 21
124.0
 31
0.0
  0
LINE
  5
8B8
330
711
100
AcDbEntity
 67
1
  8
E-SEMA-PE
  6
DASHDOT
370
25
100
AcDbLine
 10
94.5
 20
139.2
 30
0.0
 11
94.5
 21
124.0
 31
0.0
  0
TEXT
  5
8B9
330
711
100
AcDbEntity
 67
1
  8
E-SEMA-YAZI
100
AcDbText
 10
90.5
 20
131.0
 30
0.0
 40
1.5
  1
3×2,5 NHXMH
  7
GYM
 72
1
 11
90.5
 21
131.0
 31
0.0
100
AcDbText
 73
2
  0
LINE
  5
8BA
330
711
100
AcDbEntity
 67
1
  8
E-SEMA-YAZI
370
13
100
AcDbLine
 10
83.5
 20
132.6
 30
0.0
 11
97.5
 21
132.6
 31
0.0
  0
LWPOLYLINE
  5
8BB
330
711
100
AcDbEntity
 67
1
  8
E-SEMA-YUK
  6
DASHED
370
18
100
AcDbPolyline
 90
4
 70
1
 10
84.4
 20
110.0
 10
96.60000000000001
 20
110.0
 10
96.60000000000001
 20
124.0
 10
84.4
 20
124.0
  0
LWPOLYLINE
  5
8BC
330
711
100
AcDbEntity
 67
1
  8
E-SEMA-YUK
370
18
100
AcDbPolyline
 90
4
 70
1
 10
86.30000000000001
 20
111.4
 10
87.9
 20
111.4
 10
87.9
 20
122.6
 10
86.30000000000001
 20
122.6
  0
TEXT
  5
8BD
330
711
100
AcDbEntity
 67
1
  8
E-SEMA-YUK
100
AcDbText
 10
87.10000000000001
 20
123.5
 30
0.0
 40
1.5
  1
L
  7
GYM
 72
1
 11
87.10000000000001
 21
123.5
 31
0.0
100
AcDbText
 73
2
  0
LWPOLYLINE
  5
8BE
330
711
100
AcDbEntity
 67
1
  8
E-SEMA-YUK
370
18
100
AcDbPolyline
 90
4
 70
1
 10
89.70000000000002
 20
111.4
 10
91.30000000000001
 20
111.4
 10
91.30000000000001
 20
122.6
 10
89.70000000000002
 20
122.6
  0
TEXT
  5
8BF
330
711
100
AcDbEntity
 67
1
  8
E-SEMA-YUK
100
AcDbText
 10
90.50000000000001
 20
123.5
 30
0.0
 40
1.5
  1
N
  7
GYM
 72
1
 11
90.50000000000001
 21
123.5
 31
0.0
100
AcDbText
 73
2
  0
LWPOLYLINE
  5
8C0
330
711
100
AcDbEntity
 67
1
  8
E-SEMA-YUK
370
18
100
AcDbPolyline
 90
4
 70
1
 10
93.10000000000001
 20
111.4
 10
94.7
 20
111.4
 10
94.7
 20
122.6
 10
93.10000000000001
 20
122.6
  0
TEXT
  5
8C1
330
711
100
AcDbEntity
 67
1
  8
E-SEMA-YUK
100
AcDbText
 10
93.9
 20
123.5
 30
0.0
 40
1.5
  1
PE
  7
GYM
 72
1
 11
93.9
 21
123.5
 31
0.0
100
AcDbText
 73
2
  0
TEXT
  5
8C2
330
711
100
AcDbEntity
 67
1
  8
E-SEMA-YAZI
100
AcDbText
 10
90.5
 20
103.0
 30
0.0
 40
2.8
  1
P6
  7
GYM-B
 72
1
 11
90.5
 21
103.0
 31
0.0
100
AcDbText
 73
2
  0
TEXT
  5
8C3
330
711
100
AcDbEntity
 67
1
  8
E-SEMA-YAZI
100
AcDbText
 10
90.5
 20
97.0
 30
0.0
 40
1.8
  1
Priz · salon batı ve
  7
GYM
 72
1
 11
90.5
 21
97.0
 31
0.0
100
AcDbText
 73
2
  0
TEXT
  5
8C4
330
711
100
AcDbEntity
 67
1
  8
E-SEMA-YAZI
100
AcDbText
 10
90.5
 20
94.4
 30
0.0
 40
1.8
  1
doğu (PR2–PR4, PR10,
  7
GYM
 72
1
 11
90.5
 21
94.4
 31
0.0
100
AcDbText
 73
2
  0
TEXT
  5
8C5
330
711
100
AcDbEntity
 67
1
  8
E-SEMA-YAZI
100
AcDbText
 10
90.5
 20
91.80000000000001
 30
0.0
 40
1.8
  1
PR11)
  7
GYM
 72
1
 11
90.5
 21
91.80000000000001
 31
0.0
100
AcDbText
 73
2
  0
HATCH
  5
8C6
330
711
100
AcDbEntity
 67
1
  8
E-SEMA-SEMBOL
 62
7
100
AcDbHatch
 10
0.0
 20
0.0
 30
0.0
210
0.0
220
0.0
230
1.0
  2
SOLID
 70
1
 71
0
 91
1
 92
1
 93
1
 72
2
 10
134.0
 20
226.60000000000002
 40
0.55
 50
0.0
 51
360.0
 73
1
 97
0
 75
0
 76
1
 98
0
  0
LINE
  5
8C7
330
711
100
AcDbEntity
 67
1
  8
E-SEMA-TEL
370
25
100
AcDbLine
 10
134.0
 20
226.60000000000002
 30
0.0
 11
134.0
 21
218.0
 31
0.0
  0
HATCH
  5
8C8
330
711
100
AcDbEntity
 67
1
  8
E-SEMA-SEMBOL
 62
7
100
AcDbHatch
 10
0.0
 20
0.0
 30
0.0
210
0.0
220
0.0
230
1.0
  2
SOLID
 70
1
 71
0
 91
1
 92
1
 93
1
 72
2
 10
138.0
 20
224.0
 40
0.55
 50
0.0
 51
360.0
 73
1
 97
0
 75
0
 76
1
 98
0
  0
LINE
  5
8C9
330
711
100
AcDbEntity
 67
1
  8
E-SEMA-TEL
370
25
100
AcDbLine
 10
138.0
 20
224.0
 30
0.0
 11
138.0
 21
140.8
 31
0.0
  0
TEXT
  5
8CA
330
711
100
AcDbEntity
 67
1
  8
E-SEMA-YAZI
100
AcDbText
 10
139.4
 20
213.4
 30
0.0
 40
1.5
  1
N2
  7
GYM
 11
139.4
 21
213.4
 31
0.0
100
AcDbText
 73
2
  0
LINE
  5
8CB
330
711
100
AcDbEntity
 67
1
  8
E-SEMA-TEL
370
25
100
AcDbLine
 10
134.0
 20
218.0
 30
0.0
 11
134.0
 21
215.36
 31
0.0
  0
HATCH
  5
8CC
330
711
100
AcDbEntity
 67
1
  8
E-SEMA-SEMBOL
 62
7
100
AcDbHatch
 10
0.0
 20
0.0
 30
0.0
210
0.0
220
0.0
230
1.0
  2
SOLID
 70
1
 71
0
 91
1
 92
1
 93
1
 72
2
 10
134.0
 20
215.36
 40
0.35
 50
0.0
 51
360.0
 73
1
 97
0
 75
0
 76
1
 98
0
  0
LINE
  5
8CD
330
711
100
AcDbEntity
 67
1
  8
E-SEMA-SEMBOL
370
35
100
AcDbLine
 10
134.0
 20
215.36
 30
0.0
 11
137.6
 21
208.4
 31
0.0
  0
LINE
  5
8CE
330
711
100
AcDbEntity
 67
1
  8
E-SEMA-TEL
370
25
100
AcDbLine
 10
134.0
 20
207.92
 30
0.0
 11
134.0
 21
206.0
 31
0.0
  0
LWPOLYLINE
  5
8CF
330
711
100
AcDbEntity
 67
1
  8
E-SEMA-SEMBOL
370
25
100
AcDbPolyline
 90
4
 70
1
 10
134.9
 20
207.92
 10
136.3
 20
207.92
 10
136.3
 20
211.52
 10
134.9
 20
211.52
  0
TEXT
  5
8D0
330
711
100
AcDbEntity
 67
1
  8
E-SEMA-YAZI
100
AcDbText
 10
132.8
 20
217.4
 30
0.0
 40
1.5
  1
1
  7
GYM
 72
2
 11
132.8
 21
217.4
 31
0.0
100
AcDbText
 73
2
  0
TEXT
  5
8D1
330
711
100
AcDbEntity
 67
1
  8
E-SEMA-YAZI
100
AcDbText
 10
137.1
 20
208.0
 30
0.0
 40
1.5
  1
2
  7
GYM
 11
137.1
 21
208.0
 31
0.0
100
AcDbText
 73
2
  0
TEXT
  5
8D2
330
711
100
AcDbEntity
 67
1
  8
E-SEMA-YAZI
100
AcDbText
 10
130.6
 20
217.6
 30
0.0
 40
2.2
  1
-F11
  7
GYM
 72
2
 11
130.6
 21
217.6
 31
0.0
100
AcDbText
 73
2
  0
TEXT
  5
8D3
330
711
100
AcDbEntity
 67
1
  8
E-SEMA-YAZI
100
AcDbText
 10
130.6
 20
215.0
 30
0.0
 40
1.5
  1
10 A
  7
GYM
 72
2
 11
130.6
 21
215.0
 31
0.0
100
AcDbText
 73
2
  0
TEXT
  5
8D4
330
711
100
AcDbEntity
 67
1
  8
E-SEMA-YAZI
100
AcDbText
 10
130.6
 20
213.0
 30
0.0
 40
1.5
  1
1P C
  7
GYM
 72
2
 11
130.6
 21
213.0
 31
0.0
100
AcDbText
 73
2
  0
TEXT
  5
8D5
330
711
100
AcDbEntity
 67
1
  8
E-SEMA-YAZI
100
AcDbText
 10
130.6
 20
211.0
 30
0.0
 40
1.5
  1
6kA
  7
GYM
 72
2
 11
130.6
 21
211.0
 31
0.0
100
AcDbText
 73
2
  0
LINE
  5
8D6
330
711
100
AcDbEntity
 67
1
  8
E-SEMA-TEL
370
25
100
AcDbLine
 10
134.0
 20
206.0
 30
0.0
 11
134.0
 21
140.8
 31
0.0
  0
TEXT
  5
8D7
330
711
100
AcDbEntity
 67
1
  8
E-SEMA-YAZI
100
AcDbText
 10
132.6
 20
178.0
 30
0.0
 40
1.5
  1
21
 50
90.0
  7
GYM
 72
1
 11
132.6
 21
178.0
 31
0.0
100
AcDbText
 73
2
  0
HATCH
  5
8D8
330
711
100
AcDbEntity
 67
1
  8
E-SEMA-SEMBOL
 62
7
100
AcDbHatch
 10
0.0
 20
0.0
 30
0.0
210
0.0
220
0.0
230
1.0
  2
SOLID
 70
1
 71
0
 91
1
 92
1
 93
1
 72
2
 10
142.0
 20
150.0
 40
0.55
 50
0.0
 51
360.0
 73
1
 97
0
 75
0
 76
1
 98
0
  0
LINE
  5
8D9
330
711
100
AcDbEntity
 67
1
  8
E-SEMA-PE
  6
DASHDOT
370
25
100
AcDbLine
 10
142.0
 20
150.0
 30
0.0
 11
142.0
 21
140.8
 31
0.0
  0
CIRCLE
  5
8DA
330
711
100
AcDbEntity
 67
1
  8
E-SEMA-KLEMENS
370
25
100
AcDbCircle
 10
134.0
 20
140.0
 30
0.0
 40
0.8
  0
TEXT
  5
8DB
330
711
100
AcDbEntity
 67
1
  8
E-SEMA-YAZI
100
AcDbText
 10
132.4
 20
142.2
 30
0.0
 40
1.5
  1
11
  7
GYM
 72
2
 11
132.4
 21
142.2
 31
0.0
100
AcDbText
 73
2
  0
CIRCLE
  5
8DC
330
711
100
AcDbEntity
 67
1
  8
E-SEMA-KLEMENS
370
25
100
AcDbCircle
 10
138.0
 20
140.0
 30
0.0
 40
0.8
  0
TEXT
  5
8DD
330
711
100
AcDbEntity
 67
1
  8
E-SEMA-YAZI
100
AcDbText
 10
139.6
 20
142.2
 30
0.0
 40
1.5
  1
N2
  7
GYM
 11
139.6
 21
142.2
 31
0.0
100
AcDbText
 73
2
  0
CIRCLE
  5
8DE
330
711
100
AcDbEntity
 67
1
  8
E-SEMA-KLEMENS
370
25
100
AcDbCircle
 10
142.0
 20
140.0
 30
0.0
 40
0.8
  0
TEXT
  5
8DF
330
711
100
AcDbEntity
 67
1
  8
E-SEMA-YAZI
100
AcDbText
 10
143.6
 20
142.2
 30
0.0
 40
1.5
  1
PE
  7
GYM
 11
143.6
 21
142.2
 31
0.0
100
AcDbText
 73
2
  0
LINE
  5
8E0
330
711
100
AcDbEntity
 67
1
  8
E-SEMA-TEL
370
25
100
AcDbLine
 10
134.0
 20
139.2
 30
0.0
 11
134.0
 21
124.0
 31
0.0
  0
LINE
  5
8E1
330
711
100
AcDbEntity
 67
1
  8
E-SEMA-TEL
370
25
100
AcDbLine
 10
138.0
 20
139.2
 30
0.0
 11
138.0
 21
124.0
 31
0.0
  0
LINE
  5
8E2
330
711
100
AcDbEntity
 67
1
  8
E-SEMA-PE
  6
DASHDOT
370
25
100
AcDbLine
 10
142.0
 20
139.2
 30
0.0
 11
142.0
 21
124.0
 31
0.0
  0
TEXT
  5
8E3
330
711
100
AcDbEntity
 67
1
  8
E-SEMA-YAZI
100
AcDbText
 10
138.0
 20
131.0
 30
0.0
 40
1.5
  1
3×2,5 JE-H(St)H
  7
GYM
 72
1
 11
138.0
 21
131.0
 31
0.0
100
AcDbText
 73
2
  0
LINE
  5
8E4
330
711
100
AcDbEntity
 67
1
  8
E-SEMA-YAZI
370
13
100
AcDbLine
 10
131.0
 20
132.6
 30
0.0
 11
145.0
 21
132.6
 31
0.0
  0
LWPOLYLINE
  5
8E5
330
711
100
AcDbEntity
 67
1
  8
E-SEMA-YUK
  6
DASHED
370
18
100
AcDbPolyline
 90
4
 70
1
 10
131.9
 20
110.0
 10
144.1
 20
110.0
 10
144.1
 20
124.0
 10
131.9
 20
124.0
  0
LWPOLYLINE
  5
8E6
330
711
100
AcDbEntity
 67
1
  8
E-SEMA-YUK
370
18
100
AcDbPolyline
 90
4
 70
1
 10
133.79999999999998
 20
111.4
 10
135.4
 20
111.4
 10
135.4
 20
122.6
 10
133.79999999999998
 20
122.6
  0
TEXT
  5
8E7
330
711
100
AcDbEntity
 67
1
  8
E-SEMA-YUK
100
AcDbText
 10
134.6
 20
123.5
 30
0.0
 40
1.5
  1
L
  7
GYM
 72
1
 11
134.6
 21
123.5
 31
0.0
100
AcDbText
 73
2
  0
LWPOLYLINE
  5
8E8
330
711
100
AcDbEntity
 67
1
  8
E-SEMA-YUK
370
18
100
AcDbPolyline
 90
4
 70
1
 10
137.2
 20
111.4
 10
138.8
 20
111.4
 10
138.8
 20
122.6
 10
137.2
 20
122.6
  0
TEXT
  5
8E9
330
711
100
AcDbEntity
 67
1
  8
E-SEMA-YUK
100
AcDbText
 10
138.0
 20
123.5
 30
0.0
 40
1.5
  1
N
  7
GYM
 72
1
 11
138.0
 21
123.5
 31
0.0
100
AcDbText
 73
2
  0
LWPOLYLINE
  5
8EA
330
711
100
AcDbEntity
 67
1
  8
E-SEMA-YUK
370
18
100
AcDbPolyline
 90
4
 70
1
 10
140.6
 20
111.4
 10
142.20000000000002
 20
111.4
 10
142.20000000000002
 20
122.6
 10
140.6
 20
122.6
  0
TEXT
  5
8EB
330
711
100
AcDbEntity
 67
1
  8
E-SEMA-YUK
100
AcDbText
 10
141.4
 20
123.5
 30
0.0
 40
1.5
  1
PE
  7
GYM
 72
1
 11
141.4
 21
123.5
 31
0.0
100
AcDbText
 73
2
  0
TEXT
  5
8EC
330
711
100
AcDbEntity
 67
1
  8
E-SEMA-YAZI
100
AcDbText
 10
138.0
 20
103.0
 30
0.0
 40
2.8
  1
Z1
  7
GYM-B
 72
1
 11
138.0
 21
103.0
 31
0.0
100
AcDbText
 73
2
  0
TEXT
  5
8ED
330
711
100
AcDbEntity
 67
1
  8
E-SEMA-YAZI
100
AcDbText
 10
138.0
 20
97.0
 30
0.0
 40
1.8
  1
Zayıf akım · rack,
  7
GYM
 72
1
 11
138.0
 21
97.0
 31
0.0
100
AcDbText
 73
2
  0
TEXT
  5
8EE
330
711
100
AcDbEntity
 67
1
  8
E-SEMA-YAZI
100
AcDbText
 10
138.0
 20
94.4
 30
0.0
 40
1.8
  1
CCTV, ses, geçiş
  7
GYM
 72
1
 11
138.0
 21
94.4
 31
0.0
100
AcDbText
 73
2
  0
TEXT
  5
8EF
330
711
100
AcDbEntity
 67
1
  8
E-SEMA-YAZI
100
AcDbText
 10
138.0
 20
91.80000000000001
 30
0.0
 40
1.8
  1
kontrol
  7
GYM
 72
1
 11
138.0
 21
91.80000000000001
 31
0.0
100
AcDbText
 73
2
  0
HATCH
  5
8F0
330
711
100
AcDbEntity
 67
1
  8
E-SEMA-SEMBOL
 62
7
100
AcDbHatch
 10
0.0
 20
0.0
 30
0.0
210
0.0
220
0.0
230
1.0
  2
SOLID
 70
1
 71
0
 91
1
 92
1
 93
1
 72
2
 10
181.5
 20
231.8
 40
0.55
 50
0.0
 51
360.0
 73
1
 97
0
 75
0
 76
1
 98
0
  0
LINE
  5
8F1
330
711
100
AcDbEntity
 67
1
  8
E-SEMA-TEL
370
25
100
AcDbLine
 10
181.5
 20
231.8
 30
0.0
 11
181.5
 21
218.0
 31
0.0
  0
HATCH
  5
8F2
330
711
100
AcDbEntity
 67
1
  8
E-SEMA-SEMBOL
 62
7
100
AcDbHatch
 10
0.0
 20
0.0
 30
0.0
210
0.0
220
0.0
230
1.0
  2
SOLID
 70
1
 71
0
 91
1
 92
1
 93
1
 72
2
 10
185.5
 20
229.20000000000002
 40
0.55
 50
0.0
 51
360.0
 73
1
 97
0
 75
0
 76
1
 98
0
  0
LINE
  5
8F3
330
711
100
AcDbEntity
 67
1
  8
E-SEMA-TEL
370
25
100
AcDbLine
 10
185.5
 20
229.20000000000002
 30
0.0
 11
185.5
 21
140.8
 31
0.0
  0
TEXT
  5
8F4
330
711
100
AcDbEntity
 67
1
  8
E-SEMA-YAZI
100
AcDbText
 10
186.9
 20
213.4
 30
0.0
 40
1.5
  1
N3
  7
GYM
 11
186.9
 21
213.4
 31
0.0
100
AcDbText
 73
2
  0
LINE
  5
8F5
330
711
100
AcDbEntity
 67
1
  8
E-SEMA-TEL
370
25
100
AcDbLine
 10
181.5
 20
218.0
 30
0.0
 11
181.5
 21
215.36
 31
0.0
  0
HATCH
  5
8F6
330
711
100
AcDbEntity
 67
1
  8
E-SEMA-SEMBOL
 62
7
100
AcDbHatch
 10
0.0
 20
0.0
 30
0.0
210
0.0
220
0.0
230
1.0
  2
SOLID
 70
1
 71
0
 91
1
 92
1
 93
1
 72
2
 10
181.5
 20
215.36
 40
0.35
 50
0.0
 51
360.0
 73
1
 97
0
 75
0
 76
1
 98
0
  0
LINE
  5
8F7
330
711
100
AcDbEntity
 67
1
  8
E-SEMA-SEMBOL
370
35
100
AcDbLine
 10
181.5
 20
215.36
 30
0.0
 11
185.1
 21
208.4
 31
0.0
  0
LINE
  5
8F8
330
711
100
AcDbEntity
 67
1
  8
E-SEMA-TEL
370
25
100
AcDbLine
 10
181.5
 20
207.92
 30
0.0
 11
181.5
 21
206.0
 31
0.0
  0
LWPOLYLINE
  5
8F9
330
711
100
AcDbEntity
 67
1
  8
E-SEMA-SEMBOL
370
25
100
AcDbPolyline
 90
4
 70
1
 10
182.4
 20
207.92
 10
183.8
 20
207.92
 10
183.8
 20
211.52
 10
182.4
 20
211.52
  0
TEXT
  5
8FA
330
711
100
AcDbEntity
 67
1
  8
E-SEMA-YAZI
100
AcDbText
 10
180.3
 20
217.4
 30
0.0
 40
1.5
  1
1
  7
GYM
 72
2
 11
180.3
 21
217.4
 31
0.0
100
AcDbText
 73
2
  0
TEXT
  5
8FB
330
711
100
AcDbEntity
 67
1
  8
E-SEMA-YAZI
100
AcDbText
 10
184.6
 20
208.0
 30
0.0
 40
1.5
  1
2
  7
GYM
 11
184.6
 21
208.0
 31
0.0
100
AcDbText
 73
2
  0
TEXT
  5
8FC
330
711
100
AcDbEntity
 67
1
  8
E-SEMA-YAZI
100
AcDbText
 10
178.1
 20
217.6
 30
0.0
 40
2.2
  1
-F12
  7
GYM
 72
2
 11
178.1
 21
217.6
 31
0.0
100
AcDbText
 73
2
  0
TEXT
  5
8FD
330
711
100
AcDbEntity
 67
1
  8
E-SEMA-YAZI
100
AcDbText
 10
178.1
 20
215.0
 30
0.0
 40
1.5
  1
10 A
  7
GYM
 72
2
 11
178.1
 21
215.0
 31
0.0
100
AcDbText
 73
2
  0
TEXT
  5
8FE
330
711
100
AcDbEntity
 67
1
  8
E-SEMA-YAZI
100
AcDbText
 10
178.1
 20
213.0
 30
0.0
 40
1.5
  1
1P B
  7
GYM
 72
2
 11
178.1
 21
213.0
 31
0.0
100
AcDbText
 73
2
  0
TEXT
  5
8FF
330
711
100
AcDbEntity
 67
1
  8
E-SEMA-YAZI
100
AcDbText
 10
178.1
 20
211.0
 30
0.0
 40
1.5
  1
6kA
  7
GYM
 72
2
 11
178.1
 21
211.0
 31
0.0
100
AcDbText
 73
2
  0
LINE
  5
900
330
711
100
AcDbEntity
 67
1
  8
E-SEMA-TEL
370
25
100
AcDbLine
 10
181.5
 20
206.0
 30
0.0
 11
181.5
 21
140.8
 31
0.0
  0
TEXT
  5
901
330
711
100
AcDbEntity
 67
1
  8
E-SEMA-YAZI
100
AcDbText
 10
180.1
 20
178.0
 30
0.0
 40
1.5
  1
22
 50
90.0
  7
GYM
 72
1
 11
180.1
 21
178.0
 31
0.0
100
AcDbText
 73
2
  0
HATCH
  5
902
330
711
100
AcDbEntity
 67
1
  8
E-SEMA-SEMBOL
 62
7
100
AcDbHatch
 10
0.0
 20
0.0
 30
0.0
210
0.0
220
0.0
230
1.0
  2
SOLID
 70
1
 71
0
 91
1
 92
1
 93
1
 72
2
 10
189.5
 20
150.0
 40
0.55
 50
0.0
 51
360.0
 73
1
 97
0
 75
0
 76
1
 98
0
  0
LINE
  5
903
330
711
100
AcDbEntity
 67
1
  8
E-SEMA-PE
  6
DASHDOT
370
25
100
AcDbLine
 10
189.5
 20
150.0
 30
0.0
 11
189.5
 21
140.8
 31
0.0
  0
CIRCLE
  5
904
330
711
100
AcDbEntity
 67
1
  8
E-SEMA-KLEMENS
370
25
100
AcDbCircle
 10
181.5
 20
140.0
 30
0.0
 40
0.8
  0
TEXT
  5
905
330
711
100
AcDbEntity
 67
1
  8
E-SEMA-YAZI
100
AcDbText
 10
179.9
 20
142.2
 30
0.0
 40
1.5
  1
12
  7
GYM
 72
2
 11
179.9
 21
142.2
 31
0.0
100
AcDbText
 73
2
  0
CIRCLE
  5
906
330
711
100
AcDbEntity
 67
1
  8
E-SEMA-KLEMENS
370
25
100
AcDbCircle
 10
185.5
 20
140.0
 30
0.0
 40
0.8
  0
TEXT
  5
907
330
711
100
AcDbEntity
 67
1
  8
E-SEMA-YAZI
100
AcDbText
 10
187.1
 20
142.2
 30
0.0
 40
1.5
  1
N3
  7
GYM
 11
187.1
 21
142.2
 31
0.0
100
AcDbText
 73
2
  0
CIRCLE
  5
908
330
711
100
AcDbEntity
 67
1
  8
E-SEMA-KLEMENS
370
25
100
AcDbCircle
 10
189.5
 20
140.0
 30
0.0
 40
0.8
  0
TEXT
  5
909
330
711
100
AcDbEntity
 67
1
  8
E-SEMA-YAZI
100
AcDbText
 10
191.1
 20
142.2
 30
0.0
 40
1.5
  1
PE
  7
GYM
 11
191.1
 21
142.2
 31
0.0
100
AcDbText
 73
2
  0
LINE
  5
90A
330
711
100
AcDbEntity
 67
1
  8
E-SEMA-TEL
370
25
100
AcDbLine
 10
181.5
 20
139.2
 30
0.0
 11
181.5
 21
124.0
 31
0.0
  0
LINE
  5
90B
330
711
100
AcDbEntity
 67
1
  8
E-SEMA-TEL
370
25
100
AcDbLine
 10
185.5
 20
139.2
 30
0.0
 11
185.5
 21
124.0
 31
0.0
  0
LINE
  5
90C
330
711
100
AcDbEntity
 67
1
  8
E-SEMA-PE
  6
DASHDOT
370
25
100
AcDbLine
 10
189.5
 20
139.2
 30
0.0
 11
189.5
 21
124.0
 31
0.0
  0
TEXT
  5
90D
330
711
100
AcDbEntity
 67
1
  8
E-SEMA-YAZI
100
AcDbText
 10
185.5
 20
131.0
 30
0.0
 40
1.5
  1
3×2,5 NHXMH
  7
GYM
 72
1
 11
185.5
 21
131.0
 31
0.0
100
AcDbText
 73
2
  0
LINE
  5
90E
330
711
100
AcDbEntity
 67
1
  8
E-SEMA-YAZI
370
13
100
AcDbLine
 10
178.5
 20
132.6
 30
0.0
 11
192.5
 21
132.6
 31
0.0
  0
LWPOLYLINE
  5
90F
330
711
100
AcDbEntity
 67
1
  8
E-SEMA-YUK
  6
DASHED
370
18
100
AcDbPolyline
 90
4
 70
1
 10
179.4
 20
110.0
 10
191.6
 20
110.0
 10
191.6
 20
124.0
 10
179.4
 20
124.0
  0
LWPOLYLINE
  5
910
330
711
100
AcDbEntity
 67
1
  8
E-SEMA-YUK
370
18
100
AcDbPolyline
 90
4
 70
1
 10
181.29999999999998
 20
111.4
 10
182.9
 20
111.4
 10
182.9
 20
122.6
 10
181.29999999999998
 20
122.6
  0
TEXT
  5
911
330
711
100
AcDbEntity
 67
1
  8
E-SEMA-YUK
100
AcDbText
 10
182.1
 20
123.5
 30
0.0
 40
1.5
  1
L
  7
GYM
 72
1
 11
182.1
 21
123.5
 31
0.0
100
AcDbText
 73
2
  0
LWPOLYLINE
  5
912
330
711
100
AcDbEntity
 67
1
  8
E-SEMA-YUK
370
18
100
AcDbPolyline
 90
4
 70
1
 10
184.7
 20
111.4
 10
186.3
 20
111.4
 10
186.3
 20
122.6
 10
184.7
 20
122.6
  0
TEXT
  5
913
330
711
100
AcDbEntity
 67
1
  8
E-SEMA-YUK
100
AcDbText
 10
185.5
 20
123.5
 30
0.0
 40
1.5
  1
N
  7
GYM
 72
1
 11
185.5
 21
123.5
 31
0.0
100
AcDbText
 73
2
  0
LWPOLYLINE
  5
914
330
711
100
AcDbEntity
 67
1
  8
E-SEMA-YUK
370
18
100
AcDbPolyline
 90
4
 70
1
 10
188.1
 20
111.4
 10
189.70000000000002
 20
111.4
 10
189.70000000000002
 20
122.6
 10
188.1
 20
122.6
  0
TEXT
  5
915
330
711
100
AcDbEntity
 67
1
  8
E-SEMA-YUK
100
AcDbText
 10
188.9
 20
123.5
 30
0.0
 40
1.5
  1
PE
  7
GYM
 72
1
 11
188.9
 21
123.5
 31
0.0
100
AcDbText
 73
2
  0
TEXT
  5
916
330
711
100
AcDbEntity
 67
1
  8
E-SEMA-YAZI
100
AcDbText
 10
185.5
 20
103.0
 30
0.0
 40
2.8
  1
L5
  7
GYM-B
 72
1
 11
185.5
 21
103.0
 31
0.0
100
AcDbText
 73
2
  0
TEXT
  5
917
330
711
100
AcDbEntity
 67
1
  8
E-SEMA-YAZI
100
AcDbText
 10
185.5
 20
97.0
 30
0.0
 40
1.8
  1
Aydınlatma · ıslak
  7
GYM
 72
1
 11
185.5
 21
97.0
 31
0.0
100
AcDbText
 73
2
  0
TEXT
  5
918
330
711
100
AcDbEntity
 67
1
  8
E-SEMA-YAZI
100
AcDbText
 10
185.5
 20
94.4
 30
0.0
 40
1.8
  1
hacim (IP44)
  7
GYM
 72
1
 11
185.5
 21
94.4
 31
0.0
100
AcDbText
 73
2
  0
HATCH
  5
919
330
711
100
AcDbEntity
 67
1
  8
E-SEMA-SEMBOL
 62
7
100
AcDbHatch
 10
0.0
 20
0.0
 30
0.0
210
0.0
220
0.0
230
1.0
  2
SOLID
 70
1
 71
0
 91
1
 92
1
 93
1
 72
2
 10
229.0
 20
231.8
 40
0.55
 50
0.0
 51
360.0
 73
1
 97
0
 75
0
 76
1
 98
0
  0
LINE
  5
91A
330
711
100
AcDbEntity
 67
1
  8
E-SEMA-TEL
370
25
100
AcDbLine
 10
229.0
 20
231.8
 30
0.0
 11
229.0
 21
218.0
 31
0.0
  0
HATCH
  5
91B
330
711
100
AcDbEntity
 67
1
  8
E-SEMA-SEMBOL
 62
7
100
AcDbHatch
 10
0.0
 20
0.0
 30
0.0
210
0.0
220
0.0
230
1.0
  2
SOLID
 70
1
 71
0
 91
1
 92
1
 93
1
 72
2
 10
233.0
 20
229.20000000000002
 40
0.55
 50
0.0
 51
360.0
 73
1
 97
0
 75
0
 76
1
 98
0
  0
LINE
  5
91C
330
711
100
AcDbEntity
 67
1
  8
E-SEMA-TEL
370
25
100
AcDbLine
 10
233.0
 20
229.20000000000002
 30
0.0
 11
233.0
 21
140.8
 31
0.0
  0
TEXT
  5
91D
330
711
100
AcDbEntity
 67
1
  8
E-SEMA-YAZI
100
AcDbText
 10
234.4
 20
213.4
 30
0.0
 40
1.5
  1
N3
  7
GYM
 11
234.4
 21
213.4
 31
0.0
100
AcDbText
 73
2
  0
LINE
  5
91E
330
711
100
AcDbEntity
 67
1
  8
E-SEMA-TEL
370
25
100
AcDbLine
 10
229.0
 20
218.0
 30
0.0
 11
229.0
 21
215.36
 31
0.0
  0
HATCH
  5
91F
330
711
100
AcDbEntity
 67
1
  8
E-SEMA-SEMBOL
 62
7
100
AcDbHatch
 10
0.0
 20
0.0
 30
0.0
210
0.0
220
0.0
230
1.0
  2
SOLID
 70
1
 71
0
 91
1
 92
1
 93
1
 72
2
 10
229.0
 20
215.36
 40
0.35
 50
0.0
 51
360.0
 73
1
 97
0
 75
0
 76
1
 98
0
  0
LINE
  5
920
330
711
100
AcDbEntity
 67
1
  8
E-SEMA-SEMBOL
370
35
100
AcDbLine
 10
229.0
 20
215.36
 30
0.0
 11
232.6
 21
208.4
 31
0.0
  0
LINE
  5
921
330
711
100
AcDbEntity
 67
1
  8
E-SEMA-TEL
370
25
100
AcDbLine
 10
229.0
 20
207.92
 30
0.0
 11
229.0
 21
206.0
 31
0.0
  0
LWPOLYLINE
  5
922
330
711
100
AcDbEntity
 67
1
  8
E-SEMA-SEMBOL
370
25
100
AcDbPolyline
 90
4
 70
1
 10
229.9
 20
207.92
 10
231.3
 20
207.92
 10
231.3
 20
211.52
 10
229.9
 20
211.52
  0
TEXT
  5
923
330
711
100
AcDbEntity
 67
1
  8
E-SEMA-YAZI
100
AcDbText
 10
227.8
 20
217.4
 30
0.0
 40
1.5
  1
1
  7
GYM
 72
2
 11
227.8
 21
217.4
 31
0.0
100
AcDbText
 73
2
  0
TEXT
  5
924
330
711
100
AcDbEntity
 67
1
  8
E-SEMA-YAZI
100
AcDbText
 10
232.1
 20
208.0
 30
0.0
 40
1.5
  1
2
  7
GYM
 11
232.1
 21
208.0
 31
0.0
100
AcDbText
 73
2
  0
TEXT
  5
925
330
711
100
AcDbEntity
 67
1
  8
E-SEMA-YAZI
100
AcDbText
 10
225.6
 20
217.6
 30
0.0
 40
2.2
  1
-F13
  7
GYM
 72
2
 11
225.6
 21
217.6
 31
0.0
100
AcDbText
 73
2
  0
TEXT
  5
926
330
711
100
AcDbEntity
 67
1
  8
E-SEMA-YAZI
100
AcDbText
 10
225.6
 20
215.0
 30
0.0
 40
1.5
  1
16 A
  7
GYM
 72
2
 11
225.6
 21
215.0
 31
0.0
100
AcDbText
 73
2
  0
TEXT
  5
927
330
711
100
AcDbEntity
 67
1
  8
E-SEMA-YAZI
100
AcDbText
 10
225.6
 20
213.0
 30
0.0
 40
1.5
  1
1P C
  7
GYM
 72
2
 11
225.6
 21
213.0
 31
0.0
100
AcDbText
 73
2
  0
TEXT
  5
928
330
711
100
AcDbEntity
 67
1
  8
E-SEMA-YAZI
100
AcDbText
 10
225.6
 20
211.0
 30
0.0
 40
1.5
  1
6kA
  7
GYM
 72
2
 11
225.6
 21
211.0
 31
0.0
100
AcDbText
 73
2
  0
LINE
  5
929
330
711
100
AcDbEntity
 67
1
  8
E-SEMA-TEL
370
25
100
AcDbLine
 10
229.0
 20
206.0
 30
0.0
 11
229.0
 21
140.8
 31
0.0
  0
TEXT
  5
92A
330
711
100
AcDbEntity
 67
1
  8
E-SEMA-YAZI
100
AcDbText
 10
227.6
 20
178.0
 30
0.0
 40
1.5
  1
23
 50
90.0
  7
GYM
 72
1
 11
227.6
 21
178.0
 31
0.0
100
AcDbText
 73
2
  0
HATCH
  5
92B
330
711
100
AcDbEntity
 67
1
  8
E-SEMA-SEMBOL
 62
7
100
AcDbHatch
 10
0.0
 20
0.0
 30
0.0
210
0.0
220
0.0
230
1.0
  2
SOLID
 70
1
 71
0
 91
1
 92
1
 93
1
 72
2
 10
237.0
 20
150.0
 40
0.55
 50
0.0
 51
360.0
 73
1
 97
0
 75
0
 76
1
 98
0
  0
LINE
  5
92C
330
711
100
AcDbEntity
 67
1
  8
E-SEMA-PE
  6
DASHDOT
370
25
100
AcDbLine
 10
237.0
 20
150.0
 30
0.0
 11
237.0
 21
140.8
 31
0.0
  0
CIRCLE
  5
92D
330
711
100
AcDbEntity
 67
1
  8
E-SEMA-KLEMENS
370
25
100
AcDbCircle
 10
229.0
 20
140.0
 30
0.0
 40
0.8
  0
TEXT
  5
92E
330
711
100
AcDbEntity
 67
1
  8
E-SEMA-YAZI
100
AcDbText
 10
227.4
 20
142.2
 30
0.0
 40
1.5
  1
13
  7
GYM
 72
2
 11
227.4
 21
142.2
 31
0.0
100
AcDbText
 73
2
  0
CIRCLE
  5
92F
330
711
100
AcDbEntity
 67
1
  8
E-SEMA-KLEMENS
370
25
100
AcDbCircle
 10
233.0
 20
140.0
 30
0.0
 40
0.8
  0
TEXT
  5
930
330
711
100
AcDbEntity
 67
1
  8
E-SEMA-YAZI
100
AcDbText
 10
234.6
 20
142.2
 30
0.0
 40
1.5
  1
N3
  7
GYM
 11
234.6
 21
142.2
 31
0.0
100
AcDbText
 73
2
  0
CIRCLE
  5
931
330
711
100
AcDbEntity
 67
1
  8
E-SEMA-KLEMENS
370
25
100
AcDbCircle
 10
237.0
 20
140.0
 30
0.0
 40
0.8
  0
TEXT
  5
932
330
711
100
AcDbEntity
 67
1
  8
E-SEMA-YAZI
100
AcDbText
 10
238.6
 20
142.2
 30
0.0
 40
1.5
  1
PE
  7
GYM
 11
238.6
 21
142.2
 31
0.0
100
AcDbText
 73
2
  0
LINE
  5
933
330
711
100
AcDbEntity
 67
1
  8
E-SEMA-TEL
370
25
100
AcDbLine
 10
229.0
 20
139.2
 30
0.0
 11
229.0
 21
124.0
 31
0.0
  0
LINE
  5
934
330
711
100
AcDbEntity
 67
1
  8
E-SEMA-TEL
370
25
100
AcDbLine
 10
233.0
 20
139.2
 30
0.0
 11
233.0
 21
124.0
 31
0.0
  0
LINE
  5
935
330
711
100
AcDbEntity
 67
1
  8
E-SEMA-PE
  6
DASHDOT
370
25
100
AcDbLine
 10
237.0
 20
139.2
 30
0.0
 11
237.0
 21
124.0
 31
0.0
  0
TEXT
  5
936
330
711
100
AcDbEntity
 67
1
  8
E-SEMA-YAZI
100
AcDbText
 10
233.0
 20
131.0
 30
0.0
 40
1.5
  1
3×2,5 NHXMH
  7
GYM
 72
1
 11
233.0
 21
131.0
 31
0.0
100
AcDbText
 73
2
  0
LINE
  5
937
330
711
100
AcDbEntity
 67
1
  8
E-SEMA-YAZI
370
13
100
AcDbLine
 10
226.0
 20
132.6
 30
0.0
 11
240.0
 21
132.6
 31
0.0
  0
LWPOLYLINE
  5
938
330
711
100
AcDbEntity
 67
1
  8
E-SEMA-YUK
  6
DASHED
370
18
100
AcDbPolyline
 90
4
 70
1
 10
226.9
 20
110.0
 10
239.1
 20
110.0
 10
239.1
 20
124.0
 10
226.9
 20
124.0
  0
LWPOLYLINE
  5
939
330
711
100
AcDbEntity
 67
1
  8
E-SEMA-YUK
370
18
100
AcDbPolyline
 90
4
 70
1
 10
228.79999999999998
 20
111.4
 10
230.4
 20
111.4
 10
230.4
 20
122.6
 10
228.79999999999998
 20
122.6
  0
TEXT
  5
93A
330
711
100
AcDbEntity
 67
1
  8
E-SEMA-YUK
100
AcDbText
 10
229.6
 20
123.5
 30
0.0
 40
1.5
  1
L
  7
GYM
 72
1
 11
229.6
 21
123.5
 31
0.0
100
AcDbText
 73
2
  0
LWPOLYLINE
  5
93B
330
711
100
AcDbEntity
 67
1
  8
E-SEMA-YUK
370
18
100
AcDbPolyline
 90
4
 70
1
 10
232.2
 20
111.4
 10
233.8
 20
111.4
 10
233.8
 20
122.6
 10
232.2
 20
122.6
  0
TEXT
  5
93C
330
711
100
AcDbEntity
 67
1
  8
E-SEMA-YUK
100
AcDbText
 10
233.0
 20
123.5
 30
0.0
 40
1.5
  1
N
  7
GYM
 72
1
 11
233.0
 21
123.5
 31
0.0
100
AcDbText
 73
2
  0
LWPOLYLINE
  5
93D
330
711
100
AcDbEntity
 67
1
  8
E-SEMA-YUK
370
18
100
AcDbPolyline
 90
4
 70
1
 10
235.6
 20
111.4
 10
237.20000000000002
 20
111.4
 10
237.20000000000002
 20
122.6
 10
235.6
 20
122.6
  0
TEXT
  5
93E
330
711
100
AcDbEntity
 67
1
  8
E-SEMA-YUK
100
AcDbText
 10
236.4
 20
123.5
 30
0.0
 40
1.5
  1
PE
  7
GYM
 72
1
 11
236.4
 21
123.5
 31
0.0
100
AcDbText
 73
2
  0
TEXT
  5
93F
330
711
100
AcDbEntity
 67
1
  8
E-SEMA-YAZI
100
AcDbText
 10
233.0
 20
103.0
 30
0.0
 40
2.8
  1
P5
  7
GYM-B
 72
1
 11
233.0
 21
103.0
 31
0.0
100
AcDbText
 73
2
  0
TEXT
  5
940
330
711
100
AcDbEntity
 67
1
  8
E-SEMA-YAZI
100
AcDbText
 10
233.0
 20
97.0
 30
0.0
 40
1.8
  1
Priz · ıslak hacim
  7
GYM
 72
1
 11
233.0
 21
97.0
 31
0.0
100
AcDbText
 73
2
  0
TEXT
  5
941
330
711
100
AcDbEntity
 67
1
  8
E-SEMA-YAZI
100
AcDbText
 10
233.0
 20
94.4
 30
0.0
 40
1.8
  1
IP44 (ayrı kaçak akım)
  7
GYM
 72
1
 11
233.0
 21
94.4
 31
0.0
100
AcDbText
 73
2
  0
HATCH
  5
942
330
711
100
AcDbEntity
 67
1
  8
E-SEMA-SEMBOL
 62
7
100
AcDbHatch
 10
0.0
 20
0.0
 30
0.0
210
0.0
220
0.0
230
1.0
  2
SOLID
 70
1
 71
0
 91
1
 92
1
 93
1
 72
2
 10
276.5
 20
231.8
 40
0.55
 50
0.0
 51
360.0
 73
1
 97
0
 75
0
 76
1
 98
0
  0
LINE
  5
943
330
711
100
AcDbEntity
 67
1
  8
E-SEMA-TEL
370
25
100
AcDbLine
 10
276.5
 20
231.8
 30
0.0
 11
276.5
 21
218.0
 31
0.0
  0
HATCH
  5
944
330
711
100
AcDbEntity
 67
1
  8
E-SEMA-SEMBOL
 62
7
100
AcDbHatch
 10
0.0
 20
0.0
 30
0.0
210
0.0
220
0.0
230
1.0
  2
SOLID
 70
1
 71
0
 91
1
 92
1
 93
1
 72
2
 10
280.5
 20
229.20000000000002
 40
0.55
 50
0.0
 51
360.0
 73
1
 97
0
 75
0
 76
1
 98
0
  0
LINE
  5
945
330
711
100
AcDbEntity
 67
1
  8
E-SEMA-TEL
370
25
100
AcDbLine
 10
280.5
 20
229.20000000000002
 30
0.0
 11
280.5
 21
140.8
 31
0.0
  0
TEXT
  5
946
330
711
100
AcDbEntity
 67
1
  8
E-SEMA-YAZI
100
AcDbText
 10
281.9
 20
213.4
 30
0.0
 40
1.5
  1
N4
  7
GYM
 11
281.9
 21
213.4
 31
0.0
100
AcDbText
 73
2
  0
LINE
  5
947
330
711
100
AcDbEntity
 67
1
  8
E-SEMA-TEL
370
25
100
AcDbLine
 10
276.5
 20
218.0
 30
0.0
 11
276.5
 21
215.36
 31
0.0
  0
HATCH
  5
948
330
711
100
AcDbEntity
 67
1
  8
E-SEMA-SEMBOL
 62
7
100
AcDbHatch
 10
0.0
 20
0.0
 30
0.0
210
0.0
220
0.0
230
1.0
  2
SOLID
 70
1
 71
0
 91
1
 92
1
 93
1
 72
2
 10
276.5
 20
215.36
 40
0.35
 50
0.0
 51
360.0
 73
1
 97
0
 75
0
 76
1
 98
0
  0
LINE
  5
949
330
711
100
AcDbEntity
 67
1
  8
E-SEMA-SEMBOL
370
35
100
AcDbLine
 10
276.5
 20
215.36
 30
0.0
 11
280.1
 21
208.4
 31
0.0
  0
LINE
  5
94A
330
711
100
AcDbEntity
 67
1
  8
E-SEMA-TEL
370
25
100
AcDbLine
 10
276.5
 20
207.92
 30
0.0
 11
276.5
 21
206.0
 31
0.0
  0
LWPOLYLINE
  5
94B
330
711
100
AcDbEntity
 67
1
  8
E-SEMA-SEMBOL
370
25
100
AcDbPolyline
 90
4
 70
1
 10
277.4
 20
207.92
 10
278.8
 20
207.92
 10
278.8
 20
211.52
 10
277.4
 20
211.52
  0
TEXT
  5
94C
330
711
100
AcDbEntity
 67
1
  8
E-SEMA-YAZI
100
AcDbText
 10
275.3
 20
217.4
 30
0.0
 40
1.5
  1
1
  7
GYM
 72
2
 11
275.3
 21
217.4
 31
0.0
100
AcDbText
 73
2
  0
TEXT
  5
94D
330
711
100
AcDbEntity
 67
1
  8
E-SEMA-YAZI
100
AcDbText
 10
279.6
 20
208.0
 30
0.0
 40
1.5
  1
2
  7
GYM
 11
279.6
 21
208.0
 31
0.0
100
AcDbText
 73
2
  0
TEXT
  5
94E
330
711
100
AcDbEntity
 67
1
  8
E-SEMA-YAZI
100
AcDbText
 10
273.1
 20
217.6
 30
0.0
 40
2.2
  1
-F14
  7
GYM
 72
2
 11
273.1
 21
217.6
 31
0.0
100
AcDbText
 73
2
  0
TEXT
  5
94F
330
711
100
AcDbEntity
 67
1
  8
E-SEMA-YAZI
100
AcDbText
 10
273.1
 20
215.0
 30
0.0
 40
1.5
  1
20 A
  7
GYM
 72
2
 11
273.1
 21
215.0
 31
0.0
100
AcDbText
 73
2
  0
TEXT
  5
950
330
711
100
AcDbEntity
 67
1
  8
E-SEMA-YAZI
100
AcDbText
 10
273.1
 20
213.0
 30
0.0
 40
1.5
  1
1P C
  7
GYM
 72
2
 11
273.1
 21
213.0
 31
0.0
100
AcDbText
 73
2
  0
TEXT
  5
951
330
711
100
AcDbEntity
 67
1
  8
E-SEMA-YAZI
100
AcDbText
 10
273.1
 20
211.0
 30
0.0
 40
1.5
  1
6kA
  7
GYM
 72
2
 11
273.1
 21
211.0
 31
0.0
100
AcDbText
 73
2
  0
LINE
  5
952
330
711
100
AcDbEntity
 67
1
  8
E-SEMA-TEL
370
25
100
AcDbLine
 10
276.5
 20
206.0
 30
0.0
 11
276.5
 21
140.8
 31
0.0
  0
TEXT
  5
953
330
711
100
AcDbEntity
 67
1
  8
E-SEMA-YAZI
100
AcDbText
 10
275.1
 20
178.0
 30
0.0
 40
1.5
  1
24
 50
90.0
  7
GYM
 72
1
 11
275.1
 21
178.0
 31
0.0
100
AcDbText
 73
2
  0
HATCH
  5
954
330
711
100
AcDbEntity
 67
1
  8
E-SEMA-SEMBOL
 62
7
100
AcDbHatch
 10
0.0
 20
0.0
 30
0.0
210
0.0
220
0.0
230
1.0
  2
SOLID
 70
1
 71
0
 91
1
 92
1
 93
1
 72
2
 10
284.5
 20
150.0
 40
0.55
 50
0.0
 51
360.0
 73
1
 97
0
 75
0
 76
1
 98
0
  0
LINE
  5
955
330
711
100
AcDbEntity
 67
1
  8
E-SEMA-PE
  6
DASHDOT
370
25
100
AcDbLine
 10
284.5
 20
150.0
 30
0.0
 11
284.5
 21
140.8
 31
0.0
  0
CIRCLE
  5
956
330
711
100
AcDbEntity
 67
1
  8
E-SEMA-KLEMENS
370
25
100
AcDbCircle
 10
276.5
 20
140.0
 30
0.0
 40
0.8
  0
TEXT
  5
957
330
711
100
AcDbEntity
 67
1
  8
E-SEMA-YAZI
100
AcDbText
 10
274.9
 20
142.2
 30
0.0
 40
1.5
  1
14
  7
GYM
 72
2
 11
274.9
 21
142.2
 31
0.0
100
AcDbText
 73
2
  0
CIRCLE
  5
958
330
711
100
AcDbEntity
 67
1
  8
E-SEMA-KLEMENS
370
25
100
AcDbCircle
 10
280.5
 20
140.0
 30
0.0
 40
0.8
  0
TEXT
  5
959
330
711
100
AcDbEntity
 67
1
  8
E-SEMA-YAZI
100
AcDbText
 10
282.1
 20
142.2
 30
0.0
 40
1.5
  1
N4
  7
GYM
 11
282.1
 21
142.2
 31
0.0
100
AcDbText
 73
2
  0
CIRCLE
  5
95A
330
711
100
AcDbEntity
 67
1
  8
E-SEMA-KLEMENS
370
25
100
AcDbCircle
 10
284.5
 20
140.0
 30
0.0
 40
0.8
  0
TEXT
  5
95B
330
711
100
AcDbEntity
 67
1
  8
E-SEMA-YAZI
100
AcDbText
 10
286.1
 20
142.2
 30
0.0
 40
1.5
  1
PE
  7
GYM
 11
286.1
 21
142.2
 31
0.0
100
AcDbText
 73
2
  0
LINE
  5
95C
330
711
100
AcDbEntity
 67
1
  8
E-SEMA-TEL
370
25
100
AcDbLine
 10
276.5
 20
139.2
 30
0.0
 11
276.5
 21
124.0
 31
0.0
  0
LINE
  5
95D
330
711
100
AcDbEntity
 67
1
  8
E-SEMA-TEL
370
25
100
AcDbLine
 10
280.5
 20
139.2
 30
0.0
 11
280.5
 21
124.0
 31
0.0
  0
LINE
  5
95E
330
711
100
AcDbEntity
 67
1
  8
E-SEMA-PE
  6
DASHDOT
370
25
100
AcDbLine
 10
284.5
 20
139.2
 30
0.0
 11
284.5
 21
124.0
 31
0.0
  0
TEXT
  5
95F
330
711
100
AcDbEntity
 67
1
  8
E-SEMA-YAZI
100
AcDbText
 10
280.5
 20
131.0
 30
0.0
 40
1.5
  1
3×2,5 NHXMH
  7
GYM
 72
1
 11
280.5
 21
131.0
 31
0.0
100
AcDbText
 73
2
  0
LINE
  5
960
330
711
100
AcDbEntity
 67
1
  8
E-SEMA-YAZI
370
13
100
AcDbLine
 10
273.5
 20
132.6
 30
0.0
 11
287.5
 21
132.6
 31
0.0
  0
LWPOLYLINE
  5
961
330
711
100
AcDbEntity
 67
1
  8
E-SEMA-YUK
  6
DASHED
370
18
100
AcDbPolyline
 90
4
 70
1
 10
274.4
 20
110.0
 10
286.59999999999997
 20
110.0
 10
286.59999999999997
 20
124.0
 10
274.4
 20
124.0
  0
LWPOLYLINE
  5
962
330
711
100
AcDbEntity
 67
1
  8
E-SEMA-YUK
370
18
100
AcDbPolyline
 90
4
 70
1
 10
276.29999999999995
 20
111.4
 10
277.9
 20
111.4
 10
277.9
 20
122.6
 10
276.29999999999995
 20
122.6
  0
TEXT
  5
963
330
711
100
AcDbEntity
 67
1
  8
E-SEMA-YUK
100
AcDbText
 10
277.09999999999997
 20
123.5
 30
0.0
 40
1.5
  1
L
  7
GYM
 72
1
 11
277.09999999999997
 21
123.5
 31
0.0
100
AcDbText
 73
2
  0
LWPOLYLINE
  5
964
330
711
100
AcDbEntity
 67
1
  8
E-SEMA-YUK
370
18
100
AcDbPolyline
 90
4
 70
1
 10
279.69999999999993
 20
111.4
 10
281.29999999999995
 20
111.4
 10
281.29999999999995
 20
122.6
 10
279.69999999999993
 20
122.6
  0
TEXT
  5
965
330
711
100
AcDbEntity
 67
1
  8
E-SEMA-YUK
100
AcDbText
 10
280.49999999999994
 20
123.5
 30
0.0
 40
1.5
  1
N
  7
GYM
 72
1
 11
280.49999999999994
 21
123.5
 31
0.0
100
AcDbText
 73
2
  0
LWPOLYLINE
  5
966
330
711
100
AcDbEntity
 67
1
  8
E-SEMA-YUK
370
18
100
AcDbPolyline
 90
4
 70
1
 10
283.09999999999997
 20
111.4
 10
284.7
 20
111.4
 10
284.7
 20
122.6
 10
283.09999999999997
 20
122.6
  0
TEXT
  5
967
330
711
100
AcDbEntity
 67
1
  8
E-SEMA-YUK
100
AcDbText
 10
283.9
 20
123.5
 30
0.0
 40
1.5
  1
PE
  7
GYM
 72
1
 11
283.9
 21
123.5
 31
0.0
100
AcDbText
 73
2
  0
TEXT
  5
968
330
711
100
AcDbEntity
 67
1
  8
E-SEMA-YAZI
100
AcDbText
 10
280.5
 20
103.0
 30
0.0
 40
2.8
  1
W1
  7
GYM-B
 72
1
 11
280.5
 21
103.0
 31
0.0
100
AcDbText
 73
2
  0
TEXT
  5
969
330
711
100
AcDbEntity
 67
1
  8
E-SEMA-YAZI
100
AcDbText
 10
280.5
 20
97.0
 30
0.0
 40
1.8
  1
Su ısıtıcı · erkek
  7
GYM
 72
1
 11
280.5
 21
97.0
 31
0.0
100
AcDbText
 73
2
  0
TEXT
  5
96A
330
711
100
AcDbEntity
 67
1
  8
E-SEMA-YAZI
100
AcDbText
 10
280.5
 20
94.4
 30
0.0
 40
1.8
  1
bloğu, boyler 3 kW
  7
GYM
 72
1
 11
280.5
 21
94.4
 31
0.0
100
AcDbText
 73
2
  0
HATCH
  5
96B
330
711
100
AcDbEntity
 67
1
  8
E-SEMA-SEMBOL
 62
7
100
AcDbHatch
 10
0.0
 20
0.0
 30
0.0
210
0.0
220
0.0
230
1.0
  2
SOLID
 70
1
 71
0
 91
1
 92
1
 93
1
 72
2
 10
324.0
 20
231.8
 40
0.55
 50
0.0
 51
360.0
 73
1
 97
0
 75
0
 76
1
 98
0
  0
LINE
  5
96C
330
711
100
AcDbEntity
 67
1
  8
E-SEMA-TEL
370
25
100
AcDbLine
 10
324.0
 20
231.8
 30
0.0
 11
324.0
 21
218.0
 31
0.0
  0
HATCH
  5
96D
330
711
100
AcDbEntity
 67
1
  8
E-SEMA-SEMBOL
 62
7
100
AcDbHatch
 10
0.0
 20
0.0
 30
0.0
210
0.0
220
0.0
230
1.0
  2
SOLID
 70
1
 71
0
 91
1
 92
1
 93
1
 72
2
 10
328.0
 20
229.20000000000002
 40
0.55
 50
0.0
 51
360.0
 73
1
 97
0
 75
0
 76
1
 98
0
  0
LINE
  5
96E
330
711
100
AcDbEntity
 67
1
  8
E-SEMA-TEL
370
25
100
AcDbLine
 10
328.0
 20
229.20000000000002
 30
0.0
 11
328.0
 21
140.8
 31
0.0
  0
TEXT
  5
96F
330
711
100
AcDbEntity
 67
1
  8
E-SEMA-YAZI
100
AcDbText
 10
329.4
 20
213.4
 30
0.0
 40
1.5
  1
N4
  7
GYM
 11
329.4
 21
213.4
 31
0.0
100
AcDbText
 73
2
  0
LINE
  5
970
330
711
100
AcDbEntity
 67
1
  8
E-SEMA-TEL
370
25
100
AcDbLine
 10
324.0
 20
218.0
 30
0.0
 11
324.0
 21
215.36
 31
0.0
  0
HATCH
  5
971
330
711
100
AcDbEntity
 67
1
  8
E-SEMA-SEMBOL
 62
7
100
AcDbHatch
 10
0.0
 20
0.0
 30
0.0
210
0.0
220
0.0
230
1.0
  2
SOLID
 70
1
 71
0
 91
1
 92
1
 93
1
 72
2
 10
324.0
 20
215.36
 40
0.35
 50
0.0
 51
360.0
 73
1
 97
0
 75
0
 76
1
 98
0
  0
LINE
  5
972
330
711
100
AcDbEntity
 67
1
  8
E-SEMA-SEMBOL
370
35
100
AcDbLine
 10
324.0
 20
215.36
 30
0.0
 11
327.6
 21
208.4
 31
0.0
  0
LINE
  5
973
330
711
100
AcDbEntity
 67
1
  8
E-SEMA-TEL
370
25
100
AcDbLine
 10
324.0
 20
207.92
 30
0.0
 11
324.0
 21
206.0
 31
0.0
  0
LWPOLYLINE
  5
974
330
711
100
AcDbEntity
 67
1
  8
E-SEMA-SEMBOL
370
25
100
AcDbPolyline
 90
4
 70
1
 10
324.9
 20
207.92
 10
326.3
 20
207.92
 10
326.3
 20
211.52
 10
324.9
 20
211.52
  0
TEXT
  5
975
330
711
100
AcDbEntity
 67
1
  8
E-SEMA-YAZI
100
AcDbText
 10
322.8
 20
217.4
 30
0.0
 40
1.5
  1
1
  7
GYM
 72
2
 11
322.8
 21
217.4
 31
0.0
100
AcDbText
 73
2
  0
TEXT
  5
976
330
711
100
AcDbEntity
 67
1
  8
E-SEMA-YAZI
100
AcDbText
 10
327.1
 20
208.0
 30
0.0
 40
1.5
  1
2
  7
GYM
 11
327.1
 21
208.0
 31
0.0
100
AcDbText
 73
2
  0
TEXT
  5
977
330
711
100
AcDbEntity
 67
1
  8
E-SEMA-YAZI
100
AcDbText
 10
320.6
 20
217.6
 30
0.0
 40
2.2
  1
-F15
  7
GYM
 72
2
 11
320.6
 21
217.6
 31
0.0
100
AcDbText
 73
2
  0
TEXT
  5
978
330
711
100
AcDbEntity
 67
1
  8
E-SEMA-YAZI
100
AcDbText
 10
320.6
 20
215.0
 30
0.0
 40
1.5
  1
20 A
  7
GYM
 72
2
 11
320.6
 21
215.0
 31
0.0
100
AcDbText
 73
2
  0
TEXT
  5
979
330
711
100
AcDbEntity
 67
1
  8
E-SEMA-YAZI
100
AcDbText
 10
320.6
 20
213.0
 30
0.0
 40
1.5
  1
1P C
  7
GYM
 72
2
 11
320.6
 21
213.0
 31
0.0
100
AcDbText
 73
2
  0
TEXT
  5
97A
330
711
100
AcDbEntity
 67
1
  8
E-SEMA-YAZI
100
AcDbText
 10
320.6
 20
211.0
 30
0.0
 40
1.5
  1
6kA
  7
GYM
 72
2
 11
320.6
 21
211.0
 31
0.0
100
AcDbText
 73
2
  0
LINE
  5
97B
330
711
100
AcDbEntity
 67
1
  8
E-SEMA-TEL
370
25
100
AcDbLine
 10
324.0
 20
206.0
 30
0.0
 11
324.0
 21
140.8
 31
0.0
  0
TEXT
  5
97C
330
711
100
AcDbEntity
 67
1
  8
E-SEMA-YAZI
100
AcDbText
 10
322.6
 20
178.0
 30
0.0
 40
1.5
  1
25
 50
90.0
  7
GYM
 72
1
 11
322.6
 21
178.0
 31
0.0
100
AcDbText
 73
2
  0
HATCH
  5
97D
330
711
100
AcDbEntity
 67
1
  8
E-SEMA-SEMBOL
 62
7
100
AcDbHatch
 10
0.0
 20
0.0
 30
0.0
210
0.0
220
0.0
230
1.0
  2
SOLID
 70
1
 71
0
 91
1
 92
1
 93
1
 72
2
 10
332.0
 20
150.0
 40
0.55
 50
0.0
 51
360.0
 73
1
 97
0
 75
0
 76
1
 98
0
  0
LINE
  5
97E
330
711
100
AcDbEntity
 67
1
  8
E-SEMA-PE
  6
DASHDOT
370
25
100
AcDbLine
 10
332.0
 20
150.0
 30
0.0
 11
332.0
 21
140.8
 31
0.0
  0
CIRCLE
  5
97F
330
711
100
AcDbEntity
 67
1
  8
E-SEMA-KLEMENS
370
25
100
AcDbCircle
 10
324.0
 20
140.0
 30
0.0
 40
0.8
  0
TEXT
  5
980
330
711
100
AcDbEntity
 67
1
  8
E-SEMA-YAZI
100
AcDbText
 10
322.4
 20
142.2
 30
0.0
 40
1.5
  1
15
  7
GYM
 72
2
 11
322.4
 21
142.2
 31
0.0
100
AcDbText
 73
2
  0
CIRCLE
  5
981
330
711
100
AcDbEntity
 67
1
  8
E-SEMA-KLEMENS
370
25
100
AcDbCircle
 10
328.0
 20
140.0
 30
0.0
 40
0.8
  0
TEXT
  5
982
330
711
100
AcDbEntity
 67
1
  8
E-SEMA-YAZI
100
AcDbText
 10
329.6
 20
142.2
 30
0.0
 40
1.5
  1
N4
  7
GYM
 11
329.6
 21
142.2
 31
0.0
100
AcDbText
 73
2
  0
CIRCLE
  5
983
330
711
100
AcDbEntity
 67
1
  8
E-SEMA-KLEMENS
370
25
100
AcDbCircle
 10
332.0
 20
140.0
 30
0.0
 40
0.8
  0
TEXT
  5
984
330
711
100
AcDbEntity
 67
1
  8
E-SEMA-YAZI
100
AcDbText
 10
333.6
 20
142.2
 30
0.0
 40
1.5
  1
PE
  7
GYM
 11
333.6
 21
142.2
 31
0.0
100
AcDbText
 73
2
  0
LINE
  5
985
330
711
100
AcDbEntity
 67
1
  8
E-SEMA-TEL
370
25
100
AcDbLine
 10
324.0
 20
139.2
 30
0.0
 11
324.0
 21
124.0
 31
0.0
  0
LINE
  5
986
330
711
100
AcDbEntity
 67
1
  8
E-SEMA-TEL
370
25
100
AcDbLine
 10
328.0
 20
139.2
 30
0.0
 11
328.0
 21
124.0
 31
0.0
  0
LINE
  5
987
330
711
100
AcDbEntity
 67
1
  8
E-SEMA-PE
  6
DASHDOT
370
25
100
AcDbLine
 10
332.0
 20
139.2
 30
0.0
 11
332.0
 21
124.0
 31
0.0
  0
TEXT
  5
988
330
711
100
AcDbEntity
 67
1
  8
E-SEMA-YAZI
100
AcDbText
 10
328.0
 20
131.0
 30
0.0
 40
1.5
  1
3×2,5 NHXMH
  7
GYM
 72
1
 11
328.0
 21
131.0
 31
0.0
100
AcDbText
 73
2
  0
LINE
  5
989
330
711
100
AcDbEntity
 67
1
  8
E-SEMA-YAZI
370
13
100
AcDbLine
 10
321.0
 20
132.6
 30
0.0
 11
335.0
 21
132.6
 31
0.0
  0
LWPOLYLINE
  5
98A
330
711
100
AcDbEntity
 67
1
  8
E-SEMA-YUK
  6
DASHED
370
18
100
AcDbPolyline
 90
4
 70
1
 10
321.9
 20
110.0
 10
334.09999999999997
 20
110.0
 10
334.09999999999997
 20
124.0
 10
321.9
 20
124.0
  0
LWPOLYLINE
  5
98B
330
711
100
AcDbEntity
 67
1
  8
E-SEMA-YUK
370
18
100
AcDbPolyline
 90
4
 70
1
 10
323.79999999999995
 20
111.4
 10
325.4
 20
111.4
 10
325.4
 20
122.6
 10
323.79999999999995
 20
122.6
  0
TEXT
  5
98C
330
711
100
AcDbEntity
 67
1
  8
E-SEMA-YUK
100
AcDbText
 10
324.59999999999997
 20
123.5
 30
0.0
 40
1.5
  1
L
  7
GYM
 72
1
 11
324.59999999999997
 21
123.5
 31
0.0
100
AcDbText
 73
2
  0
LWPOLYLINE
  5
98D
330
711
100
AcDbEntity
 67
1
  8
E-SEMA-YUK
370
18
100
AcDbPolyline
 90
4
 70
1
 10
327.19999999999993
 20
111.4
 10
328.79999999999995
 20
111.4
 10
328.79999999999995
 20
122.6
 10
327.19999999999993
 20
122.6
  0
TEXT
  5
98E
330
711
100
AcDbEntity
 67
1
  8
E-SEMA-YUK
100
AcDbText
 10
327.99999999999994
 20
123.5
 30
0.0
 40
1.5
  1
N
  7
GYM
 72
1
 11
327.99999999999994
 21
123.5
 31
0.0
100
AcDbText
 73
2
  0
LWPOLYLINE
  5
98F
330
711
100
AcDbEntity
 67
1
  8
E-SEMA-YUK
370
18
100
AcDbPolyline
 90
4
 70
1
 10
330.59999999999997
 20
111.4
 10
332.2
 20
111.4
 10
332.2
 20
122.6
 10
330.59999999999997
 20
122.6
  0
TEXT
  5
990
330
711
100
AcDbEntity
 67
1
  8
E-SEMA-YUK
100
AcDbText
 10
331.4
 20
123.5
 30
0.0
 40
1.5
  1
PE
  7
GYM
 72
1
 11
331.4
 21
123.5
 31
0.0
100
AcDbText
 73
2
  0
TEXT
  5
991
330
711
100
AcDbEntity
 67
1
  8
E-SEMA-YAZI
100
AcDbText
 10
328.0
 20
103.0
 30
0.0
 40
2.8
  1
W2
  7
GYM-B
 72
1
 11
328.0
 21
103.0
 31
0.0
100
AcDbText
 73
2
  0
TEXT
  5
992
330
711
100
AcDbEntity
 67
1
  8
E-SEMA-YAZI
100
AcDbText
 10
328.0
 20
97.0
 30
0.0
 40
1.8
  1
Su ısıtıcı · kadın
  7
GYM
 72
1
 11
328.0
 21
97.0
 31
0.0
100
AcDbText
 73
2
  0
TEXT
  5
993
330
711
100
AcDbEntity
 67
1
  8
E-SEMA-YAZI
100
AcDbText
 10
328.0
 20
94.4
 30
0.0
 40
1.8
  1
bloğu, boyler 3 kW
  7
GYM
 72
1
 11
328.0
 21
94.4
 31
0.0
100
AcDbText
 73
2
  0
HATCH
  5
994
330
711
100
AcDbEntity
 67
1
  8
E-SEMA-SEMBOL
 62
7
100
AcDbHatch
 10
0.0
 20
0.0
 30
0.0
210
0.0
220
0.0
230
1.0
  2
SOLID
 70
1
 71
0
 91
1
 92
1
 93
1
 72
2
 10
371.5
 20
229.20000000000002
 40
0.55
 50
0.0
 51
360.0
 73
1
 97
0
 75
0
 76
1
 98
0
  0
LINE
  5
995
330
711
100
AcDbEntity
 67
1
  8
E-SEMA-TEL
370
25
100
AcDbLine
 10
371.5
 20
229.20000000000002
 30
0.0
 11
371.5
 21
218.0
 31
0.0
  0
HATCH
  5
996
330
711
100
AcDbEntity
 67
1
  8
E-SEMA-SEMBOL
 62
7
100
AcDbHatch
 10
0.0
 20
0.0
 30
0.0
210
0.0
220
0.0
230
1.0
  2
SOLID
 70
1
 71
0
 91
1
 92
1
 93
1
 72
2
 10
375.5
 20
224.0
 40
0.55
 50
0.0
 51
360.0
 73
1
 97
0
 75
0
 76
1
 98
0
  0
LINE
  5
997
330
711
100
AcDbEntity
 67
1
  8
E-SEMA-TEL
370
25
100
AcDbLine
 10
375.5
 20
224.0
 30
0.0
 11
375.5
 21
140.8
 31
0.0
  0
TEXT
  5
998
330
711
100
AcDbEntity
 67
1
  8
E-SEMA-YAZI
100
AcDbText
 10
376.9
 20
213.4
 30
0.0
 40
1.5
  1
N5
  7
GYM
 11
376.9
 21
213.4
 31
0.0
100
AcDbText
 73
2
  0
LINE
  5
999
330
711
100
AcDbEntity
 67
1
  8
E-SEMA-TEL
370
25
100
AcDbLine
 10
371.5
 20
218.0
 30
0.0
 11
371.5
 21
215.36
 31
0.0
  0
HATCH
  5
99A
330
711
100
AcDbEntity
 67
1
  8
E-SEMA-SEMBOL
 62
7
100
AcDbHatch
 10
0.0
 20
0.0
 30
0.0
210
0.0
220
0.0
230
1.0
  2
SOLID
 70
1
 71
0
 91
1
 92
1
 93
1
 72
2
 10
371.5
 20
215.36
 40
0.35
 50
0.0
 51
360.0
 73
1
 97
0
 75
0
 76
1
 98
0
  0
LINE
  5
99B
330
711
100
AcDbEntity
 67
1
  8
E-SEMA-SEMBOL
370
35
100
AcDbLine
 10
371.5
 20
215.36
 30
0.0
 11
375.1
 21
208.4
 31
0.0
  0
LINE
  5
99C
330
711
100
AcDbEntity
 67
1
  8
E-SEMA-TEL
370
25
100
AcDbLine
 10
371.5
 20
207.92
 30
0.0
 11
371.5
 21
206.0
 31
0.0
  0
LWPOLYLINE
  5
99D
330
711
100
AcDbEntity
 67
1
  8
E-SEMA-SEMBOL
370
25
100
AcDbPolyline
 90
4
 70
1
 10
372.4
 20
207.92
 10
373.8
 20
207.92
 10
373.8
 20
211.52
 10
372.4
 20
211.52
  0
TEXT
  5
99E
330
711
100
AcDbEntity
 67
1
  8
E-SEMA-YAZI
100
AcDbText
 10
370.3
 20
217.4
 30
0.0
 40
1.5
  1
1
  7
GYM
 72
2
 11
370.3
 21
217.4
 31
0.0
100
AcDbText
 73
2
  0
TEXT
  5
99F
330
711
100
AcDbEntity
 67
1
  8
E-SEMA-YAZI
100
AcDbText
 10
374.6
 20
208.0
 30
0.0
 40
1.5
  1
2
  7
GYM
 11
374.6
 21
208.0
 31
0.0
100
AcDbText
 73
2
  0
TEXT
  5
9A0
330
711
100
AcDbEntity
 67
1
  8
E-SEMA-YAZI
100
AcDbText
 10
368.1
 20
217.6
 30
0.0
 40
2.2
  1
-F16
  7
GYM
 72
2
 11
368.1
 21
217.6
 31
0.0
100
AcDbText
 73
2
  0
TEXT
  5
9A1
330
711
100
AcDbEntity
 67
1
  8
E-SEMA-YAZI
100
AcDbText
 10
368.1
 20
215.0
 30
0.0
 40
1.5
  1
16 A
  7
GYM
 72
2
 11
368.1
 21
215.0
 31
0.0
100
AcDbText
 73
2
  0
TEXT
  5
9A2
330
711
100
AcDbEntity
 67
1
  8
E-SEMA-YAZI
100
AcDbText
 10
368.1
 20
213.0
 30
0.0
 40
1.5
  1
1P C
  7
GYM
 72
2
 11
368.1
 21
213.0
 31
0.0
100
AcDbText
 73
2
  0
TEXT
  5
9A3
330
711
100
AcDbEntity
 67
1
  8
E-SEMA-YAZI
100
AcDbText
 10
368.1
 20
211.0
 30
0.0
 40
1.5
  1
6kA
  7
GYM
 72
2
 11
368.1
 21
211.0
 31
0.0
100
AcDbText
 73
2
  0
LINE
  5
9A4
330
711
100
AcDbEntity
 67
1
  8
E-SEMA-TEL
370
25
100
AcDbLine
 10
371.5
 20
206.0
 30
0.0
 11
371.5
 21
140.8
 31
0.0
  0
TEXT
  5
9A5
330
711
100
AcDbEntity
 67
1
  8
E-SEMA-YAZI
100
AcDbText
 10
370.1
 20
178.0
 30
0.0
 40
1.5
  1
26
 50
90.0
  7
GYM
 72
1
 11
370.1
 21
178.0
 31
0.0
100
AcDbText
 73
2
  0
HATCH
  5
9A6
330
711
100
AcDbEntity
 67
1
  8
E-SEMA-SEMBOL
 62
7
100
AcDbHatch
 10
0.0
 20
0.0
 30
0.0
210
0.0
220
0.0
230
1.0
  2
SOLID
 70
1
 71
0
 91
1
 92
1
 93
1
 72
2
 10
379.5
 20
150.0
 40
0.55
 50
0.0
 51
360.0
 73
1
 97
0
 75
0
 76
1
 98
0
  0
LINE
  5
9A7
330
711
100
AcDbEntity
 67
1
  8
E-SEMA-PE
  6
DASHDOT
370
25
100
AcDbLine
 10
379.5
 20
150.0
 30
0.0
 11
379.5
 21
140.8
 31
0.0
  0
CIRCLE
  5
9A8
330
711
100
AcDbEntity
 67
1
  8
E-SEMA-KLEMENS
370
25
100
AcDbCircle
 10
371.5
 20
140.0
 30
0.0
 40
0.8
  0
TEXT
  5
9A9
330
711
100
AcDbEntity
 67
1
  8
E-SEMA-YAZI
100
AcDbText
 10
369.9
 20
142.2
 30
0.0
 40
1.5
  1
16
  7
GYM
 72
2
 11
369.9
 21
142.2
 31
0.0
100
AcDbText
 73
2
  0
CIRCLE
  5
9AA
330
711
100
AcDbEntity
 67
1
  8
E-SEMA-KLEMENS
370
25
100
AcDbCircle
 10
375.5
 20
140.0
 30
0.0
 40
0.8
  0
TEXT
  5
9AB
330
711
100
AcDbEntity
 67
1
  8
E-SEMA-YAZI
100
AcDbText
 10
377.1
 20
142.2
 30
0.0
 40
1.5
  1
N5
  7
GYM
 11
377.1
 21
142.2
 31
0.0
100
AcDbText
 73
2
  0
CIRCLE
  5
9AC
330
711
100
AcDbEntity
 67
1
  8
E-SEMA-KLEMENS
370
25
100
AcDbCircle
 10
379.5
 20
140.0
 30
0.0
 40
0.8
  0
TEXT
  5
9AD
330
711
100
AcDbEntity
 67
1
  8
E-SEMA-YAZI
100
AcDbText
 10
381.1
 20
142.2
 30
0.0
 40
1.5
  1
PE
  7
GYM
 11
381.1
 21
142.2
 31
0.0
100
AcDbText
 73
2
  0
LINE
  5
9AE
330
711
100
AcDbEntity
 67
1
  8
E-SEMA-TEL
370
25
100
AcDbLine
 10
371.5
 20
139.2
 30
0.0
 11
371.5
 21
124.0
 31
0.0
  0
LINE
  5
9AF
330
711
100
AcDbEntity
 67
1
  8
E-SEMA-TEL
370
25
100
AcDbLine
 10
375.5
 20
139.2
 30
0.0
 11
375.5
 21
124.0
 31
0.0
  0
LINE
  5
9B0
330
711
100
AcDbEntity
 67
1
  8
E-SEMA-PE
  6
DASHDOT
370
25
100
AcDbLine
 10
379.5
 20
139.2
 30
0.0
 11
379.5
 21
124.0
 31
0.0
  0
TEXT
  5
9B1
330
711
100
AcDbEntity
 67
1
  8
E-SEMA-YAZI
100
AcDbText
 10
375.5
 20
131.0
 30
0.0
 40
1.5
  1
3×2,5 NHXMH
  7
GYM
 72
1
 11
375.5
 21
131.0
 31
0.0
100
AcDbText
 73
2
  0
LINE
  5
9B2
330
711
100
AcDbEntity
 67
1
  8
E-SEMA-YAZI
370
13
100
AcDbLine
 10
368.5
 20
132.6
 30
0.0
 11
382.5
 21
132.6
 31
0.0
  0
LWPOLYLINE
  5
9B3
330
711
100
AcDbEntity
 67
1
  8
E-SEMA-YUK
  6
DASHED
370
18
100
AcDbPolyline
 90
4
 70
1
 10
369.4
 20
110.0
 10
381.59999999999997
 20
110.0
 10
381.59999999999997
 20
124.0
 10
369.4
 20
124.0
  0
LWPOLYLINE
  5
9B4
330
711
100
AcDbEntity
 67
1
  8
E-SEMA-YUK
370
18
100
AcDbPolyline
 90
4
 70
1
 10
371.29999999999995
 20
111.4
 10
372.9
 20
111.4
 10
372.9
 20
122.6
 10
371.29999999999995
 20
122.6
  0
TEXT
  5
9B5
330
711
100
AcDbEntity
 67
1
  8
E-SEMA-YUK
100
AcDbText
 10
372.09999999999997
 20
123.5
 30
0.0
 40
1.5
  1
L
  7
GYM
 72
1
 11
372.09999999999997
 21
123.5
 31
0.0
100
AcDbText
 73
2
  0
LWPOLYLINE
  5
9B6
330
711
100
AcDbEntity
 67
1
  8
E-SEMA-YUK
370
18
100
AcDbPolyline
 90
4
 70
1
 10
374.69999999999993
 20
111.4
 10
376.29999999999995
 20
111.4
 10
376.29999999999995
 20
122.6
 10
374.69999999999993
 20
122.6
  0
TEXT
  5
9B7
330
711
100
AcDbEntity
 67
1
  8
E-SEMA-YUK
100
AcDbText
 10
375.49999999999994
 20
123.5
 30
0.0
 40
1.5
  1
N
  7
GYM
 72
1
 11
375.49999999999994
 21
123.5
 31
0.0
100
AcDbText
 73
2
  0
LWPOLYLINE
  5
9B8
330
711
100
AcDbEntity
 67
1
  8
E-SEMA-YUK
370
18
100
AcDbPolyline
 90
4
 70
1
 10
378.09999999999997
 20
111.4
 10
379.7
 20
111.4
 10
379.7
 20
122.6
 10
378.09999999999997
 20
122.6
  0
TEXT
  5
9B9
330
711
100
AcDbEntity
 67
1
  8
E-SEMA-YUK
100
AcDbText
 10
378.9
 20
123.5
 30
0.0
 40
1.5
  1
PE
  7
GYM
 72
1
 11
378.9
 21
123.5
 31
0.0
100
AcDbText
 73
2
  0
TEXT
  5
9BA
330
711
100
AcDbEntity
 67
1
  8
E-SEMA-YAZI
100
AcDbText
 10
375.5
 20
103.0
 30
0.0
 40
2.8
  1
K1
  7
GYM-B
 72
1
 11
375.5
 21
103.0
 31
0.0
100
AcDbText
 73
2
  0
TEXT
  5
9BB
330
711
100
AcDbEntity
 67
1
  8
E-SEMA-YAZI
100
AcDbText
 10
375.5
 20
97.0
 30
0.0
 40
1.8
  1
Klima · arena 24.000
  7
GYM
 72
1
 11
375.5
 21
97.0
 31
0.0
100
AcDbText
 73
2
  0
TEXT
  5
9BC
330
711
100
AcDbEntity
 67
1
  8
E-SEMA-YAZI
100
AcDbText
 10
375.5
 20
94.4
 30
0.0
 40
1.8
  1
BTU
  7
GYM
 72
1
 11
375.5
 21
94.4
 31
0.0
100
AcDbText
 73
2
  0
TEXT
  5
9BD
330
711
100
AcDbEntity
 67
1
  8
E-SEMA-YAZI
100
AcDbText
 10
26.0
 20
140.0
 30
0.0
 40
2.2
  1
-X1
  7
GYM-B
 11
26.0
 21
140.0
 31
0.0
100
AcDbText
 73
2
  0
ENDBLK
  5
713
330
711
100
AcDbEntity
  8
0
100
AcDbBlockEnd
  0
BLOCK
  5
9BF
330
9BE
100
AcDbEntity
  8
0
100
AcDbBlockBegin
  2
*Paper_Space6
 70
0
 10
0.0
 20
0.0
 30
0.0
  3
*Paper_Space6
  1

  0
VIEWPORT
  5
9C2
330
9BE
100
AcDbEntity
 67
1
  8
VIEWPORTS
100
AcDbViewport
 10
210.0
 20
148.5
 30
0.0
 40
462.00000000000006
 41
326.70000000000005
 68
1
 69
1
 12
210.0
 22
148.5
 13
0.0
 23
0.0
 14
10.0
 24
10.0
 15
10.0
 25
10.0
 16
0.0
 26
0.0
 36
1.0
 17
0.0
 27
0.0
 37
0.0
 42
50.0
 43
0.0
 44
0.0
 45
326.70000000000005
 50
0.0
 51
0.0
 72
100
 90
557088
  1

281
0
 71
0
 74
0
110
0.0
120
0.0
130
0.0
111
1.0
121
0.0
131
0.0
112
0.0
122
1.0
132
0.0
 79
0
146
0.0
282
0
  0
LWPOLYLINE
  5
9C3
330
9BE
100
AcDbEntity
 67
1
  8
E-SEMA-ANTET
370
70
100
AcDbPolyline
 90
4
 70
1
 10
20.0
 20
10.0
 10
410.0
 20
10.0
 10
410.0
 20
287.0
 10
20.0
 20
287.0
  0
LWPOLYLINE
  5
9C4
330
9BE
100
AcDbEntity
 67
1
  8
E-SEMA-ZON
370
18
100
AcDbPolyline
 90
4
 70
1
 10
25.0
 20
32.0
 10
405.0
 20
32.0
 10
405.0
 20
282.0
 10
25.0
 20
282.0
  0
TEXT
  5
9C5
330
9BE
100
AcDbEntity
 67
1
  8
E-SEMA-ZON
100
AcDbText
 10
48.75
 20
284.5
 30
0.0
 40
2.2
  1
0
  7
GYM
 72
1
 11
48.75
 21
284.5
 31
0.0
100
AcDbText
 73
2
  0
LINE
  5
9C6
330
9BE
100
AcDbEntity
 67
1
  8
E-SEMA-ZON
370
18
100
AcDbLine
 10
72.5
 20
282.0
 30
0.0
 11
72.5
 21
287.0
 31
0.0
  0
LINE
  5
9C7
330
9BE
100
AcDbEntity
 67
1
  8
E-SEMA-ZON
370
18
100
AcDbLine
 10
72.5
 20
32.0
 30
0.0
 11
72.5
 21
32.0
 31
0.0
  0
TEXT
  5
9C8
330
9BE
100
AcDbEntity
 67
1
  8
E-SEMA-ZON
100
AcDbText
 10
96.25
 20
284.5
 30
0.0
 40
2.2
  1
1
  7
GYM
 72
1
 11
96.25
 21
284.5
 31
0.0
100
AcDbText
 73
2
  0
LINE
  5
9C9
330
9BE
100
AcDbEntity
 67
1
  8
E-SEMA-ZON
370
18
100
AcDbLine
 10
120.0
 20
282.0
 30
0.0
 11
120.0
 21
287.0
 31
0.0
  0
LINE
  5
9CA
330
9BE
100
AcDbEntity
 67
1
  8
E-SEMA-ZON
370
18
100
AcDbLine
 10
120.0
 20
32.0
 30
0.0
 11
120.0
 21
32.0
 31
0.0
  0
TEXT
  5
9CB
330
9BE
100
AcDbEntity
 67
1
  8
E-SEMA-ZON
100
AcDbText
 10
143.75
 20
284.5
 30
0.0
 40
2.2
  1
2
  7
GYM
 72
1
 11
143.75
 21
284.5
 31
0.0
100
AcDbText
 73
2
  0
LINE
  5
9CC
330
9BE
100
AcDbEntity
 67
1
  8
E-SEMA-ZON
370
18
100
AcDbLine
 10
167.5
 20
282.0
 30
0.0
 11
167.5
 21
287.0
 31
0.0
  0
LINE
  5
9CD
330
9BE
100
AcDbEntity
 67
1
  8
E-SEMA-ZON
370
18
100
AcDbLine
 10
167.5
 20
32.0
 30
0.0
 11
167.5
 21
32.0
 31
0.0
  0
TEXT
  5
9CE
330
9BE
100
AcDbEntity
 67
1
  8
E-SEMA-ZON
100
AcDbText
 10
191.25
 20
284.5
 30
0.0
 40
2.2
  1
3
  7
GYM
 72
1
 11
191.25
 21
284.5
 31
0.0
100
AcDbText
 73
2
  0
LINE
  5
9CF
330
9BE
100
AcDbEntity
 67
1
  8
E-SEMA-ZON
370
18
100
AcDbLine
 10
215.0
 20
282.0
 30
0.0
 11
215.0
 21
287.0
 31
0.0
  0
LINE
  5
9D0
330
9BE
100
AcDbEntity
 67
1
  8
E-SEMA-ZON
370
18
100
AcDbLine
 10
215.0
 20
32.0
 30
0.0
 11
215.0
 21
32.0
 31
0.0
  0
TEXT
  5
9D1
330
9BE
100
AcDbEntity
 67
1
  8
E-SEMA-ZON
100
AcDbText
 10
238.75
 20
284.5
 30
0.0
 40
2.2
  1
4
  7
GYM
 72
1
 11
238.75
 21
284.5
 31
0.0
100
AcDbText
 73
2
  0
LINE
  5
9D2
330
9BE
100
AcDbEntity
 67
1
  8
E-SEMA-ZON
370
18
100
AcDbLine
 10
262.5
 20
282.0
 30
0.0
 11
262.5
 21
287.0
 31
0.0
  0
LINE
  5
9D3
330
9BE
100
AcDbEntity
 67
1
  8
E-SEMA-ZON
370
18
100
AcDbLine
 10
262.5
 20
32.0
 30
0.0
 11
262.5
 21
32.0
 31
0.0
  0
TEXT
  5
9D4
330
9BE
100
AcDbEntity
 67
1
  8
E-SEMA-ZON
100
AcDbText
 10
286.25
 20
284.5
 30
0.0
 40
2.2
  1
5
  7
GYM
 72
1
 11
286.25
 21
284.5
 31
0.0
100
AcDbText
 73
2
  0
LINE
  5
9D5
330
9BE
100
AcDbEntity
 67
1
  8
E-SEMA-ZON
370
18
100
AcDbLine
 10
310.0
 20
282.0
 30
0.0
 11
310.0
 21
287.0
 31
0.0
  0
LINE
  5
9D6
330
9BE
100
AcDbEntity
 67
1
  8
E-SEMA-ZON
370
18
100
AcDbLine
 10
310.0
 20
32.0
 30
0.0
 11
310.0
 21
32.0
 31
0.0
  0
TEXT
  5
9D7
330
9BE
100
AcDbEntity
 67
1
  8
E-SEMA-ZON
100
AcDbText
 10
333.75
 20
284.5
 30
0.0
 40
2.2
  1
6
  7
GYM
 72
1
 11
333.75
 21
284.5
 31
0.0
100
AcDbText
 73
2
  0
LINE
  5
9D8
330
9BE
100
AcDbEntity
 67
1
  8
E-SEMA-ZON
370
18
100
AcDbLine
 10
357.5
 20
282.0
 30
0.0
 11
357.5
 21
287.0
 31
0.0
  0
LINE
  5
9D9
330
9BE
100
AcDbEntity
 67
1
  8
E-SEMA-ZON
370
18
100
AcDbLine
 10
357.5
 20
32.0
 30
0.0
 11
357.5
 21
32.0
 31
0.0
  0
TEXT
  5
9DA
330
9BE
100
AcDbEntity
 67
1
  8
E-SEMA-ZON
100
AcDbText
 10
381.25
 20
284.5
 30
0.0
 40
2.2
  1
7
  7
GYM
 72
1
 11
381.25
 21
284.5
 31
0.0
100
AcDbText
 73
2
  0
TEXT
  5
9DB
330
9BE
100
AcDbEntity
 67
1
  8
E-SEMA-ZON
100
AcDbText
 10
22.5
 20
261.1666666666667
 30
0.0
 40
2.2
  1
A
  7
GYM
 72
1
 11
22.5
 21
261.1666666666667
 31
0.0
100
AcDbText
 73
2
  0
TEXT
  5
9DC
330
9BE
100
AcDbEntity
 67
1
  8
E-SEMA-ZON
100
AcDbText
 10
407.5
 20
261.1666666666667
 30
0.0
 40
2.2
  1
A
  7
GYM
 72
1
 11
407.5
 21
261.1666666666667
 31
0.0
100
AcDbText
 73
2
  0
LINE
  5
9DD
330
9BE
100
AcDbEntity
 67
1
  8
E-SEMA-ZON
370
18
100
AcDbLine
 10
20.0
 20
240.33333333333334
 30
0.0
 11
25.0
 21
240.33333333333334
 31
0.0
  0
LINE
  5
9DE
330
9BE
100
AcDbEntity
 67
1
  8
E-SEMA-ZON
370
18
100
AcDbLine
 10
405.0
 20
240.33333333333334
 30
0.0
 11
410.0
 21
240.33333333333334
 31
0.0
  0
TEXT
  5
9DF
330
9BE
100
AcDbEntity
 67
1
  8
E-SEMA-ZON
100
AcDbText
 10
22.5
 20
219.50000000000003
 30
0.0
 40
2.2
  1
B
  7
GYM
 72
1
 11
22.5
 21
219.50000000000003
 31
0.0
100
AcDbText
 73
2
  0
TEXT
  5
9E0
330
9BE
100
AcDbEntity
 67
1
  8
E-SEMA-ZON
100
AcDbText
 10
407.5
 20
219.50000000000003
 30
0.0
 40
2.2
  1
B
  7
GYM
 72
1
 11
407.5
 21
219.50000000000003
 31
0.0
100
AcDbText
 73
2
  0
LINE
  5
9E1
330
9BE
100
AcDbEntity
 67
1
  8
E-SEMA-ZON
370
18
100
AcDbLine
 10
20.0
 20
198.66666666666666
 30
0.0
 11
25.0
 21
198.66666666666666
 31
0.0
  0
LINE
  5
9E2
330
9BE
100
AcDbEntity
 67
1
  8
E-SEMA-ZON
370
18
100
AcDbLine
 10
405.0
 20
198.66666666666666
 30
0.0
 11
410.0
 21
198.66666666666666
 31
0.0
  0
TEXT
  5
9E3
330
9BE
100
AcDbEntity
 67
1
  8
E-SEMA-ZON
100
AcDbText
 10
22.5
 20
177.83333333333334
 30
0.0
 40
2.2
  1
C
  7
GYM
 72
1
 11
22.5
 21
177.83333333333334
 31
0.0
100
AcDbText
 73
2
  0
TEXT
  5
9E4
330
9BE
100
AcDbEntity
 67
1
  8
E-SEMA-ZON
100
AcDbText
 10
407.5
 20
177.83333333333334
 30
0.0
 40
2.2
  1
C
  7
GYM
 72
1
 11
407.5
 21
177.83333333333334
 31
0.0
100
AcDbText
 73
2
  0
LINE
  5
9E5
330
9BE
100
AcDbEntity
 67
1
  8
E-SEMA-ZON
370
18
100
AcDbLine
 10
20.0
 20
157.0
 30
0.0
 11
25.0
 21
157.0
 31
0.0
  0
LINE
  5
9E6
330
9BE
100
AcDbEntity
 67
1
  8
E-SEMA-ZON
370
18
100
AcDbLine
 10
405.0
 20
157.0
 30
0.0
 11
410.0
 21
157.0
 31
0.0
  0
TEXT
  5
9E7
330
9BE
100
AcDbEntity
 67
1
  8
E-SEMA-ZON
100
AcDbText
 10
22.5
 20
136.16666666666669
 30
0.0
 40
2.2
  1
D
  7
GYM
 72
1
 11
22.5
 21
136.16666666666669
 31
0.0
100
AcDbText
 73
2
  0
TEXT
  5
9E8
330
9BE
100
AcDbEntity
 67
1
  8
E-SEMA-ZON
100
AcDbText
 10
407.5
 20
136.16666666666669
 30
0.0
 40
2.2
  1
D
  7
GYM
 72
1
 11
407.5
 21
136.16666666666669
 31
0.0
100
AcDbText
 73
2
  0
LINE
  5
9E9
330
9BE
100
AcDbEntity
 67
1
  8
E-SEMA-ZON
370
18
100
AcDbLine
 10
20.0
 20
115.33333333333334
 30
0.0
 11
25.0
 21
115.33333333333334
 31
0.0
  0
LINE
  5
9EA
330
9BE
100
AcDbEntity
 67
1
  8
E-SEMA-ZON
370
18
100
AcDbLine
 10
405.0
 20
115.33333333333334
 30
0.0
 11
410.0
 21
115.33333333333334
 31
0.0
  0
TEXT
  5
9EB
330
9BE
100
AcDbEntity
 67
1
  8
E-SEMA-ZON
100
AcDbText
 10
22.5
 20
94.50000000000001
 30
0.0
 40
2.2
  1
E
  7
GYM
 72
1
 11
22.5
 21
94.50000000000001
 31
0.0
100
AcDbText
 73
2
  0
TEXT
  5
9EC
330
9BE
100
AcDbEntity
 67
1
  8
E-SEMA-ZON
100
AcDbText
 10
407.5
 20
94.50000000000001
 30
0.0
 40
2.2
  1
E
  7
GYM
 72
1
 11
407.5
 21
94.50000000000001
 31
0.0
100
AcDbText
 73
2
  0
LINE
  5
9ED
330
9BE
100
AcDbEntity
 67
1
  8
E-SEMA-ZON
370
18
100
AcDbLine
 10
20.0
 20
73.66666666666666
 30
0.0
 11
25.0
 21
73.66666666666666
 31
0.0
  0
LINE
  5
9EE
330
9BE
100
AcDbEntity
 67
1
  8
E-SEMA-ZON
370
18
100
AcDbLine
 10
405.0
 20
73.66666666666666
 30
0.0
 11
410.0
 21
73.66666666666666
 31
0.0
  0
TEXT
  5
9EF
330
9BE
100
AcDbEntity
 67
1
  8
E-SEMA-ZON
100
AcDbText
 10
22.5
 20
52.83333333333333
 30
0.0
 40
2.2
  1
F
  7
GYM
 72
1
 11
22.5
 21
52.83333333333333
 31
0.0
100
AcDbText
 73
2
  0
TEXT
  5
9F0
330
9BE
100
AcDbEntity
 67
1
  8
E-SEMA-ZON
100
AcDbText
 10
407.5
 20
52.83333333333333
 30
0.0
 40
2.2
  1
F
  7
GYM
 72
1
 11
407.5
 21
52.83333333333333
 31
0.0
100
AcDbText
 73
2
  0
LWPOLYLINE
  5
9F1
330
9BE
100
AcDbEntity
 67
1
  8
E-SEMA-ANTET
370
50
100
AcDbPolyline
 90
4
 70
1
 10
20.0
 20
10.0
 10
410.0
 20
10.0
 10
410.0
 20
32.0
 10
20.0
 20
32.0
  0
LINE
  5
9F2
330
9BE
100
AcDbEntity
 67
1
  8
E-SEMA-ANTET
370
18
100
AcDbLine
 10
20.0
 20
15.5
 30
0.0
 11
410.0
 21
15.5
 31
0.0
  0
LINE
  5
9F3
330
9BE
100
AcDbEntity
 67
1
  8
E-SEMA-ANTET
370
18
100
AcDbLine
 10
20.0
 20
21.0
 30
0.0
 11
410.0
 21
21.0
 31
0.0
  0
LINE
  5
9F4
330
9BE
100
AcDbEntity
 67
1
  8
E-SEMA-ANTET
370
18
100
AcDbLine
 10
20.0
 20
26.5
 30
0.0
 11
410.0
 21
26.5
 31
0.0
  0
LINE
  5
9F5
330
9BE
100
AcDbEntity
 67
1
  8
E-SEMA-ANTET
370
18
100
AcDbLine
 10
64.0
 20
10.0
 30
0.0
 11
64.0
 21
32.0
 31
0.0
  0
LINE
  5
9F6
330
9BE
100
AcDbEntity
 67
1
  8
E-SEMA-ANTET
370
18
100
AcDbLine
 10
96.0
 20
10.0
 30
0.0
 11
96.0
 21
32.0
 31
0.0
  0
LINE
  5
9F7
330
9BE
100
AcDbEntity
 67
1
  8
E-SEMA-ANTET
370
18
100
AcDbLine
 10
282.0
 20
10.0
 30
0.0
 11
282.0
 21
32.0
 31
0.0
  0
LINE
  5
9F8
330
9BE
100
AcDbEntity
 67
1
  8
E-SEMA-ANTET
370
18
100
AcDbLine
 10
316.0
 20
10.0
 30
0.0
 11
316.0
 21
32.0
 31
0.0
  0
LINE
  5
9F9
330
9BE
100
AcDbEntity
 67
1
  8
E-SEMA-ANTET
370
18
100
AcDbLine
 10
356.0
 20
10.0
 30
0.0
 11
356.0
 21
32.0
 31
0.0
  0
TEXT
  5
9FA
330
9BE
100
AcDbEntity
 67
1
  8
E-SEMA-ANTET
100
AcDbText
 10
20.8
 20
30.2
 30
0.0
 40
1.5
  1
Drawn By /
  7
GYM
 11
20.8
 21
30.2
 31
0.0
100
AcDbText
 73
2
  0
TEXT
  5
9FB
330
9BE
100
AcDbEntity
 67
1
  8
E-SEMA-ANTET
100
AcDbText
 10
20.8
 20
28.3
 30
0.0
 40
1.5
  1
Çizen
  7
GYM
 11
20.8
 21
28.3
 31
0.0
100
AcDbText
 73
2
  0
TEXT
  5
9FC
330
9BE
100
AcDbEntity
 67
1
  8
E-SEMA-ANTET
100
AcDbText
 10
62.4
 20
29.25
 30
0.0
 40
1.8
  1
CC
  7
GYM
 72
2
 11
62.4
 21
29.25
 31
0.0
100
AcDbText
 73
2
  0
TEXT
  5
9FD
330
9BE
100
AcDbEntity
 67
1
  8
E-SEMA-ANTET
100
AcDbText
 10
20.8
 20
24.7
 30
0.0
 40
1.5
  1
Checked By /
  7
GYM
 11
20.8
 21
24.7
 31
0.0
100
AcDbText
 73
2
  0
TEXT
  5
9FE
330
9BE
100
AcDbEntity
 67
1
  8
E-SEMA-ANTET
100
AcDbText
 10
20.8
 20
22.8
 30
0.0
 40
1.5
  1
Kontrol Eden
  7
GYM
 11
20.8
 21
22.8
 31
0.0
100
AcDbText
 73
2
  0
TEXT
  5
9FF
330
9BE
100
AcDbEntity
 67
1
  8
E-SEMA-ANTET
100
AcDbText
 10
62.4
 20
23.75
 30
0.0
 40
1.8
  1
—
  7
GYM
 72
2
 11
62.4
 21
23.75
 31
0.0
100
AcDbText
 73
2
  0
TEXT
  5
A00
330
9BE
100
AcDbEntity
 67
1
  8
E-SEMA-ANTET
100
AcDbText
 10
20.8
 20
19.2
 30
0.0
 40
1.5
  1
Approved By /
  7
GYM
 11
20.8
 21
19.2
 31
0.0
100
AcDbText
 73
2
  0
TEXT
  5
A01
330
9BE
100
AcDbEntity
 67
1
  8
E-SEMA-ANTET
100
AcDbText
 10
20.8
 20
17.3
 30
0.0
 40
1.5
  1
Onaylayan
  7
GYM
 11
20.8
 21
17.3
 31
0.0
100
AcDbText
 73
2
  0
TEXT
  5
A02
330
9BE
100
AcDbEntity
 67
1
  8
E-SEMA-ANTET
100
AcDbText
 10
62.4
 20
18.25
 30
0.0
 40
1.8
  1
—
  7
GYM
 72
2
 11
62.4
 21
18.25
 31
0.0
100
AcDbText
 73
2
  0
TEXT
  5
A03
330
9BE
100
AcDbEntity
 67
1
  8
E-SEMA-ANTET
100
AcDbText
 10
20.8
 20
13.7
 30
0.0
 40
1.5
  1
Project Date /
  7
GYM
 11
20.8
 21
13.7
 31
0.0
100
AcDbText
 73
2
  0
TEXT
  5
A04
330
9BE
100
AcDbEntity
 67
1
  8
E-SEMA-ANTET
100
AcDbText
 10
20.8
 20
11.8
 30
0.0
 40
1.5
  1
Proje Tarihi
  7
GYM
 11
20.8
 21
11.8
 31
0.0
100
AcDbText
 73
2
  0
TEXT
  5
A05
330
9BE
100
AcDbEntity
 67
1
  8
E-SEMA-ANTET
100
AcDbText
 10
62.4
 20
12.75
 30
0.0
 40
1.8
  1
17 Eylül 2026
  7
GYM
 72
2
 11
62.4
 21
12.75
 31
0.0
100
AcDbText
 73
2
  0
TEXT
  5
A06
330
9BE
100
AcDbEntity
 67
1
  8
E-SEMA-ANTET
100
AcDbText
 10
64.8
 20
30.2
 30
0.0
 40
1.5
  1
Customer Name /
  7
GYM
 11
64.8
 21
30.2
 31
0.0
100
AcDbText
 73
2
  0
TEXT
  5
A07
330
9BE
100
AcDbEntity
 67
1
  8
E-SEMA-ANTET
100
AcDbText
 10
64.8
 20
28.3
 30
0.0
 40
1.5
  1
Müşteri Adı
  7
GYM
 11
64.8
 21
28.3
 31
0.0
100
AcDbText
 73
2
  0
TEXT
  5
A08
330
9BE
100
AcDbEntity
 67
1
  8
E-SEMA-ANTET
100
AcDbText
 10
97.2
 20
29.25
 30
0.0
 40
2.2
  1
ÖZEL — MALTEPE / İDEALTEPE
  7
GYM
 11
97.2
 21
29.25
 31
0.0
100
AcDbText
 73
2
  0
TEXT
  5
A09
330
9BE
100
AcDbEntity
 67
1
  8
E-SEMA-ANTET
100
AcDbText
 10
64.8
 20
24.7
 30
0.0
 40
1.5
  1
Project Description /
  7
GYM
 11
64.8
 21
24.7
 31
0.0
100
AcDbText
 73
2
  0
TEXT
  5
A0A
330
9BE
100
AcDbEntity
 67
1
  8
E-SEMA-ANTET
100
AcDbText
 10
64.8
 20
22.8
 30
0.0
 40
1.5
  1
Proje Açıklaması
  7
GYM
 11
64.8
 21
22.8
 31
0.0
100
AcDbText
 73
2
  0
TEXT
  5
A0B
330
9BE
100
AcDbEntity
 67
1
  8
E-SEMA-ANTET
100
AcDbText
 10
97.2
 20
23.75
 30
0.0
 40
2.2
  1
MOBİLYA MAĞAZASI → FONKSİYONEL ANTRENMAN STÜDYOSU
  7
GYM
 11
97.2
 21
23.75
 31
0.0
100
AcDbText
 73
2
  0
TEXT
  5
A0C
330
9BE
100
AcDbEntity
 67
1
  8
E-SEMA-ANTET
100
AcDbText
 10
64.8
 20
19.2
 30
0.0
 40
1.5
  1
Panel Name /
  7
GYM
 11
64.8
 21
19.2
 31
0.0
100
AcDbText
 73
2
  0
TEXT
  5
A0D
330
9BE
100
AcDbEntity
 67
1
  8
E-SEMA-ANTET
100
AcDbText
 10
64.8
 20
17.3
 30
0.0
 40
1.5
  1
Pano Adı
  7
GYM
 11
64.8
 21
17.3
 31
0.0
100
AcDbText
 73
2
  0
TEXT
  5
A0E
330
9BE
100
AcDbEntity
 67
1
  8
E-SEMA-ANTET
100
AcDbText
 10
97.2
 20
18.25
 30
0.0
 40
2.2
  1
ADP
  7
GYM
 11
97.2
 21
18.25
 31
0.0
100
AcDbText
 73
2
  0
TEXT
  5
A0F
330
9BE
100
AcDbEntity
 67
1
  8
E-SEMA-ANTET
100
AcDbText
 10
64.8
 20
13.7
 30
0.0
 40
1.5
  1
Page Description /
  7
GYM
 11
64.8
 21
13.7
 31
0.0
100
AcDbText
 73
2
  0
TEXT
  5
A10
330
9BE
100
AcDbEntity
 67
1
  8
E-SEMA-ANTET
100
AcDbText
 10
64.8
 20
11.8
 30
0.0
 40
1.5
  1
Sayfa Açıklaması
  7
GYM
 11
64.8
 21
11.8
 31
0.0
100
AcDbText
 73
2
  0
TEXT
  5
A11
330
9BE
100
AcDbEntity
 67
1
  8
E-SEMA-ANTET
100
AcDbText
 10
97.2
 20
12.75
 30
0.0
 40
2.2
  1
Schematic Diagram / Şematik Diyagram
  7
GYM
 11
97.2
 21
12.75
 31
0.0
100
AcDbText
 73
2
  0
TEXT
  5
A12
330
9BE
100
AcDbEntity
 67
1
  8
E-SEMA-ANTET
100
AcDbText
 10
282.8
 20
30.2
 30
0.0
 40
1.5
  1
Project Number /
  7
GYM
 11
282.8
 21
30.2
 31
0.0
100
AcDbText
 73
2
  0
TEXT
  5
A13
330
9BE
100
AcDbEntity
 67
1
  8
E-SEMA-ANTET
100
AcDbText
 10
282.8
 20
28.3
 30
0.0
 40
1.5
  1
Proje Numarası
  7
GYM
 11
282.8
 21
28.3
 31
0.0
100
AcDbText
 73
2
  0
TEXT
  5
A14
330
9BE
100
AcDbEntity
 67
1
  8
E-SEMA-ANTET
100
AcDbText
 10
317.2
 20
29.25
 30
0.0
 40
2.8
  1
GYM-25-001-001
  7
GYM-B
 11
317.2
 21
29.25
 31
0.0
100
AcDbText
 73
2
  0
TEXT
  5
A15
330
9BE
100
AcDbEntity
 67
1
  8
E-SEMA-ANTET
100
AcDbText
 10
282.8
 20
19.2
 30
0.0
 40
1.5
  1
Revision /
  7
GYM
 11
282.8
 21
19.2
 31
0.0
100
AcDbText
 73
2
  0
TEXT
  5
A16
330
9BE
100
AcDbEntity
 67
1
  8
E-SEMA-ANTET
100
AcDbText
 10
282.8
 20
17.3
 30
0.0
 40
1.5
  1
Revizyon
  7
GYM
 11
282.8
 21
17.3
 31
0.0
100
AcDbText
 73
2
  0
TEXT
  5
A17
330
9BE
100
AcDbEntity
 67
1
  8
E-SEMA-ANTET
100
AcDbText
 10
317.2
 20
18.25
 30
0.0
 40
2.2
  1
Rev H
  7
GYM
 11
317.2
 21
18.25
 31
0.0
100
AcDbText
 73
2
  0
TEXT
  5
A18
330
9BE
100
AcDbEntity
 67
1
  8
E-SEMA-ANTET
100
AcDbText
 10
282.8
 20
13.7
 30
0.0
 40
1.5
  1
Standards /
  7
GYM
 11
282.8
 21
13.7
 31
0.0
100
AcDbText
 73
2
  0
TEXT
  5
A19
330
9BE
100
AcDbEntity
 67
1
  8
E-SEMA-ANTET
100
AcDbText
 10
282.8
 20
11.8
 30
0.0
 40
1.5
  1
Standartlar
  7
GYM
 11
282.8
 21
11.8
 31
0.0
100
AcDbText
 73
2
  0
TEXT
  5
A1A
330
9BE
100
AcDbEntity
 67
1
  8
E-SEMA-ANTET
100
AcDbText
 10
317.2
 20
12.75
 30
0.0
 40
1.5
  1
IEC 61439-1&2 · IEC 60617
  7
GYM
 11
317.2
 21
12.75
 31
0.0
100
AcDbText
 73
2
  0
TEXT
  5
A1B
330
9BE
100
AcDbEntity
 67
1
  8
E-SEMA-ANTET
100
AcDbText
 10
357.2
 20
30.25
 30
0.0
 40
1.5
  1
Sheet: /
  7
GYM
 11
357.2
 21
30.25
 31
0.0
100
AcDbText
 73
2
  0
TEXT
  5
A1C
330
9BE
100
AcDbEntity
 67
1
  8
E-SEMA-ANTET
100
AcDbText
 10
357.2
 20
27.85
 30
0.0
 40
1.5
  1
Sayfa
  7
GYM
 11
357.2
 21
27.85
 31
0.0
100
AcDbText
 73
2
  0
TEXT
  5
A1D
330
9BE
100
AcDbEntity
 67
1
  8
E-SEMA-ANTET
100
AcDbText
 10
408.0
 20
29.25
 30
0.0
 40
2.8
  1
7
  7
GYM-B
 72
2
 11
408.0
 21
29.25
 31
0.0
100
AcDbText
 73
2
  0
TEXT
  5
A1E
330
9BE
100
AcDbEntity
 67
1
  8
E-SEMA-ANTET
100
AcDbText
 10
357.2
 20
24.75
 30
0.0
 40
1.5
  1
Next sheet: /
  7
GYM
 11
357.2
 21
24.75
 31
0.0
100
AcDbText
 73
2
  0
TEXT
  5
A1F
330
9BE
100
AcDbEntity
 67
1
  8
E-SEMA-ANTET
100
AcDbText
 10
357.2
 20
22.35
 30
0.0
 40
1.5
  1
Sonraki
  7
GYM
 11
357.2
 21
22.35
 31
0.0
100
AcDbText
 73
2
  0
TEXT
  5
A20
330
9BE
100
AcDbEntity
 67
1
  8
E-SEMA-ANTET
100
AcDbText
 10
408.0
 20
23.75
 30
0.0
 40
2.8
  1
8
  7
GYM-B
 72
2
 11
408.0
 21
23.75
 31
0.0
100
AcDbText
 73
2
  0
TEXT
  5
A21
330
9BE
100
AcDbEntity
 67
1
  8
E-SEMA-ANTET
100
AcDbText
 10
357.2
 20
19.25
 30
0.0
 40
1.5
  1
Total sheets: /
  7
GYM
 11
357.2
 21
19.25
 31
0.0
100
AcDbText
 73
2
  0
TEXT
  5
A22
330
9BE
100
AcDbEntity
 67
1
  8
E-SEMA-ANTET
100
AcDbText
 10
357.2
 20
16.85
 30
0.0
 40
1.5
  1
Toplam
  7
GYM
 11
357.2
 21
16.85
 31
0.0
100
AcDbText
 73
2
  0
TEXT
  5
A23
330
9BE
100
AcDbEntity
 67
1
  8
E-SEMA-ANTET
100
AcDbText
 10
408.0
 20
18.25
 30
0.0
 40
2.8
  1
12
  7
GYM-B
 72
2
 11
408.0
 21
18.25
 31
0.0
100
AcDbText
 73
2
  0
TEXT
  5
A24
330
9BE
100
AcDbEntity
 67
1
  8
E-SEMA-ANTET
100
AcDbText
 10
357.2
 20
13.75
 30
0.0
 40
1.5
  1
Sheet size /
  7
GYM
 11
357.2
 21
13.75
 31
0.0
100
AcDbText
 73
2
  0
TEXT
  5
A25
330
9BE
100
AcDbEntity
 67
1
  8
E-SEMA-ANTET
100
AcDbText
 10
357.2
 20
11.35
 30
0.0
 40
1.5
  1
Kâğıt
  7
GYM
 11
357.2
 21
11.35
 31
0.0
100
AcDbText
 73
2
  0
TEXT
  5
A26
330
9BE
100
AcDbEntity
 67
1
  8
E-SEMA-ANTET
100
AcDbText
 10
408.0
 20
12.75
 30
0.0
 40
2.8
  1
A3
  7
GYM-B
 72
2
 11
408.0
 21
12.75
 31
0.0
100
AcDbText
 73
2
  0
LINE
  5
A27
330
9BE
100
AcDbEntity
 67
1
  8
E-SEMA-RAY
370
35
100
AcDbLine
 10
25.0
 20
272.0
 30
0.0
 11
405.0
 21
272.0
 31
0.0
  0
TEXT
  5
A28
330
9BE
100
AcDbEntity
 67
1
  8
E-SEMA-YAZI
100
AcDbText
 10
24.4
 20
273.4
 30
0.0
 40
1.8
  1
L1
  7
GYM
 11
24.4
 21
273.4
 31
0.0
100
AcDbText
 73
2
  0
TEXT
  5
A29
330
9BE
100
AcDbEntity
 67
1
  8
E-SEMA-YAZI
100
AcDbText
 10
404.4
 20
273.4
 30
0.0
 40
1.8
  1
L1
  7
GYM
 72
2
 11
404.4
 21
273.4
 31
0.0
100
AcDbText
 73
2
  0
LWPOLYLINE
  5
A2A
330
9BE
100
AcDbEntity
 67
1
  8
E-SEMA-YAZI
370
18
100
AcDbPolyline
 90
5
 70
1
 10
19.0
 20
270.7
 10
22.8
 20
270.7
 10
24.4
 20
272.0
 10
22.8
 20
273.3
 10
19.0
 20
273.3
  0
TEXT
  5
A2B
330
9BE
100
AcDbEntity
 67
1
  8
E-SEMA-YAZI
100
AcDbText
 10
18.0
 20
272.0
 30
0.0
 40
1.5
  1
6.7
  7
GYM
 72
2
 11
18.0
 21
272.0
 31
0.0
100
AcDbText
 73
2
  0
LWPOLYLINE
  5
A2C
330
9BE
100
AcDbEntity
 67
1
  8
E-SEMA-YAZI
370
18
100
AcDbPolyline
 90
5
 70
1
 10
405.6
 20
270.7
 10
409.4
 20
270.7
 10
411.0
 20
272.0
 10
409.4
 20
273.3
 10
405.6
 20
273.3
  0
TEXT
  5
A2D
330
9BE
100
AcDbEntity
 67
1
  8
E-SEMA-YAZI
100
AcDbText
 10
412.0
 20
272.0
 30
0.0
 40
1.5
  1
8.0
  7
GYM
 11
412.0
 21
272.0
 31
0.0
100
AcDbText
 73
2
  0
LINE
  5
A2E
330
9BE
100
AcDbEntity
 67
1
  8
E-SEMA-RAY
370
35
100
AcDbLine
 10
25.0
 20
267.0
 30
0.0
 11
405.0
 21
267.0
 31
0.0
  0
TEXT
  5
A2F
330
9BE
100
AcDbEntity
 67
1
  8
E-SEMA-YAZI
100
AcDbText
 10
24.4
 20
268.4
 30
0.0
 40
1.8
  1
L2
  7
GYM
 11
24.4
 21
268.4
 31
0.0
100
AcDbText
 73
2
  0
TEXT
  5
A30
330
9BE
100
AcDbEntity
 67
1
  8
E-SEMA-YAZI
100
AcDbText
 10
404.4
 20
268.4
 30
0.0
 40
1.8
  1
L2
  7
GYM
 72
2
 11
404.4
 21
268.4
 31
0.0
100
AcDbText
 73
2
  0
LWPOLYLINE
  5
A31
330
9BE
100
AcDbEntity
 67
1
  8
E-SEMA-YAZI
370
18
100
AcDbPolyline
 90
5
 70
1
 10
19.0
 20
265.7
 10
22.8
 20
265.7
 10
24.4
 20
267.0
 10
22.8
 20
268.3
 10
19.0
 20
268.3
  0
TEXT
  5
A32
330
9BE
100
AcDbEntity
 67
1
  8
E-SEMA-YAZI
100
AcDbText
 10
18.0
 20
267.0
 30
0.0
 40
1.5
  1
6.7
  7
GYM
 72
2
 11
18.0
 21
267.0
 31
0.0
100
AcDbText
 73
2
  0
LWPOLYLINE
  5
A33
330
9BE
100
AcDbEntity
 67
1
  8
E-SEMA-YAZI
370
18
100
AcDbPolyline
 90
5
 70
1
 10
405.6
 20
265.7
 10
409.4
 20
265.7
 10
411.0
 20
267.0
 10
409.4
 20
268.3
 10
405.6
 20
268.3
  0
TEXT
  5
A34
330
9BE
100
AcDbEntity
 67
1
  8
E-SEMA-YAZI
100
AcDbText
 10
412.0
 20
267.0
 30
0.0
 40
1.5
  1
8.0
  7
GYM
 11
412.0
 21
267.0
 31
0.0
100
AcDbText
 73
2
  0
LINE
  5
A35
330
9BE
100
AcDbEntity
 67
1
  8
E-SEMA-RAY
370
35
100
AcDbLine
 10
25.0
 20
262.0
 30
0.0
 11
405.0
 21
262.0
 31
0.0
  0
TEXT
  5
A36
330
9BE
100
AcDbEntity
 67
1
  8
E-SEMA-YAZI
100
AcDbText
 10
24.4
 20
263.4
 30
0.0
 40
1.8
  1
L3
  7
GYM
 11
24.4
 21
263.4
 31
0.0
100
AcDbText
 73
2
  0
TEXT
  5
A37
330
9BE
100
AcDbEntity
 67
1
  8
E-SEMA-YAZI
100
AcDbText
 10
404.4
 20
263.4
 30
0.0
 40
1.8
  1
L3
  7
GYM
 72
2
 11
404.4
 21
263.4
 31
0.0
100
AcDbText
 73
2
  0
LWPOLYLINE
  5
A38
330
9BE
100
AcDbEntity
 67
1
  8
E-SEMA-YAZI
370
18
100
AcDbPolyline
 90
5
 70
1
 10
19.0
 20
260.7
 10
22.8
 20
260.7
 10
24.4
 20
262.0
 10
22.8
 20
263.3
 10
19.0
 20
263.3
  0
TEXT
  5
A39
330
9BE
100
AcDbEntity
 67
1
  8
E-SEMA-YAZI
100
AcDbText
 10
18.0
 20
262.0
 30
0.0
 40
1.5
  1
6.7
  7
GYM
 72
2
 11
18.0
 21
262.0
 31
0.0
100
AcDbText
 73
2
  0
LWPOLYLINE
  5
A3A
330
9BE
100
AcDbEntity
 67
1
  8
E-SEMA-YAZI
370
18
100
AcDbPolyline
 90
5
 70
1
 10
405.6
 20
260.7
 10
409.4
 20
260.7
 10
411.0
 20
262.0
 10
409.4
 20
263.3
 10
405.6
 20
263.3
  0
TEXT
  5
A3B
330
9BE
100
AcDbEntity
 67
1
  8
E-SEMA-YAZI
100
AcDbText
 10
412.0
 20
262.0
 30
0.0
 40
1.5
  1
8.0
  7
GYM
 11
412.0
 21
262.0
 31
0.0
100
AcDbText
 73
2
  0
LINE
  5
A3C
330
9BE
100
AcDbEntity
 67
1
  8
E-SEMA-RAY
370
35
100
AcDbLine
 10
25.0
 20
257.0
 30
0.0
 11
405.0
 21
257.0
 31
0.0
  0
TEXT
  5
A3D
330
9BE
100
AcDbEntity
 67
1
  8
E-SEMA-YAZI
100
AcDbText
 10
24.4
 20
258.4
 30
0.0
 40
1.8
  1
N
  7
GYM
 11
24.4
 21
258.4
 31
0.0
100
AcDbText
 73
2
  0
TEXT
  5
A3E
330
9BE
100
AcDbEntity
 67
1
  8
E-SEMA-YAZI
100
AcDbText
 10
404.4
 20
258.4
 30
0.0
 40
1.8
  1
N
  7
GYM
 72
2
 11
404.4
 21
258.4
 31
0.0
100
AcDbText
 73
2
  0
LWPOLYLINE
  5
A3F
330
9BE
100
AcDbEntity
 67
1
  8
E-SEMA-YAZI
370
18
100
AcDbPolyline
 90
5
 70
1
 10
19.0
 20
255.7
 10
22.8
 20
255.7
 10
24.4
 20
257.0
 10
22.8
 20
258.3
 10
19.0
 20
258.3
  0
TEXT
  5
A40
330
9BE
100
AcDbEntity
 67
1
  8
E-SEMA-YAZI
100
AcDbText
 10
18.0
 20
257.0
 30
0.0
 40
1.5
  1
6.7
  7
GYM
 72
2
 11
18.0
 21
257.0
 31
0.0
100
AcDbText
 73
2
  0
LWPOLYLINE
  5
A41
330
9BE
100
AcDbEntity
 67
1
  8
E-SEMA-YAZI
370
18
100
AcDbPolyline
 90
5
 70
1
 10
405.6
 20
255.7
 10
409.4
 20
255.7
 10
411.0
 20
257.0
 10
409.4
 20
258.3
 10
405.6
 20
258.3
  0
TEXT
  5
A42
330
9BE
100
AcDbEntity
 67
1
  8
E-SEMA-YAZI
100
AcDbText
 10
412.0
 20
257.0
 30
0.0
 40
1.5
  1
8.0
  7
GYM
 11
412.0
 21
257.0
 31
0.0
100
AcDbText
 73
2
  0
LINE
  5
A43
330
9BE
100
AcDbEntity
 67
1
  8
E-SEMA-PE
  6
DASHDOT
370
35
100
AcDbLine
 10
25.0
 20
150.0
 30
0.0
 11
405.0
 21
150.0
 31
0.0
  0
TEXT
  5
A44
330
9BE
100
AcDbEntity
 67
1
  8
E-SEMA-YAZI
100
AcDbText
 10
24.4
 20
151.4
 30
0.0
 40
1.8
  1
PE
  7
GYM
 11
24.4
 21
151.4
 31
0.0
100
AcDbText
 73
2
  0
TEXT
  5
A45
330
9BE
100
AcDbEntity
 67
1
  8
E-SEMA-YAZI
100
AcDbText
 10
404.4
 20
151.4
 30
0.0
 40
1.8
  1
PE
  7
GYM
 72
2
 11
404.4
 21
151.4
 31
0.0
100
AcDbText
 73
2
  0
TEXT
  5
A46
330
9BE
100
AcDbEntity
 67
1
  8
E-SEMA-YAZI
100
AcDbText
 10
18.0
 20
150.0
 30
0.0
 40
1.5
  1
6.7
  7
GYM
 72
2
 11
18.0
 21
150.0
 31
0.0
100
AcDbText
 73
2
  0
TEXT
  5
A47
330
9BE
100
AcDbEntity
 67
1
  8
E-SEMA-YAZI
100
AcDbText
 10
412.0
 20
150.0
 30
0.0
 40
1.5
  1
8.0
  7
GYM
 11
412.0
 21
150.0
 31
0.0
100
AcDbText
 73
2
  0
HATCH
  5
A48
330
9BE
100
AcDbEntity
 67
1
  8
E-SEMA-SEMBOL
 62
7
100
AcDbHatch
 10
0.0
 20
0.0
 30
0.0
210
0.0
220
0.0
230
1.0
  2
SOLID
 70
1
 71
0
 91
1
 92
1
 93
1
 72
2
 10
39.0
 20
272.0
 40
0.55
 50
0.0
 51
360.0
 73
1
 97
0
 75
0
 76
1
 98
0
  0
LINE
  5
A49
330
9BE
100
AcDbEntity
 67
1
  8
E-SEMA-TEL
370
25
100
AcDbLine
 10
39.0
 20
272.0
 30
0.0
 11
39.0
 21
250.0
 31
0.0
  0
HATCH
  5
A4A
330
9BE
100
AcDbEntity
 67
1
  8
E-SEMA-SEMBOL
 62
7
100
AcDbHatch
 10
0.0
 20
0.0
 30
0.0
210
0.0
220
0.0
230
1.0
  2
SOLID
 70
1
 71
0
 91
1
 92
1
 93
1
 72
2
 10
43.0
 20
267.0
 40
0.55
 50
0.0
 51
360.0
 73
1
 97
0
 75
0
 76
1
 98
0
  0
LINE
  5
A4B
330
9BE
100
AcDbEntity
 67
1
  8
E-SEMA-TEL
370
25
100
AcDbLine
 10
43.0
 20
267.0
 30
0.0
 11
43.0
 21
250.0
 31
0.0
  0
HATCH
  5
A4C
330
9BE
100
AcDbEntity
 67
1
  8
E-SEMA-SEMBOL
 62
7
100
AcDbHatch
 10
0.0
 20
0.0
 30
0.0
210
0.0
220
0.0
230
1.0
  2
SOLID
 70
1
 71
0
 91
1
 92
1
 93
1
 72
2
 10
47.0
 20
262.0
 40
0.55
 50
0.0
 51
360.0
 73
1
 97
0
 75
0
 76
1
 98
0
  0
LINE
  5
A4D
330
9BE
100
AcDbEntity
 67
1
  8
E-SEMA-TEL
370
25
100
AcDbLine
 10
47.0
 20
262.0
 30
0.0
 11
47.0
 21
250.0
 31
0.0
  0
HATCH
  5
A4E
330
9BE
100
AcDbEntity
 67
1
  8
E-SEMA-SEMBOL
 62
7
100
AcDbHatch
 10
0.0
 20
0.0
 30
0.0
210
0.0
220
0.0
230
1.0
  2
SOLID
 70
1
 71
0
 91
1
 92
1
 93
1
 72
2
 10
51.0
 20
257.0
 40
0.55
 50
0.0
 51
360.0
 73
1
 97
0
 75
0
 76
1
 98
0
  0
LINE
  5
A4F
330
9BE
100
AcDbEntity
 67
1
  8
E-SEMA-TEL
370
25
100
AcDbLine
 10
51.0
 20
257.0
 30
0.0
 11
51.0
 21
250.0
 31
0.0
  0
LINE
  5
A50
330
9BE
100
AcDbEntity
 67
1
  8
E-SEMA-TEL
370
25
100
AcDbLine
 10
39.0
 20
250.0
 30
0.0
 11
39.0
 21
248.24
 31
0.0
  0
HATCH
  5
A51
330
9BE
100
AcDbEntity
 67
1
  8
E-SEMA-SEMBOL
 62
7
100
AcDbHatch
 10
0.0
 20
0.0
 30
0.0
210
0.0
220
0.0
230
1.0
  2
SOLID
 70
1
 71
0
 91
1
 92
1
 93
1
 72
2
 10
39.0
 20
248.24
 40
0.35
 50
0.0
 51
360.0
 73
1
 97
0
 75
0
 76
1
 98
0
  0
LINE
  5
A52
330
9BE
100
AcDbEntity
 67
1
  8
E-SEMA-SEMBOL
370
35
100
AcDbLine
 10
39.0
 20
248.24
 30
0.0
 11
41.4
 21
243.6
 31
0.0
  0
LINE
  5
A53
330
9BE
100
AcDbEntity
 67
1
  8
E-SEMA-TEL
370
25
100
AcDbLine
 10
39.0
 20
243.28
 30
0.0
 11
39.0
 21
242.0
 31
0.0
  0
LWPOLYLINE
  5
A54
330
9BE
100
AcDbEntity
 67
1
  8
E-SEMA-SEMBOL
370
25
100
AcDbPolyline
 90
4
 70
1
 10
39.9
 20
243.28
 10
41.3
 20
243.28
 10
41.3
 20
245.68
 10
39.9
 20
245.68
  0
LINE
  5
A55
330
9BE
100
AcDbEntity
 67
1
  8
E-SEMA-TEL
370
25
100
AcDbLine
 10
43.0
 20
250.0
 30
0.0
 11
43.0
 21
248.24
 31
0.0
  0
HATCH
  5
A56
330
9BE
100
AcDbEntity
 67
1
  8
E-SEMA-SEMBOL
 62
7
100
AcDbHatch
 10
0.0
 20
0.0
 30
0.0
210
0.0
220
0.0
230
1.0
  2
SOLID
 70
1
 71
0
 91
1
 92
1
 93
1
 72
2
 10
43.0
 20
248.24
 40
0.35
 50
0.0
 51
360.0
 73
1
 97
0
 75
0
 76
1
 98
0
  0
LINE
  5
A57
330
9BE
100
AcDbEntity
 67
1
  8
E-SEMA-SEMBOL
370
35
100
AcDbLine
 10
43.0
 20
248.24
 30
0.0
 11
45.4
 21
243.6
 31
0.0
  0
LINE
  5
A58
330
9BE
100
AcDbEntity
 67
1
  8
E-SEMA-TEL
370
25
100
AcDbLine
 10
43.0
 20
243.28
 30
0.0
 11
43.0
 21
242.0
 31
0.0
  0
LWPOLYLINE
  5
A59
330
9BE
100
AcDbEntity
 67
1
  8
E-SEMA-SEMBOL
370
25
100
AcDbPolyline
 90
4
 70
1
 10
43.9
 20
243.28
 10
45.3
 20
243.28
 10
45.3
 20
245.68
 10
43.9
 20
245.68
  0
LINE
  5
A5A
330
9BE
100
AcDbEntity
 67
1
  8
E-SEMA-TEL
370
25
100
AcDbLine
 10
47.0
 20
250.0
 30
0.0
 11
47.0
 21
248.24
 31
0.0
  0
HATCH
  5
A5B
330
9BE
100
AcDbEntity
 67
1
  8
E-SEMA-SEMBOL
 62
7
100
AcDbHatch
 10
0.0
 20
0.0
 30
0.0
210
0.0
220
0.0
230
1.0
  2
SOLID
 70
1
 71
0
 91
1
 92
1
 93
1
 72
2
 10
47.0
 20
248.24
 40
0.35
 50
0.0
 51
360.0
 73
1
 97
0
 75
0
 76
1
 98
0
  0
LINE
  5
A5C
330
9BE
100
AcDbEntity
 67
1
  8
E-SEMA-SEMBOL
370
35
100
AcDbLine
 10
47.0
 20
248.24
 30
0.0
 11
49.4
 21
243.6
 31
0.0
  0
LINE
  5
A5D
330
9BE
100
AcDbEntity
 67
1
  8
E-SEMA-TEL
370
25
100
AcDbLine
 10
47.0
 20
243.28
 30
0.0
 11
47.0
 21
242.0
 31
0.0
  0
LWPOLYLINE
  5
A5E
330
9BE
100
AcDbEntity
 67
1
  8
E-SEMA-SEMBOL
370
25
100
AcDbPolyline
 90
4
 70
1
 10
47.9
 20
243.28
 10
49.3
 20
243.28
 10
49.3
 20
245.68
 10
47.9
 20
245.68
  0
LINE
  5
A5F
330
9BE
100
AcDbEntity
 67
1
  8
E-SEMA-TEL
370
25
100
AcDbLine
 10
51.0
 20
250.0
 30
0.0
 11
51.0
 21
248.24
 31
0.0
  0
HATCH
  5
A60
330
9BE
100
AcDbEntity
 67
1
  8
E-SEMA-SEMBOL
 62
7
100
AcDbHatch
 10
0.0
 20
0.0
 30
0.0
210
0.0
220
0.0
230
1.0
  2
SOLID
 70
1
 71
0
 91
1
 92
1
 93
1
 72
2
 10
51.0
 20
248.24
 40
0.35
 50
0.0
 51
360.0
 73
1
 97
0
 75
0
 76
1
 98
0
  0
LINE
  5
A61
330
9BE
100
AcDbEntity
 67
1
  8
E-SEMA-SEMBOL
370
35
100
AcDbLine
 10
51.0
 20
248.24
 30
0.0
 11
53.4
 21
243.6
 31
0.0
  0
LINE
  5
A62
330
9BE
100
AcDbEntity
 67
1
  8
E-SEMA-TEL
370
25
100
AcDbLine
 10
51.0
 20
243.28
 30
0.0
 11
51.0
 21
242.0
 31
0.0
  0
LWPOLYLINE
  5
A63
330
9BE
100
AcDbEntity
 67
1
  8
E-SEMA-SEMBOL
370
25
100
AcDbPolyline
 90
4
 70
1
 10
51.9
 20
243.28
 10
53.3
 20
243.28
 10
53.3
 20
245.68
 10
51.9
 20
245.68
  0
LINE
  5
A64
330
9BE
100
AcDbEntity
 67
1
  8
E-SEMA-SEMBOL
  6
DASHED
370
18
100
AcDbLine
 10
39.0
 20
244.6
 30
0.0
 11
51.0
 21
244.6
 31
0.0
  0
TEXT
  5
A65
330
9BE
100
AcDbEntity
 67
1
  8
E-SEMA-YAZI
100
AcDbText
 10
37.9
 20
249.2
 30
0.0
 40
1.5
  1
1
  7
GYM
 72
2
 11
37.9
 21
249.2
 31
0.0
100
AcDbText
 73
2
  0
TEXT
  5
A66
330
9BE
100
AcDbEntity
 67
1
  8
E-SEMA-YAZI
100
AcDbText
 10
37.9
 20
235.2
 30
0.0
 40
1.5
  1
2
  7
GYM
 72
2
 11
37.9
 21
235.2
 31
0.0
100
AcDbText
 73
2
  0
TEXT
  5
A67
330
9BE
100
AcDbEntity
 67
1
  8
E-SEMA-YAZI
100
AcDbText
 10
41.9
 20
249.2
 30
0.0
 40
1.5
  1
3
  7
GYM
 72
2
 11
41.9
 21
249.2
 31
0.0
100
AcDbText
 73
2
  0
TEXT
  5
A68
330
9BE
100
AcDbEntity
 67
1
  8
E-SEMA-YAZI
100
AcDbText
 10
41.9
 20
235.2
 30
0.0
 40
1.5
  1
4
  7
GYM
 72
2
 11
41.9
 21
235.2
 31
0.0
100
AcDbText
 73
2
  0
TEXT
  5
A69
330
9BE
100
AcDbEntity
 67
1
  8
E-SEMA-YAZI
100
AcDbText
 10
45.9
 20
249.2
 30
0.0
 40
1.5
  1
5
  7
GYM
 72
2
 11
45.9
 21
249.2
 31
0.0
100
AcDbText
 73
2
  0
TEXT
  5
A6A
330
9BE
100
AcDbEntity
 67
1
  8
E-SEMA-YAZI
100
AcDbText
 10
45.9
 20
235.2
 30
0.0
 40
1.5
  1
6
  7
GYM
 72
2
 11
45.9
 21
235.2
 31
0.0
100
AcDbText
 73
2
  0
TEXT
  5
A6B
330
9BE
100
AcDbEntity
 67
1
  8
E-SEMA-YAZI
100
AcDbText
 10
49.9
 20
249.2
 30
0.0
 40
1.5
  1
N
  7
GYM
 72
2
 11
49.9
 21
249.2
 31
0.0
100
AcDbText
 73
2
  0
TEXT
  5
A6C
330
9BE
100
AcDbEntity
 67
1
  8
E-SEMA-YAZI
100
AcDbText
 10
49.9
 20
235.2
 30
0.0
 40
1.5
  1
N
  7
GYM
 72
2
 11
49.9
 21
235.2
 31
0.0
100
AcDbText
 73
2
  0
LWPOLYLINE
  5
A6D
330
9BE
100
AcDbEntity
 67
1
  8
E-SEMA-SEMBOL
370
35
100
AcDbPolyline
 90
4
 70
1
 10
36.4
 20
234.0
 10
53.6
 20
234.0
 10
53.6
 20
239.0
 10
36.4
 20
239.0
  0
TEXT
  5
A6E
330
9BE
100
AcDbEntity
 67
1
  8
E-SEMA-SEMBOL
100
AcDbText
 10
43.4
 20
236.5
 30
0.0
 40
2.2
  1
I
  7
GYM
 72
1
 11
43.4
 21
236.5
 31
0.0
100
AcDbText
 73
2
  0
LINE
  5
A6F
330
9BE
100
AcDbEntity
 67
1
  8
E-SEMA-SEMBOL
370
25
100
AcDbLine
 10
46.6
 20
237.4
 30
0.0
 11
46.6
 21
236.4
 31
0.0
  0
LINE
  5
A70
330
9BE
100
AcDbEntity
 67
1
  8
E-SEMA-SEMBOL
370
25
100
AcDbLine
 10
45.5
 20
236.4
 30
0.0
 11
47.7
 21
236.4
 31
0.0
  0
LINE
  5
A71
330
9BE
100
AcDbEntity
 67
1
  8
E-SEMA-SEMBOL
370
25
100
AcDbLine
 10
45.9
 20
235.95000000000002
 30
0.0
 11
47.300000000000004
 21
235.95000000000002
 31
0.0
  0
LINE
  5
A72
330
9BE
100
AcDbEntity
 67
1
  8
E-SEMA-SEMBOL
370
25
100
AcDbLine
 10
46.25
 20
235.5
 30
0.0
 11
46.95
 21
235.5
 31
0.0
  0
LINE
  5
A73
330
9BE
100
AcDbEntity
 67
1
  8
E-SEMA-TEL
370
25
100
AcDbLine
 10
39.0
 20
234.0
 30
0.0
 11
39.0
 21
232.4
 31
0.0
  0
LINE
  5
A74
330
9BE
100
AcDbEntity
 67
1
  8
E-SEMA-TEL
370
25
100
AcDbLine
 10
43.0
 20
234.0
 30
0.0
 11
43.0
 21
232.4
 31
0.0
  0
LINE
  5
A75
330
9BE
100
AcDbEntity
 67
1
  8
E-SEMA-TEL
370
25
100
AcDbLine
 10
47.0
 20
234.0
 30
0.0
 11
47.0
 21
232.4
 31
0.0
  0
LINE
  5
A76
330
9BE
100
AcDbEntity
 67
1
  8
E-SEMA-TEL
370
25
100
AcDbLine
 10
51.0
 20
234.0
 30
0.0
 11
51.0
 21
232.4
 31
0.0
  0
LWPOLYLINE
  5
A77
330
9BE
100
AcDbEntity
 67
1
  8
E-SEMA-SEMBOL
370
25
100
AcDbPolyline
 90
4
 70
1
 10
30.0
 20
246.6
 10
33.0
 20
246.6
 10
33.0
 20
249.6
 10
30.0
 20
249.6
  0
LINE
  5
A78
330
9BE
100
AcDbEntity
 67
1
  8
E-SEMA-SEMBOL
370
18
100
AcDbLine
 10
30.0
 20
246.6
 30
0.0
 11
33.0
 21
249.6
 31
0.0
  0
LINE
  5
A79
330
9BE
100
AcDbEntity
 67
1
  8
E-SEMA-TEL
370
25
100
AcDbLine
 10
28.0
 20
248.1
 30
0.0
 11
30.0
 21
248.1
 31
0.0
  0
LINE
  5
A7A
330
9BE
100
AcDbEntity
 67
1
  8
E-SEMA-TEL
370
25
100
AcDbLine
 10
33.0
 20
248.1
 30
0.0
 11
39.0
 21
248.1
 31
0.0
  0
TEXT
  5
A7B
330
9BE
100
AcDbEntity
 67
1
  8
E-SEMA-YAZI
100
AcDbText
 10
26.5
 20
237.4
 30
0.0
 40
2.2
  1
-ID5
  7
GYM
 72
2
 11
26.5
 21
237.4
 31
0.0
100
AcDbText
 73
2
  0
TEXT
  5
A7C
330
9BE
100
AcDbEntity
 67
1
  8
E-SEMA-YAZI
100
AcDbText
 10
26.5
 20
235.20000000000002
 30
0.0
 40
1.5
  1
4×40A/30mA
  7
GYM
 72
2
 11
26.5
 21
235.20000000000002
 31
0.0
100
AcDbText
 73
2
  0
TEXT
  5
A7D
330
9BE
100
AcDbEntity
 67
1
  8
E-SEMA-YAZI
100
AcDbText
 10
26.5
 20
233.00000000000003
 30
0.0
 40
1.5
  1
A tipi
  7
GYM
 72
2
 11
26.5
 21
233.00000000000003
 31
0.0
100
AcDbText
 73
2
  0
TEXT
  5
A7E
330
9BE
100
AcDbEntity
 67
1
  8
E-SEMA-YAZI
100
AcDbText
 10
26.5
 20
229.4
 30
0.0
 40
1.5
  1
RCD-5
  7
GYM
 72
2
 11
26.5
 21
229.4
 31
0.0
100
AcDbText
 73
2
  0
LINE
  5
A7F
330
9BE
100
AcDbEntity
 67
1
  8
E-SEMA-TEL
370
25
100
AcDbLine
 10
39.0
 20
234.0
 30
0.0
 11
39.0
 21
231.8
 31
0.0
  0
LINE
  5
A80
330
9BE
100
AcDbEntity
 67
1
  8
E-SEMA-RAY
370
25
100
AcDbLine
 10
39.0
 20
231.8
 30
0.0
 11
239.0
 21
231.8
 31
0.0
  0
TEXT
  5
A81
330
9BE
100
AcDbEntity
 67
1
  8
E-SEMA-YAZI
100
AcDbText
 10
240.0
 20
231.8
 30
0.0
 40
1.5
  1
L1
  7
GYM
 11
240.0
 21
231.8
 31
0.0
100
AcDbText
 73
2
  0
LINE
  5
A82
330
9BE
100
AcDbEntity
 67
1
  8
E-SEMA-TEL
370
25
100
AcDbLine
 10
43.0
 20
234.0
 30
0.0
 11
43.0
 21
229.20000000000002
 31
0.0
  0
LINE
  5
A83
330
9BE
100
AcDbEntity
 67
1
  8
E-SEMA-RAY
370
25
100
AcDbLine
 10
43.0
 20
229.20000000000002
 30
0.0
 11
239.0
 21
229.20000000000002
 31
0.0
  0
TEXT
  5
A84
330
9BE
100
AcDbEntity
 67
1
  8
E-SEMA-YAZI
100
AcDbText
 10
240.0
 20
229.20000000000002
 30
0.0
 40
1.5
  1
L2
  7
GYM
 11
240.0
 21
229.20000000000002
 31
0.0
100
AcDbText
 73
2
  0
LINE
  5
A85
330
9BE
100
AcDbEntity
 67
1
  8
E-SEMA-TEL
370
25
100
AcDbLine
 10
47.0
 20
234.0
 30
0.0
 11
47.0
 21
226.60000000000002
 31
0.0
  0
LINE
  5
A86
330
9BE
100
AcDbEntity
 67
1
  8
E-SEMA-RAY
370
25
100
AcDbLine
 10
47.0
 20
226.60000000000002
 30
0.0
 11
239.0
 21
226.60000000000002
 31
0.0
  0
TEXT
  5
A87
330
9BE
100
AcDbEntity
 67
1
  8
E-SEMA-YAZI
100
AcDbText
 10
240.0
 20
226.60000000000002
 30
0.0
 40
1.5
  1
L3
  7
GYM
 11
240.0
 21
226.60000000000002
 31
0.0
100
AcDbText
 73
2
  0
LINE
  5
A88
330
9BE
100
AcDbEntity
 67
1
  8
E-SEMA-TEL
370
25
100
AcDbLine
 10
51.0
 20
234.0
 30
0.0
 11
51.0
 21
224.0
 31
0.0
  0
LINE
  5
A89
330
9BE
100
AcDbEntity
 67
1
  8
E-SEMA-RAY
370
25
100
AcDbLine
 10
51.0
 20
224.0
 30
0.0
 11
239.0
 21
224.0
 31
0.0
  0
TEXT
  5
A8A
330
9BE
100
AcDbEntity
 67
1
  8
E-SEMA-YAZI
100
AcDbText
 10
240.0
 20
224.0
 30
0.0
 40
1.5
  1
N5
  7
GYM
 11
240.0
 21
224.0
 31
0.0
100
AcDbText
 73
2
  0
HATCH
  5
A8B
330
9BE
100
AcDbEntity
 67
1
  8
E-SEMA-SEMBOL
 62
7
100
AcDbHatch
 10
0.0
 20
0.0
 30
0.0
210
0.0
220
0.0
230
1.0
  2
SOLID
 70
1
 71
0
 91
1
 92
1
 93
1
 72
2
 10
276.5
 20
272.0
 40
0.55
 50
0.0
 51
360.0
 73
1
 97
0
 75
0
 76
1
 98
0
  0
LINE
  5
A8C
330
9BE
100
AcDbEntity
 67
1
  8
E-SEMA-TEL
370
25
100
AcDbLine
 10
276.5
 20
272.0
 30
0.0
 11
276.5
 21
250.0
 31
0.0
  0
HATCH
  5
A8D
330
9BE
100
AcDbEntity
 67
1
  8
E-SEMA-SEMBOL
 62
7
100
AcDbHatch
 10
0.0
 20
0.0
 30
0.0
210
0.0
220
0.0
230
1.0
  2
SOLID
 70
1
 71
0
 91
1
 92
1
 93
1
 72
2
 10
280.5
 20
267.0
 40
0.55
 50
0.0
 51
360.0
 73
1
 97
0
 75
0
 76
1
 98
0
  0
LINE
  5
A8E
330
9BE
100
AcDbEntity
 67
1
  8
E-SEMA-TEL
370
25
100
AcDbLine
 10
280.5
 20
267.0
 30
0.0
 11
280.5
 21
250.0
 31
0.0
  0
HATCH
  5
A8F
330
9BE
100
AcDbEntity
 67
1
  8
E-SEMA-SEMBOL
 62
7
100
AcDbHatch
 10
0.0
 20
0.0
 30
0.0
210
0.0
220
0.0
230
1.0
  2
SOLID
 70
1
 71
0
 91
1
 92
1
 93
1
 72
2
 10
284.5
 20
262.0
 40
0.55
 50
0.0
 51
360.0
 73
1
 97
0
 75
0
 76
1
 98
0
  0
LINE
  5
A90
330
9BE
100
AcDbEntity
 67
1
  8
E-SEMA-TEL
370
25
100
AcDbLine
 10
284.5
 20
262.0
 30
0.0
 11
284.5
 21
250.0
 31
0.0
  0
HATCH
  5
A91
330
9BE
100
AcDbEntity
 67
1
  8
E-SEMA-SEMBOL
 62
7
100
AcDbHatch
 10
0.0
 20
0.0
 30
0.0
210
0.0
220
0.0
230
1.0
  2
SOLID
 70
1
 71
0
 91
1
 92
1
 93
1
 72
2
 10
288.5
 20
257.0
 40
0.55
 50
0.0
 51
360.0
 73
1
 97
0
 75
0
 76
1
 98
0
  0
LINE
  5
A92
330
9BE
100
AcDbEntity
 67
1
  8
E-SEMA-TEL
370
25
100
AcDbLine
 10
288.5
 20
257.0
 30
0.0
 11
288.5
 21
250.0
 31
0.0
  0
LINE
  5
A93
330
9BE
100
AcDbEntity
 67
1
  8
E-SEMA-TEL
370
25
100
AcDbLine
 10
276.5
 20
250.0
 30
0.0
 11
276.5
 21
248.24
 31
0.0
  0
HATCH
  5
A94
330
9BE
100
AcDbEntity
 67
1
  8
E-SEMA-SEMBOL
 62
7
100
AcDbHatch
 10
0.0
 20
0.0
 30
0.0
210
0.0
220
0.0
230
1.0
  2
SOLID
 70
1
 71
0
 91
1
 92
1
 93
1
 72
2
 10
276.5
 20
248.24
 40
0.35
 50
0.0
 51
360.0
 73
1
 97
0
 75
0
 76
1
 98
0
  0
LINE
  5
A95
330
9BE
100
AcDbEntity
 67
1
  8
E-SEMA-SEMBOL
370
35
100
AcDbLine
 10
276.5
 20
248.24
 30
0.0
 11
278.9
 21
243.6
 31
0.0
  0
LINE
  5
A96
330
9BE
100
AcDbEntity
 67
1
  8
E-SEMA-TEL
370
25
100
AcDbLine
 10
276.5
 20
243.28
 30
0.0
 11
276.5
 21
242.0
 31
0.0
  0
LWPOLYLINE
  5
A97
330
9BE
100
AcDbEntity
 67
1
  8
E-SEMA-SEMBOL
370
25
100
AcDbPolyline
 90
4
 70
1
 10
277.4
 20
243.28
 10
278.8
 20
243.28
 10
278.8
 20
245.68
 10
277.4
 20
245.68
  0
LINE
  5
A98
330
9BE
100
AcDbEntity
 67
1
  8
E-SEMA-TEL
370
25
100
AcDbLine
 10
280.5
 20
250.0
 30
0.0
 11
280.5
 21
248.24
 31
0.0
  0
HATCH
  5
A99
330
9BE
100
AcDbEntity
 67
1
  8
E-SEMA-SEMBOL
 62
7
100
AcDbHatch
 10
0.0
 20
0.0
 30
0.0
210
0.0
220
0.0
230
1.0
  2
SOLID
 70
1
 71
0
 91
1
 92
1
 93
1
 72
2
 10
280.5
 20
248.24
 40
0.35
 50
0.0
 51
360.0
 73
1
 97
0
 75
0
 76
1
 98
0
  0
LINE
  5
A9A
330
9BE
100
AcDbEntity
 67
1
  8
E-SEMA-SEMBOL
370
35
100
AcDbLine
 10
280.5
 20
248.24
 30
0.0
 11
282.9
 21
243.6
 31
0.0
  0
LINE
  5
A9B
330
9BE
100
AcDbEntity
 67
1
  8
E-SEMA-TEL
370
25
100
AcDbLine
 10
280.5
 20
243.28
 30
0.0
 11
280.5
 21
242.0
 31
0.0
  0
LWPOLYLINE
  5
A9C
330
9BE
100
AcDbEntity
 67
1
  8
E-SEMA-SEMBOL
370
25
100
AcDbPolyline
 90
4
 70
1
 10
281.4
 20
243.28
 10
282.8
 20
243.28
 10
282.8
 20
245.68
 10
281.4
 20
245.68
  0
LINE
  5
A9D
330
9BE
100
AcDbEntity
 67
1
  8
E-SEMA-TEL
370
25
100
AcDbLine
 10
284.5
 20
250.0
 30
0.0
 11
284.5
 21
248.24
 31
0.0
  0
HATCH
  5
A9E
330
9BE
100
AcDbEntity
 67
1
  8
E-SEMA-SEMBOL
 62
7
100
AcDbHatch
 10
0.0
 20
0.0
 30
0.0
210
0.0
220
0.0
230
1.0
  2
SOLID
 70
1
 71
0
 91
1
 92
1
 93
1
 72
2
 10
284.5
 20
248.24
 40
0.35
 50
0.0
 51
360.0
 73
1
 97
0
 75
0
 76
1
 98
0
  0
LINE
  5
A9F
330
9BE
100
AcDbEntity
 67
1
  8
E-SEMA-SEMBOL
370
35
100
AcDbLine
 10
284.5
 20
248.24
 30
0.0
 11
286.9
 21
243.6
 31
0.0
  0
LINE
  5
AA0
330
9BE
100
AcDbEntity
 67
1
  8
E-SEMA-TEL
370
25
100
AcDbLine
 10
284.5
 20
243.28
 30
0.0
 11
284.5
 21
242.0
 31
0.0
  0
LWPOLYLINE
  5
AA1
330
9BE
100
AcDbEntity
 67
1
  8
E-SEMA-SEMBOL
370
25
100
AcDbPolyline
 90
4
 70
1
 10
285.4
 20
243.28
 10
286.8
 20
243.28
 10
286.8
 20
245.68
 10
285.4
 20
245.68
  0
LINE
  5
AA2
330
9BE
100
AcDbEntity
 67
1
  8
E-SEMA-TEL
370
25
100
AcDbLine
 10
288.5
 20
250.0
 30
0.0
 11
288.5
 21
248.24
 31
0.0
  0
HATCH
  5
AA3
330
9BE
100
AcDbEntity
 67
1
  8
E-SEMA-SEMBOL
 62
7
100
AcDbHatch
 10
0.0
 20
0.0
 30
0.0
210
0.0
220
0.0
230
1.0
  2
SOLID
 70
1
 71
0
 91
1
 92
1
 93
1
 72
2
 10
288.5
 20
248.24
 40
0.35
 50
0.0
 51
360.0
 73
1
 97
0
 75
0
 76
1
 98
0
  0
LINE
  5
AA4
330
9BE
100
AcDbEntity
 67
1
  8
E-SEMA-SEMBOL
370
35
100
AcDbLine
 10
288.5
 20
248.24
 30
0.0
 11
290.9
 21
243.6
 31
0.0
  0
LINE
  5
AA5
330
9BE
100
AcDbEntity
 67
1
  8
E-SEMA-TEL
370
25
100
AcDbLine
 10
288.5
 20
243.28
 30
0.0
 11
288.5
 21
242.0
 31
0.0
  0
LWPOLYLINE
  5
AA6
330
9BE
100
AcDbEntity
 67
1
  8
E-SEMA-SEMBOL
370
25
100
AcDbPolyline
 90
4
 70
1
 10
289.4
 20
243.28
 10
290.8
 20
243.28
 10
290.8
 20
245.68
 10
289.4
 20
245.68
  0
LINE
  5
AA7
330
9BE
100
AcDbEntity
 67
1
  8
E-SEMA-SEMBOL
  6
DASHED
370
18
100
AcDbLine
 10
276.5
 20
244.6
 30
0.0
 11
288.5
 21
244.6
 31
0.0
  0
TEXT
  5
AA8
330
9BE
100
AcDbEntity
 67
1
  8
E-SEMA-YAZI
100
AcDbText
 10
275.4
 20
249.2
 30
0.0
 40
1.5
  1
1
  7
GYM
 72
2
 11
275.4
 21
249.2
 31
0.0
100
AcDbText
 73
2
  0
TEXT
  5
AA9
330
9BE
100
AcDbEntity
 67
1
  8
E-SEMA-YAZI
100
AcDbText
 10
275.4
 20
235.2
 30
0.0
 40
1.5
  1
2
  7
GYM
 72
2
 11
275.4
 21
235.2
 31
0.0
100
AcDbText
 73
2
  0
TEXT
  5
AAA
330
9BE
100
AcDbEntity
 67
1
  8
E-SEMA-YAZI
100
AcDbText
 10
279.4
 20
249.2
 30
0.0
 40
1.5
  1
3
  7
GYM
 72
2
 11
279.4
 21
249.2
 31
0.0
100
AcDbText
 73
2
  0
TEXT
  5
AAB
330
9BE
100
AcDbEntity
 67
1
  8
E-SEMA-YAZI
100
AcDbText
 10
279.4
 20
235.2
 30
0.0
 40
1.5
  1
4
  7
GYM
 72
2
 11
279.4
 21
235.2
 31
0.0
100
AcDbText
 73
2
  0
TEXT
  5
AAC
330
9BE
100
AcDbEntity
 67
1
  8
E-SEMA-YAZI
100
AcDbText
 10
283.4
 20
249.2
 30
0.0
 40
1.5
  1
5
  7
GYM
 72
2
 11
283.4
 21
249.2
 31
0.0
100
AcDbText
 73
2
  0
TEXT
  5
AAD
330
9BE
100
AcDbEntity
 67
1
  8
E-SEMA-YAZI
100
AcDbText
 10
283.4
 20
235.2
 30
0.0
 40
1.5
  1
6
  7
GYM
 72
2
 11
283.4
 21
235.2
 31
0.0
100
AcDbText
 73
2
  0
TEXT
  5
AAE
330
9BE
100
AcDbEntity
 67
1
  8
E-SEMA-YAZI
100
AcDbText
 10
287.4
 20
249.2
 30
0.0
 40
1.5
  1
N
  7
GYM
 72
2
 11
287.4
 21
249.2
 31
0.0
100
AcDbText
 73
2
  0
TEXT
  5
AAF
330
9BE
100
AcDbEntity
 67
1
  8
E-SEMA-YAZI
100
AcDbText
 10
287.4
 20
235.2
 30
0.0
 40
1.5
  1
N
  7
GYM
 72
2
 11
287.4
 21
235.2
 31
0.0
100
AcDbText
 73
2
  0
LWPOLYLINE
  5
AB0
330
9BE
100
AcDbEntity
 67
1
  8
E-SEMA-SEMBOL
370
35
100
AcDbPolyline
 90
4
 70
1
 10
273.9
 20
234.0
 10
291.1
 20
234.0
 10
291.1
 20
239.0
 10
273.9
 20
239.0
  0
TEXT
  5
AB1
330
9BE
100
AcDbEntity
 67
1
  8
E-SEMA-SEMBOL
100
AcDbText
 10
280.9
 20
236.5
 30
0.0
 40
2.2
  1
I
  7
GYM
 72
1
 11
280.9
 21
236.5
 31
0.0
100
AcDbText
 73
2
  0
LINE
  5
AB2
330
9BE
100
AcDbEntity
 67
1
  8
E-SEMA-SEMBOL
370
25
100
AcDbLine
 10
284.1
 20
237.4
 30
0.0
 11
284.1
 21
236.4
 31
0.0
  0
LINE
  5
AB3
330
9BE
100
AcDbEntity
 67
1
  8
E-SEMA-SEMBOL
370
25
100
AcDbLine
 10
283.0
 20
236.4
 30
0.0
 11
285.20000000000005
 21
236.4
 31
0.0
  0
LINE
  5
AB4
330
9BE
100
AcDbEntity
 67
1
  8
E-SEMA-SEMBOL
370
25
100
AcDbLine
 10
283.40000000000003
 20
235.95000000000002
 30
0.0
 11
284.8
 21
235.95000000000002
 31
0.0
  0
LINE
  5
AB5
330
9BE
100
AcDbEntity
 67
1
  8
E-SEMA-SEMBOL
370
25
100
AcDbLine
 10
283.75
 20
235.5
 30
0.0
 11
284.45000000000005
 21
235.5
 31
0.0
  0
LINE
  5
AB6
330
9BE
100
AcDbEntity
 67
1
  8
E-SEMA-TEL
370
25
100
AcDbLine
 10
276.5
 20
234.0
 30
0.0
 11
276.5
 21
232.4
 31
0.0
  0
LINE
  5
AB7
330
9BE
100
AcDbEntity
 67
1
  8
E-SEMA-TEL
370
25
100
AcDbLine
 10
280.5
 20
234.0
 30
0.0
 11
280.5
 21
232.4
 31
0.0
  0
LINE
  5
AB8
330
9BE
100
AcDbEntity
 67
1
  8
E-SEMA-TEL
370
25
100
AcDbLine
 10
284.5
 20
234.0
 30
0.0
 11
284.5
 21
232.4
 31
0.0
  0
LINE
  5
AB9
330
9BE
100
AcDbEntity
 67
1
  8
E-SEMA-TEL
370
25
100
AcDbLine
 10
288.5
 20
234.0
 30
0.0
 11
288.5
 21
232.4
 31
0.0
  0
LWPOLYLINE
  5
ABA
330
9BE
100
AcDbEntity
 67
1
  8
E-SEMA-SEMBOL
370
25
100
AcDbPolyline
 90
4
 70
1
 10
267.5
 20
246.6
 10
270.5
 20
246.6
 10
270.5
 20
249.6
 10
267.5
 20
249.6
  0
LINE
  5
ABB
330
9BE
100
AcDbEntity
 67
1
  8
E-SEMA-SEMBOL
370
18
100
AcDbLine
 10
267.5
 20
246.6
 30
0.0
 11
270.5
 21
249.6
 31
0.0
  0
LINE
  5
ABC
330
9BE
100
AcDbEntity
 67
1
  8
E-SEMA-TEL
370
25
100
AcDbLine
 10
265.5
 20
248.1
 30
0.0
 11
267.5
 21
248.1
 31
0.0
  0
LINE
  5
ABD
330
9BE
100
AcDbEntity
 67
1
  8
E-SEMA-TEL
370
25
100
AcDbLine
 10
270.5
 20
248.1
 30
0.0
 11
276.5
 21
248.1
 31
0.0
  0
TEXT
  5
ABE
330
9BE
100
AcDbEntity
 67
1
  8
E-SEMA-YAZI
100
AcDbText
 10
264.0
 20
237.4
 30
0.0
 40
2.2
  1
-ID6
  7
GYM
 72
2
 11
264.0
 21
237.4
 31
0.0
100
AcDbText
 73
2
  0
TEXT
  5
ABF
330
9BE
100
AcDbEntity
 67
1
  8
E-SEMA-YAZI
100
AcDbText
 10
264.0
 20
235.20000000000002
 30
0.0
 40
1.5
  1
4×40A/30mA
  7
GYM
 72
2
 11
264.0
 21
235.20000000000002
 31
0.0
100
AcDbText
 73
2
  0
TEXT
  5
AC0
330
9BE
100
AcDbEntity
 67
1
  8
E-SEMA-YAZI
100
AcDbText
 10
264.0
 20
233.00000000000003
 30
0.0
 40
1.5
  1
A tipi
  7
GYM
 72
2
 11
264.0
 21
233.00000000000003
 31
0.0
100
AcDbText
 73
2
  0
TEXT
  5
AC1
330
9BE
100
AcDbEntity
 67
1
  8
E-SEMA-YAZI
100
AcDbText
 10
264.0
 20
229.4
 30
0.0
 40
1.5
  1
RCD-6
  7
GYM
 72
2
 11
264.0
 21
229.4
 31
0.0
100
AcDbText
 73
2
  0
LINE
  5
AC2
330
9BE
100
AcDbEntity
 67
1
  8
E-SEMA-TEL
370
25
100
AcDbLine
 10
276.5
 20
234.0
 30
0.0
 11
276.5
 21
231.8
 31
0.0
  0
LINE
  5
AC3
330
9BE
100
AcDbEntity
 67
1
  8
E-SEMA-RAY
370
25
100
AcDbLine
 10
276.5
 20
231.8
 30
0.0
 11
381.5
 21
231.8
 31
0.0
  0
TEXT
  5
AC4
330
9BE
100
AcDbEntity
 67
1
  8
E-SEMA-YAZI
100
AcDbText
 10
382.5
 20
231.8
 30
0.0
 40
1.5
  1
L1
  7
GYM
 11
382.5
 21
231.8
 31
0.0
100
AcDbText
 73
2
  0
LINE
  5
AC5
330
9BE
100
AcDbEntity
 67
1
  8
E-SEMA-TEL
370
25
100
AcDbLine
 10
280.5
 20
234.0
 30
0.0
 11
280.5
 21
229.20000000000002
 31
0.0
  0
LINE
  5
AC6
330
9BE
100
AcDbEntity
 67
1
  8
E-SEMA-RAY
370
25
100
AcDbLine
 10
280.5
 20
229.20000000000002
 30
0.0
 11
381.5
 21
229.20000000000002
 31
0.0
  0
TEXT
  5
AC7
330
9BE
100
AcDbEntity
 67
1
  8
E-SEMA-YAZI
100
AcDbText
 10
382.5
 20
229.20000000000002
 30
0.0
 40
1.5
  1
L2
  7
GYM
 11
382.5
 21
229.20000000000002
 31
0.0
100
AcDbText
 73
2
  0
LINE
  5
AC8
330
9BE
100
AcDbEntity
 67
1
  8
E-SEMA-TEL
370
25
100
AcDbLine
 10
284.5
 20
234.0
 30
0.0
 11
284.5
 21
226.60000000000002
 31
0.0
  0
LINE
  5
AC9
330
9BE
100
AcDbEntity
 67
1
  8
E-SEMA-RAY
370
25
100
AcDbLine
 10
284.5
 20
226.60000000000002
 30
0.0
 11
381.5
 21
226.60000000000002
 31
0.0
  0
TEXT
  5
ACA
330
9BE
100
AcDbEntity
 67
1
  8
E-SEMA-YAZI
100
AcDbText
 10
382.5
 20
226.60000000000002
 30
0.0
 40
1.5
  1
L3
  7
GYM
 11
382.5
 21
226.60000000000002
 31
0.0
100
AcDbText
 73
2
  0
LINE
  5
ACB
330
9BE
100
AcDbEntity
 67
1
  8
E-SEMA-TEL
370
25
100
AcDbLine
 10
288.5
 20
234.0
 30
0.0
 11
288.5
 21
224.0
 31
0.0
  0
LINE
  5
ACC
330
9BE
100
AcDbEntity
 67
1
  8
E-SEMA-RAY
370
25
100
AcDbLine
 10
288.5
 20
224.0
 30
0.0
 11
381.5
 21
224.0
 31
0.0
  0
TEXT
  5
ACD
330
9BE
100
AcDbEntity
 67
1
  8
E-SEMA-YAZI
100
AcDbText
 10
382.5
 20
224.0
 30
0.0
 40
1.5
  1
N6
  7
GYM
 11
382.5
 21
224.0
 31
0.0
100
AcDbText
 73
2
  0
HATCH
  5
ACE
330
9BE
100
AcDbEntity
 67
1
  8
E-SEMA-SEMBOL
 62
7
100
AcDbHatch
 10
0.0
 20
0.0
 30
0.0
210
0.0
220
0.0
230
1.0
  2
SOLID
 70
1
 71
0
 91
1
 92
1
 93
1
 72
2
 10
39.0
 20
229.20000000000002
 40
0.55
 50
0.0
 51
360.0
 73
1
 97
0
 75
0
 76
1
 98
0
  0
LINE
  5
ACF
330
9BE
100
AcDbEntity
 67
1
  8
E-SEMA-TEL
370
25
100
AcDbLine
 10
39.0
 20
229.20000000000002
 30
0.0
 11
39.0
 21
218.0
 31
0.0
  0
HATCH
  5
AD0
330
9BE
100
AcDbEntity
 67
1
  8
E-SEMA-SEMBOL
 62
7
100
AcDbHatch
 10
0.0
 20
0.0
 30
0.0
210
0.0
220
0.0
230
1.0
  2
SOLID
 70
1
 71
0
 91
1
 92
1
 93
1
 72
2
 10
43.0
 20
224.0
 40
0.55
 50
0.0
 51
360.0
 73
1
 97
0
 75
0
 76
1
 98
0
  0
LINE
  5
AD1
330
9BE
100
AcDbEntity
 67
1
  8
E-SEMA-TEL
370
25
100
AcDbLine
 10
43.0
 20
224.0
 30
0.0
 11
43.0
 21
140.8
 31
0.0
  0
TEXT
  5
AD2
330
9BE
100
AcDbEntity
 67
1
  8
E-SEMA-YAZI
100
AcDbText
 10
44.4
 20
213.4
 30
0.0
 40
1.5
  1
N5
  7
GYM
 11
44.4
 21
213.4
 31
0.0
100
AcDbText
 73
2
  0
LINE
  5
AD3
330
9BE
100
AcDbEntity
 67
1
  8
E-SEMA-TEL
370
25
100
AcDbLine
 10
39.0
 20
218.0
 30
0.0
 11
39.0
 21
215.36
 31
0.0
  0
HATCH
  5
AD4
330
9BE
100
AcDbEntity
 67
1
  8
E-SEMA-SEMBOL
 62
7
100
AcDbHatch
 10
0.0
 20
0.0
 30
0.0
210
0.0
220
0.0
230
1.0
  2
SOLID
 70
1
 71
0
 91
1
 92
1
 93
1
 72
2
 10
39.0
 20
215.36
 40
0.35
 50
0.0
 51
360.0
 73
1
 97
0
 75
0
 76
1
 98
0
  0
LINE
  5
AD5
330
9BE
100
AcDbEntity
 67
1
  8
E-SEMA-SEMBOL
370
35
100
AcDbLine
 10
39.0
 20
215.36
 30
0.0
 11
42.6
 21
208.4
 31
0.0
  0
LINE
  5
AD6
330
9BE
100
AcDbEntity
 67
1
  8
E-SEMA-TEL
370
25
100
AcDbLine
 10
39.0
 20
207.92
 30
0.0
 11
39.0
 21
206.0
 31
0.0
  0
LWPOLYLINE
  5
AD7
330
9BE
100
AcDbEntity
 67
1
  8
E-SEMA-SEMBOL
370
25
100
AcDbPolyline
 90
4
 70
1
 10
39.9
 20
207.92
 10
41.3
 20
207.92
 10
41.3
 20
211.52
 10
39.9
 20
211.52
  0
TEXT
  5
AD8
330
9BE
100
AcDbEntity
 67
1
  8
E-SEMA-YAZI
100
AcDbText
 10
37.8
 20
217.4
 30
0.0
 40
1.5
  1
1
  7
GYM
 72
2
 11
37.8
 21
217.4
 31
0.0
100
AcDbText
 73
2
  0
TEXT
  5
AD9
330
9BE
100
AcDbEntity
 67
1
  8
E-SEMA-YAZI
100
AcDbText
 10
42.1
 20
208.0
 30
0.0
 40
1.5
  1
2
  7
GYM
 11
42.1
 21
208.0
 31
0.0
100
AcDbText
 73
2
  0
TEXT
  5
ADA
330
9BE
100
AcDbEntity
 67
1
  8
E-SEMA-YAZI
100
AcDbText
 10
35.6
 20
217.6
 30
0.0
 40
2.2
  1
-F17
  7
GYM
 72
2
 11
35.6
 21
217.6
 31
0.0
100
AcDbText
 73
2
  0
TEXT
  5
ADB
330
9BE
100
AcDbEntity
 67
1
  8
E-SEMA-YAZI
100
AcDbText
 10
35.6
 20
215.0
 30
0.0
 40
1.5
  1
16 A
  7
GYM
 72
2
 11
35.6
 21
215.0
 31
0.0
100
AcDbText
 73
2
  0
TEXT
  5
ADC
330
9BE
100
AcDbEntity
 67
1
  8
E-SEMA-YAZI
100
AcDbText
 10
35.6
 20
213.0
 30
0.0
 40
1.5
  1
1P C
  7
GYM
 72
2
 11
35.6
 21
213.0
 31
0.0
100
AcDbText
 73
2
  0
TEXT
  5
ADD
330
9BE
100
AcDbEntity
 67
1
  8
E-SEMA-YAZI
100
AcDbText
 10
35.6
 20
211.0
 30
0.0
 40
1.5
  1
6kA
  7
GYM
 72
2
 11
35.6
 21
211.0
 31
0.0
100
AcDbText
 73
2
  0
LINE
  5
ADE
330
9BE
100
AcDbEntity
 67
1
  8
E-SEMA-TEL
370
25
100
AcDbLine
 10
39.0
 20
206.0
 30
0.0
 11
39.0
 21
140.8
 31
0.0
  0
TEXT
  5
ADF
330
9BE
100
AcDbEntity
 67
1
  8
E-SEMA-YAZI
100
AcDbText
 10
37.6
 20
178.0
 30
0.0
 40
1.5
  1
27
 50
90.0
  7
GYM
 72
1
 11
37.6
 21
178.0
 31
0.0
100
AcDbText
 73
2
  0
HATCH
  5
AE0
330
9BE
100
AcDbEntity
 67
1
  8
E-SEMA-SEMBOL
 62
7
100
AcDbHatch
 10
0.0
 20
0.0
 30
0.0
210
0.0
220
0.0
230
1.0
  2
SOLID
 70
1
 71
0
 91
1
 92
1
 93
1
 72
2
 10
47.0
 20
150.0
 40
0.55
 50
0.0
 51
360.0
 73
1
 97
0
 75
0
 76
1
 98
0
  0
LINE
  5
AE1
330
9BE
100
AcDbEntity
 67
1
  8
E-SEMA-PE
  6
DASHDOT
370
25
100
AcDbLine
 10
47.0
 20
150.0
 30
0.0
 11
47.0
 21
140.8
 31
0.0
  0
CIRCLE
  5
AE2
330
9BE
100
AcDbEntity
 67
1
  8
E-SEMA-KLEMENS
370
25
100
AcDbCircle
 10
39.0
 20
140.0
 30
0.0
 40
0.8
  0
TEXT
  5
AE3
330
9BE
100
AcDbEntity
 67
1
  8
E-SEMA-YAZI
100
AcDbText
 10
37.4
 20
142.2
 30
0.0
 40
1.5
  1
17
  7
GYM
 72
2
 11
37.4
 21
142.2
 31
0.0
100
AcDbText
 73
2
  0
CIRCLE
  5
AE4
330
9BE
100
AcDbEntity
 67
1
  8
E-SEMA-KLEMENS
370
25
100
AcDbCircle
 10
43.0
 20
140.0
 30
0.0
 40
0.8
  0
TEXT
  5
AE5
330
9BE
100
AcDbEntity
 67
1
  8
E-SEMA-YAZI
100
AcDbText
 10
44.6
 20
142.2
 30
0.0
 40
1.5
  1
N5
  7
GYM
 11
44.6
 21
142.2
 31
0.0
100
AcDbText
 73
2
  0
CIRCLE
  5
AE6
330
9BE
100
AcDbEntity
 67
1
  8
E-SEMA-KLEMENS
370
25
100
AcDbCircle
 10
47.0
 20
140.0
 30
0.0
 40
0.8
  0
TEXT
  5
AE7
330
9BE
100
AcDbEntity
 67
1
  8
E-SEMA-YAZI
100
AcDbText
 10
48.6
 20
142.2
 30
0.0
 40
1.5
  1
PE
  7
GYM
 11
48.6
 21
142.2
 31
0.0
100
AcDbText
 73
2
  0
LINE
  5
AE8
330
9BE
100
AcDbEntity
 67
1
  8
E-SEMA-TEL
370
25
100
AcDbLine
 10
39.0
 20
139.2
 30
0.0
 11
39.0
 21
124.0
 31
0.0
  0
LINE
  5
AE9
330
9BE
100
AcDbEntity
 67
1
  8
E-SEMA-TEL
370
25
100
AcDbLine
 10
43.0
 20
139.2
 30
0.0
 11
43.0
 21
124.0
 31
0.0
  0
LINE
  5
AEA
330
9BE
100
AcDbEntity
 67
1
  8
E-SEMA-PE
  6
DASHDOT
370
25
100
AcDbLine
 10
47.0
 20
139.2
 30
0.0
 11
47.0
 21
124.0
 31
0.0
  0
TEXT
  5
AEB
330
9BE
100
AcDbEntity
 67
1
  8
E-SEMA-YAZI
100
AcDbText
 10
43.0
 20
131.0
 30
0.0
 40
1.5
  1
3×2,5 NHXMH
  7
GYM
 72
1
 11
43.0
 21
131.0
 31
0.0
100
AcDbText
 73
2
  0
LINE
  5
AEC
330
9BE
100
AcDbEntity
 67
1
  8
E-SEMA-YAZI
370
13
100
AcDbLine
 10
36.0
 20
132.6
 30
0.0
 11
50.0
 21
132.6
 31
0.0
  0
LWPOLYLINE
  5
AED
330
9BE
100
AcDbEntity
 67
1
  8
E-SEMA-YUK
  6
DASHED
370
18
100
AcDbPolyline
 90
4
 70
1
 10
36.9
 20
110.0
 10
49.099999999999994
 20
110.0
 10
49.099999999999994
 20
124.0
 10
36.9
 20
124.0
  0
LWPOLYLINE
  5
AEE
330
9BE
100
AcDbEntity
 67
1
  8
E-SEMA-YUK
370
18
100
AcDbPolyline
 90
4
 70
1
 10
38.800000000000004
 20
111.4
 10
40.4
 20
111.4
 10
40.4
 20
122.6
 10
38.800000000000004
 20
122.6
  0
TEXT
  5
AEF
330
9BE
100
AcDbEntity
 67
1
  8
E-SEMA-YUK
100
AcDbText
 10
39.6
 20
123.5
 30
0.0
 40
1.5
  1
L
  7
GYM
 72
1
 11
39.6
 21
123.5
 31
0.0
100
AcDbText
 73
2
  0
LWPOLYLINE
  5
AF0
330
9BE
100
AcDbEntity
 67
1
  8
E-SEMA-YUK
370
18
100
AcDbPolyline
 90
4
 70
1
 10
42.2
 20
111.4
 10
43.8
 20
111.4
 10
43.8
 20
122.6
 10
42.2
 20
122.6
  0
TEXT
  5
AF1
330
9BE
100
AcDbEntity
 67
1
  8
E-SEMA-YUK
100
AcDbText
 10
43.0
 20
123.5
 30
0.0
 40
1.5
  1
N
  7
GYM
 72
1
 11
43.0
 21
123.5
 31
0.0
100
AcDbText
 73
2
  0
LWPOLYLINE
  5
AF2
330
9BE
100
AcDbEntity
 67
1
  8
E-SEMA-YUK
370
18
100
AcDbPolyline
 90
4
 70
1
 10
45.6
 20
111.4
 10
47.199999999999996
 20
111.4
 10
47.199999999999996
 20
122.6
 10
45.6
 20
122.6
  0
TEXT
  5
AF3
330
9BE
100
AcDbEntity
 67
1
  8
E-SEMA-YUK
100
AcDbText
 10
46.4
 20
123.5
 30
0.0
 40
1.5
  1
PE
  7
GYM
 72
1
 11
46.4
 21
123.5
 31
0.0
100
AcDbText
 73
2
  0
TEXT
  5
AF4
330
9BE
100
AcDbEntity
 67
1
  8
E-SEMA-YAZI
100
AcDbText
 10
43.0
 20
103.0
 30
0.0
 40
2.8
  1
K2
  7
GYM-B
 72
1
 11
43.0
 21
103.0
 31
0.0
100
AcDbText
 73
2
  0
TEXT
  5
AF5
330
9BE
100
AcDbEntity
 67
1
  8
E-SEMA-YAZI
100
AcDbText
 10
43.0
 20
97.0
 30
0.0
 40
1.8
  1
Klima · fonksiyonel
  7
GYM
 72
1
 11
43.0
 21
97.0
 31
0.0
100
AcDbText
 73
2
  0
TEXT
  5
AF6
330
9BE
100
AcDbEntity
 67
1
  8
E-SEMA-YAZI
100
AcDbText
 10
43.0
 20
94.4
 30
0.0
 40
1.8
  1
18.000 BTU
  7
GYM
 72
1
 11
43.0
 21
94.4
 31
0.0
100
AcDbText
 73
2
  0
HATCH
  5
AF7
330
9BE
100
AcDbEntity
 67
1
  8
E-SEMA-SEMBOL
 62
7
100
AcDbHatch
 10
0.0
 20
0.0
 30
0.0
210
0.0
220
0.0
230
1.0
  2
SOLID
 70
1
 71
0
 91
1
 92
1
 93
1
 72
2
 10
86.5
 20
231.8
 40
0.55
 50
0.0
 51
360.0
 73
1
 97
0
 75
0
 76
1
 98
0
  0
LINE
  5
AF8
330
9BE
100
AcDbEntity
 67
1
  8
E-SEMA-TEL
370
25
100
AcDbLine
 10
86.5
 20
231.8
 30
0.0
 11
86.5
 21
218.0
 31
0.0
  0
HATCH
  5
AF9
330
9BE
100
AcDbEntity
 67
1
  8
E-SEMA-SEMBOL
 62
7
100
AcDbHatch
 10
0.0
 20
0.0
 30
0.0
210
0.0
220
0.0
230
1.0
  2
SOLID
 70
1
 71
0
 91
1
 92
1
 93
1
 72
2
 10
90.5
 20
224.0
 40
0.55
 50
0.0
 51
360.0
 73
1
 97
0
 75
0
 76
1
 98
0
  0
LINE
  5
AFA
330
9BE
100
AcDbEntity
 67
1
  8
E-SEMA-TEL
370
25
100
AcDbLine
 10
90.5
 20
224.0
 30
0.0
 11
90.5
 21
140.8
 31
0.0
  0
TEXT
  5
AFB
330
9BE
100
AcDbEntity
 67
1
  8
E-SEMA-YAZI
100
AcDbText
 10
91.9
 20
213.4
 30
0.0
 40
1.5
  1
N5
  7
GYM
 11
91.9
 21
213.4
 31
0.0
100
AcDbText
 73
2
  0
LINE
  5
AFC
330
9BE
100
AcDbEntity
 67
1
  8
E-SEMA-TEL
370
25
100
AcDbLine
 10
86.5
 20
218.0
 30
0.0
 11
86.5
 21
215.36
 31
0.0
  0
HATCH
  5
AFD
330
9BE
100
AcDbEntity
 67
1
  8
E-SEMA-SEMBOL
 62
7
100
AcDbHatch
 10
0.0
 20
0.0
 30
0.0
210
0.0
220
0.0
230
1.0
  2
SOLID
 70
1
 71
0
 91
1
 92
1
 93
1
 72
2
 10
86.5
 20
215.36
 40
0.35
 50
0.0
 51
360.0
 73
1
 97
0
 75
0
 76
1
 98
0
  0
LINE
  5
AFE
330
9BE
100
AcDbEntity
 67
1
  8
E-SEMA-SEMBOL
370
35
100
AcDbLine
 10
86.5
 20
215.36
 30
0.0
 11
90.1
 21
208.4
 31
0.0
  0
LINE
  5
AFF
330
9BE
100
AcDbEntity
 67
1
  8
E-SEMA-TEL
370
25
100
AcDbLine
 10
86.5
 20
207.92
 30
0.0
 11
86.5
 21
206.0
 31
0.0
  0
LWPOLYLINE
  5
B00
330
9BE
100
AcDbEntity
 67
1
  8
E-SEMA-SEMBOL
370
25
100
AcDbPolyline
 90
4
 70
1
 10
87.4
 20
207.92
 10
88.8
 20
207.92
 10
88.8
 20
211.52
 10
87.4
 20
211.52
  0
TEXT
  5
B01
330
9BE
100
AcDbEntity
 67
1
  8
E-SEMA-YAZI
100
AcDbText
 10
85.3
 20
217.4
 30
0.0
 40
1.5
  1
1
  7
GYM
 72
2
 11
85.3
 21
217.4
 31
0.0
100
AcDbText
 73
2
  0
TEXT
  5
B02
330
9BE
100
AcDbEntity
 67
1
  8
E-SEMA-YAZI
100
AcDbText
 10
89.6
 20
208.0
 30
0.0
 40
1.5
  1
2
  7
GYM
 11
89.6
 21
208.0
 31
0.0
100
AcDbText
 73
2
  0
TEXT
  5
B03
330
9BE
100
AcDbEntity
 67
1
  8
E-SEMA-YAZI
100
AcDbText
 10
83.1
 20
217.6
 30
0.0
 40
2.2
  1
-F18
  7
GYM
 72
2
 11
83.1
 21
217.6
 31
0.0
100
AcDbText
 73
2
  0
TEXT
  5
B04
330
9BE
100
AcDbEntity
 67
1
  8
E-SEMA-YAZI
100
AcDbText
 10
83.1
 20
215.0
 30
0.0
 40
1.5
  1
16 A
  7
GYM
 72
2
 11
83.1
 21
215.0
 31
0.0
100
AcDbText
 73
2
  0
TEXT
  5
B05
330
9BE
100
AcDbEntity
 67
1
  8
E-SEMA-YAZI
100
AcDbText
 10
83.1
 20
213.0
 30
0.0
 40
1.5
  1
1P C
  7
GYM
 72
2
 11
83.1
 21
213.0
 31
0.0
100
AcDbText
 73
2
  0
TEXT
  5
B06
330
9BE
100
AcDbEntity
 67
1
  8
E-SEMA-YAZI
100
AcDbText
 10
83.1
 20
211.0
 30
0.0
 40
1.5
  1
6kA
  7
GYM
 72
2
 11
83.1
 21
211.0
 31
0.0
100
AcDbText
 73
2
  0
LINE
  5
B07
330
9BE
100
AcDbEntity
 67
1
  8
E-SEMA-TEL
370
25
100
AcDbLine
 10
86.5
 20
206.0
 30
0.0
 11
86.5
 21
140.8
 31
0.0
  0
TEXT
  5
B08
330
9BE
100
AcDbEntity
 67
1
  8
E-SEMA-YAZI
100
AcDbText
 10
85.1
 20
178.0
 30
0.0
 40
1.5
  1
28
 50
90.0
  7
GYM
 72
1
 11
85.1
 21
178.0
 31
0.0
100
AcDbText
 73
2
  0
HATCH
  5
B09
330
9BE
100
AcDbEntity
 67
1
  8
E-SEMA-SEMBOL
 62
7
100
AcDbHatch
 10
0.0
 20
0.0
 30
0.0
210
0.0
220
0.0
230
1.0
  2
SOLID
 70
1
 71
0
 91
1
 92
1
 93
1
 72
2
 10
94.5
 20
150.0
 40
0.55
 50
0.0
 51
360.0
 73
1
 97
0
 75
0
 76
1
 98
0
  0
LINE
  5
B0A
330
9BE
100
AcDbEntity
 67
1
  8
E-SEMA-PE
  6
DASHDOT
370
25
100
AcDbLine
 10
94.5
 20
150.0
 30
0.0
 11
94.5
 21
140.8
 31
0.0
  0
CIRCLE
  5
B0B
330
9BE
100
AcDbEntity
 67
1
  8
E-SEMA-KLEMENS
370
25
100
AcDbCircle
 10
86.5
 20
140.0
 30
0.0
 40
0.8
  0
TEXT
  5
B0C
330
9BE
100
AcDbEntity
 67
1
  8
E-SEMA-YAZI
100
AcDbText
 10
84.9
 20
142.2
 30
0.0
 40
1.5
  1
18
  7
GYM
 72
2
 11
84.9
 21
142.2
 31
0.0
100
AcDbText
 73
2
  0
CIRCLE
  5
B0D
330
9BE
100
AcDbEntity
 67
1
  8
E-SEMA-KLEMENS
370
25
100
AcDbCircle
 10
90.5
 20
140.0
 30
0.0
 40
0.8
  0
TEXT
  5
B0E
330
9BE
100
AcDbEntity
 67
1
  8
E-SEMA-YAZI
100
AcDbText
 10
92.1
 20
142.2
 30
0.0
 40
1.5
  1
N5
  7
GYM
 11
92.1
 21
142.2
 31
0.0
100
AcDbText
 73
2
  0
CIRCLE
  5
B0F
330
9BE
100
AcDbEntity
 67
1
  8
E-SEMA-KLEMENS
370
25
100
AcDbCircle
 10
94.5
 20
140.0
 30
0.0
 40
0.8
  0
TEXT
  5
B10
330
9BE
100
AcDbEntity
 67
1
  8
E-SEMA-YAZI
100
AcDbText
 10
96.1
 20
142.2
 30
0.0
 40
1.5
  1
PE
  7
GYM
 11
96.1
 21
142.2
 31
0.0
100
AcDbText
 73
2
  0
LINE
  5
B11
330
9BE
100
AcDbEntity
 67
1
  8
E-SEMA-TEL
370
25
100
AcDbLine
 10
86.5
 20
139.2
 30
0.0
 11
86.5
 21
124.0
 31
0.0
  0
LINE
  5
B12
330
9BE
100
AcDbEntity
 67
1
  8
E-SEMA-TEL
370
25
100
AcDbLine
 10
90.5
 20
139.2
 30
0.0
 11
90.5
 21
124.0
 31
0.0
  0
LINE
  5
B13
330
9BE
100
AcDbEntity
 67
1
  8
E-SEMA-PE
  6
DASHDOT
370
25
100
AcDbLine
 10
94.5
 20
139.2
 30
0.0
 11
94.5
 21
124.0
 31
0.0
  0
TEXT
  5
B14
330
9BE
100
AcDbEntity
 67
1
  8
E-SEMA-YAZI
100
AcDbText
 10
90.5
 20
131.0
 30
0.0
 40
1.5
  1
3×2,5 NHXMH
  7
GYM
 72
1
 11
90.5
 21
131.0
 31
0.0
100
AcDbText
 73
2
  0
LINE
  5
B15
330
9BE
100
AcDbEntity
 67
1
  8
E-SEMA-YAZI
370
13
100
AcDbLine
 10
83.5
 20
132.6
 30
0.0
 11
97.5
 21
132.6
 31
0.0
  0
LWPOLYLINE
  5
B16
330
9BE
100
AcDbEntity
 67
1
  8
E-SEMA-YUK
  6
DASHED
370
18
100
AcDbPolyline
 90
4
 70
1
 10
84.4
 20
110.0
 10
96.60000000000001
 20
110.0
 10
96.60000000000001
 20
124.0
 10
84.4
 20
124.0
  0
LWPOLYLINE
  5
B17
330
9BE
100
AcDbEntity
 67
1
  8
E-SEMA-YUK
370
18
100
AcDbPolyline
 90
4
 70
1
 10
86.30000000000001
 20
111.4
 10
87.9
 20
111.4
 10
87.9
 20
122.6
 10
86.30000000000001
 20
122.6
  0
TEXT
  5
B18
330
9BE
100
AcDbEntity
 67
1
  8
E-SEMA-YUK
100
AcDbText
 10
87.10000000000001
 20
123.5
 30
0.0
 40
1.5
  1
L
  7
GYM
 72
1
 11
87.10000000000001
 21
123.5
 31
0.0
100
AcDbText
 73
2
  0
LWPOLYLINE
  5
B19
330
9BE
100
AcDbEntity
 67
1
  8
E-SEMA-YUK
370
18
100
AcDbPolyline
 90
4
 70
1
 10
89.70000000000002
 20
111.4
 10
91.30000000000001
 20
111.4
 10
91.30000000000001
 20
122.6
 10
89.70000000000002
 20
122.6
  0
TEXT
  5
B1A
330
9BE
100
AcDbEntity
 67
1
  8
E-SEMA-YUK
100
AcDbText
 10
90.50000000000001
 20
123.5
 30
0.0
 40
1.5
  1
N
  7
GYM
 72
1
 11
90.50000000000001
 21
123.5
 31
0.0
100
AcDbText
 73
2
  0
LWPOLYLINE
  5
B1B
330
9BE
100
AcDbEntity
 67
1
  8
E-SEMA-YUK
370
18
100
AcDbPolyline
 90
4
 70
1
 10
93.10000000000001
 20
111.4
 10
94.7
 20
111.4
 10
94.7
 20
122.6
 10
93.10000000000001
 20
122.6
  0
TEXT
  5
B1C
330
9BE
100
AcDbEntity
 67
1
  8
E-SEMA-YUK
100
AcDbText
 10
93.9
 20
123.5
 30
0.0
 40
1.5
  1
PE
  7
GYM
 72
1
 11
93.9
 21
123.5
 31
0.0
100
AcDbText
 73
2
  0
TEXT
  5
B1D
330
9BE
100
AcDbEntity
 67
1
  8
E-SEMA-YAZI
100
AcDbText
 10
90.5
 20
103.0
 30
0.0
 40
2.8
  1
K3
  7
GYM-B
 72
1
 11
90.5
 21
103.0
 31
0.0
100
AcDbText
 73
2
  0
TEXT
  5
B1E
330
9BE
100
AcDbEntity
 67
1
  8
E-SEMA-YAZI
100
AcDbText
 10
90.5
 20
97.0
 30
0.0
 40
1.8
  1
Klima · giriş 12.000
  7
GYM
 72
1
 11
90.5
 21
97.0
 31
0.0
100
AcDbText
 73
2
  0
TEXT
  5
B1F
330
9BE
100
AcDbEntity
 67
1
  8
E-SEMA-YAZI
100
AcDbText
 10
90.5
 20
94.4
 30
0.0
 40
1.8
  1
BTU
  7
GYM
 72
1
 11
90.5
 21
94.4
 31
0.0
100
AcDbText
 73
2
  0
HATCH
  5
B20
330
9BE
100
AcDbEntity
 67
1
  8
E-SEMA-SEMBOL
 62
7
100
AcDbHatch
 10
0.0
 20
0.0
 30
0.0
210
0.0
220
0.0
230
1.0
  2
SOLID
 70
1
 71
0
 91
1
 92
1
 93
1
 72
2
 10
134.0
 20
231.8
 40
0.55
 50
0.0
 51
360.0
 73
1
 97
0
 75
0
 76
1
 98
0
  0
LINE
  5
B21
330
9BE
100
AcDbEntity
 67
1
  8
E-SEMA-TEL
370
25
100
AcDbLine
 10
134.0
 20
231.8
 30
0.0
 11
134.0
 21
218.0
 31
0.0
  0
HATCH
  5
B22
330
9BE
100
AcDbEntity
 67
1
  8
E-SEMA-SEMBOL
 62
7
100
AcDbHatch
 10
0.0
 20
0.0
 30
0.0
210
0.0
220
0.0
230
1.0
  2
SOLID
 70
1
 71
0
 91
1
 92
1
 93
1
 72
2
 10
138.0
 20
224.0
 40
0.55
 50
0.0
 51
360.0
 73
1
 97
0
 75
0
 76
1
 98
0
  0
LINE
  5
B23
330
9BE
100
AcDbEntity
 67
1
  8
E-SEMA-TEL
370
25
100
AcDbLine
 10
138.0
 20
224.0
 30
0.0
 11
138.0
 21
140.8
 31
0.0
  0
TEXT
  5
B24
330
9BE
100
AcDbEntity
 67
1
  8
E-SEMA-YAZI
100
AcDbText
 10
139.4
 20
213.4
 30
0.0
 40
1.5
  1
N5
  7
GYM
 11
139.4
 21
213.4
 31
0.0
100
AcDbText
 73
2
  0
LINE
  5
B25
330
9BE
100
AcDbEntity
 67
1
  8
E-SEMA-TEL
370
25
100
AcDbLine
 10
134.0
 20
218.0
 30
0.0
 11
134.0
 21
215.36
 31
0.0
  0
HATCH
  5
B26
330
9BE
100
AcDbEntity
 67
1
  8
E-SEMA-SEMBOL
 62
7
100
AcDbHatch
 10
0.0
 20
0.0
 30
0.0
210
0.0
220
0.0
230
1.0
  2
SOLID
 70
1
 71
0
 91
1
 92
1
 93
1
 72
2
 10
134.0
 20
215.36
 40
0.35
 50
0.0
 51
360.0
 73
1
 97
0
 75
0
 76
1
 98
0
  0
LINE
  5
B27
330
9BE
100
AcDbEntity
 67
1
  8
E-SEMA-SEMBOL
370
35
100
AcDbLine
 10
134.0
 20
215.36
 30
0.0
 11
137.6
 21
208.4
 31
0.0
  0
LINE
  5
B28
330
9BE
100
AcDbEntity
 67
1
  8
E-SEMA-TEL
370
25
100
AcDbLine
 10
134.0
 20
207.92
 30
0.0
 11
134.0
 21
206.0
 31
0.0
  0
LWPOLYLINE
  5
B29
330
9BE
100
AcDbEntity
 67
1
  8
E-SEMA-SEMBOL
370
25
100
AcDbPolyline
 90
4
 70
1
 10
134.9
 20
207.92
 10
136.3
 20
207.92
 10
136.3
 20
211.52
 10
134.9
 20
211.52
  0
TEXT
  5
B2A
330
9BE
100
AcDbEntity
 67
1
  8
E-SEMA-YAZI
100
AcDbText
 10
132.8
 20
217.4
 30
0.0
 40
1.5
  1
1
  7
GYM
 72
2
 11
132.8
 21
217.4
 31
0.0
100
AcDbText
 73
2
  0
TEXT
  5
B2B
330
9BE
100
AcDbEntity
 67
1
  8
E-SEMA-YAZI
100
AcDbText
 10
137.1
 20
208.0
 30
0.0
 40
1.5
  1
2
  7
GYM
 11
137.1
 21
208.0
 31
0.0
100
AcDbText
 73
2
  0
TEXT
  5
B2C
330
9BE
100
AcDbEntity
 67
1
  8
E-SEMA-YAZI
100
AcDbText
 10
130.6
 20
217.6
 30
0.0
 40
2.2
  1
-F19
  7
GYM
 72
2
 11
130.6
 21
217.6
 31
0.0
100
AcDbText
 73
2
  0
TEXT
  5
B2D
330
9BE
100
AcDbEntity
 67
1
  8
E-SEMA-YAZI
100
AcDbText
 10
130.6
 20
215.0
 30
0.0
 40
1.5
  1
16 A
  7
GYM
 72
2
 11
130.6
 21
215.0
 31
0.0
100
AcDbText
 73
2
  0
TEXT
  5
B2E
330
9BE
100
AcDbEntity
 67
1
  8
E-SEMA-YAZI
100
AcDbText
 10
130.6
 20
213.0
 30
0.0
 40
1.5
  1
1P C
  7
GYM
 72
2
 11
130.6
 21
213.0
 31
0.0
100
AcDbText
 73
2
  0
TEXT
  5
B2F
330
9BE
100
AcDbEntity
 67
1
  8
E-SEMA-YAZI
100
AcDbText
 10
130.6
 20
211.0
 30
0.0
 40
1.5
  1
6kA
  7
GYM
 72
2
 11
130.6
 21
211.0
 31
0.0
100
AcDbText
 73
2
  0
LINE
  5
B30
330
9BE
100
AcDbEntity
 67
1
  8
E-SEMA-TEL
370
25
100
AcDbLine
 10
134.0
 20
206.0
 30
0.0
 11
134.0
 21
140.8
 31
0.0
  0
TEXT
  5
B31
330
9BE
100
AcDbEntity
 67
1
  8
E-SEMA-YAZI
100
AcDbText
 10
132.6
 20
178.0
 30
0.0
 40
1.5
  1
29
 50
90.0
  7
GYM
 72
1
 11
132.6
 21
178.0
 31
0.0
100
AcDbText
 73
2
  0
HATCH
  5
B32
330
9BE
100
AcDbEntity
 67
1
  8
E-SEMA-SEMBOL
 62
7
100
AcDbHatch
 10
0.0
 20
0.0
 30
0.0
210
0.0
220
0.0
230
1.0
  2
SOLID
 70
1
 71
0
 91
1
 92
1
 93
1
 72
2
 10
142.0
 20
150.0
 40
0.55
 50
0.0
 51
360.0
 73
1
 97
0
 75
0
 76
1
 98
0
  0
LINE
  5
B33
330
9BE
100
AcDbEntity
 67
1
  8
E-SEMA-PE
  6
DASHDOT
370
25
100
AcDbLine
 10
142.0
 20
150.0
 30
0.0
 11
142.0
 21
140.8
 31
0.0
  0
CIRCLE
  5
B34
330
9BE
100
AcDbEntity
 67
1
  8
E-SEMA-KLEMENS
370
25
100
AcDbCircle
 10
134.0
 20
140.0
 30
0.0
 40
0.8
  0
TEXT
  5
B35
330
9BE
100
AcDbEntity
 67
1
  8
E-SEMA-YAZI
100
AcDbText
 10
132.4
 20
142.2
 30
0.0
 40
1.5
  1
19
  7
GYM
 72
2
 11
132.4
 21
142.2
 31
0.0
100
AcDbText
 73
2
  0
CIRCLE
  5
B36
330
9BE
100
AcDbEntity
 67
1
  8
E-SEMA-KLEMENS
370
25
100
AcDbCircle
 10
138.0
 20
140.0
 30
0.0
 40
0.8
  0
TEXT
  5
B37
330
9BE
100
AcDbEntity
 67
1
  8
E-SEMA-YAZI
100
AcDbText
 10
139.6
 20
142.2
 30
0.0
 40
1.5
  1
N5
  7
GYM
 11
139.6
 21
142.2
 31
0.0
100
AcDbText
 73
2
  0
CIRCLE
  5
B38
330
9BE
100
AcDbEntity
 67
1
  8
E-SEMA-KLEMENS
370
25
100
AcDbCircle
 10
142.0
 20
140.0
 30
0.0
 40
0.8
  0
TEXT
  5
B39
330
9BE
100
AcDbEntity
 67
1
  8
E-SEMA-YAZI
100
AcDbText
 10
143.6
 20
142.2
 30
0.0
 40
1.5
  1
PE
  7
GYM
 11
143.6
 21
142.2
 31
0.0
100
AcDbText
 73
2
  0
LINE
  5
B3A
330
9BE
100
AcDbEntity
 67
1
  8
E-SEMA-TEL
370
25
100
AcDbLine
 10
134.0
 20
139.2
 30
0.0
 11
134.0
 21
124.0
 31
0.0
  0
LINE
  5
B3B
330
9BE
100
AcDbEntity
 67
1
  8
E-SEMA-TEL
370
25
100
AcDbLine
 10
138.0
 20
139.2
 30
0.0
 11
138.0
 21
124.0
 31
0.0
  0
LINE
  5
B3C
330
9BE
100
AcDbEntity
 67
1
  8
E-SEMA-PE
  6
DASHDOT
370
25
100
AcDbLine
 10
142.0
 20
139.2
 30
0.0
 11
142.0
 21
124.0
 31
0.0
  0
TEXT
  5
B3D
330
9BE
100
AcDbEntity
 67
1
  8
E-SEMA-YAZI
100
AcDbText
 10
138.0
 20
131.0
 30
0.0
 40
1.5
  1
3×2,5 NHXMH
  7
GYM
 72
1
 11
138.0
 21
131.0
 31
0.0
100
AcDbText
 73
2
  0
LINE
  5
B3E
330
9BE
100
AcDbEntity
 67
1
  8
E-SEMA-YAZI
370
13
100
AcDbLine
 10
131.0
 20
132.6
 30
0.0
 11
145.0
 21
132.6
 31
0.0
  0
LWPOLYLINE
  5
B3F
330
9BE
100
AcDbEntity
 67
1
  8
E-SEMA-YUK
  6
DASHED
370
18
100
AcDbPolyline
 90
4
 70
1
 10
131.9
 20
110.0
 10
144.1
 20
110.0
 10
144.1
 20
124.0
 10
131.9
 20
124.0
  0
LWPOLYLINE
  5
B40
330
9BE
100
AcDbEntity
 67
1
  8
E-SEMA-YUK
370
18
100
AcDbPolyline
 90
4
 70
1
 10
133.79999999999998
 20
111.4
 10
135.4
 20
111.4
 10
135.4
 20
122.6
 10
133.79999999999998
 20
122.6
  0
TEXT
  5
B41
330
9BE
100
AcDbEntity
 67
1
  8
E-SEMA-YUK
100
AcDbText
 10
134.6
 20
123.5
 30
0.0
 40
1.5
  1
L
  7
GYM
 72
1
 11
134.6
 21
123.5
 31
0.0
100
AcDbText
 73
2
  0
LWPOLYLINE
  5
B42
330
9BE
100
AcDbEntity
 67
1
  8
E-SEMA-YUK
370
18
100
AcDbPolyline
 90
4
 70
1
 10
137.2
 20
111.4
 10
138.8
 20
111.4
 10
138.8
 20
122.6
 10
137.2
 20
122.6
  0
TEXT
  5
B43
330
9BE
100
AcDbEntity
 67
1
  8
E-SEMA-YUK
100
AcDbText
 10
138.0
 20
123.5
 30
0.0
 40
1.5
  1
N
  7
GYM
 72
1
 11
138.0
 21
123.5
 31
0.0
100
AcDbText
 73
2
  0
LWPOLYLINE
  5
B44
330
9BE
100
AcDbEntity
 67
1
  8
E-SEMA-YUK
370
18
100
AcDbPolyline
 90
4
 70
1
 10
140.6
 20
111.4
 10
142.20000000000002
 20
111.4
 10
142.20000000000002
 20
122.6
 10
140.6
 20
122.6
  0
TEXT
  5
B45
330
9BE
100
AcDbEntity
 67
1
  8
E-SEMA-YUK
100
AcDbText
 10
141.4
 20
123.5
 30
0.0
 40
1.5
  1
PE
  7
GYM
 72
1
 11
141.4
 21
123.5
 31
0.0
100
AcDbText
 73
2
  0
TEXT
  5
B46
330
9BE
100
AcDbEntity
 67
1
  8
E-SEMA-YAZI
100
AcDbText
 10
138.0
 20
103.0
 30
0.0
 40
2.8
  1
K4
  7
GYM-B
 72
1
 11
138.0
 21
103.0
 31
0.0
100
AcDbText
 73
2
  0
TEXT
  5
B47
330
9BE
100
AcDbEntity
 67
1
  8
E-SEMA-YAZI
100
AcDbText
 10
138.0
 20
97.0
 30
0.0
 40
1.8
  1
Klima · dinlenme
  7
GYM
 72
1
 11
138.0
 21
97.0
 31
0.0
100
AcDbText
 73
2
  0
TEXT
  5
B48
330
9BE
100
AcDbEntity
 67
1
  8
E-SEMA-YAZI
100
AcDbText
 10
138.0
 20
94.4
 30
0.0
 40
1.8
  1
12.000 BTU
  7
GYM
 72
1
 11
138.0
 21
94.4
 31
0.0
100
AcDbText
 73
2
  0
HATCH
  5
B49
330
9BE
100
AcDbEntity
 67
1
  8
E-SEMA-SEMBOL
 62
7
100
AcDbHatch
 10
0.0
 20
0.0
 30
0.0
210
0.0
220
0.0
230
1.0
  2
SOLID
 70
1
 71
0
 91
1
 92
1
 93
1
 72
2
 10
181.5
 20
229.20000000000002
 40
0.55
 50
0.0
 51
360.0
 73
1
 97
0
 75
0
 76
1
 98
0
  0
LINE
  5
B4A
330
9BE
100
AcDbEntity
 67
1
  8
E-SEMA-TEL
370
25
100
AcDbLine
 10
181.5
 20
229.20000000000002
 30
0.0
 11
181.5
 21
218.0
 31
0.0
  0
HATCH
  5
B4B
330
9BE
100
AcDbEntity
 67
1
  8
E-SEMA-SEMBOL
 62
7
100
AcDbHatch
 10
0.0
 20
0.0
 30
0.0
210
0.0
220
0.0
230
1.0
  2
SOLID
 70
1
 71
0
 91
1
 92
1
 93
1
 72
2
 10
185.5
 20
224.0
 40
0.55
 50
0.0
 51
360.0
 73
1
 97
0
 75
0
 76
1
 98
0
  0
LINE
  5
B4C
330
9BE
100
AcDbEntity
 67
1
  8
E-SEMA-TEL
370
25
100
AcDbLine
 10
185.5
 20
224.0
 30
0.0
 11
185.5
 21
140.8
 31
0.0
  0
TEXT
  5
B4D
330
9BE
100
AcDbEntity
 67
1
  8
E-SEMA-YAZI
100
AcDbText
 10
186.9
 20
213.4
 30
0.0
 40
1.5
  1
N5
  7
GYM
 11
186.9
 21
213.4
 31
0.0
100
AcDbText
 73
2
  0
LINE
  5
B4E
330
9BE
100
AcDbEntity
 67
1
  8
E-SEMA-TEL
370
25
100
AcDbLine
 10
181.5
 20
218.0
 30
0.0
 11
181.5
 21
215.36
 31
0.0
  0
HATCH
  5
B4F
330
9BE
100
AcDbEntity
 67
1
  8
E-SEMA-SEMBOL
 62
7
100
AcDbHatch
 10
0.0
 20
0.0
 30
0.0
210
0.0
220
0.0
230
1.0
  2
SOLID
 70
1
 71
0
 91
1
 92
1
 93
1
 72
2
 10
181.5
 20
215.36
 40
0.35
 50
0.0
 51
360.0
 73
1
 97
0
 75
0
 76
1
 98
0
  0
LINE
  5
B50
330
9BE
100
AcDbEntity
 67
1
  8
E-SEMA-SEMBOL
370
35
100
AcDbLine
 10
181.5
 20
215.36
 30
0.0
 11
185.1
 21
208.4
 31
0.0
  0
LINE
  5
B51
330
9BE
100
AcDbEntity
 67
1
  8
E-SEMA-TEL
370
25
100
AcDbLine
 10
181.5
 20
207.92
 30
0.0
 11
181.5
 21
206.0
 31
0.0
  0
LWPOLYLINE
  5
B52
330
9BE
100
AcDbEntity
 67
1
  8
E-SEMA-SEMBOL
370
25
100
AcDbPolyline
 90
4
 70
1
 10
182.4
 20
207.92
 10
183.8
 20
207.92
 10
183.8
 20
211.52
 10
182.4
 20
211.52
  0
TEXT
  5
B53
330
9BE
100
AcDbEntity
 67
1
  8
E-SEMA-YAZI
100
AcDbText
 10
180.3
 20
217.4
 30
0.0
 40
1.5
  1
1
  7
GYM
 72
2
 11
180.3
 21
217.4
 31
0.0
100
AcDbText
 73
2
  0
TEXT
  5
B54
330
9BE
100
AcDbEntity
 67
1
  8
E-SEMA-YAZI
100
AcDbText
 10
184.6
 20
208.0
 30
0.0
 40
1.5
  1
2
  7
GYM
 11
184.6
 21
208.0
 31
0.0
100
AcDbText
 73
2
  0
TEXT
  5
B55
330
9BE
100
AcDbEntity
 67
1
  8
E-SEMA-YAZI
100
AcDbText
 10
178.1
 20
217.6
 30
0.0
 40
2.2
  1
-F20
  7
GYM
 72
2
 11
178.1
 21
217.6
 31
0.0
100
AcDbText
 73
2
  0
TEXT
  5
B56
330
9BE
100
AcDbEntity
 67
1
  8
E-SEMA-YAZI
100
AcDbText
 10
178.1
 20
215.0
 30
0.0
 40
1.5
  1
10 A
  7
GYM
 72
2
 11
178.1
 21
215.0
 31
0.0
100
AcDbText
 73
2
  0
TEXT
  5
B57
330
9BE
100
AcDbEntity
 67
1
  8
E-SEMA-YAZI
100
AcDbText
 10
178.1
 20
213.0
 30
0.0
 40
1.5
  1
1P C
  7
GYM
 72
2
 11
178.1
 21
213.0
 31
0.0
100
AcDbText
 73
2
  0
TEXT
  5
B58
330
9BE
100
AcDbEntity
 67
1
  8
E-SEMA-YAZI
100
AcDbText
 10
178.1
 20
211.0
 30
0.0
 40
1.5
  1
6kA
  7
GYM
 72
2
 11
178.1
 21
211.0
 31
0.0
100
AcDbText
 73
2
  0
LINE
  5
B59
330
9BE
100
AcDbEntity
 67
1
  8
E-SEMA-TEL
370
25
100
AcDbLine
 10
181.5
 20
206.0
 30
0.0
 11
181.5
 21
140.8
 31
0.0
  0
TEXT
  5
B5A
330
9BE
100
AcDbEntity
 67
1
  8
E-SEMA-YAZI
100
AcDbText
 10
180.1
 20
178.0
 30
0.0
 40
1.5
  1
30
 50
90.0
  7
GYM
 72
1
 11
180.1
 21
178.0
 31
0.0
100
AcDbText
 73
2
  0
HATCH
  5
B5B
330
9BE
100
AcDbEntity
 67
1
  8
E-SEMA-SEMBOL
 62
7
100
AcDbHatch
 10
0.0
 20
0.0
 30
0.0
210
0.0
220
0.0
230
1.0
  2
SOLID
 70
1
 71
0
 91
1
 92
1
 93
1
 72
2
 10
189.5
 20
150.0
 40
0.55
 50
0.0
 51
360.0
 73
1
 97
0
 75
0
 76
1
 98
0
  0
LINE
  5
B5C
330
9BE
100
AcDbEntity
 67
1
  8
E-SEMA-PE
  6
DASHDOT
370
25
100
AcDbLine
 10
189.5
 20
150.0
 30
0.0
 11
189.5
 21
140.8
 31
0.0
  0
CIRCLE
  5
B5D
330
9BE
100
AcDbEntity
 67
1
  8
E-SEMA-KLEMENS
370
25
100
AcDbCircle
 10
181.5
 20
140.0
 30
0.0
 40
0.8
  0
TEXT
  5
B5E
330
9BE
100
AcDbEntity
 67
1
  8
E-SEMA-YAZI
100
AcDbText
 10
179.9
 20
142.2
 30
0.0
 40
1.5
  1
20
  7
GYM
 72
2
 11
179.9
 21
142.2
 31
0.0
100
AcDbText
 73
2
  0
CIRCLE
  5
B5F
330
9BE
100
AcDbEntity
 67
1
  8
E-SEMA-KLEMENS
370
25
100
AcDbCircle
 10
185.5
 20
140.0
 30
0.0
 40
0.8
  0
TEXT
  5
B60
330
9BE
100
AcDbEntity
 67
1
  8
E-SEMA-YAZI
100
AcDbText
 10
187.1
 20
142.2
 30
0.0
 40
1.5
  1
N5
  7
GYM
 11
187.1
 21
142.2
 31
0.0
100
AcDbText
 73
2
  0
CIRCLE
  5
B61
330
9BE
100
AcDbEntity
 67
1
  8
E-SEMA-KLEMENS
370
25
100
AcDbCircle
 10
189.5
 20
140.0
 30
0.0
 40
0.8
  0
TEXT
  5
B62
330
9BE
100
AcDbEntity
 67
1
  8
E-SEMA-YAZI
100
AcDbText
 10
191.1
 20
142.2
 30
0.0
 40
1.5
  1
PE
  7
GYM
 11
191.1
 21
142.2
 31
0.0
100
AcDbText
 73
2
  0
LINE
  5
B63
330
9BE
100
AcDbEntity
 67
1
  8
E-SEMA-TEL
370
25
100
AcDbLine
 10
181.5
 20
139.2
 30
0.0
 11
181.5
 21
124.0
 31
0.0
  0
LINE
  5
B64
330
9BE
100
AcDbEntity
 67
1
  8
E-SEMA-TEL
370
25
100
AcDbLine
 10
185.5
 20
139.2
 30
0.0
 11
185.5
 21
124.0
 31
0.0
  0
LINE
  5
B65
330
9BE
100
AcDbEntity
 67
1
  8
E-SEMA-PE
  6
DASHDOT
370
25
100
AcDbLine
 10
189.5
 20
139.2
 30
0.0
 11
189.5
 21
124.0
 31
0.0
  0
TEXT
  5
B66
330
9BE
100
AcDbEntity
 67
1
  8
E-SEMA-YAZI
100
AcDbText
 10
185.5
 20
131.0
 30
0.0
 40
1.5
  1
3×2,5 NHXMH
  7
GYM
 72
1
 11
185.5
 21
131.0
 31
0.0
100
AcDbText
 73
2
  0
LINE
  5
B67
330
9BE
100
AcDbEntity
 67
1
  8
E-SEMA-YAZI
370
13
100
AcDbLine
 10
178.5
 20
132.6
 30
0.0
 11
192.5
 21
132.6
 31
0.0
  0
LWPOLYLINE
  5
B68
330
9BE
100
AcDbEntity
 67
1
  8
E-SEMA-YUK
  6
DASHED
370
18
100
AcDbPolyline
 90
4
 70
1
 10
179.4
 20
110.0
 10
191.6
 20
110.0
 10
191.6
 20
124.0
 10
179.4
 20
124.0
  0
LWPOLYLINE
  5
B69
330
9BE
100
AcDbEntity
 67
1
  8
E-SEMA-YUK
370
18
100
AcDbPolyline
 90
4
 70
1
 10
181.29999999999998
 20
111.4
 10
182.9
 20
111.4
 10
182.9
 20
122.6
 10
181.29999999999998
 20
122.6
  0
TEXT
  5
B6A
330
9BE
100
AcDbEntity
 67
1
  8
E-SEMA-YUK
100
AcDbText
 10
182.1
 20
123.5
 30
0.0
 40
1.5
  1
L
  7
GYM
 72
1
 11
182.1
 21
123.5
 31
0.0
100
AcDbText
 73
2
  0
LWPOLYLINE
  5
B6B
330
9BE
100
AcDbEntity
 67
1
  8
E-SEMA-YUK
370
18
100
AcDbPolyline
 90
4
 70
1
 10
184.7
 20
111.4
 10
186.3
 20
111.4
 10
186.3
 20
122.6
 10
184.7
 20
122.6
  0
TEXT
  5
B6C
330
9BE
100
AcDbEntity
 67
1
  8
E-SEMA-YUK
100
AcDbText
 10
185.5
 20
123.5
 30
0.0
 40
1.5
  1
N
  7
GYM
 72
1
 11
185.5
 21
123.5
 31
0.0
100
AcDbText
 73
2
  0
LWPOLYLINE
  5
B6D
330
9BE
100
AcDbEntity
 67
1
  8
E-SEMA-YUK
370
18
100
AcDbPolyline
 90
4
 70
1
 10
188.1
 20
111.4
 10
189.70000000000002
 20
111.4
 10
189.70000000000002
 20
122.6
 10
188.1
 20
122.6
  0
TEXT
  5
B6E
330
9BE
100
AcDbEntity
 67
1
  8
E-SEMA-YUK
100
AcDbText
 10
188.9
 20
123.5
 30
0.0
 40
1.5
  1
PE
  7
GYM
 72
1
 11
188.9
 21
123.5
 31
0.0
100
AcDbText
 73
2
  0
TEXT
  5
B6F
330
9BE
100
AcDbEntity
 67
1
  8
E-SEMA-YAZI
100
AcDbText
 10
185.5
 20
103.0
 30
0.0
 40
2.8
  1
V1
  7
GYM-B
 72
1
 11
185.5
 21
103.0
 31
0.0
100
AcDbText
 73
2
  0
TEXT
  5
B70
330
9BE
100
AcDbEntity
 67
1
  8
E-SEMA-YAZI
100
AcDbText
 10
185.5
 20
97.0
 30
0.0
 40
1.8
  1
Havalandırma · taze
  7
GYM
 72
1
 11
185.5
 21
97.0
 31
0.0
100
AcDbText
 73
2
  0
TEXT
  5
B71
330
9BE
100
AcDbEntity
 67
1
  8
E-SEMA-YAZI
100
AcDbText
 10
185.5
 20
94.4
 30
0.0
 40
1.8
  1
hava + egzoz fanı
  7
GYM
 72
1
 11
185.5
 21
94.4
 31
0.0
100
AcDbText
 73
2
  0
HATCH
  5
B72
330
9BE
100
AcDbEntity
 67
1
  8
E-SEMA-SEMBOL
 62
7
100
AcDbHatch
 10
0.0
 20
0.0
 30
0.0
210
0.0
220
0.0
230
1.0
  2
SOLID
 70
1
 71
0
 91
1
 92
1
 93
1
 72
2
 10
229.0
 20
229.20000000000002
 40
0.55
 50
0.0
 51
360.0
 73
1
 97
0
 75
0
 76
1
 98
0
  0
LINE
  5
B73
330
9BE
100
AcDbEntity
 67
1
  8
E-SEMA-TEL
370
25
100
AcDbLine
 10
229.0
 20
229.20000000000002
 30
0.0
 11
229.0
 21
218.0
 31
0.0
  0
HATCH
  5
B74
330
9BE
100
AcDbEntity
 67
1
  8
E-SEMA-SEMBOL
 62
7
100
AcDbHatch
 10
0.0
 20
0.0
 30
0.0
210
0.0
220
0.0
230
1.0
  2
SOLID
 70
1
 71
0
 91
1
 92
1
 93
1
 72
2
 10
233.0
 20
224.0
 40
0.55
 50
0.0
 51
360.0
 73
1
 97
0
 75
0
 76
1
 98
0
  0
LINE
  5
B75
330
9BE
100
AcDbEntity
 67
1
  8
E-SEMA-TEL
370
25
100
AcDbLine
 10
233.0
 20
224.0
 30
0.0
 11
233.0
 21
140.8
 31
0.0
  0
TEXT
  5
B76
330
9BE
100
AcDbEntity
 67
1
  8
E-SEMA-YAZI
100
AcDbText
 10
234.4
 20
213.4
 30
0.0
 40
1.5
  1
N5
  7
GYM
 11
234.4
 21
213.4
 31
0.0
100
AcDbText
 73
2
  0
LINE
  5
B77
330
9BE
100
AcDbEntity
 67
1
  8
E-SEMA-TEL
370
25
100
AcDbLine
 10
229.0
 20
218.0
 30
0.0
 11
229.0
 21
215.36
 31
0.0
  0
HATCH
  5
B78
330
9BE
100
AcDbEntity
 67
1
  8
E-SEMA-SEMBOL
 62
7
100
AcDbHatch
 10
0.0
 20
0.0
 30
0.0
210
0.0
220
0.0
230
1.0
  2
SOLID
 70
1
 71
0
 91
1
 92
1
 93
1
 72
2
 10
229.0
 20
215.36
 40
0.35
 50
0.0
 51
360.0
 73
1
 97
0
 75
0
 76
1
 98
0
  0
LINE
  5
B79
330
9BE
100
AcDbEntity
 67
1
  8
E-SEMA-SEMBOL
370
35
100
AcDbLine
 10
229.0
 20
215.36
 30
0.0
 11
232.6
 21
208.4
 31
0.0
  0
LINE
  5
B7A
330
9BE
100
AcDbEntity
 67
1
  8
E-SEMA-TEL
370
25
100
AcDbLine
 10
229.0
 20
207.92
 30
0.0
 11
229.0
 21
206.0
 31
0.0
  0
LWPOLYLINE
  5
B7B
330
9BE
100
AcDbEntity
 67
1
  8
E-SEMA-SEMBOL
370
25
100
AcDbPolyline
 90
4
 70
1
 10
229.9
 20
207.92
 10
231.3
 20
207.92
 10
231.3
 20
211.52
 10
229.9
 20
211.52
  0
TEXT
  5
B7C
330
9BE
100
AcDbEntity
 67
1
  8
E-SEMA-YAZI
100
AcDbText
 10
227.8
 20
217.4
 30
0.0
 40
1.5
  1
1
  7
GYM
 72
2
 11
227.8
 21
217.4
 31
0.0
100
AcDbText
 73
2
  0
TEXT
  5
B7D
330
9BE
100
AcDbEntity
 67
1
  8
E-SEMA-YAZI
100
AcDbText
 10
232.1
 20
208.0
 30
0.0
 40
1.5
  1
2
  7
GYM
 11
232.1
 21
208.0
 31
0.0
100
AcDbText
 73
2
  0
TEXT
  5
B7E
330
9BE
100
AcDbEntity
 67
1
  8
E-SEMA-YAZI
100
AcDbText
 10
225.6
 20
217.6
 30
0.0
 40
2.2
  1
-F21
  7
GYM
 72
2
 11
225.6
 21
217.6
 31
0.0
100
AcDbText
 73
2
  0
TEXT
  5
B7F
330
9BE
100
AcDbEntity
 67
1
  8
E-SEMA-YAZI
100
AcDbText
 10
225.6
 20
215.0
 30
0.0
 40
1.5
  1
6 A
  7
GYM
 72
2
 11
225.6
 21
215.0
 31
0.0
100
AcDbText
 73
2
  0
TEXT
  5
B80
330
9BE
100
AcDbEntity
 67
1
  8
E-SEMA-YAZI
100
AcDbText
 10
225.6
 20
213.0
 30
0.0
 40
1.5
  1
1P C
  7
GYM
 72
2
 11
225.6
 21
213.0
 31
0.0
100
AcDbText
 73
2
  0
TEXT
  5
B81
330
9BE
100
AcDbEntity
 67
1
  8
E-SEMA-YAZI
100
AcDbText
 10
225.6
 20
211.0
 30
0.0
 40
1.5
  1
6kA
  7
GYM
 72
2
 11
225.6
 21
211.0
 31
0.0
100
AcDbText
 73
2
  0
LINE
  5
B82
330
9BE
100
AcDbEntity
 67
1
  8
E-SEMA-TEL
370
25
100
AcDbLine
 10
229.0
 20
206.0
 30
0.0
 11
229.0
 21
140.8
 31
0.0
  0
TEXT
  5
B83
330
9BE
100
AcDbEntity
 67
1
  8
E-SEMA-YAZI
100
AcDbText
 10
227.6
 20
178.0
 30
0.0
 40
1.5
  1
31
 50
90.0
  7
GYM
 72
1
 11
227.6
 21
178.0
 31
0.0
100
AcDbText
 73
2
  0
HATCH
  5
B84
330
9BE
100
AcDbEntity
 67
1
  8
E-SEMA-SEMBOL
 62
7
100
AcDbHatch
 10
0.0
 20
0.0
 30
0.0
210
0.0
220
0.0
230
1.0
  2
SOLID
 70
1
 71
0
 91
1
 92
1
 93
1
 72
2
 10
237.0
 20
150.0
 40
0.55
 50
0.0
 51
360.0
 73
1
 97
0
 75
0
 76
1
 98
0
  0
LINE
  5
B85
330
9BE
100
AcDbEntity
 67
1
  8
E-SEMA-PE
  6
DASHDOT
370
25
100
AcDbLine
 10
237.0
 20
150.0
 30
0.0
 11
237.0
 21
140.8
 31
0.0
  0
CIRCLE
  5
B86
330
9BE
100
AcDbEntity
 67
1
  8
E-SEMA-KLEMENS
370
25
100
AcDbCircle
 10
229.0
 20
140.0
 30
0.0
 40
0.8
  0
TEXT
  5
B87
330
9BE
100
AcDbEntity
 67
1
  8
E-SEMA-YAZI
100
AcDbText
 10
227.4
 20
142.2
 30
0.0
 40
1.5
  1
21
  7
GYM
 72
2
 11
227.4
 21
142.2
 31
0.0
100
AcDbText
 73
2
  0
CIRCLE
  5
B88
330
9BE
100
AcDbEntity
 67
1
  8
E-SEMA-KLEMENS
370
25
100
AcDbCircle
 10
233.0
 20
140.0
 30
0.0
 40
0.8
  0
TEXT
  5
B89
330
9BE
100
AcDbEntity
 67
1
  8
E-SEMA-YAZI
100
AcDbText
 10
234.6
 20
142.2
 30
0.0
 40
1.5
  1
N5
  7
GYM
 11
234.6
 21
142.2
 31
0.0
100
AcDbText
 73
2
  0
CIRCLE
  5
B8A
330
9BE
100
AcDbEntity
 67
1
  8
E-SEMA-KLEMENS
370
25
100
AcDbCircle
 10
237.0
 20
140.0
 30
0.0
 40
0.8
  0
TEXT
  5
B8B
330
9BE
100
AcDbEntity
 67
1
  8
E-SEMA-YAZI
100
AcDbText
 10
238.6
 20
142.2
 30
0.0
 40
1.5
  1
PE
  7
GYM
 11
238.6
 21
142.2
 31
0.0
100
AcDbText
 73
2
  0
LINE
  5
B8C
330
9BE
100
AcDbEntity
 67
1
  8
E-SEMA-TEL
370
25
100
AcDbLine
 10
229.0
 20
139.2
 30
0.0
 11
229.0
 21
124.0
 31
0.0
  0
LINE
  5
B8D
330
9BE
100
AcDbEntity
 67
1
  8
E-SEMA-TEL
370
25
100
AcDbLine
 10
233.0
 20
139.2
 30
0.0
 11
233.0
 21
124.0
 31
0.0
  0
LINE
  5
B8E
330
9BE
100
AcDbEntity
 67
1
  8
E-SEMA-PE
  6
DASHDOT
370
25
100
AcDbLine
 10
237.0
 20
139.2
 30
0.0
 11
237.0
 21
124.0
 31
0.0
  0
TEXT
  5
B8F
330
9BE
100
AcDbEntity
 67
1
  8
E-SEMA-YAZI
100
AcDbText
 10
233.0
 20
131.0
 30
0.0
 40
1.5
  1
3×2,5 NHXMH
  7
GYM
 72
1
 11
233.0
 21
131.0
 31
0.0
100
AcDbText
 73
2
  0
LINE
  5
B90
330
9BE
100
AcDbEntity
 67
1
  8
E-SEMA-YAZI
370
13
100
AcDbLine
 10
226.0
 20
132.6
 30
0.0
 11
240.0
 21
132.6
 31
0.0
  0
LWPOLYLINE
  5
B91
330
9BE
100
AcDbEntity
 67
1
  8
E-SEMA-YUK
  6
DASHED
370
18
100
AcDbPolyline
 90
4
 70
1
 10
226.9
 20
110.0
 10
239.1
 20
110.0
 10
239.1
 20
124.0
 10
226.9
 20
124.0
  0
LWPOLYLINE
  5
B92
330
9BE
100
AcDbEntity
 67
1
  8
E-SEMA-YUK
370
18
100
AcDbPolyline
 90
4
 70
1
 10
228.79999999999998
 20
111.4
 10
230.4
 20
111.4
 10
230.4
 20
122.6
 10
228.79999999999998
 20
122.6
  0
TEXT
  5
B93
330
9BE
100
AcDbEntity
 67
1
  8
E-SEMA-YUK
100
AcDbText
 10
229.6
 20
123.5
 30
0.0
 40
1.5
  1
L
  7
GYM
 72
1
 11
229.6
 21
123.5
 31
0.0
100
AcDbText
 73
2
  0
LWPOLYLINE
  5
B94
330
9BE
100
AcDbEntity
 67
1
  8
E-SEMA-YUK
370
18
100
AcDbPolyline
 90
4
 70
1
 10
232.2
 20
111.4
 10
233.8
 20
111.4
 10
233.8
 20
122.6
 10
232.2
 20
122.6
  0
TEXT
  5
B95
330
9BE
100
AcDbEntity
 67
1
  8
E-SEMA-YUK
100
AcDbText
 10
233.0
 20
123.5
 30
0.0
 40
1.5
  1
N
  7
GYM
 72
1
 11
233.0
 21
123.5
 31
0.0
100
AcDbText
 73
2
  0
LWPOLYLINE
  5
B96
330
9BE
100
AcDbEntity
 67
1
  8
E-SEMA-YUK
370
18
100
AcDbPolyline
 90
4
 70
1
 10
235.6
 20
111.4
 10
237.20000000000002
 20
111.4
 10
237.20000000000002
 20
122.6
 10
235.6
 20
122.6
  0
TEXT
  5
B97
330
9BE
100
AcDbEntity
 67
1
  8
E-SEMA-YUK
100
AcDbText
 10
236.4
 20
123.5
 30
0.0
 40
1.5
  1
PE
  7
GYM
 72
1
 11
236.4
 21
123.5
 31
0.0
100
AcDbText
 73
2
  0
TEXT
  5
B98
330
9BE
100
AcDbEntity
 67
1
  8
E-SEMA-YAZI
100
AcDbText
 10
233.0
 20
103.0
 30
0.0
 40
2.8
  1
V2
  7
GYM-B
 72
1
 11
233.0
 21
103.0
 31
0.0
100
AcDbText
 73
2
  0
TEXT
  5
B99
330
9BE
100
AcDbEntity
 67
1
  8
E-SEMA-YAZI
100
AcDbText
 10
233.0
 20
97.0
 30
0.0
 40
1.8
  1
Islak hacim egzoz fanı
  7
GYM
 72
1
 11
233.0
 21
97.0
 31
0.0
100
AcDbText
 73
2
  0
HATCH
  5
B9A
330
9BE
100
AcDbEntity
 67
1
  8
E-SEMA-SEMBOL
 62
7
100
AcDbHatch
 10
0.0
 20
0.0
 30
0.0
210
0.0
220
0.0
230
1.0
  2
SOLID
 70
1
 71
0
 91
1
 92
1
 93
1
 72
2
 10
276.5
 20
231.8
 40
0.55
 50
0.0
 51
360.0
 73
1
 97
0
 75
0
 76
1
 98
0
  0
LINE
  5
B9B
330
9BE
100
AcDbEntity
 67
1
  8
E-SEMA-TEL
370
25
100
AcDbLine
 10
276.5
 20
231.8
 30
0.0
 11
276.5
 21
218.0
 31
0.0
  0
HATCH
  5
B9C
330
9BE
100
AcDbEntity
 67
1
  8
E-SEMA-SEMBOL
 62
7
100
AcDbHatch
 10
0.0
 20
0.0
 30
0.0
210
0.0
220
0.0
230
1.0
  2
SOLID
 70
1
 71
0
 91
1
 92
1
 93
1
 72
2
 10
280.5
 20
224.0
 40
0.55
 50
0.0
 51
360.0
 73
1
 97
0
 75
0
 76
1
 98
0
  0
LINE
  5
B9D
330
9BE
100
AcDbEntity
 67
1
  8
E-SEMA-TEL
370
25
100
AcDbLine
 10
280.5
 20
224.0
 30
0.0
 11
280.5
 21
140.8
 31
0.0
  0
TEXT
  5
B9E
330
9BE
100
AcDbEntity
 67
1
  8
E-SEMA-YAZI
100
AcDbText
 10
281.9
 20
213.4
 30
0.0
 40
1.5
  1
N6
  7
GYM
 11
281.9
 21
213.4
 31
0.0
100
AcDbText
 73
2
  0
LINE
  5
B9F
330
9BE
100
AcDbEntity
 67
1
  8
E-SEMA-TEL
370
25
100
AcDbLine
 10
276.5
 20
218.0
 30
0.0
 11
276.5
 21
215.36
 31
0.0
  0
HATCH
  5
BA0
330
9BE
100
AcDbEntity
 67
1
  8
E-SEMA-SEMBOL
 62
7
100
AcDbHatch
 10
0.0
 20
0.0
 30
0.0
210
0.0
220
0.0
230
1.0
  2
SOLID
 70
1
 71
0
 91
1
 92
1
 93
1
 72
2
 10
276.5
 20
215.36
 40
0.35
 50
0.0
 51
360.0
 73
1
 97
0
 75
0
 76
1
 98
0
  0
LINE
  5
BA1
330
9BE
100
AcDbEntity
 67
1
  8
E-SEMA-SEMBOL
370
35
100
AcDbLine
 10
276.5
 20
215.36
 30
0.0
 11
280.1
 21
208.4
 31
0.0
  0
LINE
  5
BA2
330
9BE
100
AcDbEntity
 67
1
  8
E-SEMA-TEL
370
25
100
AcDbLine
 10
276.5
 20
207.92
 30
0.0
 11
276.5
 21
206.0
 31
0.0
  0
LWPOLYLINE
  5
BA3
330
9BE
100
AcDbEntity
 67
1
  8
E-SEMA-SEMBOL
370
25
100
AcDbPolyline
 90
4
 70
1
 10
277.4
 20
207.92
 10
278.8
 20
207.92
 10
278.8
 20
211.52
 10
277.4
 20
211.52
  0
TEXT
  5
BA4
330
9BE
100
AcDbEntity
 67
1
  8
E-SEMA-YAZI
100
AcDbText
 10
275.3
 20
217.4
 30
0.0
 40
1.5
  1
1
  7
GYM
 72
2
 11
275.3
 21
217.4
 31
0.0
100
AcDbText
 73
2
  0
TEXT
  5
BA5
330
9BE
100
AcDbEntity
 67
1
  8
E-SEMA-YAZI
100
AcDbText
 10
279.6
 20
208.0
 30
0.0
 40
1.5
  1
2
  7
GYM
 11
279.6
 21
208.0
 31
0.0
100
AcDbText
 73
2
  0
TEXT
  5
BA6
330
9BE
100
AcDbEntity
 67
1
  8
E-SEMA-YAZI
100
AcDbText
 10
273.1
 20
217.6
 30
0.0
 40
2.2
  1
-F22
  7
GYM
 72
2
 11
273.1
 21
217.6
 31
0.0
100
AcDbText
 73
2
  0
TEXT
  5
BA7
330
9BE
100
AcDbEntity
 67
1
  8
E-SEMA-YAZI
100
AcDbText
 10
273.1
 20
215.0
 30
0.0
 40
1.5
  1
16 A
  7
GYM
 72
2
 11
273.1
 21
215.0
 31
0.0
100
AcDbText
 73
2
  0
TEXT
  5
BA8
330
9BE
100
AcDbEntity
 67
1
  8
E-SEMA-YAZI
100
AcDbText
 10
273.1
 20
213.0
 30
0.0
 40
1.5
  1
1P C
  7
GYM
 72
2
 11
273.1
 21
213.0
 31
0.0
100
AcDbText
 73
2
  0
TEXT
  5
BA9
330
9BE
100
AcDbEntity
 67
1
  8
E-SEMA-YAZI
100
AcDbText
 10
273.1
 20
211.0
 30
0.0
 40
1.5
  1
6kA
  7
GYM
 72
2
 11
273.1
 21
211.0
 31
0.0
100
AcDbText
 73
2
  0
LINE
  5
BAA
330
9BE
100
AcDbEntity
 67
1
  8
E-SEMA-TEL
370
25
100
AcDbLine
 10
276.5
 20
206.0
 30
0.0
 11
276.5
 21
140.8
 31
0.0
  0
TEXT
  5
BAB
330
9BE
100
AcDbEntity
 67
1
  8
E-SEMA-YAZI
100
AcDbText
 10
275.1
 20
178.0
 30
0.0
 40
1.5
  1
32
 50
90.0
  7
GYM
 72
1
 11
275.1
 21
178.0
 31
0.0
100
AcDbText
 73
2
  0
HATCH
  5
BAC
330
9BE
100
AcDbEntity
 67
1
  8
E-SEMA-SEMBOL
 62
7
100
AcDbHatch
 10
0.0
 20
0.0
 30
0.0
210
0.0
220
0.0
230
1.0
  2
SOLID
 70
1
 71
0
 91
1
 92
1
 93
1
 72
2
 10
284.5
 20
150.0
 40
0.55
 50
0.0
 51
360.0
 73
1
 97
0
 75
0
 76
1
 98
0
  0
LINE
  5
BAD
330
9BE
100
AcDbEntity
 67
1
  8
E-SEMA-PE
  6
DASHDOT
370
25
100
AcDbLine
 10
284.5
 20
150.0
 30
0.0
 11
284.5
 21
140.8
 31
0.0
  0
CIRCLE
  5
BAE
330
9BE
100
AcDbEntity
 67
1
  8
E-SEMA-KLEMENS
370
25
100
AcDbCircle
 10
276.5
 20
140.0
 30
0.0
 40
0.8
  0
TEXT
  5
BAF
330
9BE
100
AcDbEntity
 67
1
  8
E-SEMA-YAZI
100
AcDbText
 10
274.9
 20
142.2
 30
0.0
 40
1.5
  1
22
  7
GYM
 72
2
 11
274.9
 21
142.2
 31
0.0
100
AcDbText
 73
2
  0
CIRCLE
  5
BB0
330
9BE
100
AcDbEntity
 67
1
  8
E-SEMA-KLEMENS
370
25
100
AcDbCircle
 10
280.5
 20
140.0
 30
0.0
 40
0.8
  0
TEXT
  5
BB1
330
9BE
100
AcDbEntity
 67
1
  8
E-SEMA-YAZI
100
AcDbText
 10
282.1
 20
142.2
 30
0.0
 40
1.5
  1
N6
  7
GYM
 11
282.1
 21
142.2
 31
0.0
100
AcDbText
 73
2
  0
CIRCLE
  5
BB2
330
9BE
100
AcDbEntity
 67
1
  8
E-SEMA-KLEMENS
370
25
100
AcDbCircle
 10
284.5
 20
140.0
 30
0.0
 40
0.8
  0
TEXT
  5
BB3
330
9BE
100
AcDbEntity
 67
1
  8
E-SEMA-YAZI
100
AcDbText
 10
286.1
 20
142.2
 30
0.0
 40
1.5
  1
PE
  7
GYM
 11
286.1
 21
142.2
 31
0.0
100
AcDbText
 73
2
  0
LINE
  5
BB4
330
9BE
100
AcDbEntity
 67
1
  8
E-SEMA-TEL
370
25
100
AcDbLine
 10
276.5
 20
139.2
 30
0.0
 11
276.5
 21
134.0
 31
0.0
  0
LINE
  5
BB5
330
9BE
100
AcDbEntity
 67
1
  8
E-SEMA-SEMBOL
370
25
100
AcDbLine
 10
274.3
 20
134.0
 30
0.0
 11
278.7
 21
134.0
 31
0.0
  0
TEXT
  5
BB6
330
9BE
100
AcDbEntity
 67
1
  8
E-SEMA-YAZI
100
AcDbText
 10
280.5
 20
103.0
 30
0.0
 40
2.8
  1
YEDEK
  7
GYM-B
 72
1
 11
280.5
 21
103.0
 31
0.0
100
AcDbText
 73
2
  0
TEXT
  5
BB7
330
9BE
100
AcDbEntity
 67
1
  8
E-SEMA-YAZI
100
AcDbText
 10
280.5
 20
97.0
 30
0.0
 40
1.8
  1
ileride yük bağlanacak
  7
GYM
 72
1
 11
280.5
 21
97.0
 31
0.0
100
AcDbText
 73
2
  0
TEXT
  5
BB8
330
9BE
100
AcDbEntity
 67
1
  8
E-SEMA-YAZI
100
AcDbText
 10
280.5
 20
94.4
 30
0.0
 40
1.8
  1
kaçak akım koruması hazır
  7
GYM
 72
1
 11
280.5
 21
94.4
 31
0.0
100
AcDbText
 73
2
  0
HATCH
  5
BB9
330
9BE
100
AcDbEntity
 67
1
  8
E-SEMA-SEMBOL
 62
7
100
AcDbHatch
 10
0.0
 20
0.0
 30
0.0
210
0.0
220
0.0
230
1.0
  2
SOLID
 70
1
 71
0
 91
1
 92
1
 93
1
 72
2
 10
324.0
 20
229.20000000000002
 40
0.55
 50
0.0
 51
360.0
 73
1
 97
0
 75
0
 76
1
 98
0
  0
LINE
  5
BBA
330
9BE
100
AcDbEntity
 67
1
  8
E-SEMA-TEL
370
25
100
AcDbLine
 10
324.0
 20
229.20000000000002
 30
0.0
 11
324.0
 21
218.0
 31
0.0
  0
HATCH
  5
BBB
330
9BE
100
AcDbEntity
 67
1
  8
E-SEMA-SEMBOL
 62
7
100
AcDbHatch
 10
0.0
 20
0.0
 30
0.0
210
0.0
220
0.0
230
1.0
  2
SOLID
 70
1
 71
0
 91
1
 92
1
 93
1
 72
2
 10
328.0
 20
224.0
 40
0.55
 50
0.0
 51
360.0
 73
1
 97
0
 75
0
 76
1
 98
0
  0
LINE
  5
BBC
330
9BE
100
AcDbEntity
 67
1
  8
E-SEMA-TEL
370
25
100
AcDbLine
 10
328.0
 20
224.0
 30
0.0
 11
328.0
 21
140.8
 31
0.0
  0
TEXT
  5
BBD
330
9BE
100
AcDbEntity
 67
1
  8
E-SEMA-YAZI
100
AcDbText
 10
329.4
 20
213.4
 30
0.0
 40
1.5
  1
N6
  7
GYM
 11
329.4
 21
213.4
 31
0.0
100
AcDbText
 73
2
  0
LINE
  5
BBE
330
9BE
100
AcDbEntity
 67
1
  8
E-SEMA-TEL
370
25
100
AcDbLine
 10
324.0
 20
218.0
 30
0.0
 11
324.0
 21
215.36
 31
0.0
  0
HATCH
  5
BBF
330
9BE
100
AcDbEntity
 67
1
  8
E-SEMA-SEMBOL
 62
7
100
AcDbHatch
 10
0.0
 20
0.0
 30
0.0
210
0.0
220
0.0
230
1.0
  2
SOLID
 70
1
 71
0
 91
1
 92
1
 93
1
 72
2
 10
324.0
 20
215.36
 40
0.35
 50
0.0
 51
360.0
 73
1
 97
0
 75
0
 76
1
 98
0
  0
LINE
  5
BC0
330
9BE
100
AcDbEntity
 67
1
  8
E-SEMA-SEMBOL
370
35
100
AcDbLine
 10
324.0
 20
215.36
 30
0.0
 11
327.6
 21
208.4
 31
0.0
  0
LINE
  5
BC1
330
9BE
100
AcDbEntity
 67
1
  8
E-SEMA-TEL
370
25
100
AcDbLine
 10
324.0
 20
207.92
 30
0.0
 11
324.0
 21
206.0
 31
0.0
  0
LWPOLYLINE
  5
BC2
330
9BE
100
AcDbEntity
 67
1
  8
E-SEMA-SEMBOL
370
25
100
AcDbPolyline
 90
4
 70
1
 10
324.9
 20
207.92
 10
326.3
 20
207.92
 10
326.3
 20
211.52
 10
324.9
 20
211.52
  0
TEXT
  5
BC3
330
9BE
100
AcDbEntity
 67
1
  8
E-SEMA-YAZI
100
AcDbText
 10
322.8
 20
217.4
 30
0.0
 40
1.5
  1
1
  7
GYM
 72
2
 11
322.8
 21
217.4
 31
0.0
100
AcDbText
 73
2
  0
TEXT
  5
BC4
330
9BE
100
AcDbEntity
 67
1
  8
E-SEMA-YAZI
100
AcDbText
 10
327.1
 20
208.0
 30
0.0
 40
1.5
  1
2
  7
GYM
 11
327.1
 21
208.0
 31
0.0
100
AcDbText
 73
2
  0
TEXT
  5
BC5
330
9BE
100
AcDbEntity
 67
1
  8
E-SEMA-YAZI
100
AcDbText
 10
320.6
 20
217.6
 30
0.0
 40
2.2
  1
-F23
  7
GYM
 72
2
 11
320.6
 21
217.6
 31
0.0
100
AcDbText
 73
2
  0
TEXT
  5
BC6
330
9BE
100
AcDbEntity
 67
1
  8
E-SEMA-YAZI
100
AcDbText
 10
320.6
 20
215.0
 30
0.0
 40
1.5
  1
16 A
  7
GYM
 72
2
 11
320.6
 21
215.0
 31
0.0
100
AcDbText
 73
2
  0
TEXT
  5
BC7
330
9BE
100
AcDbEntity
 67
1
  8
E-SEMA-YAZI
100
AcDbText
 10
320.6
 20
213.0
 30
0.0
 40
1.5
  1
1P C
  7
GYM
 72
2
 11
320.6
 21
213.0
 31
0.0
100
AcDbText
 73
2
  0
TEXT
  5
BC8
330
9BE
100
AcDbEntity
 67
1
  8
E-SEMA-YAZI
100
AcDbText
 10
320.6
 20
211.0
 30
0.0
 40
1.5
  1
6kA
  7
GYM
 72
2
 11
320.6
 21
211.0
 31
0.0
100
AcDbText
 73
2
  0
LINE
  5
BC9
330
9BE
100
AcDbEntity
 67
1
  8
E-SEMA-TEL
370
25
100
AcDbLine
 10
324.0
 20
206.0
 30
0.0
 11
324.0
 21
140.8
 31
0.0
  0
TEXT
  5
BCA
330
9BE
100
AcDbEntity
 67
1
  8
E-SEMA-YAZI
100
AcDbText
 10
322.6
 20
178.0
 30
0.0
 40
1.5
  1
33
 50
90.0
  7
GYM
 72
1
 11
322.6
 21
178.0
 31
0.0
100
AcDbText
 73
2
  0
HATCH
  5
BCB
330
9BE
100
AcDbEntity
 67
1
  8
E-SEMA-SEMBOL
 62
7
100
AcDbHatch
 10
0.0
 20
0.0
 30
0.0
210
0.0
220
0.0
230
1.0
  2
SOLID
 70
1
 71
0
 91
1
 92
1
 93
1
 72
2
 10
332.0
 20
150.0
 40
0.55
 50
0.0
 51
360.0
 73
1
 97
0
 75
0
 76
1
 98
0
  0
LINE
  5
BCC
330
9BE
100
AcDbEntity
 67
1
  8
E-SEMA-PE
  6
DASHDOT
370
25
100
AcDbLine
 10
332.0
 20
150.0
 30
0.0
 11
332.0
 21
140.8
 31
0.0
  0
CIRCLE
  5
BCD
330
9BE
100
AcDbEntity
 67
1
  8
E-SEMA-KLEMENS
370
25
100
AcDbCircle
 10
324.0
 20
140.0
 30
0.0
 40
0.8
  0
TEXT
  5
BCE
330
9BE
100
AcDbEntity
 67
1
  8
E-SEMA-YAZI
100
AcDbText
 10
322.4
 20
142.2
 30
0.0
 40
1.5
  1
23
  7
GYM
 72
2
 11
322.4
 21
142.2
 31
0.0
100
AcDbText
 73
2
  0
CIRCLE
  5
BCF
330
9BE
100
AcDbEntity
 67
1
  8
E-SEMA-KLEMENS
370
25
100
AcDbCircle
 10
328.0
 20
140.0
 30
0.0
 40
0.8
  0
TEXT
  5
BD0
330
9BE
100
AcDbEntity
 67
1
  8
E-SEMA-YAZI
100
AcDbText
 10
329.6
 20
142.2
 30
0.0
 40
1.5
  1
N6
  7
GYM
 11
329.6
 21
142.2
 31
0.0
100
AcDbText
 73
2
  0
CIRCLE
  5
BD1
330
9BE
100
AcDbEntity
 67
1
  8
E-SEMA-KLEMENS
370
25
100
AcDbCircle
 10
332.0
 20
140.0
 30
0.0
 40
0.8
  0
TEXT
  5
BD2
330
9BE
100
AcDbEntity
 67
1
  8
E-SEMA-YAZI
100
AcDbText
 10
333.6
 20
142.2
 30
0.0
 40
1.5
  1
PE
  7
GYM
 11
333.6
 21
142.2
 31
0.0
100
AcDbText
 73
2
  0
LINE
  5
BD3
330
9BE
100
AcDbEntity
 67
1
  8
E-SEMA-TEL
370
25
100
AcDbLine
 10
324.0
 20
139.2
 30
0.0
 11
324.0
 21
134.0
 31
0.0
  0
LINE
  5
BD4
330
9BE
100
AcDbEntity
 67
1
  8
E-SEMA-SEMBOL
370
25
100
AcDbLine
 10
321.8
 20
134.0
 30
0.0
 11
326.2
 21
134.0
 31
0.0
  0
TEXT
  5
BD5
330
9BE
100
AcDbEntity
 67
1
  8
E-SEMA-YAZI
100
AcDbText
 10
328.0
 20
103.0
 30
0.0
 40
2.8
  1
YEDEK
  7
GYM-B
 72
1
 11
328.0
 21
103.0
 31
0.0
100
AcDbText
 73
2
  0
TEXT
  5
BD6
330
9BE
100
AcDbEntity
 67
1
  8
E-SEMA-YAZI
100
AcDbText
 10
328.0
 20
97.0
 30
0.0
 40
1.8
  1
ileride yük bağlanacak
  7
GYM
 72
1
 11
328.0
 21
97.0
 31
0.0
100
AcDbText
 73
2
  0
TEXT
  5
BD7
330
9BE
100
AcDbEntity
 67
1
  8
E-SEMA-YAZI
100
AcDbText
 10
328.0
 20
94.4
 30
0.0
 40
1.8
  1
kaçak akım koruması hazır
  7
GYM
 72
1
 11
328.0
 21
94.4
 31
0.0
100
AcDbText
 73
2
  0
HATCH
  5
BD8
330
9BE
100
AcDbEntity
 67
1
  8
E-SEMA-SEMBOL
 62
7
100
AcDbHatch
 10
0.0
 20
0.0
 30
0.0
210
0.0
220
0.0
230
1.0
  2
SOLID
 70
1
 71
0
 91
1
 92
1
 93
1
 72
2
 10
371.5
 20
226.60000000000002
 40
0.55
 50
0.0
 51
360.0
 73
1
 97
0
 75
0
 76
1
 98
0
  0
LINE
  5
BD9
330
9BE
100
AcDbEntity
 67
1
  8
E-SEMA-TEL
370
25
100
AcDbLine
 10
371.5
 20
226.60000000000002
 30
0.0
 11
371.5
 21
218.0
 31
0.0
  0
HATCH
  5
BDA
330
9BE
100
AcDbEntity
 67
1
  8
E-SEMA-SEMBOL
 62
7
100
AcDbHatch
 10
0.0
 20
0.0
 30
0.0
210
0.0
220
0.0
230
1.0
  2
SOLID
 70
1
 71
0
 91
1
 92
1
 93
1
 72
2
 10
375.5
 20
224.0
 40
0.55
 50
0.0
 51
360.0
 73
1
 97
0
 75
0
 76
1
 98
0
  0
LINE
  5
BDB
330
9BE
100
AcDbEntity
 67
1
  8
E-SEMA-TEL
370
25
100
AcDbLine
 10
375.5
 20
224.0
 30
0.0
 11
375.5
 21
140.8
 31
0.0
  0
TEXT
  5
BDC
330
9BE
100
AcDbEntity
 67
1
  8
E-SEMA-YAZI
100
AcDbText
 10
376.9
 20
213.4
 30
0.0
 40
1.5
  1
N6
  7
GYM
 11
376.9
 21
213.4
 31
0.0
100
AcDbText
 73
2
  0
LINE
  5
BDD
330
9BE
100
AcDbEntity
 67
1
  8
E-SEMA-TEL
370
25
100
AcDbLine
 10
371.5
 20
218.0
 30
0.0
 11
371.5
 21
215.36
 31
0.0
  0
HATCH
  5
BDE
330
9BE
100
AcDbEntity
 67
1
  8
E-SEMA-SEMBOL
 62
7
100
AcDbHatch
 10
0.0
 20
0.0
 30
0.0
210
0.0
220
0.0
230
1.0
  2
SOLID
 70
1
 71
0
 91
1
 92
1
 93
1
 72
2
 10
371.5
 20
215.36
 40
0.35
 50
0.0
 51
360.0
 73
1
 97
0
 75
0
 76
1
 98
0
  0
LINE
  5
BDF
330
9BE
100
AcDbEntity
 67
1
  8
E-SEMA-SEMBOL
370
35
100
AcDbLine
 10
371.5
 20
215.36
 30
0.0
 11
375.1
 21
208.4
 31
0.0
  0
LINE
  5
BE0
330
9BE
100
AcDbEntity
 67
1
  8
E-SEMA-TEL
370
25
100
AcDbLine
 10
371.5
 20
207.92
 30
0.0
 11
371.5
 21
206.0
 31
0.0
  0
LWPOLYLINE
  5
BE1
330
9BE
100
AcDbEntity
 67
1
  8
E-SEMA-SEMBOL
370
25
100
AcDbPolyline
 90
4
 70
1
 10
372.4
 20
207.92
 10
373.8
 20
207.92
 10
373.8
 20
211.52
 10
372.4
 20
211.52
  0
TEXT
  5
BE2
330
9BE
100
AcDbEntity
 67
1
  8
E-SEMA-YAZI
100
AcDbText
 10
370.3
 20
217.4
 30
0.0
 40
1.5
  1
1
  7
GYM
 72
2
 11
370.3
 21
217.4
 31
0.0
100
AcDbText
 73
2
  0
TEXT
  5
BE3
330
9BE
100
AcDbEntity
 67
1
  8
E-SEMA-YAZI
100
AcDbText
 10
374.6
 20
208.0
 30
0.0
 40
1.5
  1
2
  7
GYM
 11
374.6
 21
208.0
 31
0.0
100
AcDbText
 73
2
  0
TEXT
  5
BE4
330
9BE
100
AcDbEntity
 67
1
  8
E-SEMA-YAZI
100
AcDbText
 10
368.1
 20
217.6
 30
0.0
 40
2.2
  1
-F24
  7
GYM
 72
2
 11
368.1
 21
217.6
 31
0.0
100
AcDbText
 73
2
  0
TEXT
  5
BE5
330
9BE
100
AcDbEntity
 67
1
  8
E-SEMA-YAZI
100
AcDbText
 10
368.1
 20
215.0
 30
0.0
 40
1.5
  1
16 A
  7
GYM
 72
2
 11
368.1
 21
215.0
 31
0.0
100
AcDbText
 73
2
  0
TEXT
  5
BE6
330
9BE
100
AcDbEntity
 67
1
  8
E-SEMA-YAZI
100
AcDbText
 10
368.1
 20
213.0
 30
0.0
 40
1.5
  1
1P C
  7
GYM
 72
2
 11
368.1
 21
213.0
 31
0.0
100
AcDbText
 73
2
  0
TEXT
  5
BE7
330
9BE
100
AcDbEntity
 67
1
  8
E-SEMA-YAZI
100
AcDbText
 10
368.1
 20
211.0
 30
0.0
 40
1.5
  1
6kA
  7
GYM
 72
2
 11
368.1
 21
211.0
 31
0.0
100
AcDbText
 73
2
  0
LINE
  5
BE8
330
9BE
100
AcDbEntity
 67
1
  8
E-SEMA-TEL
370
25
100
AcDbLine
 10
371.5
 20
206.0
 30
0.0
 11
371.5
 21
140.8
 31
0.0
  0
TEXT
  5
BE9
330
9BE
100
AcDbEntity
 67
1
  8
E-SEMA-YAZI
100
AcDbText
 10
370.1
 20
178.0
 30
0.0
 40
1.5
  1
34
 50
90.0
  7
GYM
 72
1
 11
370.1
 21
178.0
 31
0.0
100
AcDbText
 73
2
  0
HATCH
  5
BEA
330
9BE
100
AcDbEntity
 67
1
  8
E-SEMA-SEMBOL
 62
7
100
AcDbHatch
 10
0.0
 20
0.0
 30
0.0
210
0.0
220
0.0
230
1.0
  2
SOLID
 70
1
 71
0
 91
1
 92
1
 93
1
 72
2
 10
379.5
 20
150.0
 40
0.55
 50
0.0
 51
360.0
 73
1
 97
0
 75
0
 76
1
 98
0
  0
LINE
  5
BEB
330
9BE
100
AcDbEntity
 67
1
  8
E-SEMA-PE
  6
DASHDOT
370
25
100
AcDbLine
 10
379.5
 20
150.0
 30
0.0
 11
379.5
 21
140.8
 31
0.0
  0
CIRCLE
  5
BEC
330
9BE
100
AcDbEntity
 67
1
  8
E-SEMA-KLEMENS
370
25
100
AcDbCircle
 10
371.5
 20
140.0
 30
0.0
 40
0.8
  0
TEXT
  5
BED
330
9BE
100
AcDbEntity
 67
1
  8
E-SEMA-YAZI
100
AcDbText
 10
369.9
 20
142.2
 30
0.0
 40
1.5
  1
24
  7
GYM
 72
2
 11
369.9
 21
142.2
 31
0.0
100
AcDbText
 73
2
  0
CIRCLE
  5
BEE
330
9BE
100
AcDbEntity
 67
1
  8
E-SEMA-KLEMENS
370
25
100
AcDbCircle
 10
375.5
 20
140.0
 30
0.0
 40
0.8
  0
TEXT
  5
BEF
330
9BE
100
AcDbEntity
 67
1
  8
E-SEMA-YAZI
100
AcDbText
 10
377.1
 20
142.2
 30
0.0
 40
1.5
  1
N6
  7
GYM
 11
377.1
 21
142.2
 31
0.0
100
AcDbText
 73
2
  0
CIRCLE
  5
BF0
330
9BE
100
AcDbEntity
 67
1
  8
E-SEMA-KLEMENS
370
25
100
AcDbCircle
 10
379.5
 20
140.0
 30
0.0
 40
0.8
  0
TEXT
  5
BF1
330
9BE
100
AcDbEntity
 67
1
  8
E-SEMA-YAZI
100
AcDbText
 10
381.1
 20
142.2
 30
0.0
 40
1.5
  1
PE
  7
GYM
 11
381.1
 21
142.2
 31
0.0
100
AcDbText
 73
2
  0
LINE
  5
BF2
330
9BE
100
AcDbEntity
 67
1
  8
E-SEMA-TEL
370
25
100
AcDbLine
 10
371.5
 20
139.2
 30
0.0
 11
371.5
 21
134.0
 31
0.0
  0
LINE
  5
BF3
330
9BE
100
AcDbEntity
 67
1
  8
E-SEMA-SEMBOL
370
25
100
AcDbLine
 10
369.3
 20
134.0
 30
0.0
 11
373.7
 21
134.0
 31
0.0
  0
TEXT
  5
BF4
330
9BE
100
AcDbEntity
 67
1
  8
E-SEMA-YAZI
100
AcDbText
 10
375.5
 20
103.0
 30
0.0
 40
2.8
  1
YEDEK
  7
GYM-B
 72
1
 11
375.5
 21
103.0
 31
0.0
100
AcDbText
 73
2
  0
TEXT
  5
BF5
330
9BE
100
AcDbEntity
 67
1
  8
E-SEMA-YAZI
100
AcDbText
 10
375.5
 20
97.0
 30
0.0
 40
1.8
  1
ileride yük bağlanacak
  7
GYM
 72
1
 11
375.5
 21
97.0
 31
0.0
100
AcDbText
 73
2
  0
TEXT
  5
BF6
330
9BE
100
AcDbEntity
 67
1
  8
E-SEMA-YAZI
100
AcDbText
 10
375.5
 20
94.4
 30
0.0
 40
1.8
  1
kaçak akım koruması hazır
  7
GYM
 72
1
 11
375.5
 21
94.4
 31
0.0
100
AcDbText
 73
2
  0
TEXT
  5
BF7
330
9BE
100
AcDbEntity
 67
1
  8
E-SEMA-YAZI
100
AcDbText
 10
26.0
 20
140.0
 30
0.0
 40
2.2
  1
-X1
  7
GYM-B
 11
26.0
 21
140.0
 31
0.0
100
AcDbText
 73
2
  0
ENDBLK
  5
9C0
330
9BE
100
AcDbEntity
  8
0
100
AcDbBlockEnd
  0
BLOCK
  5
BF9
330
BF8
100
AcDbEntity
  8
0
100
AcDbBlockBegin
  2
*Paper_Space7
 70
0
 10
0.0
 20
0.0
 30
0.0
  3
*Paper_Space7
  1

  0
VIEWPORT
  5
BFC
330
BF8
100
AcDbEntity
 67
1
  8
VIEWPORTS
100
AcDbViewport
 10
210.0
 20
148.5
 30
0.0
 40
462.00000000000006
 41
326.70000000000005
 68
1
 69
1
 12
210.0
 22
148.5
 13
0.0
 23
0.0
 14
10.0
 24
10.0
 15
10.0
 25
10.0
 16
0.0
 26
0.0
 36
1.0
 17
0.0
 27
0.0
 37
0.0
 42
50.0
 43
0.0
 44
0.0
 45
326.70000000000005
 50
0.0
 51
0.0
 72
100
 90
557088
  1

281
0
 71
0
 74
0
110
0.0
120
0.0
130
0.0
111
1.0
121
0.0
131
0.0
112
0.0
122
1.0
132
0.0
 79
0
146
0.0
282
0
  0
LWPOLYLINE
  5
BFD
330
BF8
100
AcDbEntity
 67
1
  8
E-SEMA-ANTET
370
70
100
AcDbPolyline
 90
4
 70
1
 10
20.0
 20
10.0
 10
410.0
 20
10.0
 10
410.0
 20
287.0
 10
20.0
 20
287.0
  0
LWPOLYLINE
  5
BFE
330
BF8
100
AcDbEntity
 67
1
  8
E-SEMA-ZON
370
18
100
AcDbPolyline
 90
4
 70
1
 10
25.0
 20
32.0
 10
405.0
 20
32.0
 10
405.0
 20
282.0
 10
25.0
 20
282.0
  0
TEXT
  5
BFF
330
BF8
100
AcDbEntity
 67
1
  8
E-SEMA-ZON
100
AcDbText
 10
48.75
 20
284.5
 30
0.0
 40
2.2
  1
0
  7
GYM
 72
1
 11
48.75
 21
284.5
 31
0.0
100
AcDbText
 73
2
  0
LINE
  5
C00
330
BF8
100
AcDbEntity
 67
1
  8
E-SEMA-ZON
370
18
100
AcDbLine
 10
72.5
 20
282.0
 30
0.0
 11
72.5
 21
287.0
 31
0.0
  0
LINE
  5
C01
330
BF8
100
AcDbEntity
 67
1
  8
E-SEMA-ZON
370
18
100
AcDbLine
 10
72.5
 20
32.0
 30
0.0
 11
72.5
 21
32.0
 31
0.0
  0
TEXT
  5
C02
330
BF8
100
AcDbEntity
 67
1
  8
E-SEMA-ZON
100
AcDbText
 10
96.25
 20
284.5
 30
0.0
 40
2.2
  1
1
  7
GYM
 72
1
 11
96.25
 21
284.5
 31
0.0
100
AcDbText
 73
2
  0
LINE
  5
C03
330
BF8
100
AcDbEntity
 67
1
  8
E-SEMA-ZON
370
18
100
AcDbLine
 10
120.0
 20
282.0
 30
0.0
 11
120.0
 21
287.0
 31
0.0
  0
LINE
  5
C04
330
BF8
100
AcDbEntity
 67
1
  8
E-SEMA-ZON
370
18
100
AcDbLine
 10
120.0
 20
32.0
 30
0.0
 11
120.0
 21
32.0
 31
0.0
  0
TEXT
  5
C05
330
BF8
100
AcDbEntity
 67
1
  8
E-SEMA-ZON
100
AcDbText
 10
143.75
 20
284.5
 30
0.0
 40
2.2
  1
2
  7
GYM
 72
1
 11
143.75
 21
284.5
 31
0.0
100
AcDbText
 73
2
  0
LINE
  5
C06
330
BF8
100
AcDbEntity
 67
1
  8
E-SEMA-ZON
370
18
100
AcDbLine
 10
167.5
 20
282.0
 30
0.0
 11
167.5
 21
287.0
 31
0.0
  0
LINE
  5
C07
330
BF8
100
AcDbEntity
 67
1
  8
E-SEMA-ZON
370
18
100
AcDbLine
 10
167.5
 20
32.0
 30
0.0
 11
167.5
 21
32.0
 31
0.0
  0
TEXT
  5
C08
330
BF8
100
AcDbEntity
 67
1
  8
E-SEMA-ZON
100
AcDbText
 10
191.25
 20
284.5
 30
0.0
 40
2.2
  1
3
  7
GYM
 72
1
 11
191.25
 21
284.5
 31
0.0
100
AcDbText
 73
2
  0
LINE
  5
C09
330
BF8
100
AcDbEntity
 67
1
  8
E-SEMA-ZON
370
18
100
AcDbLine
 10
215.0
 20
282.0
 30
0.0
 11
215.0
 21
287.0
 31
0.0
  0
LINE
  5
C0A
330
BF8
100
AcDbEntity
 67
1
  8
E-SEMA-ZON
370
18
100
AcDbLine
 10
215.0
 20
32.0
 30
0.0
 11
215.0
 21
32.0
 31
0.0
  0
TEXT
  5
C0B
330
BF8
100
AcDbEntity
 67
1
  8
E-SEMA-ZON
100
AcDbText
 10
238.75
 20
284.5
 30
0.0
 40
2.2
  1
4
  7
GYM
 72
1
 11
238.75
 21
284.5
 31
0.0
100
AcDbText
 73
2
  0
LINE
  5
C0C
330
BF8
100
AcDbEntity
 67
1
  8
E-SEMA-ZON
370
18
100
AcDbLine
 10
262.5
 20
282.0
 30
0.0
 11
262.5
 21
287.0
 31
0.0
  0
LINE
  5
C0D
330
BF8
100
AcDbEntity
 67
1
  8
E-SEMA-ZON
370
18
100
AcDbLine
 10
262.5
 20
32.0
 30
0.0
 11
262.5
 21
32.0
 31
0.0
  0
TEXT
  5
C0E
330
BF8
100
AcDbEntity
 67
1
  8
E-SEMA-ZON
100
AcDbText
 10
286.25
 20
284.5
 30
0.0
 40
2.2
  1
5
  7
GYM
 72
1
 11
286.25
 21
284.5
 31
0.0
100
AcDbText
 73
2
  0
LINE
  5
C0F
330
BF8
100
AcDbEntity
 67
1
  8
E-SEMA-ZON
370
18
100
AcDbLine
 10
310.0
 20
282.0
 30
0.0
 11
310.0
 21
287.0
 31
0.0
  0
LINE
  5
C10
330
BF8
100
AcDbEntity
 67
1
  8
E-SEMA-ZON
370
18
100
AcDbLine
 10
310.0
 20
32.0
 30
0.0
 11
310.0
 21
32.0
 31
0.0
  0
TEXT
  5
C11
330
BF8
100
AcDbEntity
 67
1
  8
E-SEMA-ZON
100
AcDbText
 10
333.75
 20
284.5
 30
0.0
 40
2.2
  1
6
  7
GYM
 72
1
 11
333.75
 21
284.5
 31
0.0
100
AcDbText
 73
2
  0
LINE
  5
C12
330
BF8
100
AcDbEntity
 67
1
  8
E-SEMA-ZON
370
18
100
AcDbLine
 10
357.5
 20
282.0
 30
0.0
 11
357.5
 21
287.0
 31
0.0
  0
LINE
  5
C13
330
BF8
100
AcDbEntity
 67
1
  8
E-SEMA-ZON
370
18
100
AcDbLine
 10
357.5
 20
32.0
 30
0.0
 11
357.5
 21
32.0
 31
0.0
  0
TEXT
  5
C14
330
BF8
100
AcDbEntity
 67
1
  8
E-SEMA-ZON
100
AcDbText
 10
381.25
 20
284.5
 30
0.0
 40
2.2
  1
7
  7
GYM
 72
1
 11
381.25
 21
284.5
 31
0.0
100
AcDbText
 73
2
  0
TEXT
  5
C15
330
BF8
100
AcDbEntity
 67
1
  8
E-SEMA-ZON
100
AcDbText
 10
22.5
 20
261.1666666666667
 30
0.0
 40
2.2
  1
A
  7
GYM
 72
1
 11
22.5
 21
261.1666666666667
 31
0.0
100
AcDbText
 73
2
  0
TEXT
  5
C16
330
BF8
100
AcDbEntity
 67
1
  8
E-SEMA-ZON
100
AcDbText
 10
407.5
 20
261.1666666666667
 30
0.0
 40
2.2
  1
A
  7
GYM
 72
1
 11
407.5
 21
261.1666666666667
 31
0.0
100
AcDbText
 73
2
  0
LINE
  5
C17
330
BF8
100
AcDbEntity
 67
1
  8
E-SEMA-ZON
370
18
100
AcDbLine
 10
20.0
 20
240.33333333333334
 30
0.0
 11
25.0
 21
240.33333333333334
 31
0.0
  0
LINE
  5
C18
330
BF8
100
AcDbEntity
 67
1
  8
E-SEMA-ZON
370
18
100
AcDbLine
 10
405.0
 20
240.33333333333334
 30
0.0
 11
410.0
 21
240.33333333333334
 31
0.0
  0
TEXT
  5
C19
330
BF8
100
AcDbEntity
 67
1
  8
E-SEMA-ZON
100
AcDbText
 10
22.5
 20
219.50000000000003
 30
0.0
 40
2.2
  1
B
  7
GYM
 72
1
 11
22.5
 21
219.50000000000003
 31
0.0
100
AcDbText
 73
2
  0
TEXT
  5
C1A
330
BF8
100
AcDbEntity
 67
1
  8
E-SEMA-ZON
100
AcDbText
 10
407.5
 20
219.50000000000003
 30
0.0
 40
2.2
  1
B
  7
GYM
 72
1
 11
407.5
 21
219.50000000000003
 31
0.0
100
AcDbText
 73
2
  0
LINE
  5
C1B
330
BF8
100
AcDbEntity
 67
1
  8
E-SEMA-ZON
370
18
100
AcDbLine
 10
20.0
 20
198.66666666666666
 30
0.0
 11
25.0
 21
198.66666666666666
 31
0.0
  0
LINE
  5
C1C
330
BF8
100
AcDbEntity
 67
1
  8
E-SEMA-ZON
370
18
100
AcDbLine
 10
405.0
 20
198.66666666666666
 30
0.0
 11
410.0
 21
198.66666666666666
 31
0.0
  0
TEXT
  5
C1D
330
BF8
100
AcDbEntity
 67
1
  8
E-SEMA-ZON
100
AcDbText
 10
22.5
 20
177.83333333333334
 30
0.0
 40
2.2
  1
C
  7
GYM
 72
1
 11
22.5
 21
177.83333333333334
 31
0.0
100
AcDbText
 73
2
  0
TEXT
  5
C1E
330
BF8
100
AcDbEntity
 67
1
  8
E-SEMA-ZON
100
AcDbText
 10
407.5
 20
177.83333333333334
 30
0.0
 40
2.2
  1
C
  7
GYM
 72
1
 11
407.5
 21
177.83333333333334
 31
0.0
100
AcDbText
 73
2
  0
LINE
  5
C1F
330
BF8
100
AcDbEntity
 67
1
  8
E-SEMA-ZON
370
18
100
AcDbLine
 10
20.0
 20
157.0
 30
0.0
 11
25.0
 21
157.0
 31
0.0
  0
LINE
  5
C20
330
BF8
100
AcDbEntity
 67
1
  8
E-SEMA-ZON
370
18
100
AcDbLine
 10
405.0
 20
157.0
 30
0.0
 11
410.0
 21
157.0
 31
0.0
  0
TEXT
  5
C21
330
BF8
100
AcDbEntity
 67
1
  8
E-SEMA-ZON
100
AcDbText
 10
22.5
 20
136.16666666666669
 30
0.0
 40
2.2
  1
D
  7
GYM
 72
1
 11
22.5
 21
136.16666666666669
 31
0.0
100
AcDbText
 73
2
  0
TEXT
  5
C22
330
BF8
100
AcDbEntity
 67
1
  8
E-SEMA-ZON
100
AcDbText
 10
407.5
 20
136.16666666666669
 30
0.0
 40
2.2
  1
D
  7
GYM
 72
1
 11
407.5
 21
136.16666666666669
 31
0.0
100
AcDbText
 73
2
  0
LINE
  5
C23
330
BF8
100
AcDbEntity
 67
1
  8
E-SEMA-ZON
370
18
100
AcDbLine
 10
20.0
 20
115.33333333333334
 30
0.0
 11
25.0
 21
115.33333333333334
 31
0.0
  0
LINE
  5
C24
330
BF8
100
AcDbEntity
 67
1
  8
E-SEMA-ZON
370
18
100
AcDbLine
 10
405.0
 20
115.33333333333334
 30
0.0
 11
410.0
 21
115.33333333333334
 31
0.0
  0
TEXT
  5
C25
330
BF8
100
AcDbEntity
 67
1
  8
E-SEMA-ZON
100
AcDbText
 10
22.5
 20
94.50000000000001
 30
0.0
 40
2.2
  1
E
  7
GYM
 72
1
 11
22.5
 21
94.50000000000001
 31
0.0
100
AcDbText
 73
2
  0
TEXT
  5
C26
330
BF8
100
AcDbEntity
 67
1
  8
E-SEMA-ZON
100
AcDbText
 10
407.5
 20
94.50000000000001
 30
0.0
 40
2.2
  1
E
  7
GYM
 72
1
 11
407.5
 21
94.50000000000001
 31
0.0
100
AcDbText
 73
2
  0
LINE
  5
C27
330
BF8
100
AcDbEntity
 67
1
  8
E-SEMA-ZON
370
18
100
AcDbLine
 10
20.0
 20
73.66666666666666
 30
0.0
 11
25.0
 21
73.66666666666666
 31
0.0
  0
LINE
  5
C28
330
BF8
100
AcDbEntity
 67
1
  8
E-SEMA-ZON
370
18
100
AcDbLine
 10
405.0
 20
73.66666666666666
 30
0.0
 11
410.0
 21
73.66666666666666
 31
0.0
  0
TEXT
  5
C29
330
BF8
100
AcDbEntity
 67
1
  8
E-SEMA-ZON
100
AcDbText
 10
22.5
 20
52.83333333333333
 30
0.0
 40
2.2
  1
F
  7
GYM
 72
1
 11
22.5
 21
52.83333333333333
 31
0.0
100
AcDbText
 73
2
  0
TEXT
  5
C2A
330
BF8
100
AcDbEntity
 67
1
  8
E-SEMA-ZON
100
AcDbText
 10
407.5
 20
52.83333333333333
 30
0.0
 40
2.2
  1
F
  7
GYM
 72
1
 11
407.5
 21
52.83333333333333
 31
0.0
100
AcDbText
 73
2
  0
LWPOLYLINE
  5
C2B
330
BF8
100
AcDbEntity
 67
1
  8
E-SEMA-ANTET
370
50
100
AcDbPolyline
 90
4
 70
1
 10
20.0
 20
10.0
 10
410.0
 20
10.0
 10
410.0
 20
32.0
 10
20.0
 20
32.0
  0
LINE
  5
C2C
330
BF8
100
AcDbEntity
 67
1
  8
E-SEMA-ANTET
370
18
100
AcDbLine
 10
20.0
 20
15.5
 30
0.0
 11
410.0
 21
15.5
 31
0.0
  0
LINE
  5
C2D
330
BF8
100
AcDbEntity
 67
1
  8
E-SEMA-ANTET
370
18
100
AcDbLine
 10
20.0
 20
21.0
 30
0.0
 11
410.0
 21
21.0
 31
0.0
  0
LINE
  5
C2E
330
BF8
100
AcDbEntity
 67
1
  8
E-SEMA-ANTET
370
18
100
AcDbLine
 10
20.0
 20
26.5
 30
0.0
 11
410.0
 21
26.5
 31
0.0
  0
LINE
  5
C2F
330
BF8
100
AcDbEntity
 67
1
  8
E-SEMA-ANTET
370
18
100
AcDbLine
 10
64.0
 20
10.0
 30
0.0
 11
64.0
 21
32.0
 31
0.0
  0
LINE
  5
C30
330
BF8
100
AcDbEntity
 67
1
  8
E-SEMA-ANTET
370
18
100
AcDbLine
 10
96.0
 20
10.0
 30
0.0
 11
96.0
 21
32.0
 31
0.0
  0
LINE
  5
C31
330
BF8
100
AcDbEntity
 67
1
  8
E-SEMA-ANTET
370
18
100
AcDbLine
 10
282.0
 20
10.0
 30
0.0
 11
282.0
 21
32.0
 31
0.0
  0
LINE
  5
C32
330
BF8
100
AcDbEntity
 67
1
  8
E-SEMA-ANTET
370
18
100
AcDbLine
 10
316.0
 20
10.0
 30
0.0
 11
316.0
 21
32.0
 31
0.0
  0
LINE
  5
C33
330
BF8
100
AcDbEntity
 67
1
  8
E-SEMA-ANTET
370
18
100
AcDbLine
 10
356.0
 20
10.0
 30
0.0
 11
356.0
 21
32.0
 31
0.0
  0
TEXT
  5
C34
330
BF8
100
AcDbEntity
 67
1
  8
E-SEMA-ANTET
100
AcDbText
 10
20.8
 20
30.2
 30
0.0
 40
1.5
  1
Drawn By /
  7
GYM
 11
20.8
 21
30.2
 31
0.0
100
AcDbText
 73
2
  0
TEXT
  5
C35
330
BF8
100
AcDbEntity
 67
1
  8
E-SEMA-ANTET
100
AcDbText
 10
20.8
 20
28.3
 30
0.0
 40
1.5
  1
Çizen
  7
GYM
 11
20.8
 21
28.3
 31
0.0
100
AcDbText
 73
2
  0
TEXT
  5
C36
330
BF8
100
AcDbEntity
 67
1
  8
E-SEMA-ANTET
100
AcDbText
 10
62.4
 20
29.25
 30
0.0
 40
1.8
  1
CC
  7
GYM
 72
2
 11
62.4
 21
29.25
 31
0.0
100
AcDbText
 73
2
  0
TEXT
  5
C37
330
BF8
100
AcDbEntity
 67
1
  8
E-SEMA-ANTET
100
AcDbText
 10
20.8
 20
24.7
 30
0.0
 40
1.5
  1
Checked By /
  7
GYM
 11
20.8
 21
24.7
 31
0.0
100
AcDbText
 73
2
  0
TEXT
  5
C38
330
BF8
100
AcDbEntity
 67
1
  8
E-SEMA-ANTET
100
AcDbText
 10
20.8
 20
22.8
 30
0.0
 40
1.5
  1
Kontrol Eden
  7
GYM
 11
20.8
 21
22.8
 31
0.0
100
AcDbText
 73
2
  0
TEXT
  5
C39
330
BF8
100
AcDbEntity
 67
1
  8
E-SEMA-ANTET
100
AcDbText
 10
62.4
 20
23.75
 30
0.0
 40
1.8
  1
—
  7
GYM
 72
2
 11
62.4
 21
23.75
 31
0.0
100
AcDbText
 73
2
  0
TEXT
  5
C3A
330
BF8
100
AcDbEntity
 67
1
  8
E-SEMA-ANTET
100
AcDbText
 10
20.8
 20
19.2
 30
0.0
 40
1.5
  1
Approved By /
  7
GYM
 11
20.8
 21
19.2
 31
0.0
100
AcDbText
 73
2
  0
TEXT
  5
C3B
330
BF8
100
AcDbEntity
 67
1
  8
E-SEMA-ANTET
100
AcDbText
 10
20.8
 20
17.3
 30
0.0
 40
1.5
  1
Onaylayan
  7
GYM
 11
20.8
 21
17.3
 31
0.0
100
AcDbText
 73
2
  0
TEXT
  5
C3C
330
BF8
100
AcDbEntity
 67
1
  8
E-SEMA-ANTET
100
AcDbText
 10
62.4
 20
18.25
 30
0.0
 40
1.8
  1
—
  7
GYM
 72
2
 11
62.4
 21
18.25
 31
0.0
100
AcDbText
 73
2
  0
TEXT
  5
C3D
330
BF8
100
AcDbEntity
 67
1
  8
E-SEMA-ANTET
100
AcDbText
 10
20.8
 20
13.7
 30
0.0
 40
1.5
  1
Project Date /
  7
GYM
 11
20.8
 21
13.7
 31
0.0
100
AcDbText
 73
2
  0
TEXT
  5
C3E
330
BF8
100
AcDbEntity
 67
1
  8
E-SEMA-ANTET
100
AcDbText
 10
20.8
 20
11.8
 30
0.0
 40
1.5
  1
Proje Tarihi
  7
GYM
 11
20.8
 21
11.8
 31
0.0
100
AcDbText
 73
2
  0
TEXT
  5
C3F
330
BF8
100
AcDbEntity
 67
1
  8
E-SEMA-ANTET
100
AcDbText
 10
62.4
 20
12.75
 30
0.0
 40
1.8
  1
17 Eylül 2026
  7
GYM
 72
2
 11
62.4
 21
12.75
 31
0.0
100
AcDbText
 73
2
  0
TEXT
  5
C40
330
BF8
100
AcDbEntity
 67
1
  8
E-SEMA-ANTET
100
AcDbText
 10
64.8
 20
30.2
 30
0.0
 40
1.5
  1
Customer Name /
  7
GYM
 11
64.8
 21
30.2
 31
0.0
100
AcDbText
 73
2
  0
TEXT
  5
C41
330
BF8
100
AcDbEntity
 67
1
  8
E-SEMA-ANTET
100
AcDbText
 10
64.8
 20
28.3
 30
0.0
 40
1.5
  1
Müşteri Adı
  7
GYM
 11
64.8
 21
28.3
 31
0.0
100
AcDbText
 73
2
  0
TEXT
  5
C42
330
BF8
100
AcDbEntity
 67
1
  8
E-SEMA-ANTET
100
AcDbText
 10
97.2
 20
29.25
 30
0.0
 40
2.2
  1
ÖZEL — MALTEPE / İDEALTEPE
  7
GYM
 11
97.2
 21
29.25
 31
0.0
100
AcDbText
 73
2
  0
TEXT
  5
C43
330
BF8
100
AcDbEntity
 67
1
  8
E-SEMA-ANTET
100
AcDbText
 10
64.8
 20
24.7
 30
0.0
 40
1.5
  1
Project Description /
  7
GYM
 11
64.8
 21
24.7
 31
0.0
100
AcDbText
 73
2
  0
TEXT
  5
C44
330
BF8
100
AcDbEntity
 67
1
  8
E-SEMA-ANTET
100
AcDbText
 10
64.8
 20
22.8
 30
0.0
 40
1.5
  1
Proje Açıklaması
  7
GYM
 11
64.8
 21
22.8
 31
0.0
100
AcDbText
 73
2
  0
TEXT
  5
C45
330
BF8
100
AcDbEntity
 67
1
  8
E-SEMA-ANTET
100
AcDbText
 10
97.2
 20
23.75
 30
0.0
 40
2.2
  1
MOBİLYA MAĞAZASI → FONKSİYONEL ANTRENMAN STÜDYOSU
  7
GYM
 11
97.2
 21
23.75
 31
0.0
100
AcDbText
 73
2
  0
TEXT
  5
C46
330
BF8
100
AcDbEntity
 67
1
  8
E-SEMA-ANTET
100
AcDbText
 10
64.8
 20
19.2
 30
0.0
 40
1.5
  1
Panel Name /
  7
GYM
 11
64.8
 21
19.2
 31
0.0
100
AcDbText
 73
2
  0
TEXT
  5
C47
330
BF8
100
AcDbEntity
 67
1
  8
E-SEMA-ANTET
100
AcDbText
 10
64.8
 20
17.3
 30
0.0
 40
1.5
  1
Pano Adı
  7
GYM
 11
64.8
 21
17.3
 31
0.0
100
AcDbText
 73
2
  0
TEXT
  5
C48
330
BF8
100
AcDbEntity
 67
1
  8
E-SEMA-ANTET
100
AcDbText
 10
97.2
 20
18.25
 30
0.0
 40
2.2
  1
ADP
  7
GYM
 11
97.2
 21
18.25
 31
0.0
100
AcDbText
 73
2
  0
TEXT
  5
C49
330
BF8
100
AcDbEntity
 67
1
  8
E-SEMA-ANTET
100
AcDbText
 10
64.8
 20
13.7
 30
0.0
 40
1.5
  1
Page Description /
  7
GYM
 11
64.8
 21
13.7
 31
0.0
100
AcDbText
 73
2
  0
TEXT
  5
C4A
330
BF8
100
AcDbEntity
 67
1
  8
E-SEMA-ANTET
100
AcDbText
 10
64.8
 20
11.8
 30
0.0
 40
1.5
  1
Sayfa Açıklaması
  7
GYM
 11
64.8
 21
11.8
 31
0.0
100
AcDbText
 73
2
  0
TEXT
  5
C4B
330
BF8
100
AcDbEntity
 67
1
  8
E-SEMA-ANTET
100
AcDbText
 10
97.2
 20
12.75
 30
0.0
 40
2.2
  1
Schematic Diagram / Şematik Diyagram
  7
GYM
 11
97.2
 21
12.75
 31
0.0
100
AcDbText
 73
2
  0
TEXT
  5
C4C
330
BF8
100
AcDbEntity
 67
1
  8
E-SEMA-ANTET
100
AcDbText
 10
282.8
 20
30.2
 30
0.0
 40
1.5
  1
Project Number /
  7
GYM
 11
282.8
 21
30.2
 31
0.0
100
AcDbText
 73
2
  0
TEXT
  5
C4D
330
BF8
100
AcDbEntity
 67
1
  8
E-SEMA-ANTET
100
AcDbText
 10
282.8
 20
28.3
 30
0.0
 40
1.5
  1
Proje Numarası
  7
GYM
 11
282.8
 21
28.3
 31
0.0
100
AcDbText
 73
2
  0
TEXT
  5
C4E
330
BF8
100
AcDbEntity
 67
1
  8
E-SEMA-ANTET
100
AcDbText
 10
317.2
 20
29.25
 30
0.0
 40
2.8
  1
GYM-25-001-001
  7
GYM-B
 11
317.2
 21
29.25
 31
0.0
100
AcDbText
 73
2
  0
TEXT
  5
C4F
330
BF8
100
AcDbEntity
 67
1
  8
E-SEMA-ANTET
100
AcDbText
 10
282.8
 20
19.2
 30
0.0
 40
1.5
  1
Revision /
  7
GYM
 11
282.8
 21
19.2
 31
0.0
100
AcDbText
 73
2
  0
TEXT
  5
C50
330
BF8
100
AcDbEntity
 67
1
  8
E-SEMA-ANTET
100
AcDbText
 10
282.8
 20
17.3
 30
0.0
 40
1.5
  1
Revizyon
  7
GYM
 11
282.8
 21
17.3
 31
0.0
100
AcDbText
 73
2
  0
TEXT
  5
C51
330
BF8
100
AcDbEntity
 67
1
  8
E-SEMA-ANTET
100
AcDbText
 10
317.2
 20
18.25
 30
0.0
 40
2.2
  1
Rev H
  7
GYM
 11
317.2
 21
18.25
 31
0.0
100
AcDbText
 73
2
  0
TEXT
  5
C52
330
BF8
100
AcDbEntity
 67
1
  8
E-SEMA-ANTET
100
AcDbText
 10
282.8
 20
13.7
 30
0.0
 40
1.5
  1
Standards /
  7
GYM
 11
282.8
 21
13.7
 31
0.0
100
AcDbText
 73
2
  0
TEXT
  5
C53
330
BF8
100
AcDbEntity
 67
1
  8
E-SEMA-ANTET
100
AcDbText
 10
282.8
 20
11.8
 30
0.0
 40
1.5
  1
Standartlar
  7
GYM
 11
282.8
 21
11.8
 31
0.0
100
AcDbText
 73
2
  0
TEXT
  5
C54
330
BF8
100
AcDbEntity
 67
1
  8
E-SEMA-ANTET
100
AcDbText
 10
317.2
 20
12.75
 30
0.0
 40
1.5
  1
IEC 61439-1&2 · IEC 60617
  7
GYM
 11
317.2
 21
12.75
 31
0.0
100
AcDbText
 73
2
  0
TEXT
  5
C55
330
BF8
100
AcDbEntity
 67
1
  8
E-SEMA-ANTET
100
AcDbText
 10
357.2
 20
30.25
 30
0.0
 40
1.5
  1
Sheet: /
  7
GYM
 11
357.2
 21
30.25
 31
0.0
100
AcDbText
 73
2
  0
TEXT
  5
C56
330
BF8
100
AcDbEntity
 67
1
  8
E-SEMA-ANTET
100
AcDbText
 10
357.2
 20
27.85
 30
0.0
 40
1.5
  1
Sayfa
  7
GYM
 11
357.2
 21
27.85
 31
0.0
100
AcDbText
 73
2
  0
TEXT
  5
C57
330
BF8
100
AcDbEntity
 67
1
  8
E-SEMA-ANTET
100
AcDbText
 10
408.0
 20
29.25
 30
0.0
 40
2.8
  1
8
  7
GYM-B
 72
2
 11
408.0
 21
29.25
 31
0.0
100
AcDbText
 73
2
  0
TEXT
  5
C58
330
BF8
100
AcDbEntity
 67
1
  8
E-SEMA-ANTET
100
AcDbText
 10
357.2
 20
24.75
 30
0.0
 40
1.5
  1
Next sheet: /
  7
GYM
 11
357.2
 21
24.75
 31
0.0
100
AcDbText
 73
2
  0
TEXT
  5
C59
330
BF8
100
AcDbEntity
 67
1
  8
E-SEMA-ANTET
100
AcDbText
 10
357.2
 20
22.35
 30
0.0
 40
1.5
  1
Sonraki
  7
GYM
 11
357.2
 21
22.35
 31
0.0
100
AcDbText
 73
2
  0
TEXT
  5
C5A
330
BF8
100
AcDbEntity
 67
1
  8
E-SEMA-ANTET
100
AcDbText
 10
408.0
 20
23.75
 30
0.0
 40
2.8
  1
9
  7
GYM-B
 72
2
 11
408.0
 21
23.75
 31
0.0
100
AcDbText
 73
2
  0
TEXT
  5
C5B
330
BF8
100
AcDbEntity
 67
1
  8
E-SEMA-ANTET
100
AcDbText
 10
357.2
 20
19.25
 30
0.0
 40
1.5
  1
Total sheets: /
  7
GYM
 11
357.2
 21
19.25
 31
0.0
100
AcDbText
 73
2
  0
TEXT
  5
C5C
330
BF8
100
AcDbEntity
 67
1
  8
E-SEMA-ANTET
100
AcDbText
 10
357.2
 20
16.85
 30
0.0
 40
1.5
  1
Toplam
  7
GYM
 11
357.2
 21
16.85
 31
0.0
100
AcDbText
 73
2
  0
TEXT
  5
C5D
330
BF8
100
AcDbEntity
 67
1
  8
E-SEMA-ANTET
100
AcDbText
 10
408.0
 20
18.25
 30
0.0
 40
2.8
  1
12
  7
GYM-B
 72
2
 11
408.0
 21
18.25
 31
0.0
100
AcDbText
 73
2
  0
TEXT
  5
C5E
330
BF8
100
AcDbEntity
 67
1
  8
E-SEMA-ANTET
100
AcDbText
 10
357.2
 20
13.75
 30
0.0
 40
1.5
  1
Sheet size /
  7
GYM
 11
357.2
 21
13.75
 31
0.0
100
AcDbText
 73
2
  0
TEXT
  5
C5F
330
BF8
100
AcDbEntity
 67
1
  8
E-SEMA-ANTET
100
AcDbText
 10
357.2
 20
11.35
 30
0.0
 40
1.5
  1
Kâğıt
  7
GYM
 11
357.2
 21
11.35
 31
0.0
100
AcDbText
 73
2
  0
TEXT
  5
C60
330
BF8
100
AcDbEntity
 67
1
  8
E-SEMA-ANTET
100
AcDbText
 10
408.0
 20
12.75
 30
0.0
 40
2.8
  1
A3
  7
GYM-B
 72
2
 11
408.0
 21
12.75
 31
0.0
100
AcDbText
 73
2
  0
LINE
  5
C61
330
BF8
100
AcDbEntity
 67
1
  8
E-SEMA-RAY
370
35
100
AcDbLine
 10
25.0
 20
272.0
 30
0.0
 11
405.0
 21
272.0
 31
0.0
  0
TEXT
  5
C62
330
BF8
100
AcDbEntity
 67
1
  8
E-SEMA-YAZI
100
AcDbText
 10
24.4
 20
273.4
 30
0.0
 40
1.8
  1
L1
  7
GYM
 11
24.4
 21
273.4
 31
0.0
100
AcDbText
 73
2
  0
TEXT
  5
C63
330
BF8
100
AcDbEntity
 67
1
  8
E-SEMA-YAZI
100
AcDbText
 10
404.4
 20
273.4
 30
0.0
 40
1.8
  1
L1
  7
GYM
 72
2
 11
404.4
 21
273.4
 31
0.0
100
AcDbText
 73
2
  0
LWPOLYLINE
  5
C64
330
BF8
100
AcDbEntity
 67
1
  8
E-SEMA-YAZI
370
18
100
AcDbPolyline
 90
5
 70
1
 10
19.0
 20
270.7
 10
22.8
 20
270.7
 10
24.4
 20
272.0
 10
22.8
 20
273.3
 10
19.0
 20
273.3
  0
TEXT
  5
C65
330
BF8
100
AcDbEntity
 67
1
  8
E-SEMA-YAZI
100
AcDbText
 10
18.0
 20
272.0
 30
0.0
 40
1.5
  1
7.7
  7
GYM
 72
2
 11
18.0
 21
272.0
 31
0.0
100
AcDbText
 73
2
  0
LWPOLYLINE
  5
C66
330
BF8
100
AcDbEntity
 67
1
  8
E-SEMA-YAZI
370
18
100
AcDbPolyline
 90
5
 70
1
 10
405.6
 20
270.7
 10
409.4
 20
270.7
 10
411.0
 20
272.0
 10
409.4
 20
273.3
 10
405.6
 20
273.3
  0
TEXT
  5
C67
330
BF8
100
AcDbEntity
 67
1
  8
E-SEMA-YAZI
100
AcDbText
 10
412.0
 20
272.0
 30
0.0
 40
1.5
  1
9.0
  7
GYM
 11
412.0
 21
272.0
 31
0.0
100
AcDbText
 73
2
  0
LINE
  5
C68
330
BF8
100
AcDbEntity
 67
1
  8
E-SEMA-RAY
370
35
100
AcDbLine
 10
25.0
 20
267.0
 30
0.0
 11
405.0
 21
267.0
 31
0.0
  0
TEXT
  5
C69
330
BF8
100
AcDbEntity
 67
1
  8
E-SEMA-YAZI
100
AcDbText
 10
24.4
 20
268.4
 30
0.0
 40
1.8
  1
L2
  7
GYM
 11
24.4
 21
268.4
 31
0.0
100
AcDbText
 73
2
  0
TEXT
  5
C6A
330
BF8
100
AcDbEntity
 67
1
  8
E-SEMA-YAZI
100
AcDbText
 10
404.4
 20
268.4
 30
0.0
 40
1.8
  1
L2
  7
GYM
 72
2
 11
404.4
 21
268.4
 31
0.0
100
AcDbText
 73
2
  0
LWPOLYLINE
  5
C6B
330
BF8
100
AcDbEntity
 67
1
  8
E-SEMA-YAZI
370
18
100
AcDbPolyline
 90
5
 70
1
 10
19.0
 20
265.7
 10
22.8
 20
265.7
 10
24.4
 20
267.0
 10
22.8
 20
268.3
 10
19.0
 20
268.3
  0
TEXT
  5
C6C
330
BF8
100
AcDbEntity
 67
1
  8
E-SEMA-YAZI
100
AcDbText
 10
18.0
 20
267.0
 30
0.0
 40
1.5
  1
7.7
  7
GYM
 72
2
 11
18.0
 21
267.0
 31
0.0
100
AcDbText
 73
2
  0
LWPOLYLINE
  5
C6D
330
BF8
100
AcDbEntity
 67
1
  8
E-SEMA-YAZI
370
18
100
AcDbPolyline
 90
5
 70
1
 10
405.6
 20
265.7
 10
409.4
 20
265.7
 10
411.0
 20
267.0
 10
409.4
 20
268.3
 10
405.6
 20
268.3
  0
TEXT
  5
C6E
330
BF8
100
AcDbEntity
 67
1
  8
E-SEMA-YAZI
100
AcDbText
 10
412.0
 20
267.0
 30
0.0
 40
1.5
  1
9.0
  7
GYM
 11
412.0
 21
267.0
 31
0.0
100
AcDbText
 73
2
  0
LINE
  5
C6F
330
BF8
100
AcDbEntity
 67
1
  8
E-SEMA-RAY
370
35
100
AcDbLine
 10
25.0
 20
262.0
 30
0.0
 11
405.0
 21
262.0
 31
0.0
  0
TEXT
  5
C70
330
BF8
100
AcDbEntity
 67
1
  8
E-SEMA-YAZI
100
AcDbText
 10
24.4
 20
263.4
 30
0.0
 40
1.8
  1
L3
  7
GYM
 11
24.4
 21
263.4
 31
0.0
100
AcDbText
 73
2
  0
TEXT
  5
C71
330
BF8
100
AcDbEntity
 67
1
  8
E-SEMA-YAZI
100
AcDbText
 10
404.4
 20
263.4
 30
0.0
 40
1.8
  1
L3
  7
GYM
 72
2
 11
404.4
 21
263.4
 31
0.0
100
AcDbText
 73
2
  0
LWPOLYLINE
  5
C72
330
BF8
100
AcDbEntity
 67
1
  8
E-SEMA-YAZI
370
18
100
AcDbPolyline
 90
5
 70
1
 10
19.0
 20
260.7
 10
22.8
 20
260.7
 10
24.4
 20
262.0
 10
22.8
 20
263.3
 10
19.0
 20
263.3
  0
TEXT
  5
C73
330
BF8
100
AcDbEntity
 67
1
  8
E-SEMA-YAZI
100
AcDbText
 10
18.0
 20
262.0
 30
0.0
 40
1.5
  1
7.7
  7
GYM
 72
2
 11
18.0
 21
262.0
 31
0.0
100
AcDbText
 73
2
  0
LWPOLYLINE
  5
C74
330
BF8
100
AcDbEntity
 67
1
  8
E-SEMA-YAZI
370
18
100
AcDbPolyline
 90
5
 70
1
 10
405.6
 20
260.7
 10
409.4
 20
260.7
 10
411.0
 20
262.0
 10
409.4
 20
263.3
 10
405.6
 20
263.3
  0
TEXT
  5
C75
330
BF8
100
AcDbEntity
 67
1
  8
E-SEMA-YAZI
100
AcDbText
 10
412.0
 20
262.0
 30
0.0
 40
1.5
  1
9.0
  7
GYM
 11
412.0
 21
262.0
 31
0.0
100
AcDbText
 73
2
  0
LINE
  5
C76
330
BF8
100
AcDbEntity
 67
1
  8
E-SEMA-RAY
370
35
100
AcDbLine
 10
25.0
 20
257.0
 30
0.0
 11
405.0
 21
257.0
 31
0.0
  0
TEXT
  5
C77
330
BF8
100
AcDbEntity
 67
1
  8
E-SEMA-YAZI
100
AcDbText
 10
24.4
 20
258.4
 30
0.0
 40
1.8
  1
N
  7
GYM
 11
24.4
 21
258.4
 31
0.0
100
AcDbText
 73
2
  0
TEXT
  5
C78
330
BF8
100
AcDbEntity
 67
1
  8
E-SEMA-YAZI
100
AcDbText
 10
404.4
 20
258.4
 30
0.0
 40
1.8
  1
N
  7
GYM
 72
2
 11
404.4
 21
258.4
 31
0.0
100
AcDbText
 73
2
  0
LWPOLYLINE
  5
C79
330
BF8
100
AcDbEntity
 67
1
  8
E-SEMA-YAZI
370
18
100
AcDbPolyline
 90
5
 70
1
 10
19.0
 20
255.7
 10
22.8
 20
255.7
 10
24.4
 20
257.0
 10
22.8
 20
258.3
 10
19.0
 20
258.3
  0
TEXT
  5
C7A
330
BF8
100
AcDbEntity
 67
1
  8
E-SEMA-YAZI
100
AcDbText
 10
18.0
 20
257.0
 30
0.0
 40
1.5
  1
7.7
  7
GYM
 72
2
 11
18.0
 21
257.0
 31
0.0
100
AcDbText
 73
2
  0
LWPOLYLINE
  5
C7B
330
BF8
100
AcDbEntity
 67
1
  8
E-SEMA-YAZI
370
18
100
AcDbPolyline
 90
5
 70
1
 10
405.6
 20
255.7
 10
409.4
 20
255.7
 10
411.0
 20
257.0
 10
409.4
 20
258.3
 10
405.6
 20
258.3
  0
TEXT
  5
C7C
330
BF8
100
AcDbEntity
 67
1
  8
E-SEMA-YAZI
100
AcDbText
 10
412.0
 20
257.0
 30
0.0
 40
1.5
  1
9.0
  7
GYM
 11
412.0
 21
257.0
 31
0.0
100
AcDbText
 73
2
  0
LINE
  5
C7D
330
BF8
100
AcDbEntity
 67
1
  8
E-SEMA-PE
  6
DASHDOT
370
35
100
AcDbLine
 10
25.0
 20
150.0
 30
0.0
 11
405.0
 21
150.0
 31
0.0
  0
TEXT
  5
C7E
330
BF8
100
AcDbEntity
 67
1
  8
E-SEMA-YAZI
100
AcDbText
 10
24.4
 20
151.4
 30
0.0
 40
1.8
  1
PE
  7
GYM
 11
24.4
 21
151.4
 31
0.0
100
AcDbText
 73
2
  0
TEXT
  5
C7F
330
BF8
100
AcDbEntity
 67
1
  8
E-SEMA-YAZI
100
AcDbText
 10
404.4
 20
151.4
 30
0.0
 40
1.8
  1
PE
  7
GYM
 72
2
 11
404.4
 21
151.4
 31
0.0
100
AcDbText
 73
2
  0
TEXT
  5
C80
330
BF8
100
AcDbEntity
 67
1
  8
E-SEMA-YAZI
100
AcDbText
 10
18.0
 20
150.0
 30
0.0
 40
1.5
  1
7.7
  7
GYM
 72
2
 11
18.0
 21
150.0
 31
0.0
100
AcDbText
 73
2
  0
TEXT
  5
C81
330
BF8
100
AcDbEntity
 67
1
  8
E-SEMA-YAZI
100
AcDbText
 10
412.0
 20
150.0
 30
0.0
 40
1.5
  1
9.0
  7
GYM
 11
412.0
 21
150.0
 31
0.0
100
AcDbText
 73
2
  0
HATCH
  5
C82
330
BF8
100
AcDbEntity
 67
1
  8
E-SEMA-SEMBOL
 62
7
100
AcDbHatch
 10
0.0
 20
0.0
 30
0.0
210
0.0
220
0.0
230
1.0
  2
SOLID
 70
1
 71
0
 91
1
 92
1
 93
1
 72
2
 10
39.0
 20
272.0
 40
0.55
 50
0.0
 51
360.0
 73
1
 97
0
 75
0
 76
1
 98
0
  0
LINE
  5
C83
330
BF8
100
AcDbEntity
 67
1
  8
E-SEMA-TEL
370
25
100
AcDbLine
 10
39.0
 20
272.0
 30
0.0
 11
39.0
 21
250.0
 31
0.0
  0
HATCH
  5
C84
330
BF8
100
AcDbEntity
 67
1
  8
E-SEMA-SEMBOL
 62
7
100
AcDbHatch
 10
0.0
 20
0.0
 30
0.0
210
0.0
220
0.0
230
1.0
  2
SOLID
 70
1
 71
0
 91
1
 92
1
 93
1
 72
2
 10
43.0
 20
267.0
 40
0.55
 50
0.0
 51
360.0
 73
1
 97
0
 75
0
 76
1
 98
0
  0
LINE
  5
C85
330
BF8
100
AcDbEntity
 67
1
  8
E-SEMA-TEL
370
25
100
AcDbLine
 10
43.0
 20
267.0
 30
0.0
 11
43.0
 21
250.0
 31
0.0
  0
HATCH
  5
C86
330
BF8
100
AcDbEntity
 67
1
  8
E-SEMA-SEMBOL
 62
7
100
AcDbHatch
 10
0.0
 20
0.0
 30
0.0
210
0.0
220
0.0
230
1.0
  2
SOLID
 70
1
 71
0
 91
1
 92
1
 93
1
 72
2
 10
47.0
 20
262.0
 40
0.55
 50
0.0
 51
360.0
 73
1
 97
0
 75
0
 76
1
 98
0
  0
LINE
  5
C87
330
BF8
100
AcDbEntity
 67
1
  8
E-SEMA-TEL
370
25
100
AcDbLine
 10
47.0
 20
262.0
 30
0.0
 11
47.0
 21
250.0
 31
0.0
  0
HATCH
  5
C88
330
BF8
100
AcDbEntity
 67
1
  8
E-SEMA-SEMBOL
 62
7
100
AcDbHatch
 10
0.0
 20
0.0
 30
0.0
210
0.0
220
0.0
230
1.0
  2
SOLID
 70
1
 71
0
 91
1
 92
1
 93
1
 72
2
 10
51.0
 20
257.0
 40
0.55
 50
0.0
 51
360.0
 73
1
 97
0
 75
0
 76
1
 98
0
  0
LINE
  5
C89
330
BF8
100
AcDbEntity
 67
1
  8
E-SEMA-TEL
370
25
100
AcDbLine
 10
51.0
 20
257.0
 30
0.0
 11
51.0
 21
250.0
 31
0.0
  0
LINE
  5
C8A
330
BF8
100
AcDbEntity
 67
1
  8
E-SEMA-TEL
370
25
100
AcDbLine
 10
39.0
 20
250.0
 30
0.0
 11
39.0
 21
248.24
 31
0.0
  0
HATCH
  5
C8B
330
BF8
100
AcDbEntity
 67
1
  8
E-SEMA-SEMBOL
 62
7
100
AcDbHatch
 10
0.0
 20
0.0
 30
0.0
210
0.0
220
0.0
230
1.0
  2
SOLID
 70
1
 71
0
 91
1
 92
1
 93
1
 72
2
 10
39.0
 20
248.24
 40
0.35
 50
0.0
 51
360.0
 73
1
 97
0
 75
0
 76
1
 98
0
  0
LINE
  5
C8C
330
BF8
100
AcDbEntity
 67
1
  8
E-SEMA-SEMBOL
370
35
100
AcDbLine
 10
39.0
 20
248.24
 30
0.0
 11
41.4
 21
243.6
 31
0.0
  0
LINE
  5
C8D
330
BF8
100
AcDbEntity
 67
1
  8
E-SEMA-TEL
370
25
100
AcDbLine
 10
39.0
 20
243.28
 30
0.0
 11
39.0
 21
242.0
 31
0.0
  0
LWPOLYLINE
  5
C8E
330
BF8
100
AcDbEntity
 67
1
  8
E-SEMA-SEMBOL
370
25
100
AcDbPolyline
 90
4
 70
1
 10
39.9
 20
243.28
 10
41.3
 20
243.28
 10
41.3
 20
245.68
 10
39.9
 20
245.68
  0
LINE
  5
C8F
330
BF8
100
AcDbEntity
 67
1
  8
E-SEMA-TEL
370
25
100
AcDbLine
 10
43.0
 20
250.0
 30
0.0
 11
43.0
 21
248.24
 31
0.0
  0
HATCH
  5
C90
330
BF8
100
AcDbEntity
 67
1
  8
E-SEMA-SEMBOL
 62
7
100
AcDbHatch
 10
0.0
 20
0.0
 30
0.0
210
0.0
220
0.0
230
1.0
  2
SOLID
 70
1
 71
0
 91
1
 92
1
 93
1
 72
2
 10
43.0
 20
248.24
 40
0.35
 50
0.0
 51
360.0
 73
1
 97
0
 75
0
 76
1
 98
0
  0
LINE
  5
C91
330
BF8
100
AcDbEntity
 67
1
  8
E-SEMA-SEMBOL
370
35
100
AcDbLine
 10
43.0
 20
248.24
 30
0.0
 11
45.4
 21
243.6
 31
0.0
  0
LINE
  5
C92
330
BF8
100
AcDbEntity
 67
1
  8
E-SEMA-TEL
370
25
100
AcDbLine
 10
43.0
 20
243.28
 30
0.0
 11
43.0
 21
242.0
 31
0.0
  0
LWPOLYLINE
  5
C93
330
BF8
100
AcDbEntity
 67
1
  8
E-SEMA-SEMBOL
370
25
100
AcDbPolyline
 90
4
 70
1
 10
43.9
 20
243.28
 10
45.3
 20
243.28
 10
45.3
 20
245.68
 10
43.9
 20
245.68
  0
LINE
  5
C94
330
BF8
100
AcDbEntity
 67
1
  8
E-SEMA-TEL
370
25
100
AcDbLine
 10
47.0
 20
250.0
 30
0.0
 11
47.0
 21
248.24
 31
0.0
  0
HATCH
  5
C95
330
BF8
100
AcDbEntity
 67
1
  8
E-SEMA-SEMBOL
 62
7
100
AcDbHatch
 10
0.0
 20
0.0
 30
0.0
210
0.0
220
0.0
230
1.0
  2
SOLID
 70
1
 71
0
 91
1
 92
1
 93
1
 72
2
 10
47.0
 20
248.24
 40
0.35
 50
0.0
 51
360.0
 73
1
 97
0
 75
0
 76
1
 98
0
  0
LINE
  5
C96
330
BF8
100
AcDbEntity
 67
1
  8
E-SEMA-SEMBOL
370
35
100
AcDbLine
 10
47.0
 20
248.24
 30
0.0
 11
49.4
 21
243.6
 31
0.0
  0
LINE
  5
C97
330
BF8
100
AcDbEntity
 67
1
  8
E-SEMA-TEL
370
25
100
AcDbLine
 10
47.0
 20
243.28
 30
0.0
 11
47.0
 21
242.0
 31
0.0
  0
LWPOLYLINE
  5
C98
330
BF8
100
AcDbEntity
 67
1
  8
E-SEMA-SEMBOL
370
25
100
AcDbPolyline
 90
4
 70
1
 10
47.9
 20
243.28
 10
49.3
 20
243.28
 10
49.3
 20
245.68
 10
47.9
 20
245.68
  0
LINE
  5
C99
330
BF8
100
AcDbEntity
 67
1
  8
E-SEMA-TEL
370
25
100
AcDbLine
 10
51.0
 20
250.0
 30
0.0
 11
51.0
 21
248.24
 31
0.0
  0
HATCH
  5
C9A
330
BF8
100
AcDbEntity
 67
1
  8
E-SEMA-SEMBOL
 62
7
100
AcDbHatch
 10
0.0
 20
0.0
 30
0.0
210
0.0
220
0.0
230
1.0
  2
SOLID
 70
1
 71
0
 91
1
 92
1
 93
1
 72
2
 10
51.0
 20
248.24
 40
0.35
 50
0.0
 51
360.0
 73
1
 97
0
 75
0
 76
1
 98
0
  0
LINE
  5
C9B
330
BF8
100
AcDbEntity
 67
1
  8
E-SEMA-SEMBOL
370
35
100
AcDbLine
 10
51.0
 20
248.24
 30
0.0
 11
53.4
 21
243.6
 31
0.0
  0
LINE
  5
C9C
330
BF8
100
AcDbEntity
 67
1
  8
E-SEMA-TEL
370
25
100
AcDbLine
 10
51.0
 20
243.28
 30
0.0
 11
51.0
 21
242.0
 31
0.0
  0
LWPOLYLINE
  5
C9D
330
BF8
100
AcDbEntity
 67
1
  8
E-SEMA-SEMBOL
370
25
100
AcDbPolyline
 90
4
 70
1
 10
51.9
 20
243.28
 10
53.3
 20
243.28
 10
53.3
 20
245.68
 10
51.9
 20
245.68
  0
LINE
  5
C9E
330
BF8
100
AcDbEntity
 67
1
  8
E-SEMA-SEMBOL
  6
DASHED
370
18
100
AcDbLine
 10
39.0
 20
244.6
 30
0.0
 11
51.0
 21
244.6
 31
0.0
  0
TEXT
  5
C9F
330
BF8
100
AcDbEntity
 67
1
  8
E-SEMA-YAZI
100
AcDbText
 10
37.9
 20
249.2
 30
0.0
 40
1.5
  1
1
  7
GYM
 72
2
 11
37.9
 21
249.2
 31
0.0
100
AcDbText
 73
2
  0
TEXT
  5
CA0
330
BF8
100
AcDbEntity
 67
1
  8
E-SEMA-YAZI
100
AcDbText
 10
37.9
 20
235.2
 30
0.0
 40
1.5
  1
2
  7
GYM
 72
2
 11
37.9
 21
235.2
 31
0.0
100
AcDbText
 73
2
  0
TEXT
  5
CA1
330
BF8
100
AcDbEntity
 67
1
  8
E-SEMA-YAZI
100
AcDbText
 10
41.9
 20
249.2
 30
0.0
 40
1.5
  1
3
  7
GYM
 72
2
 11
41.9
 21
249.2
 31
0.0
100
AcDbText
 73
2
  0
TEXT
  5
CA2
330
BF8
100
AcDbEntity
 67
1
  8
E-SEMA-YAZI
100
AcDbText
 10
41.9
 20
235.2
 30
0.0
 40
1.5
  1
4
  7
GYM
 72
2
 11
41.9
 21
235.2
 31
0.0
100
AcDbText
 73
2
  0
TEXT
  5
CA3
330
BF8
100
AcDbEntity
 67
1
  8
E-SEMA-YAZI
100
AcDbText
 10
45.9
 20
249.2
 30
0.0
 40
1.5
  1
5
  7
GYM
 72
2
 11
45.9
 21
249.2
 31
0.0
100
AcDbText
 73
2
  0
TEXT
  5
CA4
330
BF8
100
AcDbEntity
 67
1
  8
E-SEMA-YAZI
100
AcDbText
 10
45.9
 20
235.2
 30
0.0
 40
1.5
  1
6
  7
GYM
 72
2
 11
45.9
 21
235.2
 31
0.0
100
AcDbText
 73
2
  0
TEXT
  5
CA5
330
BF8
100
AcDbEntity
 67
1
  8
E-SEMA-YAZI
100
AcDbText
 10
49.9
 20
249.2
 30
0.0
 40
1.5
  1
N
  7
GYM
 72
2
 11
49.9
 21
249.2
 31
0.0
100
AcDbText
 73
2
  0
TEXT
  5
CA6
330
BF8
100
AcDbEntity
 67
1
  8
E-SEMA-YAZI
100
AcDbText
 10
49.9
 20
235.2
 30
0.0
 40
1.5
  1
N
  7
GYM
 72
2
 11
49.9
 21
235.2
 31
0.0
100
AcDbText
 73
2
  0
LWPOLYLINE
  5
CA7
330
BF8
100
AcDbEntity
 67
1
  8
E-SEMA-SEMBOL
370
35
100
AcDbPolyline
 90
4
 70
1
 10
36.4
 20
234.0
 10
53.6
 20
234.0
 10
53.6
 20
239.0
 10
36.4
 20
239.0
  0
TEXT
  5
CA8
330
BF8
100
AcDbEntity
 67
1
  8
E-SEMA-SEMBOL
100
AcDbText
 10
43.4
 20
236.5
 30
0.0
 40
2.2
  1
I
  7
GYM
 72
1
 11
43.4
 21
236.5
 31
0.0
100
AcDbText
 73
2
  0
LINE
  5
CA9
330
BF8
100
AcDbEntity
 67
1
  8
E-SEMA-SEMBOL
370
25
100
AcDbLine
 10
46.6
 20
237.4
 30
0.0
 11
46.6
 21
236.4
 31
0.0
  0
LINE
  5
CAA
330
BF8
100
AcDbEntity
 67
1
  8
E-SEMA-SEMBOL
370
25
100
AcDbLine
 10
45.5
 20
236.4
 30
0.0
 11
47.7
 21
236.4
 31
0.0
  0
LINE
  5
CAB
330
BF8
100
AcDbEntity
 67
1
  8
E-SEMA-SEMBOL
370
25
100
AcDbLine
 10
45.9
 20
235.95000000000002
 30
0.0
 11
47.300000000000004
 21
235.95000000000002
 31
0.0
  0
LINE
  5
CAC
330
BF8
100
AcDbEntity
 67
1
  8
E-SEMA-SEMBOL
370
25
100
AcDbLine
 10
46.25
 20
235.5
 30
0.0
 11
46.95
 21
235.5
 31
0.0
  0
LINE
  5
CAD
330
BF8
100
AcDbEntity
 67
1
  8
E-SEMA-TEL
370
25
100
AcDbLine
 10
39.0
 20
234.0
 30
0.0
 11
39.0
 21
232.4
 31
0.0
  0
LINE
  5
CAE
330
BF8
100
AcDbEntity
 67
1
  8
E-SEMA-TEL
370
25
100
AcDbLine
 10
43.0
 20
234.0
 30
0.0
 11
43.0
 21
232.4
 31
0.0
  0
LINE
  5
CAF
330
BF8
100
AcDbEntity
 67
1
  8
E-SEMA-TEL
370
25
100
AcDbLine
 10
47.0
 20
234.0
 30
0.0
 11
47.0
 21
232.4
 31
0.0
  0
LINE
  5
CB0
330
BF8
100
AcDbEntity
 67
1
  8
E-SEMA-TEL
370
25
100
AcDbLine
 10
51.0
 20
234.0
 30
0.0
 11
51.0
 21
232.4
 31
0.0
  0
LWPOLYLINE
  5
CB1
330
BF8
100
AcDbEntity
 67
1
  8
E-SEMA-SEMBOL
370
25
100
AcDbPolyline
 90
4
 70
1
 10
30.0
 20
246.6
 10
33.0
 20
246.6
 10
33.0
 20
249.6
 10
30.0
 20
249.6
  0
LINE
  5
CB2
330
BF8
100
AcDbEntity
 67
1
  8
E-SEMA-SEMBOL
370
18
100
AcDbLine
 10
30.0
 20
246.6
 30
0.0
 11
33.0
 21
249.6
 31
0.0
  0
LINE
  5
CB3
330
BF8
100
AcDbEntity
 67
1
  8
E-SEMA-TEL
370
25
100
AcDbLine
 10
28.0
 20
248.1
 30
0.0
 11
30.0
 21
248.1
 31
0.0
  0
LINE
  5
CB4
330
BF8
100
AcDbEntity
 67
1
  8
E-SEMA-TEL
370
25
100
AcDbLine
 10
33.0
 20
248.1
 30
0.0
 11
39.0
 21
248.1
 31
0.0
  0
TEXT
  5
CB5
330
BF8
100
AcDbEntity
 67
1
  8
E-SEMA-YAZI
100
AcDbText
 10
26.5
 20
237.4
 30
0.0
 40
2.2
  1
-ID6
  7
GYM
 72
2
 11
26.5
 21
237.4
 31
0.0
100
AcDbText
 73
2
  0
TEXT
  5
CB6
330
BF8
100
AcDbEntity
 67
1
  8
E-SEMA-YAZI
100
AcDbText
 10
26.5
 20
235.20000000000002
 30
0.0
 40
1.5
  1
4×40A/30mA
  7
GYM
 72
2
 11
26.5
 21
235.20000000000002
 31
0.0
100
AcDbText
 73
2
  0
TEXT
  5
CB7
330
BF8
100
AcDbEntity
 67
1
  8
E-SEMA-YAZI
100
AcDbText
 10
26.5
 20
233.00000000000003
 30
0.0
 40
1.5
  1
A tipi
  7
GYM
 72
2
 11
26.5
 21
233.00000000000003
 31
0.0
100
AcDbText
 73
2
  0
TEXT
  5
CB8
330
BF8
100
AcDbEntity
 67
1
  8
E-SEMA-YAZI
100
AcDbText
 10
26.5
 20
229.4
 30
0.0
 40
1.5
  1
RCD-6
  7
GYM
 72
2
 11
26.5
 21
229.4
 31
0.0
100
AcDbText
 73
2
  0
LINE
  5
CB9
330
BF8
100
AcDbEntity
 67
1
  8
E-SEMA-TEL
370
25
100
AcDbLine
 10
39.0
 20
234.0
 30
0.0
 11
39.0
 21
231.8
 31
0.0
  0
LINE
  5
CBA
330
BF8
100
AcDbEntity
 67
1
  8
E-SEMA-RAY
370
25
100
AcDbLine
 10
39.0
 20
231.8
 30
0.0
 11
49.0
 21
231.8
 31
0.0
  0
TEXT
  5
CBB
330
BF8
100
AcDbEntity
 67
1
  8
E-SEMA-YAZI
100
AcDbText
 10
50.0
 20
231.8
 30
0.0
 40
1.5
  1
L1
  7
GYM
 11
50.0
 21
231.8
 31
0.0
100
AcDbText
 73
2
  0
LINE
  5
CBC
330
BF8
100
AcDbEntity
 67
1
  8
E-SEMA-TEL
370
25
100
AcDbLine
 10
43.0
 20
234.0
 30
0.0
 11
43.0
 21
229.20000000000002
 31
0.0
  0
LINE
  5
CBD
330
BF8
100
AcDbEntity
 67
1
  8
E-SEMA-RAY
370
25
100
AcDbLine
 10
43.0
 20
229.20000000000002
 30
0.0
 11
49.0
 21
229.20000000000002
 31
0.0
  0
TEXT
  5
CBE
330
BF8
100
AcDbEntity
 67
1
  8
E-SEMA-YAZI
100
AcDbText
 10
50.0
 20
229.20000000000002
 30
0.0
 40
1.5
  1
L2
  7
GYM
 11
50.0
 21
229.20000000000002
 31
0.0
100
AcDbText
 73
2
  0
LINE
  5
CBF
330
BF8
100
AcDbEntity
 67
1
  8
E-SEMA-TEL
370
25
100
AcDbLine
 10
47.0
 20
234.0
 30
0.0
 11
47.0
 21
226.60000000000002
 31
0.0
  0
LINE
  5
CC0
330
BF8
100
AcDbEntity
 67
1
  8
E-SEMA-RAY
370
25
100
AcDbLine
 10
47.0
 20
226.60000000000002
 30
0.0
 11
49.0
 21
226.60000000000002
 31
0.0
  0
TEXT
  5
CC1
330
BF8
100
AcDbEntity
 67
1
  8
E-SEMA-YAZI
100
AcDbText
 10
50.0
 20
226.60000000000002
 30
0.0
 40
1.5
  1
L3
  7
GYM
 11
50.0
 21
226.60000000000002
 31
0.0
100
AcDbText
 73
2
  0
LINE
  5
CC2
330
BF8
100
AcDbEntity
 67
1
  8
E-SEMA-TEL
370
25
100
AcDbLine
 10
51.0
 20
234.0
 30
0.0
 11
51.0
 21
224.0
 31
0.0
  0
LINE
  5
CC3
330
BF8
100
AcDbEntity
 67
1
  8
E-SEMA-RAY
370
25
100
AcDbLine
 10
51.0
 20
224.0
 30
0.0
 11
49.0
 21
224.0
 31
0.0
  0
TEXT
  5
CC4
330
BF8
100
AcDbEntity
 67
1
  8
E-SEMA-YAZI
100
AcDbText
 10
50.0
 20
224.0
 30
0.0
 40
1.5
  1
N6
  7
GYM
 11
50.0
 21
224.0
 31
0.0
100
AcDbText
 73
2
  0
HATCH
  5
CC5
330
BF8
100
AcDbEntity
 67
1
  8
E-SEMA-SEMBOL
 62
7
100
AcDbHatch
 10
0.0
 20
0.0
 30
0.0
210
0.0
220
0.0
230
1.0
  2
SOLID
 70
1
 71
0
 91
1
 92
1
 93
1
 72
2
 10
39.0
 20
231.8
 40
0.55
 50
0.0
 51
360.0
 73
1
 97
0
 75
0
 76
1
 98
0
  0
LINE
  5
CC6
330
BF8
100
AcDbEntity
 67
1
  8
E-SEMA-TEL
370
25
100
AcDbLine
 10
39.0
 20
231.8
 30
0.0
 11
39.0
 21
218.0
 31
0.0
  0
HATCH
  5
CC7
330
BF8
100
AcDbEntity
 67
1
  8
E-SEMA-SEMBOL
 62
7
100
AcDbHatch
 10
0.0
 20
0.0
 30
0.0
210
0.0
220
0.0
230
1.0
  2
SOLID
 70
1
 71
0
 91
1
 92
1
 93
1
 72
2
 10
43.0
 20
224.0
 40
0.55
 50
0.0
 51
360.0
 73
1
 97
0
 75
0
 76
1
 98
0
  0
LINE
  5
CC8
330
BF8
100
AcDbEntity
 67
1
  8
E-SEMA-TEL
370
25
100
AcDbLine
 10
43.0
 20
224.0
 30
0.0
 11
43.0
 21
140.8
 31
0.0
  0
TEXT
  5
CC9
330
BF8
100
AcDbEntity
 67
1
  8
E-SEMA-YAZI
100
AcDbText
 10
44.4
 20
213.4
 30
0.0
 40
1.5
  1
N6
  7
GYM
 11
44.4
 21
213.4
 31
0.0
100
AcDbText
 73
2
  0
LINE
  5
CCA
330
BF8
100
AcDbEntity
 67
1
  8
E-SEMA-TEL
370
25
100
AcDbLine
 10
39.0
 20
218.0
 30
0.0
 11
39.0
 21
215.36
 31
0.0
  0
HATCH
  5
CCB
330
BF8
100
AcDbEntity
 67
1
  8
E-SEMA-SEMBOL
 62
7
100
AcDbHatch
 10
0.0
 20
0.0
 30
0.0
210
0.0
220
0.0
230
1.0
  2
SOLID
 70
1
 71
0
 91
1
 92
1
 93
1
 72
2
 10
39.0
 20
215.36
 40
0.35
 50
0.0
 51
360.0
 73
1
 97
0
 75
0
 76
1
 98
0
  0
LINE
  5
CCC
330
BF8
100
AcDbEntity
 67
1
  8
E-SEMA-SEMBOL
370
35
100
AcDbLine
 10
39.0
 20
215.36
 30
0.0
 11
42.6
 21
208.4
 31
0.0
  0
LINE
  5
CCD
330
BF8
100
AcDbEntity
 67
1
  8
E-SEMA-TEL
370
25
100
AcDbLine
 10
39.0
 20
207.92
 30
0.0
 11
39.0
 21
206.0
 31
0.0
  0
LWPOLYLINE
  5
CCE
330
BF8
100
AcDbEntity
 67
1
  8
E-SEMA-SEMBOL
370
25
100
AcDbPolyline
 90
4
 70
1
 10
39.9
 20
207.92
 10
41.3
 20
207.92
 10
41.3
 20
211.52
 10
39.9
 20
211.52
  0
TEXT
  5
CCF
330
BF8
100
AcDbEntity
 67
1
  8
E-SEMA-YAZI
100
AcDbText
 10
37.8
 20
217.4
 30
0.0
 40
1.5
  1
1
  7
GYM
 72
2
 11
37.8
 21
217.4
 31
0.0
100
AcDbText
 73
2
  0
TEXT
  5
CD0
330
BF8
100
AcDbEntity
 67
1
  8
E-SEMA-YAZI
100
AcDbText
 10
42.1
 20
208.0
 30
0.0
 40
1.5
  1
2
  7
GYM
 11
42.1
 21
208.0
 31
0.0
100
AcDbText
 73
2
  0
TEXT
  5
CD1
330
BF8
100
AcDbEntity
 67
1
  8
E-SEMA-YAZI
100
AcDbText
 10
35.6
 20
217.6
 30
0.0
 40
2.2
  1
-F25
  7
GYM
 72
2
 11
35.6
 21
217.6
 31
0.0
100
AcDbText
 73
2
  0
TEXT
  5
CD2
330
BF8
100
AcDbEntity
 67
1
  8
E-SEMA-YAZI
100
AcDbText
 10
35.6
 20
215.0
 30
0.0
 40
1.5
  1
16 A
  7
GYM
 72
2
 11
35.6
 21
215.0
 31
0.0
100
AcDbText
 73
2
  0
TEXT
  5
CD3
330
BF8
100
AcDbEntity
 67
1
  8
E-SEMA-YAZI
100
AcDbText
 10
35.6
 20
213.0
 30
0.0
 40
1.5
  1
1P C
  7
GYM
 72
2
 11
35.6
 21
213.0
 31
0.0
100
AcDbText
 73
2
  0
TEXT
  5
CD4
330
BF8
100
AcDbEntity
 67
1
  8
E-SEMA-YAZI
100
AcDbText
 10
35.6
 20
211.0
 30
0.0
 40
1.5
  1
6kA
  7
GYM
 72
2
 11
35.6
 21
211.0
 31
0.0
100
AcDbText
 73
2
  0
LINE
  5
CD5
330
BF8
100
AcDbEntity
 67
1
  8
E-SEMA-TEL
370
25
100
AcDbLine
 10
39.0
 20
206.0
 30
0.0
 11
39.0
 21
140.8
 31
0.0
  0
TEXT
  5
CD6
330
BF8
100
AcDbEntity
 67
1
  8
E-SEMA-YAZI
100
AcDbText
 10
37.6
 20
178.0
 30
0.0
 40
1.5
  1
35
 50
90.0
  7
GYM
 72
1
 11
37.6
 21
178.0
 31
0.0
100
AcDbText
 73
2
  0
HATCH
  5
CD7
330
BF8
100
AcDbEntity
 67
1
  8
E-SEMA-SEMBOL
 62
7
100
AcDbHatch
 10
0.0
 20
0.0
 30
0.0
210
0.0
220
0.0
230
1.0
  2
SOLID
 70
1
 71
0
 91
1
 92
1
 93
1
 72
2
 10
47.0
 20
150.0
 40
0.55
 50
0.0
 51
360.0
 73
1
 97
0
 75
0
 76
1
 98
0
  0
LINE
  5
CD8
330
BF8
100
AcDbEntity
 67
1
  8
E-SEMA-PE
  6
DASHDOT
370
25
100
AcDbLine
 10
47.0
 20
150.0
 30
0.0
 11
47.0
 21
140.8
 31
0.0
  0
CIRCLE
  5
CD9
330
BF8
100
AcDbEntity
 67
1
  8
E-SEMA-KLEMENS
370
25
100
AcDbCircle
 10
39.0
 20
140.0
 30
0.0
 40
0.8
  0
TEXT
  5
CDA
330
BF8
100
AcDbEntity
 67
1
  8
E-SEMA-YAZI
100
AcDbText
 10
37.4
 20
142.2
 30
0.0
 40
1.5
  1
25
  7
GYM
 72
2
 11
37.4
 21
142.2
 31
0.0
100
AcDbText
 73
2
  0
CIRCLE
  5
CDB
330
BF8
100
AcDbEntity
 67
1
  8
E-SEMA-KLEMENS
370
25
100
AcDbCircle
 10
43.0
 20
140.0
 30
0.0
 40
0.8
  0
TEXT
  5
CDC
330
BF8
100
AcDbEntity
 67
1
  8
E-SEMA-YAZI
100
AcDbText
 10
44.6
 20
142.2
 30
0.0
 40
1.5
  1
N6
  7
GYM
 11
44.6
 21
142.2
 31
0.0
100
AcDbText
 73
2
  0
CIRCLE
  5
CDD
330
BF8
100
AcDbEntity
 67
1
  8
E-SEMA-KLEMENS
370
25
100
AcDbCircle
 10
47.0
 20
140.0
 30
0.0
 40
0.8
  0
TEXT
  5
CDE
330
BF8
100
AcDbEntity
 67
1
  8
E-SEMA-YAZI
100
AcDbText
 10
48.6
 20
142.2
 30
0.0
 40
1.5
  1
PE
  7
GYM
 11
48.6
 21
142.2
 31
0.0
100
AcDbText
 73
2
  0
LINE
  5
CDF
330
BF8
100
AcDbEntity
 67
1
  8
E-SEMA-TEL
370
25
100
AcDbLine
 10
39.0
 20
139.2
 30
0.0
 11
39.0
 21
134.0
 31
0.0
  0
LINE
  5
CE0
330
BF8
100
AcDbEntity
 67
1
  8
E-SEMA-SEMBOL
370
25
100
AcDbLine
 10
36.8
 20
134.0
 30
0.0
 11
41.2
 21
134.0
 31
0.0
  0
TEXT
  5
CE1
330
BF8
100
AcDbEntity
 67
1
  8
E-SEMA-YAZI
100
AcDbText
 10
43.0
 20
103.0
 30
0.0
 40
2.8
  1
YEDEK
  7
GYM-B
 72
1
 11
43.0
 21
103.0
 31
0.0
100
AcDbText
 73
2
  0
TEXT
  5
CE2
330
BF8
100
AcDbEntity
 67
1
  8
E-SEMA-YAZI
100
AcDbText
 10
43.0
 20
97.0
 30
0.0
 40
1.8
  1
ileride yük bağlanacak
  7
GYM
 72
1
 11
43.0
 21
97.0
 31
0.0
100
AcDbText
 73
2
  0
TEXT
  5
CE3
330
BF8
100
AcDbEntity
 67
1
  8
E-SEMA-YAZI
100
AcDbText
 10
43.0
 20
94.4
 30
0.0
 40
1.8
  1
kaçak akım koruması hazır
  7
GYM
 72
1
 11
43.0
 21
94.4
 31
0.0
100
AcDbText
 73
2
  0
HATCH
  5
CE4
330
BF8
100
AcDbEntity
 67
1
  8
E-SEMA-SEMBOL
 62
7
100
AcDbHatch
 10
0.0
 20
0.0
 30
0.0
210
0.0
220
0.0
230
1.0
  2
SOLID
 70
1
 71
0
 91
1
 92
1
 93
1
 72
2
 10
86.5
 20
272.0
 40
0.55
 50
0.0
 51
360.0
 73
1
 97
0
 75
0
 76
1
 98
0
  0
LINE
  5
CE5
330
BF8
100
AcDbEntity
 67
1
  8
E-SEMA-TEL
370
25
100
AcDbLine
 10
86.5
 20
272.0
 30
0.0
 11
86.5
 21
218.0
 31
0.0
  0
HATCH
  5
CE6
330
BF8
100
AcDbEntity
 67
1
  8
E-SEMA-SEMBOL
 62
7
100
AcDbHatch
 10
0.0
 20
0.0
 30
0.0
210
0.0
220
0.0
230
1.0
  2
SOLID
 70
1
 71
0
 91
1
 92
1
 93
1
 72
2
 10
90.5
 20
257.0
 40
0.55
 50
0.0
 51
360.0
 73
1
 97
0
 75
0
 76
1
 98
0
  0
LINE
  5
CE7
330
BF8
100
AcDbEntity
 67
1
  8
E-SEMA-TEL
370
25
100
AcDbLine
 10
90.5
 20
257.0
 30
0.0
 11
90.5
 21
140.8
 31
0.0
  0
TEXT
  5
CE8
330
BF8
100
AcDbEntity
 67
1
  8
E-SEMA-YAZI
100
AcDbText
 10
91.9
 20
213.4
 30
0.0
 40
1.5
  1
N
  7
GYM
 11
91.9
 21
213.4
 31
0.0
100
AcDbText
 73
2
  0
TEXT
  5
CE9
330
BF8
100
AcDbEntity
 67
1
  8
E-SEMA-YAZI
100
AcDbText
 10
83.1
 20
233.0
 30
0.0
 40
1.5
  1
KAÇAK AKIM
  7
GYM
 72
2
 11
83.1
 21
233.0
 31
0.0
100
AcDbText
 73
2
  0
TEXT
  5
CEA
330
BF8
100
AcDbEntity
 67
1
  8
E-SEMA-YAZI
100
AcDbText
 10
83.1
 20
231.0
 30
0.0
 40
1.5
  1
RÖLESİ YOK
  7
GYM
 72
2
 11
83.1
 21
231.0
 31
0.0
100
AcDbText
 73
2
  0
TEXT
  5
CEB
330
BF8
100
AcDbEntity
 67
1
  8
E-SEMA-YAZI
100
AcDbText
 10
83.1
 20
229.0
 30
0.0
 40
1.5
  1
(kesintisiz)
  7
GYM
 72
2
 11
83.1
 21
229.0
 31
0.0
100
AcDbText
 73
2
  0
LINE
  5
CEC
330
BF8
100
AcDbEntity
 67
1
  8
E-SEMA-TEL
370
25
100
AcDbLine
 10
86.5
 20
218.0
 30
0.0
 11
86.5
 21
215.36
 31
0.0
  0
HATCH
  5
CED
330
BF8
100
AcDbEntity
 67
1
  8
E-SEMA-SEMBOL
 62
7
100
AcDbHatch
 10
0.0
 20
0.0
 30
0.0
210
0.0
220
0.0
230
1.0
  2
SOLID
 70
1
 71
0
 91
1
 92
1
 93
1
 72
2
 10
86.5
 20
215.36
 40
0.35
 50
0.0
 51
360.0
 73
1
 97
0
 75
0
 76
1
 98
0
  0
LINE
  5
CEE
330
BF8
100
AcDbEntity
 67
1
  8
E-SEMA-SEMBOL
370
35
100
AcDbLine
 10
86.5
 20
215.36
 30
0.0
 11
90.1
 21
208.4
 31
0.0
  0
LINE
  5
CEF
330
BF8
100
AcDbEntity
 67
1
  8
E-SEMA-TEL
370
25
100
AcDbLine
 10
86.5
 20
207.92
 30
0.0
 11
86.5
 21
206.0
 31
0.0
  0
LWPOLYLINE
  5
CF0
330
BF8
100
AcDbEntity
 67
1
  8
E-SEMA-SEMBOL
370
25
100
AcDbPolyline
 90
4
 70
1
 10
87.4
 20
207.92
 10
88.8
 20
207.92
 10
88.8
 20
211.52
 10
87.4
 20
211.52
  0
TEXT
  5
CF1
330
BF8
100
AcDbEntity
 67
1
  8
E-SEMA-YAZI
100
AcDbText
 10
85.3
 20
217.4
 30
0.0
 40
1.5
  1
1
  7
GYM
 72
2
 11
85.3
 21
217.4
 31
0.0
100
AcDbText
 73
2
  0
TEXT
  5
CF2
330
BF8
100
AcDbEntity
 67
1
  8
E-SEMA-YAZI
100
AcDbText
 10
89.6
 20
208.0
 30
0.0
 40
1.5
  1
2
  7
GYM
 11
89.6
 21
208.0
 31
0.0
100
AcDbText
 73
2
  0
TEXT
  5
CF3
330
BF8
100
AcDbEntity
 67
1
  8
E-SEMA-YAZI
100
AcDbText
 10
83.1
 20
217.6
 30
0.0
 40
2.2
  1
-F26
  7
GYM
 72
2
 11
83.1
 21
217.6
 31
0.0
100
AcDbText
 73
2
  0
TEXT
  5
CF4
330
BF8
100
AcDbEntity
 67
1
  8
E-SEMA-YAZI
100
AcDbText
 10
83.1
 20
215.0
 30
0.0
 40
1.5
  1
6 A
  7
GYM
 72
2
 11
83.1
 21
215.0
 31
0.0
100
AcDbText
 73
2
  0
TEXT
  5
CF5
330
BF8
100
AcDbEntity
 67
1
  8
E-SEMA-YAZI
100
AcDbText
 10
83.1
 20
213.0
 30
0.0
 40
1.5
  1
1P C
  7
GYM
 72
2
 11
83.1
 21
213.0
 31
0.0
100
AcDbText
 73
2
  0
TEXT
  5
CF6
330
BF8
100
AcDbEntity
 67
1
  8
E-SEMA-YAZI
100
AcDbText
 10
83.1
 20
211.0
 30
0.0
 40
1.5
  1
6kA
  7
GYM
 72
2
 11
83.1
 21
211.0
 31
0.0
100
AcDbText
 73
2
  0
LINE
  5
CF7
330
BF8
100
AcDbEntity
 67
1
  8
E-SEMA-TEL
370
25
100
AcDbLine
 10
86.5
 20
206.0
 30
0.0
 11
86.5
 21
140.8
 31
0.0
  0
TEXT
  5
CF8
330
BF8
100
AcDbEntity
 67
1
  8
E-SEMA-YAZI
100
AcDbText
 10
85.1
 20
178.0
 30
0.0
 40
1.5
  1
36
 50
90.0
  7
GYM
 72
1
 11
85.1
 21
178.0
 31
0.0
100
AcDbText
 73
2
  0
HATCH
  5
CF9
330
BF8
100
AcDbEntity
 67
1
  8
E-SEMA-SEMBOL
 62
7
100
AcDbHatch
 10
0.0
 20
0.0
 30
0.0
210
0.0
220
0.0
230
1.0
  2
SOLID
 70
1
 71
0
 91
1
 92
1
 93
1
 72
2
 10
94.5
 20
150.0
 40
0.55
 50
0.0
 51
360.0
 73
1
 97
0
 75
0
 76
1
 98
0
  0
LINE
  5
CFA
330
BF8
100
AcDbEntity
 67
1
  8
E-SEMA-PE
  6
DASHDOT
370
25
100
AcDbLine
 10
94.5
 20
150.0
 30
0.0
 11
94.5
 21
140.8
 31
0.0
  0
CIRCLE
  5
CFB
330
BF8
100
AcDbEntity
 67
1
  8
E-SEMA-KLEMENS
370
25
100
AcDbCircle
 10
86.5
 20
140.0
 30
0.0
 40
0.8
  0
TEXT
  5
CFC
330
BF8
100
AcDbEntity
 67
1
  8
E-SEMA-YAZI
100
AcDbText
 10
84.9
 20
142.2
 30
0.0
 40
1.5
  1
26
  7
GYM
 72
2
 11
84.9
 21
142.2
 31
0.0
100
AcDbText
 73
2
  0
CIRCLE
  5
CFD
330
BF8
100
AcDbEntity
 67
1
  8
E-SEMA-KLEMENS
370
25
100
AcDbCircle
 10
90.5
 20
140.0
 30
0.0
 40
0.8
  0
TEXT
  5
CFE
330
BF8
100
AcDbEntity
 67
1
  8
E-SEMA-YAZI
100
AcDbText
 10
92.1
 20
142.2
 30
0.0
 40
1.5
  1
N
  7
GYM
 11
92.1
 21
142.2
 31
0.0
100
AcDbText
 73
2
  0
CIRCLE
  5
CFF
330
BF8
100
AcDbEntity
 67
1
  8
E-SEMA-KLEMENS
370
25
100
AcDbCircle
 10
94.5
 20
140.0
 30
0.0
 40
0.8
  0
TEXT
  5
D00
330
BF8
100
AcDbEntity
 67
1
  8
E-SEMA-YAZI
100
AcDbText
 10
96.1
 20
142.2
 30
0.0
 40
1.5
  1
PE
  7
GYM
 11
96.1
 21
142.2
 31
0.0
100
AcDbText
 73
2
  0
LINE
  5
D01
330
BF8
100
AcDbEntity
 67
1
  8
E-SEMA-TEL
370
25
100
AcDbLine
 10
86.5
 20
139.2
 30
0.0
 11
86.5
 21
124.0
 31
0.0
  0
LINE
  5
D02
330
BF8
100
AcDbEntity
 67
1
  8
E-SEMA-TEL
370
25
100
AcDbLine
 10
90.5
 20
139.2
 30
0.0
 11
90.5
 21
124.0
 31
0.0
  0
LINE
  5
D03
330
BF8
100
AcDbEntity
 67
1
  8
E-SEMA-PE
  6
DASHDOT
370
25
100
AcDbLine
 10
94.5
 20
139.2
 30
0.0
 11
94.5
 21
124.0
 31
0.0
  0
TEXT
  5
D04
330
BF8
100
AcDbEntity
 67
1
  8
E-SEMA-YAZI
100
AcDbText
 10
90.5
 20
131.0
 30
0.0
 40
1.5
  1
3×2,5 JE-H(St)H
  7
GYM
 72
1
 11
90.5
 21
131.0
 31
0.0
100
AcDbText
 73
2
  0
LINE
  5
D05
330
BF8
100
AcDbEntity
 67
1
  8
E-SEMA-YAZI
370
13
100
AcDbLine
 10
83.5
 20
132.6
 30
0.0
 11
97.5
 21
132.6
 31
0.0
  0
LWPOLYLINE
  5
D06
330
BF8
100
AcDbEntity
 67
1
  8
E-SEMA-YUK
  6
DASHED
370
18
100
AcDbPolyline
 90
4
 70
1
 10
84.4
 20
110.0
 10
96.60000000000001
 20
110.0
 10
96.60000000000001
 20
124.0
 10
84.4
 20
124.0
  0
LWPOLYLINE
  5
D07
330
BF8
100
AcDbEntity
 67
1
  8
E-SEMA-YUK
370
18
100
AcDbPolyline
 90
4
 70
1
 10
86.30000000000001
 20
111.4
 10
87.9
 20
111.4
 10
87.9
 20
122.6
 10
86.30000000000001
 20
122.6
  0
TEXT
  5
D08
330
BF8
100
AcDbEntity
 67
1
  8
E-SEMA-YUK
100
AcDbText
 10
87.10000000000001
 20
123.5
 30
0.0
 40
1.5
  1
L
  7
GYM
 72
1
 11
87.10000000000001
 21
123.5
 31
0.0
100
AcDbText
 73
2
  0
LWPOLYLINE
  5
D09
330
BF8
100
AcDbEntity
 67
1
  8
E-SEMA-YUK
370
18
100
AcDbPolyline
 90
4
 70
1
 10
89.70000000000002
 20
111.4
 10
91.30000000000001
 20
111.4
 10
91.30000000000001
 20
122.6
 10
89.70000000000002
 20
122.6
  0
TEXT
  5
D0A
330
BF8
100
AcDbEntity
 67
1
  8
E-SEMA-YUK
100
AcDbText
 10
90.50000000000001
 20
123.5
 30
0.0
 40
1.5
  1
N
  7
GYM
 72
1
 11
90.50000000000001
 21
123.5
 31
0.0
100
AcDbText
 73
2
  0
LWPOLYLINE
  5
D0B
330
BF8
100
AcDbEntity
 67
1
  8
E-SEMA-YUK
370
18
100
AcDbPolyline
 90
4
 70
1
 10
93.10000000000001
 20
111.4
 10
94.7
 20
111.4
 10
94.7
 20
122.6
 10
93.10000000000001
 20
122.6
  0
TEXT
  5
D0C
330
BF8
100
AcDbEntity
 67
1
  8
E-SEMA-YUK
100
AcDbText
 10
93.9
 20
123.5
 30
0.0
 40
1.5
  1
PE
  7
GYM
 72
1
 11
93.9
 21
123.5
 31
0.0
100
AcDbText
 73
2
  0
TEXT
  5
D0D
330
BF8
100
AcDbEntity
 67
1
  8
E-SEMA-YAZI
100
AcDbText
 10
90.5
 20
103.0
 30
0.0
 40
2.8
  1
Z2
  7
GYM-B
 72
1
 11
90.5
 21
103.0
 31
0.0
100
AcDbText
 73
2
  0
TEXT
  5
D0E
330
BF8
100
AcDbEntity
 67
1
  8
E-SEMA-YAZI
100
AcDbText
 10
90.5
 20
97.0
 30
0.0
 40
1.8
  1
Yangın algılama paneli
  7
GYM
 72
1
 11
90.5
 21
97.0
 31
0.0
100
AcDbText
 73
2
  0
TEXT
  5
D0F
330
BF8
100
AcDbEntity
 67
1
  8
E-SEMA-YAZI
100
AcDbText
 10
90.5
 20
94.4
 30
0.0
 40
1.8
  1
(kesintisiz)
  7
GYM
 72
1
 11
90.5
 21
94.4
 31
0.0
100
AcDbText
 73
2
  0
TEXT
  5
D10
330
BF8
100
AcDbEntity
 67
1
  8
E-SEMA-YAZI
100
AcDbText
 10
26.0
 20
140.0
 30
0.0
 40
2.2
  1
-X1
  7
GYM-B
 11
26.0
 21
140.0
 31
0.0
100
AcDbText
 73
2
  0
ENDBLK
  5
BFA
330
BF8
100
AcDbEntity
  8
0
100
AcDbBlockEnd
  0
BLOCK
  5
D12
330
D11
100
AcDbEntity
  8
0
100
AcDbBlockBegin
  2
*Paper_Space8
 70
0
 10
0.0
 20
0.0
 30
0.0
  3
*Paper_Space8
  1

  0
VIEWPORT
  5
D15
330
D11
100
AcDbEntity
 67
1
  8
VIEWPORTS
100
AcDbViewport
 10
210.0
 20
148.5
 30
0.0
 40
462.00000000000006
 41
326.70000000000005
 68
1
 69
1
 12
210.0
 22
148.5
 13
0.0
 23
0.0
 14
10.0
 24
10.0
 15
10.0
 25
10.0
 16
0.0
 26
0.0
 36
1.0
 17
0.0
 27
0.0
 37
0.0
 42
50.0
 43
0.0
 44
0.0
 45
326.70000000000005
 50
0.0
 51
0.0
 72
100
 90
557088
  1

281
0
 71
0
 74
0
110
0.0
120
0.0
130
0.0
111
1.0
121
0.0
131
0.0
112
0.0
122
1.0
132
0.0
 79
0
146
0.0
282
0
  0
LWPOLYLINE
  5
D16
330
D11
100
AcDbEntity
 67
1
  8
E-SEMA-ANTET
370
70
100
AcDbPolyline
 90
4
 70
1
 10
20.0
 20
10.0
 10
410.0
 20
10.0
 10
410.0
 20
287.0
 10
20.0
 20
287.0
  0
LWPOLYLINE
  5
D17
330
D11
100
AcDbEntity
 67
1
  8
E-SEMA-ZON
370
18
100
AcDbPolyline
 90
4
 70
1
 10
25.0
 20
32.0
 10
405.0
 20
32.0
 10
405.0
 20
282.0
 10
25.0
 20
282.0
  0
TEXT
  5
D18
330
D11
100
AcDbEntity
 67
1
  8
E-SEMA-ZON
100
AcDbText
 10
48.75
 20
284.5
 30
0.0
 40
2.2
  1
0
  7
GYM
 72
1
 11
48.75
 21
284.5
 31
0.0
100
AcDbText
 73
2
  0
LINE
  5
D19
330
D11
100
AcDbEntity
 67
1
  8
E-SEMA-ZON
370
18
100
AcDbLine
 10
72.5
 20
282.0
 30
0.0
 11
72.5
 21
287.0
 31
0.0
  0
LINE
  5
D1A
330
D11
100
AcDbEntity
 67
1
  8
E-SEMA-ZON
370
18
100
AcDbLine
 10
72.5
 20
32.0
 30
0.0
 11
72.5
 21
32.0
 31
0.0
  0
TEXT
  5
D1B
330
D11
100
AcDbEntity
 67
1
  8
E-SEMA-ZON
100
AcDbText
 10
96.25
 20
284.5
 30
0.0
 40
2.2
  1
1
  7
GYM
 72
1
 11
96.25
 21
284.5
 31
0.0
100
AcDbText
 73
2
  0
LINE
  5
D1C
330
D11
100
AcDbEntity
 67
1
  8
E-SEMA-ZON
370
18
100
AcDbLine
 10
120.0
 20
282.0
 30
0.0
 11
120.0
 21
287.0
 31
0.0
  0
LINE
  5
D1D
330
D11
100
AcDbEntity
 67
1
  8
E-SEMA-ZON
370
18
100
AcDbLine
 10
120.0
 20
32.0
 30
0.0
 11
120.0
 21
32.0
 31
0.0
  0
TEXT
  5
D1E
330
D11
100
AcDbEntity
 67
1
  8
E-SEMA-ZON
100
AcDbText
 10
143.75
 20
284.5
 30
0.0
 40
2.2
  1
2
  7
GYM
 72
1
 11
143.75
 21
284.5
 31
0.0
100
AcDbText
 73
2
  0
LINE
  5
D1F
330
D11
100
AcDbEntity
 67
1
  8
E-SEMA-ZON
370
18
100
AcDbLine
 10
167.5
 20
282.0
 30
0.0
 11
167.5
 21
287.0
 31
0.0
  0
LINE
  5
D20
330
D11
100
AcDbEntity
 67
1
  8
E-SEMA-ZON
370
18
100
AcDbLine
 10
167.5
 20
32.0
 30
0.0
 11
167.5
 21
32.0
 31
0.0
  0
TEXT
  5
D21
330
D11
100
AcDbEntity
 67
1
  8
E-SEMA-ZON
100
AcDbText
 10
191.25
 20
284.5
 30
0.0
 40
2.2
  1
3
  7
GYM
 72
1
 11
191.25
 21
284.5
 31
0.0
100
AcDbText
 73
2
  0
LINE
  5
D22
330
D11
100
AcDbEntity
 67
1
  8
E-SEMA-ZON
370
18
100
AcDbLine
 10
215.0
 20
282.0
 30
0.0
 11
215.0
 21
287.0
 31
0.0
  0
LINE
  5
D23
330
D11
100
AcDbEntity
 67
1
  8
E-SEMA-ZON
370
18
100
AcDbLine
 10
215.0
 20
32.0
 30
0.0
 11
215.0
 21
32.0
 31
0.0
  0
TEXT
  5
D24
330
D11
100
AcDbEntity
 67
1
  8
E-SEMA-ZON
100
AcDbText
 10
238.75
 20
284.5
 30
0.0
 40
2.2
  1
4
  7
GYM
 72
1
 11
238.75
 21
284.5
 31
0.0
100
AcDbText
 73
2
  0
LINE
  5
D25
330
D11
100
AcDbEntity
 67
1
  8
E-SEMA-ZON
370
18
100
AcDbLine
 10
262.5
 20
282.0
 30
0.0
 11
262.5
 21
287.0
 31
0.0
  0
LINE
  5
D26
330
D11
100
AcDbEntity
 67
1
  8
E-SEMA-ZON
370
18
100
AcDbLine
 10
262.5
 20
32.0
 30
0.0
 11
262.5
 21
32.0
 31
0.0
  0
TEXT
  5
D27
330
D11
100
AcDbEntity
 67
1
  8
E-SEMA-ZON
100
AcDbText
 10
286.25
 20
284.5
 30
0.0
 40
2.2
  1
5
  7
GYM
 72
1
 11
286.25
 21
284.5
 31
0.0
100
AcDbText
 73
2
  0
LINE
  5
D28
330
D11
100
AcDbEntity
 67
1
  8
E-SEMA-ZON
370
18
100
AcDbLine
 10
310.0
 20
282.0
 30
0.0
 11
310.0
 21
287.0
 31
0.0
  0
LINE
  5
D29
330
D11
100
AcDbEntity
 67
1
  8
E-SEMA-ZON
370
18
100
AcDbLine
 10
310.0
 20
32.0
 30
0.0
 11
310.0
 21
32.0
 31
0.0
  0
TEXT
  5
D2A
330
D11
100
AcDbEntity
 67
1
  8
E-SEMA-ZON
100
AcDbText
 10
333.75
 20
284.5
 30
0.0
 40
2.2
  1
6
  7
GYM
 72
1
 11
333.75
 21
284.5
 31
0.0
100
AcDbText
 73
2
  0
LINE
  5
D2B
330
D11
100
AcDbEntity
 67
1
  8
E-SEMA-ZON
370
18
100
AcDbLine
 10
357.5
 20
282.0
 30
0.0
 11
357.5
 21
287.0
 31
0.0
  0
LINE
  5
D2C
330
D11
100
AcDbEntity
 67
1
  8
E-SEMA-ZON
370
18
100
AcDbLine
 10
357.5
 20
32.0
 30
0.0
 11
357.5
 21
32.0
 31
0.0
  0
TEXT
  5
D2D
330
D11
100
AcDbEntity
 67
1
  8
E-SEMA-ZON
100
AcDbText
 10
381.25
 20
284.5
 30
0.0
 40
2.2
  1
7
  7
GYM
 72
1
 11
381.25
 21
284.5
 31
0.0
100
AcDbText
 73
2
  0
TEXT
  5
D2E
330
D11
100
AcDbEntity
 67
1
  8
E-SEMA-ZON
100
AcDbText
 10
22.5
 20
261.1666666666667
 30
0.0
 40
2.2
  1
A
  7
GYM
 72
1
 11
22.5
 21
261.1666666666667
 31
0.0
100
AcDbText
 73
2
  0
TEXT
  5
D2F
330
D11
100
AcDbEntity
 67
1
  8
E-SEMA-ZON
100
AcDbText
 10
407.5
 20
261.1666666666667
 30
0.0
 40
2.2
  1
A
  7
GYM
 72
1
 11
407.5
 21
261.1666666666667
 31
0.0
100
AcDbText
 73
2
  0
LINE
  5
D30
330
D11
100
AcDbEntity
 67
1
  8
E-SEMA-ZON
370
18
100
AcDbLine
 10
20.0
 20
240.33333333333334
 30
0.0
 11
25.0
 21
240.33333333333334
 31
0.0
  0
LINE
  5
D31
330
D11
100
AcDbEntity
 67
1
  8
E-SEMA-ZON
370
18
100
AcDbLine
 10
405.0
 20
240.33333333333334
 30
0.0
 11
410.0
 21
240.33333333333334
 31
0.0
  0
TEXT
  5
D32
330
D11
100
AcDbEntity
 67
1
  8
E-SEMA-ZON
100
AcDbText
 10
22.5
 20
219.50000000000003
 30
0.0
 40
2.2
  1
B
  7
GYM
 72
1
 11
22.5
 21
219.50000000000003
 31
0.0
100
AcDbText
 73
2
  0
TEXT
  5
D33
330
D11
100
AcDbEntity
 67
1
  8
E-SEMA-ZON
100
AcDbText
 10
407.5
 20
219.50000000000003
 30
0.0
 40
2.2
  1
B
  7
GYM
 72
1
 11
407.5
 21
219.50000000000003
 31
0.0
100
AcDbText
 73
2
  0
LINE
  5
D34
330
D11
100
AcDbEntity
 67
1
  8
E-SEMA-ZON
370
18
100
AcDbLine
 10
20.0
 20
198.66666666666666
 30
0.0
 11
25.0
 21
198.66666666666666
 31
0.0
  0
LINE
  5
D35
330
D11
100
AcDbEntity
 67
1
  8
E-SEMA-ZON
370
18
100
AcDbLine
 10
405.0
 20
198.66666666666666
 30
0.0
 11
410.0
 21
198.66666666666666
 31
0.0
  0
TEXT
  5
D36
330
D11
100
AcDbEntity
 67
1
  8
E-SEMA-ZON
100
AcDbText
 10
22.5
 20
177.83333333333334
 30
0.0
 40
2.2
  1
C
  7
GYM
 72
1
 11
22.5
 21
177.83333333333334
 31
0.0
100
AcDbText
 73
2
  0
TEXT
  5
D37
330
D11
100
AcDbEntity
 67
1
  8
E-SEMA-ZON
100
AcDbText
 10
407.5
 20
177.83333333333334
 30
0.0
 40
2.2
  1
C
  7
GYM
 72
1
 11
407.5
 21
177.83333333333334
 31
0.0
100
AcDbText
 73
2
  0
LINE
  5
D38
330
D11
100
AcDbEntity
 67
1
  8
E-SEMA-ZON
370
18
100
AcDbLine
 10
20.0
 20
157.0
 30
0.0
 11
25.0
 21
157.0
 31
0.0
  0
LINE
  5
D39
330
D11
100
AcDbEntity
 67
1
  8
E-SEMA-ZON
370
18
100
AcDbLine
 10
405.0
 20
157.0
 30
0.0
 11
410.0
 21
157.0
 31
0.0
  0
TEXT
  5
D3A
330
D11
100
AcDbEntity
 67
1
  8
E-SEMA-ZON
100
AcDbText
 10
22.5
 20
136.16666666666669
 30
0.0
 40
2.2
  1
D
  7
GYM
 72
1
 11
22.5
 21
136.16666666666669
 31
0.0
100
AcDbText
 73
2
  0
TEXT
  5
D3B
330
D11
100
AcDbEntity
 67
1
  8
E-SEMA-ZON
100
AcDbText
 10
407.5
 20
136.16666666666669
 30
0.0
 40
2.2
  1
D
  7
GYM
 72
1
 11
407.5
 21
136.16666666666669
 31
0.0
100
AcDbText
 73
2
  0
LINE
  5
D3C
330
D11
100
AcDbEntity
 67
1
  8
E-SEMA-ZON
370
18
100
AcDbLine
 10
20.0
 20
115.33333333333334
 30
0.0
 11
25.0
 21
115.33333333333334
 31
0.0
  0
LINE
  5
D3D
330
D11
100
AcDbEntity
 67
1
  8
E-SEMA-ZON
370
18
100
AcDbLine
 10
405.0
 20
115.33333333333334
 30
0.0
 11
410.0
 21
115.33333333333334
 31
0.0
  0
TEXT
  5
D3E
330
D11
100
AcDbEntity
 67
1
  8
E-SEMA-ZON
100
AcDbText
 10
22.5
 20
94.50000000000001
 30
0.0
 40
2.2
  1
E
  7
GYM
 72
1
 11
22.5
 21
94.50000000000001
 31
0.0
100
AcDbText
 73
2
  0
TEXT
  5
D3F
330
D11
100
AcDbEntity
 67
1
  8
E-SEMA-ZON
100
AcDbText
 10
407.5
 20
94.50000000000001
 30
0.0
 40
2.2
  1
E
  7
GYM
 72
1
 11
407.5
 21
94.50000000000001
 31
0.0
100
AcDbText
 73
2
  0
LINE
  5
D40
330
D11
100
AcDbEntity
 67
1
  8
E-SEMA-ZON
370
18
100
AcDbLine
 10
20.0
 20
73.66666666666666
 30
0.0
 11
25.0
 21
73.66666666666666
 31
0.0
  0
LINE
  5
D41
330
D11
100
AcDbEntity
 67
1
  8
E-SEMA-ZON
370
18
100
AcDbLine
 10
405.0
 20
73.66666666666666
 30
0.0
 11
410.0
 21
73.66666666666666
 31
0.0
  0
TEXT
  5
D42
330
D11
100
AcDbEntity
 67
1
  8
E-SEMA-ZON
100
AcDbText
 10
22.5
 20
52.83333333333333
 30
0.0
 40
2.2
  1
F
  7
GYM
 72
1
 11
22.5
 21
52.83333333333333
 31
0.0
100
AcDbText
 73
2
  0
TEXT
  5
D43
330
D11
100
AcDbEntity
 67
1
  8
E-SEMA-ZON
100
AcDbText
 10
407.5
 20
52.83333333333333
 30
0.0
 40
2.2
  1
F
  7
GYM
 72
1
 11
407.5
 21
52.83333333333333
 31
0.0
100
AcDbText
 73
2
  0
LWPOLYLINE
  5
D44
330
D11
100
AcDbEntity
 67
1
  8
E-SEMA-ANTET
370
50
100
AcDbPolyline
 90
4
 70
1
 10
20.0
 20
10.0
 10
410.0
 20
10.0
 10
410.0
 20
32.0
 10
20.0
 20
32.0
  0
LINE
  5
D45
330
D11
100
AcDbEntity
 67
1
  8
E-SEMA-ANTET
370
18
100
AcDbLine
 10
20.0
 20
15.5
 30
0.0
 11
410.0
 21
15.5
 31
0.0
  0
LINE
  5
D46
330
D11
100
AcDbEntity
 67
1
  8
E-SEMA-ANTET
370
18
100
AcDbLine
 10
20.0
 20
21.0
 30
0.0
 11
410.0
 21
21.0
 31
0.0
  0
LINE
  5
D47
330
D11
100
AcDbEntity
 67
1
  8
E-SEMA-ANTET
370
18
100
AcDbLine
 10
20.0
 20
26.5
 30
0.0
 11
410.0
 21
26.5
 31
0.0
  0
LINE
  5
D48
330
D11
100
AcDbEntity
 67
1
  8
E-SEMA-ANTET
370
18
100
AcDbLine
 10
64.0
 20
10.0
 30
0.0
 11
64.0
 21
32.0
 31
0.0
  0
LINE
  5
D49
330
D11
100
AcDbEntity
 67
1
  8
E-SEMA-ANTET
370
18
100
AcDbLine
 10
96.0
 20
10.0
 30
0.0
 11
96.0
 21
32.0
 31
0.0
  0
LINE
  5
D4A
330
D11
100
AcDbEntity
 67
1
  8
E-SEMA-ANTET
370
18
100
AcDbLine
 10
282.0
 20
10.0
 30
0.0
 11
282.0
 21
32.0
 31
0.0
  0
LINE
  5
D4B
330
D11
100
AcDbEntity
 67
1
  8
E-SEMA-ANTET
370
18
100
AcDbLine
 10
316.0
 20
10.0
 30
0.0
 11
316.0
 21
32.0
 31
0.0
  0
LINE
  5
D4C
330
D11
100
AcDbEntity
 67
1
  8
E-SEMA-ANTET
370
18
100
AcDbLine
 10
356.0
 20
10.0
 30
0.0
 11
356.0
 21
32.0
 31
0.0
  0
TEXT
  5
D4D
330
D11
100
AcDbEntity
 67
1
  8
E-SEMA-ANTET
100
AcDbText
 10
20.8
 20
30.2
 30
0.0
 40
1.5
  1
Drawn By /
  7
GYM
 11
20.8
 21
30.2
 31
0.0
100
AcDbText
 73
2
  0
TEXT
  5
D4E
330
D11
100
AcDbEntity
 67
1
  8
E-SEMA-ANTET
100
AcDbText
 10
20.8
 20
28.3
 30
0.0
 40
1.5
  1
Çizen
  7
GYM
 11
20.8
 21
28.3
 31
0.0
100
AcDbText
 73
2
  0
TEXT
  5
D4F
330
D11
100
AcDbEntity
 67
1
  8
E-SEMA-ANTET
100
AcDbText
 10
62.4
 20
29.25
 30
0.0
 40
1.8
  1
CC
  7
GYM
 72
2
 11
62.4
 21
29.25
 31
0.0
100
AcDbText
 73
2
  0
TEXT
  5
D50
330
D11
100
AcDbEntity
 67
1
  8
E-SEMA-ANTET
100
AcDbText
 10
20.8
 20
24.7
 30
0.0
 40
1.5
  1
Checked By /
  7
GYM
 11
20.8
 21
24.7
 31
0.0
100
AcDbText
 73
2
  0
TEXT
  5
D51
330
D11
100
AcDbEntity
 67
1
  8
E-SEMA-ANTET
100
AcDbText
 10
20.8
 20
22.8
 30
0.0
 40
1.5
  1
Kontrol Eden
  7
GYM
 11
20.8
 21
22.8
 31
0.0
100
AcDbText
 73
2
  0
TEXT
  5
D52
330
D11
100
AcDbEntity
 67
1
  8
E-SEMA-ANTET
100
AcDbText
 10
62.4
 20
23.75
 30
0.0
 40
1.8
  1
—
  7
GYM
 72
2
 11
62.4
 21
23.75
 31
0.0
100
AcDbText
 73
2
  0
TEXT
  5
D53
330
D11
100
AcDbEntity
 67
1
  8
E-SEMA-ANTET
100
AcDbText
 10
20.8
 20
19.2
 30
0.0
 40
1.5
  1
Approved By /
  7
GYM
 11
20.8
 21
19.2
 31
0.0
100
AcDbText
 73
2
  0
TEXT
  5
D54
330
D11
100
AcDbEntity
 67
1
  8
E-SEMA-ANTET
100
AcDbText
 10
20.8
 20
17.3
 30
0.0
 40
1.5
  1
Onaylayan
  7
GYM
 11
20.8
 21
17.3
 31
0.0
100
AcDbText
 73
2
  0
TEXT
  5
D55
330
D11
100
AcDbEntity
 67
1
  8
E-SEMA-ANTET
100
AcDbText
 10
62.4
 20
18.25
 30
0.0
 40
1.8
  1
—
  7
GYM
 72
2
 11
62.4
 21
18.25
 31
0.0
100
AcDbText
 73
2
  0
TEXT
  5
D56
330
D11
100
AcDbEntity
 67
1
  8
E-SEMA-ANTET
100
AcDbText
 10
20.8
 20
13.7
 30
0.0
 40
1.5
  1
Project Date /
  7
GYM
 11
20.8
 21
13.7
 31
0.0
100
AcDbText
 73
2
  0
TEXT
  5
D57
330
D11
100
AcDbEntity
 67
1
  8
E-SEMA-ANTET
100
AcDbText
 10
20.8
 20
11.8
 30
0.0
 40
1.5
  1
Proje Tarihi
  7
GYM
 11
20.8
 21
11.8
 31
0.0
100
AcDbText
 73
2
  0
TEXT
  5
D58
330
D11
100
AcDbEntity
 67
1
  8
E-SEMA-ANTET
100
AcDbText
 10
62.4
 20
12.75
 30
0.0
 40
1.8
  1
17 Eylül 2026
  7
GYM
 72
2
 11
62.4
 21
12.75
 31
0.0
100
AcDbText
 73
2
  0
TEXT
  5
D59
330
D11
100
AcDbEntity
 67
1
  8
E-SEMA-ANTET
100
AcDbText
 10
64.8
 20
30.2
 30
0.0
 40
1.5
  1
Customer Name /
  7
GYM
 11
64.8
 21
30.2
 31
0.0
100
AcDbText
 73
2
  0
TEXT
  5
D5A
330
D11
100
AcDbEntity
 67
1
  8
E-SEMA-ANTET
100
AcDbText
 10
64.8
 20
28.3
 30
0.0
 40
1.5
  1
Müşteri Adı
  7
GYM
 11
64.8
 21
28.3
 31
0.0
100
AcDbText
 73
2
  0
TEXT
  5
D5B
330
D11
100
AcDbEntity
 67
1
  8
E-SEMA-ANTET
100
AcDbText
 10
97.2
 20
29.25
 30
0.0
 40
2.2
  1
ÖZEL — MALTEPE / İDEALTEPE
  7
GYM
 11
97.2
 21
29.25
 31
0.0
100
AcDbText
 73
2
  0
TEXT
  5
D5C
330
D11
100
AcDbEntity
 67
1
  8
E-SEMA-ANTET
100
AcDbText
 10
64.8
 20
24.7
 30
0.0
 40
1.5
  1
Project Description /
  7
GYM
 11
64.8
 21
24.7
 31
0.0
100
AcDbText
 73
2
  0
TEXT
  5
D5D
330
D11
100
AcDbEntity
 67
1
  8
E-SEMA-ANTET
100
AcDbText
 10
64.8
 20
22.8
 30
0.0
 40
1.5
  1
Proje Açıklaması
  7
GYM
 11
64.8
 21
22.8
 31
0.0
100
AcDbText
 73
2
  0
TEXT
  5
D5E
330
D11
100
AcDbEntity
 67
1
  8
E-SEMA-ANTET
100
AcDbText
 10
97.2
 20
23.75
 30
0.0
 40
2.2
  1
MOBİLYA MAĞAZASI → FONKSİYONEL ANTRENMAN STÜDYOSU
  7
GYM
 11
97.2
 21
23.75
 31
0.0
100
AcDbText
 73
2
  0
TEXT
  5
D5F
330
D11
100
AcDbEntity
 67
1
  8
E-SEMA-ANTET
100
AcDbText
 10
64.8
 20
19.2
 30
0.0
 40
1.5
  1
Panel Name /
  7
GYM
 11
64.8
 21
19.2
 31
0.0
100
AcDbText
 73
2
  0
TEXT
  5
D60
330
D11
100
AcDbEntity
 67
1
  8
E-SEMA-ANTET
100
AcDbText
 10
64.8
 20
17.3
 30
0.0
 40
1.5
  1
Pano Adı
  7
GYM
 11
64.8
 21
17.3
 31
0.0
100
AcDbText
 73
2
  0
TEXT
  5
D61
330
D11
100
AcDbEntity
 67
1
  8
E-SEMA-ANTET
100
AcDbText
 10
97.2
 20
18.25
 30
0.0
 40
2.2
  1
ADP
  7
GYM
 11
97.2
 21
18.25
 31
0.0
100
AcDbText
 73
2
  0
TEXT
  5
D62
330
D11
100
AcDbEntity
 67
1
  8
E-SEMA-ANTET
100
AcDbText
 10
64.8
 20
13.7
 30
0.0
 40
1.5
  1
Page Description /
  7
GYM
 11
64.8
 21
13.7
 31
0.0
100
AcDbText
 73
2
  0
TEXT
  5
D63
330
D11
100
AcDbEntity
 67
1
  8
E-SEMA-ANTET
100
AcDbText
 10
64.8
 20
11.8
 30
0.0
 40
1.5
  1
Sayfa Açıklaması
  7
GYM
 11
64.8
 21
11.8
 31
0.0
100
AcDbText
 73
2
  0
TEXT
  5
D64
330
D11
100
AcDbEntity
 67
1
  8
E-SEMA-ANTET
100
AcDbText
 10
97.2
 20
12.75
 30
0.0
 40
2.2
  1
Terminal Diagram / Klemens Planı
  7
GYM
 11
97.2
 21
12.75
 31
0.0
100
AcDbText
 73
2
  0
TEXT
  5
D65
330
D11
100
AcDbEntity
 67
1
  8
E-SEMA-ANTET
100
AcDbText
 10
282.8
 20
30.2
 30
0.0
 40
1.5
  1
Project Number /
  7
GYM
 11
282.8
 21
30.2
 31
0.0
100
AcDbText
 73
2
  0
TEXT
  5
D66
330
D11
100
AcDbEntity
 67
1
  8
E-SEMA-ANTET
100
AcDbText
 10
282.8
 20
28.3
 30
0.0
 40
1.5
  1
Proje Numarası
  7
GYM
 11
282.8
 21
28.3
 31
0.0
100
AcDbText
 73
2
  0
TEXT
  5
D67
330
D11
100
AcDbEntity
 67
1
  8
E-SEMA-ANTET
100
AcDbText
 10
317.2
 20
29.25
 30
0.0
 40
2.8
  1
GYM-25-001-001
  7
GYM-B
 11
317.2
 21
29.25
 31
0.0
100
AcDbText
 73
2
  0
TEXT
  5
D68
330
D11
100
AcDbEntity
 67
1
  8
E-SEMA-ANTET
100
AcDbText
 10
282.8
 20
19.2
 30
0.0
 40
1.5
  1
Revision /
  7
GYM
 11
282.8
 21
19.2
 31
0.0
100
AcDbText
 73
2
  0
TEXT
  5
D69
330
D11
100
AcDbEntity
 67
1
  8
E-SEMA-ANTET
100
AcDbText
 10
282.8
 20
17.3
 30
0.0
 40
1.5
  1
Revizyon
  7
GYM
 11
282.8
 21
17.3
 31
0.0
100
AcDbText
 73
2
  0
TEXT
  5
D6A
330
D11
100
AcDbEntity
 67
1
  8
E-SEMA-ANTET
100
AcDbText
 10
317.2
 20
18.25
 30
0.0
 40
2.2
  1
Rev H
  7
GYM
 11
317.2
 21
18.25
 31
0.0
100
AcDbText
 73
2
  0
TEXT
  5
D6B
330
D11
100
AcDbEntity
 67
1
  8
E-SEMA-ANTET
100
AcDbText
 10
282.8
 20
13.7
 30
0.0
 40
1.5
  1
Standards /
  7
GYM
 11
282.8
 21
13.7
 31
0.0
100
AcDbText
 73
2
  0
TEXT
  5
D6C
330
D11
100
AcDbEntity
 67
1
  8
E-SEMA-ANTET
100
AcDbText
 10
282.8
 20
11.8
 30
0.0
 40
1.5
  1
Standartlar
  7
GYM
 11
282.8
 21
11.8
 31
0.0
100
AcDbText
 73
2
  0
TEXT
  5
D6D
330
D11
100
AcDbEntity
 67
1
  8
E-SEMA-ANTET
100
AcDbText
 10
317.2
 20
12.75
 30
0.0
 40
1.5
  1
IEC 61439-1&2 · IEC 60617
  7
GYM
 11
317.2
 21
12.75
 31
0.0
100
AcDbText
 73
2
  0
TEXT
  5
D6E
330
D11
100
AcDbEntity
 67
1
  8
E-SEMA-ANTET
100
AcDbText
 10
357.2
 20
30.25
 30
0.0
 40
1.5
  1
Sheet: /
  7
GYM
 11
357.2
 21
30.25
 31
0.0
100
AcDbText
 73
2
  0
TEXT
  5
D6F
330
D11
100
AcDbEntity
 67
1
  8
E-SEMA-ANTET
100
AcDbText
 10
357.2
 20
27.85
 30
0.0
 40
1.5
  1
Sayfa
  7
GYM
 11
357.2
 21
27.85
 31
0.0
100
AcDbText
 73
2
  0
TEXT
  5
D70
330
D11
100
AcDbEntity
 67
1
  8
E-SEMA-ANTET
100
AcDbText
 10
408.0
 20
29.25
 30
0.0
 40
2.8
  1
9
  7
GYM-B
 72
2
 11
408.0
 21
29.25
 31
0.0
100
AcDbText
 73
2
  0
TEXT
  5
D71
330
D11
100
AcDbEntity
 67
1
  8
E-SEMA-ANTET
100
AcDbText
 10
357.2
 20
24.75
 30
0.0
 40
1.5
  1
Next sheet: /
  7
GYM
 11
357.2
 21
24.75
 31
0.0
100
AcDbText
 73
2
  0
TEXT
  5
D72
330
D11
100
AcDbEntity
 67
1
  8
E-SEMA-ANTET
100
AcDbText
 10
357.2
 20
22.35
 30
0.0
 40
1.5
  1
Sonraki
  7
GYM
 11
357.2
 21
22.35
 31
0.0
100
AcDbText
 73
2
  0
TEXT
  5
D73
330
D11
100
AcDbEntity
 67
1
  8
E-SEMA-ANTET
100
AcDbText
 10
408.0
 20
23.75
 30
0.0
 40
2.8
  1
10
  7
GYM-B
 72
2
 11
408.0
 21
23.75
 31
0.0
100
AcDbText
 73
2
  0
TEXT
  5
D74
330
D11
100
AcDbEntity
 67
1
  8
E-SEMA-ANTET
100
AcDbText
 10
357.2
 20
19.25
 30
0.0
 40
1.5
  1
Total sheets: /
  7
GYM
 11
357.2
 21
19.25
 31
0.0
100
AcDbText
 73
2
  0
TEXT
  5
D75
330
D11
100
AcDbEntity
 67
1
  8
E-SEMA-ANTET
100
AcDbText
 10
357.2
 20
16.85
 30
0.0
 40
1.5
  1
Toplam
  7
GYM
 11
357.2
 21
16.85
 31
0.0
100
AcDbText
 73
2
  0
TEXT
  5
D76
330
D11
100
AcDbEntity
 67
1
  8
E-SEMA-ANTET
100
AcDbText
 10
408.0
 20
18.25
 30
0.0
 40
2.8
  1
12
  7
GYM-B
 72
2
 11
408.0
 21
18.25
 31
0.0
100
AcDbText
 73
2
  0
TEXT
  5
D77
330
D11
100
AcDbEntity
 67
1
  8
E-SEMA-ANTET
100
AcDbText
 10
357.2
 20
13.75
 30
0.0
 40
1.5
  1
Sheet size /
  7
GYM
 11
357.2
 21
13.75
 31
0.0
100
AcDbText
 73
2
  0
TEXT
  5
D78
330
D11
100
AcDbEntity
 67
1
  8
E-SEMA-ANTET
100
AcDbText
 10
357.2
 20
11.35
 30
0.0
 40
1.5
  1
Kâğıt
  7
GYM
 11
357.2
 21
11.35
 31
0.0
100
AcDbText
 73
2
  0
TEXT
  5
D79
330
D11
100
AcDbEntity
 67
1
  8
E-SEMA-ANTET
100
AcDbText
 10
408.0
 20
12.75
 30
0.0
 40
2.8
  1
A3
  7
GYM-B
 72
2
 11
408.0
 21
12.75
 31
0.0
100
AcDbText
 73
2
  0
TEXT
  5
D7A
330
D11
100
AcDbEntity
 67
1
  8
E-SEMA-YAZI
100
AcDbText
 10
31.0
 20
272.0
 30
0.0
 40
4.0
  1
KLEMENS PLANI / TERMINAL DIAGRAM  —  -X1
  7
GYM-B
 11
31.0
 21
272.0
 31
0.0
100
AcDbText
 73
2
  0
LWPOLYLINE
  5
D7B
330
D11
100
AcDbEntity
 67
1
  8
E-SEMA-ANTET
370
50
100
AcDbPolyline
 90
4
 70
1
 10
31.0
 20
-2.0
 10
249.0
 20
-2.0
 10
249.0
 20
266.0
 10
31.0
 20
266.0
  0
LINE
  5
D7C
330
D11
100
AcDbEntity
 67
1
  8
E-SEMA-ANTET
370
13
100
AcDbLine
 10
31.0
 20
262.0
 30
0.0
 11
249.0
 21
262.0
 31
0.0
  0
LINE
  5
D7D
330
D11
100
AcDbEntity
 67
1
  8
E-SEMA-ANTET
370
13
100
AcDbLine
 10
31.0
 20
258.0
 30
0.0
 11
249.0
 21
258.0
 31
0.0
  0
LINE
  5
D7E
330
D11
100
AcDbEntity
 67
1
  8
E-SEMA-ANTET
370
13
100
AcDbLine
 10
31.0
 20
254.0
 30
0.0
 11
249.0
 21
254.0
 31
0.0
  0
LINE
  5
D7F
330
D11
100
AcDbEntity
 67
1
  8
E-SEMA-ANTET
370
13
100
AcDbLine
 10
31.0
 20
250.0
 30
0.0
 11
249.0
 21
250.0
 31
0.0
  0
LINE
  5
D80
330
D11
100
AcDbEntity
 67
1
  8
E-SEMA-ANTET
370
13
100
AcDbLine
 10
31.0
 20
246.0
 30
0.0
 11
249.0
 21
246.0
 31
0.0
  0
LINE
  5
D81
330
D11
100
AcDbEntity
 67
1
  8
E-SEMA-ANTET
370
13
100
AcDbLine
 10
31.0
 20
242.0
 30
0.0
 11
249.0
 21
242.0
 31
0.0
  0
LINE
  5
D82
330
D11
100
AcDbEntity
 67
1
  8
E-SEMA-ANTET
370
13
100
AcDbLine
 10
31.0
 20
238.0
 30
0.0
 11
249.0
 21
238.0
 31
0.0
  0
LINE
  5
D83
330
D11
100
AcDbEntity
 67
1
  8
E-SEMA-ANTET
370
13
100
AcDbLine
 10
31.0
 20
234.0
 30
0.0
 11
249.0
 21
234.0
 31
0.0
  0
LINE
  5
D84
330
D11
100
AcDbEntity
 67
1
  8
E-SEMA-ANTET
370
13
100
AcDbLine
 10
31.0
 20
230.0
 30
0.0
 11
249.0
 21
230.0
 31
0.0
  0
LINE
  5
D85
330
D11
100
AcDbEntity
 67
1
  8
E-SEMA-ANTET
370
13
100
AcDbLine
 10
31.0
 20
226.0
 30
0.0
 11
249.0
 21
226.0
 31
0.0
  0
LINE
  5
D86
330
D11
100
AcDbEntity
 67
1
  8
E-SEMA-ANTET
370
13
100
AcDbLine
 10
31.0
 20
222.0
 30
0.0
 11
249.0
 21
222.0
 31
0.0
  0
LINE
  5
D87
330
D11
100
AcDbEntity
 67
1
  8
E-SEMA-ANTET
370
13
100
AcDbLine
 10
31.0
 20
218.0
 30
0.0
 11
249.0
 21
218.0
 31
0.0
  0
LINE
  5
D88
330
D11
100
AcDbEntity
 67
1
  8
E-SEMA-ANTET
370
13
100
AcDbLine
 10
31.0
 20
214.0
 30
0.0
 11
249.0
 21
214.0
 31
0.0
  0
LINE
  5
D89
330
D11
100
AcDbEntity
 67
1
  8
E-SEMA-ANTET
370
13
100
AcDbLine
 10
31.0
 20
210.0
 30
0.0
 11
249.0
 21
210.0
 31
0.0
  0
LINE
  5
D8A
330
D11
100
AcDbEntity
 67
1
  8
E-SEMA-ANTET
370
13
100
AcDbLine
 10
31.0
 20
206.0
 30
0.0
 11
249.0
 21
206.0
 31
0.0
  0
LINE
  5
D8B
330
D11
100
AcDbEntity
 67
1
  8
E-SEMA-ANTET
370
13
100
AcDbLine
 10
31.0
 20
202.0
 30
0.0
 11
249.0
 21
202.0
 31
0.0
  0
LINE
  5
D8C
330
D11
100
AcDbEntity
 67
1
  8
E-SEMA-ANTET
370
13
100
AcDbLine
 10
31.0
 20
198.0
 30
0.0
 11
249.0
 21
198.0
 31
0.0
  0
LINE
  5
D8D
330
D11
100
AcDbEntity
 67
1
  8
E-SEMA-ANTET
370
13
100
AcDbLine
 10
31.0
 20
194.0
 30
0.0
 11
249.0
 21
194.0
 31
0.0
  0
LINE
  5
D8E
330
D11
100
AcDbEntity
 67
1
  8
E-SEMA-ANTET
370
13
100
AcDbLine
 10
31.0
 20
190.0
 30
0.0
 11
249.0
 21
190.0
 31
0.0
  0
LINE
  5
D8F
330
D11
100
AcDbEntity
 67
1
  8
E-SEMA-ANTET
370
13
100
AcDbLine
 10
31.0
 20
186.0
 30
0.0
 11
249.0
 21
186.0
 31
0.0
  0
LINE
  5
D90
330
D11
100
AcDbEntity
 67
1
  8
E-SEMA-ANTET
370
13
100
AcDbLine
 10
31.0
 20
182.0
 30
0.0
 11
249.0
 21
182.0
 31
0.0
  0
LINE
  5
D91
330
D11
100
AcDbEntity
 67
1
  8
E-SEMA-ANTET
370
13
100
AcDbLine
 10
31.0
 20
178.0
 30
0.0
 11
249.0
 21
178.0
 31
0.0
  0
LINE
  5
D92
330
D11
100
AcDbEntity
 67
1
  8
E-SEMA-ANTET
370
13
100
AcDbLine
 10
31.0
 20
174.0
 30
0.0
 11
249.0
 21
174.0
 31
0.0
  0
LINE
  5
D93
330
D11
100
AcDbEntity
 67
1
  8
E-SEMA-ANTET
370
13
100
AcDbLine
 10
31.0
 20
170.0
 30
0.0
 11
249.0
 21
170.0
 31
0.0
  0
LINE
  5
D94
330
D11
100
AcDbEntity
 67
1
  8
E-SEMA-ANTET
370
13
100
AcDbLine
 10
31.0
 20
166.0
 30
0.0
 11
249.0
 21
166.0
 31
0.0
  0
LINE
  5
D95
330
D11
100
AcDbEntity
 67
1
  8
E-SEMA-ANTET
370
13
100
AcDbLine
 10
31.0
 20
162.0
 30
0.0
 11
249.0
 21
162.0
 31
0.0
  0
LINE
  5
D96
330
D11
100
AcDbEntity
 67
1
  8
E-SEMA-ANTET
370
13
100
AcDbLine
 10
31.0
 20
158.0
 30
0.0
 11
249.0
 21
158.0
 31
0.0
  0
LINE
  5
D97
330
D11
100
AcDbEntity
 67
1
  8
E-SEMA-ANTET
370
13
100
AcDbLine
 10
31.0
 20
154.0
 30
0.0
 11
249.0
 21
154.0
 31
0.0
  0
LINE
  5
D98
330
D11
100
AcDbEntity
 67
1
  8
E-SEMA-ANTET
370
13
100
AcDbLine
 10
31.0
 20
150.0
 30
0.0
 11
249.0
 21
150.0
 31
0.0
  0
LINE
  5
D99
330
D11
100
AcDbEntity
 67
1
  8
E-SEMA-ANTET
370
13
100
AcDbLine
 10
31.0
 20
146.0
 30
0.0
 11
249.0
 21
146.0
 31
0.0
  0
LINE
  5
D9A
330
D11
100
AcDbEntity
 67
1
  8
E-SEMA-ANTET
370
13
100
AcDbLine
 10
31.0
 20
142.0
 30
0.0
 11
249.0
 21
142.0
 31
0.0
  0
LINE
  5
D9B
330
D11
100
AcDbEntity
 67
1
  8
E-SEMA-ANTET
370
13
100
AcDbLine
 10
31.0
 20
138.0
 30
0.0
 11
249.0
 21
138.0
 31
0.0
  0
LINE
  5
D9C
330
D11
100
AcDbEntity
 67
1
  8
E-SEMA-ANTET
370
13
100
AcDbLine
 10
31.0
 20
134.0
 30
0.0
 11
249.0
 21
134.0
 31
0.0
  0
LINE
  5
D9D
330
D11
100
AcDbEntity
 67
1
  8
E-SEMA-ANTET
370
13
100
AcDbLine
 10
31.0
 20
130.0
 30
0.0
 11
249.0
 21
130.0
 31
0.0
  0
LINE
  5
D9E
330
D11
100
AcDbEntity
 67
1
  8
E-SEMA-ANTET
370
13
100
AcDbLine
 10
31.0
 20
126.0
 30
0.0
 11
249.0
 21
126.0
 31
0.0
  0
LINE
  5
D9F
330
D11
100
AcDbEntity
 67
1
  8
E-SEMA-ANTET
370
13
100
AcDbLine
 10
31.0
 20
122.0
 30
0.0
 11
249.0
 21
122.0
 31
0.0
  0
LINE
  5
DA0
330
D11
100
AcDbEntity
 67
1
  8
E-SEMA-ANTET
370
13
100
AcDbLine
 10
31.0
 20
118.0
 30
0.0
 11
249.0
 21
118.0
 31
0.0
  0
LINE
  5
DA1
330
D11
100
AcDbEntity
 67
1
  8
E-SEMA-ANTET
370
13
100
AcDbLine
 10
31.0
 20
114.0
 30
0.0
 11
249.0
 21
114.0
 31
0.0
  0
LINE
  5
DA2
330
D11
100
AcDbEntity
 67
1
  8
E-SEMA-ANTET
370
13
100
AcDbLine
 10
31.0
 20
110.0
 30
0.0
 11
249.0
 21
110.0
 31
0.0
  0
LINE
  5
DA3
330
D11
100
AcDbEntity
 67
1
  8
E-SEMA-ANTET
370
13
100
AcDbLine
 10
31.0
 20
106.0
 30
0.0
 11
249.0
 21
106.0
 31
0.0
  0
LINE
  5
DA4
330
D11
100
AcDbEntity
 67
1
  8
E-SEMA-ANTET
370
13
100
AcDbLine
 10
31.0
 20
102.0
 30
0.0
 11
249.0
 21
102.0
 31
0.0
  0
LINE
  5
DA5
330
D11
100
AcDbEntity
 67
1
  8
E-SEMA-ANTET
370
13
100
AcDbLine
 10
31.0
 20
98.0
 30
0.0
 11
249.0
 21
98.0
 31
0.0
  0
LINE
  5
DA6
330
D11
100
AcDbEntity
 67
1
  8
E-SEMA-ANTET
370
13
100
AcDbLine
 10
31.0
 20
94.0
 30
0.0
 11
249.0
 21
94.0
 31
0.0
  0
LINE
  5
DA7
330
D11
100
AcDbEntity
 67
1
  8
E-SEMA-ANTET
370
13
100
AcDbLine
 10
31.0
 20
90.0
 30
0.0
 11
249.0
 21
90.0
 31
0.0
  0
LINE
  5
DA8
330
D11
100
AcDbEntity
 67
1
  8
E-SEMA-ANTET
370
13
100
AcDbLine
 10
31.0
 20
86.0
 30
0.0
 11
249.0
 21
86.0
 31
0.0
  0
LINE
  5
DA9
330
D11
100
AcDbEntity
 67
1
  8
E-SEMA-ANTET
370
13
100
AcDbLine
 10
31.0
 20
82.0
 30
0.0
 11
249.0
 21
82.0
 31
0.0
  0
LINE
  5
DAA
330
D11
100
AcDbEntity
 67
1
  8
E-SEMA-ANTET
370
13
100
AcDbLine
 10
31.0
 20
78.0
 30
0.0
 11
249.0
 21
78.0
 31
0.0
  0
LINE
  5
DAB
330
D11
100
AcDbEntity
 67
1
  8
E-SEMA-ANTET
370
13
100
AcDbLine
 10
31.0
 20
74.0
 30
0.0
 11
249.0
 21
74.0
 31
0.0
  0
LINE
  5
DAC
330
D11
100
AcDbEntity
 67
1
  8
E-SEMA-ANTET
370
13
100
AcDbLine
 10
31.0
 20
70.0
 30
0.0
 11
249.0
 21
70.0
 31
0.0
  0
LINE
  5
DAD
330
D11
100
AcDbEntity
 67
1
  8
E-SEMA-ANTET
370
13
100
AcDbLine
 10
31.0
 20
66.0
 30
0.0
 11
249.0
 21
66.0
 31
0.0
  0
LINE
  5
DAE
330
D11
100
AcDbEntity
 67
1
  8
E-SEMA-ANTET
370
13
100
AcDbLine
 10
31.0
 20
62.0
 30
0.0
 11
249.0
 21
62.0
 31
0.0
  0
LINE
  5
DAF
330
D11
100
AcDbEntity
 67
1
  8
E-SEMA-ANTET
370
13
100
AcDbLine
 10
31.0
 20
58.0
 30
0.0
 11
249.0
 21
58.0
 31
0.0
  0
LINE
  5
DB0
330
D11
100
AcDbEntity
 67
1
  8
E-SEMA-ANTET
370
13
100
AcDbLine
 10
31.0
 20
54.0
 30
0.0
 11
249.0
 21
54.0
 31
0.0
  0
LINE
  5
DB1
330
D11
100
AcDbEntity
 67
1
  8
E-SEMA-ANTET
370
13
100
AcDbLine
 10
31.0
 20
50.0
 30
0.0
 11
249.0
 21
50.0
 31
0.0
  0
LINE
  5
DB2
330
D11
100
AcDbEntity
 67
1
  8
E-SEMA-ANTET
370
13
100
AcDbLine
 10
31.0
 20
46.0
 30
0.0
 11
249.0
 21
46.0
 31
0.0
  0
LINE
  5
DB3
330
D11
100
AcDbEntity
 67
1
  8
E-SEMA-ANTET
370
13
100
AcDbLine
 10
31.0
 20
42.0
 30
0.0
 11
249.0
 21
42.0
 31
0.0
  0
LINE
  5
DB4
330
D11
100
AcDbEntity
 67
1
  8
E-SEMA-ANTET
370
13
100
AcDbLine
 10
31.0
 20
38.0
 30
0.0
 11
249.0
 21
38.0
 31
0.0
  0
LINE
  5
DB5
330
D11
100
AcDbEntity
 67
1
  8
E-SEMA-ANTET
370
13
100
AcDbLine
 10
31.0
 20
34.0
 30
0.0
 11
249.0
 21
34.0
 31
0.0
  0
LINE
  5
DB6
330
D11
100
AcDbEntity
 67
1
  8
E-SEMA-ANTET
370
13
100
AcDbLine
 10
31.0
 20
30.0
 30
0.0
 11
249.0
 21
30.0
 31
0.0
  0
LINE
  5
DB7
330
D11
100
AcDbEntity
 67
1
  8
E-SEMA-ANTET
370
13
100
AcDbLine
 10
31.0
 20
26.0
 30
0.0
 11
249.0
 21
26.0
 31
0.0
  0
LINE
  5
DB8
330
D11
100
AcDbEntity
 67
1
  8
E-SEMA-ANTET
370
13
100
AcDbLine
 10
31.0
 20
22.0
 30
0.0
 11
249.0
 21
22.0
 31
0.0
  0
LINE
  5
DB9
330
D11
100
AcDbEntity
 67
1
  8
E-SEMA-ANTET
370
13
100
AcDbLine
 10
31.0
 20
18.0
 30
0.0
 11
249.0
 21
18.0
 31
0.0
  0
LINE
  5
DBA
330
D11
100
AcDbEntity
 67
1
  8
E-SEMA-ANTET
370
13
100
AcDbLine
 10
31.0
 20
14.0
 30
0.0
 11
249.0
 21
14.0
 31
0.0
  0
LINE
  5
DBB
330
D11
100
AcDbEntity
 67
1
  8
E-SEMA-ANTET
370
13
100
AcDbLine
 10
31.0
 20
10.0
 30
0.0
 11
249.0
 21
10.0
 31
0.0
  0
LINE
  5
DBC
330
D11
100
AcDbEntity
 67
1
  8
E-SEMA-ANTET
370
13
100
AcDbLine
 10
31.0
 20
6.0
 30
0.0
 11
249.0
 21
6.0
 31
0.0
  0
LINE
  5
DBD
330
D11
100
AcDbEntity
 67
1
  8
E-SEMA-ANTET
370
13
100
AcDbLine
 10
31.0
 20
2.0
 30
0.0
 11
249.0
 21
2.0
 31
0.0
  0
LINE
  5
DBE
330
D11
100
AcDbEntity
 67
1
  8
E-SEMA-ANTET
370
13
100
AcDbLine
 10
45.0
 20
-2.0
 30
0.0
 11
45.0
 21
266.0
 31
0.0
  0
LINE
  5
DBF
330
D11
100
AcDbEntity
 67
1
  8
E-SEMA-ANTET
370
13
100
AcDbLine
 10
63.0
 20
-2.0
 30
0.0
 11
63.0
 21
266.0
 31
0.0
  0
LINE
  5
DC0
330
D11
100
AcDbEntity
 67
1
  8
E-SEMA-ANTET
370
13
100
AcDbLine
 10
85.0
 20
-2.0
 30
0.0
 11
85.0
 21
266.0
 31
0.0
  0
LINE
  5
DC1
330
D11
100
AcDbEntity
 67
1
  8
E-SEMA-ANTET
370
13
100
AcDbLine
 10
107.0
 20
-2.0
 30
0.0
 11
107.0
 21
266.0
 31
0.0
  0
LINE
  5
DC2
330
D11
100
AcDbEntity
 67
1
  8
E-SEMA-ANTET
370
13
100
AcDbLine
 10
137.0
 20
-2.0
 30
0.0
 11
137.0
 21
266.0
 31
0.0
  0
LINE
  5
DC3
330
D11
100
AcDbEntity
 67
1
  8
E-SEMA-ANTET
370
13
100
AcDbLine
 10
197.0
 20
-2.0
 30
0.0
 11
197.0
 21
266.0
 31
0.0
  0
LINE
  5
DC4
330
D11
100
AcDbEntity
 67
1
  8
E-SEMA-ANTET
370
13
100
AcDbLine
 10
223.0
 20
-2.0
 30
0.0
 11
223.0
 21
266.0
 31
0.0
  0
TEXT
  5
DC5
330
D11
100
AcDbEntity
 67
1
  8
E-SEMA-ANTET
100
AcDbText
 10
38.0
 20
264.0
 30
0.0
 40
1.5
  1
KLEMENS
  7
GYM-B
 72
1
 11
38.0
 21
264.0
 31
0.0
100
AcDbText
 73
2
  0
TEXT
  5
DC6
330
D11
100
AcDbEntity
 67
1
  8
E-SEMA-ANTET
100
AcDbText
 10
54.0
 20
264.0
 30
0.0
 40
1.5
  1
LİNYE
  7
GYM-B
 72
1
 11
54.0
 21
264.0
 31
0.0
100
AcDbText
 73
2
  0
TEXT
  5
DC7
330
D11
100
AcDbEntity
 67
1
  8
E-SEMA-ANTET
100
AcDbText
 10
74.0
 20
264.0
 30
0.0
 40
1.5
  1
İLETKEN
  7
GYM-B
 72
1
 11
74.0
 21
264.0
 31
0.0
100
AcDbText
 73
2
  0
TEXT
  5
DC8
330
D11
100
AcDbEntity
 67
1
  8
E-SEMA-ANTET
100
AcDbText
 10
96.0
 20
264.0
 30
0.0
 40
1.5
  1
TEL NO
  7
GYM-B
 72
1
 11
96.0
 21
264.0
 31
0.0
100
AcDbText
 73
2
  0
TEXT
  5
DC9
330
D11
100
AcDbEntity
 67
1
  8
E-SEMA-ANTET
100
AcDbText
 10
122.0
 20
264.0
 30
0.0
 40
1.5
  1
KABLO
  7
GYM-B
 72
1
 11
122.0
 21
264.0
 31
0.0
100
AcDbText
 73
2
  0
TEXT
  5
DCA
330
D11
100
AcDbEntity
 67
1
  8
E-SEMA-ANTET
100
AcDbText
 10
167.0
 20
264.0
 30
0.0
 40
1.5
  1
HEDEF / DESTINATION
  7
GYM-B
 72
1
 11
167.0
 21
264.0
 31
0.0
100
AcDbText
 73
2
  0
TEXT
  5
DCB
330
D11
100
AcDbEntity
 67
1
  8
E-SEMA-ANTET
100
AcDbText
 10
210.0
 20
264.0
 30
0.0
 40
1.5
  1
SAYFA
  7
GYM-B
 72
1
 11
210.0
 21
264.0
 31
0.0
100
AcDbText
 73
2
  0
TEXT
  5
DCC
330
D11
100
AcDbEntity
 67
1
  8
E-SEMA-ANTET
100
AcDbText
 10
236.0
 20
264.0
 30
0.0
 40
1.5
  1
KAÇAK AKIM
  7
GYM-B
 72
1
 11
236.0
 21
264.0
 31
0.0
100
AcDbText
 73
2
  0
TEXT
  5
DCD
330
D11
100
AcDbEntity
 67
1
  8
E-SEMA-YAZI
100
AcDbText
 10
38.0
 20
260.0
 30
0.0
 40
1.5
  1
1
  7
GYM
 72
1
 11
38.0
 21
260.0
 31
0.0
100
AcDbText
 73
2
  0
TEXT
  5
DCE
330
D11
100
AcDbEntity
 67
1
  8
E-SEMA-YAZI
100
AcDbText
 10
54.0
 20
260.0
 30
0.0
 40
1.5
  1
L1
  7
GYM
 72
1
 11
54.0
 21
260.0
 31
0.0
100
AcDbText
 73
2
  0
TEXT
  5
DCF
330
D11
100
AcDbEntity
 67
1
  8
E-SEMA-YAZI
100
AcDbText
 10
74.0
 20
260.0
 30
0.0
 40
1.5
  1
L
  7
GYM
 72
1
 11
74.0
 21
260.0
 31
0.0
100
AcDbText
 73
2
  0
TEXT
  5
DD0
330
D11
100
AcDbEntity
 67
1
  8
E-SEMA-YAZI
100
AcDbText
 10
96.0
 20
260.0
 30
0.0
 40
1.5
  1
11
  7
GYM
 72
1
 11
96.0
 21
260.0
 31
0.0
100
AcDbText
 73
2
  0
TEXT
  5
DD1
330
D11
100
AcDbEntity
 67
1
  8
E-SEMA-YAZI
100
AcDbText
 10
122.0
 20
260.0
 30
0.0
 40
1.5
  1
NHXMH 3×2,5
  7
GYM
 72
1
 11
122.0
 21
260.0
 31
0.0
100
AcDbText
 73
2
  0
TEXT
  5
DD2
330
D11
100
AcDbEntity
 67
1
  8
E-SEMA-YAZI
100
AcDbText
 10
167.0
 20
260.0
 30
0.0
 40
1.5
  1
Aydınlatma — arena / serbest ağırlık
  7
GYM
 72
1
 11
167.0
 21
260.0
 31
0.0
100
AcDbText
 73
2
  0
TEXT
  5
DD3
330
D11
100
AcDbEntity
 67
1
  8
E-SEMA-YAZI
100
AcDbText
 10
210.0
 20
260.0
 30
0.0
 40
1.5
  1
5
  7
GYM
 72
1
 11
210.0
 21
260.0
 31
0.0
100
AcDbText
 73
2
  0
TEXT
  5
DD4
330
D11
100
AcDbEntity
 67
1
  8
E-SEMA-YAZI
100
AcDbText
 10
236.0
 20
260.0
 30
0.0
 40
1.5
  1
RCD-1
  7
GYM
 72
1
 11
236.0
 21
260.0
 31
0.0
100
AcDbText
 73
2
  0
TEXT
  5
DD5
330
D11
100
AcDbEntity
 67
1
  8
E-SEMA-YAZI
100
AcDbText
 10
38.0
 20
256.0
 30
0.0
 40
1.5
  1

  7
GYM
 72
1
 11
38.0
 21
256.0
 31
0.0
100
AcDbText
 73
2
  0
TEXT
  5
DD6
330
D11
100
AcDbEntity
 67
1
  8
E-SEMA-YAZI
100
AcDbText
 10
54.0
 20
256.0
 30
0.0
 40
1.5
  1
L1
  7
GYM
 72
1
 11
54.0
 21
256.0
 31
0.0
100
AcDbText
 73
2
  0
TEXT
  5
DD7
330
D11
100
AcDbEntity
 67
1
  8
E-SEMA-YAZI
100
AcDbText
 10
74.0
 20
256.0
 30
0.0
 40
1.5
  1
N
  7
GYM
 72
1
 11
74.0
 21
256.0
 31
0.0
100
AcDbText
 73
2
  0
TEXT
  5
DD8
330
D11
100
AcDbEntity
 67
1
  8
E-SEMA-YAZI
100
AcDbText
 10
96.0
 20
256.0
 30
0.0
 40
1.5
  1
N1
  7
GYM
 72
1
 11
96.0
 21
256.0
 31
0.0
100
AcDbText
 73
2
  0
TEXT
  5
DD9
330
D11
100
AcDbEntity
 67
1
  8
E-SEMA-YAZI
100
AcDbText
 10
122.0
 20
256.0
 30
0.0
 40
1.5
  1
NHXMH 3×2,5
  7
GYM
 72
1
 11
122.0
 21
256.0
 31
0.0
100
AcDbText
 73
2
  0
TEXT
  5
DDA
330
D11
100
AcDbEntity
 67
1
  8
E-SEMA-YAZI
100
AcDbText
 10
167.0
 20
256.0
 30
0.0
 40
1.5
  1
Aydınlatma — arena / serbest ağırlık
  7
GYM
 72
1
 11
167.0
 21
256.0
 31
0.0
100
AcDbText
 73
2
  0
TEXT
  5
DDB
330
D11
100
AcDbEntity
 67
1
  8
E-SEMA-YAZI
100
AcDbText
 10
210.0
 20
256.0
 30
0.0
 40
1.5
  1
5
  7
GYM
 72
1
 11
210.0
 21
256.0
 31
0.0
100
AcDbText
 73
2
  0
TEXT
  5
DDC
330
D11
100
AcDbEntity
 67
1
  8
E-SEMA-YAZI
100
AcDbText
 10
236.0
 20
256.0
 30
0.0
 40
1.5
  1
RCD-1
  7
GYM
 72
1
 11
236.0
 21
256.0
 31
0.0
100
AcDbText
 73
2
  0
TEXT
  5
DDD
330
D11
100
AcDbEntity
 67
1
  8
E-SEMA-YAZI
100
AcDbText
 10
38.0
 20
252.0
 30
0.0
 40
1.5
  1

  7
GYM
 72
1
 11
38.0
 21
252.0
 31
0.0
100
AcDbText
 73
2
  0
TEXT
  5
DDE
330
D11
100
AcDbEntity
 67
1
  8
E-SEMA-YAZI
100
AcDbText
 10
54.0
 20
252.0
 30
0.0
 40
1.5
  1
L1
  7
GYM
 72
1
 11
54.0
 21
252.0
 31
0.0
100
AcDbText
 73
2
  0
TEXT
  5
DDF
330
D11
100
AcDbEntity
 67
1
  8
E-SEMA-YAZI
100
AcDbText
 10
74.0
 20
252.0
 30
0.0
 40
1.5
  1
PE
  7
GYM
 72
1
 11
74.0
 21
252.0
 31
0.0
100
AcDbText
 73
2
  0
TEXT
  5
DE0
330
D11
100
AcDbEntity
 67
1
  8
E-SEMA-YAZI
100
AcDbText
 10
96.0
 20
252.0
 30
0.0
 40
1.5
  1
PE
  7
GYM
 72
1
 11
96.0
 21
252.0
 31
0.0
100
AcDbText
 73
2
  0
TEXT
  5
DE1
330
D11
100
AcDbEntity
 67
1
  8
E-SEMA-YAZI
100
AcDbText
 10
122.0
 20
252.0
 30
0.0
 40
1.5
  1
NHXMH 3×2,5
  7
GYM
 72
1
 11
122.0
 21
252.0
 31
0.0
100
AcDbText
 73
2
  0
TEXT
  5
DE2
330
D11
100
AcDbEntity
 67
1
  8
E-SEMA-YAZI
100
AcDbText
 10
167.0
 20
252.0
 30
0.0
 40
1.5
  1
Aydınlatma — arena / serbest ağırlık
  7
GYM
 72
1
 11
167.0
 21
252.0
 31
0.0
100
AcDbText
 73
2
  0
TEXT
  5
DE3
330
D11
100
AcDbEntity
 67
1
  8
E-SEMA-YAZI
100
AcDbText
 10
210.0
 20
252.0
 30
0.0
 40
1.5
  1
5
  7
GYM
 72
1
 11
210.0
 21
252.0
 31
0.0
100
AcDbText
 73
2
  0
TEXT
  5
DE4
330
D11
100
AcDbEntity
 67
1
  8
E-SEMA-YAZI
100
AcDbText
 10
236.0
 20
252.0
 30
0.0
 40
1.5
  1
RCD-1
  7
GYM
 72
1
 11
236.0
 21
252.0
 31
0.0
100
AcDbText
 73
2
  0
TEXT
  5
DE5
330
D11
100
AcDbEntity
 67
1
  8
E-SEMA-YAZI
100
AcDbText
 10
38.0
 20
248.0
 30
0.0
 40
1.5
  1
2
  7
GYM
 72
1
 11
38.0
 21
248.0
 31
0.0
100
AcDbText
 73
2
  0
TEXT
  5
DE6
330
D11
100
AcDbEntity
 67
1
  8
E-SEMA-YAZI
100
AcDbText
 10
54.0
 20
248.0
 30
0.0
 40
1.5
  1
L2
  7
GYM
 72
1
 11
54.0
 21
248.0
 31
0.0
100
AcDbText
 73
2
  0
TEXT
  5
DE7
330
D11
100
AcDbEntity
 67
1
  8
E-SEMA-YAZI
100
AcDbText
 10
74.0
 20
248.0
 30
0.0
 40
1.5
  1
L
  7
GYM
 72
1
 11
74.0
 21
248.0
 31
0.0
100
AcDbText
 73
2
  0
TEXT
  5
DE8
330
D11
100
AcDbEntity
 67
1
  8
E-SEMA-YAZI
100
AcDbText
 10
96.0
 20
248.0
 30
0.0
 40
1.5
  1
12
  7
GYM
 72
1
 11
96.0
 21
248.0
 31
0.0
100
AcDbText
 73
2
  0
TEXT
  5
DE9
330
D11
100
AcDbEntity
 67
1
  8
E-SEMA-YAZI
100
AcDbText
 10
122.0
 20
248.0
 30
0.0
 40
1.5
  1
NHXMH 3×2,5
  7
GYM
 72
1
 11
122.0
 21
248.0
 31
0.0
100
AcDbText
 73
2
  0
TEXT
  5
DEA
330
D11
100
AcDbEntity
 67
1
  8
E-SEMA-YAZI
100
AcDbText
 10
167.0
 20
248.0
 30
0.0
 40
1.5
  1
Aydınlatma — fonksiyonel / kardiyo
  7
GYM
 72
1
 11
167.0
 21
248.0
 31
0.0
100
AcDbText
 73
2
  0
TEXT
  5
DEB
330
D11
100
AcDbEntity
 67
1
  8
E-SEMA-YAZI
100
AcDbText
 10
210.0
 20
248.0
 30
0.0
 40
1.5
  1
5
  7
GYM
 72
1
 11
210.0
 21
248.0
 31
0.0
100
AcDbText
 73
2
  0
TEXT
  5
DEC
330
D11
100
AcDbEntity
 67
1
  8
E-SEMA-YAZI
100
AcDbText
 10
236.0
 20
248.0
 30
0.0
 40
1.5
  1
RCD-1
  7
GYM
 72
1
 11
236.0
 21
248.0
 31
0.0
100
AcDbText
 73
2
  0
TEXT
  5
DED
330
D11
100
AcDbEntity
 67
1
  8
E-SEMA-YAZI
100
AcDbText
 10
38.0
 20
244.0
 30
0.0
 40
1.5
  1

  7
GYM
 72
1
 11
38.0
 21
244.0
 31
0.0
100
AcDbText
 73
2
  0
TEXT
  5
DEE
330
D11
100
AcDbEntity
 67
1
  8
E-SEMA-YAZI
100
AcDbText
 10
54.0
 20
244.0
 30
0.0
 40
1.5
  1
L2
  7
GYM
 72
1
 11
54.0
 21
244.0
 31
0.0
100
AcDbText
 73
2
  0
TEXT
  5
DEF
330
D11
100
AcDbEntity
 67
1
  8
E-SEMA-YAZI
100
AcDbText
 10
74.0
 20
244.0
 30
0.0
 40
1.5
  1
N
  7
GYM
 72
1
 11
74.0
 21
244.0
 31
0.0
100
AcDbText
 73
2
  0
TEXT
  5
DF0
330
D11
100
AcDbEntity
 67
1
  8
E-SEMA-YAZI
100
AcDbText
 10
96.0
 20
244.0
 30
0.0
 40
1.5
  1
N1
  7
GYM
 72
1
 11
96.0
 21
244.0
 31
0.0
100
AcDbText
 73
2
  0
TEXT
  5
DF1
330
D11
100
AcDbEntity
 67
1
  8
E-SEMA-YAZI
100
AcDbText
 10
122.0
 20
244.0
 30
0.0
 40
1.5
  1
NHXMH 3×2,5
  7
GYM
 72
1
 11
122.0
 21
244.0
 31
0.0
100
AcDbText
 73
2
  0
TEXT
  5
DF2
330
D11
100
AcDbEntity
 67
1
  8
E-SEMA-YAZI
100
AcDbText
 10
167.0
 20
244.0
 30
0.0
 40
1.5
  1
Aydınlatma — fonksiyonel / kardiyo
  7
GYM
 72
1
 11
167.0
 21
244.0
 31
0.0
100
AcDbText
 73
2
  0
TEXT
  5
DF3
330
D11
100
AcDbEntity
 67
1
  8
E-SEMA-YAZI
100
AcDbText
 10
210.0
 20
244.0
 30
0.0
 40
1.5
  1
5
  7
GYM
 72
1
 11
210.0
 21
244.0
 31
0.0
100
AcDbText
 73
2
  0
TEXT
  5
DF4
330
D11
100
AcDbEntity
 67
1
  8
E-SEMA-YAZI
100
AcDbText
 10
236.0
 20
244.0
 30
0.0
 40
1.5
  1
RCD-1
  7
GYM
 72
1
 11
236.0
 21
244.0
 31
0.0
100
AcDbText
 73
2
  0
TEXT
  5
DF5
330
D11
100
AcDbEntity
 67
1
  8
E-SEMA-YAZI
100
AcDbText
 10
38.0
 20
240.0
 30
0.0
 40
1.5
  1

  7
GYM
 72
1
 11
38.0
 21
240.0
 31
0.0
100
AcDbText
 73
2
  0
TEXT
  5
DF6
330
D11
100
AcDbEntity
 67
1
  8
E-SEMA-YAZI
100
AcDbText
 10
54.0
 20
240.0
 30
0.0
 40
1.5
  1
L2
  7
GYM
 72
1
 11
54.0
 21
240.0
 31
0.0
100
AcDbText
 73
2
  0
TEXT
  5
DF7
330
D11
100
AcDbEntity
 67
1
  8
E-SEMA-YAZI
100
AcDbText
 10
74.0
 20
240.0
 30
0.0
 40
1.5
  1
PE
  7
GYM
 72
1
 11
74.0
 21
240.0
 31
0.0
100
AcDbText
 73
2
  0
TEXT
  5
DF8
330
D11
100
AcDbEntity
 67
1
  8
E-SEMA-YAZI
100
AcDbText
 10
96.0
 20
240.0
 30
0.0
 40
1.5
  1
PE
  7
GYM
 72
1
 11
96.0
 21
240.0
 31
0.0
100
AcDbText
 73
2
  0
TEXT
  5
DF9
330
D11
100
AcDbEntity
 67
1
  8
E-SEMA-YAZI
100
AcDbText
 10
122.0
 20
240.0
 30
0.0
 40
1.5
  1
NHXMH 3×2,5
  7
GYM
 72
1
 11
122.0
 21
240.0
 31
0.0
100
AcDbText
 73
2
  0
TEXT
  5
DFA
330
D11
100
AcDbEntity
 67
1
  8
E-SEMA-YAZI
100
AcDbText
 10
167.0
 20
240.0
 30
0.0
 40
1.5
  1
Aydınlatma — fonksiyonel / kardiyo
  7
GYM
 72
1
 11
167.0
 21
240.0
 31
0.0
100
AcDbText
 73
2
  0
TEXT
  5
DFB
330
D11
100
AcDbEntity
 67
1
  8
E-SEMA-YAZI
100
AcDbText
 10
210.0
 20
240.0
 30
0.0
 40
1.5
  1
5
  7
GYM
 72
1
 11
210.0
 21
240.0
 31
0.0
100
AcDbText
 73
2
  0
TEXT
  5
DFC
330
D11
100
AcDbEntity
 67
1
  8
E-SEMA-YAZI
100
AcDbText
 10
236.0
 20
240.0
 30
0.0
 40
1.5
  1
RCD-1
  7
GYM
 72
1
 11
236.0
 21
240.0
 31
0.0
100
AcDbText
 73
2
  0
TEXT
  5
DFD
330
D11
100
AcDbEntity
 67
1
  8
E-SEMA-YAZI
100
AcDbText
 10
38.0
 20
236.0
 30
0.0
 40
1.5
  1
3
  7
GYM
 72
1
 11
38.0
 21
236.0
 31
0.0
100
AcDbText
 73
2
  0
TEXT
  5
DFE
330
D11
100
AcDbEntity
 67
1
  8
E-SEMA-YAZI
100
AcDbText
 10
54.0
 20
236.0
 30
0.0
 40
1.5
  1
L3
  7
GYM
 72
1
 11
54.0
 21
236.0
 31
0.0
100
AcDbText
 73
2
  0
TEXT
  5
DFF
330
D11
100
AcDbEntity
 67
1
  8
E-SEMA-YAZI
100
AcDbText
 10
74.0
 20
236.0
 30
0.0
 40
1.5
  1
L
  7
GYM
 72
1
 11
74.0
 21
236.0
 31
0.0
100
AcDbText
 73
2
  0
TEXT
  5
E00
330
D11
100
AcDbEntity
 67
1
  8
E-SEMA-YAZI
100
AcDbText
 10
96.0
 20
236.0
 30
0.0
 40
1.5
  1
13
  7
GYM
 72
1
 11
96.0
 21
236.0
 31
0.0
100
AcDbText
 73
2
  0
TEXT
  5
E01
330
D11
100
AcDbEntity
 67
1
  8
E-SEMA-YAZI
100
AcDbText
 10
122.0
 20
236.0
 30
0.0
 40
1.5
  1
NHXMH 3×2,5
  7
GYM
 72
1
 11
122.0
 21
236.0
 31
0.0
100
AcDbText
 73
2
  0
TEXT
  5
E02
330
D11
100
AcDbEntity
 67
1
  8
E-SEMA-YAZI
100
AcDbText
 10
167.0
 20
236.0
 30
0.0
 40
1.5
  1
Aydınlatma — dinlenme salonu
  7
GYM
 72
1
 11
167.0
 21
236.0
 31
0.0
100
AcDbText
 73
2
  0
TEXT
  5
E03
330
D11
100
AcDbEntity
 67
1
  8
E-SEMA-YAZI
100
AcDbText
 10
210.0
 20
236.0
 30
0.0
 40
1.5
  1
5
  7
GYM
 72
1
 11
210.0
 21
236.0
 31
0.0
100
AcDbText
 73
2
  0
TEXT
  5
E04
330
D11
100
AcDbEntity
 67
1
  8
E-SEMA-YAZI
100
AcDbText
 10
236.0
 20
236.0
 30
0.0
 40
1.5
  1
RCD-1
  7
GYM
 72
1
 11
236.0
 21
236.0
 31
0.0
100
AcDbText
 73
2
  0
TEXT
  5
E05
330
D11
100
AcDbEntity
 67
1
  8
E-SEMA-YAZI
100
AcDbText
 10
38.0
 20
232.0
 30
0.0
 40
1.5
  1

  7
GYM
 72
1
 11
38.0
 21
232.0
 31
0.0
100
AcDbText
 73
2
  0
TEXT
  5
E06
330
D11
100
AcDbEntity
 67
1
  8
E-SEMA-YAZI
100
AcDbText
 10
54.0
 20
232.0
 30
0.0
 40
1.5
  1
L3
  7
GYM
 72
1
 11
54.0
 21
232.0
 31
0.0
100
AcDbText
 73
2
  0
TEXT
  5
E07
330
D11
100
AcDbEntity
 67
1
  8
E-SEMA-YAZI
100
AcDbText
 10
74.0
 20
232.0
 30
0.0
 40
1.5
  1
N
  7
GYM
 72
1
 11
74.0
 21
232.0
 31
0.0
100
AcDbText
 73
2
  0
TEXT
  5
E08
330
D11
100
AcDbEntity
 67
1
  8
E-SEMA-YAZI
100
AcDbText
 10
96.0
 20
232.0
 30
0.0
 40
1.5
  1
N1
  7
GYM
 72
1
 11
96.0
 21
232.0
 31
0.0
100
AcDbText
 73
2
  0
TEXT
  5
E09
330
D11
100
AcDbEntity
 67
1
  8
E-SEMA-YAZI
100
AcDbText
 10
122.0
 20
232.0
 30
0.0
 40
1.5
  1
NHXMH 3×2,5
  7
GYM
 72
1
 11
122.0
 21
232.0
 31
0.0
100
AcDbText
 73
2
  0
TEXT
  5
E0A
330
D11
100
AcDbEntity
 67
1
  8
E-SEMA-YAZI
100
AcDbText
 10
167.0
 20
232.0
 30
0.0
 40
1.5
  1
Aydınlatma — dinlenme salonu
  7
GYM
 72
1
 11
167.0
 21
232.0
 31
0.0
100
AcDbText
 73
2
  0
TEXT
  5
E0B
330
D11
100
AcDbEntity
 67
1
  8
E-SEMA-YAZI
100
AcDbText
 10
210.0
 20
232.0
 30
0.0
 40
1.5
  1
5
  7
GYM
 72
1
 11
210.0
 21
232.0
 31
0.0
100
AcDbText
 73
2
  0
TEXT
  5
E0C
330
D11
100
AcDbEntity
 67
1
  8
E-SEMA-YAZI
100
AcDbText
 10
236.0
 20
232.0
 30
0.0
 40
1.5
  1
RCD-1
  7
GYM
 72
1
 11
236.0
 21
232.0
 31
0.0
100
AcDbText
 73
2
  0
TEXT
  5
E0D
330
D11
100
AcDbEntity
 67
1
  8
E-SEMA-YAZI
100
AcDbText
 10
38.0
 20
228.0
 30
0.0
 40
1.5
  1

  7
GYM
 72
1
 11
38.0
 21
228.0
 31
0.0
100
AcDbText
 73
2
  0
TEXT
  5
E0E
330
D11
100
AcDbEntity
 67
1
  8
E-SEMA-YAZI
100
AcDbText
 10
54.0
 20
228.0
 30
0.0
 40
1.5
  1
L3
  7
GYM
 72
1
 11
54.0
 21
228.0
 31
0.0
100
AcDbText
 73
2
  0
TEXT
  5
E0F
330
D11
100
AcDbEntity
 67
1
  8
E-SEMA-YAZI
100
AcDbText
 10
74.0
 20
228.0
 30
0.0
 40
1.5
  1
PE
  7
GYM
 72
1
 11
74.0
 21
228.0
 31
0.0
100
AcDbText
 73
2
  0
TEXT
  5
E10
330
D11
100
AcDbEntity
 67
1
  8
E-SEMA-YAZI
100
AcDbText
 10
96.0
 20
228.0
 30
0.0
 40
1.5
  1
PE
  7
GYM
 72
1
 11
96.0
 21
228.0
 31
0.0
100
AcDbText
 73
2
  0
TEXT
  5
E11
330
D11
100
AcDbEntity
 67
1
  8
E-SEMA-YAZI
100
AcDbText
 10
122.0
 20
228.0
 30
0.0
 40
1.5
  1
NHXMH 3×2,5
  7
GYM
 72
1
 11
122.0
 21
228.0
 31
0.0
100
AcDbText
 73
2
  0
TEXT
  5
E12
330
D11
100
AcDbEntity
 67
1
  8
E-SEMA-YAZI
100
AcDbText
 10
167.0
 20
228.0
 30
0.0
 40
1.5
  1
Aydınlatma — dinlenme salonu
  7
GYM
 72
1
 11
167.0
 21
228.0
 31
0.0
100
AcDbText
 73
2
  0
TEXT
  5
E13
330
D11
100
AcDbEntity
 67
1
  8
E-SEMA-YAZI
100
AcDbText
 10
210.0
 20
228.0
 30
0.0
 40
1.5
  1
5
  7
GYM
 72
1
 11
210.0
 21
228.0
 31
0.0
100
AcDbText
 73
2
  0
TEXT
  5
E14
330
D11
100
AcDbEntity
 67
1
  8
E-SEMA-YAZI
100
AcDbText
 10
236.0
 20
228.0
 30
0.0
 40
1.5
  1
RCD-1
  7
GYM
 72
1
 11
236.0
 21
228.0
 31
0.0
100
AcDbText
 73
2
  0
TEXT
  5
E15
330
D11
100
AcDbEntity
 67
1
  8
E-SEMA-YAZI
100
AcDbText
 10
38.0
 20
224.0
 30
0.0
 40
1.5
  1
4
  7
GYM
 72
1
 11
38.0
 21
224.0
 31
0.0
100
AcDbText
 73
2
  0
TEXT
  5
E16
330
D11
100
AcDbEntity
 67
1
  8
E-SEMA-YAZI
100
AcDbText
 10
54.0
 20
224.0
 30
0.0
 40
1.5
  1
L4
  7
GYM
 72
1
 11
54.0
 21
224.0
 31
0.0
100
AcDbText
 73
2
  0
TEXT
  5
E17
330
D11
100
AcDbEntity
 67
1
  8
E-SEMA-YAZI
100
AcDbText
 10
74.0
 20
224.0
 30
0.0
 40
1.5
  1
L
  7
GYM
 72
1
 11
74.0
 21
224.0
 31
0.0
100
AcDbText
 73
2
  0
TEXT
  5
E18
330
D11
100
AcDbEntity
 67
1
  8
E-SEMA-YAZI
100
AcDbText
 10
96.0
 20
224.0
 30
0.0
 40
1.5
  1
14
  7
GYM
 72
1
 11
96.0
 21
224.0
 31
0.0
100
AcDbText
 73
2
  0
TEXT
  5
E19
330
D11
100
AcDbEntity
 67
1
  8
E-SEMA-YAZI
100
AcDbText
 10
122.0
 20
224.0
 30
0.0
 40
1.5
  1
NHXMH 3×2,5
  7
GYM
 72
1
 11
122.0
 21
224.0
 31
0.0
100
AcDbText
 73
2
  0
TEXT
  5
E1A
330
D11
100
AcDbEntity
 67
1
  8
E-SEMA-YAZI
100
AcDbText
 10
167.0
 20
224.0
 30
0.0
 40
1.5
  1
Aydınlatma — giriş / banko
  7
GYM
 72
1
 11
167.0
 21
224.0
 31
0.0
100
AcDbText
 73
2
  0
TEXT
  5
E1B
330
D11
100
AcDbEntity
 67
1
  8
E-SEMA-YAZI
100
AcDbText
 10
210.0
 20
224.0
 30
0.0
 40
1.5
  1
5
  7
GYM
 72
1
 11
210.0
 21
224.0
 31
0.0
100
AcDbText
 73
2
  0
TEXT
  5
E1C
330
D11
100
AcDbEntity
 67
1
  8
E-SEMA-YAZI
100
AcDbText
 10
236.0
 20
224.0
 30
0.0
 40
1.5
  1
RCD-1
  7
GYM
 72
1
 11
236.0
 21
224.0
 31
0.0
100
AcDbText
 73
2
  0
TEXT
  5
E1D
330
D11
100
AcDbEntity
 67
1
  8
E-SEMA-YAZI
100
AcDbText
 10
38.0
 20
220.0
 30
0.0
 40
1.5
  1

  7
GYM
 72
1
 11
38.0
 21
220.0
 31
0.0
100
AcDbText
 73
2
  0
TEXT
  5
E1E
330
D11
100
AcDbEntity
 67
1
  8
E-SEMA-YAZI
100
AcDbText
 10
54.0
 20
220.0
 30
0.0
 40
1.5
  1
L4
  7
GYM
 72
1
 11
54.0
 21
220.0
 31
0.0
100
AcDbText
 73
2
  0
TEXT
  5
E1F
330
D11
100
AcDbEntity
 67
1
  8
E-SEMA-YAZI
100
AcDbText
 10
74.0
 20
220.0
 30
0.0
 40
1.5
  1
N
  7
GYM
 72
1
 11
74.0
 21
220.0
 31
0.0
100
AcDbText
 73
2
  0
TEXT
  5
E20
330
D11
100
AcDbEntity
 67
1
  8
E-SEMA-YAZI
100
AcDbText
 10
96.0
 20
220.0
 30
0.0
 40
1.5
  1
N1
  7
GYM
 72
1
 11
96.0
 21
220.0
 31
0.0
100
AcDbText
 73
2
  0
TEXT
  5
E21
330
D11
100
AcDbEntity
 67
1
  8
E-SEMA-YAZI
100
AcDbText
 10
122.0
 20
220.0
 30
0.0
 40
1.5
  1
NHXMH 3×2,5
  7
GYM
 72
1
 11
122.0
 21
220.0
 31
0.0
100
AcDbText
 73
2
  0
TEXT
  5
E22
330
D11
100
AcDbEntity
 67
1
  8
E-SEMA-YAZI
100
AcDbText
 10
167.0
 20
220.0
 30
0.0
 40
1.5
  1
Aydınlatma — giriş / banko
  7
GYM
 72
1
 11
167.0
 21
220.0
 31
0.0
100
AcDbText
 73
2
  0
TEXT
  5
E23
330
D11
100
AcDbEntity
 67
1
  8
E-SEMA-YAZI
100
AcDbText
 10
210.0
 20
220.0
 30
0.0
 40
1.5
  1
5
  7
GYM
 72
1
 11
210.0
 21
220.0
 31
0.0
100
AcDbText
 73
2
  0
TEXT
  5
E24
330
D11
100
AcDbEntity
 67
1
  8
E-SEMA-YAZI
100
AcDbText
 10
236.0
 20
220.0
 30
0.0
 40
1.5
  1
RCD-1
  7
GYM
 72
1
 11
236.0
 21
220.0
 31
0.0
100
AcDbText
 73
2
  0
TEXT
  5
E25
330
D11
100
AcDbEntity
 67
1
  8
E-SEMA-YAZI
100
AcDbText
 10
38.0
 20
216.0
 30
0.0
 40
1.5
  1

  7
GYM
 72
1
 11
38.0
 21
216.0
 31
0.0
100
AcDbText
 73
2
  0
TEXT
  5
E26
330
D11
100
AcDbEntity
 67
1
  8
E-SEMA-YAZI
100
AcDbText
 10
54.0
 20
216.0
 30
0.0
 40
1.5
  1
L4
  7
GYM
 72
1
 11
54.0
 21
216.0
 31
0.0
100
AcDbText
 73
2
  0
TEXT
  5
E27
330
D11
100
AcDbEntity
 67
1
  8
E-SEMA-YAZI
100
AcDbText
 10
74.0
 20
216.0
 30
0.0
 40
1.5
  1
PE
  7
GYM
 72
1
 11
74.0
 21
216.0
 31
0.0
100
AcDbText
 73
2
  0
TEXT
  5
E28
330
D11
100
AcDbEntity
 67
1
  8
E-SEMA-YAZI
100
AcDbText
 10
96.0
 20
216.0
 30
0.0
 40
1.5
  1
PE
  7
GYM
 72
1
 11
96.0
 21
216.0
 31
0.0
100
AcDbText
 73
2
  0
TEXT
  5
E29
330
D11
100
AcDbEntity
 67
1
  8
E-SEMA-YAZI
100
AcDbText
 10
122.0
 20
216.0
 30
0.0
 40
1.5
  1
NHXMH 3×2,5
  7
GYM
 72
1
 11
122.0
 21
216.0
 31
0.0
100
AcDbText
 73
2
  0
TEXT
  5
E2A
330
D11
100
AcDbEntity
 67
1
  8
E-SEMA-YAZI
100
AcDbText
 10
167.0
 20
216.0
 30
0.0
 40
1.5
  1
Aydınlatma — giriş / banko
  7
GYM
 72
1
 11
167.0
 21
216.0
 31
0.0
100
AcDbText
 73
2
  0
TEXT
  5
E2B
330
D11
100
AcDbEntity
 67
1
  8
E-SEMA-YAZI
100
AcDbText
 10
210.0
 20
216.0
 30
0.0
 40
1.5
  1
5
  7
GYM
 72
1
 11
210.0
 21
216.0
 31
0.0
100
AcDbText
 73
2
  0
TEXT
  5
E2C
330
D11
100
AcDbEntity
 67
1
  8
E-SEMA-YAZI
100
AcDbText
 10
236.0
 20
216.0
 30
0.0
 40
1.5
  1
RCD-1
  7
GYM
 72
1
 11
236.0
 21
216.0
 31
0.0
100
AcDbText
 73
2
  0
TEXT
  5
E2D
330
D11
100
AcDbEntity
 67
1
  8
E-SEMA-YAZI
100
AcDbText
 10
38.0
 20
212.0
 30
0.0
 40
1.5
  1
5
  7
GYM
 72
1
 11
38.0
 21
212.0
 31
0.0
100
AcDbText
 73
2
  0
TEXT
  5
E2E
330
D11
100
AcDbEntity
 67
1
  8
E-SEMA-YAZI
100
AcDbText
 10
54.0
 20
212.0
 30
0.0
 40
1.5
  1
L6
  7
GYM
 72
1
 11
54.0
 21
212.0
 31
0.0
100
AcDbText
 73
2
  0
TEXT
  5
E2F
330
D11
100
AcDbEntity
 67
1
  8
E-SEMA-YAZI
100
AcDbText
 10
74.0
 20
212.0
 30
0.0
 40
1.5
  1
L
  7
GYM
 72
1
 11
74.0
 21
212.0
 31
0.0
100
AcDbText
 73
2
  0
TEXT
  5
E30
330
D11
100
AcDbEntity
 67
1
  8
E-SEMA-YAZI
100
AcDbText
 10
96.0
 20
212.0
 30
0.0
 40
1.5
  1
15
  7
GYM
 72
1
 11
96.0
 21
212.0
 31
0.0
100
AcDbText
 73
2
  0
TEXT
  5
E31
330
D11
100
AcDbEntity
 67
1
  8
E-SEMA-YAZI
100
AcDbText
 10
122.0
 20
212.0
 30
0.0
 40
1.5
  1
NHXMH 3×2,5
  7
GYM
 72
1
 11
122.0
 21
212.0
 31
0.0
100
AcDbText
 73
2
  0
TEXT
  5
E32
330
D11
100
AcDbEntity
 67
1
  8
E-SEMA-YAZI
100
AcDbText
 10
167.0
 20
212.0
 30
0.0
 40
1.5
  1
Acil aydınlatma ve yönlendirme
  7
GYM
 72
1
 11
167.0
 21
212.0
 31
0.0
100
AcDbText
 73
2
  0
TEXT
  5
E33
330
D11
100
AcDbEntity
 67
1
  8
E-SEMA-YAZI
100
AcDbText
 10
210.0
 20
212.0
 30
0.0
 40
1.5
  1
5
  7
GYM
 72
1
 11
210.0
 21
212.0
 31
0.0
100
AcDbText
 73
2
  0
TEXT
  5
E34
330
D11
100
AcDbEntity
 67
1
  8
E-SEMA-YAZI
100
AcDbText
 10
236.0
 20
212.0
 30
0.0
 40
1.5
  1
RCD-1
  7
GYM
 72
1
 11
236.0
 21
212.0
 31
0.0
100
AcDbText
 73
2
  0
TEXT
  5
E35
330
D11
100
AcDbEntity
 67
1
  8
E-SEMA-YAZI
100
AcDbText
 10
38.0
 20
208.0
 30
0.0
 40
1.5
  1

  7
GYM
 72
1
 11
38.0
 21
208.0
 31
0.0
100
AcDbText
 73
2
  0
TEXT
  5
E36
330
D11
100
AcDbEntity
 67
1
  8
E-SEMA-YAZI
100
AcDbText
 10
54.0
 20
208.0
 30
0.0
 40
1.5
  1
L6
  7
GYM
 72
1
 11
54.0
 21
208.0
 31
0.0
100
AcDbText
 73
2
  0
TEXT
  5
E37
330
D11
100
AcDbEntity
 67
1
  8
E-SEMA-YAZI
100
AcDbText
 10
74.0
 20
208.0
 30
0.0
 40
1.5
  1
N
  7
GYM
 72
1
 11
74.0
 21
208.0
 31
0.0
100
AcDbText
 73
2
  0
TEXT
  5
E38
330
D11
100
AcDbEntity
 67
1
  8
E-SEMA-YAZI
100
AcDbText
 10
96.0
 20
208.0
 30
0.0
 40
1.5
  1
N1
  7
GYM
 72
1
 11
96.0
 21
208.0
 31
0.0
100
AcDbText
 73
2
  0
TEXT
  5
E39
330
D11
100
AcDbEntity
 67
1
  8
E-SEMA-YAZI
100
AcDbText
 10
122.0
 20
208.0
 30
0.0
 40
1.5
  1
NHXMH 3×2,5
  7
GYM
 72
1
 11
122.0
 21
208.0
 31
0.0
100
AcDbText
 73
2
  0
TEXT
  5
E3A
330
D11
100
AcDbEntity
 67
1
  8
E-SEMA-YAZI
100
AcDbText
 10
167.0
 20
208.0
 30
0.0
 40
1.5
  1
Acil aydınlatma ve yönlendirme
  7
GYM
 72
1
 11
167.0
 21
208.0
 31
0.0
100
AcDbText
 73
2
  0
TEXT
  5
E3B
330
D11
100
AcDbEntity
 67
1
  8
E-SEMA-YAZI
100
AcDbText
 10
210.0
 20
208.0
 30
0.0
 40
1.5
  1
5
  7
GYM
 72
1
 11
210.0
 21
208.0
 31
0.0
100
AcDbText
 73
2
  0
TEXT
  5
E3C
330
D11
100
AcDbEntity
 67
1
  8
E-SEMA-YAZI
100
AcDbText
 10
236.0
 20
208.0
 30
0.0
 40
1.5
  1
RCD-1
  7
GYM
 72
1
 11
236.0
 21
208.0
 31
0.0
100
AcDbText
 73
2
  0
TEXT
  5
E3D
330
D11
100
AcDbEntity
 67
1
  8
E-SEMA-YAZI
100
AcDbText
 10
38.0
 20
204.0
 30
0.0
 40
1.5
  1

  7
GYM
 72
1
 11
38.0
 21
204.0
 31
0.0
100
AcDbText
 73
2
  0
TEXT
  5
E3E
330
D11
100
AcDbEntity
 67
1
  8
E-SEMA-YAZI
100
AcDbText
 10
54.0
 20
204.0
 30
0.0
 40
1.5
  1
L6
  7
GYM
 72
1
 11
54.0
 21
204.0
 31
0.0
100
AcDbText
 73
2
  0
TEXT
  5
E3F
330
D11
100
AcDbEntity
 67
1
  8
E-SEMA-YAZI
100
AcDbText
 10
74.0
 20
204.0
 30
0.0
 40
1.5
  1
PE
  7
GYM
 72
1
 11
74.0
 21
204.0
 31
0.0
100
AcDbText
 73
2
  0
TEXT
  5
E40
330
D11
100
AcDbEntity
 67
1
  8
E-SEMA-YAZI
100
AcDbText
 10
96.0
 20
204.0
 30
0.0
 40
1.5
  1
PE
  7
GYM
 72
1
 11
96.0
 21
204.0
 31
0.0
100
AcDbText
 73
2
  0
TEXT
  5
E41
330
D11
100
AcDbEntity
 67
1
  8
E-SEMA-YAZI
100
AcDbText
 10
122.0
 20
204.0
 30
0.0
 40
1.5
  1
NHXMH 3×2,5
  7
GYM
 72
1
 11
122.0
 21
204.0
 31
0.0
100
AcDbText
 73
2
  0
TEXT
  5
E42
330
D11
100
AcDbEntity
 67
1
  8
E-SEMA-YAZI
100
AcDbText
 10
167.0
 20
204.0
 30
0.0
 40
1.5
  1
Acil aydınlatma ve yönlendirme
  7
GYM
 72
1
 11
167.0
 21
204.0
 31
0.0
100
AcDbText
 73
2
  0
TEXT
  5
E43
330
D11
100
AcDbEntity
 67
1
  8
E-SEMA-YAZI
100
AcDbText
 10
210.0
 20
204.0
 30
0.0
 40
1.5
  1
5
  7
GYM
 72
1
 11
210.0
 21
204.0
 31
0.0
100
AcDbText
 73
2
  0
TEXT
  5
E44
330
D11
100
AcDbEntity
 67
1
  8
E-SEMA-YAZI
100
AcDbText
 10
236.0
 20
204.0
 30
0.0
 40
1.5
  1
RCD-1
  7
GYM
 72
1
 11
236.0
 21
204.0
 31
0.0
100
AcDbText
 73
2
  0
TEXT
  5
E45
330
D11
100
AcDbEntity
 67
1
  8
E-SEMA-YAZI
100
AcDbText
 10
38.0
 20
200.0
 30
0.0
 40
1.5
  1
6
  7
GYM
 72
1
 11
38.0
 21
200.0
 31
0.0
100
AcDbText
 73
2
  0
TEXT
  5
E46
330
D11
100
AcDbEntity
 67
1
  8
E-SEMA-YAZI
100
AcDbText
 10
54.0
 20
200.0
 30
0.0
 40
1.5
  1
P1
  7
GYM
 72
1
 11
54.0
 21
200.0
 31
0.0
100
AcDbText
 73
2
  0
TEXT
  5
E47
330
D11
100
AcDbEntity
 67
1
  8
E-SEMA-YAZI
100
AcDbText
 10
74.0
 20
200.0
 30
0.0
 40
1.5
  1
L
  7
GYM
 72
1
 11
74.0
 21
200.0
 31
0.0
100
AcDbText
 73
2
  0
TEXT
  5
E48
330
D11
100
AcDbEntity
 67
1
  8
E-SEMA-YAZI
100
AcDbText
 10
96.0
 20
200.0
 30
0.0
 40
1.5
  1
16
  7
GYM
 72
1
 11
96.0
 21
200.0
 31
0.0
100
AcDbText
 73
2
  0
TEXT
  5
E49
330
D11
100
AcDbEntity
 67
1
  8
E-SEMA-YAZI
100
AcDbText
 10
122.0
 20
200.0
 30
0.0
 40
1.5
  1
NHXMH 3×2,5
  7
GYM
 72
1
 11
122.0
 21
200.0
 31
0.0
100
AcDbText
 73
2
  0
TEXT
  5
E4A
330
D11
100
AcDbEntity
 67
1
  8
E-SEMA-YAZI
100
AcDbText
 10
167.0
 20
200.0
 30
0.0
 40
1.5
  1
Priz — salon kuzey (PR12–PR16, PR1)
  7
GYM
 72
1
 11
167.0
 21
200.0
 31
0.0
100
AcDbText
 73
2
  0
TEXT
  5
E4B
330
D11
100
AcDbEntity
 67
1
  8
E-SEMA-YAZI
100
AcDbText
 10
210.0
 20
200.0
 30
0.0
 40
1.5
  1
5
  7
GYM
 72
1
 11
210.0
 21
200.0
 31
0.0
100
AcDbText
 73
2
  0
TEXT
  5
E4C
330
D11
100
AcDbEntity
 67
1
  8
E-SEMA-YAZI
100
AcDbText
 10
236.0
 20
200.0
 30
0.0
 40
1.5
  1
RCD-2
  7
GYM
 72
1
 11
236.0
 21
200.0
 31
0.0
100
AcDbText
 73
2
  0
TEXT
  5
E4D
330
D11
100
AcDbEntity
 67
1
  8
E-SEMA-YAZI
100
AcDbText
 10
38.0
 20
196.0
 30
0.0
 40
1.5
  1

  7
GYM
 72
1
 11
38.0
 21
196.0
 31
0.0
100
AcDbText
 73
2
  0
TEXT
  5
E4E
330
D11
100
AcDbEntity
 67
1
  8
E-SEMA-YAZI
100
AcDbText
 10
54.0
 20
196.0
 30
0.0
 40
1.5
  1
P1
  7
GYM
 72
1
 11
54.0
 21
196.0
 31
0.0
100
AcDbText
 73
2
  0
TEXT
  5
E4F
330
D11
100
AcDbEntity
 67
1
  8
E-SEMA-YAZI
100
AcDbText
 10
74.0
 20
196.0
 30
0.0
 40
1.5
  1
N
  7
GYM
 72
1
 11
74.0
 21
196.0
 31
0.0
100
AcDbText
 73
2
  0
TEXT
  5
E50
330
D11
100
AcDbEntity
 67
1
  8
E-SEMA-YAZI
100
AcDbText
 10
96.0
 20
196.0
 30
0.0
 40
1.5
  1
N2
  7
GYM
 72
1
 11
96.0
 21
196.0
 31
0.0
100
AcDbText
 73
2
  0
TEXT
  5
E51
330
D11
100
AcDbEntity
 67
1
  8
E-SEMA-YAZI
100
AcDbText
 10
122.0
 20
196.0
 30
0.0
 40
1.5
  1
NHXMH 3×2,5
  7
GYM
 72
1
 11
122.0
 21
196.0
 31
0.0
100
AcDbText
 73
2
  0
TEXT
  5
E52
330
D11
100
AcDbEntity
 67
1
  8
E-SEMA-YAZI
100
AcDbText
 10
167.0
 20
196.0
 30
0.0
 40
1.5
  1
Priz — salon kuzey (PR12–PR16, PR1)
  7
GYM
 72
1
 11
167.0
 21
196.0
 31
0.0
100
AcDbText
 73
2
  0
TEXT
  5
E53
330
D11
100
AcDbEntity
 67
1
  8
E-SEMA-YAZI
100
AcDbText
 10
210.0
 20
196.0
 30
0.0
 40
1.5
  1
5
  7
GYM
 72
1
 11
210.0
 21
196.0
 31
0.0
100
AcDbText
 73
2
  0
TEXT
  5
E54
330
D11
100
AcDbEntity
 67
1
  8
E-SEMA-YAZI
100
AcDbText
 10
236.0
 20
196.0
 30
0.0
 40
1.5
  1
RCD-2
  7
GYM
 72
1
 11
236.0
 21
196.0
 31
0.0
100
AcDbText
 73
2
  0
TEXT
  5
E55
330
D11
100
AcDbEntity
 67
1
  8
E-SEMA-YAZI
100
AcDbText
 10
38.0
 20
192.0
 30
0.0
 40
1.5
  1

  7
GYM
 72
1
 11
38.0
 21
192.0
 31
0.0
100
AcDbText
 73
2
  0
TEXT
  5
E56
330
D11
100
AcDbEntity
 67
1
  8
E-SEMA-YAZI
100
AcDbText
 10
54.0
 20
192.0
 30
0.0
 40
1.5
  1
P1
  7
GYM
 72
1
 11
54.0
 21
192.0
 31
0.0
100
AcDbText
 73
2
  0
TEXT
  5
E57
330
D11
100
AcDbEntity
 67
1
  8
E-SEMA-YAZI
100
AcDbText
 10
74.0
 20
192.0
 30
0.0
 40
1.5
  1
PE
  7
GYM
 72
1
 11
74.0
 21
192.0
 31
0.0
100
AcDbText
 73
2
  0
TEXT
  5
E58
330
D11
100
AcDbEntity
 67
1
  8
E-SEMA-YAZI
100
AcDbText
 10
96.0
 20
192.0
 30
0.0
 40
1.5
  1
PE
  7
GYM
 72
1
 11
96.0
 21
192.0
 31
0.0
100
AcDbText
 73
2
  0
TEXT
  5
E59
330
D11
100
AcDbEntity
 67
1
  8
E-SEMA-YAZI
100
AcDbText
 10
122.0
 20
192.0
 30
0.0
 40
1.5
  1
NHXMH 3×2,5
  7
GYM
 72
1
 11
122.0
 21
192.0
 31
0.0
100
AcDbText
 73
2
  0
TEXT
  5
E5A
330
D11
100
AcDbEntity
 67
1
  8
E-SEMA-YAZI
100
AcDbText
 10
167.0
 20
192.0
 30
0.0
 40
1.5
  1
Priz — salon kuzey (PR12–PR16, PR1)
  7
GYM
 72
1
 11
167.0
 21
192.0
 31
0.0
100
AcDbText
 73
2
  0
TEXT
  5
E5B
330
D11
100
AcDbEntity
 67
1
  8
E-SEMA-YAZI
100
AcDbText
 10
210.0
 20
192.0
 30
0.0
 40
1.5
  1
5
  7
GYM
 72
1
 11
210.0
 21
192.0
 31
0.0
100
AcDbText
 73
2
  0
TEXT
  5
E5C
330
D11
100
AcDbEntity
 67
1
  8
E-SEMA-YAZI
100
AcDbText
 10
236.0
 20
192.0
 30
0.0
 40
1.5
  1
RCD-2
  7
GYM
 72
1
 11
236.0
 21
192.0
 31
0.0
100
AcDbText
 73
2
  0
TEXT
  5
E5D
330
D11
100
AcDbEntity
 67
1
  8
E-SEMA-YAZI
100
AcDbText
 10
38.0
 20
188.0
 30
0.0
 40
1.5
  1
7
  7
GYM
 72
1
 11
38.0
 21
188.0
 31
0.0
100
AcDbText
 73
2
  0
TEXT
  5
E5E
330
D11
100
AcDbEntity
 67
1
  8
E-SEMA-YAZI
100
AcDbText
 10
54.0
 20
188.0
 30
0.0
 40
1.5
  1
P2
  7
GYM
 72
1
 11
54.0
 21
188.0
 31
0.0
100
AcDbText
 73
2
  0
TEXT
  5
E5F
330
D11
100
AcDbEntity
 67
1
  8
E-SEMA-YAZI
100
AcDbText
 10
74.0
 20
188.0
 30
0.0
 40
1.5
  1
L
  7
GYM
 72
1
 11
74.0
 21
188.0
 31
0.0
100
AcDbText
 73
2
  0
TEXT
  5
E60
330
D11
100
AcDbEntity
 67
1
  8
E-SEMA-YAZI
100
AcDbText
 10
96.0
 20
188.0
 30
0.0
 40
1.5
  1
17
  7
GYM
 72
1
 11
96.0
 21
188.0
 31
0.0
100
AcDbText
 73
2
  0
TEXT
  5
E61
330
D11
100
AcDbEntity
 67
1
  8
E-SEMA-YAZI
100
AcDbText
 10
122.0
 20
188.0
 30
0.0
 40
1.5
  1
NHXMH 3×2,5
  7
GYM
 72
1
 11
122.0
 21
188.0
 31
0.0
100
AcDbText
 73
2
  0
TEXT
  5
E62
330
D11
100
AcDbEntity
 67
1
  8
E-SEMA-YAZI
100
AcDbText
 10
167.0
 20
188.0
 30
0.0
 40
1.5
  1
Priz — salon güney (PR5–PR9)
  7
GYM
 72
1
 11
167.0
 21
188.0
 31
0.0
100
AcDbText
 73
2
  0
TEXT
  5
E63
330
D11
100
AcDbEntity
 67
1
  8
E-SEMA-YAZI
100
AcDbText
 10
210.0
 20
188.0
 30
0.0
 40
1.5
  1
5
  7
GYM
 72
1
 11
210.0
 21
188.0
 31
0.0
100
AcDbText
 73
2
  0
TEXT
  5
E64
330
D11
100
AcDbEntity
 67
1
  8
E-SEMA-YAZI
100
AcDbText
 10
236.0
 20
188.0
 30
0.0
 40
1.5
  1
RCD-2
  7
GYM
 72
1
 11
236.0
 21
188.0
 31
0.0
100
AcDbText
 73
2
  0
TEXT
  5
E65
330
D11
100
AcDbEntity
 67
1
  8
E-SEMA-YAZI
100
AcDbText
 10
38.0
 20
184.0
 30
0.0
 40
1.5
  1

  7
GYM
 72
1
 11
38.0
 21
184.0
 31
0.0
100
AcDbText
 73
2
  0
TEXT
  5
E66
330
D11
100
AcDbEntity
 67
1
  8
E-SEMA-YAZI
100
AcDbText
 10
54.0
 20
184.0
 30
0.0
 40
1.5
  1
P2
  7
GYM
 72
1
 11
54.0
 21
184.0
 31
0.0
100
AcDbText
 73
2
  0
TEXT
  5
E67
330
D11
100
AcDbEntity
 67
1
  8
E-SEMA-YAZI
100
AcDbText
 10
74.0
 20
184.0
 30
0.0
 40
1.5
  1
N
  7
GYM
 72
1
 11
74.0
 21
184.0
 31
0.0
100
AcDbText
 73
2
  0
TEXT
  5
E68
330
D11
100
AcDbEntity
 67
1
  8
E-SEMA-YAZI
100
AcDbText
 10
96.0
 20
184.0
 30
0.0
 40
1.5
  1
N2
  7
GYM
 72
1
 11
96.0
 21
184.0
 31
0.0
100
AcDbText
 73
2
  0
TEXT
  5
E69
330
D11
100
AcDbEntity
 67
1
  8
E-SEMA-YAZI
100
AcDbText
 10
122.0
 20
184.0
 30
0.0
 40
1.5
  1
NHXMH 3×2,5
  7
GYM
 72
1
 11
122.0
 21
184.0
 31
0.0
100
AcDbText
 73
2
  0
TEXT
  5
E6A
330
D11
100
AcDbEntity
 67
1
  8
E-SEMA-YAZI
100
AcDbText
 10
167.0
 20
184.0
 30
0.0
 40
1.5
  1
Priz — salon güney (PR5–PR9)
  7
GYM
 72
1
 11
167.0
 21
184.0
 31
0.0
100
AcDbText
 73
2
  0
TEXT
  5
E6B
330
D11
100
AcDbEntity
 67
1
  8
E-SEMA-YAZI
100
AcDbText
 10
210.0
 20
184.0
 30
0.0
 40
1.5
  1
5
  7
GYM
 72
1
 11
210.0
 21
184.0
 31
0.0
100
AcDbText
 73
2
  0
TEXT
  5
E6C
330
D11
100
AcDbEntity
 67
1
  8
E-SEMA-YAZI
100
AcDbText
 10
236.0
 20
184.0
 30
0.0
 40
1.5
  1
RCD-2
  7
GYM
 72
1
 11
236.0
 21
184.0
 31
0.0
100
AcDbText
 73
2
  0
TEXT
  5
E6D
330
D11
100
AcDbEntity
 67
1
  8
E-SEMA-YAZI
100
AcDbText
 10
38.0
 20
180.0
 30
0.0
 40
1.5
  1

  7
GYM
 72
1
 11
38.0
 21
180.0
 31
0.0
100
AcDbText
 73
2
  0
TEXT
  5
E6E
330
D11
100
AcDbEntity
 67
1
  8
E-SEMA-YAZI
100
AcDbText
 10
54.0
 20
180.0
 30
0.0
 40
1.5
  1
P2
  7
GYM
 72
1
 11
54.0
 21
180.0
 31
0.0
100
AcDbText
 73
2
  0
TEXT
  5
E6F
330
D11
100
AcDbEntity
 67
1
  8
E-SEMA-YAZI
100
AcDbText
 10
74.0
 20
180.0
 30
0.0
 40
1.5
  1
PE
  7
GYM
 72
1
 11
74.0
 21
180.0
 31
0.0
100
AcDbText
 73
2
  0
TEXT
  5
E70
330
D11
100
AcDbEntity
 67
1
  8
E-SEMA-YAZI
100
AcDbText
 10
96.0
 20
180.0
 30
0.0
 40
1.5
  1
PE
  7
GYM
 72
1
 11
96.0
 21
180.0
 31
0.0
100
AcDbText
 73
2
  0
TEXT
  5
E71
330
D11
100
AcDbEntity
 67
1
  8
E-SEMA-YAZI
100
AcDbText
 10
122.0
 20
180.0
 30
0.0
 40
1.5
  1
NHXMH 3×2,5
  7
GYM
 72
1
 11
122.0
 21
180.0
 31
0.0
100
AcDbText
 73
2
  0
TEXT
  5
E72
330
D11
100
AcDbEntity
 67
1
  8
E-SEMA-YAZI
100
AcDbText
 10
167.0
 20
180.0
 30
0.0
 40
1.5
  1
Priz — salon güney (PR5–PR9)
  7
GYM
 72
1
 11
167.0
 21
180.0
 31
0.0
100
AcDbText
 73
2
  0
TEXT
  5
E73
330
D11
100
AcDbEntity
 67
1
  8
E-SEMA-YAZI
100
AcDbText
 10
210.0
 20
180.0
 30
0.0
 40
1.5
  1
5
  7
GYM
 72
1
 11
210.0
 21
180.0
 31
0.0
100
AcDbText
 73
2
  0
TEXT
  5
E74
330
D11
100
AcDbEntity
 67
1
  8
E-SEMA-YAZI
100
AcDbText
 10
236.0
 20
180.0
 30
0.0
 40
1.5
  1
RCD-2
  7
GYM
 72
1
 11
236.0
 21
180.0
 31
0.0
100
AcDbText
 73
2
  0
TEXT
  5
E75
330
D11
100
AcDbEntity
 67
1
  8
E-SEMA-YAZI
100
AcDbText
 10
38.0
 20
176.0
 30
0.0
 40
1.5
  1
8
  7
GYM
 72
1
 11
38.0
 21
176.0
 31
0.0
100
AcDbText
 73
2
  0
TEXT
  5
E76
330
D11
100
AcDbEntity
 67
1
  8
E-SEMA-YAZI
100
AcDbText
 10
54.0
 20
176.0
 30
0.0
 40
1.5
  1
P3
  7
GYM
 72
1
 11
54.0
 21
176.0
 31
0.0
100
AcDbText
 73
2
  0
TEXT
  5
E77
330
D11
100
AcDbEntity
 67
1
  8
E-SEMA-YAZI
100
AcDbText
 10
74.0
 20
176.0
 30
0.0
 40
1.5
  1
L
  7
GYM
 72
1
 11
74.0
 21
176.0
 31
0.0
100
AcDbText
 73
2
  0
TEXT
  5
E78
330
D11
100
AcDbEntity
 67
1
  8
E-SEMA-YAZI
100
AcDbText
 10
96.0
 20
176.0
 30
0.0
 40
1.5
  1
18
  7
GYM
 72
1
 11
96.0
 21
176.0
 31
0.0
100
AcDbText
 73
2
  0
TEXT
  5
E79
330
D11
100
AcDbEntity
 67
1
  8
E-SEMA-YAZI
100
AcDbText
 10
122.0
 20
176.0
 30
0.0
 40
1.5
  1
NHXMH 3×2,5
  7
GYM
 72
1
 11
122.0
 21
176.0
 31
0.0
100
AcDbText
 73
2
  0
TEXT
  5
E7A
330
D11
100
AcDbEntity
 67
1
  8
E-SEMA-YAZI
100
AcDbText
 10
167.0
 20
176.0
 30
0.0
 40
1.5
  1
Priz — banko, POS, veri
  7
GYM
 72
1
 11
167.0
 21
176.0
 31
0.0
100
AcDbText
 73
2
  0
TEXT
  5
E7B
330
D11
100
AcDbEntity
 67
1
  8
E-SEMA-YAZI
100
AcDbText
 10
210.0
 20
176.0
 30
0.0
 40
1.5
  1
5
  7
GYM
 72
1
 11
210.0
 21
176.0
 31
0.0
100
AcDbText
 73
2
  0
TEXT
  5
E7C
330
D11
100
AcDbEntity
 67
1
  8
E-SEMA-YAZI
100
AcDbText
 10
236.0
 20
176.0
 30
0.0
 40
1.5
  1
RCD-2
  7
GYM
 72
1
 11
236.0
 21
176.0
 31
0.0
100
AcDbText
 73
2
  0
TEXT
  5
E7D
330
D11
100
AcDbEntity
 67
1
  8
E-SEMA-YAZI
100
AcDbText
 10
38.0
 20
172.0
 30
0.0
 40
1.5
  1

  7
GYM
 72
1
 11
38.0
 21
172.0
 31
0.0
100
AcDbText
 73
2
  0
TEXT
  5
E7E
330
D11
100
AcDbEntity
 67
1
  8
E-SEMA-YAZI
100
AcDbText
 10
54.0
 20
172.0
 30
0.0
 40
1.5
  1
P3
  7
GYM
 72
1
 11
54.0
 21
172.0
 31
0.0
100
AcDbText
 73
2
  0
TEXT
  5
E7F
330
D11
100
AcDbEntity
 67
1
  8
E-SEMA-YAZI
100
AcDbText
 10
74.0
 20
172.0
 30
0.0
 40
1.5
  1
N
  7
GYM
 72
1
 11
74.0
 21
172.0
 31
0.0
100
AcDbText
 73
2
  0
TEXT
  5
E80
330
D11
100
AcDbEntity
 67
1
  8
E-SEMA-YAZI
100
AcDbText
 10
96.0
 20
172.0
 30
0.0
 40
1.5
  1
N2
  7
GYM
 72
1
 11
96.0
 21
172.0
 31
0.0
100
AcDbText
 73
2
  0
TEXT
  5
E81
330
D11
100
AcDbEntity
 67
1
  8
E-SEMA-YAZI
100
AcDbText
 10
122.0
 20
172.0
 30
0.0
 40
1.5
  1
NHXMH 3×2,5
  7
GYM
 72
1
 11
122.0
 21
172.0
 31
0.0
100
AcDbText
 73
2
  0
TEXT
  5
E82
330
D11
100
AcDbEntity
 67
1
  8
E-SEMA-YAZI
100
AcDbText
 10
167.0
 20
172.0
 30
0.0
 40
1.5
  1
Priz — banko, POS, veri
  7
GYM
 72
1
 11
167.0
 21
172.0
 31
0.0
100
AcDbText
 73
2
  0
TEXT
  5
E83
330
D11
100
AcDbEntity
 67
1
  8
E-SEMA-YAZI
100
AcDbText
 10
210.0
 20
172.0
 30
0.0
 40
1.5
  1
5
  7
GYM
 72
1
 11
210.0
 21
172.0
 31
0.0
100
AcDbText
 73
2
  0
TEXT
  5
E84
330
D11
100
AcDbEntity
 67
1
  8
E-SEMA-YAZI
100
AcDbText
 10
236.0
 20
172.0
 30
0.0
 40
1.5
  1
RCD-2
  7
GYM
 72
1
 11
236.0
 21
172.0
 31
0.0
100
AcDbText
 73
2
  0
TEXT
  5
E85
330
D11
100
AcDbEntity
 67
1
  8
E-SEMA-YAZI
100
AcDbText
 10
38.0
 20
168.0
 30
0.0
 40
1.5
  1

  7
GYM
 72
1
 11
38.0
 21
168.0
 31
0.0
100
AcDbText
 73
2
  0
TEXT
  5
E86
330
D11
100
AcDbEntity
 67
1
  8
E-SEMA-YAZI
100
AcDbText
 10
54.0
 20
168.0
 30
0.0
 40
1.5
  1
P3
  7
GYM
 72
1
 11
54.0
 21
168.0
 31
0.0
100
AcDbText
 73
2
  0
TEXT
  5
E87
330
D11
100
AcDbEntity
 67
1
  8
E-SEMA-YAZI
100
AcDbText
 10
74.0
 20
168.0
 30
0.0
 40
1.5
  1
PE
  7
GYM
 72
1
 11
74.0
 21
168.0
 31
0.0
100
AcDbText
 73
2
  0
TEXT
  5
E88
330
D11
100
AcDbEntity
 67
1
  8
E-SEMA-YAZI
100
AcDbText
 10
96.0
 20
168.0
 30
0.0
 40
1.5
  1
PE
  7
GYM
 72
1
 11
96.0
 21
168.0
 31
0.0
100
AcDbText
 73
2
  0
TEXT
  5
E89
330
D11
100
AcDbEntity
 67
1
  8
E-SEMA-YAZI
100
AcDbText
 10
122.0
 20
168.0
 30
0.0
 40
1.5
  1
NHXMH 3×2,5
  7
GYM
 72
1
 11
122.0
 21
168.0
 31
0.0
100
AcDbText
 73
2
  0
TEXT
  5
E8A
330
D11
100
AcDbEntity
 67
1
  8
E-SEMA-YAZI
100
AcDbText
 10
167.0
 20
168.0
 30
0.0
 40
1.5
  1
Priz — banko, POS, veri
  7
GYM
 72
1
 11
167.0
 21
168.0
 31
0.0
100
AcDbText
 73
2
  0
TEXT
  5
E8B
330
D11
100
AcDbEntity
 67
1
  8
E-SEMA-YAZI
100
AcDbText
 10
210.0
 20
168.0
 30
0.0
 40
1.5
  1
5
  7
GYM
 72
1
 11
210.0
 21
168.0
 31
0.0
100
AcDbText
 73
2
  0
TEXT
  5
E8C
330
D11
100
AcDbEntity
 67
1
  8
E-SEMA-YAZI
100
AcDbText
 10
236.0
 20
168.0
 30
0.0
 40
1.5
  1
RCD-2
  7
GYM
 72
1
 11
236.0
 21
168.0
 31
0.0
100
AcDbText
 73
2
  0
TEXT
  5
E8D
330
D11
100
AcDbEntity
 67
1
  8
E-SEMA-YAZI
100
AcDbText
 10
38.0
 20
164.0
 30
0.0
 40
1.5
  1
9
  7
GYM
 72
1
 11
38.0
 21
164.0
 31
0.0
100
AcDbText
 73
2
  0
TEXT
  5
E8E
330
D11
100
AcDbEntity
 67
1
  8
E-SEMA-YAZI
100
AcDbText
 10
54.0
 20
164.0
 30
0.0
 40
1.5
  1
P4
  7
GYM
 72
1
 11
54.0
 21
164.0
 31
0.0
100
AcDbText
 73
2
  0
TEXT
  5
E8F
330
D11
100
AcDbEntity
 67
1
  8
E-SEMA-YAZI
100
AcDbText
 10
74.0
 20
164.0
 30
0.0
 40
1.5
  1
L
  7
GYM
 72
1
 11
74.0
 21
164.0
 31
0.0
100
AcDbText
 73
2
  0
TEXT
  5
E90
330
D11
100
AcDbEntity
 67
1
  8
E-SEMA-YAZI
100
AcDbText
 10
96.0
 20
164.0
 30
0.0
 40
1.5
  1
19
  7
GYM
 72
1
 11
96.0
 21
164.0
 31
0.0
100
AcDbText
 73
2
  0
TEXT
  5
E91
330
D11
100
AcDbEntity
 67
1
  8
E-SEMA-YAZI
100
AcDbText
 10
122.0
 20
164.0
 30
0.0
 40
1.5
  1
NHXMH 3×2,5
  7
GYM
 72
1
 11
122.0
 21
164.0
 31
0.0
100
AcDbText
 73
2
  0
TEXT
  5
E92
330
D11
100
AcDbEntity
 67
1
  8
E-SEMA-YAZI
100
AcDbText
 10
167.0
 20
164.0
 30
0.0
 40
1.5
  1
Priz — kardiyo ekipmanı (ayrı linye)
  7
GYM
 72
1
 11
167.0
 21
164.0
 31
0.0
100
AcDbText
 73
2
  0
TEXT
  5
E93
330
D11
100
AcDbEntity
 67
1
  8
E-SEMA-YAZI
100
AcDbText
 10
210.0
 20
164.0
 30
0.0
 40
1.5
  1
6
  7
GYM
 72
1
 11
210.0
 21
164.0
 31
0.0
100
AcDbText
 73
2
  0
TEXT
  5
E94
330
D11
100
AcDbEntity
 67
1
  8
E-SEMA-YAZI
100
AcDbText
 10
236.0
 20
164.0
 30
0.0
 40
1.5
  1
RCD-2
  7
GYM
 72
1
 11
236.0
 21
164.0
 31
0.0
100
AcDbText
 73
2
  0
TEXT
  5
E95
330
D11
100
AcDbEntity
 67
1
  8
E-SEMA-YAZI
100
AcDbText
 10
38.0
 20
160.0
 30
0.0
 40
1.5
  1

  7
GYM
 72
1
 11
38.0
 21
160.0
 31
0.0
100
AcDbText
 73
2
  0
TEXT
  5
E96
330
D11
100
AcDbEntity
 67
1
  8
E-SEMA-YAZI
100
AcDbText
 10
54.0
 20
160.0
 30
0.0
 40
1.5
  1
P4
  7
GYM
 72
1
 11
54.0
 21
160.0
 31
0.0
100
AcDbText
 73
2
  0
TEXT
  5
E97
330
D11
100
AcDbEntity
 67
1
  8
E-SEMA-YAZI
100
AcDbText
 10
74.0
 20
160.0
 30
0.0
 40
1.5
  1
N
  7
GYM
 72
1
 11
74.0
 21
160.0
 31
0.0
100
AcDbText
 73
2
  0
TEXT
  5
E98
330
D11
100
AcDbEntity
 67
1
  8
E-SEMA-YAZI
100
AcDbText
 10
96.0
 20
160.0
 30
0.0
 40
1.5
  1
N2
  7
GYM
 72
1
 11
96.0
 21
160.0
 31
0.0
100
AcDbText
 73
2
  0
TEXT
  5
E99
330
D11
100
AcDbEntity
 67
1
  8
E-SEMA-YAZI
100
AcDbText
 10
122.0
 20
160.0
 30
0.0
 40
1.5
  1
NHXMH 3×2,5
  7
GYM
 72
1
 11
122.0
 21
160.0
 31
0.0
100
AcDbText
 73
2
  0
TEXT
  5
E9A
330
D11
100
AcDbEntity
 67
1
  8
E-SEMA-YAZI
100
AcDbText
 10
167.0
 20
160.0
 30
0.0
 40
1.5
  1
Priz — kardiyo ekipmanı (ayrı linye)
  7
GYM
 72
1
 11
167.0
 21
160.0
 31
0.0
100
AcDbText
 73
2
  0
TEXT
  5
E9B
330
D11
100
AcDbEntity
 67
1
  8
E-SEMA-YAZI
100
AcDbText
 10
210.0
 20
160.0
 30
0.0
 40
1.5
  1
6
  7
GYM
 72
1
 11
210.0
 21
160.0
 31
0.0
100
AcDbText
 73
2
  0
TEXT
  5
E9C
330
D11
100
AcDbEntity
 67
1
  8
E-SEMA-YAZI
100
AcDbText
 10
236.0
 20
160.0
 30
0.0
 40
1.5
  1
RCD-2
  7
GYM
 72
1
 11
236.0
 21
160.0
 31
0.0
100
AcDbText
 73
2
  0
TEXT
  5
E9D
330
D11
100
AcDbEntity
 67
1
  8
E-SEMA-YAZI
100
AcDbText
 10
38.0
 20
156.0
 30
0.0
 40
1.5
  1

  7
GYM
 72
1
 11
38.0
 21
156.0
 31
0.0
100
AcDbText
 73
2
  0
TEXT
  5
E9E
330
D11
100
AcDbEntity
 67
1
  8
E-SEMA-YAZI
100
AcDbText
 10
54.0
 20
156.0
 30
0.0
 40
1.5
  1
P4
  7
GYM
 72
1
 11
54.0
 21
156.0
 31
0.0
100
AcDbText
 73
2
  0
TEXT
  5
E9F
330
D11
100
AcDbEntity
 67
1
  8
E-SEMA-YAZI
100
AcDbText
 10
74.0
 20
156.0
 30
0.0
 40
1.5
  1
PE
  7
GYM
 72
1
 11
74.0
 21
156.0
 31
0.0
100
AcDbText
 73
2
  0
TEXT
  5
EA0
330
D11
100
AcDbEntity
 67
1
  8
E-SEMA-YAZI
100
AcDbText
 10
96.0
 20
156.0
 30
0.0
 40
1.5
  1
PE
  7
GYM
 72
1
 11
96.0
 21
156.0
 31
0.0
100
AcDbText
 73
2
  0
TEXT
  5
EA1
330
D11
100
AcDbEntity
 67
1
  8
E-SEMA-YAZI
100
AcDbText
 10
122.0
 20
156.0
 30
0.0
 40
1.5
  1
NHXMH 3×2,5
  7
GYM
 72
1
 11
122.0
 21
156.0
 31
0.0
100
AcDbText
 73
2
  0
TEXT
  5
EA2
330
D11
100
AcDbEntity
 67
1
  8
E-SEMA-YAZI
100
AcDbText
 10
167.0
 20
156.0
 30
0.0
 40
1.5
  1
Priz — kardiyo ekipmanı (ayrı linye)
  7
GYM
 72
1
 11
167.0
 21
156.0
 31
0.0
100
AcDbText
 73
2
  0
TEXT
  5
EA3
330
D11
100
AcDbEntity
 67
1
  8
E-SEMA-YAZI
100
AcDbText
 10
210.0
 20
156.0
 30
0.0
 40
1.5
  1
6
  7
GYM
 72
1
 11
210.0
 21
156.0
 31
0.0
100
AcDbText
 73
2
  0
TEXT
  5
EA4
330
D11
100
AcDbEntity
 67
1
  8
E-SEMA-YAZI
100
AcDbText
 10
236.0
 20
156.0
 30
0.0
 40
1.5
  1
RCD-2
  7
GYM
 72
1
 11
236.0
 21
156.0
 31
0.0
100
AcDbText
 73
2
  0
TEXT
  5
EA5
330
D11
100
AcDbEntity
 67
1
  8
E-SEMA-YAZI
100
AcDbText
 10
38.0
 20
152.0
 30
0.0
 40
1.5
  1
10
  7
GYM
 72
1
 11
38.0
 21
152.0
 31
0.0
100
AcDbText
 73
2
  0
TEXT
  5
EA6
330
D11
100
AcDbEntity
 67
1
  8
E-SEMA-YAZI
100
AcDbText
 10
54.0
 20
152.0
 30
0.0
 40
1.5
  1
P6
  7
GYM
 72
1
 11
54.0
 21
152.0
 31
0.0
100
AcDbText
 73
2
  0
TEXT
  5
EA7
330
D11
100
AcDbEntity
 67
1
  8
E-SEMA-YAZI
100
AcDbText
 10
74.0
 20
152.0
 30
0.0
 40
1.5
  1
L
  7
GYM
 72
1
 11
74.0
 21
152.0
 31
0.0
100
AcDbText
 73
2
  0
TEXT
  5
EA8
330
D11
100
AcDbEntity
 67
1
  8
E-SEMA-YAZI
100
AcDbText
 10
96.0
 20
152.0
 30
0.0
 40
1.5
  1
20
  7
GYM
 72
1
 11
96.0
 21
152.0
 31
0.0
100
AcDbText
 73
2
  0
TEXT
  5
EA9
330
D11
100
AcDbEntity
 67
1
  8
E-SEMA-YAZI
100
AcDbText
 10
122.0
 20
152.0
 30
0.0
 40
1.5
  1
NHXMH 3×2,5
  7
GYM
 72
1
 11
122.0
 21
152.0
 31
0.0
100
AcDbText
 73
2
  0
TEXT
  5
EAA
330
D11
100
AcDbEntity
 67
1
  8
E-SEMA-YAZI
100
AcDbText
 10
167.0
 20
152.0
 30
0.0
 40
1.5
  1
Priz — salon batı ve doğu (PR2–PR4, PR10, PR
  7
GYM
 72
1
 11
167.0
 21
152.0
 31
0.0
100
AcDbText
 73
2
  0
TEXT
  5
EAB
330
D11
100
AcDbEntity
 67
1
  8
E-SEMA-YAZI
100
AcDbText
 10
210.0
 20
152.0
 30
0.0
 40
1.5
  1
6
  7
GYM
 72
1
 11
210.0
 21
152.0
 31
0.0
100
AcDbText
 73
2
  0
TEXT
  5
EAC
330
D11
100
AcDbEntity
 67
1
  8
E-SEMA-YAZI
100
AcDbText
 10
236.0
 20
152.0
 30
0.0
 40
1.5
  1
RCD-2
  7
GYM
 72
1
 11
236.0
 21
152.0
 31
0.0
100
AcDbText
 73
2
  0
TEXT
  5
EAD
330
D11
100
AcDbEntity
 67
1
  8
E-SEMA-YAZI
100
AcDbText
 10
38.0
 20
148.0
 30
0.0
 40
1.5
  1

  7
GYM
 72
1
 11
38.0
 21
148.0
 31
0.0
100
AcDbText
 73
2
  0
TEXT
  5
EAE
330
D11
100
AcDbEntity
 67
1
  8
E-SEMA-YAZI
100
AcDbText
 10
54.0
 20
148.0
 30
0.0
 40
1.5
  1
P6
  7
GYM
 72
1
 11
54.0
 21
148.0
 31
0.0
100
AcDbText
 73
2
  0
TEXT
  5
EAF
330
D11
100
AcDbEntity
 67
1
  8
E-SEMA-YAZI
100
AcDbText
 10
74.0
 20
148.0
 30
0.0
 40
1.5
  1
N
  7
GYM
 72
1
 11
74.0
 21
148.0
 31
0.0
100
AcDbText
 73
2
  0
TEXT
  5
EB0
330
D11
100
AcDbEntity
 67
1
  8
E-SEMA-YAZI
100
AcDbText
 10
96.0
 20
148.0
 30
0.0
 40
1.5
  1
N2
  7
GYM
 72
1
 11
96.0
 21
148.0
 31
0.0
100
AcDbText
 73
2
  0
TEXT
  5
EB1
330
D11
100
AcDbEntity
 67
1
  8
E-SEMA-YAZI
100
AcDbText
 10
122.0
 20
148.0
 30
0.0
 40
1.5
  1
NHXMH 3×2,5
  7
GYM
 72
1
 11
122.0
 21
148.0
 31
0.0
100
AcDbText
 73
2
  0
TEXT
  5
EB2
330
D11
100
AcDbEntity
 67
1
  8
E-SEMA-YAZI
100
AcDbText
 10
167.0
 20
148.0
 30
0.0
 40
1.5
  1
Priz — salon batı ve doğu (PR2–PR4, PR10, PR
  7
GYM
 72
1
 11
167.0
 21
148.0
 31
0.0
100
AcDbText
 73
2
  0
TEXT
  5
EB3
330
D11
100
AcDbEntity
 67
1
  8
E-SEMA-YAZI
100
AcDbText
 10
210.0
 20
148.0
 30
0.0
 40
1.5
  1
6
  7
GYM
 72
1
 11
210.0
 21
148.0
 31
0.0
100
AcDbText
 73
2
  0
TEXT
  5
EB4
330
D11
100
AcDbEntity
 67
1
  8
E-SEMA-YAZI
100
AcDbText
 10
236.0
 20
148.0
 30
0.0
 40
1.5
  1
RCD-2
  7
GYM
 72
1
 11
236.0
 21
148.0
 31
0.0
100
AcDbText
 73
2
  0
TEXT
  5
EB5
330
D11
100
AcDbEntity
 67
1
  8
E-SEMA-YAZI
100
AcDbText
 10
38.0
 20
144.0
 30
0.0
 40
1.5
  1

  7
GYM
 72
1
 11
38.0
 21
144.0
 31
0.0
100
AcDbText
 73
2
  0
TEXT
  5
EB6
330
D11
100
AcDbEntity
 67
1
  8
E-SEMA-YAZI
100
AcDbText
 10
54.0
 20
144.0
 30
0.0
 40
1.5
  1
P6
  7
GYM
 72
1
 11
54.0
 21
144.0
 31
0.0
100
AcDbText
 73
2
  0
TEXT
  5
EB7
330
D11
100
AcDbEntity
 67
1
  8
E-SEMA-YAZI
100
AcDbText
 10
74.0
 20
144.0
 30
0.0
 40
1.5
  1
PE
  7
GYM
 72
1
 11
74.0
 21
144.0
 31
0.0
100
AcDbText
 73
2
  0
TEXT
  5
EB8
330
D11
100
AcDbEntity
 67
1
  8
E-SEMA-YAZI
100
AcDbText
 10
96.0
 20
144.0
 30
0.0
 40
1.5
  1
PE
  7
GYM
 72
1
 11
96.0
 21
144.0
 31
0.0
100
AcDbText
 73
2
  0
TEXT
  5
EB9
330
D11
100
AcDbEntity
 67
1
  8
E-SEMA-YAZI
100
AcDbText
 10
122.0
 20
144.0
 30
0.0
 40
1.5
  1
NHXMH 3×2,5
  7
GYM
 72
1
 11
122.0
 21
144.0
 31
0.0
100
AcDbText
 73
2
  0
TEXT
  5
EBA
330
D11
100
AcDbEntity
 67
1
  8
E-SEMA-YAZI
100
AcDbText
 10
167.0
 20
144.0
 30
0.0
 40
1.5
  1
Priz — salon batı ve doğu (PR2–PR4, PR10, PR
  7
GYM
 72
1
 11
167.0
 21
144.0
 31
0.0
100
AcDbText
 73
2
  0
TEXT
  5
EBB
330
D11
100
AcDbEntity
 67
1
  8
E-SEMA-YAZI
100
AcDbText
 10
210.0
 20
144.0
 30
0.0
 40
1.5
  1
6
  7
GYM
 72
1
 11
210.0
 21
144.0
 31
0.0
100
AcDbText
 73
2
  0
TEXT
  5
EBC
330
D11
100
AcDbEntity
 67
1
  8
E-SEMA-YAZI
100
AcDbText
 10
236.0
 20
144.0
 30
0.0
 40
1.5
  1
RCD-2
  7
GYM
 72
1
 11
236.0
 21
144.0
 31
0.0
100
AcDbText
 73
2
  0
TEXT
  5
EBD
330
D11
100
AcDbEntity
 67
1
  8
E-SEMA-YAZI
100
AcDbText
 10
38.0
 20
140.0
 30
0.0
 40
1.5
  1
11
  7
GYM
 72
1
 11
38.0
 21
140.0
 31
0.0
100
AcDbText
 73
2
  0
TEXT
  5
EBE
330
D11
100
AcDbEntity
 67
1
  8
E-SEMA-YAZI
100
AcDbText
 10
54.0
 20
140.0
 30
0.0
 40
1.5
  1
Z1
  7
GYM
 72
1
 11
54.0
 21
140.0
 31
0.0
100
AcDbText
 73
2
  0
TEXT
  5
EBF
330
D11
100
AcDbEntity
 67
1
  8
E-SEMA-YAZI
100
AcDbText
 10
74.0
 20
140.0
 30
0.0
 40
1.5
  1
L
  7
GYM
 72
1
 11
74.0
 21
140.0
 31
0.0
100
AcDbText
 73
2
  0
TEXT
  5
EC0
330
D11
100
AcDbEntity
 67
1
  8
E-SEMA-YAZI
100
AcDbText
 10
96.0
 20
140.0
 30
0.0
 40
1.5
  1
21
  7
GYM
 72
1
 11
96.0
 21
140.0
 31
0.0
100
AcDbText
 73
2
  0
TEXT
  5
EC1
330
D11
100
AcDbEntity
 67
1
  8
E-SEMA-YAZI
100
AcDbText
 10
122.0
 20
140.0
 30
0.0
 40
1.5
  1
JE-H(St)H 3×2,5
  7
GYM
 72
1
 11
122.0
 21
140.0
 31
0.0
100
AcDbText
 73
2
  0
TEXT
  5
EC2
330
D11
100
AcDbEntity
 67
1
  8
E-SEMA-YAZI
100
AcDbText
 10
167.0
 20
140.0
 30
0.0
 40
1.5
  1
Zayıf akım — rack, CCTV, ses, geçiş kontrol
  7
GYM
 72
1
 11
167.0
 21
140.0
 31
0.0
100
AcDbText
 73
2
  0
TEXT
  5
EC3
330
D11
100
AcDbEntity
 67
1
  8
E-SEMA-YAZI
100
AcDbText
 10
210.0
 20
140.0
 30
0.0
 40
1.5
  1
6
  7
GYM
 72
1
 11
210.0
 21
140.0
 31
0.0
100
AcDbText
 73
2
  0
TEXT
  5
EC4
330
D11
100
AcDbEntity
 67
1
  8
E-SEMA-YAZI
100
AcDbText
 10
236.0
 20
140.0
 30
0.0
 40
1.5
  1
RCD-2
  7
GYM
 72
1
 11
236.0
 21
140.0
 31
0.0
100
AcDbText
 73
2
  0
TEXT
  5
EC5
330
D11
100
AcDbEntity
 67
1
  8
E-SEMA-YAZI
100
AcDbText
 10
38.0
 20
136.0
 30
0.0
 40
1.5
  1

  7
GYM
 72
1
 11
38.0
 21
136.0
 31
0.0
100
AcDbText
 73
2
  0
TEXT
  5
EC6
330
D11
100
AcDbEntity
 67
1
  8
E-SEMA-YAZI
100
AcDbText
 10
54.0
 20
136.0
 30
0.0
 40
1.5
  1
Z1
  7
GYM
 72
1
 11
54.0
 21
136.0
 31
0.0
100
AcDbText
 73
2
  0
TEXT
  5
EC7
330
D11
100
AcDbEntity
 67
1
  8
E-SEMA-YAZI
100
AcDbText
 10
74.0
 20
136.0
 30
0.0
 40
1.5
  1
N
  7
GYM
 72
1
 11
74.0
 21
136.0
 31
0.0
100
AcDbText
 73
2
  0
TEXT
  5
EC8
330
D11
100
AcDbEntity
 67
1
  8
E-SEMA-YAZI
100
AcDbText
 10
96.0
 20
136.0
 30
0.0
 40
1.5
  1
N2
  7
GYM
 72
1
 11
96.0
 21
136.0
 31
0.0
100
AcDbText
 73
2
  0
TEXT
  5
EC9
330
D11
100
AcDbEntity
 67
1
  8
E-SEMA-YAZI
100
AcDbText
 10
122.0
 20
136.0
 30
0.0
 40
1.5
  1
JE-H(St)H 3×2,5
  7
GYM
 72
1
 11
122.0
 21
136.0
 31
0.0
100
AcDbText
 73
2
  0
TEXT
  5
ECA
330
D11
100
AcDbEntity
 67
1
  8
E-SEMA-YAZI
100
AcDbText
 10
167.0
 20
136.0
 30
0.0
 40
1.5
  1
Zayıf akım — rack, CCTV, ses, geçiş kontrol
  7
GYM
 72
1
 11
167.0
 21
136.0
 31
0.0
100
AcDbText
 73
2
  0
TEXT
  5
ECB
330
D11
100
AcDbEntity
 67
1
  8
E-SEMA-YAZI
100
AcDbText
 10
210.0
 20
136.0
 30
0.0
 40
1.5
  1
6
  7
GYM
 72
1
 11
210.0
 21
136.0
 31
0.0
100
AcDbText
 73
2
  0
TEXT
  5
ECC
330
D11
100
AcDbEntity
 67
1
  8
E-SEMA-YAZI
100
AcDbText
 10
236.0
 20
136.0
 30
0.0
 40
1.5
  1
RCD-2
  7
GYM
 72
1
 11
236.0
 21
136.0
 31
0.0
100
AcDbText
 73
2
  0
TEXT
  5
ECD
330
D11
100
AcDbEntity
 67
1
  8
E-SEMA-YAZI
100
AcDbText
 10
38.0
 20
132.0
 30
0.0
 40
1.5
  1

  7
GYM
 72
1
 11
38.0
 21
132.0
 31
0.0
100
AcDbText
 73
2
  0
TEXT
  5
ECE
330
D11
100
AcDbEntity
 67
1
  8
E-SEMA-YAZI
100
AcDbText
 10
54.0
 20
132.0
 30
0.0
 40
1.5
  1
Z1
  7
GYM
 72
1
 11
54.0
 21
132.0
 31
0.0
100
AcDbText
 73
2
  0
TEXT
  5
ECF
330
D11
100
AcDbEntity
 67
1
  8
E-SEMA-YAZI
100
AcDbText
 10
74.0
 20
132.0
 30
0.0
 40
1.5
  1
PE
  7
GYM
 72
1
 11
74.0
 21
132.0
 31
0.0
100
AcDbText
 73
2
  0
TEXT
  5
ED0
330
D11
100
AcDbEntity
 67
1
  8
E-SEMA-YAZI
100
AcDbText
 10
96.0
 20
132.0
 30
0.0
 40
1.5
  1
PE
  7
GYM
 72
1
 11
96.0
 21
132.0
 31
0.0
100
AcDbText
 73
2
  0
TEXT
  5
ED1
330
D11
100
AcDbEntity
 67
1
  8
E-SEMA-YAZI
100
AcDbText
 10
122.0
 20
132.0
 30
0.0
 40
1.5
  1
JE-H(St)H 3×2,5
  7
GYM
 72
1
 11
122.0
 21
132.0
 31
0.0
100
AcDbText
 73
2
  0
TEXT
  5
ED2
330
D11
100
AcDbEntity
 67
1
  8
E-SEMA-YAZI
100
AcDbText
 10
167.0
 20
132.0
 30
0.0
 40
1.5
  1
Zayıf akım — rack, CCTV, ses, geçiş kontrol
  7
GYM
 72
1
 11
167.0
 21
132.0
 31
0.0
100
AcDbText
 73
2
  0
TEXT
  5
ED3
330
D11
100
AcDbEntity
 67
1
  8
E-SEMA-YAZI
100
AcDbText
 10
210.0
 20
132.0
 30
0.0
 40
1.5
  1
6
  7
GYM
 72
1
 11
210.0
 21
132.0
 31
0.0
100
AcDbText
 73
2
  0
TEXT
  5
ED4
330
D11
100
AcDbEntity
 67
1
  8
E-SEMA-YAZI
100
AcDbText
 10
236.0
 20
132.0
 30
0.0
 40
1.5
  1
RCD-2
  7
GYM
 72
1
 11
236.0
 21
132.0
 31
0.0
100
AcDbText
 73
2
  0
TEXT
  5
ED5
330
D11
100
AcDbEntity
 67
1
  8
E-SEMA-YAZI
100
AcDbText
 10
38.0
 20
128.0
 30
0.0
 40
1.5
  1
12
  7
GYM
 72
1
 11
38.0
 21
128.0
 31
0.0
100
AcDbText
 73
2
  0
TEXT
  5
ED6
330
D11
100
AcDbEntity
 67
1
  8
E-SEMA-YAZI
100
AcDbText
 10
54.0
 20
128.0
 30
0.0
 40
1.5
  1
L5
  7
GYM
 72
1
 11
54.0
 21
128.0
 31
0.0
100
AcDbText
 73
2
  0
TEXT
  5
ED7
330
D11
100
AcDbEntity
 67
1
  8
E-SEMA-YAZI
100
AcDbText
 10
74.0
 20
128.0
 30
0.0
 40
1.5
  1
L
  7
GYM
 72
1
 11
74.0
 21
128.0
 31
0.0
100
AcDbText
 73
2
  0
TEXT
  5
ED8
330
D11
100
AcDbEntity
 67
1
  8
E-SEMA-YAZI
100
AcDbText
 10
96.0
 20
128.0
 30
0.0
 40
1.5
  1
22
  7
GYM
 72
1
 11
96.0
 21
128.0
 31
0.0
100
AcDbText
 73
2
  0
TEXT
  5
ED9
330
D11
100
AcDbEntity
 67
1
  8
E-SEMA-YAZI
100
AcDbText
 10
122.0
 20
128.0
 30
0.0
 40
1.5
  1
NHXMH 3×2,5
  7
GYM
 72
1
 11
122.0
 21
128.0
 31
0.0
100
AcDbText
 73
2
  0
TEXT
  5
EDA
330
D11
100
AcDbEntity
 67
1
  8
E-SEMA-YAZI
100
AcDbText
 10
167.0
 20
128.0
 30
0.0
 40
1.5
  1
Aydınlatma — ıslak hacim (IP44)
  7
GYM
 72
1
 11
167.0
 21
128.0
 31
0.0
100
AcDbText
 73
2
  0
TEXT
  5
EDB
330
D11
100
AcDbEntity
 67
1
  8
E-SEMA-YAZI
100
AcDbText
 10
210.0
 20
128.0
 30
0.0
 40
1.5
  1
6
  7
GYM
 72
1
 11
210.0
 21
128.0
 31
0.0
100
AcDbText
 73
2
  0
TEXT
  5
EDC
330
D11
100
AcDbEntity
 67
1
  8
E-SEMA-YAZI
100
AcDbText
 10
236.0
 20
128.0
 30
0.0
 40
1.5
  1
RCD-3
  7
GYM
 72
1
 11
236.0
 21
128.0
 31
0.0
100
AcDbText
 73
2
  0
TEXT
  5
EDD
330
D11
100
AcDbEntity
 67
1
  8
E-SEMA-YAZI
100
AcDbText
 10
38.0
 20
124.0
 30
0.0
 40
1.5
  1

  7
GYM
 72
1
 11
38.0
 21
124.0
 31
0.0
100
AcDbText
 73
2
  0
TEXT
  5
EDE
330
D11
100
AcDbEntity
 67
1
  8
E-SEMA-YAZI
100
AcDbText
 10
54.0
 20
124.0
 30
0.0
 40
1.5
  1
L5
  7
GYM
 72
1
 11
54.0
 21
124.0
 31
0.0
100
AcDbText
 73
2
  0
TEXT
  5
EDF
330
D11
100
AcDbEntity
 67
1
  8
E-SEMA-YAZI
100
AcDbText
 10
74.0
 20
124.0
 30
0.0
 40
1.5
  1
N
  7
GYM
 72
1
 11
74.0
 21
124.0
 31
0.0
100
AcDbText
 73
2
  0
TEXT
  5
EE0
330
D11
100
AcDbEntity
 67
1
  8
E-SEMA-YAZI
100
AcDbText
 10
96.0
 20
124.0
 30
0.0
 40
1.5
  1
N3
  7
GYM
 72
1
 11
96.0
 21
124.0
 31
0.0
100
AcDbText
 73
2
  0
TEXT
  5
EE1
330
D11
100
AcDbEntity
 67
1
  8
E-SEMA-YAZI
100
AcDbText
 10
122.0
 20
124.0
 30
0.0
 40
1.5
  1
NHXMH 3×2,5
  7
GYM
 72
1
 11
122.0
 21
124.0
 31
0.0
100
AcDbText
 73
2
  0
TEXT
  5
EE2
330
D11
100
AcDbEntity
 67
1
  8
E-SEMA-YAZI
100
AcDbText
 10
167.0
 20
124.0
 30
0.0
 40
1.5
  1
Aydınlatma — ıslak hacim (IP44)
  7
GYM
 72
1
 11
167.0
 21
124.0
 31
0.0
100
AcDbText
 73
2
  0
TEXT
  5
EE3
330
D11
100
AcDbEntity
 67
1
  8
E-SEMA-YAZI
100
AcDbText
 10
210.0
 20
124.0
 30
0.0
 40
1.5
  1
6
  7
GYM
 72
1
 11
210.0
 21
124.0
 31
0.0
100
AcDbText
 73
2
  0
TEXT
  5
EE4
330
D11
100
AcDbEntity
 67
1
  8
E-SEMA-YAZI
100
AcDbText
 10
236.0
 20
124.0
 30
0.0
 40
1.5
  1
RCD-3
  7
GYM
 72
1
 11
236.0
 21
124.0
 31
0.0
100
AcDbText
 73
2
  0
TEXT
  5
EE5
330
D11
100
AcDbEntity
 67
1
  8
E-SEMA-YAZI
100
AcDbText
 10
38.0
 20
120.0
 30
0.0
 40
1.5
  1

  7
GYM
 72
1
 11
38.0
 21
120.0
 31
0.0
100
AcDbText
 73
2
  0
TEXT
  5
EE6
330
D11
100
AcDbEntity
 67
1
  8
E-SEMA-YAZI
100
AcDbText
 10
54.0
 20
120.0
 30
0.0
 40
1.5
  1
L5
  7
GYM
 72
1
 11
54.0
 21
120.0
 31
0.0
100
AcDbText
 73
2
  0
TEXT
  5
EE7
330
D11
100
AcDbEntity
 67
1
  8
E-SEMA-YAZI
100
AcDbText
 10
74.0
 20
120.0
 30
0.0
 40
1.5
  1
PE
  7
GYM
 72
1
 11
74.0
 21
120.0
 31
0.0
100
AcDbText
 73
2
  0
TEXT
  5
EE8
330
D11
100
AcDbEntity
 67
1
  8
E-SEMA-YAZI
100
AcDbText
 10
96.0
 20
120.0
 30
0.0
 40
1.5
  1
PE
  7
GYM
 72
1
 11
96.0
 21
120.0
 31
0.0
100
AcDbText
 73
2
  0
TEXT
  5
EE9
330
D11
100
AcDbEntity
 67
1
  8
E-SEMA-YAZI
100
AcDbText
 10
122.0
 20
120.0
 30
0.0
 40
1.5
  1
NHXMH 3×2,5
  7
GYM
 72
1
 11
122.0
 21
120.0
 31
0.0
100
AcDbText
 73
2
  0
TEXT
  5
EEA
330
D11
100
AcDbEntity
 67
1
  8
E-SEMA-YAZI
100
AcDbText
 10
167.0
 20
120.0
 30
0.0
 40
1.5
  1
Aydınlatma — ıslak hacim (IP44)
  7
GYM
 72
1
 11
167.0
 21
120.0
 31
0.0
100
AcDbText
 73
2
  0
TEXT
  5
EEB
330
D11
100
AcDbEntity
 67
1
  8
E-SEMA-YAZI
100
AcDbText
 10
210.0
 20
120.0
 30
0.0
 40
1.5
  1
6
  7
GYM
 72
1
 11
210.0
 21
120.0
 31
0.0
100
AcDbText
 73
2
  0
TEXT
  5
EEC
330
D11
100
AcDbEntity
 67
1
  8
E-SEMA-YAZI
100
AcDbText
 10
236.0
 20
120.0
 30
0.0
 40
1.5
  1
RCD-3
  7
GYM
 72
1
 11
236.0
 21
120.0
 31
0.0
100
AcDbText
 73
2
  0
TEXT
  5
EED
330
D11
100
AcDbEntity
 67
1
  8
E-SEMA-YAZI
100
AcDbText
 10
38.0
 20
116.0
 30
0.0
 40
1.5
  1
13
  7
GYM
 72
1
 11
38.0
 21
116.0
 31
0.0
100
AcDbText
 73
2
  0
TEXT
  5
EEE
330
D11
100
AcDbEntity
 67
1
  8
E-SEMA-YAZI
100
AcDbText
 10
54.0
 20
116.0
 30
0.0
 40
1.5
  1
P5
  7
GYM
 72
1
 11
54.0
 21
116.0
 31
0.0
100
AcDbText
 73
2
  0
TEXT
  5
EEF
330
D11
100
AcDbEntity
 67
1
  8
E-SEMA-YAZI
100
AcDbText
 10
74.0
 20
116.0
 30
0.0
 40
1.5
  1
L
  7
GYM
 72
1
 11
74.0
 21
116.0
 31
0.0
100
AcDbText
 73
2
  0
TEXT
  5
EF0
330
D11
100
AcDbEntity
 67
1
  8
E-SEMA-YAZI
100
AcDbText
 10
96.0
 20
116.0
 30
0.0
 40
1.5
  1
23
  7
GYM
 72
1
 11
96.0
 21
116.0
 31
0.0
100
AcDbText
 73
2
  0
TEXT
  5
EF1
330
D11
100
AcDbEntity
 67
1
  8
E-SEMA-YAZI
100
AcDbText
 10
122.0
 20
116.0
 30
0.0
 40
1.5
  1
NHXMH 3×2,5
  7
GYM
 72
1
 11
122.0
 21
116.0
 31
0.0
100
AcDbText
 73
2
  0
TEXT
  5
EF2
330
D11
100
AcDbEntity
 67
1
  8
E-SEMA-YAZI
100
AcDbText
 10
167.0
 20
116.0
 30
0.0
 40
1.5
  1
Priz — ıslak hacim IP44 (ayrı kaçak akım)
  7
GYM
 72
1
 11
167.0
 21
116.0
 31
0.0
100
AcDbText
 73
2
  0
TEXT
  5
EF3
330
D11
100
AcDbEntity
 67
1
  8
E-SEMA-YAZI
100
AcDbText
 10
210.0
 20
116.0
 30
0.0
 40
1.5
  1
6
  7
GYM
 72
1
 11
210.0
 21
116.0
 31
0.0
100
AcDbText
 73
2
  0
TEXT
  5
EF4
330
D11
100
AcDbEntity
 67
1
  8
E-SEMA-YAZI
100
AcDbText
 10
236.0
 20
116.0
 30
0.0
 40
1.5
  1
RCD-3
  7
GYM
 72
1
 11
236.0
 21
116.0
 31
0.0
100
AcDbText
 73
2
  0
TEXT
  5
EF5
330
D11
100
AcDbEntity
 67
1
  8
E-SEMA-YAZI
100
AcDbText
 10
38.0
 20
112.0
 30
0.0
 40
1.5
  1

  7
GYM
 72
1
 11
38.0
 21
112.0
 31
0.0
100
AcDbText
 73
2
  0
TEXT
  5
EF6
330
D11
100
AcDbEntity
 67
1
  8
E-SEMA-YAZI
100
AcDbText
 10
54.0
 20
112.0
 30
0.0
 40
1.5
  1
P5
  7
GYM
 72
1
 11
54.0
 21
112.0
 31
0.0
100
AcDbText
 73
2
  0
TEXT
  5
EF7
330
D11
100
AcDbEntity
 67
1
  8
E-SEMA-YAZI
100
AcDbText
 10
74.0
 20
112.0
 30
0.0
 40
1.5
  1
N
  7
GYM
 72
1
 11
74.0
 21
112.0
 31
0.0
100
AcDbText
 73
2
  0
TEXT
  5
EF8
330
D11
100
AcDbEntity
 67
1
  8
E-SEMA-YAZI
100
AcDbText
 10
96.0
 20
112.0
 30
0.0
 40
1.5
  1
N3
  7
GYM
 72
1
 11
96.0
 21
112.0
 31
0.0
100
AcDbText
 73
2
  0
TEXT
  5
EF9
330
D11
100
AcDbEntity
 67
1
  8
E-SEMA-YAZI
100
AcDbText
 10
122.0
 20
112.0
 30
0.0
 40
1.5
  1
NHXMH 3×2,5
  7
GYM
 72
1
 11
122.0
 21
112.0
 31
0.0
100
AcDbText
 73
2
  0
TEXT
  5
EFA
330
D11
100
AcDbEntity
 67
1
  8
E-SEMA-YAZI
100
AcDbText
 10
167.0
 20
112.0
 30
0.0
 40
1.5
  1
Priz — ıslak hacim IP44 (ayrı kaçak akım)
  7
GYM
 72
1
 11
167.0
 21
112.0
 31
0.0
100
AcDbText
 73
2
  0
TEXT
  5
EFB
330
D11
100
AcDbEntity
 67
1
  8
E-SEMA-YAZI
100
AcDbText
 10
210.0
 20
112.0
 30
0.0
 40
1.5
  1
6
  7
GYM
 72
1
 11
210.0
 21
112.0
 31
0.0
100
AcDbText
 73
2
  0
TEXT
  5
EFC
330
D11
100
AcDbEntity
 67
1
  8
E-SEMA-YAZI
100
AcDbText
 10
236.0
 20
112.0
 30
0.0
 40
1.5
  1
RCD-3
  7
GYM
 72
1
 11
236.0
 21
112.0
 31
0.0
100
AcDbText
 73
2
  0
TEXT
  5
EFD
330
D11
100
AcDbEntity
 67
1
  8
E-SEMA-YAZI
100
AcDbText
 10
38.0
 20
108.0
 30
0.0
 40
1.5
  1

  7
GYM
 72
1
 11
38.0
 21
108.0
 31
0.0
100
AcDbText
 73
2
  0
TEXT
  5
EFE
330
D11
100
AcDbEntity
 67
1
  8
E-SEMA-YAZI
100
AcDbText
 10
54.0
 20
108.0
 30
0.0
 40
1.5
  1
P5
  7
GYM
 72
1
 11
54.0
 21
108.0
 31
0.0
100
AcDbText
 73
2
  0
TEXT
  5
EFF
330
D11
100
AcDbEntity
 67
1
  8
E-SEMA-YAZI
100
AcDbText
 10
74.0
 20
108.0
 30
0.0
 40
1.5
  1
PE
  7
GYM
 72
1
 11
74.0
 21
108.0
 31
0.0
100
AcDbText
 73
2
  0
TEXT
  5
F00
330
D11
100
AcDbEntity
 67
1
  8
E-SEMA-YAZI
100
AcDbText
 10
96.0
 20
108.0
 30
0.0
 40
1.5
  1
PE
  7
GYM
 72
1
 11
96.0
 21
108.0
 31
0.0
100
AcDbText
 73
2
  0
TEXT
  5
F01
330
D11
100
AcDbEntity
 67
1
  8
E-SEMA-YAZI
100
AcDbText
 10
122.0
 20
108.0
 30
0.0
 40
1.5
  1
NHXMH 3×2,5
  7
GYM
 72
1
 11
122.0
 21
108.0
 31
0.0
100
AcDbText
 73
2
  0
TEXT
  5
F02
330
D11
100
AcDbEntity
 67
1
  8
E-SEMA-YAZI
100
AcDbText
 10
167.0
 20
108.0
 30
0.0
 40
1.5
  1
Priz — ıslak hacim IP44 (ayrı kaçak akım)
  7
GYM
 72
1
 11
167.0
 21
108.0
 31
0.0
100
AcDbText
 73
2
  0
TEXT
  5
F03
330
D11
100
AcDbEntity
 67
1
  8
E-SEMA-YAZI
100
AcDbText
 10
210.0
 20
108.0
 30
0.0
 40
1.5
  1
6
  7
GYM
 72
1
 11
210.0
 21
108.0
 31
0.0
100
AcDbText
 73
2
  0
TEXT
  5
F04
330
D11
100
AcDbEntity
 67
1
  8
E-SEMA-YAZI
100
AcDbText
 10
236.0
 20
108.0
 30
0.0
 40
1.5
  1
RCD-3
  7
GYM
 72
1
 11
236.0
 21
108.0
 31
0.0
100
AcDbText
 73
2
  0
TEXT
  5
F05
330
D11
100
AcDbEntity
 67
1
  8
E-SEMA-YAZI
100
AcDbText
 10
38.0
 20
104.0
 30
0.0
 40
1.5
  1
14
  7
GYM
 72
1
 11
38.0
 21
104.0
 31
0.0
100
AcDbText
 73
2
  0
TEXT
  5
F06
330
D11
100
AcDbEntity
 67
1
  8
E-SEMA-YAZI
100
AcDbText
 10
54.0
 20
104.0
 30
0.0
 40
1.5
  1
W1
  7
GYM
 72
1
 11
54.0
 21
104.0
 31
0.0
100
AcDbText
 73
2
  0
TEXT
  5
F07
330
D11
100
AcDbEntity
 67
1
  8
E-SEMA-YAZI
100
AcDbText
 10
74.0
 20
104.0
 30
0.0
 40
1.5
  1
L
  7
GYM
 72
1
 11
74.0
 21
104.0
 31
0.0
100
AcDbText
 73
2
  0
TEXT
  5
F08
330
D11
100
AcDbEntity
 67
1
  8
E-SEMA-YAZI
100
AcDbText
 10
96.0
 20
104.0
 30
0.0
 40
1.5
  1
24
  7
GYM
 72
1
 11
96.0
 21
104.0
 31
0.0
100
AcDbText
 73
2
  0
TEXT
  5
F09
330
D11
100
AcDbEntity
 67
1
  8
E-SEMA-YAZI
100
AcDbText
 10
122.0
 20
104.0
 30
0.0
 40
1.5
  1
NHXMH 3×2,5
  7
GYM
 72
1
 11
122.0
 21
104.0
 31
0.0
100
AcDbText
 73
2
  0
TEXT
  5
F0A
330
D11
100
AcDbEntity
 67
1
  8
E-SEMA-YAZI
100
AcDbText
 10
167.0
 20
104.0
 30
0.0
 40
1.5
  1
Su ısıtıcı — erkek bloğu, boyler 3 kW
  7
GYM
 72
1
 11
167.0
 21
104.0
 31
0.0
100
AcDbText
 73
2
  0
TEXT
  5
F0B
330
D11
100
AcDbEntity
 67
1
  8
E-SEMA-YAZI
100
AcDbText
 10
210.0
 20
104.0
 30
0.0
 40
1.5
  1
6
  7
GYM
 72
1
 11
210.0
 21
104.0
 31
0.0
100
AcDbText
 73
2
  0
TEXT
  5
F0C
330
D11
100
AcDbEntity
 67
1
  8
E-SEMA-YAZI
100
AcDbText
 10
236.0
 20
104.0
 30
0.0
 40
1.5
  1
RCD-4
  7
GYM
 72
1
 11
236.0
 21
104.0
 31
0.0
100
AcDbText
 73
2
  0
TEXT
  5
F0D
330
D11
100
AcDbEntity
 67
1
  8
E-SEMA-YAZI
100
AcDbText
 10
38.0
 20
100.0
 30
0.0
 40
1.5
  1

  7
GYM
 72
1
 11
38.0
 21
100.0
 31
0.0
100
AcDbText
 73
2
  0
TEXT
  5
F0E
330
D11
100
AcDbEntity
 67
1
  8
E-SEMA-YAZI
100
AcDbText
 10
54.0
 20
100.0
 30
0.0
 40
1.5
  1
W1
  7
GYM
 72
1
 11
54.0
 21
100.0
 31
0.0
100
AcDbText
 73
2
  0
TEXT
  5
F0F
330
D11
100
AcDbEntity
 67
1
  8
E-SEMA-YAZI
100
AcDbText
 10
74.0
 20
100.0
 30
0.0
 40
1.5
  1
N
  7
GYM
 72
1
 11
74.0
 21
100.0
 31
0.0
100
AcDbText
 73
2
  0
TEXT
  5
F10
330
D11
100
AcDbEntity
 67
1
  8
E-SEMA-YAZI
100
AcDbText
 10
96.0
 20
100.0
 30
0.0
 40
1.5
  1
N4
  7
GYM
 72
1
 11
96.0
 21
100.0
 31
0.0
100
AcDbText
 73
2
  0
TEXT
  5
F11
330
D11
100
AcDbEntity
 67
1
  8
E-SEMA-YAZI
100
AcDbText
 10
122.0
 20
100.0
 30
0.0
 40
1.5
  1
NHXMH 3×2,5
  7
GYM
 72
1
 11
122.0
 21
100.0
 31
0.0
100
AcDbText
 73
2
  0
TEXT
  5
F12
330
D11
100
AcDbEntity
 67
1
  8
E-SEMA-YAZI
100
AcDbText
 10
167.0
 20
100.0
 30
0.0
 40
1.5
  1
Su ısıtıcı — erkek bloğu, boyler 3 kW
  7
GYM
 72
1
 11
167.0
 21
100.0
 31
0.0
100
AcDbText
 73
2
  0
TEXT
  5
F13
330
D11
100
AcDbEntity
 67
1
  8
E-SEMA-YAZI
100
AcDbText
 10
210.0
 20
100.0
 30
0.0
 40
1.5
  1
6
  7
GYM
 72
1
 11
210.0
 21
100.0
 31
0.0
100
AcDbText
 73
2
  0
TEXT
  5
F14
330
D11
100
AcDbEntity
 67
1
  8
E-SEMA-YAZI
100
AcDbText
 10
236.0
 20
100.0
 30
0.0
 40
1.5
  1
RCD-4
  7
GYM
 72
1
 11
236.0
 21
100.0
 31
0.0
100
AcDbText
 73
2
  0
TEXT
  5
F15
330
D11
100
AcDbEntity
 67
1
  8
E-SEMA-YAZI
100
AcDbText
 10
38.0
 20
96.0
 30
0.0
 40
1.5
  1

  7
GYM
 72
1
 11
38.0
 21
96.0
 31
0.0
100
AcDbText
 73
2
  0
TEXT
  5
F16
330
D11
100
AcDbEntity
 67
1
  8
E-SEMA-YAZI
100
AcDbText
 10
54.0
 20
96.0
 30
0.0
 40
1.5
  1
W1
  7
GYM
 72
1
 11
54.0
 21
96.0
 31
0.0
100
AcDbText
 73
2
  0
TEXT
  5
F17
330
D11
100
AcDbEntity
 67
1
  8
E-SEMA-YAZI
100
AcDbText
 10
74.0
 20
96.0
 30
0.0
 40
1.5
  1
PE
  7
GYM
 72
1
 11
74.0
 21
96.0
 31
0.0
100
AcDbText
 73
2
  0
TEXT
  5
F18
330
D11
100
AcDbEntity
 67
1
  8
E-SEMA-YAZI
100
AcDbText
 10
96.0
 20
96.0
 30
0.0
 40
1.5
  1
PE
  7
GYM
 72
1
 11
96.0
 21
96.0
 31
0.0
100
AcDbText
 73
2
  0
TEXT
  5
F19
330
D11
100
AcDbEntity
 67
1
  8
E-SEMA-YAZI
100
AcDbText
 10
122.0
 20
96.0
 30
0.0
 40
1.5
  1
NHXMH 3×2,5
  7
GYM
 72
1
 11
122.0
 21
96.0
 31
0.0
100
AcDbText
 73
2
  0
TEXT
  5
F1A
330
D11
100
AcDbEntity
 67
1
  8
E-SEMA-YAZI
100
AcDbText
 10
167.0
 20
96.0
 30
0.0
 40
1.5
  1
Su ısıtıcı — erkek bloğu, boyler 3 kW
  7
GYM
 72
1
 11
167.0
 21
96.0
 31
0.0
100
AcDbText
 73
2
  0
TEXT
  5
F1B
330
D11
100
AcDbEntity
 67
1
  8
E-SEMA-YAZI
100
AcDbText
 10
210.0
 20
96.0
 30
0.0
 40
1.5
  1
6
  7
GYM
 72
1
 11
210.0
 21
96.0
 31
0.0
100
AcDbText
 73
2
  0
TEXT
  5
F1C
330
D11
100
AcDbEntity
 67
1
  8
E-SEMA-YAZI
100
AcDbText
 10
236.0
 20
96.0
 30
0.0
 40
1.5
  1
RCD-4
  7
GYM
 72
1
 11
236.0
 21
96.0
 31
0.0
100
AcDbText
 73
2
  0
TEXT
  5
F1D
330
D11
100
AcDbEntity
 67
1
  8
E-SEMA-YAZI
100
AcDbText
 10
38.0
 20
92.0
 30
0.0
 40
1.5
  1
15
  7
GYM
 72
1
 11
38.0
 21
92.0
 31
0.0
100
AcDbText
 73
2
  0
TEXT
  5
F1E
330
D11
100
AcDbEntity
 67
1
  8
E-SEMA-YAZI
100
AcDbText
 10
54.0
 20
92.0
 30
0.0
 40
1.5
  1
W2
  7
GYM
 72
1
 11
54.0
 21
92.0
 31
0.0
100
AcDbText
 73
2
  0
TEXT
  5
F1F
330
D11
100
AcDbEntity
 67
1
  8
E-SEMA-YAZI
100
AcDbText
 10
74.0
 20
92.0
 30
0.0
 40
1.5
  1
L
  7
GYM
 72
1
 11
74.0
 21
92.0
 31
0.0
100
AcDbText
 73
2
  0
TEXT
  5
F20
330
D11
100
AcDbEntity
 67
1
  8
E-SEMA-YAZI
100
AcDbText
 10
96.0
 20
92.0
 30
0.0
 40
1.5
  1
25
  7
GYM
 72
1
 11
96.0
 21
92.0
 31
0.0
100
AcDbText
 73
2
  0
TEXT
  5
F21
330
D11
100
AcDbEntity
 67
1
  8
E-SEMA-YAZI
100
AcDbText
 10
122.0
 20
92.0
 30
0.0
 40
1.5
  1
NHXMH 3×2,5
  7
GYM
 72
1
 11
122.0
 21
92.0
 31
0.0
100
AcDbText
 73
2
  0
TEXT
  5
F22
330
D11
100
AcDbEntity
 67
1
  8
E-SEMA-YAZI
100
AcDbText
 10
167.0
 20
92.0
 30
0.0
 40
1.5
  1
Su ısıtıcı — kadın bloğu, boyler 3 kW
  7
GYM
 72
1
 11
167.0
 21
92.0
 31
0.0
100
AcDbText
 73
2
  0
TEXT
  5
F23
330
D11
100
AcDbEntity
 67
1
  8
E-SEMA-YAZI
100
AcDbText
 10
210.0
 20
92.0
 30
0.0
 40
1.5
  1
6
  7
GYM
 72
1
 11
210.0
 21
92.0
 31
0.0
100
AcDbText
 73
2
  0
TEXT
  5
F24
330
D11
100
AcDbEntity
 67
1
  8
E-SEMA-YAZI
100
AcDbText
 10
236.0
 20
92.0
 30
0.0
 40
1.5
  1
RCD-4
  7
GYM
 72
1
 11
236.0
 21
92.0
 31
0.0
100
AcDbText
 73
2
  0
TEXT
  5
F25
330
D11
100
AcDbEntity
 67
1
  8
E-SEMA-YAZI
100
AcDbText
 10
38.0
 20
88.0
 30
0.0
 40
1.5
  1

  7
GYM
 72
1
 11
38.0
 21
88.0
 31
0.0
100
AcDbText
 73
2
  0
TEXT
  5
F26
330
D11
100
AcDbEntity
 67
1
  8
E-SEMA-YAZI
100
AcDbText
 10
54.0
 20
88.0
 30
0.0
 40
1.5
  1
W2
  7
GYM
 72
1
 11
54.0
 21
88.0
 31
0.0
100
AcDbText
 73
2
  0
TEXT
  5
F27
330
D11
100
AcDbEntity
 67
1
  8
E-SEMA-YAZI
100
AcDbText
 10
74.0
 20
88.0
 30
0.0
 40
1.5
  1
N
  7
GYM
 72
1
 11
74.0
 21
88.0
 31
0.0
100
AcDbText
 73
2
  0
TEXT
  5
F28
330
D11
100
AcDbEntity
 67
1
  8
E-SEMA-YAZI
100
AcDbText
 10
96.0
 20
88.0
 30
0.0
 40
1.5
  1
N4
  7
GYM
 72
1
 11
96.0
 21
88.0
 31
0.0
100
AcDbText
 73
2
  0
TEXT
  5
F29
330
D11
100
AcDbEntity
 67
1
  8
E-SEMA-YAZI
100
AcDbText
 10
122.0
 20
88.0
 30
0.0
 40
1.5
  1
NHXMH 3×2,5
  7
GYM
 72
1
 11
122.0
 21
88.0
 31
0.0
100
AcDbText
 73
2
  0
TEXT
  5
F2A
330
D11
100
AcDbEntity
 67
1
  8
E-SEMA-YAZI
100
AcDbText
 10
167.0
 20
88.0
 30
0.0
 40
1.5
  1
Su ısıtıcı — kadın bloğu, boyler 3 kW
  7
GYM
 72
1
 11
167.0
 21
88.0
 31
0.0
100
AcDbText
 73
2
  0
TEXT
  5
F2B
330
D11
100
AcDbEntity
 67
1
  8
E-SEMA-YAZI
100
AcDbText
 10
210.0
 20
88.0
 30
0.0
 40
1.5
  1
6
  7
GYM
 72
1
 11
210.0
 21
88.0
 31
0.0
100
AcDbText
 73
2
  0
TEXT
  5
F2C
330
D11
100
AcDbEntity
 67
1
  8
E-SEMA-YAZI
100
AcDbText
 10
236.0
 20
88.0
 30
0.0
 40
1.5
  1
RCD-4
  7
GYM
 72
1
 11
236.0
 21
88.0
 31
0.0
100
AcDbText
 73
2
  0
TEXT
  5
F2D
330
D11
100
AcDbEntity
 67
1
  8
E-SEMA-YAZI
100
AcDbText
 10
38.0
 20
84.0
 30
0.0
 40
1.5
  1

  7
GYM
 72
1
 11
38.0
 21
84.0
 31
0.0
100
AcDbText
 73
2
  0
TEXT
  5
F2E
330
D11
100
AcDbEntity
 67
1
  8
E-SEMA-YAZI
100
AcDbText
 10
54.0
 20
84.0
 30
0.0
 40
1.5
  1
W2
  7
GYM
 72
1
 11
54.0
 21
84.0
 31
0.0
100
AcDbText
 73
2
  0
TEXT
  5
F2F
330
D11
100
AcDbEntity
 67
1
  8
E-SEMA-YAZI
100
AcDbText
 10
74.0
 20
84.0
 30
0.0
 40
1.5
  1
PE
  7
GYM
 72
1
 11
74.0
 21
84.0
 31
0.0
100
AcDbText
 73
2
  0
TEXT
  5
F30
330
D11
100
AcDbEntity
 67
1
  8
E-SEMA-YAZI
100
AcDbText
 10
96.0
 20
84.0
 30
0.0
 40
1.5
  1
PE
  7
GYM
 72
1
 11
96.0
 21
84.0
 31
0.0
100
AcDbText
 73
2
  0
TEXT
  5
F31
330
D11
100
AcDbEntity
 67
1
  8
E-SEMA-YAZI
100
AcDbText
 10
122.0
 20
84.0
 30
0.0
 40
1.5
  1
NHXMH 3×2,5
  7
GYM
 72
1
 11
122.0
 21
84.0
 31
0.0
100
AcDbText
 73
2
  0
TEXT
  5
F32
330
D11
100
AcDbEntity
 67
1
  8
E-SEMA-YAZI
100
AcDbText
 10
167.0
 20
84.0
 30
0.0
 40
1.5
  1
Su ısıtıcı — kadın bloğu, boyler 3 kW
  7
GYM
 72
1
 11
167.0
 21
84.0
 31
0.0
100
AcDbText
 73
2
  0
TEXT
  5
F33
330
D11
100
AcDbEntity
 67
1
  8
E-SEMA-YAZI
100
AcDbText
 10
210.0
 20
84.0
 30
0.0
 40
1.5
  1
6
  7
GYM
 72
1
 11
210.0
 21
84.0
 31
0.0
100
AcDbText
 73
2
  0
TEXT
  5
F34
330
D11
100
AcDbEntity
 67
1
  8
E-SEMA-YAZI
100
AcDbText
 10
236.0
 20
84.0
 30
0.0
 40
1.5
  1
RCD-4
  7
GYM
 72
1
 11
236.0
 21
84.0
 31
0.0
100
AcDbText
 73
2
  0
TEXT
  5
F35
330
D11
100
AcDbEntity
 67
1
  8
E-SEMA-YAZI
100
AcDbText
 10
38.0
 20
80.0
 30
0.0
 40
1.5
  1
16
  7
GYM
 72
1
 11
38.0
 21
80.0
 31
0.0
100
AcDbText
 73
2
  0
TEXT
  5
F36
330
D11
100
AcDbEntity
 67
1
  8
E-SEMA-YAZI
100
AcDbText
 10
54.0
 20
80.0
 30
0.0
 40
1.5
  1
K1
  7
GYM
 72
1
 11
54.0
 21
80.0
 31
0.0
100
AcDbText
 73
2
  0
TEXT
  5
F37
330
D11
100
AcDbEntity
 67
1
  8
E-SEMA-YAZI
100
AcDbText
 10
74.0
 20
80.0
 30
0.0
 40
1.5
  1
L
  7
GYM
 72
1
 11
74.0
 21
80.0
 31
0.0
100
AcDbText
 73
2
  0
TEXT
  5
F38
330
D11
100
AcDbEntity
 67
1
  8
E-SEMA-YAZI
100
AcDbText
 10
96.0
 20
80.0
 30
0.0
 40
1.5
  1
26
  7
GYM
 72
1
 11
96.0
 21
80.0
 31
0.0
100
AcDbText
 73
2
  0
TEXT
  5
F39
330
D11
100
AcDbEntity
 67
1
  8
E-SEMA-YAZI
100
AcDbText
 10
122.0
 20
80.0
 30
0.0
 40
1.5
  1
NHXMH 3×2,5
  7
GYM
 72
1
 11
122.0
 21
80.0
 31
0.0
100
AcDbText
 73
2
  0
TEXT
  5
F3A
330
D11
100
AcDbEntity
 67
1
  8
E-SEMA-YAZI
100
AcDbText
 10
167.0
 20
80.0
 30
0.0
 40
1.5
  1
Klima — arena 24.000 BTU
  7
GYM
 72
1
 11
167.0
 21
80.0
 31
0.0
100
AcDbText
 73
2
  0
TEXT
  5
F3B
330
D11
100
AcDbEntity
 67
1
  8
E-SEMA-YAZI
100
AcDbText
 10
210.0
 20
80.0
 30
0.0
 40
1.5
  1
6
  7
GYM
 72
1
 11
210.0
 21
80.0
 31
0.0
100
AcDbText
 73
2
  0
TEXT
  5
F3C
330
D11
100
AcDbEntity
 67
1
  8
E-SEMA-YAZI
100
AcDbText
 10
236.0
 20
80.0
 30
0.0
 40
1.5
  1
RCD-5
  7
GYM
 72
1
 11
236.0
 21
80.0
 31
0.0
100
AcDbText
 73
2
  0
TEXT
  5
F3D
330
D11
100
AcDbEntity
 67
1
  8
E-SEMA-YAZI
100
AcDbText
 10
38.0
 20
76.0
 30
0.0
 40
1.5
  1

  7
GYM
 72
1
 11
38.0
 21
76.0
 31
0.0
100
AcDbText
 73
2
  0
TEXT
  5
F3E
330
D11
100
AcDbEntity
 67
1
  8
E-SEMA-YAZI
100
AcDbText
 10
54.0
 20
76.0
 30
0.0
 40
1.5
  1
K1
  7
GYM
 72
1
 11
54.0
 21
76.0
 31
0.0
100
AcDbText
 73
2
  0
TEXT
  5
F3F
330
D11
100
AcDbEntity
 67
1
  8
E-SEMA-YAZI
100
AcDbText
 10
74.0
 20
76.0
 30
0.0
 40
1.5
  1
N
  7
GYM
 72
1
 11
74.0
 21
76.0
 31
0.0
100
AcDbText
 73
2
  0
TEXT
  5
F40
330
D11
100
AcDbEntity
 67
1
  8
E-SEMA-YAZI
100
AcDbText
 10
96.0
 20
76.0
 30
0.0
 40
1.5
  1
N5
  7
GYM
 72
1
 11
96.0
 21
76.0
 31
0.0
100
AcDbText
 73
2
  0
TEXT
  5
F41
330
D11
100
AcDbEntity
 67
1
  8
E-SEMA-YAZI
100
AcDbText
 10
122.0
 20
76.0
 30
0.0
 40
1.5
  1
NHXMH 3×2,5
  7
GYM
 72
1
 11
122.0
 21
76.0
 31
0.0
100
AcDbText
 73
2
  0
TEXT
  5
F42
330
D11
100
AcDbEntity
 67
1
  8
E-SEMA-YAZI
100
AcDbText
 10
167.0
 20
76.0
 30
0.0
 40
1.5
  1
Klima — arena 24.000 BTU
  7
GYM
 72
1
 11
167.0
 21
76.0
 31
0.0
100
AcDbText
 73
2
  0
TEXT
  5
F43
330
D11
100
AcDbEntity
 67
1
  8
E-SEMA-YAZI
100
AcDbText
 10
210.0
 20
76.0
 30
0.0
 40
1.5
  1
6
  7
GYM
 72
1
 11
210.0
 21
76.0
 31
0.0
100
AcDbText
 73
2
  0
TEXT
  5
F44
330
D11
100
AcDbEntity
 67
1
  8
E-SEMA-YAZI
100
AcDbText
 10
236.0
 20
76.0
 30
0.0
 40
1.5
  1
RCD-5
  7
GYM
 72
1
 11
236.0
 21
76.0
 31
0.0
100
AcDbText
 73
2
  0
TEXT
  5
F45
330
D11
100
AcDbEntity
 67
1
  8
E-SEMA-YAZI
100
AcDbText
 10
38.0
 20
72.0
 30
0.0
 40
1.5
  1

  7
GYM
 72
1
 11
38.0
 21
72.0
 31
0.0
100
AcDbText
 73
2
  0
TEXT
  5
F46
330
D11
100
AcDbEntity
 67
1
  8
E-SEMA-YAZI
100
AcDbText
 10
54.0
 20
72.0
 30
0.0
 40
1.5
  1
K1
  7
GYM
 72
1
 11
54.0
 21
72.0
 31
0.0
100
AcDbText
 73
2
  0
TEXT
  5
F47
330
D11
100
AcDbEntity
 67
1
  8
E-SEMA-YAZI
100
AcDbText
 10
74.0
 20
72.0
 30
0.0
 40
1.5
  1
PE
  7
GYM
 72
1
 11
74.0
 21
72.0
 31
0.0
100
AcDbText
 73
2
  0
TEXT
  5
F48
330
D11
100
AcDbEntity
 67
1
  8
E-SEMA-YAZI
100
AcDbText
 10
96.0
 20
72.0
 30
0.0
 40
1.5
  1
PE
  7
GYM
 72
1
 11
96.0
 21
72.0
 31
0.0
100
AcDbText
 73
2
  0
TEXT
  5
F49
330
D11
100
AcDbEntity
 67
1
  8
E-SEMA-YAZI
100
AcDbText
 10
122.0
 20
72.0
 30
0.0
 40
1.5
  1
NHXMH 3×2,5
  7
GYM
 72
1
 11
122.0
 21
72.0
 31
0.0
100
AcDbText
 73
2
  0
TEXT
  5
F4A
330
D11
100
AcDbEntity
 67
1
  8
E-SEMA-YAZI
100
AcDbText
 10
167.0
 20
72.0
 30
0.0
 40
1.5
  1
Klima — arena 24.000 BTU
  7
GYM
 72
1
 11
167.0
 21
72.0
 31
0.0
100
AcDbText
 73
2
  0
TEXT
  5
F4B
330
D11
100
AcDbEntity
 67
1
  8
E-SEMA-YAZI
100
AcDbText
 10
210.0
 20
72.0
 30
0.0
 40
1.5
  1
6
  7
GYM
 72
1
 11
210.0
 21
72.0
 31
0.0
100
AcDbText
 73
2
  0
TEXT
  5
F4C
330
D11
100
AcDbEntity
 67
1
  8
E-SEMA-YAZI
100
AcDbText
 10
236.0
 20
72.0
 30
0.0
 40
1.5
  1
RCD-5
  7
GYM
 72
1
 11
236.0
 21
72.0
 31
0.0
100
AcDbText
 73
2
  0
TEXT
  5
F4D
330
D11
100
AcDbEntity
 67
1
  8
E-SEMA-YAZI
100
AcDbText
 10
38.0
 20
68.0
 30
0.0
 40
1.5
  1
17
  7
GYM
 72
1
 11
38.0
 21
68.0
 31
0.0
100
AcDbText
 73
2
  0
TEXT
  5
F4E
330
D11
100
AcDbEntity
 67
1
  8
E-SEMA-YAZI
100
AcDbText
 10
54.0
 20
68.0
 30
0.0
 40
1.5
  1
K2
  7
GYM
 72
1
 11
54.0
 21
68.0
 31
0.0
100
AcDbText
 73
2
  0
TEXT
  5
F4F
330
D11
100
AcDbEntity
 67
1
  8
E-SEMA-YAZI
100
AcDbText
 10
74.0
 20
68.0
 30
0.0
 40
1.5
  1
L
  7
GYM
 72
1
 11
74.0
 21
68.0
 31
0.0
100
AcDbText
 73
2
  0
TEXT
  5
F50
330
D11
100
AcDbEntity
 67
1
  8
E-SEMA-YAZI
100
AcDbText
 10
96.0
 20
68.0
 30
0.0
 40
1.5
  1
27
  7
GYM
 72
1
 11
96.0
 21
68.0
 31
0.0
100
AcDbText
 73
2
  0
TEXT
  5
F51
330
D11
100
AcDbEntity
 67
1
  8
E-SEMA-YAZI
100
AcDbText
 10
122.0
 20
68.0
 30
0.0
 40
1.5
  1
NHXMH 3×2,5
  7
GYM
 72
1
 11
122.0
 21
68.0
 31
0.0
100
AcDbText
 73
2
  0
TEXT
  5
F52
330
D11
100
AcDbEntity
 67
1
  8
E-SEMA-YAZI
100
AcDbText
 10
167.0
 20
68.0
 30
0.0
 40
1.5
  1
Klima — fonksiyonel 18.000 BTU
  7
GYM
 72
1
 11
167.0
 21
68.0
 31
0.0
100
AcDbText
 73
2
  0
TEXT
  5
F53
330
D11
100
AcDbEntity
 67
1
  8
E-SEMA-YAZI
100
AcDbText
 10
210.0
 20
68.0
 30
0.0
 40
1.5
  1
7
  7
GYM
 72
1
 11
210.0
 21
68.0
 31
0.0
100
AcDbText
 73
2
  0
TEXT
  5
F54
330
D11
100
AcDbEntity
 67
1
  8
E-SEMA-YAZI
100
AcDbText
 10
236.0
 20
68.0
 30
0.0
 40
1.5
  1
RCD-5
  7
GYM
 72
1
 11
236.0
 21
68.0
 31
0.0
100
AcDbText
 73
2
  0
TEXT
  5
F55
330
D11
100
AcDbEntity
 67
1
  8
E-SEMA-YAZI
100
AcDbText
 10
38.0
 20
64.0
 30
0.0
 40
1.5
  1

  7
GYM
 72
1
 11
38.0
 21
64.0
 31
0.0
100
AcDbText
 73
2
  0
TEXT
  5
F56
330
D11
100
AcDbEntity
 67
1
  8
E-SEMA-YAZI
100
AcDbText
 10
54.0
 20
64.0
 30
0.0
 40
1.5
  1
K2
  7
GYM
 72
1
 11
54.0
 21
64.0
 31
0.0
100
AcDbText
 73
2
  0
TEXT
  5
F57
330
D11
100
AcDbEntity
 67
1
  8
E-SEMA-YAZI
100
AcDbText
 10
74.0
 20
64.0
 30
0.0
 40
1.5
  1
N
  7
GYM
 72
1
 11
74.0
 21
64.0
 31
0.0
100
AcDbText
 73
2
  0
TEXT
  5
F58
330
D11
100
AcDbEntity
 67
1
  8
E-SEMA-YAZI
100
AcDbText
 10
96.0
 20
64.0
 30
0.0
 40
1.5
  1
N5
  7
GYM
 72
1
 11
96.0
 21
64.0
 31
0.0
100
AcDbText
 73
2
  0
TEXT
  5
F59
330
D11
100
AcDbEntity
 67
1
  8
E-SEMA-YAZI
100
AcDbText
 10
122.0
 20
64.0
 30
0.0
 40
1.5
  1
NHXMH 3×2,5
  7
GYM
 72
1
 11
122.0
 21
64.0
 31
0.0
100
AcDbText
 73
2
  0
TEXT
  5
F5A
330
D11
100
AcDbEntity
 67
1
  8
E-SEMA-YAZI
100
AcDbText
 10
167.0
 20
64.0
 30
0.0
 40
1.5
  1
Klima — fonksiyonel 18.000 BTU
  7
GYM
 72
1
 11
167.0
 21
64.0
 31
0.0
100
AcDbText
 73
2
  0
TEXT
  5
F5B
330
D11
100
AcDbEntity
 67
1
  8
E-SEMA-YAZI
100
AcDbText
 10
210.0
 20
64.0
 30
0.0
 40
1.5
  1
7
  7
GYM
 72
1
 11
210.0
 21
64.0
 31
0.0
100
AcDbText
 73
2
  0
TEXT
  5
F5C
330
D11
100
AcDbEntity
 67
1
  8
E-SEMA-YAZI
100
AcDbText
 10
236.0
 20
64.0
 30
0.0
 40
1.5
  1
RCD-5
  7
GYM
 72
1
 11
236.0
 21
64.0
 31
0.0
100
AcDbText
 73
2
  0
TEXT
  5
F5D
330
D11
100
AcDbEntity
 67
1
  8
E-SEMA-YAZI
100
AcDbText
 10
38.0
 20
60.0
 30
0.0
 40
1.5
  1

  7
GYM
 72
1
 11
38.0
 21
60.0
 31
0.0
100
AcDbText
 73
2
  0
TEXT
  5
F5E
330
D11
100
AcDbEntity
 67
1
  8
E-SEMA-YAZI
100
AcDbText
 10
54.0
 20
60.0
 30
0.0
 40
1.5
  1
K2
  7
GYM
 72
1
 11
54.0
 21
60.0
 31
0.0
100
AcDbText
 73
2
  0
TEXT
  5
F5F
330
D11
100
AcDbEntity
 67
1
  8
E-SEMA-YAZI
100
AcDbText
 10
74.0
 20
60.0
 30
0.0
 40
1.5
  1
PE
  7
GYM
 72
1
 11
74.0
 21
60.0
 31
0.0
100
AcDbText
 73
2
  0
TEXT
  5
F60
330
D11
100
AcDbEntity
 67
1
  8
E-SEMA-YAZI
100
AcDbText
 10
96.0
 20
60.0
 30
0.0
 40
1.5
  1
PE
  7
GYM
 72
1
 11
96.0
 21
60.0
 31
0.0
100
AcDbText
 73
2
  0
TEXT
  5
F61
330
D11
100
AcDbEntity
 67
1
  8
E-SEMA-YAZI
100
AcDbText
 10
122.0
 20
60.0
 30
0.0
 40
1.5
  1
NHXMH 3×2,5
  7
GYM
 72
1
 11
122.0
 21
60.0
 31
0.0
100
AcDbText
 73
2
  0
TEXT
  5
F62
330
D11
100
AcDbEntity
 67
1
  8
E-SEMA-YAZI
100
AcDbText
 10
167.0
 20
60.0
 30
0.0
 40
1.5
  1
Klima — fonksiyonel 18.000 BTU
  7
GYM
 72
1
 11
167.0
 21
60.0
 31
0.0
100
AcDbText
 73
2
  0
TEXT
  5
F63
330
D11
100
AcDbEntity
 67
1
  8
E-SEMA-YAZI
100
AcDbText
 10
210.0
 20
60.0
 30
0.0
 40
1.5
  1
7
  7
GYM
 72
1
 11
210.0
 21
60.0
 31
0.0
100
AcDbText
 73
2
  0
TEXT
  5
F64
330
D11
100
AcDbEntity
 67
1
  8
E-SEMA-YAZI
100
AcDbText
 10
236.0
 20
60.0
 30
0.0
 40
1.5
  1
RCD-5
  7
GYM
 72
1
 11
236.0
 21
60.0
 31
0.0
100
AcDbText
 73
2
  0
TEXT
  5
F65
330
D11
100
AcDbEntity
 67
1
  8
E-SEMA-YAZI
100
AcDbText
 10
38.0
 20
56.0
 30
0.0
 40
1.5
  1
18
  7
GYM
 72
1
 11
38.0
 21
56.0
 31
0.0
100
AcDbText
 73
2
  0
TEXT
  5
F66
330
D11
100
AcDbEntity
 67
1
  8
E-SEMA-YAZI
100
AcDbText
 10
54.0
 20
56.0
 30
0.0
 40
1.5
  1
K3
  7
GYM
 72
1
 11
54.0
 21
56.0
 31
0.0
100
AcDbText
 73
2
  0
TEXT
  5
F67
330
D11
100
AcDbEntity
 67
1
  8
E-SEMA-YAZI
100
AcDbText
 10
74.0
 20
56.0
 30
0.0
 40
1.5
  1
L
  7
GYM
 72
1
 11
74.0
 21
56.0
 31
0.0
100
AcDbText
 73
2
  0
TEXT
  5
F68
330
D11
100
AcDbEntity
 67
1
  8
E-SEMA-YAZI
100
AcDbText
 10
96.0
 20
56.0
 30
0.0
 40
1.5
  1
28
  7
GYM
 72
1
 11
96.0
 21
56.0
 31
0.0
100
AcDbText
 73
2
  0
TEXT
  5
F69
330
D11
100
AcDbEntity
 67
1
  8
E-SEMA-YAZI
100
AcDbText
 10
122.0
 20
56.0
 30
0.0
 40
1.5
  1
NHXMH 3×2,5
  7
GYM
 72
1
 11
122.0
 21
56.0
 31
0.0
100
AcDbText
 73
2
  0
TEXT
  5
F6A
330
D11
100
AcDbEntity
 67
1
  8
E-SEMA-YAZI
100
AcDbText
 10
167.0
 20
56.0
 30
0.0
 40
1.5
  1
Klima — giriş 12.000 BTU
  7
GYM
 72
1
 11
167.0
 21
56.0
 31
0.0
100
AcDbText
 73
2
  0
TEXT
  5
F6B
330
D11
100
AcDbEntity
 67
1
  8
E-SEMA-YAZI
100
AcDbText
 10
210.0
 20
56.0
 30
0.0
 40
1.5
  1
7
  7
GYM
 72
1
 11
210.0
 21
56.0
 31
0.0
100
AcDbText
 73
2
  0
TEXT
  5
F6C
330
D11
100
AcDbEntity
 67
1
  8
E-SEMA-YAZI
100
AcDbText
 10
236.0
 20
56.0
 30
0.0
 40
1.5
  1
RCD-5
  7
GYM
 72
1
 11
236.0
 21
56.0
 31
0.0
100
AcDbText
 73
2
  0
TEXT
  5
F6D
330
D11
100
AcDbEntity
 67
1
  8
E-SEMA-YAZI
100
AcDbText
 10
38.0
 20
52.0
 30
0.0
 40
1.5
  1

  7
GYM
 72
1
 11
38.0
 21
52.0
 31
0.0
100
AcDbText
 73
2
  0
TEXT
  5
F6E
330
D11
100
AcDbEntity
 67
1
  8
E-SEMA-YAZI
100
AcDbText
 10
54.0
 20
52.0
 30
0.0
 40
1.5
  1
K3
  7
GYM
 72
1
 11
54.0
 21
52.0
 31
0.0
100
AcDbText
 73
2
  0
TEXT
  5
F6F
330
D11
100
AcDbEntity
 67
1
  8
E-SEMA-YAZI
100
AcDbText
 10
74.0
 20
52.0
 30
0.0
 40
1.5
  1
N
  7
GYM
 72
1
 11
74.0
 21
52.0
 31
0.0
100
AcDbText
 73
2
  0
TEXT
  5
F70
330
D11
100
AcDbEntity
 67
1
  8
E-SEMA-YAZI
100
AcDbText
 10
96.0
 20
52.0
 30
0.0
 40
1.5
  1
N5
  7
GYM
 72
1
 11
96.0
 21
52.0
 31
0.0
100
AcDbText
 73
2
  0
TEXT
  5
F71
330
D11
100
AcDbEntity
 67
1
  8
E-SEMA-YAZI
100
AcDbText
 10
122.0
 20
52.0
 30
0.0
 40
1.5
  1
NHXMH 3×2,5
  7
GYM
 72
1
 11
122.0
 21
52.0
 31
0.0
100
AcDbText
 73
2
  0
TEXT
  5
F72
330
D11
100
AcDbEntity
 67
1
  8
E-SEMA-YAZI
100
AcDbText
 10
167.0
 20
52.0
 30
0.0
 40
1.5
  1
Klima — giriş 12.000 BTU
  7
GYM
 72
1
 11
167.0
 21
52.0
 31
0.0
100
AcDbText
 73
2
  0
TEXT
  5
F73
330
D11
100
AcDbEntity
 67
1
  8
E-SEMA-YAZI
100
AcDbText
 10
210.0
 20
52.0
 30
0.0
 40
1.5
  1
7
  7
GYM
 72
1
 11
210.0
 21
52.0
 31
0.0
100
AcDbText
 73
2
  0
TEXT
  5
F74
330
D11
100
AcDbEntity
 67
1
  8
E-SEMA-YAZI
100
AcDbText
 10
236.0
 20
52.0
 30
0.0
 40
1.5
  1
RCD-5
  7
GYM
 72
1
 11
236.0
 21
52.0
 31
0.0
100
AcDbText
 73
2
  0
TEXT
  5
F75
330
D11
100
AcDbEntity
 67
1
  8
E-SEMA-YAZI
100
AcDbText
 10
38.0
 20
48.0
 30
0.0
 40
1.5
  1

  7
GYM
 72
1
 11
38.0
 21
48.0
 31
0.0
100
AcDbText
 73
2
  0
TEXT
  5
F76
330
D11
100
AcDbEntity
 67
1
  8
E-SEMA-YAZI
100
AcDbText
 10
54.0
 20
48.0
 30
0.0
 40
1.5
  1
K3
  7
GYM
 72
1
 11
54.0
 21
48.0
 31
0.0
100
AcDbText
 73
2
  0
TEXT
  5
F77
330
D11
100
AcDbEntity
 67
1
  8
E-SEMA-YAZI
100
AcDbText
 10
74.0
 20
48.0
 30
0.0
 40
1.5
  1
PE
  7
GYM
 72
1
 11
74.0
 21
48.0
 31
0.0
100
AcDbText
 73
2
  0
TEXT
  5
F78
330
D11
100
AcDbEntity
 67
1
  8
E-SEMA-YAZI
100
AcDbText
 10
96.0
 20
48.0
 30
0.0
 40
1.5
  1
PE
  7
GYM
 72
1
 11
96.0
 21
48.0
 31
0.0
100
AcDbText
 73
2
  0
TEXT
  5
F79
330
D11
100
AcDbEntity
 67
1
  8
E-SEMA-YAZI
100
AcDbText
 10
122.0
 20
48.0
 30
0.0
 40
1.5
  1
NHXMH 3×2,5
  7
GYM
 72
1
 11
122.0
 21
48.0
 31
0.0
100
AcDbText
 73
2
  0
TEXT
  5
F7A
330
D11
100
AcDbEntity
 67
1
  8
E-SEMA-YAZI
100
AcDbText
 10
167.0
 20
48.0
 30
0.0
 40
1.5
  1
Klima — giriş 12.000 BTU
  7
GYM
 72
1
 11
167.0
 21
48.0
 31
0.0
100
AcDbText
 73
2
  0
TEXT
  5
F7B
330
D11
100
AcDbEntity
 67
1
  8
E-SEMA-YAZI
100
AcDbText
 10
210.0
 20
48.0
 30
0.0
 40
1.5
  1
7
  7
GYM
 72
1
 11
210.0
 21
48.0
 31
0.0
100
AcDbText
 73
2
  0
TEXT
  5
F7C
330
D11
100
AcDbEntity
 67
1
  8
E-SEMA-YAZI
100
AcDbText
 10
236.0
 20
48.0
 30
0.0
 40
1.5
  1
RCD-5
  7
GYM
 72
1
 11
236.0
 21
48.0
 31
0.0
100
AcDbText
 73
2
  0
TEXT
  5
F7D
330
D11
100
AcDbEntity
 67
1
  8
E-SEMA-YAZI
100
AcDbText
 10
38.0
 20
44.0
 30
0.0
 40
1.5
  1
19
  7
GYM
 72
1
 11
38.0
 21
44.0
 31
0.0
100
AcDbText
 73
2
  0
TEXT
  5
F7E
330
D11
100
AcDbEntity
 67
1
  8
E-SEMA-YAZI
100
AcDbText
 10
54.0
 20
44.0
 30
0.0
 40
1.5
  1
K4
  7
GYM
 72
1
 11
54.0
 21
44.0
 31
0.0
100
AcDbText
 73
2
  0
TEXT
  5
F7F
330
D11
100
AcDbEntity
 67
1
  8
E-SEMA-YAZI
100
AcDbText
 10
74.0
 20
44.0
 30
0.0
 40
1.5
  1
L
  7
GYM
 72
1
 11
74.0
 21
44.0
 31
0.0
100
AcDbText
 73
2
  0
TEXT
  5
F80
330
D11
100
AcDbEntity
 67
1
  8
E-SEMA-YAZI
100
AcDbText
 10
96.0
 20
44.0
 30
0.0
 40
1.5
  1
29
  7
GYM
 72
1
 11
96.0
 21
44.0
 31
0.0
100
AcDbText
 73
2
  0
TEXT
  5
F81
330
D11
100
AcDbEntity
 67
1
  8
E-SEMA-YAZI
100
AcDbText
 10
122.0
 20
44.0
 30
0.0
 40
1.5
  1
NHXMH 3×2,5
  7
GYM
 72
1
 11
122.0
 21
44.0
 31
0.0
100
AcDbText
 73
2
  0
TEXT
  5
F82
330
D11
100
AcDbEntity
 67
1
  8
E-SEMA-YAZI
100
AcDbText
 10
167.0
 20
44.0
 30
0.0
 40
1.5
  1
Klima — dinlenme 12.000 BTU
  7
GYM
 72
1
 11
167.0
 21
44.0
 31
0.0
100
AcDbText
 73
2
  0
TEXT
  5
F83
330
D11
100
AcDbEntity
 67
1
  8
E-SEMA-YAZI
100
AcDbText
 10
210.0
 20
44.0
 30
0.0
 40
1.5
  1
7
  7
GYM
 72
1
 11
210.0
 21
44.0
 31
0.0
100
AcDbText
 73
2
  0
TEXT
  5
F84
330
D11
100
AcDbEntity
 67
1
  8
E-SEMA-YAZI
100
AcDbText
 10
236.0
 20
44.0
 30
0.0
 40
1.5
  1
RCD-5
  7
GYM
 72
1
 11
236.0
 21
44.0
 31
0.0
100
AcDbText
 73
2
  0
TEXT
  5
F85
330
D11
100
AcDbEntity
 67
1
  8
E-SEMA-YAZI
100
AcDbText
 10
38.0
 20
40.0
 30
0.0
 40
1.5
  1

  7
GYM
 72
1
 11
38.0
 21
40.0
 31
0.0
100
AcDbText
 73
2
  0
TEXT
  5
F86
330
D11
100
AcDbEntity
 67
1
  8
E-SEMA-YAZI
100
AcDbText
 10
54.0
 20
40.0
 30
0.0
 40
1.5
  1
K4
  7
GYM
 72
1
 11
54.0
 21
40.0
 31
0.0
100
AcDbText
 73
2
  0
TEXT
  5
F87
330
D11
100
AcDbEntity
 67
1
  8
E-SEMA-YAZI
100
AcDbText
 10
74.0
 20
40.0
 30
0.0
 40
1.5
  1
N
  7
GYM
 72
1
 11
74.0
 21
40.0
 31
0.0
100
AcDbText
 73
2
  0
TEXT
  5
F88
330
D11
100
AcDbEntity
 67
1
  8
E-SEMA-YAZI
100
AcDbText
 10
96.0
 20
40.0
 30
0.0
 40
1.5
  1
N5
  7
GYM
 72
1
 11
96.0
 21
40.0
 31
0.0
100
AcDbText
 73
2
  0
TEXT
  5
F89
330
D11
100
AcDbEntity
 67
1
  8
E-SEMA-YAZI
100
AcDbText
 10
122.0
 20
40.0
 30
0.0
 40
1.5
  1
NHXMH 3×2,5
  7
GYM
 72
1
 11
122.0
 21
40.0
 31
0.0
100
AcDbText
 73
2
  0
TEXT
  5
F8A
330
D11
100
AcDbEntity
 67
1
  8
E-SEMA-YAZI
100
AcDbText
 10
167.0
 20
40.0
 30
0.0
 40
1.5
  1
Klima — dinlenme 12.000 BTU
  7
GYM
 72
1
 11
167.0
 21
40.0
 31
0.0
100
AcDbText
 73
2
  0
TEXT
  5
F8B
330
D11
100
AcDbEntity
 67
1
  8
E-SEMA-YAZI
100
AcDbText
 10
210.0
 20
40.0
 30
0.0
 40
1.5
  1
7
  7
GYM
 72
1
 11
210.0
 21
40.0
 31
0.0
100
AcDbText
 73
2
  0
TEXT
  5
F8C
330
D11
100
AcDbEntity
 67
1
  8
E-SEMA-YAZI
100
AcDbText
 10
236.0
 20
40.0
 30
0.0
 40
1.5
  1
RCD-5
  7
GYM
 72
1
 11
236.0
 21
40.0
 31
0.0
100
AcDbText
 73
2
  0
TEXT
  5
F8D
330
D11
100
AcDbEntity
 67
1
  8
E-SEMA-YAZI
100
AcDbText
 10
38.0
 20
36.0
 30
0.0
 40
1.5
  1

  7
GYM
 72
1
 11
38.0
 21
36.0
 31
0.0
100
AcDbText
 73
2
  0
TEXT
  5
F8E
330
D11
100
AcDbEntity
 67
1
  8
E-SEMA-YAZI
100
AcDbText
 10
54.0
 20
36.0
 30
0.0
 40
1.5
  1
K4
  7
GYM
 72
1
 11
54.0
 21
36.0
 31
0.0
100
AcDbText
 73
2
  0
TEXT
  5
F8F
330
D11
100
AcDbEntity
 67
1
  8
E-SEMA-YAZI
100
AcDbText
 10
74.0
 20
36.0
 30
0.0
 40
1.5
  1
PE
  7
GYM
 72
1
 11
74.0
 21
36.0
 31
0.0
100
AcDbText
 73
2
  0
TEXT
  5
F90
330
D11
100
AcDbEntity
 67
1
  8
E-SEMA-YAZI
100
AcDbText
 10
96.0
 20
36.0
 30
0.0
 40
1.5
  1
PE
  7
GYM
 72
1
 11
96.0
 21
36.0
 31
0.0
100
AcDbText
 73
2
  0
TEXT
  5
F91
330
D11
100
AcDbEntity
 67
1
  8
E-SEMA-YAZI
100
AcDbText
 10
122.0
 20
36.0
 30
0.0
 40
1.5
  1
NHXMH 3×2,5
  7
GYM
 72
1
 11
122.0
 21
36.0
 31
0.0
100
AcDbText
 73
2
  0
TEXT
  5
F92
330
D11
100
AcDbEntity
 67
1
  8
E-SEMA-YAZI
100
AcDbText
 10
167.0
 20
36.0
 30
0.0
 40
1.5
  1
Klima — dinlenme 12.000 BTU
  7
GYM
 72
1
 11
167.0
 21
36.0
 31
0.0
100
AcDbText
 73
2
  0
TEXT
  5
F93
330
D11
100
AcDbEntity
 67
1
  8
E-SEMA-YAZI
100
AcDbText
 10
210.0
 20
36.0
 30
0.0
 40
1.5
  1
7
  7
GYM
 72
1
 11
210.0
 21
36.0
 31
0.0
100
AcDbText
 73
2
  0
TEXT
  5
F94
330
D11
100
AcDbEntity
 67
1
  8
E-SEMA-YAZI
100
AcDbText
 10
236.0
 20
36.0
 30
0.0
 40
1.5
  1
RCD-5
  7
GYM
 72
1
 11
236.0
 21
36.0
 31
0.0
100
AcDbText
 73
2
  0
TEXT
  5
F95
330
D11
100
AcDbEntity
 67
1
  8
E-SEMA-YAZI
100
AcDbText
 10
38.0
 20
32.0
 30
0.0
 40
1.5
  1
20
  7
GYM
 72
1
 11
38.0
 21
32.0
 31
0.0
100
AcDbText
 73
2
  0
TEXT
  5
F96
330
D11
100
AcDbEntity
 67
1
  8
E-SEMA-YAZI
100
AcDbText
 10
54.0
 20
32.0
 30
0.0
 40
1.5
  1
V1
  7
GYM
 72
1
 11
54.0
 21
32.0
 31
0.0
100
AcDbText
 73
2
  0
TEXT
  5
F97
330
D11
100
AcDbEntity
 67
1
  8
E-SEMA-YAZI
100
AcDbText
 10
74.0
 20
32.0
 30
0.0
 40
1.5
  1
L
  7
GYM
 72
1
 11
74.0
 21
32.0
 31
0.0
100
AcDbText
 73
2
  0
TEXT
  5
F98
330
D11
100
AcDbEntity
 67
1
  8
E-SEMA-YAZI
100
AcDbText
 10
96.0
 20
32.0
 30
0.0
 40
1.5
  1
30
  7
GYM
 72
1
 11
96.0
 21
32.0
 31
0.0
100
AcDbText
 73
2
  0
TEXT
  5
F99
330
D11
100
AcDbEntity
 67
1
  8
E-SEMA-YAZI
100
AcDbText
 10
122.0
 20
32.0
 30
0.0
 40
1.5
  1
NHXMH 3×2,5
  7
GYM
 72
1
 11
122.0
 21
32.0
 31
0.0
100
AcDbText
 73
2
  0
TEXT
  5
F9A
330
D11
100
AcDbEntity
 67
1
  8
E-SEMA-YAZI
100
AcDbText
 10
167.0
 20
32.0
 30
0.0
 40
1.5
  1
Havalandırma — taze hava + egzoz fanı
  7
GYM
 72
1
 11
167.0
 21
32.0
 31
0.0
100
AcDbText
 73
2
  0
TEXT
  5
F9B
330
D11
100
AcDbEntity
 67
1
  8
E-SEMA-YAZI
100
AcDbText
 10
210.0
 20
32.0
 30
0.0
 40
1.5
  1
7
  7
GYM
 72
1
 11
210.0
 21
32.0
 31
0.0
100
AcDbText
 73
2
  0
TEXT
  5
F9C
330
D11
100
AcDbEntity
 67
1
  8
E-SEMA-YAZI
100
AcDbText
 10
236.0
 20
32.0
 30
0.0
 40
1.5
  1
RCD-5
  7
GYM
 72
1
 11
236.0
 21
32.0
 31
0.0
100
AcDbText
 73
2
  0
TEXT
  5
F9D
330
D11
100
AcDbEntity
 67
1
  8
E-SEMA-YAZI
100
AcDbText
 10
38.0
 20
28.0
 30
0.0
 40
1.5
  1

  7
GYM
 72
1
 11
38.0
 21
28.0
 31
0.0
100
AcDbText
 73
2
  0
TEXT
  5
F9E
330
D11
100
AcDbEntity
 67
1
  8
E-SEMA-YAZI
100
AcDbText
 10
54.0
 20
28.0
 30
0.0
 40
1.5
  1
V1
  7
GYM
 72
1
 11
54.0
 21
28.0
 31
0.0
100
AcDbText
 73
2
  0
TEXT
  5
F9F
330
D11
100
AcDbEntity
 67
1
  8
E-SEMA-YAZI
100
AcDbText
 10
74.0
 20
28.0
 30
0.0
 40
1.5
  1
N
  7
GYM
 72
1
 11
74.0
 21
28.0
 31
0.0
100
AcDbText
 73
2
  0
TEXT
  5
FA0
330
D11
100
AcDbEntity
 67
1
  8
E-SEMA-YAZI
100
AcDbText
 10
96.0
 20
28.0
 30
0.0
 40
1.5
  1
N5
  7
GYM
 72
1
 11
96.0
 21
28.0
 31
0.0
100
AcDbText
 73
2
  0
TEXT
  5
FA1
330
D11
100
AcDbEntity
 67
1
  8
E-SEMA-YAZI
100
AcDbText
 10
122.0
 20
28.0
 30
0.0
 40
1.5
  1
NHXMH 3×2,5
  7
GYM
 72
1
 11
122.0
 21
28.0
 31
0.0
100
AcDbText
 73
2
  0
TEXT
  5
FA2
330
D11
100
AcDbEntity
 67
1
  8
E-SEMA-YAZI
100
AcDbText
 10
167.0
 20
28.0
 30
0.0
 40
1.5
  1
Havalandırma — taze hava + egzoz fanı
  7
GYM
 72
1
 11
167.0
 21
28.0
 31
0.0
100
AcDbText
 73
2
  0
TEXT
  5
FA3
330
D11
100
AcDbEntity
 67
1
  8
E-SEMA-YAZI
100
AcDbText
 10
210.0
 20
28.0
 30
0.0
 40
1.5
  1
7
  7
GYM
 72
1
 11
210.0
 21
28.0
 31
0.0
100
AcDbText
 73
2
  0
TEXT
  5
FA4
330
D11
100
AcDbEntity
 67
1
  8
E-SEMA-YAZI
100
AcDbText
 10
236.0
 20
28.0
 30
0.0
 40
1.5
  1
RCD-5
  7
GYM
 72
1
 11
236.0
 21
28.0
 31
0.0
100
AcDbText
 73
2
  0
TEXT
  5
FA5
330
D11
100
AcDbEntity
 67
1
  8
E-SEMA-YAZI
100
AcDbText
 10
38.0
 20
24.0
 30
0.0
 40
1.5
  1

  7
GYM
 72
1
 11
38.0
 21
24.0
 31
0.0
100
AcDbText
 73
2
  0
TEXT
  5
FA6
330
D11
100
AcDbEntity
 67
1
  8
E-SEMA-YAZI
100
AcDbText
 10
54.0
 20
24.0
 30
0.0
 40
1.5
  1
V1
  7
GYM
 72
1
 11
54.0
 21
24.0
 31
0.0
100
AcDbText
 73
2
  0
TEXT
  5
FA7
330
D11
100
AcDbEntity
 67
1
  8
E-SEMA-YAZI
100
AcDbText
 10
74.0
 20
24.0
 30
0.0
 40
1.5
  1
PE
  7
GYM
 72
1
 11
74.0
 21
24.0
 31
0.0
100
AcDbText
 73
2
  0
TEXT
  5
FA8
330
D11
100
AcDbEntity
 67
1
  8
E-SEMA-YAZI
100
AcDbText
 10
96.0
 20
24.0
 30
0.0
 40
1.5
  1
PE
  7
GYM
 72
1
 11
96.0
 21
24.0
 31
0.0
100
AcDbText
 73
2
  0
TEXT
  5
FA9
330
D11
100
AcDbEntity
 67
1
  8
E-SEMA-YAZI
100
AcDbText
 10
122.0
 20
24.0
 30
0.0
 40
1.5
  1
NHXMH 3×2,5
  7
GYM
 72
1
 11
122.0
 21
24.0
 31
0.0
100
AcDbText
 73
2
  0
TEXT
  5
FAA
330
D11
100
AcDbEntity
 67
1
  8
E-SEMA-YAZI
100
AcDbText
 10
167.0
 20
24.0
 30
0.0
 40
1.5
  1
Havalandırma — taze hava + egzoz fanı
  7
GYM
 72
1
 11
167.0
 21
24.0
 31
0.0
100
AcDbText
 73
2
  0
TEXT
  5
FAB
330
D11
100
AcDbEntity
 67
1
  8
E-SEMA-YAZI
100
AcDbText
 10
210.0
 20
24.0
 30
0.0
 40
1.5
  1
7
  7
GYM
 72
1
 11
210.0
 21
24.0
 31
0.0
100
AcDbText
 73
2
  0
TEXT
  5
FAC
330
D11
100
AcDbEntity
 67
1
  8
E-SEMA-YAZI
100
AcDbText
 10
236.0
 20
24.0
 30
0.0
 40
1.5
  1
RCD-5
  7
GYM
 72
1
 11
236.0
 21
24.0
 31
0.0
100
AcDbText
 73
2
  0
TEXT
  5
FAD
330
D11
100
AcDbEntity
 67
1
  8
E-SEMA-YAZI
100
AcDbText
 10
38.0
 20
20.0
 30
0.0
 40
1.5
  1
21
  7
GYM
 72
1
 11
38.0
 21
20.0
 31
0.0
100
AcDbText
 73
2
  0
TEXT
  5
FAE
330
D11
100
AcDbEntity
 67
1
  8
E-SEMA-YAZI
100
AcDbText
 10
54.0
 20
20.0
 30
0.0
 40
1.5
  1
V2
  7
GYM
 72
1
 11
54.0
 21
20.0
 31
0.0
100
AcDbText
 73
2
  0
TEXT
  5
FAF
330
D11
100
AcDbEntity
 67
1
  8
E-SEMA-YAZI
100
AcDbText
 10
74.0
 20
20.0
 30
0.0
 40
1.5
  1
L
  7
GYM
 72
1
 11
74.0
 21
20.0
 31
0.0
100
AcDbText
 73
2
  0
TEXT
  5
FB0
330
D11
100
AcDbEntity
 67
1
  8
E-SEMA-YAZI
100
AcDbText
 10
96.0
 20
20.0
 30
0.0
 40
1.5
  1
31
  7
GYM
 72
1
 11
96.0
 21
20.0
 31
0.0
100
AcDbText
 73
2
  0
TEXT
  5
FB1
330
D11
100
AcDbEntity
 67
1
  8
E-SEMA-YAZI
100
AcDbText
 10
122.0
 20
20.0
 30
0.0
 40
1.5
  1
NHXMH 3×2,5
  7
GYM
 72
1
 11
122.0
 21
20.0
 31
0.0
100
AcDbText
 73
2
  0
TEXT
  5
FB2
330
D11
100
AcDbEntity
 67
1
  8
E-SEMA-YAZI
100
AcDbText
 10
167.0
 20
20.0
 30
0.0
 40
1.5
  1
Islak hacim egzoz fanı
  7
GYM
 72
1
 11
167.0
 21
20.0
 31
0.0
100
AcDbText
 73
2
  0
TEXT
  5
FB3
330
D11
100
AcDbEntity
 67
1
  8
E-SEMA-YAZI
100
AcDbText
 10
210.0
 20
20.0
 30
0.0
 40
1.5
  1
7
  7
GYM
 72
1
 11
210.0
 21
20.0
 31
0.0
100
AcDbText
 73
2
  0
TEXT
  5
FB4
330
D11
100
AcDbEntity
 67
1
  8
E-SEMA-YAZI
100
AcDbText
 10
236.0
 20
20.0
 30
0.0
 40
1.5
  1
RCD-5
  7
GYM
 72
1
 11
236.0
 21
20.0
 31
0.0
100
AcDbText
 73
2
  0
TEXT
  5
FB5
330
D11
100
AcDbEntity
 67
1
  8
E-SEMA-YAZI
100
AcDbText
 10
38.0
 20
16.0
 30
0.0
 40
1.5
  1

  7
GYM
 72
1
 11
38.0
 21
16.0
 31
0.0
100
AcDbText
 73
2
  0
TEXT
  5
FB6
330
D11
100
AcDbEntity
 67
1
  8
E-SEMA-YAZI
100
AcDbText
 10
54.0
 20
16.0
 30
0.0
 40
1.5
  1
V2
  7
GYM
 72
1
 11
54.0
 21
16.0
 31
0.0
100
AcDbText
 73
2
  0
TEXT
  5
FB7
330
D11
100
AcDbEntity
 67
1
  8
E-SEMA-YAZI
100
AcDbText
 10
74.0
 20
16.0
 30
0.0
 40
1.5
  1
N
  7
GYM
 72
1
 11
74.0
 21
16.0
 31
0.0
100
AcDbText
 73
2
  0
TEXT
  5
FB8
330
D11
100
AcDbEntity
 67
1
  8
E-SEMA-YAZI
100
AcDbText
 10
96.0
 20
16.0
 30
0.0
 40
1.5
  1
N5
  7
GYM
 72
1
 11
96.0
 21
16.0
 31
0.0
100
AcDbText
 73
2
  0
TEXT
  5
FB9
330
D11
100
AcDbEntity
 67
1
  8
E-SEMA-YAZI
100
AcDbText
 10
122.0
 20
16.0
 30
0.0
 40
1.5
  1
NHXMH 3×2,5
  7
GYM
 72
1
 11
122.0
 21
16.0
 31
0.0
100
AcDbText
 73
2
  0
TEXT
  5
FBA
330
D11
100
AcDbEntity
 67
1
  8
E-SEMA-YAZI
100
AcDbText
 10
167.0
 20
16.0
 30
0.0
 40
1.5
  1
Islak hacim egzoz fanı
  7
GYM
 72
1
 11
167.0
 21
16.0
 31
0.0
100
AcDbText
 73
2
  0
TEXT
  5
FBB
330
D11
100
AcDbEntity
 67
1
  8
E-SEMA-YAZI
100
AcDbText
 10
210.0
 20
16.0
 30
0.0
 40
1.5
  1
7
  7
GYM
 72
1
 11
210.0
 21
16.0
 31
0.0
100
AcDbText
 73
2
  0
TEXT
  5
FBC
330
D11
100
AcDbEntity
 67
1
  8
E-SEMA-YAZI
100
AcDbText
 10
236.0
 20
16.0
 30
0.0
 40
1.5
  1
RCD-5
  7
GYM
 72
1
 11
236.0
 21
16.0
 31
0.0
100
AcDbText
 73
2
  0
TEXT
  5
FBD
330
D11
100
AcDbEntity
 67
1
  8
E-SEMA-YAZI
100
AcDbText
 10
38.0
 20
12.0
 30
0.0
 40
1.5
  1

  7
GYM
 72
1
 11
38.0
 21
12.0
 31
0.0
100
AcDbText
 73
2
  0
TEXT
  5
FBE
330
D11
100
AcDbEntity
 67
1
  8
E-SEMA-YAZI
100
AcDbText
 10
54.0
 20
12.0
 30
0.0
 40
1.5
  1
V2
  7
GYM
 72
1
 11
54.0
 21
12.0
 31
0.0
100
AcDbText
 73
2
  0
TEXT
  5
FBF
330
D11
100
AcDbEntity
 67
1
  8
E-SEMA-YAZI
100
AcDbText
 10
74.0
 20
12.0
 30
0.0
 40
1.5
  1
PE
  7
GYM
 72
1
 11
74.0
 21
12.0
 31
0.0
100
AcDbText
 73
2
  0
TEXT
  5
FC0
330
D11
100
AcDbEntity
 67
1
  8
E-SEMA-YAZI
100
AcDbText
 10
96.0
 20
12.0
 30
0.0
 40
1.5
  1
PE
  7
GYM
 72
1
 11
96.0
 21
12.0
 31
0.0
100
AcDbText
 73
2
  0
TEXT
  5
FC1
330
D11
100
AcDbEntity
 67
1
  8
E-SEMA-YAZI
100
AcDbText
 10
122.0
 20
12.0
 30
0.0
 40
1.5
  1
NHXMH 3×2,5
  7
GYM
 72
1
 11
122.0
 21
12.0
 31
0.0
100
AcDbText
 73
2
  0
TEXT
  5
FC2
330
D11
100
AcDbEntity
 67
1
  8
E-SEMA-YAZI
100
AcDbText
 10
167.0
 20
12.0
 30
0.0
 40
1.5
  1
Islak hacim egzoz fanı
  7
GYM
 72
1
 11
167.0
 21
12.0
 31
0.0
100
AcDbText
 73
2
  0
TEXT
  5
FC3
330
D11
100
AcDbEntity
 67
1
  8
E-SEMA-YAZI
100
AcDbText
 10
210.0
 20
12.0
 30
0.0
 40
1.5
  1
7
  7
GYM
 72
1
 11
210.0
 21
12.0
 31
0.0
100
AcDbText
 73
2
  0
TEXT
  5
FC4
330
D11
100
AcDbEntity
 67
1
  8
E-SEMA-YAZI
100
AcDbText
 10
236.0
 20
12.0
 30
0.0
 40
1.5
  1
RCD-5
  7
GYM
 72
1
 11
236.0
 21
12.0
 31
0.0
100
AcDbText
 73
2
  0
TEXT
  5
FC5
330
D11
100
AcDbEntity
 67
1
  8
E-SEMA-YAZI
100
AcDbText
 10
38.0
 20
8.0
 30
0.0
 40
1.5
  1
26
  7
GYM
 72
1
 11
38.0
 21
8.0
 31
0.0
100
AcDbText
 73
2
  0
TEXT
  5
FC6
330
D11
100
AcDbEntity
 67
1
  8
E-SEMA-YAZI
100
AcDbText
 10
54.0
 20
8.0
 30
0.0
 40
1.5
  1
Z2
  7
GYM
 72
1
 11
54.0
 21
8.0
 31
0.0
100
AcDbText
 73
2
  0
TEXT
  5
FC7
330
D11
100
AcDbEntity
 67
1
  8
E-SEMA-YAZI
100
AcDbText
 10
74.0
 20
8.0
 30
0.0
 40
1.5
  1
L
  7
GYM
 72
1
 11
74.0
 21
8.0
 31
0.0
100
AcDbText
 73
2
  0
TEXT
  5
FC8
330
D11
100
AcDbEntity
 67
1
  8
E-SEMA-YAZI
100
AcDbText
 10
96.0
 20
8.0
 30
0.0
 40
1.5
  1
36
  7
GYM
 72
1
 11
96.0
 21
8.0
 31
0.0
100
AcDbText
 73
2
  0
TEXT
  5
FC9
330
D11
100
AcDbEntity
 67
1
  8
E-SEMA-YAZI
100
AcDbText
 10
122.0
 20
8.0
 30
0.0
 40
1.5
  1
JE-H(St)H 3×2,5
  7
GYM
 72
1
 11
122.0
 21
8.0
 31
0.0
100
AcDbText
 73
2
  0
TEXT
  5
FCA
330
D11
100
AcDbEntity
 67
1
  8
E-SEMA-YAZI
100
AcDbText
 10
167.0
 20
8.0
 30
0.0
 40
1.5
  1
Yangın algılama paneli (kesintisiz)
  7
GYM
 72
1
 11
167.0
 21
8.0
 31
0.0
100
AcDbText
 73
2
  0
TEXT
  5
FCB
330
D11
100
AcDbEntity
 67
1
  8
E-SEMA-YAZI
100
AcDbText
 10
210.0
 20
8.0
 30
0.0
 40
1.5
  1
8
  7
GYM
 72
1
 11
210.0
 21
8.0
 31
0.0
100
AcDbText
 73
2
  0
TEXT
  5
FCC
330
D11
100
AcDbEntity
 67
1
  8
E-SEMA-YAZI
100
AcDbText
 10
236.0
 20
8.0
 30
0.0
 40
1.5
  1
—
  7
GYM
 72
1
 11
236.0
 21
8.0
 31
0.0
100
AcDbText
 73
2
  0
TEXT
  5
FCD
330
D11
100
AcDbEntity
 67
1
  8
E-SEMA-YAZI
100
AcDbText
 10
38.0
 20
4.0
 30
0.0
 40
1.5
  1

  7
GYM
 72
1
 11
38.0
 21
4.0
 31
0.0
100
AcDbText
 73
2
  0
TEXT
  5
FCE
330
D11
100
AcDbEntity
 67
1
  8
E-SEMA-YAZI
100
AcDbText
 10
54.0
 20
4.0
 30
0.0
 40
1.5
  1
Z2
  7
GYM
 72
1
 11
54.0
 21
4.0
 31
0.0
100
AcDbText
 73
2
  0
TEXT
  5
FCF
330
D11
100
AcDbEntity
 67
1
  8
E-SEMA-YAZI
100
AcDbText
 10
74.0
 20
4.0
 30
0.0
 40
1.5
  1
N
  7
GYM
 72
1
 11
74.0
 21
4.0
 31
0.0
100
AcDbText
 73
2
  0
TEXT
  5
FD0
330
D11
100
AcDbEntity
 67
1
  8
E-SEMA-YAZI
100
AcDbText
 10
96.0
 20
4.0
 30
0.0
 40
1.5
  1
N0
  7
GYM
 72
1
 11
96.0
 21
4.0
 31
0.0
100
AcDbText
 73
2
  0
TEXT
  5
FD1
330
D11
100
AcDbEntity
 67
1
  8
E-SEMA-YAZI
100
AcDbText
 10
122.0
 20
4.0
 30
0.0
 40
1.5
  1
JE-H(St)H 3×2,5
  7
GYM
 72
1
 11
122.0
 21
4.0
 31
0.0
100
AcDbText
 73
2
  0
TEXT
  5
FD2
330
D11
100
AcDbEntity
 67
1
  8
E-SEMA-YAZI
100
AcDbText
 10
167.0
 20
4.0
 30
0.0
 40
1.5
  1
Yangın algılama paneli (kesintisiz)
  7
GYM
 72
1
 11
167.0
 21
4.0
 31
0.0
100
AcDbText
 73
2
  0
TEXT
  5
FD3
330
D11
100
AcDbEntity
 67
1
  8
E-SEMA-YAZI
100
AcDbText
 10
210.0
 20
4.0
 30
0.0
 40
1.5
  1
8
  7
GYM
 72
1
 11
210.0
 21
4.0
 31
0.0
100
AcDbText
 73
2
  0
TEXT
  5
FD4
330
D11
100
AcDbEntity
 67
1
  8
E-SEMA-YAZI
100
AcDbText
 10
236.0
 20
4.0
 30
0.0
 40
1.5
  1
—
  7
GYM
 72
1
 11
236.0
 21
4.0
 31
0.0
100
AcDbText
 73
2
  0
TEXT
  5
FD5
330
D11
100
AcDbEntity
 67
1
  8
E-SEMA-YAZI
100
AcDbText
 10
38.0
 20
0.0
 30
0.0
 40
1.5
  1

  7
GYM
 72
1
 11
38.0
 21
0.0
 31
0.0
100
AcDbText
 73
2
  0
TEXT
  5
FD6
330
D11
100
AcDbEntity
 67
1
  8
E-SEMA-YAZI
100
AcDbText
 10
54.0
 20
0.0
 30
0.0
 40
1.5
  1
Z2
  7
GYM
 72
1
 11
54.0
 21
0.0
 31
0.0
100
AcDbText
 73
2
  0
TEXT
  5
FD7
330
D11
100
AcDbEntity
 67
1
  8
E-SEMA-YAZI
100
AcDbText
 10
74.0
 20
0.0
 30
0.0
 40
1.5
  1
PE
  7
GYM
 72
1
 11
74.0
 21
0.0
 31
0.0
100
AcDbText
 73
2
  0
TEXT
  5
FD8
330
D11
100
AcDbEntity
 67
1
  8
E-SEMA-YAZI
100
AcDbText
 10
96.0
 20
0.0
 30
0.0
 40
1.5
  1
PE
  7
GYM
 72
1
 11
96.0
 21
0.0
 31
0.0
100
AcDbText
 73
2
  0
TEXT
  5
FD9
330
D11
100
AcDbEntity
 67
1
  8
E-SEMA-YAZI
100
AcDbText
 10
122.0
 20
0.0
 30
0.0
 40
1.5
  1
JE-H(St)H 3×2,5
  7
GYM
 72
1
 11
122.0
 21
0.0
 31
0.0
100
AcDbText
 73
2
  0
TEXT
  5
FDA
330
D11
100
AcDbEntity
 67
1
  8
E-SEMA-YAZI
100
AcDbText
 10
167.0
 20
0.0
 30
0.0
 40
1.5
  1
Yangın algılama paneli (kesintisiz)
  7
GYM
 72
1
 11
167.0
 21
0.0
 31
0.0
100
AcDbText
 73
2
  0
TEXT
  5
FDB
330
D11
100
AcDbEntity
 67
1
  8
E-SEMA-YAZI
100
AcDbText
 10
210.0
 20
0.0
 30
0.0
 40
1.5
  1
8
  7
GYM
 72
1
 11
210.0
 21
0.0
 31
0.0
100
AcDbText
 73
2
  0
TEXT
  5
FDC
330
D11
100
AcDbEntity
 67
1
  8
E-SEMA-YAZI
100
AcDbText
 10
236.0
 20
0.0
 30
0.0
 40
1.5
  1
—
  7
GYM
 72
1
 11
236.0
 21
0.0
 31
0.0
100
AcDbText
 73
2
  0
ENDBLK
  5
D13
330
D11
100
AcDbEntity
  8
0
100
AcDbBlockEnd
  0
BLOCK
  5
FDE
330
FDD
100
AcDbEntity
  8
0
100
AcDbBlockBegin
  2
*Paper_Space9
 70
0
 10
0.0
 20
0.0
 30
0.0
  3
*Paper_Space9
  1

  0
VIEWPORT
  5
FE1
330
FDD
100
AcDbEntity
 67
1
  8
VIEWPORTS
100
AcDbViewport
 10
210.0
 20
148.5
 30
0.0
 40
462.00000000000006
 41
326.70000000000005
 68
1
 69
1
 12
210.0
 22
148.5
 13
0.0
 23
0.0
 14
10.0
 24
10.0
 15
10.0
 25
10.0
 16
0.0
 26
0.0
 36
1.0
 17
0.0
 27
0.0
 37
0.0
 42
50.0
 43
0.0
 44
0.0
 45
326.70000000000005
 50
0.0
 51
0.0
 72
100
 90
557088
  1

281
0
 71
0
 74
0
110
0.0
120
0.0
130
0.0
111
1.0
121
0.0
131
0.0
112
0.0
122
1.0
132
0.0
 79
0
146
0.0
282
0
  0
LWPOLYLINE
  5
FE2
330
FDD
100
AcDbEntity
 67
1
  8
E-SEMA-ANTET
370
70
100
AcDbPolyline
 90
4
 70
1
 10
20.0
 20
10.0
 10
410.0
 20
10.0
 10
410.0
 20
287.0
 10
20.0
 20
287.0
  0
LWPOLYLINE
  5
FE3
330
FDD
100
AcDbEntity
 67
1
  8
E-SEMA-ZON
370
18
100
AcDbPolyline
 90
4
 70
1
 10
25.0
 20
32.0
 10
405.0
 20
32.0
 10
405.0
 20
282.0
 10
25.0
 20
282.0
  0
TEXT
  5
FE4
330
FDD
100
AcDbEntity
 67
1
  8
E-SEMA-ZON
100
AcDbText
 10
48.75
 20
284.5
 30
0.0
 40
2.2
  1
0
  7
GYM
 72
1
 11
48.75
 21
284.5
 31
0.0
100
AcDbText
 73
2
  0
LINE
  5
FE5
330
FDD
100
AcDbEntity
 67
1
  8
E-SEMA-ZON
370
18
100
AcDbLine
 10
72.5
 20
282.0
 30
0.0
 11
72.5
 21
287.0
 31
0.0
  0
LINE
  5
FE6
330
FDD
100
AcDbEntity
 67
1
  8
E-SEMA-ZON
370
18
100
AcDbLine
 10
72.5
 20
32.0
 30
0.0
 11
72.5
 21
32.0
 31
0.0
  0
TEXT
  5
FE7
330
FDD
100
AcDbEntity
 67
1
  8
E-SEMA-ZON
100
AcDbText
 10
96.25
 20
284.5
 30
0.0
 40
2.2
  1
1
  7
GYM
 72
1
 11
96.25
 21
284.5
 31
0.0
100
AcDbText
 73
2
  0
LINE
  5
FE8
330
FDD
100
AcDbEntity
 67
1
  8
E-SEMA-ZON
370
18
100
AcDbLine
 10
120.0
 20
282.0
 30
0.0
 11
120.0
 21
287.0
 31
0.0
  0
LINE
  5
FE9
330
FDD
100
AcDbEntity
 67
1
  8
E-SEMA-ZON
370
18
100
AcDbLine
 10
120.0
 20
32.0
 30
0.0
 11
120.0
 21
32.0
 31
0.0
  0
TEXT
  5
FEA
330
FDD
100
AcDbEntity
 67
1
  8
E-SEMA-ZON
100
AcDbText
 10
143.75
 20
284.5
 30
0.0
 40
2.2
  1
2
  7
GYM
 72
1
 11
143.75
 21
284.5
 31
0.0
100
AcDbText
 73
2
  0
LINE
  5
FEB
330
FDD
100
AcDbEntity
 67
1
  8
E-SEMA-ZON
370
18
100
AcDbLine
 10
167.5
 20
282.0
 30
0.0
 11
167.5
 21
287.0
 31
0.0
  0
LINE
  5
FEC
330
FDD
100
AcDbEntity
 67
1
  8
E-SEMA-ZON
370
18
100
AcDbLine
 10
167.5
 20
32.0
 30
0.0
 11
167.5
 21
32.0
 31
0.0
  0
TEXT
  5
FED
330
FDD
100
AcDbEntity
 67
1
  8
E-SEMA-ZON
100
AcDbText
 10
191.25
 20
284.5
 30
0.0
 40
2.2
  1
3
  7
GYM
 72
1
 11
191.25
 21
284.5
 31
0.0
100
AcDbText
 73
2
  0
LINE
  5
FEE
330
FDD
100
AcDbEntity
 67
1
  8
E-SEMA-ZON
370
18
100
AcDbLine
 10
215.0
 20
282.0
 30
0.0
 11
215.0
 21
287.0
 31
0.0
  0
LINE
  5
FEF
330
FDD
100
AcDbEntity
 67
1
  8
E-SEMA-ZON
370
18
100
AcDbLine
 10
215.0
 20
32.0
 30
0.0
 11
215.0
 21
32.0
 31
0.0
  0
TEXT
  5
FF0
330
FDD
100
AcDbEntity
 67
1
  8
E-SEMA-ZON
100
AcDbText
 10
238.75
 20
284.5
 30
0.0
 40
2.2
  1
4
  7
GYM
 72
1
 11
238.75
 21
284.5
 31
0.0
100
AcDbText
 73
2
  0
LINE
  5
FF1
330
FDD
100
AcDbEntity
 67
1
  8
E-SEMA-ZON
370
18
100
AcDbLine
 10
262.5
 20
282.0
 30
0.0
 11
262.5
 21
287.0
 31
0.0
  0
LINE
  5
FF2
330
FDD
100
AcDbEntity
 67
1
  8
E-SEMA-ZON
370
18
100
AcDbLine
 10
262.5
 20
32.0
 30
0.0
 11
262.5
 21
32.0
 31
0.0
  0
TEXT
  5
FF3
330
FDD
100
AcDbEntity
 67
1
  8
E-SEMA-ZON
100
AcDbText
 10
286.25
 20
284.5
 30
0.0
 40
2.2
  1
5
  7
GYM
 72
1
 11
286.25
 21
284.5
 31
0.0
100
AcDbText
 73
2
  0
LINE
  5
FF4
330
FDD
100
AcDbEntity
 67
1
  8
E-SEMA-ZON
370
18
100
AcDbLine
 10
310.0
 20
282.0
 30
0.0
 11
310.0
 21
287.0
 31
0.0
  0
LINE
  5
FF5
330
FDD
100
AcDbEntity
 67
1
  8
E-SEMA-ZON
370
18
100
AcDbLine
 10
310.0
 20
32.0
 30
0.0
 11
310.0
 21
32.0
 31
0.0
  0
TEXT
  5
FF6
330
FDD
100
AcDbEntity
 67
1
  8
E-SEMA-ZON
100
AcDbText
 10
333.75
 20
284.5
 30
0.0
 40
2.2
  1
6
  7
GYM
 72
1
 11
333.75
 21
284.5
 31
0.0
100
AcDbText
 73
2
  0
LINE
  5
FF7
330
FDD
100
AcDbEntity
 67
1
  8
E-SEMA-ZON
370
18
100
AcDbLine
 10
357.5
 20
282.0
 30
0.0
 11
357.5
 21
287.0
 31
0.0
  0
LINE
  5
FF8
330
FDD
100
AcDbEntity
 67
1
  8
E-SEMA-ZON
370
18
100
AcDbLine
 10
357.5
 20
32.0
 30
0.0
 11
357.5
 21
32.0
 31
0.0
  0
TEXT
  5
FF9
330
FDD
100
AcDbEntity
 67
1
  8
E-SEMA-ZON
100
AcDbText
 10
381.25
 20
284.5
 30
0.0
 40
2.2
  1
7
  7
GYM
 72
1
 11
381.25
 21
284.5
 31
0.0
100
AcDbText
 73
2
  0
TEXT
  5
FFA
330
FDD
100
AcDbEntity
 67
1
  8
E-SEMA-ZON
100
AcDbText
 10
22.5
 20
261.1666666666667
 30
0.0
 40
2.2
  1
A
  7
GYM
 72
1
 11
22.5
 21
261.1666666666667
 31
0.0
100
AcDbText
 73
2
  0
TEXT
  5
FFB
330
FDD
100
AcDbEntity
 67
1
  8
E-SEMA-ZON
100
AcDbText
 10
407.5
 20
261.1666666666667
 30
0.0
 40
2.2
  1
A
  7
GYM
 72
1
 11
407.5
 21
261.1666666666667
 31
0.0
100
AcDbText
 73
2
  0
LINE
  5
FFC
330
FDD
100
AcDbEntity
 67
1
  8
E-SEMA-ZON
370
18
100
AcDbLine
 10
20.0
 20
240.33333333333334
 30
0.0
 11
25.0
 21
240.33333333333334
 31
0.0
  0
LINE
  5
FFD
330
FDD
100
AcDbEntity
 67
1
  8
E-SEMA-ZON
370
18
100
AcDbLine
 10
405.0
 20
240.33333333333334
 30
0.0
 11
410.0
 21
240.33333333333334
 31
0.0
  0
TEXT
  5
FFE
330
FDD
100
AcDbEntity
 67
1
  8
E-SEMA-ZON
100
AcDbText
 10
22.5
 20
219.50000000000003
 30
0.0
 40
2.2
  1
B
  7
GYM
 72
1
 11
22.5
 21
219.50000000000003
 31
0.0
100
AcDbText
 73
2
  0
TEXT
  5
FFF
330
FDD
100
AcDbEntity
 67
1
  8
E-SEMA-ZON
100
AcDbText
 10
407.5
 20
219.50000000000003
 30
0.0
 40
2.2
  1
B
  7
GYM
 72
1
 11
407.5
 21
219.50000000000003
 31
0.0
100
AcDbText
 73
2
  0
LINE
  5
1000
330
FDD
100
AcDbEntity
 67
1
  8
E-SEMA-ZON
370
18
100
AcDbLine
 10
20.0
 20
198.66666666666666
 30
0.0
 11
25.0
 21
198.66666666666666
 31
0.0
  0
LINE
  5
1001
330
FDD
100
AcDbEntity
 67
1
  8
E-SEMA-ZON
370
18
100
AcDbLine
 10
405.0
 20
198.66666666666666
 30
0.0
 11
410.0
 21
198.66666666666666
 31
0.0
  0
TEXT
  5
1002
330
FDD
100
AcDbEntity
 67
1
  8
E-SEMA-ZON
100
AcDbText
 10
22.5
 20
177.83333333333334
 30
0.0
 40
2.2
  1
C
  7
GYM
 72
1
 11
22.5
 21
177.83333333333334
 31
0.0
100
AcDbText
 73
2
  0
TEXT
  5
1003
330
FDD
100
AcDbEntity
 67
1
  8
E-SEMA-ZON
100
AcDbText
 10
407.5
 20
177.83333333333334
 30
0.0
 40
2.2
  1
C
  7
GYM
 72
1
 11
407.5
 21
177.83333333333334
 31
0.0
100
AcDbText
 73
2
  0
LINE
  5
1004
330
FDD
100
AcDbEntity
 67
1
  8
E-SEMA-ZON
370
18
100
AcDbLine
 10
20.0
 20
157.0
 30
0.0
 11
25.0
 21
157.0
 31
0.0
  0
LINE
  5
1005
330
FDD
100
AcDbEntity
 67
1
  8
E-SEMA-ZON
370
18
100
AcDbLine
 10
405.0
 20
157.0
 30
0.0
 11
410.0
 21
157.0
 31
0.0
  0
TEXT
  5
1006
330
FDD
100
AcDbEntity
 67
1
  8
E-SEMA-ZON
100
AcDbText
 10
22.5
 20
136.16666666666669
 30
0.0
 40
2.2
  1
D
  7
GYM
 72
1
 11
22.5
 21
136.16666666666669
 31
0.0
100
AcDbText
 73
2
  0
TEXT
  5
1007
330
FDD
100
AcDbEntity
 67
1
  8
E-SEMA-ZON
100
AcDbText
 10
407.5
 20
136.16666666666669
 30
0.0
 40
2.2
  1
D
  7
GYM
 72
1
 11
407.5
 21
136.16666666666669
 31
0.0
100
AcDbText
 73
2
  0
LINE
  5
1008
330
FDD
100
AcDbEntity
 67
1
  8
E-SEMA-ZON
370
18
100
AcDbLine
 10
20.0
 20
115.33333333333334
 30
0.0
 11
25.0
 21
115.33333333333334
 31
0.0
  0
LINE
  5
1009
330
FDD
100
AcDbEntity
 67
1
  8
E-SEMA-ZON
370
18
100
AcDbLine
 10
405.0
 20
115.33333333333334
 30
0.0
 11
410.0
 21
115.33333333333334
 31
0.0
  0
TEXT
  5
100A
330
FDD
100
AcDbEntity
 67
1
  8
E-SEMA-ZON
100
AcDbText
 10
22.5
 20
94.50000000000001
 30
0.0
 40
2.2
  1
E
  7
GYM
 72
1
 11
22.5
 21
94.50000000000001
 31
0.0
100
AcDbText
 73
2
  0
TEXT
  5
100B
330
FDD
100
AcDbEntity
 67
1
  8
E-SEMA-ZON
100
AcDbText
 10
407.5
 20
94.50000000000001
 30
0.0
 40
2.2
  1
E
  7
GYM
 72
1
 11
407.5
 21
94.50000000000001
 31
0.0
100
AcDbText
 73
2
  0
LINE
  5
100C
330
FDD
100
AcDbEntity
 67
1
  8
E-SEMA-ZON
370
18
100
AcDbLine
 10
20.0
 20
73.66666666666666
 30
0.0
 11
25.0
 21
73.66666666666666
 31
0.0
  0
LINE
  5
100D
330
FDD
100
AcDbEntity
 67
1
  8
E-SEMA-ZON
370
18
100
AcDbLine
 10
405.0
 20
73.66666666666666
 30
0.0
 11
410.0
 21
73.66666666666666
 31
0.0
  0
TEXT
  5
100E
330
FDD
100
AcDbEntity
 67
1
  8
E-SEMA-ZON
100
AcDbText
 10
22.5
 20
52.83333333333333
 30
0.0
 40
2.2
  1
F
  7
GYM
 72
1
 11
22.5
 21
52.83333333333333
 31
0.0
100
AcDbText
 73
2
  0
TEXT
  5
100F
330
FDD
100
AcDbEntity
 67
1
  8
E-SEMA-ZON
100
AcDbText
 10
407.5
 20
52.83333333333333
 30
0.0
 40
2.2
  1
F
  7
GYM
 72
1
 11
407.5
 21
52.83333333333333
 31
0.0
100
AcDbText
 73
2
  0
LWPOLYLINE
  5
1010
330
FDD
100
AcDbEntity
 67
1
  8
E-SEMA-ANTET
370
50
100
AcDbPolyline
 90
4
 70
1
 10
20.0
 20
10.0
 10
410.0
 20
10.0
 10
410.0
 20
32.0
 10
20.0
 20
32.0
  0
LINE
  5
1011
330
FDD
100
AcDbEntity
 67
1
  8
E-SEMA-ANTET
370
18
100
AcDbLine
 10
20.0
 20
15.5
 30
0.0
 11
410.0
 21
15.5
 31
0.0
  0
LINE
  5
1012
330
FDD
100
AcDbEntity
 67
1
  8
E-SEMA-ANTET
370
18
100
AcDbLine
 10
20.0
 20
21.0
 30
0.0
 11
410.0
 21
21.0
 31
0.0
  0
LINE
  5
1013
330
FDD
100
AcDbEntity
 67
1
  8
E-SEMA-ANTET
370
18
100
AcDbLine
 10
20.0
 20
26.5
 30
0.0
 11
410.0
 21
26.5
 31
0.0
  0
LINE
  5
1014
330
FDD
100
AcDbEntity
 67
1
  8
E-SEMA-ANTET
370
18
100
AcDbLine
 10
64.0
 20
10.0
 30
0.0
 11
64.0
 21
32.0
 31
0.0
  0
LINE
  5
1015
330
FDD
100
AcDbEntity
 67
1
  8
E-SEMA-ANTET
370
18
100
AcDbLine
 10
96.0
 20
10.0
 30
0.0
 11
96.0
 21
32.0
 31
0.0
  0
LINE
  5
1016
330
FDD
100
AcDbEntity
 67
1
  8
E-SEMA-ANTET
370
18
100
AcDbLine
 10
282.0
 20
10.0
 30
0.0
 11
282.0
 21
32.0
 31
0.0
  0
LINE
  5
1017
330
FDD
100
AcDbEntity
 67
1
  8
E-SEMA-ANTET
370
18
100
AcDbLine
 10
316.0
 20
10.0
 30
0.0
 11
316.0
 21
32.0
 31
0.0
  0
LINE
  5
1018
330
FDD
100
AcDbEntity
 67
1
  8
E-SEMA-ANTET
370
18
100
AcDbLine
 10
356.0
 20
10.0
 30
0.0
 11
356.0
 21
32.0
 31
0.0
  0
TEXT
  5
1019
330
FDD
100
AcDbEntity
 67
1
  8
E-SEMA-ANTET
100
AcDbText
 10
20.8
 20
30.2
 30
0.0
 40
1.5
  1
Drawn By /
  7
GYM
 11
20.8
 21
30.2
 31
0.0
100
AcDbText
 73
2
  0
TEXT
  5
101A
330
FDD
100
AcDbEntity
 67
1
  8
E-SEMA-ANTET
100
AcDbText
 10
20.8
 20
28.3
 30
0.0
 40
1.5
  1
Çizen
  7
GYM
 11
20.8
 21
28.3
 31
0.0
100
AcDbText
 73
2
  0
TEXT
  5
101B
330
FDD
100
AcDbEntity
 67
1
  8
E-SEMA-ANTET
100
AcDbText
 10
62.4
 20
29.25
 30
0.0
 40
1.8
  1
CC
  7
GYM
 72
2
 11
62.4
 21
29.25
 31
0.0
100
AcDbText
 73
2
  0
TEXT
  5
101C
330
FDD
100
AcDbEntity
 67
1
  8
E-SEMA-ANTET
100
AcDbText
 10
20.8
 20
24.7
 30
0.0
 40
1.5
  1
Checked By /
  7
GYM
 11
20.8
 21
24.7
 31
0.0
100
AcDbText
 73
2
  0
TEXT
  5
101D
330
FDD
100
AcDbEntity
 67
1
  8
E-SEMA-ANTET
100
AcDbText
 10
20.8
 20
22.8
 30
0.0
 40
1.5
  1
Kontrol Eden
  7
GYM
 11
20.8
 21
22.8
 31
0.0
100
AcDbText
 73
2
  0
TEXT
  5
101E
330
FDD
100
AcDbEntity
 67
1
  8
E-SEMA-ANTET
100
AcDbText
 10
62.4
 20
23.75
 30
0.0
 40
1.8
  1
—
  7
GYM
 72
2
 11
62.4
 21
23.75
 31
0.0
100
AcDbText
 73
2
  0
TEXT
  5
101F
330
FDD
100
AcDbEntity
 67
1
  8
E-SEMA-ANTET
100
AcDbText
 10
20.8
 20
19.2
 30
0.0
 40
1.5
  1
Approved By /
  7
GYM
 11
20.8
 21
19.2
 31
0.0
100
AcDbText
 73
2
  0
TEXT
  5
1020
330
FDD
100
AcDbEntity
 67
1
  8
E-SEMA-ANTET
100
AcDbText
 10
20.8
 20
17.3
 30
0.0
 40
1.5
  1
Onaylayan
  7
GYM
 11
20.8
 21
17.3
 31
0.0
100
AcDbText
 73
2
  0
TEXT
  5
1021
330
FDD
100
AcDbEntity
 67
1
  8
E-SEMA-ANTET
100
AcDbText
 10
62.4
 20
18.25
 30
0.0
 40
1.8
  1
—
  7
GYM
 72
2
 11
62.4
 21
18.25
 31
0.0
100
AcDbText
 73
2
  0
TEXT
  5
1022
330
FDD
100
AcDbEntity
 67
1
  8
E-SEMA-ANTET
100
AcDbText
 10
20.8
 20
13.7
 30
0.0
 40
1.5
  1
Project Date /
  7
GYM
 11
20.8
 21
13.7
 31
0.0
100
AcDbText
 73
2
  0
TEXT
  5
1023
330
FDD
100
AcDbEntity
 67
1
  8
E-SEMA-ANTET
100
AcDbText
 10
20.8
 20
11.8
 30
0.0
 40
1.5
  1
Proje Tarihi
  7
GYM
 11
20.8
 21
11.8
 31
0.0
100
AcDbText
 73
2
  0
TEXT
  5
1024
330
FDD
100
AcDbEntity
 67
1
  8
E-SEMA-ANTET
100
AcDbText
 10
62.4
 20
12.75
 30
0.0
 40
1.8
  1
17 Eylül 2026
  7
GYM
 72
2
 11
62.4
 21
12.75
 31
0.0
100
AcDbText
 73
2
  0
TEXT
  5
1025
330
FDD
100
AcDbEntity
 67
1
  8
E-SEMA-ANTET
100
AcDbText
 10
64.8
 20
30.2
 30
0.0
 40
1.5
  1
Customer Name /
  7
GYM
 11
64.8
 21
30.2
 31
0.0
100
AcDbText
 73
2
  0
TEXT
  5
1026
330
FDD
100
AcDbEntity
 67
1
  8
E-SEMA-ANTET
100
AcDbText
 10
64.8
 20
28.3
 30
0.0
 40
1.5
  1
Müşteri Adı
  7
GYM
 11
64.8
 21
28.3
 31
0.0
100
AcDbText
 73
2
  0
TEXT
  5
1027
330
FDD
100
AcDbEntity
 67
1
  8
E-SEMA-ANTET
100
AcDbText
 10
97.2
 20
29.25
 30
0.0
 40
2.2
  1
ÖZEL — MALTEPE / İDEALTEPE
  7
GYM
 11
97.2
 21
29.25
 31
0.0
100
AcDbText
 73
2
  0
TEXT
  5
1028
330
FDD
100
AcDbEntity
 67
1
  8
E-SEMA-ANTET
100
AcDbText
 10
64.8
 20
24.7
 30
0.0
 40
1.5
  1
Project Description /
  7
GYM
 11
64.8
 21
24.7
 31
0.0
100
AcDbText
 73
2
  0
TEXT
  5
1029
330
FDD
100
AcDbEntity
 67
1
  8
E-SEMA-ANTET
100
AcDbText
 10
64.8
 20
22.8
 30
0.0
 40
1.5
  1
Proje Açıklaması
  7
GYM
 11
64.8
 21
22.8
 31
0.0
100
AcDbText
 73
2
  0
TEXT
  5
102A
330
FDD
100
AcDbEntity
 67
1
  8
E-SEMA-ANTET
100
AcDbText
 10
97.2
 20
23.75
 30
0.0
 40
2.2
  1
MOBİLYA MAĞAZASI → FONKSİYONEL ANTRENMAN STÜDYOSU
  7
GYM
 11
97.2
 21
23.75
 31
0.0
100
AcDbText
 73
2
  0
TEXT
  5
102B
330
FDD
100
AcDbEntity
 67
1
  8
E-SEMA-ANTET
100
AcDbText
 10
64.8
 20
19.2
 30
0.0
 40
1.5
  1
Panel Name /
  7
GYM
 11
64.8
 21
19.2
 31
0.0
100
AcDbText
 73
2
  0
TEXT
  5
102C
330
FDD
100
AcDbEntity
 67
1
  8
E-SEMA-ANTET
100
AcDbText
 10
64.8
 20
17.3
 30
0.0
 40
1.5
  1
Pano Adı
  7
GYM
 11
64.8
 21
17.3
 31
0.0
100
AcDbText
 73
2
  0
TEXT
  5
102D
330
FDD
100
AcDbEntity
 67
1
  8
E-SEMA-ANTET
100
AcDbText
 10
97.2
 20
18.25
 30
0.0
 40
2.2
  1
ADP
  7
GYM
 11
97.2
 21
18.25
 31
0.0
100
AcDbText
 73
2
  0
TEXT
  5
102E
330
FDD
100
AcDbEntity
 67
1
  8
E-SEMA-ANTET
100
AcDbText
 10
64.8
 20
13.7
 30
0.0
 40
1.5
  1
Page Description /
  7
GYM
 11
64.8
 21
13.7
 31
0.0
100
AcDbText
 73
2
  0
TEXT
  5
102F
330
FDD
100
AcDbEntity
 67
1
  8
E-SEMA-ANTET
100
AcDbText
 10
64.8
 20
11.8
 30
0.0
 40
1.5
  1
Sayfa Açıklaması
  7
GYM
 11
64.8
 21
11.8
 31
0.0
100
AcDbText
 73
2
  0
TEXT
  5
1030
330
FDD
100
AcDbEntity
 67
1
  8
E-SEMA-ANTET
100
AcDbText
 10
97.2
 20
12.75
 30
0.0
 40
2.2
  1
Panel Overview / Pano Önden Görünüş
  7
GYM
 11
97.2
 21
12.75
 31
0.0
100
AcDbText
 73
2
  0
TEXT
  5
1031
330
FDD
100
AcDbEntity
 67
1
  8
E-SEMA-ANTET
100
AcDbText
 10
282.8
 20
30.2
 30
0.0
 40
1.5
  1
Project Number /
  7
GYM
 11
282.8
 21
30.2
 31
0.0
100
AcDbText
 73
2
  0
TEXT
  5
1032
330
FDD
100
AcDbEntity
 67
1
  8
E-SEMA-ANTET
100
AcDbText
 10
282.8
 20
28.3
 30
0.0
 40
1.5
  1
Proje Numarası
  7
GYM
 11
282.8
 21
28.3
 31
0.0
100
AcDbText
 73
2
  0
TEXT
  5
1033
330
FDD
100
AcDbEntity
 67
1
  8
E-SEMA-ANTET
100
AcDbText
 10
317.2
 20
29.25
 30
0.0
 40
2.8
  1
GYM-25-001-001
  7
GYM-B
 11
317.2
 21
29.25
 31
0.0
100
AcDbText
 73
2
  0
TEXT
  5
1034
330
FDD
100
AcDbEntity
 67
1
  8
E-SEMA-ANTET
100
AcDbText
 10
282.8
 20
19.2
 30
0.0
 40
1.5
  1
Revision /
  7
GYM
 11
282.8
 21
19.2
 31
0.0
100
AcDbText
 73
2
  0
TEXT
  5
1035
330
FDD
100
AcDbEntity
 67
1
  8
E-SEMA-ANTET
100
AcDbText
 10
282.8
 20
17.3
 30
0.0
 40
1.5
  1
Revizyon
  7
GYM
 11
282.8
 21
17.3
 31
0.0
100
AcDbText
 73
2
  0
TEXT
  5
1036
330
FDD
100
AcDbEntity
 67
1
  8
E-SEMA-ANTET
100
AcDbText
 10
317.2
 20
18.25
 30
0.0
 40
2.2
  1
Rev H
  7
GYM
 11
317.2
 21
18.25
 31
0.0
100
AcDbText
 73
2
  0
TEXT
  5
1037
330
FDD
100
AcDbEntity
 67
1
  8
E-SEMA-ANTET
100
AcDbText
 10
282.8
 20
13.7
 30
0.0
 40
1.5
  1
Standards /
  7
GYM
 11
282.8
 21
13.7
 31
0.0
100
AcDbText
 73
2
  0
TEXT
  5
1038
330
FDD
100
AcDbEntity
 67
1
  8
E-SEMA-ANTET
100
AcDbText
 10
282.8
 20
11.8
 30
0.0
 40
1.5
  1
Standartlar
  7
GYM
 11
282.8
 21
11.8
 31
0.0
100
AcDbText
 73
2
  0
TEXT
  5
1039
330
FDD
100
AcDbEntity
 67
1
  8
E-SEMA-ANTET
100
AcDbText
 10
317.2
 20
12.75
 30
0.0
 40
1.5
  1
IEC 61439-1&2 · IEC 60617
  7
GYM
 11
317.2
 21
12.75
 31
0.0
100
AcDbText
 73
2
  0
TEXT
  5
103A
330
FDD
100
AcDbEntity
 67
1
  8
E-SEMA-ANTET
100
AcDbText
 10
357.2
 20
30.25
 30
0.0
 40
1.5
  1
Sheet: /
  7
GYM
 11
357.2
 21
30.25
 31
0.0
100
AcDbText
 73
2
  0
TEXT
  5
103B
330
FDD
100
AcDbEntity
 67
1
  8
E-SEMA-ANTET
100
AcDbText
 10
357.2
 20
27.85
 30
0.0
 40
1.5
  1
Sayfa
  7
GYM
 11
357.2
 21
27.85
 31
0.0
100
AcDbText
 73
2
  0
TEXT
  5
103C
330
FDD
100
AcDbEntity
 67
1
  8
E-SEMA-ANTET
100
AcDbText
 10
408.0
 20
29.25
 30
0.0
 40
2.8
  1
10
  7
GYM-B
 72
2
 11
408.0
 21
29.25
 31
0.0
100
AcDbText
 73
2
  0
TEXT
  5
103D
330
FDD
100
AcDbEntity
 67
1
  8
E-SEMA-ANTET
100
AcDbText
 10
357.2
 20
24.75
 30
0.0
 40
1.5
  1
Next sheet: /
  7
GYM
 11
357.2
 21
24.75
 31
0.0
100
AcDbText
 73
2
  0
TEXT
  5
103E
330
FDD
100
AcDbEntity
 67
1
  8
E-SEMA-ANTET
100
AcDbText
 10
357.2
 20
22.35
 30
0.0
 40
1.5
  1
Sonraki
  7
GYM
 11
357.2
 21
22.35
 31
0.0
100
AcDbText
 73
2
  0
TEXT
  5
103F
330
FDD
100
AcDbEntity
 67
1
  8
E-SEMA-ANTET
100
AcDbText
 10
408.0
 20
23.75
 30
0.0
 40
2.8
  1
11
  7
GYM-B
 72
2
 11
408.0
 21
23.75
 31
0.0
100
AcDbText
 73
2
  0
TEXT
  5
1040
330
FDD
100
AcDbEntity
 67
1
  8
E-SEMA-ANTET
100
AcDbText
 10
357.2
 20
19.25
 30
0.0
 40
1.5
  1
Total sheets: /
  7
GYM
 11
357.2
 21
19.25
 31
0.0
100
AcDbText
 73
2
  0
TEXT
  5
1041
330
FDD
100
AcDbEntity
 67
1
  8
E-SEMA-ANTET
100
AcDbText
 10
357.2
 20
16.85
 30
0.0
 40
1.5
  1
Toplam
  7
GYM
 11
357.2
 21
16.85
 31
0.0
100
AcDbText
 73
2
  0
TEXT
  5
1042
330
FDD
100
AcDbEntity
 67
1
  8
E-SEMA-ANTET
100
AcDbText
 10
408.0
 20
18.25
 30
0.0
 40
2.8
  1
12
  7
GYM-B
 72
2
 11
408.0
 21
18.25
 31
0.0
100
AcDbText
 73
2
  0
TEXT
  5
1043
330
FDD
100
AcDbEntity
 67
1
  8
E-SEMA-ANTET
100
AcDbText
 10
357.2
 20
13.75
 30
0.0
 40
1.5
  1
Sheet size /
  7
GYM
 11
357.2
 21
13.75
 31
0.0
100
AcDbText
 73
2
  0
TEXT
  5
1044
330
FDD
100
AcDbEntity
 67
1
  8
E-SEMA-ANTET
100
AcDbText
 10
357.2
 20
11.35
 30
0.0
 40
1.5
  1
Kâğıt
  7
GYM
 11
357.2
 21
11.35
 31
0.0
100
AcDbText
 73
2
  0
TEXT
  5
1045
330
FDD
100
AcDbEntity
 67
1
  8
E-SEMA-ANTET
100
AcDbText
 10
408.0
 20
12.75
 30
0.0
 40
2.8
  1
A3
  7
GYM-B
 72
2
 11
408.0
 21
12.75
 31
0.0
100
AcDbText
 73
2
  0
TEXT
  5
1046
330
FDD
100
AcDbEntity
 67
1
  8
E-SEMA-YAZI
100
AcDbText
 10
31.0
 20
272.0
 30
0.0
 40
4.0
  1
PANO ÖNDEN GÖRÜNÜŞ / PANEL FRONT VIEW  —  ölçek 1:5
  7
GYM-B
 11
31.0
 21
272.0
 31
0.0
100
AcDbText
 73
2
  0
LWPOLYLINE
  5
1047
330
FDD
100
AcDbEntity
 67
1
  8
E-SEMA-ANTET
370
50
100
AcDbPolyline
 90
4
 70
1
 10
47.0
 20
64.0
 10
155.0
 20
64.0
 10
155.0
 20
196.0
 10
47.0
 20
196.0
  0
TEXT
  5
1048
330
FDD
100
AcDbEntity
 67
1
  8
E-SEMA-YAZI
100
AcDbText
 10
47.0
 20
200.0
 30
0.0
 40
1.8
  1
ADP · 800×1000×250 mm · IP54 · Form 2b · sac gövde RAL 7035
  7
GYM
 11
47.0
 21
200.0
 31
0.0
100
AcDbText
 73
2
  0
LINE
  5
1049
330
FDD
100
AcDbEntity
 67
1
  8
E-SEMA-SEMBOL
370
35
100
AcDbLine
 10
55.0
 20
158.25
 30
0.0
 11
139.0
 21
158.25
 31
0.0
  0
TEXT
  5
104A
330
FDD
100
AcDbEntity
 67
1
  8
E-SEMA-YAZI
100
AcDbText
 10
45.0
 20
158.25
 30
0.0
 40
1.5
  1
R1
  7
GYM
 72
2
 11
45.0
 21
158.25
 31
0.0
100
AcDbText
 73
2
  0
LWPOLYLINE
  5
104B
330
FDD
100
AcDbEntity
 67
1
  8
E-SEMA-SEMBOL
370
25
100
AcDbPolyline
 90
4
 70
1
 10
55.0
 20
150.0
 10
69.0
 20
150.0
 10
69.0
 20
166.5
 10
55.0
 20
166.5
  0
TEXT
  5
104C
330
FDD
100
AcDbEntity
 67
1
  8
E-SEMA-YAZI
100
AcDbText
 10
62.0
 20
162.0
 30
0.0
 40
1.5
  1
-Q1
  7
GYM
 72
1
 11
62.0
 21
162.0
 31
0.0
100
AcDbText
 73
2
  0
TEXT
  5
104D
330
FDD
100
AcDbEntity
 67
1
  8
E-SEMA-YAZI
100
AcDbText
 10
62.0
 20
154.5
 30
0.0
 40
1.2
  1
4
  7
GYM
 72
1
 11
62.0
 21
154.5
 31
0.0
100
AcDbText
 73
2
  0
LWPOLYLINE
  5
104E
330
FDD
100
AcDbEntity
 67
1
  8
E-SEMA-SEMBOL
370
25
100
AcDbPolyline
 90
4
 70
1
 10
69.0
 20
150.0
 10
83.0
 20
150.0
 10
83.0
 20
166.5
 10
69.0
 20
166.5
  0
TEXT
  5
104F
330
FDD
100
AcDbEntity
 67
1
  8
E-SEMA-YAZI
100
AcDbText
 10
76.0
 20
162.0
 30
0.0
 40
1.5
  1
-ID0
  7
GYM
 72
1
 11
76.0
 21
162.0
 31
0.0
100
AcDbText
 73
2
  0
TEXT
  5
1050
330
FDD
100
AcDbEntity
 67
1
  8
E-SEMA-YAZI
100
AcDbText
 10
76.0
 20
154.5
 30
0.0
 40
1.2
  1
4
  7
GYM
 72
1
 11
76.0
 21
154.5
 31
0.0
100
AcDbText
 73
2
  0
LWPOLYLINE
  5
1051
330
FDD
100
AcDbEntity
 67
1
  8
E-SEMA-SEMBOL
370
25
100
AcDbPolyline
 90
4
 70
1
 10
83.0
 20
150.0
 10
97.0
 20
150.0
 10
97.0
 20
166.5
 10
83.0
 20
166.5
  0
TEXT
  5
1052
330
FDD
100
AcDbEntity
 67
1
  8
E-SEMA-YAZI
100
AcDbText
 10
90.0
 20
162.0
 30
0.0
 40
1.5
  1
-F0
  7
GYM
 72
1
 11
90.0
 21
162.0
 31
0.0
100
AcDbText
 73
2
  0
TEXT
  5
1053
330
FDD
100
AcDbEntity
 67
1
  8
E-SEMA-YAZI
100
AcDbText
 10
90.0
 20
154.5
 30
0.0
 40
1.2
  1
4
  7
GYM
 72
1
 11
90.0
 21
154.5
 31
0.0
100
AcDbText
 73
2
  0
LWPOLYLINE
  5
1054
330
FDD
100
AcDbEntity
 67
1
  8
E-SEMA-YUK
  6
DASHED
370
18
100
AcDbPolyline
 90
4
 70
1
 10
97.0
 20
150.0
 10
139.0
 20
150.0
 10
139.0
 20
166.5
 10
97.0
 20
166.5
  0
TEXT
  5
1055
330
FDD
100
AcDbEntity
 67
1
  8
E-SEMA-YAZI
100
AcDbText
 10
118.0
 20
158.25
 30
0.0
 40
1.5
  1
BOŞ 12 MOD
  7
GYM
 72
1
 11
118.0
 21
158.25
 31
0.0
100
AcDbText
 73
2
  0
LINE
  5
1056
330
FDD
100
AcDbEntity
 67
1
  8
E-SEMA-SEMBOL
370
35
100
AcDbLine
 10
55.0
 20
133.25
 30
0.0
 11
139.0
 21
133.25
 31
0.0
  0
TEXT
  5
1057
330
FDD
100
AcDbEntity
 67
1
  8
E-SEMA-YAZI
100
AcDbText
 10
45.0
 20
133.25
 30
0.0
 40
1.5
  1
R2
  7
GYM
 72
2
 11
45.0
 21
133.25
 31
0.0
100
AcDbText
 73
2
  0
LWPOLYLINE
  5
1058
330
FDD
100
AcDbEntity
 67
1
  8
E-SEMA-SEMBOL
370
25
100
AcDbPolyline
 90
4
 70
1
 10
55.0
 20
125.0
 10
69.0
 20
125.0
 10
69.0
 20
141.5
 10
55.0
 20
141.5
  0
TEXT
  5
1059
330
FDD
100
AcDbEntity
 67
1
  8
E-SEMA-YAZI
100
AcDbText
 10
62.0
 20
137.0
 30
0.0
 40
1.5
  1
-ID1
  7
GYM
 72
1
 11
62.0
 21
137.0
 31
0.0
100
AcDbText
 73
2
  0
TEXT
  5
105A
330
FDD
100
AcDbEntity
 67
1
  8
E-SEMA-YAZI
100
AcDbText
 10
62.0
 20
129.5
 30
0.0
 40
1.2
  1
4
  7
GYM
 72
1
 11
62.0
 21
129.5
 31
0.0
100
AcDbText
 73
2
  0
LWPOLYLINE
  5
105B
330
FDD
100
AcDbEntity
 67
1
  8
E-SEMA-SEMBOL
370
25
100
AcDbPolyline
 90
4
 70
1
 10
69.0
 20
125.0
 10
79.5
 20
125.0
 10
79.5
 20
141.5
 10
69.0
 20
141.5
  0
TEXT
  5
105C
330
FDD
100
AcDbEntity
 67
1
  8
E-SEMA-YAZI
100
AcDbText
 10
74.25
 20
137.0
 30
0.0
 40
1.5
  1
-F1
  7
GYM
 72
1
 11
74.25
 21
137.0
 31
0.0
100
AcDbText
 73
2
  0
TEXT
  5
105D
330
FDD
100
AcDbEntity
 67
1
  8
E-SEMA-YAZI
100
AcDbText
 10
74.25
 20
129.5
 30
0.0
 40
1.2
  1
3
  7
GYM
 72
1
 11
74.25
 21
129.5
 31
0.0
100
AcDbText
 73
2
  0
LWPOLYLINE
  5
105E
330
FDD
100
AcDbEntity
 67
1
  8
E-SEMA-SEMBOL
370
25
100
AcDbPolyline
 90
4
 70
1
 10
79.5
 20
125.0
 10
90.0
 20
125.0
 10
90.0
 20
141.5
 10
79.5
 20
141.5
  0
TEXT
  5
105F
330
FDD
100
AcDbEntity
 67
1
  8
E-SEMA-YAZI
100
AcDbText
 10
84.75
 20
137.0
 30
0.0
 40
1.5
  1
-F2
  7
GYM
 72
1
 11
84.75
 21
137.0
 31
0.0
100
AcDbText
 73
2
  0
TEXT
  5
1060
330
FDD
100
AcDbEntity
 67
1
  8
E-SEMA-YAZI
100
AcDbText
 10
84.75
 20
129.5
 30
0.0
 40
1.2
  1
3
  7
GYM
 72
1
 11
84.75
 21
129.5
 31
0.0
100
AcDbText
 73
2
  0
LWPOLYLINE
  5
1061
330
FDD
100
AcDbEntity
 67
1
  8
E-SEMA-SEMBOL
370
25
100
AcDbPolyline
 90
4
 70
1
 10
90.0
 20
125.0
 10
100.5
 20
125.0
 10
100.5
 20
141.5
 10
90.0
 20
141.5
  0
TEXT
  5
1062
330
FDD
100
AcDbEntity
 67
1
  8
E-SEMA-YAZI
100
AcDbText
 10
95.25
 20
137.0
 30
0.0
 40
1.5
  1
-F3
  7
GYM
 72
1
 11
95.25
 21
137.0
 31
0.0
100
AcDbText
 73
2
  0
TEXT
  5
1063
330
FDD
100
AcDbEntity
 67
1
  8
E-SEMA-YAZI
100
AcDbText
 10
95.25
 20
129.5
 30
0.0
 40
1.2
  1
3
  7
GYM
 72
1
 11
95.25
 21
129.5
 31
0.0
100
AcDbText
 73
2
  0
LWPOLYLINE
  5
1064
330
FDD
100
AcDbEntity
 67
1
  8
E-SEMA-SEMBOL
370
25
100
AcDbPolyline
 90
4
 70
1
 10
100.5
 20
125.0
 10
111.0
 20
125.0
 10
111.0
 20
141.5
 10
100.5
 20
141.5
  0
TEXT
  5
1065
330
FDD
100
AcDbEntity
 67
1
  8
E-SEMA-YAZI
100
AcDbText
 10
105.75
 20
137.0
 30
0.0
 40
1.5
  1
-F4
  7
GYM
 72
1
 11
105.75
 21
137.0
 31
0.0
100
AcDbText
 73
2
  0
TEXT
  5
1066
330
FDD
100
AcDbEntity
 67
1
  8
E-SEMA-YAZI
100
AcDbText
 10
105.75
 20
129.5
 30
0.0
 40
1.2
  1
3
  7
GYM
 72
1
 11
105.75
 21
129.5
 31
0.0
100
AcDbText
 73
2
  0
LWPOLYLINE
  5
1067
330
FDD
100
AcDbEntity
 67
1
  8
E-SEMA-SEMBOL
370
25
100
AcDbPolyline
 90
4
 70
1
 10
111.0
 20
125.0
 10
121.5
 20
125.0
 10
121.5
 20
141.5
 10
111.0
 20
141.5
  0
TEXT
  5
1068
330
FDD
100
AcDbEntity
 67
1
  8
E-SEMA-YAZI
100
AcDbText
 10
116.25
 20
137.0
 30
0.0
 40
1.5
  1
-F5
  7
GYM
 72
1
 11
116.25
 21
137.0
 31
0.0
100
AcDbText
 73
2
  0
TEXT
  5
1069
330
FDD
100
AcDbEntity
 67
1
  8
E-SEMA-YAZI
100
AcDbText
 10
116.25
 20
129.5
 30
0.0
 40
1.2
  1
3
  7
GYM
 72
1
 11
116.25
 21
129.5
 31
0.0
100
AcDbText
 73
2
  0
LWPOLYLINE
  5
106A
330
FDD
100
AcDbEntity
 67
1
  8
E-SEMA-SEMBOL
370
25
100
AcDbPolyline
 90
4
 70
1
 10
121.5
 20
125.0
 10
135.5
 20
125.0
 10
135.5
 20
141.5
 10
121.5
 20
141.5
  0
TEXT
  5
106B
330
FDD
100
AcDbEntity
 67
1
  8
E-SEMA-YAZI
100
AcDbText
 10
128.5
 20
137.0
 30
0.0
 40
1.5
  1
-ID2
  7
GYM
 72
1
 11
128.5
 21
137.0
 31
0.0
100
AcDbText
 73
2
  0
TEXT
  5
106C
330
FDD
100
AcDbEntity
 67
1
  8
E-SEMA-YAZI
100
AcDbText
 10
128.5
 20
129.5
 30
0.0
 40
1.2
  1
4
  7
GYM
 72
1
 11
128.5
 21
129.5
 31
0.0
100
AcDbText
 73
2
  0
LWPOLYLINE
  5
106D
330
FDD
100
AcDbEntity
 67
1
  8
E-SEMA-YUK
  6
DASHED
370
18
100
AcDbPolyline
 90
4
 70
1
 10
135.5
 20
125.0
 10
139.0
 20
125.0
 10
139.0
 20
141.5
 10
135.5
 20
141.5
  0
TEXT
  5
106E
330
FDD
100
AcDbEntity
 67
1
  8
E-SEMA-YAZI
100
AcDbText
 10
137.25
 20
133.25
 30
0.0
 40
1.5
  1
BOŞ 1 MOD
  7
GYM
 72
1
 11
137.25
 21
133.25
 31
0.0
100
AcDbText
 73
2
  0
LINE
  5
106F
330
FDD
100
AcDbEntity
 67
1
  8
E-SEMA-SEMBOL
370
35
100
AcDbLine
 10
55.0
 20
108.25
 30
0.0
 11
139.0
 21
108.25
 31
0.0
  0
TEXT
  5
1070
330
FDD
100
AcDbEntity
 67
1
  8
E-SEMA-YAZI
100
AcDbText
 10
45.0
 20
108.25
 30
0.0
 40
1.5
  1
R3
  7
GYM
 72
2
 11
45.0
 21
108.25
 31
0.0
100
AcDbText
 73
2
  0
LWPOLYLINE
  5
1071
330
FDD
100
AcDbEntity
 67
1
  8
E-SEMA-SEMBOL
370
25
100
AcDbPolyline
 90
4
 70
1
 10
55.0
 20
100.0
 10
65.5
 20
100.0
 10
65.5
 20
116.5
 10
55.0
 20
116.5
  0
TEXT
  5
1072
330
FDD
100
AcDbEntity
 67
1
  8
E-SEMA-YAZI
100
AcDbText
 10
60.25
 20
112.0
 30
0.0
 40
1.5
  1
-F6
  7
GYM
 72
1
 11
60.25
 21
112.0
 31
0.0
100
AcDbText
 73
2
  0
TEXT
  5
1073
330
FDD
100
AcDbEntity
 67
1
  8
E-SEMA-YAZI
100
AcDbText
 10
60.25
 20
104.5
 30
0.0
 40
1.2
  1
3
  7
GYM
 72
1
 11
60.25
 21
104.5
 31
0.0
100
AcDbText
 73
2
  0
LWPOLYLINE
  5
1074
330
FDD
100
AcDbEntity
 67
1
  8
E-SEMA-SEMBOL
370
25
100
AcDbPolyline
 90
4
 70
1
 10
65.5
 20
100.0
 10
76.0
 20
100.0
 10
76.0
 20
116.5
 10
65.5
 20
116.5
  0
TEXT
  5
1075
330
FDD
100
AcDbEntity
 67
1
  8
E-SEMA-YAZI
100
AcDbText
 10
70.75
 20
112.0
 30
0.0
 40
1.5
  1
-F7
  7
GYM
 72
1
 11
70.75
 21
112.0
 31
0.0
100
AcDbText
 73
2
  0
TEXT
  5
1076
330
FDD
100
AcDbEntity
 67
1
  8
E-SEMA-YAZI
100
AcDbText
 10
70.75
 20
104.5
 30
0.0
 40
1.2
  1
3
  7
GYM
 72
1
 11
70.75
 21
104.5
 31
0.0
100
AcDbText
 73
2
  0
LWPOLYLINE
  5
1077
330
FDD
100
AcDbEntity
 67
1
  8
E-SEMA-SEMBOL
370
25
100
AcDbPolyline
 90
4
 70
1
 10
76.0
 20
100.0
 10
86.5
 20
100.0
 10
86.5
 20
116.5
 10
76.0
 20
116.5
  0
TEXT
  5
1078
330
FDD
100
AcDbEntity
 67
1
  8
E-SEMA-YAZI
100
AcDbText
 10
81.25
 20
112.0
 30
0.0
 40
1.5
  1
-F8
  7
GYM
 72
1
 11
81.25
 21
112.0
 31
0.0
100
AcDbText
 73
2
  0
TEXT
  5
1079
330
FDD
100
AcDbEntity
 67
1
  8
E-SEMA-YAZI
100
AcDbText
 10
81.25
 20
104.5
 30
0.0
 40
1.2
  1
3
  7
GYM
 72
1
 11
81.25
 21
104.5
 31
0.0
100
AcDbText
 73
2
  0
LWPOLYLINE
  5
107A
330
FDD
100
AcDbEntity
 67
1
  8
E-SEMA-SEMBOL
370
25
100
AcDbPolyline
 90
4
 70
1
 10
86.5
 20
100.0
 10
97.0
 20
100.0
 10
97.0
 20
116.5
 10
86.5
 20
116.5
  0
TEXT
  5
107B
330
FDD
100
AcDbEntity
 67
1
  8
E-SEMA-YAZI
100
AcDbText
 10
91.75
 20
112.0
 30
0.0
 40
1.5
  1
-F9
  7
GYM
 72
1
 11
91.75
 21
112.0
 31
0.0
100
AcDbText
 73
2
  0
TEXT
  5
107C
330
FDD
100
AcDbEntity
 67
1
  8
E-SEMA-YAZI
100
AcDbText
 10
91.75
 20
104.5
 30
0.0
 40
1.2
  1
3
  7
GYM
 72
1
 11
91.75
 21
104.5
 31
0.0
100
AcDbText
 73
2
  0
LWPOLYLINE
  5
107D
330
FDD
100
AcDbEntity
 67
1
  8
E-SEMA-SEMBOL
370
25
100
AcDbPolyline
 90
4
 70
1
 10
97.0
 20
100.0
 10
107.5
 20
100.0
 10
107.5
 20
116.5
 10
97.0
 20
116.5
  0
TEXT
  5
107E
330
FDD
100
AcDbEntity
 67
1
  8
E-SEMA-YAZI
100
AcDbText
 10
102.25
 20
112.0
 30
0.0
 40
1.5
  1
-F10
  7
GYM
 72
1
 11
102.25
 21
112.0
 31
0.0
100
AcDbText
 73
2
  0
TEXT
  5
107F
330
FDD
100
AcDbEntity
 67
1
  8
E-SEMA-YAZI
100
AcDbText
 10
102.25
 20
104.5
 30
0.0
 40
1.2
  1
3
  7
GYM
 72
1
 11
102.25
 21
104.5
 31
0.0
100
AcDbText
 73
2
  0
LWPOLYLINE
  5
1080
330
FDD
100
AcDbEntity
 67
1
  8
E-SEMA-SEMBOL
370
25
100
AcDbPolyline
 90
4
 70
1
 10
107.5
 20
100.0
 10
118.0
 20
100.0
 10
118.0
 20
116.5
 10
107.5
 20
116.5
  0
TEXT
  5
1081
330
FDD
100
AcDbEntity
 67
1
  8
E-SEMA-YAZI
100
AcDbText
 10
112.75
 20
112.0
 30
0.0
 40
1.5
  1
-F11
  7
GYM
 72
1
 11
112.75
 21
112.0
 31
0.0
100
AcDbText
 73
2
  0
TEXT
  5
1082
330
FDD
100
AcDbEntity
 67
1
  8
E-SEMA-YAZI
100
AcDbText
 10
112.75
 20
104.5
 30
0.0
 40
1.2
  1
3
  7
GYM
 72
1
 11
112.75
 21
104.5
 31
0.0
100
AcDbText
 73
2
  0
LWPOLYLINE
  5
1083
330
FDD
100
AcDbEntity
 67
1
  8
E-SEMA-SEMBOL
370
25
100
AcDbPolyline
 90
4
 70
1
 10
118.0
 20
100.0
 10
125.0
 20
100.0
 10
125.0
 20
116.5
 10
118.0
 20
116.5
  0
TEXT
  5
1084
330
FDD
100
AcDbEntity
 67
1
  8
E-SEMA-YAZI
100
AcDbText
 10
121.5
 20
112.0
 30
0.0
 40
1.5
  1
-ID3
  7
GYM
 72
1
 11
121.5
 21
112.0
 31
0.0
100
AcDbText
 73
2
  0
TEXT
  5
1085
330
FDD
100
AcDbEntity
 67
1
  8
E-SEMA-YAZI
100
AcDbText
 10
121.5
 20
104.5
 30
0.0
 40
1.2
  1
2
  7
GYM
 72
1
 11
121.5
 21
104.5
 31
0.0
100
AcDbText
 73
2
  0
LWPOLYLINE
  5
1086
330
FDD
100
AcDbEntity
 67
1
  8
E-SEMA-SEMBOL
370
25
100
AcDbPolyline
 90
4
 70
1
 10
125.0
 20
100.0
 10
135.5
 20
100.0
 10
135.5
 20
116.5
 10
125.0
 20
116.5
  0
TEXT
  5
1087
330
FDD
100
AcDbEntity
 67
1
  8
E-SEMA-YAZI
100
AcDbText
 10
130.25
 20
112.0
 30
0.0
 40
1.5
  1
-F12
  7
GYM
 72
1
 11
130.25
 21
112.0
 31
0.0
100
AcDbText
 73
2
  0
TEXT
  5
1088
330
FDD
100
AcDbEntity
 67
1
  8
E-SEMA-YAZI
100
AcDbText
 10
130.25
 20
104.5
 30
0.0
 40
1.2
  1
3
  7
GYM
 72
1
 11
130.25
 21
104.5
 31
0.0
100
AcDbText
 73
2
  0
LWPOLYLINE
  5
1089
330
FDD
100
AcDbEntity
 67
1
  8
E-SEMA-YUK
  6
DASHED
370
18
100
AcDbPolyline
 90
4
 70
1
 10
135.5
 20
100.0
 10
139.0
 20
100.0
 10
139.0
 20
116.5
 10
135.5
 20
116.5
  0
TEXT
  5
108A
330
FDD
100
AcDbEntity
 67
1
  8
E-SEMA-YAZI
100
AcDbText
 10
137.25
 20
108.25
 30
0.0
 40
1.5
  1
BOŞ 1 MOD
  7
GYM
 72
1
 11
137.25
 21
108.25
 31
0.0
100
AcDbText
 73
2
  0
LINE
  5
108B
330
FDD
100
AcDbEntity
 67
1
  8
E-SEMA-SEMBOL
370
35
100
AcDbLine
 10
55.0
 20
83.25
 30
0.0
 11
139.0
 21
83.25
 31
0.0
  0
TEXT
  5
108C
330
FDD
100
AcDbEntity
 67
1
  8
E-SEMA-YAZI
100
AcDbText
 10
45.0
 20
83.25
 30
0.0
 40
1.5
  1
R4
  7
GYM
 72
2
 11
45.0
 21
83.25
 31
0.0
100
AcDbText
 73
2
  0
LWPOLYLINE
  5
108D
330
FDD
100
AcDbEntity
 67
1
  8
E-SEMA-SEMBOL
370
25
100
AcDbPolyline
 90
4
 70
1
 10
55.0
 20
75.0
 10
65.5
 20
75.0
 10
65.5
 20
91.5
 10
55.0
 20
91.5
  0
TEXT
  5
108E
330
FDD
100
AcDbEntity
 67
1
  8
E-SEMA-YAZI
100
AcDbText
 10
60.25
 20
87.0
 30
0.0
 40
1.5
  1
-F13
  7
GYM
 72
1
 11
60.25
 21
87.0
 31
0.0
100
AcDbText
 73
2
  0
TEXT
  5
108F
330
FDD
100
AcDbEntity
 67
1
  8
E-SEMA-YAZI
100
AcDbText
 10
60.25
 20
79.5
 30
0.0
 40
1.2
  1
3
  7
GYM
 72
1
 11
60.25
 21
79.5
 31
0.0
100
AcDbText
 73
2
  0
LWPOLYLINE
  5
1090
330
FDD
100
AcDbEntity
 67
1
  8
E-SEMA-SEMBOL
370
25
100
AcDbPolyline
 90
4
 70
1
 10
65.5
 20
75.0
 10
72.5
 20
75.0
 10
72.5
 20
91.5
 10
65.5
 20
91.5
  0
TEXT
  5
1091
330
FDD
100
AcDbEntity
 67
1
  8
E-SEMA-YAZI
100
AcDbText
 10
69.0
 20
87.0
 30
0.0
 40
1.5
  1
-ID4
  7
GYM
 72
1
 11
69.0
 21
87.0
 31
0.0
100
AcDbText
 73
2
  0
TEXT
  5
1092
330
FDD
100
AcDbEntity
 67
1
  8
E-SEMA-YAZI
100
AcDbText
 10
69.0
 20
79.5
 30
0.0
 40
1.2
  1
2
  7
GYM
 72
1
 11
69.0
 21
79.5
 31
0.0
100
AcDbText
 73
2
  0
LWPOLYLINE
  5
1093
330
FDD
100
AcDbEntity
 67
1
  8
E-SEMA-SEMBOL
370
25
100
AcDbPolyline
 90
4
 70
1
 10
72.5
 20
75.0
 10
83.0
 20
75.0
 10
83.0
 20
91.5
 10
72.5
 20
91.5
  0
TEXT
  5
1094
330
FDD
100
AcDbEntity
 67
1
  8
E-SEMA-YAZI
100
AcDbText
 10
77.75
 20
87.0
 30
0.0
 40
1.5
  1
-F14
  7
GYM
 72
1
 11
77.75
 21
87.0
 31
0.0
100
AcDbText
 73
2
  0
TEXT
  5
1095
330
FDD
100
AcDbEntity
 67
1
  8
E-SEMA-YAZI
100
AcDbText
 10
77.75
 20
79.5
 30
0.0
 40
1.2
  1
3
  7
GYM
 72
1
 11
77.75
 21
79.5
 31
0.0
100
AcDbText
 73
2
  0
LWPOLYLINE
  5
1096
330
FDD
100
AcDbEntity
 67
1
  8
E-SEMA-SEMBOL
370
25
100
AcDbPolyline
 90
4
 70
1
 10
83.0
 20
75.0
 10
93.5
 20
75.0
 10
93.5
 20
91.5
 10
83.0
 20
91.5
  0
TEXT
  5
1097
330
FDD
100
AcDbEntity
 67
1
  8
E-SEMA-YAZI
100
AcDbText
 10
88.25
 20
87.0
 30
0.0
 40
1.5
  1
-F15
  7
GYM
 72
1
 11
88.25
 21
87.0
 31
0.0
100
AcDbText
 73
2
  0
TEXT
  5
1098
330
FDD
100
AcDbEntity
 67
1
  8
E-SEMA-YAZI
100
AcDbText
 10
88.25
 20
79.5
 30
0.0
 40
1.2
  1
3
  7
GYM
 72
1
 11
88.25
 21
79.5
 31
0.0
100
AcDbText
 73
2
  0
LWPOLYLINE
  5
1099
330
FDD
100
AcDbEntity
 67
1
  8
E-SEMA-SEMBOL
370
25
100
AcDbPolyline
 90
4
 70
1
 10
93.5
 20
75.0
 10
107.5
 20
75.0
 10
107.5
 20
91.5
 10
93.5
 20
91.5
  0
TEXT
  5
109A
330
FDD
100
AcDbEntity
 67
1
  8
E-SEMA-YAZI
100
AcDbText
 10
100.5
 20
87.0
 30
0.0
 40
1.5
  1
-ID5
  7
GYM
 72
1
 11
100.5
 21
87.0
 31
0.0
100
AcDbText
 73
2
  0
TEXT
  5
109B
330
FDD
100
AcDbEntity
 67
1
  8
E-SEMA-YAZI
100
AcDbText
 10
100.5
 20
79.5
 30
0.0
 40
1.2
  1
4
  7
GYM
 72
1
 11
100.5
 21
79.5
 31
0.0
100
AcDbText
 73
2
  0
LWPOLYLINE
  5
109C
330
FDD
100
AcDbEntity
 67
1
  8
E-SEMA-SEMBOL
370
25
100
AcDbPolyline
 90
4
 70
1
 10
107.5
 20
75.0
 10
118.0
 20
75.0
 10
118.0
 20
91.5
 10
107.5
 20
91.5
  0
TEXT
  5
109D
330
FDD
100
AcDbEntity
 67
1
  8
E-SEMA-YAZI
100
AcDbText
 10
112.75
 20
87.0
 30
0.0
 40
1.5
  1
-F16
  7
GYM
 72
1
 11
112.75
 21
87.0
 31
0.0
100
AcDbText
 73
2
  0
TEXT
  5
109E
330
FDD
100
AcDbEntity
 67
1
  8
E-SEMA-YAZI
100
AcDbText
 10
112.75
 20
79.5
 30
0.0
 40
1.2
  1
3
  7
GYM
 72
1
 11
112.75
 21
79.5
 31
0.0
100
AcDbText
 73
2
  0
LWPOLYLINE
  5
109F
330
FDD
100
AcDbEntity
 67
1
  8
E-SEMA-SEMBOL
370
25
100
AcDbPolyline
 90
4
 70
1
 10
118.0
 20
75.0
 10
128.5
 20
75.0
 10
128.5
 20
91.5
 10
118.0
 20
91.5
  0
TEXT
  5
10A0
330
FDD
100
AcDbEntity
 67
1
  8
E-SEMA-YAZI
100
AcDbText
 10
123.25
 20
87.0
 30
0.0
 40
1.5
  1
-F17
  7
GYM
 72
1
 11
123.25
 21
87.0
 31
0.0
100
AcDbText
 73
2
  0
TEXT
  5
10A1
330
FDD
100
AcDbEntity
 67
1
  8
E-SEMA-YAZI
100
AcDbText
 10
123.25
 20
79.5
 30
0.0
 40
1.2
  1
3
  7
GYM
 72
1
 11
123.25
 21
79.5
 31
0.0
100
AcDbText
 73
2
  0
LWPOLYLINE
  5
10A2
330
FDD
100
AcDbEntity
 67
1
  8
E-SEMA-SEMBOL
370
25
100
AcDbPolyline
 90
4
 70
1
 10
128.5
 20
75.0
 10
139.0
 20
75.0
 10
139.0
 20
91.5
 10
128.5
 20
91.5
  0
TEXT
  5
10A3
330
FDD
100
AcDbEntity
 67
1
  8
E-SEMA-YAZI
100
AcDbText
 10
133.75
 20
87.0
 30
0.0
 40
1.5
  1
-F18
  7
GYM
 72
1
 11
133.75
 21
87.0
 31
0.0
100
AcDbText
 73
2
  0
TEXT
  5
10A4
330
FDD
100
AcDbEntity
 67
1
  8
E-SEMA-YAZI
100
AcDbText
 10
133.75
 20
79.5
 30
0.0
 40
1.2
  1
3
  7
GYM
 72
1
 11
133.75
 21
79.5
 31
0.0
100
AcDbText
 73
2
  0
LWPOLYLINE
  5
10A5
330
FDD
100
AcDbEntity
 67
1
  8
E-SEMA-SEMBOL
370
25
100
AcDbPolyline
 90
4
 70
1
 10
139.0
 20
75.0
 10
149.5
 20
75.0
 10
149.5
 20
91.5
 10
139.0
 20
91.5
  0
TEXT
  5
10A6
330
FDD
100
AcDbEntity
 67
1
  8
E-SEMA-YAZI
100
AcDbText
 10
144.25
 20
87.0
 30
0.0
 40
1.5
  1
-F19
  7
GYM
 72
1
 11
144.25
 21
87.0
 31
0.0
100
AcDbText
 73
2
  0
TEXT
  5
10A7
330
FDD
100
AcDbEntity
 67
1
  8
E-SEMA-YAZI
100
AcDbText
 10
144.25
 20
79.5
 30
0.0
 40
1.2
  1
3
  7
GYM
 72
1
 11
144.25
 21
79.5
 31
0.0
100
AcDbText
 73
2
  0
LWPOLYLINE
  5
10A8
330
FDD
100
AcDbEntity
 67
1
  8
E-SEMA-SEMBOL
370
25
100
AcDbPolyline
 90
4
 70
1
 10
149.5
 20
75.0
 10
160.0
 20
75.0
 10
160.0
 20
91.5
 10
149.5
 20
91.5
  0
TEXT
  5
10A9
330
FDD
100
AcDbEntity
 67
1
  8
E-SEMA-YAZI
100
AcDbText
 10
154.75
 20
87.0
 30
0.0
 40
1.5
  1
-F20
  7
GYM
 72
1
 11
154.75
 21
87.0
 31
0.0
100
AcDbText
 73
2
  0
TEXT
  5
10AA
330
FDD
100
AcDbEntity
 67
1
  8
E-SEMA-YAZI
100
AcDbText
 10
154.75
 20
79.5
 30
0.0
 40
1.2
  1
3
  7
GYM
 72
1
 11
154.75
 21
79.5
 31
0.0
100
AcDbText
 73
2
  0
LWPOLYLINE
  5
10AB
330
FDD
100
AcDbEntity
 67
1
  8
E-SEMA-SEMBOL
370
25
100
AcDbPolyline
 90
4
 70
1
 10
160.0
 20
75.0
 10
170.5
 20
75.0
 10
170.5
 20
91.5
 10
160.0
 20
91.5
  0
TEXT
  5
10AC
330
FDD
100
AcDbEntity
 67
1
  8
E-SEMA-YAZI
100
AcDbText
 10
165.25
 20
87.0
 30
0.0
 40
1.5
  1
-F21
  7
GYM
 72
1
 11
165.25
 21
87.0
 31
0.0
100
AcDbText
 73
2
  0
TEXT
  5
10AD
330
FDD
100
AcDbEntity
 67
1
  8
E-SEMA-YAZI
100
AcDbText
 10
165.25
 20
79.5
 30
0.0
 40
1.2
  1
3
  7
GYM
 72
1
 11
165.25
 21
79.5
 31
0.0
100
AcDbText
 73
2
  0
LWPOLYLINE
  5
10AE
330
FDD
100
AcDbEntity
 67
1
  8
E-SEMA-SEMBOL
370
25
100
AcDbPolyline
 90
4
 70
1
 10
170.5
 20
75.0
 10
184.5
 20
75.0
 10
184.5
 20
91.5
 10
170.5
 20
91.5
  0
TEXT
  5
10AF
330
FDD
100
AcDbEntity
 67
1
  8
E-SEMA-YAZI
100
AcDbText
 10
177.5
 20
87.0
 30
0.0
 40
1.5
  1
-ID6
  7
GYM
 72
1
 11
177.5
 21
87.0
 31
0.0
100
AcDbText
 73
2
  0
TEXT
  5
10B0
330
FDD
100
AcDbEntity
 67
1
  8
E-SEMA-YAZI
100
AcDbText
 10
177.5
 20
79.5
 30
0.0
 40
1.2
  1
4
  7
GYM
 72
1
 11
177.5
 21
79.5
 31
0.0
100
AcDbText
 73
2
  0
LWPOLYLINE
  5
10B1
330
FDD
100
AcDbEntity
 67
1
  8
E-SEMA-SEMBOL
370
25
100
AcDbPolyline
 90
4
 70
1
 10
184.5
 20
75.0
 10
188.0
 20
75.0
 10
188.0
 20
91.5
 10
184.5
 20
91.5
  0
TEXT
  5
10B2
330
FDD
100
AcDbEntity
 67
1
  8
E-SEMA-YAZI
100
AcDbText
 10
186.25
 20
87.0
 30
0.0
 40
1.5
  1
-F22
  7
GYM
 72
1
 11
186.25
 21
87.0
 31
0.0
100
AcDbText
 73
2
  0
TEXT
  5
10B3
330
FDD
100
AcDbEntity
 67
1
  8
E-SEMA-YAZI
100
AcDbText
 10
186.25
 20
79.5
 30
0.0
 40
1.2
  1
1
  7
GYM
 72
1
 11
186.25
 21
79.5
 31
0.0
100
AcDbText
 73
2
  0
LWPOLYLINE
  5
10B4
330
FDD
100
AcDbEntity
 67
1
  8
E-SEMA-SEMBOL
370
25
100
AcDbPolyline
 90
4
 70
1
 10
188.0
 20
75.0
 10
191.5
 20
75.0
 10
191.5
 20
91.5
 10
188.0
 20
91.5
  0
TEXT
  5
10B5
330
FDD
100
AcDbEntity
 67
1
  8
E-SEMA-YAZI
100
AcDbText
 10
189.75
 20
87.0
 30
0.0
 40
1.5
  1
-F23
  7
GYM
 72
1
 11
189.75
 21
87.0
 31
0.0
100
AcDbText
 73
2
  0
TEXT
  5
10B6
330
FDD
100
AcDbEntity
 67
1
  8
E-SEMA-YAZI
100
AcDbText
 10
189.75
 20
79.5
 30
0.0
 40
1.2
  1
1
  7
GYM
 72
1
 11
189.75
 21
79.5
 31
0.0
100
AcDbText
 73
2
  0
LWPOLYLINE
  5
10B7
330
FDD
100
AcDbEntity
 67
1
  8
E-SEMA-SEMBOL
370
25
100
AcDbPolyline
 90
4
 70
1
 10
191.5
 20
75.0
 10
195.0
 20
75.0
 10
195.0
 20
91.5
 10
191.5
 20
91.5
  0
TEXT
  5
10B8
330
FDD
100
AcDbEntity
 67
1
  8
E-SEMA-YAZI
100
AcDbText
 10
193.25
 20
87.0
 30
0.0
 40
1.5
  1
-F24
  7
GYM
 72
1
 11
193.25
 21
87.0
 31
0.0
100
AcDbText
 73
2
  0
TEXT
  5
10B9
330
FDD
100
AcDbEntity
 67
1
  8
E-SEMA-YAZI
100
AcDbText
 10
193.25
 20
79.5
 30
0.0
 40
1.2
  1
1
  7
GYM
 72
1
 11
193.25
 21
79.5
 31
0.0
100
AcDbText
 73
2
  0
LWPOLYLINE
  5
10BA
330
FDD
100
AcDbEntity
 67
1
  8
E-SEMA-SEMBOL
370
25
100
AcDbPolyline
 90
4
 70
1
 10
195.0
 20
75.0
 10
198.5
 20
75.0
 10
198.5
 20
91.5
 10
195.0
 20
91.5
  0
TEXT
  5
10BB
330
FDD
100
AcDbEntity
 67
1
  8
E-SEMA-YAZI
100
AcDbText
 10
196.75
 20
87.0
 30
0.0
 40
1.5
  1
-F25
  7
GYM
 72
1
 11
196.75
 21
87.0
 31
0.0
100
AcDbText
 73
2
  0
TEXT
  5
10BC
330
FDD
100
AcDbEntity
 67
1
  8
E-SEMA-YAZI
100
AcDbText
 10
196.75
 20
79.5
 30
0.0
 40
1.2
  1
1
  7
GYM
 72
1
 11
196.75
 21
79.5
 31
0.0
100
AcDbText
 73
2
  0
LWPOLYLINE
  5
10BD
330
FDD
100
AcDbEntity
 67
1
  8
E-SEMA-SEMBOL
370
25
100
AcDbPolyline
 90
4
 70
1
 10
198.5
 20
75.0
 10
209.0
 20
75.0
 10
209.0
 20
91.5
 10
198.5
 20
91.5
  0
TEXT
  5
10BE
330
FDD
100
AcDbEntity
 67
1
  8
E-SEMA-YAZI
100
AcDbText
 10
203.75
 20
87.0
 30
0.0
 40
1.5
  1
-F26
  7
GYM
 72
1
 11
203.75
 21
87.0
 31
0.0
100
AcDbText
 73
2
  0
TEXT
  5
10BF
330
FDD
100
AcDbEntity
 67
1
  8
E-SEMA-YAZI
100
AcDbText
 10
203.75
 20
79.5
 30
0.0
 40
1.2
  1
3
  7
GYM
 72
1
 11
203.75
 21
79.5
 31
0.0
100
AcDbText
 73
2
  0
LWPOLYLINE
  5
10C0
330
FDD
100
AcDbEntity
 67
1
  8
E-SEMA-ANTET
370
50
100
AcDbPolyline
 90
4
 70
1
 10
205.0
 20
136.4
 10
315.0
 20
136.4
 10
315.0
 20
266.0
 10
205.0
 20
266.0
  0
LINE
  5
10C1
330
FDD
100
AcDbEntity
 67
1
  8
E-SEMA-ANTET
370
13
100
AcDbLine
 10
205.0
 20
262.4
 30
0.0
 11
315.0
 21
262.4
 31
0.0
  0
LINE
  5
10C2
330
FDD
100
AcDbEntity
 67
1
  8
E-SEMA-ANTET
370
13
100
AcDbLine
 10
205.0
 20
258.8
 30
0.0
 11
315.0
 21
258.8
 31
0.0
  0
LINE
  5
10C3
330
FDD
100
AcDbEntity
 67
1
  8
E-SEMA-ANTET
370
13
100
AcDbLine
 10
205.0
 20
255.2
 30
0.0
 11
315.0
 21
255.2
 31
0.0
  0
LINE
  5
10C4
330
FDD
100
AcDbEntity
 67
1
  8
E-SEMA-ANTET
370
13
100
AcDbLine
 10
205.0
 20
251.6
 30
0.0
 11
315.0
 21
251.6
 31
0.0
  0
LINE
  5
10C5
330
FDD
100
AcDbEntity
 67
1
  8
E-SEMA-ANTET
370
13
100
AcDbLine
 10
205.0
 20
248.0
 30
0.0
 11
315.0
 21
248.0
 31
0.0
  0
LINE
  5
10C6
330
FDD
100
AcDbEntity
 67
1
  8
E-SEMA-ANTET
370
13
100
AcDbLine
 10
205.0
 20
244.4
 30
0.0
 11
315.0
 21
244.4
 31
0.0
  0
LINE
  5
10C7
330
FDD
100
AcDbEntity
 67
1
  8
E-SEMA-ANTET
370
13
100
AcDbLine
 10
205.0
 20
240.8
 30
0.0
 11
315.0
 21
240.8
 31
0.0
  0
LINE
  5
10C8
330
FDD
100
AcDbEntity
 67
1
  8
E-SEMA-ANTET
370
13
100
AcDbLine
 10
205.0
 20
237.2
 30
0.0
 11
315.0
 21
237.2
 31
0.0
  0
LINE
  5
10C9
330
FDD
100
AcDbEntity
 67
1
  8
E-SEMA-ANTET
370
13
100
AcDbLine
 10
205.0
 20
233.6
 30
0.0
 11
315.0
 21
233.6
 31
0.0
  0
LINE
  5
10CA
330
FDD
100
AcDbEntity
 67
1
  8
E-SEMA-ANTET
370
13
100
AcDbLine
 10
205.0
 20
230.0
 30
0.0
 11
315.0
 21
230.0
 31
0.0
  0
LINE
  5
10CB
330
FDD
100
AcDbEntity
 67
1
  8
E-SEMA-ANTET
370
13
100
AcDbLine
 10
205.0
 20
226.4
 30
0.0
 11
315.0
 21
226.4
 31
0.0
  0
LINE
  5
10CC
330
FDD
100
AcDbEntity
 67
1
  8
E-SEMA-ANTET
370
13
100
AcDbLine
 10
205.0
 20
222.8
 30
0.0
 11
315.0
 21
222.8
 31
0.0
  0
LINE
  5
10CD
330
FDD
100
AcDbEntity
 67
1
  8
E-SEMA-ANTET
370
13
100
AcDbLine
 10
205.0
 20
219.2
 30
0.0
 11
315.0
 21
219.2
 31
0.0
  0
LINE
  5
10CE
330
FDD
100
AcDbEntity
 67
1
  8
E-SEMA-ANTET
370
13
100
AcDbLine
 10
205.0
 20
215.6
 30
0.0
 11
315.0
 21
215.6
 31
0.0
  0
LINE
  5
10CF
330
FDD
100
AcDbEntity
 67
1
  8
E-SEMA-ANTET
370
13
100
AcDbLine
 10
205.0
 20
212.0
 30
0.0
 11
315.0
 21
212.0
 31
0.0
  0
LINE
  5
10D0
330
FDD
100
AcDbEntity
 67
1
  8
E-SEMA-ANTET
370
13
100
AcDbLine
 10
205.0
 20
208.4
 30
0.0
 11
315.0
 21
208.4
 31
0.0
  0
LINE
  5
10D1
330
FDD
100
AcDbEntity
 67
1
  8
E-SEMA-ANTET
370
13
100
AcDbLine
 10
205.0
 20
204.8
 30
0.0
 11
315.0
 21
204.8
 31
0.0
  0
LINE
  5
10D2
330
FDD
100
AcDbEntity
 67
1
  8
E-SEMA-ANTET
370
13
100
AcDbLine
 10
205.0
 20
201.2
 30
0.0
 11
315.0
 21
201.2
 31
0.0
  0
LINE
  5
10D3
330
FDD
100
AcDbEntity
 67
1
  8
E-SEMA-ANTET
370
13
100
AcDbLine
 10
205.0
 20
197.6
 30
0.0
 11
315.0
 21
197.6
 31
0.0
  0
LINE
  5
10D4
330
FDD
100
AcDbEntity
 67
1
  8
E-SEMA-ANTET
370
13
100
AcDbLine
 10
205.0
 20
194.0
 30
0.0
 11
315.0
 21
194.0
 31
0.0
  0
LINE
  5
10D5
330
FDD
100
AcDbEntity
 67
1
  8
E-SEMA-ANTET
370
13
100
AcDbLine
 10
205.0
 20
190.39999999999998
 30
0.0
 11
315.0
 21
190.39999999999998
 31
0.0
  0
LINE
  5
10D6
330
FDD
100
AcDbEntity
 67
1
  8
E-SEMA-ANTET
370
13
100
AcDbLine
 10
205.0
 20
186.8
 30
0.0
 11
315.0
 21
186.8
 31
0.0
  0
LINE
  5
10D7
330
FDD
100
AcDbEntity
 67
1
  8
E-SEMA-ANTET
370
13
100
AcDbLine
 10
205.0
 20
183.2
 30
0.0
 11
315.0
 21
183.2
 31
0.0
  0
LINE
  5
10D8
330
FDD
100
AcDbEntity
 67
1
  8
E-SEMA-ANTET
370
13
100
AcDbLine
 10
205.0
 20
179.6
 30
0.0
 11
315.0
 21
179.6
 31
0.0
  0
LINE
  5
10D9
330
FDD
100
AcDbEntity
 67
1
  8
E-SEMA-ANTET
370
13
100
AcDbLine
 10
205.0
 20
176.0
 30
0.0
 11
315.0
 21
176.0
 31
0.0
  0
LINE
  5
10DA
330
FDD
100
AcDbEntity
 67
1
  8
E-SEMA-ANTET
370
13
100
AcDbLine
 10
205.0
 20
172.39999999999998
 30
0.0
 11
315.0
 21
172.39999999999998
 31
0.0
  0
LINE
  5
10DB
330
FDD
100
AcDbEntity
 67
1
  8
E-SEMA-ANTET
370
13
100
AcDbLine
 10
205.0
 20
168.8
 30
0.0
 11
315.0
 21
168.8
 31
0.0
  0
LINE
  5
10DC
330
FDD
100
AcDbEntity
 67
1
  8
E-SEMA-ANTET
370
13
100
AcDbLine
 10
205.0
 20
165.2
 30
0.0
 11
315.0
 21
165.2
 31
0.0
  0
LINE
  5
10DD
330
FDD
100
AcDbEntity
 67
1
  8
E-SEMA-ANTET
370
13
100
AcDbLine
 10
205.0
 20
161.6
 30
0.0
 11
315.0
 21
161.6
 31
0.0
  0
LINE
  5
10DE
330
FDD
100
AcDbEntity
 67
1
  8
E-SEMA-ANTET
370
13
100
AcDbLine
 10
205.0
 20
158.0
 30
0.0
 11
315.0
 21
158.0
 31
0.0
  0
LINE
  5
10DF
330
FDD
100
AcDbEntity
 67
1
  8
E-SEMA-ANTET
370
13
100
AcDbLine
 10
205.0
 20
154.39999999999998
 30
0.0
 11
315.0
 21
154.39999999999998
 31
0.0
  0
LINE
  5
10E0
330
FDD
100
AcDbEntity
 67
1
  8
E-SEMA-ANTET
370
13
100
AcDbLine
 10
205.0
 20
150.8
 30
0.0
 11
315.0
 21
150.8
 31
0.0
  0
LINE
  5
10E1
330
FDD
100
AcDbEntity
 67
1
  8
E-SEMA-ANTET
370
13
100
AcDbLine
 10
205.0
 20
147.2
 30
0.0
 11
315.0
 21
147.2
 31
0.0
  0
LINE
  5
10E2
330
FDD
100
AcDbEntity
 67
1
  8
E-SEMA-ANTET
370
13
100
AcDbLine
 10
205.0
 20
143.6
 30
0.0
 11
315.0
 21
143.6
 31
0.0
  0
LINE
  5
10E3
330
FDD
100
AcDbEntity
 67
1
  8
E-SEMA-ANTET
370
13
100
AcDbLine
 10
205.0
 20
140.0
 30
0.0
 11
315.0
 21
140.0
 31
0.0
  0
LINE
  5
10E4
330
FDD
100
AcDbEntity
 67
1
  8
E-SEMA-ANTET
370
13
100
AcDbLine
 10
221.0
 20
136.4
 30
0.0
 11
221.0
 21
266.0
 31
0.0
  0
LINE
  5
10E5
330
FDD
100
AcDbEntity
 67
1
  8
E-SEMA-ANTET
370
13
100
AcDbLine
 10
237.0
 20
136.4
 30
0.0
 11
237.0
 21
266.0
 31
0.0
  0
LINE
  5
10E6
330
FDD
100
AcDbEntity
 67
1
  8
E-SEMA-ANTET
370
13
100
AcDbLine
 10
255.0
 20
136.4
 30
0.0
 11
255.0
 21
266.0
 31
0.0
  0
TEXT
  5
10E7
330
FDD
100
AcDbEntity
 67
1
  8
E-SEMA-ANTET
100
AcDbText
 10
213.0
 20
264.2
 30
0.0
 40
1.5
  1
SIRA
  7
GYM-B
 72
1
 11
213.0
 21
264.2
 31
0.0
100
AcDbText
 73
2
  0
TEXT
  5
10E8
330
FDD
100
AcDbEntity
 67
1
  8
E-SEMA-ANTET
100
AcDbText
 10
229.0
 20
264.2
 30
0.0
 40
1.5
  1
CİHAZ
  7
GYM-B
 72
1
 11
229.0
 21
264.2
 31
0.0
100
AcDbText
 73
2
  0
TEXT
  5
10E9
330
FDD
100
AcDbEntity
 67
1
  8
E-SEMA-ANTET
100
AcDbText
 10
246.0
 20
264.2
 30
0.0
 40
1.5
  1
MODÜL
  7
GYM-B
 72
1
 11
246.0
 21
264.2
 31
0.0
100
AcDbText
 73
2
  0
TEXT
  5
10EA
330
FDD
100
AcDbEntity
 67
1
  8
E-SEMA-ANTET
100
AcDbText
 10
285.0
 20
264.2
 30
0.0
 40
1.5
  1
AÇIKLAMA
  7
GYM-B
 72
1
 11
285.0
 21
264.2
 31
0.0
100
AcDbText
 73
2
  0
TEXT
  5
10EB
330
FDD
100
AcDbEntity
 67
1
  8
E-SEMA-YAZI
100
AcDbText
 10
213.0
 20
260.6
 30
0.0
 40
1.5
  1
R1
  7
GYM
 72
1
 11
213.0
 21
260.6
 31
0.0
100
AcDbText
 73
2
  0
TEXT
  5
10EC
330
FDD
100
AcDbEntity
 67
1
  8
E-SEMA-YAZI
100
AcDbText
 10
229.0
 20
260.6
 30
0.0
 40
1.5
  1
-Q1
  7
GYM
 72
1
 11
229.0
 21
260.6
 31
0.0
100
AcDbText
 73
2
  0
TEXT
  5
10ED
330
FDD
100
AcDbEntity
 67
1
  8
E-SEMA-YAZI
100
AcDbText
 10
246.0
 20
260.6
 30
0.0
 40
1.5
  1
4
  7
GYM
 72
1
 11
246.0
 21
260.6
 31
0.0
100
AcDbText
 73
2
  0
TEXT
  5
10EE
330
FDD
100
AcDbEntity
 67
1
  8
E-SEMA-YAZI
100
AcDbText
 10
256.0
 20
260.6
 30
0.0
 40
1.5
  1
ANA ŞALTER 4×32 A
  7
GYM
 11
256.0
 21
260.6
 31
0.0
100
AcDbText
 73
2
  0
TEXT
  5
10EF
330
FDD
100
AcDbEntity
 67
1
  8
E-SEMA-YAZI
100
AcDbText
 10
213.0
 20
257.0
 30
0.0
 40
1.5
  1
R1
  7
GYM
 72
1
 11
213.0
 21
257.0
 31
0.0
100
AcDbText
 73
2
  0
TEXT
  5
10F0
330
FDD
100
AcDbEntity
 67
1
  8
E-SEMA-YAZI
100
AcDbText
 10
229.0
 20
257.0
 30
0.0
 40
1.5
  1
-ID0
  7
GYM
 72
1
 11
229.0
 21
257.0
 31
0.0
100
AcDbText
 73
2
  0
TEXT
  5
10F1
330
FDD
100
AcDbEntity
 67
1
  8
E-SEMA-YAZI
100
AcDbText
 10
246.0
 20
257.0
 30
0.0
 40
1.5
  1
4
  7
GYM
 72
1
 11
246.0
 21
257.0
 31
0.0
100
AcDbText
 73
2
  0
TEXT
  5
10F2
330
FDD
100
AcDbEntity
 67
1
  8
E-SEMA-YAZI
100
AcDbText
 10
256.0
 20
257.0
 30
0.0
 40
1.5
  1
ANA KAÇAK AKIM 4×40 A/300 mA
  7
GYM
 11
256.0
 21
257.0
 31
0.0
100
AcDbText
 73
2
  0
TEXT
  5
10F3
330
FDD
100
AcDbEntity
 67
1
  8
E-SEMA-YAZI
100
AcDbText
 10
213.0
 20
253.4
 30
0.0
 40
1.5
  1
R1
  7
GYM
 72
1
 11
213.0
 21
253.4
 31
0.0
100
AcDbText
 73
2
  0
TEXT
  5
10F4
330
FDD
100
AcDbEntity
 67
1
  8
E-SEMA-YAZI
100
AcDbText
 10
229.0
 20
253.4
 30
0.0
 40
1.5
  1
-F0
  7
GYM
 72
1
 11
229.0
 21
253.4
 31
0.0
100
AcDbText
 73
2
  0
TEXT
  5
10F5
330
FDD
100
AcDbEntity
 67
1
  8
E-SEMA-YAZI
100
AcDbText
 10
246.0
 20
253.4
 30
0.0
 40
1.5
  1
4
  7
GYM
 72
1
 11
246.0
 21
253.4
 31
0.0
100
AcDbText
 73
2
  0
TEXT
  5
10F6
330
FDD
100
AcDbEntity
 67
1
  8
E-SEMA-YAZI
100
AcDbText
 10
256.0
 20
253.4
 30
0.0
 40
1.5
  1
SPD Tip 2
  7
GYM
 11
256.0
 21
253.4
 31
0.0
100
AcDbText
 73
2
  0
TEXT
  5
10F7
330
FDD
100
AcDbEntity
 67
1
  8
E-SEMA-YAZI
100
AcDbText
 10
213.0
 20
249.8
 30
0.0
 40
1.5
  1
R2
  7
GYM
 72
1
 11
213.0
 21
249.8
 31
0.0
100
AcDbText
 73
2
  0
TEXT
  5
10F8
330
FDD
100
AcDbEntity
 67
1
  8
E-SEMA-YAZI
100
AcDbText
 10
229.0
 20
249.8
 30
0.0
 40
1.5
  1
-ID1
  7
GYM
 72
1
 11
229.0
 21
249.8
 31
0.0
100
AcDbText
 73
2
  0
TEXT
  5
10F9
330
FDD
100
AcDbEntity
 67
1
  8
E-SEMA-YAZI
100
AcDbText
 10
246.0
 20
249.8
 30
0.0
 40
1.5
  1
4
  7
GYM
 72
1
 11
246.0
 21
249.8
 31
0.0
100
AcDbText
 73
2
  0
TEXT
  5
10FA
330
FDD
100
AcDbEntity
 67
1
  8
E-SEMA-YAZI
100
AcDbText
 10
256.0
 20
249.8
 30
0.0
 40
1.5
  1
4×40 A / 30 mA, A tipi
  7
GYM
 11
256.0
 21
249.8
 31
0.0
100
AcDbText
 73
2
  0
TEXT
  5
10FB
330
FDD
100
AcDbEntity
 67
1
  8
E-SEMA-YAZI
100
AcDbText
 10
213.0
 20
246.2
 30
0.0
 40
1.5
  1
R2
  7
GYM
 72
1
 11
213.0
 21
246.2
 31
0.0
100
AcDbText
 73
2
  0
TEXT
  5
10FC
330
FDD
100
AcDbEntity
 67
1
  8
E-SEMA-YAZI
100
AcDbText
 10
229.0
 20
246.2
 30
0.0
 40
1.5
  1
-F1
  7
GYM
 72
1
 11
229.0
 21
246.2
 31
0.0
100
AcDbText
 73
2
  0
TEXT
  5
10FD
330
FDD
100
AcDbEntity
 67
1
  8
E-SEMA-YAZI
100
AcDbText
 10
246.0
 20
246.2
 30
0.0
 40
1.5
  1
3
  7
GYM
 72
1
 11
246.0
 21
246.2
 31
0.0
100
AcDbText
 73
2
  0
TEXT
  5
10FE
330
FDD
100
AcDbEntity
 67
1
  8
E-SEMA-YAZI
100
AcDbText
 10
256.0
 20
246.2
 30
0.0
 40
1.5
  1
L1 10A B
  7
GYM
 11
256.0
 21
246.2
 31
0.0
100
AcDbText
 73
2
  0
TEXT
  5
10FF
330
FDD
100
AcDbEntity
 67
1
  8
E-SEMA-YAZI
100
AcDbText
 10
213.0
 20
242.6
 30
0.0
 40
1.5
  1
R2
  7
GYM
 72
1
 11
213.0
 21
242.6
 31
0.0
100
AcDbText
 73
2
  0
TEXT
  5
1100
330
FDD
100
AcDbEntity
 67
1
  8
E-SEMA-YAZI
100
AcDbText
 10
229.0
 20
242.6
 30
0.0
 40
1.5
  1
-F2
  7
GYM
 72
1
 11
229.0
 21
242.6
 31
0.0
100
AcDbText
 73
2
  0
TEXT
  5
1101
330
FDD
100
AcDbEntity
 67
1
  8
E-SEMA-YAZI
100
AcDbText
 10
246.0
 20
242.6
 30
0.0
 40
1.5
  1
3
  7
GYM
 72
1
 11
246.0
 21
242.6
 31
0.0
100
AcDbText
 73
2
  0
TEXT
  5
1102
330
FDD
100
AcDbEntity
 67
1
  8
E-SEMA-YAZI
100
AcDbText
 10
256.0
 20
242.6
 30
0.0
 40
1.5
  1
L2 10A B
  7
GYM
 11
256.0
 21
242.6
 31
0.0
100
AcDbText
 73
2
  0
TEXT
  5
1103
330
FDD
100
AcDbEntity
 67
1
  8
E-SEMA-YAZI
100
AcDbText
 10
213.0
 20
239.0
 30
0.0
 40
1.5
  1
R2
  7
GYM
 72
1
 11
213.0
 21
239.0
 31
0.0
100
AcDbText
 73
2
  0
TEXT
  5
1104
330
FDD
100
AcDbEntity
 67
1
  8
E-SEMA-YAZI
100
AcDbText
 10
229.0
 20
239.0
 30
0.0
 40
1.5
  1
-F3
  7
GYM
 72
1
 11
229.0
 21
239.0
 31
0.0
100
AcDbText
 73
2
  0
TEXT
  5
1105
330
FDD
100
AcDbEntity
 67
1
  8
E-SEMA-YAZI
100
AcDbText
 10
246.0
 20
239.0
 30
0.0
 40
1.5
  1
3
  7
GYM
 72
1
 11
246.0
 21
239.0
 31
0.0
100
AcDbText
 73
2
  0
TEXT
  5
1106
330
FDD
100
AcDbEntity
 67
1
  8
E-SEMA-YAZI
100
AcDbText
 10
256.0
 20
239.0
 30
0.0
 40
1.5
  1
L3 10A B
  7
GYM
 11
256.0
 21
239.0
 31
0.0
100
AcDbText
 73
2
  0
TEXT
  5
1107
330
FDD
100
AcDbEntity
 67
1
  8
E-SEMA-YAZI
100
AcDbText
 10
213.0
 20
235.4
 30
0.0
 40
1.5
  1
R2
  7
GYM
 72
1
 11
213.0
 21
235.4
 31
0.0
100
AcDbText
 73
2
  0
TEXT
  5
1108
330
FDD
100
AcDbEntity
 67
1
  8
E-SEMA-YAZI
100
AcDbText
 10
229.0
 20
235.4
 30
0.0
 40
1.5
  1
-F4
  7
GYM
 72
1
 11
229.0
 21
235.4
 31
0.0
100
AcDbText
 73
2
  0
TEXT
  5
1109
330
FDD
100
AcDbEntity
 67
1
  8
E-SEMA-YAZI
100
AcDbText
 10
246.0
 20
235.4
 30
0.0
 40
1.5
  1
3
  7
GYM
 72
1
 11
246.0
 21
235.4
 31
0.0
100
AcDbText
 73
2
  0
TEXT
  5
110A
330
FDD
100
AcDbEntity
 67
1
  8
E-SEMA-YAZI
100
AcDbText
 10
256.0
 20
235.4
 30
0.0
 40
1.5
  1
L4 10A B
  7
GYM
 11
256.0
 21
235.4
 31
0.0
100
AcDbText
 73
2
  0
TEXT
  5
110B
330
FDD
100
AcDbEntity
 67
1
  8
E-SEMA-YAZI
100
AcDbText
 10
213.0
 20
231.8
 30
0.0
 40
1.5
  1
R2
  7
GYM
 72
1
 11
213.0
 21
231.8
 31
0.0
100
AcDbText
 73
2
  0
TEXT
  5
110C
330
FDD
100
AcDbEntity
 67
1
  8
E-SEMA-YAZI
100
AcDbText
 10
229.0
 20
231.8
 30
0.0
 40
1.5
  1
-F5
  7
GYM
 72
1
 11
229.0
 21
231.8
 31
0.0
100
AcDbText
 73
2
  0
TEXT
  5
110D
330
FDD
100
AcDbEntity
 67
1
  8
E-SEMA-YAZI
100
AcDbText
 10
246.0
 20
231.8
 30
0.0
 40
1.5
  1
3
  7
GYM
 72
1
 11
246.0
 21
231.8
 31
0.0
100
AcDbText
 73
2
  0
TEXT
  5
110E
330
FDD
100
AcDbEntity
 67
1
  8
E-SEMA-YAZI
100
AcDbText
 10
256.0
 20
231.8
 30
0.0
 40
1.5
  1
L6 6A B
  7
GYM
 11
256.0
 21
231.8
 31
0.0
100
AcDbText
 73
2
  0
TEXT
  5
110F
330
FDD
100
AcDbEntity
 67
1
  8
E-SEMA-YAZI
100
AcDbText
 10
213.0
 20
228.2
 30
0.0
 40
1.5
  1
R2
  7
GYM
 72
1
 11
213.0
 21
228.2
 31
0.0
100
AcDbText
 73
2
  0
TEXT
  5
1110
330
FDD
100
AcDbEntity
 67
1
  8
E-SEMA-YAZI
100
AcDbText
 10
229.0
 20
228.2
 30
0.0
 40
1.5
  1
-ID2
  7
GYM
 72
1
 11
229.0
 21
228.2
 31
0.0
100
AcDbText
 73
2
  0
TEXT
  5
1111
330
FDD
100
AcDbEntity
 67
1
  8
E-SEMA-YAZI
100
AcDbText
 10
246.0
 20
228.2
 30
0.0
 40
1.5
  1
4
  7
GYM
 72
1
 11
246.0
 21
228.2
 31
0.0
100
AcDbText
 73
2
  0
TEXT
  5
1112
330
FDD
100
AcDbEntity
 67
1
  8
E-SEMA-YAZI
100
AcDbText
 10
256.0
 20
228.2
 30
0.0
 40
1.5
  1
4×40 A / 30 mA, A tipi
  7
GYM
 11
256.0
 21
228.2
 31
0.0
100
AcDbText
 73
2
  0
TEXT
  5
1113
330
FDD
100
AcDbEntity
 67
1
  8
E-SEMA-YAZI
100
AcDbText
 10
213.0
 20
224.6
 30
0.0
 40
1.5
  1
R3
  7
GYM
 72
1
 11
213.0
 21
224.6
 31
0.0
100
AcDbText
 73
2
  0
TEXT
  5
1114
330
FDD
100
AcDbEntity
 67
1
  8
E-SEMA-YAZI
100
AcDbText
 10
229.0
 20
224.6
 30
0.0
 40
1.5
  1
-F6
  7
GYM
 72
1
 11
229.0
 21
224.6
 31
0.0
100
AcDbText
 73
2
  0
TEXT
  5
1115
330
FDD
100
AcDbEntity
 67
1
  8
E-SEMA-YAZI
100
AcDbText
 10
246.0
 20
224.6
 30
0.0
 40
1.5
  1
3
  7
GYM
 72
1
 11
246.0
 21
224.6
 31
0.0
100
AcDbText
 73
2
  0
TEXT
  5
1116
330
FDD
100
AcDbEntity
 67
1
  8
E-SEMA-YAZI
100
AcDbText
 10
256.0
 20
224.6
 30
0.0
 40
1.5
  1
P1 16A C
  7
GYM
 11
256.0
 21
224.6
 31
0.0
100
AcDbText
 73
2
  0
TEXT
  5
1117
330
FDD
100
AcDbEntity
 67
1
  8
E-SEMA-YAZI
100
AcDbText
 10
213.0
 20
221.0
 30
0.0
 40
1.5
  1
R3
  7
GYM
 72
1
 11
213.0
 21
221.0
 31
0.0
100
AcDbText
 73
2
  0
TEXT
  5
1118
330
FDD
100
AcDbEntity
 67
1
  8
E-SEMA-YAZI
100
AcDbText
 10
229.0
 20
221.0
 30
0.0
 40
1.5
  1
-F7
  7
GYM
 72
1
 11
229.0
 21
221.0
 31
0.0
100
AcDbText
 73
2
  0
TEXT
  5
1119
330
FDD
100
AcDbEntity
 67
1
  8
E-SEMA-YAZI
100
AcDbText
 10
246.0
 20
221.0
 30
0.0
 40
1.5
  1
3
  7
GYM
 72
1
 11
246.0
 21
221.0
 31
0.0
100
AcDbText
 73
2
  0
TEXT
  5
111A
330
FDD
100
AcDbEntity
 67
1
  8
E-SEMA-YAZI
100
AcDbText
 10
256.0
 20
221.0
 30
0.0
 40
1.5
  1
P2 16A C
  7
GYM
 11
256.0
 21
221.0
 31
0.0
100
AcDbText
 73
2
  0
TEXT
  5
111B
330
FDD
100
AcDbEntity
 67
1
  8
E-SEMA-YAZI
100
AcDbText
 10
213.0
 20
217.4
 30
0.0
 40
1.5
  1
R3
  7
GYM
 72
1
 11
213.0
 21
217.4
 31
0.0
100
AcDbText
 73
2
  0
TEXT
  5
111C
330
FDD
100
AcDbEntity
 67
1
  8
E-SEMA-YAZI
100
AcDbText
 10
229.0
 20
217.4
 30
0.0
 40
1.5
  1
-F8
  7
GYM
 72
1
 11
229.0
 21
217.4
 31
0.0
100
AcDbText
 73
2
  0
TEXT
  5
111D
330
FDD
100
AcDbEntity
 67
1
  8
E-SEMA-YAZI
100
AcDbText
 10
246.0
 20
217.4
 30
0.0
 40
1.5
  1
3
  7
GYM
 72
1
 11
246.0
 21
217.4
 31
0.0
100
AcDbText
 73
2
  0
TEXT
  5
111E
330
FDD
100
AcDbEntity
 67
1
  8
E-SEMA-YAZI
100
AcDbText
 10
256.0
 20
217.4
 30
0.0
 40
1.5
  1
P3 16A C
  7
GYM
 11
256.0
 21
217.4
 31
0.0
100
AcDbText
 73
2
  0
TEXT
  5
111F
330
FDD
100
AcDbEntity
 67
1
  8
E-SEMA-YAZI
100
AcDbText
 10
213.0
 20
213.8
 30
0.0
 40
1.5
  1
R3
  7
GYM
 72
1
 11
213.0
 21
213.8
 31
0.0
100
AcDbText
 73
2
  0
TEXT
  5
1120
330
FDD
100
AcDbEntity
 67
1
  8
E-SEMA-YAZI
100
AcDbText
 10
229.0
 20
213.8
 30
0.0
 40
1.5
  1
-F9
  7
GYM
 72
1
 11
229.0
 21
213.8
 31
0.0
100
AcDbText
 73
2
  0
TEXT
  5
1121
330
FDD
100
AcDbEntity
 67
1
  8
E-SEMA-YAZI
100
AcDbText
 10
246.0
 20
213.8
 30
0.0
 40
1.5
  1
3
  7
GYM
 72
1
 11
246.0
 21
213.8
 31
0.0
100
AcDbText
 73
2
  0
TEXT
  5
1122
330
FDD
100
AcDbEntity
 67
1
  8
E-SEMA-YAZI
100
AcDbText
 10
256.0
 20
213.8
 30
0.0
 40
1.5
  1
P4 16A C
  7
GYM
 11
256.0
 21
213.8
 31
0.0
100
AcDbText
 73
2
  0
TEXT
  5
1123
330
FDD
100
AcDbEntity
 67
1
  8
E-SEMA-YAZI
100
AcDbText
 10
213.0
 20
210.2
 30
0.0
 40
1.5
  1
R3
  7
GYM
 72
1
 11
213.0
 21
210.2
 31
0.0
100
AcDbText
 73
2
  0
TEXT
  5
1124
330
FDD
100
AcDbEntity
 67
1
  8
E-SEMA-YAZI
100
AcDbText
 10
229.0
 20
210.2
 30
0.0
 40
1.5
  1
-F10
  7
GYM
 72
1
 11
229.0
 21
210.2
 31
0.0
100
AcDbText
 73
2
  0
TEXT
  5
1125
330
FDD
100
AcDbEntity
 67
1
  8
E-SEMA-YAZI
100
AcDbText
 10
246.0
 20
210.2
 30
0.0
 40
1.5
  1
3
  7
GYM
 72
1
 11
246.0
 21
210.2
 31
0.0
100
AcDbText
 73
2
  0
TEXT
  5
1126
330
FDD
100
AcDbEntity
 67
1
  8
E-SEMA-YAZI
100
AcDbText
 10
256.0
 20
210.2
 30
0.0
 40
1.5
  1
P6 16A C
  7
GYM
 11
256.0
 21
210.2
 31
0.0
100
AcDbText
 73
2
  0
TEXT
  5
1127
330
FDD
100
AcDbEntity
 67
1
  8
E-SEMA-YAZI
100
AcDbText
 10
213.0
 20
206.6
 30
0.0
 40
1.5
  1
R3
  7
GYM
 72
1
 11
213.0
 21
206.6
 31
0.0
100
AcDbText
 73
2
  0
TEXT
  5
1128
330
FDD
100
AcDbEntity
 67
1
  8
E-SEMA-YAZI
100
AcDbText
 10
229.0
 20
206.6
 30
0.0
 40
1.5
  1
-F11
  7
GYM
 72
1
 11
229.0
 21
206.6
 31
0.0
100
AcDbText
 73
2
  0
TEXT
  5
1129
330
FDD
100
AcDbEntity
 67
1
  8
E-SEMA-YAZI
100
AcDbText
 10
246.0
 20
206.6
 30
0.0
 40
1.5
  1
3
  7
GYM
 72
1
 11
246.0
 21
206.6
 31
0.0
100
AcDbText
 73
2
  0
TEXT
  5
112A
330
FDD
100
AcDbEntity
 67
1
  8
E-SEMA-YAZI
100
AcDbText
 10
256.0
 20
206.6
 30
0.0
 40
1.5
  1
Z1 10A C
  7
GYM
 11
256.0
 21
206.6
 31
0.0
100
AcDbText
 73
2
  0
TEXT
  5
112B
330
FDD
100
AcDbEntity
 67
1
  8
E-SEMA-YAZI
100
AcDbText
 10
213.0
 20
203.0
 30
0.0
 40
1.5
  1
R3
  7
GYM
 72
1
 11
213.0
 21
203.0
 31
0.0
100
AcDbText
 73
2
  0
TEXT
  5
112C
330
FDD
100
AcDbEntity
 67
1
  8
E-SEMA-YAZI
100
AcDbText
 10
229.0
 20
203.0
 30
0.0
 40
1.5
  1
-ID3
  7
GYM
 72
1
 11
229.0
 21
203.0
 31
0.0
100
AcDbText
 73
2
  0
TEXT
  5
112D
330
FDD
100
AcDbEntity
 67
1
  8
E-SEMA-YAZI
100
AcDbText
 10
246.0
 20
203.0
 30
0.0
 40
1.5
  1
2
  7
GYM
 72
1
 11
246.0
 21
203.0
 31
0.0
100
AcDbText
 73
2
  0
TEXT
  5
112E
330
FDD
100
AcDbEntity
 67
1
  8
E-SEMA-YAZI
100
AcDbText
 10
256.0
 20
203.0
 30
0.0
 40
1.5
  1
2×40 A / 30 mA, A tipi
  7
GYM
 11
256.0
 21
203.0
 31
0.0
100
AcDbText
 73
2
  0
TEXT
  5
112F
330
FDD
100
AcDbEntity
 67
1
  8
E-SEMA-YAZI
100
AcDbText
 10
213.0
 20
199.39999999999998
 30
0.0
 40
1.5
  1
R3
  7
GYM
 72
1
 11
213.0
 21
199.39999999999998
 31
0.0
100
AcDbText
 73
2
  0
TEXT
  5
1130
330
FDD
100
AcDbEntity
 67
1
  8
E-SEMA-YAZI
100
AcDbText
 10
229.0
 20
199.39999999999998
 30
0.0
 40
1.5
  1
-F12
  7
GYM
 72
1
 11
229.0
 21
199.39999999999998
 31
0.0
100
AcDbText
 73
2
  0
TEXT
  5
1131
330
FDD
100
AcDbEntity
 67
1
  8
E-SEMA-YAZI
100
AcDbText
 10
246.0
 20
199.39999999999998
 30
0.0
 40
1.5
  1
3
  7
GYM
 72
1
 11
246.0
 21
199.39999999999998
 31
0.0
100
AcDbText
 73
2
  0
TEXT
  5
1132
330
FDD
100
AcDbEntity
 67
1
  8
E-SEMA-YAZI
100
AcDbText
 10
256.0
 20
199.39999999999998
 30
0.0
 40
1.5
  1
L5 10A B
  7
GYM
 11
256.0
 21
199.39999999999998
 31
0.0
100
AcDbText
 73
2
  0
TEXT
  5
1133
330
FDD
100
AcDbEntity
 67
1
  8
E-SEMA-YAZI
100
AcDbText
 10
213.0
 20
195.8
 30
0.0
 40
1.5
  1
R4
  7
GYM
 72
1
 11
213.0
 21
195.8
 31
0.0
100
AcDbText
 73
2
  0
TEXT
  5
1134
330
FDD
100
AcDbEntity
 67
1
  8
E-SEMA-YAZI
100
AcDbText
 10
229.0
 20
195.8
 30
0.0
 40
1.5
  1
-F13
  7
GYM
 72
1
 11
229.0
 21
195.8
 31
0.0
100
AcDbText
 73
2
  0
TEXT
  5
1135
330
FDD
100
AcDbEntity
 67
1
  8
E-SEMA-YAZI
100
AcDbText
 10
246.0
 20
195.8
 30
0.0
 40
1.5
  1
3
  7
GYM
 72
1
 11
246.0
 21
195.8
 31
0.0
100
AcDbText
 73
2
  0
TEXT
  5
1136
330
FDD
100
AcDbEntity
 67
1
  8
E-SEMA-YAZI
100
AcDbText
 10
256.0
 20
195.8
 30
0.0
 40
1.5
  1
P5 16A C
  7
GYM
 11
256.0
 21
195.8
 31
0.0
100
AcDbText
 73
2
  0
TEXT
  5
1137
330
FDD
100
AcDbEntity
 67
1
  8
E-SEMA-YAZI
100
AcDbText
 10
213.0
 20
192.2
 30
0.0
 40
1.5
  1
R4
  7
GYM
 72
1
 11
213.0
 21
192.2
 31
0.0
100
AcDbText
 73
2
  0
TEXT
  5
1138
330
FDD
100
AcDbEntity
 67
1
  8
E-SEMA-YAZI
100
AcDbText
 10
229.0
 20
192.2
 30
0.0
 40
1.5
  1
-ID4
  7
GYM
 72
1
 11
229.0
 21
192.2
 31
0.0
100
AcDbText
 73
2
  0
TEXT
  5
1139
330
FDD
100
AcDbEntity
 67
1
  8
E-SEMA-YAZI
100
AcDbText
 10
246.0
 20
192.2
 30
0.0
 40
1.5
  1
2
  7
GYM
 72
1
 11
246.0
 21
192.2
 31
0.0
100
AcDbText
 73
2
  0
TEXT
  5
113A
330
FDD
100
AcDbEntity
 67
1
  8
E-SEMA-YAZI
100
AcDbText
 10
256.0
 20
192.2
 30
0.0
 40
1.5
  1
2×40 A / 30 mA, A tipi
  7
GYM
 11
256.0
 21
192.2
 31
0.0
100
AcDbText
 73
2
  0
TEXT
  5
113B
330
FDD
100
AcDbEntity
 67
1
  8
E-SEMA-YAZI
100
AcDbText
 10
213.0
 20
188.6
 30
0.0
 40
1.5
  1
R4
  7
GYM
 72
1
 11
213.0
 21
188.6
 31
0.0
100
AcDbText
 73
2
  0
TEXT
  5
113C
330
FDD
100
AcDbEntity
 67
1
  8
E-SEMA-YAZI
100
AcDbText
 10
229.0
 20
188.6
 30
0.0
 40
1.5
  1
-F14
  7
GYM
 72
1
 11
229.0
 21
188.6
 31
0.0
100
AcDbText
 73
2
  0
TEXT
  5
113D
330
FDD
100
AcDbEntity
 67
1
  8
E-SEMA-YAZI
100
AcDbText
 10
246.0
 20
188.6
 30
0.0
 40
1.5
  1
3
  7
GYM
 72
1
 11
246.0
 21
188.6
 31
0.0
100
AcDbText
 73
2
  0
TEXT
  5
113E
330
FDD
100
AcDbEntity
 67
1
  8
E-SEMA-YAZI
100
AcDbText
 10
256.0
 20
188.6
 30
0.0
 40
1.5
  1
W1 20A C
  7
GYM
 11
256.0
 21
188.6
 31
0.0
100
AcDbText
 73
2
  0
TEXT
  5
113F
330
FDD
100
AcDbEntity
 67
1
  8
E-SEMA-YAZI
100
AcDbText
 10
213.0
 20
185.0
 30
0.0
 40
1.5
  1
R4
  7
GYM
 72
1
 11
213.0
 21
185.0
 31
0.0
100
AcDbText
 73
2
  0
TEXT
  5
1140
330
FDD
100
AcDbEntity
 67
1
  8
E-SEMA-YAZI
100
AcDbText
 10
229.0
 20
185.0
 30
0.0
 40
1.5
  1
-F15
  7
GYM
 72
1
 11
229.0
 21
185.0
 31
0.0
100
AcDbText
 73
2
  0
TEXT
  5
1141
330
FDD
100
AcDbEntity
 67
1
  8
E-SEMA-YAZI
100
AcDbText
 10
246.0
 20
185.0
 30
0.0
 40
1.5
  1
3
  7
GYM
 72
1
 11
246.0
 21
185.0
 31
0.0
100
AcDbText
 73
2
  0
TEXT
  5
1142
330
FDD
100
AcDbEntity
 67
1
  8
E-SEMA-YAZI
100
AcDbText
 10
256.0
 20
185.0
 30
0.0
 40
1.5
  1
W2 20A C
  7
GYM
 11
256.0
 21
185.0
 31
0.0
100
AcDbText
 73
2
  0
TEXT
  5
1143
330
FDD
100
AcDbEntity
 67
1
  8
E-SEMA-YAZI
100
AcDbText
 10
213.0
 20
181.39999999999998
 30
0.0
 40
1.5
  1
R4
  7
GYM
 72
1
 11
213.0
 21
181.39999999999998
 31
0.0
100
AcDbText
 73
2
  0
TEXT
  5
1144
330
FDD
100
AcDbEntity
 67
1
  8
E-SEMA-YAZI
100
AcDbText
 10
229.0
 20
181.39999999999998
 30
0.0
 40
1.5
  1
-ID5
  7
GYM
 72
1
 11
229.0
 21
181.39999999999998
 31
0.0
100
AcDbText
 73
2
  0
TEXT
  5
1145
330
FDD
100
AcDbEntity
 67
1
  8
E-SEMA-YAZI
100
AcDbText
 10
246.0
 20
181.39999999999998
 30
0.0
 40
1.5
  1
4
  7
GYM
 72
1
 11
246.0
 21
181.39999999999998
 31
0.0
100
AcDbText
 73
2
  0
TEXT
  5
1146
330
FDD
100
AcDbEntity
 67
1
  8
E-SEMA-YAZI
100
AcDbText
 10
256.0
 20
181.39999999999998
 30
0.0
 40
1.5
  1
4×40 A / 30 mA, A tipi
  7
GYM
 11
256.0
 21
181.39999999999998
 31
0.0
100
AcDbText
 73
2
  0
TEXT
  5
1147
330
FDD
100
AcDbEntity
 67
1
  8
E-SEMA-YAZI
100
AcDbText
 10
213.0
 20
177.8
 30
0.0
 40
1.5
  1
R4
  7
GYM
 72
1
 11
213.0
 21
177.8
 31
0.0
100
AcDbText
 73
2
  0
TEXT
  5
1148
330
FDD
100
AcDbEntity
 67
1
  8
E-SEMA-YAZI
100
AcDbText
 10
229.0
 20
177.8
 30
0.0
 40
1.5
  1
-F16
  7
GYM
 72
1
 11
229.0
 21
177.8
 31
0.0
100
AcDbText
 73
2
  0
TEXT
  5
1149
330
FDD
100
AcDbEntity
 67
1
  8
E-SEMA-YAZI
100
AcDbText
 10
246.0
 20
177.8
 30
0.0
 40
1.5
  1
3
  7
GYM
 72
1
 11
246.0
 21
177.8
 31
0.0
100
AcDbText
 73
2
  0
TEXT
  5
114A
330
FDD
100
AcDbEntity
 67
1
  8
E-SEMA-YAZI
100
AcDbText
 10
256.0
 20
177.8
 30
0.0
 40
1.5
  1
K1 16A C
  7
GYM
 11
256.0
 21
177.8
 31
0.0
100
AcDbText
 73
2
  0
TEXT
  5
114B
330
FDD
100
AcDbEntity
 67
1
  8
E-SEMA-YAZI
100
AcDbText
 10
213.0
 20
174.2
 30
0.0
 40
1.5
  1
R4
  7
GYM
 72
1
 11
213.0
 21
174.2
 31
0.0
100
AcDbText
 73
2
  0
TEXT
  5
114C
330
FDD
100
AcDbEntity
 67
1
  8
E-SEMA-YAZI
100
AcDbText
 10
229.0
 20
174.2
 30
0.0
 40
1.5
  1
-F17
  7
GYM
 72
1
 11
229.0
 21
174.2
 31
0.0
100
AcDbText
 73
2
  0
TEXT
  5
114D
330
FDD
100
AcDbEntity
 67
1
  8
E-SEMA-YAZI
100
AcDbText
 10
246.0
 20
174.2
 30
0.0
 40
1.5
  1
3
  7
GYM
 72
1
 11
246.0
 21
174.2
 31
0.0
100
AcDbText
 73
2
  0
TEXT
  5
114E
330
FDD
100
AcDbEntity
 67
1
  8
E-SEMA-YAZI
100
AcDbText
 10
256.0
 20
174.2
 30
0.0
 40
1.5
  1
K2 16A C
  7
GYM
 11
256.0
 21
174.2
 31
0.0
100
AcDbText
 73
2
  0
TEXT
  5
114F
330
FDD
100
AcDbEntity
 67
1
  8
E-SEMA-YAZI
100
AcDbText
 10
213.0
 20
170.6
 30
0.0
 40
1.5
  1
R4
  7
GYM
 72
1
 11
213.0
 21
170.6
 31
0.0
100
AcDbText
 73
2
  0
TEXT
  5
1150
330
FDD
100
AcDbEntity
 67
1
  8
E-SEMA-YAZI
100
AcDbText
 10
229.0
 20
170.6
 30
0.0
 40
1.5
  1
-F18
  7
GYM
 72
1
 11
229.0
 21
170.6
 31
0.0
100
AcDbText
 73
2
  0
TEXT
  5
1151
330
FDD
100
AcDbEntity
 67
1
  8
E-SEMA-YAZI
100
AcDbText
 10
246.0
 20
170.6
 30
0.0
 40
1.5
  1
3
  7
GYM
 72
1
 11
246.0
 21
170.6
 31
0.0
100
AcDbText
 73
2
  0
TEXT
  5
1152
330
FDD
100
AcDbEntity
 67
1
  8
E-SEMA-YAZI
100
AcDbText
 10
256.0
 20
170.6
 30
0.0
 40
1.5
  1
K3 16A C
  7
GYM
 11
256.0
 21
170.6
 31
0.0
100
AcDbText
 73
2
  0
TEXT
  5
1153
330
FDD
100
AcDbEntity
 67
1
  8
E-SEMA-YAZI
100
AcDbText
 10
213.0
 20
167.0
 30
0.0
 40
1.5
  1
R4
  7
GYM
 72
1
 11
213.0
 21
167.0
 31
0.0
100
AcDbText
 73
2
  0
TEXT
  5
1154
330
FDD
100
AcDbEntity
 67
1
  8
E-SEMA-YAZI
100
AcDbText
 10
229.0
 20
167.0
 30
0.0
 40
1.5
  1
-F19
  7
GYM
 72
1
 11
229.0
 21
167.0
 31
0.0
100
AcDbText
 73
2
  0
TEXT
  5
1155
330
FDD
100
AcDbEntity
 67
1
  8
E-SEMA-YAZI
100
AcDbText
 10
246.0
 20
167.0
 30
0.0
 40
1.5
  1
3
  7
GYM
 72
1
 11
246.0
 21
167.0
 31
0.0
100
AcDbText
 73
2
  0
TEXT
  5
1156
330
FDD
100
AcDbEntity
 67
1
  8
E-SEMA-YAZI
100
AcDbText
 10
256.0
 20
167.0
 30
0.0
 40
1.5
  1
K4 16A C
  7
GYM
 11
256.0
 21
167.0
 31
0.0
100
AcDbText
 73
2
  0
TEXT
  5
1157
330
FDD
100
AcDbEntity
 67
1
  8
E-SEMA-YAZI
100
AcDbText
 10
213.0
 20
163.39999999999998
 30
0.0
 40
1.5
  1
R4
  7
GYM
 72
1
 11
213.0
 21
163.39999999999998
 31
0.0
100
AcDbText
 73
2
  0
TEXT
  5
1158
330
FDD
100
AcDbEntity
 67
1
  8
E-SEMA-YAZI
100
AcDbText
 10
229.0
 20
163.39999999999998
 30
0.0
 40
1.5
  1
-F20
  7
GYM
 72
1
 11
229.0
 21
163.39999999999998
 31
0.0
100
AcDbText
 73
2
  0
TEXT
  5
1159
330
FDD
100
AcDbEntity
 67
1
  8
E-SEMA-YAZI
100
AcDbText
 10
246.0
 20
163.39999999999998
 30
0.0
 40
1.5
  1
3
  7
GYM
 72
1
 11
246.0
 21
163.39999999999998
 31
0.0
100
AcDbText
 73
2
  0
TEXT
  5
115A
330
FDD
100
AcDbEntity
 67
1
  8
E-SEMA-YAZI
100
AcDbText
 10
256.0
 20
163.39999999999998
 30
0.0
 40
1.5
  1
V1 10A C
  7
GYM
 11
256.0
 21
163.39999999999998
 31
0.0
100
AcDbText
 73
2
  0
TEXT
  5
115B
330
FDD
100
AcDbEntity
 67
1
  8
E-SEMA-YAZI
100
AcDbText
 10
213.0
 20
159.8
 30
0.0
 40
1.5
  1
R4
  7
GYM
 72
1
 11
213.0
 21
159.8
 31
0.0
100
AcDbText
 73
2
  0
TEXT
  5
115C
330
FDD
100
AcDbEntity
 67
1
  8
E-SEMA-YAZI
100
AcDbText
 10
229.0
 20
159.8
 30
0.0
 40
1.5
  1
-F21
  7
GYM
 72
1
 11
229.0
 21
159.8
 31
0.0
100
AcDbText
 73
2
  0
TEXT
  5
115D
330
FDD
100
AcDbEntity
 67
1
  8
E-SEMA-YAZI
100
AcDbText
 10
246.0
 20
159.8
 30
0.0
 40
1.5
  1
3
  7
GYM
 72
1
 11
246.0
 21
159.8
 31
0.0
100
AcDbText
 73
2
  0
TEXT
  5
115E
330
FDD
100
AcDbEntity
 67
1
  8
E-SEMA-YAZI
100
AcDbText
 10
256.0
 20
159.8
 30
0.0
 40
1.5
  1
V2 6A C
  7
GYM
 11
256.0
 21
159.8
 31
0.0
100
AcDbText
 73
2
  0
TEXT
  5
115F
330
FDD
100
AcDbEntity
 67
1
  8
E-SEMA-YAZI
100
AcDbText
 10
213.0
 20
156.2
 30
0.0
 40
1.5
  1
R4
  7
GYM
 72
1
 11
213.0
 21
156.2
 31
0.0
100
AcDbText
 73
2
  0
TEXT
  5
1160
330
FDD
100
AcDbEntity
 67
1
  8
E-SEMA-YAZI
100
AcDbText
 10
229.0
 20
156.2
 30
0.0
 40
1.5
  1
-ID6
  7
GYM
 72
1
 11
229.0
 21
156.2
 31
0.0
100
AcDbText
 73
2
  0
TEXT
  5
1161
330
FDD
100
AcDbEntity
 67
1
  8
E-SEMA-YAZI
100
AcDbText
 10
246.0
 20
156.2
 30
0.0
 40
1.5
  1
4
  7
GYM
 72
1
 11
246.0
 21
156.2
 31
0.0
100
AcDbText
 73
2
  0
TEXT
  5
1162
330
FDD
100
AcDbEntity
 67
1
  8
E-SEMA-YAZI
100
AcDbText
 10
256.0
 20
156.2
 30
0.0
 40
1.5
  1
4×40 A / 30 mA, A tipi
  7
GYM
 11
256.0
 21
156.2
 31
0.0
100
AcDbText
 73
2
  0
TEXT
  5
1163
330
FDD
100
AcDbEntity
 67
1
  8
E-SEMA-YAZI
100
AcDbText
 10
213.0
 20
152.6
 30
0.0
 40
1.5
  1
R4
  7
GYM
 72
1
 11
213.0
 21
152.6
 31
0.0
100
AcDbText
 73
2
  0
TEXT
  5
1164
330
FDD
100
AcDbEntity
 67
1
  8
E-SEMA-YAZI
100
AcDbText
 10
229.0
 20
152.6
 30
0.0
 40
1.5
  1
-F22
  7
GYM
 72
1
 11
229.0
 21
152.6
 31
0.0
100
AcDbText
 73
2
  0
TEXT
  5
1165
330
FDD
100
AcDbEntity
 67
1
  8
E-SEMA-YAZI
100
AcDbText
 10
246.0
 20
152.6
 30
0.0
 40
1.5
  1
1
  7
GYM
 72
1
 11
246.0
 21
152.6
 31
0.0
100
AcDbText
 73
2
  0
TEXT
  5
1166
330
FDD
100
AcDbEntity
 67
1
  8
E-SEMA-YAZI
100
AcDbText
 10
256.0
 20
152.6
 30
0.0
 40
1.5
  1
Y1 16A C
  7
GYM
 11
256.0
 21
152.6
 31
0.0
100
AcDbText
 73
2
  0
TEXT
  5
1167
330
FDD
100
AcDbEntity
 67
1
  8
E-SEMA-YAZI
100
AcDbText
 10
213.0
 20
149.0
 30
0.0
 40
1.5
  1
R4
  7
GYM
 72
1
 11
213.0
 21
149.0
 31
0.0
100
AcDbText
 73
2
  0
TEXT
  5
1168
330
FDD
100
AcDbEntity
 67
1
  8
E-SEMA-YAZI
100
AcDbText
 10
229.0
 20
149.0
 30
0.0
 40
1.5
  1
-F23
  7
GYM
 72
1
 11
229.0
 21
149.0
 31
0.0
100
AcDbText
 73
2
  0
TEXT
  5
1169
330
FDD
100
AcDbEntity
 67
1
  8
E-SEMA-YAZI
100
AcDbText
 10
246.0
 20
149.0
 30
0.0
 40
1.5
  1
1
  7
GYM
 72
1
 11
246.0
 21
149.0
 31
0.0
100
AcDbText
 73
2
  0
TEXT
  5
116A
330
FDD
100
AcDbEntity
 67
1
  8
E-SEMA-YAZI
100
AcDbText
 10
256.0
 20
149.0
 30
0.0
 40
1.5
  1
Y2 16A C
  7
GYM
 11
256.0
 21
149.0
 31
0.0
100
AcDbText
 73
2
  0
TEXT
  5
116B
330
FDD
100
AcDbEntity
 67
1
  8
E-SEMA-YAZI
100
AcDbText
 10
213.0
 20
145.39999999999998
 30
0.0
 40
1.5
  1
R4
  7
GYM
 72
1
 11
213.0
 21
145.39999999999998
 31
0.0
100
AcDbText
 73
2
  0
TEXT
  5
116C
330
FDD
100
AcDbEntity
 67
1
  8
E-SEMA-YAZI
100
AcDbText
 10
229.0
 20
145.39999999999998
 30
0.0
 40
1.5
  1
-F24
  7
GYM
 72
1
 11
229.0
 21
145.39999999999998
 31
0.0
100
AcDbText
 73
2
  0
TEXT
  5
116D
330
FDD
100
AcDbEntity
 67
1
  8
E-SEMA-YAZI
100
AcDbText
 10
246.0
 20
145.39999999999998
 30
0.0
 40
1.5
  1
1
  7
GYM
 72
1
 11
246.0
 21
145.39999999999998
 31
0.0
100
AcDbText
 73
2
  0
TEXT
  5
116E
330
FDD
100
AcDbEntity
 67
1
  8
E-SEMA-YAZI
100
AcDbText
 10
256.0
 20
145.39999999999998
 30
0.0
 40
1.5
  1
Y3 16A C
  7
GYM
 11
256.0
 21
145.39999999999998
 31
0.0
100
AcDbText
 73
2
  0
TEXT
  5
116F
330
FDD
100
AcDbEntity
 67
1
  8
E-SEMA-YAZI
100
AcDbText
 10
213.0
 20
141.8
 30
0.0
 40
1.5
  1
R4
  7
GYM
 72
1
 11
213.0
 21
141.8
 31
0.0
100
AcDbText
 73
2
  0
TEXT
  5
1170
330
FDD
100
AcDbEntity
 67
1
  8
E-SEMA-YAZI
100
AcDbText
 10
229.0
 20
141.8
 30
0.0
 40
1.5
  1
-F25
  7
GYM
 72
1
 11
229.0
 21
141.8
 31
0.0
100
AcDbText
 73
2
  0
TEXT
  5
1171
330
FDD
100
AcDbEntity
 67
1
  8
E-SEMA-YAZI
100
AcDbText
 10
246.0
 20
141.8
 30
0.0
 40
1.5
  1
1
  7
GYM
 72
1
 11
246.0
 21
141.8
 31
0.0
100
AcDbText
 73
2
  0
TEXT
  5
1172
330
FDD
100
AcDbEntity
 67
1
  8
E-SEMA-YAZI
100
AcDbText
 10
256.0
 20
141.8
 30
0.0
 40
1.5
  1
Y4 16A C
  7
GYM
 11
256.0
 21
141.8
 31
0.0
100
AcDbText
 73
2
  0
TEXT
  5
1173
330
FDD
100
AcDbEntity
 67
1
  8
E-SEMA-YAZI
100
AcDbText
 10
213.0
 20
138.2
 30
0.0
 40
1.5
  1
R4
  7
GYM
 72
1
 11
213.0
 21
138.2
 31
0.0
100
AcDbText
 73
2
  0
TEXT
  5
1174
330
FDD
100
AcDbEntity
 67
1
  8
E-SEMA-YAZI
100
AcDbText
 10
229.0
 20
138.2
 30
0.0
 40
1.5
  1
-F26
  7
GYM
 72
1
 11
229.0
 21
138.2
 31
0.0
100
AcDbText
 73
2
  0
TEXT
  5
1175
330
FDD
100
AcDbEntity
 67
1
  8
E-SEMA-YAZI
100
AcDbText
 10
246.0
 20
138.2
 30
0.0
 40
1.5
  1
3
  7
GYM
 72
1
 11
246.0
 21
138.2
 31
0.0
100
AcDbText
 73
2
  0
TEXT
  5
1176
330
FDD
100
AcDbEntity
 67
1
  8
E-SEMA-YAZI
100
AcDbText
 10
256.0
 20
138.2
 30
0.0
 40
1.5
  1
Z2 6A C
  7
GYM
 11
256.0
 21
138.2
 31
0.0
100
AcDbText
 73
2
  0
ENDBLK
  5
FDF
330
FDD
100
AcDbEntity
  8
0
100
AcDbBlockEnd
  0
BLOCK
  5
1178
330
1177
100
AcDbEntity
  8
0
100
AcDbBlockBegin
  2
*Paper_Space10
 70
0
 10
0.0
 20
0.0
 30
0.0
  3
*Paper_Space10
  1

  0
VIEWPORT
  5
117B
330
1177
100
AcDbEntity
 67
1
  8
VIEWPORTS
100
AcDbViewport
 10
210.0
 20
148.5
 30
0.0
 40
462.00000000000006
 41
326.70000000000005
 68
1
 69
1
 12
210.0
 22
148.5
 13
0.0
 23
0.0
 14
10.0
 24
10.0
 15
10.0
 25
10.0
 16
0.0
 26
0.0
 36
1.0
 17
0.0
 27
0.0
 37
0.0
 42
50.0
 43
0.0
 44
0.0
 45
326.70000000000005
 50
0.0
 51
0.0
 72
100
 90
557088
  1

281
0
 71
0
 74
0
110
0.0
120
0.0
130
0.0
111
1.0
121
0.0
131
0.0
112
0.0
122
1.0
132
0.0
 79
0
146
0.0
282
0
  0
LWPOLYLINE
  5
117C
330
1177
100
AcDbEntity
 67
1
  8
E-SEMA-ANTET
370
70
100
AcDbPolyline
 90
4
 70
1
 10
20.0
 20
10.0
 10
410.0
 20
10.0
 10
410.0
 20
287.0
 10
20.0
 20
287.0
  0
LWPOLYLINE
  5
117D
330
1177
100
AcDbEntity
 67
1
  8
E-SEMA-ZON
370
18
100
AcDbPolyline
 90
4
 70
1
 10
25.0
 20
32.0
 10
405.0
 20
32.0
 10
405.0
 20
282.0
 10
25.0
 20
282.0
  0
TEXT
  5
117E
330
1177
100
AcDbEntity
 67
1
  8
E-SEMA-ZON
100
AcDbText
 10
48.75
 20
284.5
 30
0.0
 40
2.2
  1
0
  7
GYM
 72
1
 11
48.75
 21
284.5
 31
0.0
100
AcDbText
 73
2
  0
LINE
  5
117F
330
1177
100
AcDbEntity
 67
1
  8
E-SEMA-ZON
370
18
100
AcDbLine
 10
72.5
 20
282.0
 30
0.0
 11
72.5
 21
287.0
 31
0.0
  0
LINE
  5
1180
330
1177
100
AcDbEntity
 67
1
  8
E-SEMA-ZON
370
18
100
AcDbLine
 10
72.5
 20
32.0
 30
0.0
 11
72.5
 21
32.0
 31
0.0
  0
TEXT
  5
1181
330
1177
100
AcDbEntity
 67
1
  8
E-SEMA-ZON
100
AcDbText
 10
96.25
 20
284.5
 30
0.0
 40
2.2
  1
1
  7
GYM
 72
1
 11
96.25
 21
284.5
 31
0.0
100
AcDbText
 73
2
  0
LINE
  5
1182
330
1177
100
AcDbEntity
 67
1
  8
E-SEMA-ZON
370
18
100
AcDbLine
 10
120.0
 20
282.0
 30
0.0
 11
120.0
 21
287.0
 31
0.0
  0
LINE
  5
1183
330
1177
100
AcDbEntity
 67
1
  8
E-SEMA-ZON
370
18
100
AcDbLine
 10
120.0
 20
32.0
 30
0.0
 11
120.0
 21
32.0
 31
0.0
  0
TEXT
  5
1184
330
1177
100
AcDbEntity
 67
1
  8
E-SEMA-ZON
100
AcDbText
 10
143.75
 20
284.5
 30
0.0
 40
2.2
  1
2
  7
GYM
 72
1
 11
143.75
 21
284.5
 31
0.0
100
AcDbText
 73
2
  0
LINE
  5
1185
330
1177
100
AcDbEntity
 67
1
  8
E-SEMA-ZON
370
18
100
AcDbLine
 10
167.5
 20
282.0
 30
0.0
 11
167.5
 21
287.0
 31
0.0
  0
LINE
  5
1186
330
1177
100
AcDbEntity
 67
1
  8
E-SEMA-ZON
370
18
100
AcDbLine
 10
167.5
 20
32.0
 30
0.0
 11
167.5
 21
32.0
 31
0.0
  0
TEXT
  5
1187
330
1177
100
AcDbEntity
 67
1
  8
E-SEMA-ZON
100
AcDbText
 10
191.25
 20
284.5
 30
0.0
 40
2.2
  1
3
  7
GYM
 72
1
 11
191.25
 21
284.5
 31
0.0
100
AcDbText
 73
2
  0
LINE
  5
1188
330
1177
100
AcDbEntity
 67
1
  8
E-SEMA-ZON
370
18
100
AcDbLine
 10
215.0
 20
282.0
 30
0.0
 11
215.0
 21
287.0
 31
0.0
  0
LINE
  5
1189
330
1177
100
AcDbEntity
 67
1
  8
E-SEMA-ZON
370
18
100
AcDbLine
 10
215.0
 20
32.0
 30
0.0
 11
215.0
 21
32.0
 31
0.0
  0
TEXT
  5
118A
330
1177
100
AcDbEntity
 67
1
  8
E-SEMA-ZON
100
AcDbText
 10
238.75
 20
284.5
 30
0.0
 40
2.2
  1
4
  7
GYM
 72
1
 11
238.75
 21
284.5
 31
0.0
100
AcDbText
 73
2
  0
LINE
  5
118B
330
1177
100
AcDbEntity
 67
1
  8
E-SEMA-ZON
370
18
100
AcDbLine
 10
262.5
 20
282.0
 30
0.0
 11
262.5
 21
287.0
 31
0.0
  0
LINE
  5
118C
330
1177
100
AcDbEntity
 67
1
  8
E-SEMA-ZON
370
18
100
AcDbLine
 10
262.5
 20
32.0
 30
0.0
 11
262.5
 21
32.0
 31
0.0
  0
TEXT
  5
118D
330
1177
100
AcDbEntity
 67
1
  8
E-SEMA-ZON
100
AcDbText
 10
286.25
 20
284.5
 30
0.0
 40
2.2
  1
5
  7
GYM
 72
1
 11
286.25
 21
284.5
 31
0.0
100
AcDbText
 73
2
  0
LINE
  5
118E
330
1177
100
AcDbEntity
 67
1
  8
E-SEMA-ZON
370
18
100
AcDbLine
 10
310.0
 20
282.0
 30
0.0
 11
310.0
 21
287.0
 31
0.0
  0
LINE
  5
118F
330
1177
100
AcDbEntity
 67
1
  8
E-SEMA-ZON
370
18
100
AcDbLine
 10
310.0
 20
32.0
 30
0.0
 11
310.0
 21
32.0
 31
0.0
  0
TEXT
  5
1190
330
1177
100
AcDbEntity
 67
1
  8
E-SEMA-ZON
100
AcDbText
 10
333.75
 20
284.5
 30
0.0
 40
2.2
  1
6
  7
GYM
 72
1
 11
333.75
 21
284.5
 31
0.0
100
AcDbText
 73
2
  0
LINE
  5
1191
330
1177
100
AcDbEntity
 67
1
  8
E-SEMA-ZON
370
18
100
AcDbLine
 10
357.5
 20
282.0
 30
0.0
 11
357.5
 21
287.0
 31
0.0
  0
LINE
  5
1192
330
1177
100
AcDbEntity
 67
1
  8
E-SEMA-ZON
370
18
100
AcDbLine
 10
357.5
 20
32.0
 30
0.0
 11
357.5
 21
32.0
 31
0.0
  0
TEXT
  5
1193
330
1177
100
AcDbEntity
 67
1
  8
E-SEMA-ZON
100
AcDbText
 10
381.25
 20
284.5
 30
0.0
 40
2.2
  1
7
  7
GYM
 72
1
 11
381.25
 21
284.5
 31
0.0
100
AcDbText
 73
2
  0
TEXT
  5
1194
330
1177
100
AcDbEntity
 67
1
  8
E-SEMA-ZON
100
AcDbText
 10
22.5
 20
261.1666666666667
 30
0.0
 40
2.2
  1
A
  7
GYM
 72
1
 11
22.5
 21
261.1666666666667
 31
0.0
100
AcDbText
 73
2
  0
TEXT
  5
1195
330
1177
100
AcDbEntity
 67
1
  8
E-SEMA-ZON
100
AcDbText
 10
407.5
 20
261.1666666666667
 30
0.0
 40
2.2
  1
A
  7
GYM
 72
1
 11
407.5
 21
261.1666666666667
 31
0.0
100
AcDbText
 73
2
  0
LINE
  5
1196
330
1177
100
AcDbEntity
 67
1
  8
E-SEMA-ZON
370
18
100
AcDbLine
 10
20.0
 20
240.33333333333334
 30
0.0
 11
25.0
 21
240.33333333333334
 31
0.0
  0
LINE
  5
1197
330
1177
100
AcDbEntity
 67
1
  8
E-SEMA-ZON
370
18
100
AcDbLine
 10
405.0
 20
240.33333333333334
 30
0.0
 11
410.0
 21
240.33333333333334
 31
0.0
  0
TEXT
  5
1198
330
1177
100
AcDbEntity
 67
1
  8
E-SEMA-ZON
100
AcDbText
 10
22.5
 20
219.50000000000003
 30
0.0
 40
2.2
  1
B
  7
GYM
 72
1
 11
22.5
 21
219.50000000000003
 31
0.0
100
AcDbText
 73
2
  0
TEXT
  5
1199
330
1177
100
AcDbEntity
 67
1
  8
E-SEMA-ZON
100
AcDbText
 10
407.5
 20
219.50000000000003
 30
0.0
 40
2.2
  1
B
  7
GYM
 72
1
 11
407.5
 21
219.50000000000003
 31
0.0
100
AcDbText
 73
2
  0
LINE
  5
119A
330
1177
100
AcDbEntity
 67
1
  8
E-SEMA-ZON
370
18
100
AcDbLine
 10
20.0
 20
198.66666666666666
 30
0.0
 11
25.0
 21
198.66666666666666
 31
0.0
  0
LINE
  5
119B
330
1177
100
AcDbEntity
 67
1
  8
E-SEMA-ZON
370
18
100
AcDbLine
 10
405.0
 20
198.66666666666666
 30
0.0
 11
410.0
 21
198.66666666666666
 31
0.0
  0
TEXT
  5
119C
330
1177
100
AcDbEntity
 67
1
  8
E-SEMA-ZON
100
AcDbText
 10
22.5
 20
177.83333333333334
 30
0.0
 40
2.2
  1
C
  7
GYM
 72
1
 11
22.5
 21
177.83333333333334
 31
0.0
100
AcDbText
 73
2
  0
TEXT
  5
119D
330
1177
100
AcDbEntity
 67
1
  8
E-SEMA-ZON
100
AcDbText
 10
407.5
 20
177.83333333333334
 30
0.0
 40
2.2
  1
C
  7
GYM
 72
1
 11
407.5
 21
177.83333333333334
 31
0.0
100
AcDbText
 73
2
  0
LINE
  5
119E
330
1177
100
AcDbEntity
 67
1
  8
E-SEMA-ZON
370
18
100
AcDbLine
 10
20.0
 20
157.0
 30
0.0
 11
25.0
 21
157.0
 31
0.0
  0
LINE
  5
119F
330
1177
100
AcDbEntity
 67
1
  8
E-SEMA-ZON
370
18
100
AcDbLine
 10
405.0
 20
157.0
 30
0.0
 11
410.0
 21
157.0
 31
0.0
  0
TEXT
  5
11A0
330
1177
100
AcDbEntity
 67
1
  8
E-SEMA-ZON
100
AcDbText
 10
22.5
 20
136.16666666666669
 30
0.0
 40
2.2
  1
D
  7
GYM
 72
1
 11
22.5
 21
136.16666666666669
 31
0.0
100
AcDbText
 73
2
  0
TEXT
  5
11A1
330
1177
100
AcDbEntity
 67
1
  8
E-SEMA-ZON
100
AcDbText
 10
407.5
 20
136.16666666666669
 30
0.0
 40
2.2
  1
D
  7
GYM
 72
1
 11
407.5
 21
136.16666666666669
 31
0.0
100
AcDbText
 73
2
  0
LINE
  5
11A2
330
1177
100
AcDbEntity
 67
1
  8
E-SEMA-ZON
370
18
100
AcDbLine
 10
20.0
 20
115.33333333333334
 30
0.0
 11
25.0
 21
115.33333333333334
 31
0.0
  0
LINE
  5
11A3
330
1177
100
AcDbEntity
 67
1
  8
E-SEMA-ZON
370
18
100
AcDbLine
 10
405.0
 20
115.33333333333334
 30
0.0
 11
410.0
 21
115.33333333333334
 31
0.0
  0
TEXT
  5
11A4
330
1177
100
AcDbEntity
 67
1
  8
E-SEMA-ZON
100
AcDbText
 10
22.5
 20
94.50000000000001
 30
0.0
 40
2.2
  1
E
  7
GYM
 72
1
 11
22.5
 21
94.50000000000001
 31
0.0
100
AcDbText
 73
2
  0
TEXT
  5
11A5
330
1177
100
AcDbEntity
 67
1
  8
E-SEMA-ZON
100
AcDbText
 10
407.5
 20
94.50000000000001
 30
0.0
 40
2.2
  1
E
  7
GYM
 72
1
 11
407.5
 21
94.50000000000001
 31
0.0
100
AcDbText
 73
2
  0
LINE
  5
11A6
330
1177
100
AcDbEntity
 67
1
  8
E-SEMA-ZON
370
18
100
AcDbLine
 10
20.0
 20
73.66666666666666
 30
0.0
 11
25.0
 21
73.66666666666666
 31
0.0
  0
LINE
  5
11A7
330
1177
100
AcDbEntity
 67
1
  8
E-SEMA-ZON
370
18
100
AcDbLine
 10
405.0
 20
73.66666666666666
 30
0.0
 11
410.0
 21
73.66666666666666
 31
0.0
  0
TEXT
  5
11A8
330
1177
100
AcDbEntity
 67
1
  8
E-SEMA-ZON
100
AcDbText
 10
22.5
 20
52.83333333333333
 30
0.0
 40
2.2
  1
F
  7
GYM
 72
1
 11
22.5
 21
52.83333333333333
 31
0.0
100
AcDbText
 73
2
  0
TEXT
  5
11A9
330
1177
100
AcDbEntity
 67
1
  8
E-SEMA-ZON
100
AcDbText
 10
407.5
 20
52.83333333333333
 30
0.0
 40
2.2
  1
F
  7
GYM
 72
1
 11
407.5
 21
52.83333333333333
 31
0.0
100
AcDbText
 73
2
  0
LWPOLYLINE
  5
11AA
330
1177
100
AcDbEntity
 67
1
  8
E-SEMA-ANTET
370
50
100
AcDbPolyline
 90
4
 70
1
 10
20.0
 20
10.0
 10
410.0
 20
10.0
 10
410.0
 20
32.0
 10
20.0
 20
32.0
  0
LINE
  5
11AB
330
1177
100
AcDbEntity
 67
1
  8
E-SEMA-ANTET
370
18
100
AcDbLine
 10
20.0
 20
15.5
 30
0.0
 11
410.0
 21
15.5
 31
0.0
  0
LINE
  5
11AC
330
1177
100
AcDbEntity
 67
1
  8
E-SEMA-ANTET
370
18
100
AcDbLine
 10
20.0
 20
21.0
 30
0.0
 11
410.0
 21
21.0
 31
0.0
  0
LINE
  5
11AD
330
1177
100
AcDbEntity
 67
1
  8
E-SEMA-ANTET
370
18
100
AcDbLine
 10
20.0
 20
26.5
 30
0.0
 11
410.0
 21
26.5
 31
0.0
  0
LINE
  5
11AE
330
1177
100
AcDbEntity
 67
1
  8
E-SEMA-ANTET
370
18
100
AcDbLine
 10
64.0
 20
10.0
 30
0.0
 11
64.0
 21
32.0
 31
0.0
  0
LINE
  5
11AF
330
1177
100
AcDbEntity
 67
1
  8
E-SEMA-ANTET
370
18
100
AcDbLine
 10
96.0
 20
10.0
 30
0.0
 11
96.0
 21
32.0
 31
0.0
  0
LINE
  5
11B0
330
1177
100
AcDbEntity
 67
1
  8
E-SEMA-ANTET
370
18
100
AcDbLine
 10
282.0
 20
10.0
 30
0.0
 11
282.0
 21
32.0
 31
0.0
  0
LINE
  5
11B1
330
1177
100
AcDbEntity
 67
1
  8
E-SEMA-ANTET
370
18
100
AcDbLine
 10
316.0
 20
10.0
 30
0.0
 11
316.0
 21
32.0
 31
0.0
  0
LINE
  5
11B2
330
1177
100
AcDbEntity
 67
1
  8
E-SEMA-ANTET
370
18
100
AcDbLine
 10
356.0
 20
10.0
 30
0.0
 11
356.0
 21
32.0
 31
0.0
  0
TEXT
  5
11B3
330
1177
100
AcDbEntity
 67
1
  8
E-SEMA-ANTET
100
AcDbText
 10
20.8
 20
30.2
 30
0.0
 40
1.5
  1
Drawn By /
  7
GYM
 11
20.8
 21
30.2
 31
0.0
100
AcDbText
 73
2
  0
TEXT
  5
11B4
330
1177
100
AcDbEntity
 67
1
  8
E-SEMA-ANTET
100
AcDbText
 10
20.8
 20
28.3
 30
0.0
 40
1.5
  1
Çizen
  7
GYM
 11
20.8
 21
28.3
 31
0.0
100
AcDbText
 73
2
  0
TEXT
  5
11B5
330
1177
100
AcDbEntity
 67
1
  8
E-SEMA-ANTET
100
AcDbText
 10
62.4
 20
29.25
 30
0.0
 40
1.8
  1
CC
  7
GYM
 72
2
 11
62.4
 21
29.25
 31
0.0
100
AcDbText
 73
2
  0
TEXT
  5
11B6
330
1177
100
AcDbEntity
 67
1
  8
E-SEMA-ANTET
100
AcDbText
 10
20.8
 20
24.7
 30
0.0
 40
1.5
  1
Checked By /
  7
GYM
 11
20.8
 21
24.7
 31
0.0
100
AcDbText
 73
2
  0
TEXT
  5
11B7
330
1177
100
AcDbEntity
 67
1
  8
E-SEMA-ANTET
100
AcDbText
 10
20.8
 20
22.8
 30
0.0
 40
1.5
  1
Kontrol Eden
  7
GYM
 11
20.8
 21
22.8
 31
0.0
100
AcDbText
 73
2
  0
TEXT
  5
11B8
330
1177
100
AcDbEntity
 67
1
  8
E-SEMA-ANTET
100
AcDbText
 10
62.4
 20
23.75
 30
0.0
 40
1.8
  1
—
  7
GYM
 72
2
 11
62.4
 21
23.75
 31
0.0
100
AcDbText
 73
2
  0
TEXT
  5
11B9
330
1177
100
AcDbEntity
 67
1
  8
E-SEMA-ANTET
100
AcDbText
 10
20.8
 20
19.2
 30
0.0
 40
1.5
  1
Approved By /
  7
GYM
 11
20.8
 21
19.2
 31
0.0
100
AcDbText
 73
2
  0
TEXT
  5
11BA
330
1177
100
AcDbEntity
 67
1
  8
E-SEMA-ANTET
100
AcDbText
 10
20.8
 20
17.3
 30
0.0
 40
1.5
  1
Onaylayan
  7
GYM
 11
20.8
 21
17.3
 31
0.0
100
AcDbText
 73
2
  0
TEXT
  5
11BB
330
1177
100
AcDbEntity
 67
1
  8
E-SEMA-ANTET
100
AcDbText
 10
62.4
 20
18.25
 30
0.0
 40
1.8
  1
—
  7
GYM
 72
2
 11
62.4
 21
18.25
 31
0.0
100
AcDbText
 73
2
  0
TEXT
  5
11BC
330
1177
100
AcDbEntity
 67
1
  8
E-SEMA-ANTET
100
AcDbText
 10
20.8
 20
13.7
 30
0.0
 40
1.5
  1
Project Date /
  7
GYM
 11
20.8
 21
13.7
 31
0.0
100
AcDbText
 73
2
  0
TEXT
  5
11BD
330
1177
100
AcDbEntity
 67
1
  8
E-SEMA-ANTET
100
AcDbText
 10
20.8
 20
11.8
 30
0.0
 40
1.5
  1
Proje Tarihi
  7
GYM
 11
20.8
 21
11.8
 31
0.0
100
AcDbText
 73
2
  0
TEXT
  5
11BE
330
1177
100
AcDbEntity
 67
1
  8
E-SEMA-ANTET
100
AcDbText
 10
62.4
 20
12.75
 30
0.0
 40
1.8
  1
17 Eylül 2026
  7
GYM
 72
2
 11
62.4
 21
12.75
 31
0.0
100
AcDbText
 73
2
  0
TEXT
  5
11BF
330
1177
100
AcDbEntity
 67
1
  8
E-SEMA-ANTET
100
AcDbText
 10
64.8
 20
30.2
 30
0.0
 40
1.5
  1
Customer Name /
  7
GYM
 11
64.8
 21
30.2
 31
0.0
100
AcDbText
 73
2
  0
TEXT
  5
11C0
330
1177
100
AcDbEntity
 67
1
  8
E-SEMA-ANTET
100
AcDbText
 10
64.8
 20
28.3
 30
0.0
 40
1.5
  1
Müşteri Adı
  7
GYM
 11
64.8
 21
28.3
 31
0.0
100
AcDbText
 73
2
  0
TEXT
  5
11C1
330
1177
100
AcDbEntity
 67
1
  8
E-SEMA-ANTET
100
AcDbText
 10
97.2
 20
29.25
 30
0.0
 40
2.2
  1
ÖZEL — MALTEPE / İDEALTEPE
  7
GYM
 11
97.2
 21
29.25
 31
0.0
100
AcDbText
 73
2
  0
TEXT
  5
11C2
330
1177
100
AcDbEntity
 67
1
  8
E-SEMA-ANTET
100
AcDbText
 10
64.8
 20
24.7
 30
0.0
 40
1.5
  1
Project Description /
  7
GYM
 11
64.8
 21
24.7
 31
0.0
100
AcDbText
 73
2
  0
TEXT
  5
11C3
330
1177
100
AcDbEntity
 67
1
  8
E-SEMA-ANTET
100
AcDbText
 10
64.8
 20
22.8
 30
0.0
 40
1.5
  1
Proje Açıklaması
  7
GYM
 11
64.8
 21
22.8
 31
0.0
100
AcDbText
 73
2
  0
TEXT
  5
11C4
330
1177
100
AcDbEntity
 67
1
  8
E-SEMA-ANTET
100
AcDbText
 10
97.2
 20
23.75
 30
0.0
 40
2.2
  1
MOBİLYA MAĞAZASI → FONKSİYONEL ANTRENMAN STÜDYOSU
  7
GYM
 11
97.2
 21
23.75
 31
0.0
100
AcDbText
 73
2
  0
TEXT
  5
11C5
330
1177
100
AcDbEntity
 67
1
  8
E-SEMA-ANTET
100
AcDbText
 10
64.8
 20
19.2
 30
0.0
 40
1.5
  1
Panel Name /
  7
GYM
 11
64.8
 21
19.2
 31
0.0
100
AcDbText
 73
2
  0
TEXT
  5
11C6
330
1177
100
AcDbEntity
 67
1
  8
E-SEMA-ANTET
100
AcDbText
 10
64.8
 20
17.3
 30
0.0
 40
1.5
  1
Pano Adı
  7
GYM
 11
64.8
 21
17.3
 31
0.0
100
AcDbText
 73
2
  0
TEXT
  5
11C7
330
1177
100
AcDbEntity
 67
1
  8
E-SEMA-ANTET
100
AcDbText
 10
97.2
 20
18.25
 30
0.0
 40
2.2
  1
ADP
  7
GYM
 11
97.2
 21
18.25
 31
0.0
100
AcDbText
 73
2
  0
TEXT
  5
11C8
330
1177
100
AcDbEntity
 67
1
  8
E-SEMA-ANTET
100
AcDbText
 10
64.8
 20
13.7
 30
0.0
 40
1.5
  1
Page Description /
  7
GYM
 11
64.8
 21
13.7
 31
0.0
100
AcDbText
 73
2
  0
TEXT
  5
11C9
330
1177
100
AcDbEntity
 67
1
  8
E-SEMA-ANTET
100
AcDbText
 10
64.8
 20
11.8
 30
0.0
 40
1.5
  1
Sayfa Açıklaması
  7
GYM
 11
64.8
 21
11.8
 31
0.0
100
AcDbText
 73
2
  0
TEXT
  5
11CA
330
1177
100
AcDbEntity
 67
1
  8
E-SEMA-ANTET
100
AcDbText
 10
97.2
 20
12.75
 30
0.0
 40
2.2
  1
Load Schedule / Yükleme Cetveli
  7
GYM
 11
97.2
 21
12.75
 31
0.0
100
AcDbText
 73
2
  0
TEXT
  5
11CB
330
1177
100
AcDbEntity
 67
1
  8
E-SEMA-ANTET
100
AcDbText
 10
282.8
 20
30.2
 30
0.0
 40
1.5
  1
Project Number /
  7
GYM
 11
282.8
 21
30.2
 31
0.0
100
AcDbText
 73
2
  0
TEXT
  5
11CC
330
1177
100
AcDbEntity
 67
1
  8
E-SEMA-ANTET
100
AcDbText
 10
282.8
 20
28.3
 30
0.0
 40
1.5
  1
Proje Numarası
  7
GYM
 11
282.8
 21
28.3
 31
0.0
100
AcDbText
 73
2
  0
TEXT
  5
11CD
330
1177
100
AcDbEntity
 67
1
  8
E-SEMA-ANTET
100
AcDbText
 10
317.2
 20
29.25
 30
0.0
 40
2.8
  1
GYM-25-001-001
  7
GYM-B
 11
317.2
 21
29.25
 31
0.0
100
AcDbText
 73
2
  0
TEXT
  5
11CE
330
1177
100
AcDbEntity
 67
1
  8
E-SEMA-ANTET
100
AcDbText
 10
282.8
 20
19.2
 30
0.0
 40
1.5
  1
Revision /
  7
GYM
 11
282.8
 21
19.2
 31
0.0
100
AcDbText
 73
2
  0
TEXT
  5
11CF
330
1177
100
AcDbEntity
 67
1
  8
E-SEMA-ANTET
100
AcDbText
 10
282.8
 20
17.3
 30
0.0
 40
1.5
  1
Revizyon
  7
GYM
 11
282.8
 21
17.3
 31
0.0
100
AcDbText
 73
2
  0
TEXT
  5
11D0
330
1177
100
AcDbEntity
 67
1
  8
E-SEMA-ANTET
100
AcDbText
 10
317.2
 20
18.25
 30
0.0
 40
2.2
  1
Rev H
  7
GYM
 11
317.2
 21
18.25
 31
0.0
100
AcDbText
 73
2
  0
TEXT
  5
11D1
330
1177
100
AcDbEntity
 67
1
  8
E-SEMA-ANTET
100
AcDbText
 10
282.8
 20
13.7
 30
0.0
 40
1.5
  1
Standards /
  7
GYM
 11
282.8
 21
13.7
 31
0.0
100
AcDbText
 73
2
  0
TEXT
  5
11D2
330
1177
100
AcDbEntity
 67
1
  8
E-SEMA-ANTET
100
AcDbText
 10
282.8
 20
11.8
 30
0.0
 40
1.5
  1
Standartlar
  7
GYM
 11
282.8
 21
11.8
 31
0.0
100
AcDbText
 73
2
  0
TEXT
  5
11D3
330
1177
100
AcDbEntity
 67
1
  8
E-SEMA-ANTET
100
AcDbText
 10
317.2
 20
12.75
 30
0.0
 40
1.5
  1
IEC 61439-1&2 · IEC 60617
  7
GYM
 11
317.2
 21
12.75
 31
0.0
100
AcDbText
 73
2
  0
TEXT
  5
11D4
330
1177
100
AcDbEntity
 67
1
  8
E-SEMA-ANTET
100
AcDbText
 10
357.2
 20
30.25
 30
0.0
 40
1.5
  1
Sheet: /
  7
GYM
 11
357.2
 21
30.25
 31
0.0
100
AcDbText
 73
2
  0
TEXT
  5
11D5
330
1177
100
AcDbEntity
 67
1
  8
E-SEMA-ANTET
100
AcDbText
 10
357.2
 20
27.85
 30
0.0
 40
1.5
  1
Sayfa
  7
GYM
 11
357.2
 21
27.85
 31
0.0
100
AcDbText
 73
2
  0
TEXT
  5
11D6
330
1177
100
AcDbEntity
 67
1
  8
E-SEMA-ANTET
100
AcDbText
 10
408.0
 20
29.25
 30
0.0
 40
2.8
  1
11
  7
GYM-B
 72
2
 11
408.0
 21
29.25
 31
0.0
100
AcDbText
 73
2
  0
TEXT
  5
11D7
330
1177
100
AcDbEntity
 67
1
  8
E-SEMA-ANTET
100
AcDbText
 10
357.2
 20
24.75
 30
0.0
 40
1.5
  1
Next sheet: /
  7
GYM
 11
357.2
 21
24.75
 31
0.0
100
AcDbText
 73
2
  0
TEXT
  5
11D8
330
1177
100
AcDbEntity
 67
1
  8
E-SEMA-ANTET
100
AcDbText
 10
357.2
 20
22.35
 30
0.0
 40
1.5
  1
Sonraki
  7
GYM
 11
357.2
 21
22.35
 31
0.0
100
AcDbText
 73
2
  0
TEXT
  5
11D9
330
1177
100
AcDbEntity
 67
1
  8
E-SEMA-ANTET
100
AcDbText
 10
408.0
 20
23.75
 30
0.0
 40
2.8
  1
12
  7
GYM-B
 72
2
 11
408.0
 21
23.75
 31
0.0
100
AcDbText
 73
2
  0
TEXT
  5
11DA
330
1177
100
AcDbEntity
 67
1
  8
E-SEMA-ANTET
100
AcDbText
 10
357.2
 20
19.25
 30
0.0
 40
1.5
  1
Total sheets: /
  7
GYM
 11
357.2
 21
19.25
 31
0.0
100
AcDbText
 73
2
  0
TEXT
  5
11DB
330
1177
100
AcDbEntity
 67
1
  8
E-SEMA-ANTET
100
AcDbText
 10
357.2
 20
16.85
 30
0.0
 40
1.5
  1
Toplam
  7
GYM
 11
357.2
 21
16.85
 31
0.0
100
AcDbText
 73
2
  0
TEXT
  5
11DC
330
1177
100
AcDbEntity
 67
1
  8
E-SEMA-ANTET
100
AcDbText
 10
408.0
 20
18.25
 30
0.0
 40
2.8
  1
12
  7
GYM-B
 72
2
 11
408.0
 21
18.25
 31
0.0
100
AcDbText
 73
2
  0
TEXT
  5
11DD
330
1177
100
AcDbEntity
 67
1
  8
E-SEMA-ANTET
100
AcDbText
 10
357.2
 20
13.75
 30
0.0
 40
1.5
  1
Sheet size /
  7
GYM
 11
357.2
 21
13.75
 31
0.0
100
AcDbText
 73
2
  0
TEXT
  5
11DE
330
1177
100
AcDbEntity
 67
1
  8
E-SEMA-ANTET
100
AcDbText
 10
357.2
 20
11.35
 30
0.0
 40
1.5
  1
Kâğıt
  7
GYM
 11
357.2
 21
11.35
 31
0.0
100
AcDbText
 73
2
  0
TEXT
  5
11DF
330
1177
100
AcDbEntity
 67
1
  8
E-SEMA-ANTET
100
AcDbText
 10
408.0
 20
12.75
 30
0.0
 40
2.8
  1
A3
  7
GYM-B
 72
2
 11
408.0
 21
12.75
 31
0.0
100
AcDbText
 73
2
  0
TEXT
  5
11E0
330
1177
100
AcDbEntity
 67
1
  8
E-SEMA-YAZI
100
AcDbText
 10
31.0
 20
272.0
 30
0.0
 40
4.0
  1
ADP YÜKLEME CETVELİ / LOAD SCHEDULE
  7
GYM-B
 11
31.0
 21
272.0
 31
0.0
100
AcDbText
 73
2
  0
TEXT
  5
11E1
330
1177
100
AcDbEntity
 67
1
  8
E-SEMA-YAZI
100
AcDbText
 10
31.0
 20
266.0
 30
0.0
 40
1.8
  1
Grup kaçak akım röleleri ve kapsadıkları linyeler ayrı sütunda gösterilmiştir.
  7
GYM
 11
31.0
 21
266.0
 31
0.0
100
AcDbText
 73
2
  0
LWPOLYLINE
  5
11E2
330
1177
100
AcDbEntity
 67
1
  8
E-SEMA-ANTET
370
50
100
AcDbPolyline
 90
4
 70
1
 10
31.0
 20
110.80000000000001
 10
295.0
 20
110.80000000000001
 10
295.0
 20
262.0
 10
31.0
 20
262.0
  0
LINE
  5
11E3
330
1177
100
AcDbEntity
 67
1
  8
E-SEMA-ANTET
370
13
100
AcDbLine
 10
31.0
 20
256.4
 30
0.0
 11
295.0
 21
256.4
 31
0.0
  0
LINE
  5
11E4
330
1177
100
AcDbEntity
 67
1
  8
E-SEMA-ANTET
370
13
100
AcDbLine
 10
31.0
 20
250.8
 30
0.0
 11
295.0
 21
250.8
 31
0.0
  0
LINE
  5
11E5
330
1177
100
AcDbEntity
 67
1
  8
E-SEMA-ANTET
370
13
100
AcDbLine
 10
31.0
 20
245.2
 30
0.0
 11
295.0
 21
245.2
 31
0.0
  0
LINE
  5
11E6
330
1177
100
AcDbEntity
 67
1
  8
E-SEMA-ANTET
370
13
100
AcDbLine
 10
31.0
 20
239.6
 30
0.0
 11
295.0
 21
239.6
 31
0.0
  0
LINE
  5
11E7
330
1177
100
AcDbEntity
 67
1
  8
E-SEMA-ANTET
370
13
100
AcDbLine
 10
31.0
 20
234.0
 30
0.0
 11
295.0
 21
234.0
 31
0.0
  0
LINE
  5
11E8
330
1177
100
AcDbEntity
 67
1
  8
E-SEMA-ANTET
370
13
100
AcDbLine
 10
31.0
 20
228.4
 30
0.0
 11
295.0
 21
228.4
 31
0.0
  0
LINE
  5
11E9
330
1177
100
AcDbEntity
 67
1
  8
E-SEMA-ANTET
370
13
100
AcDbLine
 10
31.0
 20
222.8
 30
0.0
 11
295.0
 21
222.8
 31
0.0
  0
LINE
  5
11EA
330
1177
100
AcDbEntity
 67
1
  8
E-SEMA-ANTET
370
13
100
AcDbLine
 10
31.0
 20
217.2
 30
0.0
 11
295.0
 21
217.2
 31
0.0
  0
LINE
  5
11EB
330
1177
100
AcDbEntity
 67
1
  8
E-SEMA-ANTET
370
13
100
AcDbLine
 10
31.0
 20
211.6
 30
0.0
 11
295.0
 21
211.6
 31
0.0
  0
LINE
  5
11EC
330
1177
100
AcDbEntity
 67
1
  8
E-SEMA-ANTET
370
13
100
AcDbLine
 10
31.0
 20
206.0
 30
0.0
 11
295.0
 21
206.0
 31
0.0
  0
LINE
  5
11ED
330
1177
100
AcDbEntity
 67
1
  8
E-SEMA-ANTET
370
13
100
AcDbLine
 10
31.0
 20
200.4
 30
0.0
 11
295.0
 21
200.4
 31
0.0
  0
LINE
  5
11EE
330
1177
100
AcDbEntity
 67
1
  8
E-SEMA-ANTET
370
13
100
AcDbLine
 10
31.0
 20
194.8
 30
0.0
 11
295.0
 21
194.8
 31
0.0
  0
LINE
  5
11EF
330
1177
100
AcDbEntity
 67
1
  8
E-SEMA-ANTET
370
13
100
AcDbLine
 10
31.0
 20
189.2
 30
0.0
 11
295.0
 21
189.2
 31
0.0
  0
LINE
  5
11F0
330
1177
100
AcDbEntity
 67
1
  8
E-SEMA-ANTET
370
13
100
AcDbLine
 10
31.0
 20
183.60000000000002
 30
0.0
 11
295.0
 21
183.60000000000002
 31
0.0
  0
LINE
  5
11F1
330
1177
100
AcDbEntity
 67
1
  8
E-SEMA-ANTET
370
13
100
AcDbLine
 10
31.0
 20
178.0
 30
0.0
 11
295.0
 21
178.0
 31
0.0
  0
LINE
  5
11F2
330
1177
100
AcDbEntity
 67
1
  8
E-SEMA-ANTET
370
13
100
AcDbLine
 10
31.0
 20
172.4
 30
0.0
 11
295.0
 21
172.4
 31
0.0
  0
LINE
  5
11F3
330
1177
100
AcDbEntity
 67
1
  8
E-SEMA-ANTET
370
13
100
AcDbLine
 10
31.0
 20
166.8
 30
0.0
 11
295.0
 21
166.8
 31
0.0
  0
LINE
  5
11F4
330
1177
100
AcDbEntity
 67
1
  8
E-SEMA-ANTET
370
13
100
AcDbLine
 10
31.0
 20
161.2
 30
0.0
 11
295.0
 21
161.2
 31
0.0
  0
LINE
  5
11F5
330
1177
100
AcDbEntity
 67
1
  8
E-SEMA-ANTET
370
13
100
AcDbLine
 10
31.0
 20
155.60000000000002
 30
0.0
 11
295.0
 21
155.60000000000002
 31
0.0
  0
LINE
  5
11F6
330
1177
100
AcDbEntity
 67
1
  8
E-SEMA-ANTET
370
13
100
AcDbLine
 10
31.0
 20
150.0
 30
0.0
 11
295.0
 21
150.0
 31
0.0
  0
LINE
  5
11F7
330
1177
100
AcDbEntity
 67
1
  8
E-SEMA-ANTET
370
13
100
AcDbLine
 10
31.0
 20
144.4
 30
0.0
 11
295.0
 21
144.4
 31
0.0
  0
LINE
  5
11F8
330
1177
100
AcDbEntity
 67
1
  8
E-SEMA-ANTET
370
13
100
AcDbLine
 10
31.0
 20
138.8
 30
0.0
 11
295.0
 21
138.8
 31
0.0
  0
LINE
  5
11F9
330
1177
100
AcDbEntity
 67
1
  8
E-SEMA-ANTET
370
13
100
AcDbLine
 10
31.0
 20
133.20000000000002
 30
0.0
 11
295.0
 21
133.20000000000002
 31
0.0
  0
LINE
  5
11FA
330
1177
100
AcDbEntity
 67
1
  8
E-SEMA-ANTET
370
13
100
AcDbLine
 10
31.0
 20
127.60000000000002
 30
0.0
 11
295.0
 21
127.60000000000002
 31
0.0
  0
LINE
  5
11FB
330
1177
100
AcDbEntity
 67
1
  8
E-SEMA-ANTET
370
13
100
AcDbLine
 10
31.0
 20
122.0
 30
0.0
 11
295.0
 21
122.0
 31
0.0
  0
LINE
  5
11FC
330
1177
100
AcDbEntity
 67
1
  8
E-SEMA-ANTET
370
13
100
AcDbLine
 10
31.0
 20
116.4
 30
0.0
 11
295.0
 21
116.4
 31
0.0
  0
LINE
  5
11FD
330
1177
100
AcDbEntity
 67
1
  8
E-SEMA-ANTET
370
13
100
AcDbLine
 10
40.0
 20
110.80000000000001
 30
0.0
 11
40.0
 21
262.0
 31
0.0
  0
LINE
  5
11FE
330
1177
100
AcDbEntity
 67
1
  8
E-SEMA-ANTET
370
13
100
AcDbLine
 10
54.0
 20
110.80000000000001
 30
0.0
 11
54.0
 21
262.0
 31
0.0
  0
LINE
  5
11FF
330
1177
100
AcDbEntity
 67
1
  8
E-SEMA-ANTET
370
13
100
AcDbLine
 10
104.0
 20
110.80000000000001
 30
0.0
 11
104.0
 21
262.0
 31
0.0
  0
LINE
  5
1200
330
1177
100
AcDbEntity
 67
1
  8
E-SEMA-ANTET
370
13
100
AcDbLine
 10
115.0
 20
110.80000000000001
 30
0.0
 11
115.0
 21
262.0
 31
0.0
  0
LINE
  5
1201
330
1177
100
AcDbEntity
 67
1
  8
E-SEMA-ANTET
370
13
100
AcDbLine
 10
137.0
 20
110.80000000000001
 30
0.0
 11
137.0
 21
262.0
 31
0.0
  0
LINE
  5
1202
330
1177
100
AcDbEntity
 67
1
  8
E-SEMA-ANTET
370
13
100
AcDbLine
 10
175.0
 20
110.80000000000001
 30
0.0
 11
175.0
 21
262.0
 31
0.0
  0
LINE
  5
1203
330
1177
100
AcDbEntity
 67
1
  8
E-SEMA-ANTET
370
13
100
AcDbLine
 10
197.0
 20
110.80000000000001
 30
0.0
 11
197.0
 21
262.0
 31
0.0
  0
LINE
  5
1204
330
1177
100
AcDbEntity
 67
1
  8
E-SEMA-ANTET
370
13
100
AcDbLine
 10
210.0
 20
110.80000000000001
 30
0.0
 11
210.0
 21
262.0
 31
0.0
  0
LINE
  5
1205
330
1177
100
AcDbEntity
 67
1
  8
E-SEMA-ANTET
370
13
100
AcDbLine
 10
225.0
 20
110.80000000000001
 30
0.0
 11
225.0
 21
262.0
 31
0.0
  0
LINE
  5
1206
330
1177
100
AcDbEntity
 67
1
  8
E-SEMA-ANTET
370
13
100
AcDbLine
 10
240.0
 20
110.80000000000001
 30
0.0
 11
240.0
 21
262.0
 31
0.0
  0
LINE
  5
1207
330
1177
100
AcDbEntity
 67
1
  8
E-SEMA-ANTET
370
13
100
AcDbLine
 10
254.0
 20
110.80000000000001
 30
0.0
 11
254.0
 21
262.0
 31
0.0
  0
LINE
  5
1208
330
1177
100
AcDbEntity
 67
1
  8
E-SEMA-ANTET
370
13
100
AcDbLine
 10
268.0
 20
110.80000000000001
 30
0.0
 11
268.0
 21
262.0
 31
0.0
  0
LINE
  5
1209
330
1177
100
AcDbEntity
 67
1
  8
E-SEMA-ANTET
370
13
100
AcDbLine
 10
282.0
 20
110.80000000000001
 30
0.0
 11
282.0
 21
262.0
 31
0.0
  0
TEXT
  5
120A
330
1177
100
AcDbEntity
 67
1
  8
E-SEMA-ANTET
100
AcDbText
 10
35.5
 20
259.2
 30
0.0
 40
1.5
  1
NO
  7
GYM-B
 72
1
 11
35.5
 21
259.2
 31
0.0
100
AcDbText
 73
2
  0
TEXT
  5
120B
330
1177
100
AcDbEntity
 67
1
  8
E-SEMA-ANTET
100
AcDbText
 10
47.0
 20
259.2
 30
0.0
 40
1.5
  1
LİNYE
  7
GYM-B
 72
1
 11
47.0
 21
259.2
 31
0.0
100
AcDbText
 73
2
  0
TEXT
  5
120C
330
1177
100
AcDbEntity
 67
1
  8
E-SEMA-ANTET
100
AcDbText
 10
79.0
 20
259.2
 30
0.0
 40
1.5
  1
MAHAL / YÜK
  7
GYM-B
 72
1
 11
79.0
 21
259.2
 31
0.0
100
AcDbText
 73
2
  0
TEXT
  5
120D
330
1177
100
AcDbEntity
 67
1
  8
E-SEMA-ANTET
100
AcDbText
 10
109.5
 20
259.2
 30
0.0
 40
1.5
  1
FAZ
  7
GYM-B
 72
1
 11
109.5
 21
259.2
 31
0.0
100
AcDbText
 73
2
  0
TEXT
  5
120E
330
1177
100
AcDbEntity
 67
1
  8
E-SEMA-ANTET
100
AcDbText
 10
126.0
 20
259.2
 30
0.0
 40
1.5
  1
KESİCİ
  7
GYM-B
 72
1
 11
126.0
 21
259.2
 31
0.0
100
AcDbText
 73
2
  0
TEXT
  5
120F
330
1177
100
AcDbEntity
 67
1
  8
E-SEMA-ANTET
100
AcDbText
 10
156.0
 20
259.2
 30
0.0
 40
1.5
  1
KAÇAK AKIM (GRUP)
  7
GYM-B
 72
1
 11
156.0
 21
259.2
 31
0.0
100
AcDbText
 73
2
  0
TEXT
  5
1210
330
1177
100
AcDbEntity
 67
1
  8
E-SEMA-ANTET
100
AcDbText
 10
186.0
 20
259.2
 30
0.0
 40
1.5
  1
KABLO
  7
GYM-B
 72
1
 11
186.0
 21
259.2
 31
0.0
100
AcDbText
 73
2
  0
TEXT
  5
1211
330
1177
100
AcDbEntity
 67
1
  8
E-SEMA-ANTET
100
AcDbText
 10
203.5
 20
259.2
 30
0.0
 40
1.5
  1
BORU
  7
GYM-B
 72
1
 11
203.5
 21
259.2
 31
0.0
100
AcDbText
 73
2
  0
TEXT
  5
1212
330
1177
100
AcDbEntity
 67
1
  8
E-SEMA-ANTET
100
AcDbText
 10
217.5
 20
259.2
 30
0.0
 40
1.5
  1
UZUNLUK
  7
GYM-B
 72
1
 11
217.5
 21
259.2
 31
0.0
100
AcDbText
 73
2
  0
TEXT
  5
1213
330
1177
100
AcDbEntity
 67
1
  8
E-SEMA-ANTET
100
AcDbText
 10
232.5
 20
259.2
 30
0.0
 40
1.5
  1
Pb (kW)
  7
GYM-B
 72
1
 11
232.5
 21
259.2
 31
0.0
100
AcDbText
 73
2
  0
TEXT
  5
1214
330
1177
100
AcDbEntity
 67
1
  8
E-SEMA-ANTET
100
AcDbText
 10
247.0
 20
259.2
 30
0.0
 40
1.5
  1
cos φ
  7
GYM-B
 72
1
 11
247.0
 21
259.2
 31
0.0
100
AcDbText
 73
2
  0
TEXT
  5
1215
330
1177
100
AcDbEntity
 67
1
  8
E-SEMA-ANTET
100
AcDbText
 10
261.0
 20
259.2
 30
0.0
 40
1.5
  1
Ib (A)
  7
GYM-B
 72
1
 11
261.0
 21
259.2
 31
0.0
100
AcDbText
 73
2
  0
TEXT
  5
1216
330
1177
100
AcDbEntity
 67
1
  8
E-SEMA-ANTET
100
AcDbText
 10
275.0
 20
259.2
 30
0.0
 40
1.5
  1
ΔU (%)
  7
GYM-B
 72
1
 11
275.0
 21
259.2
 31
0.0
100
AcDbText
 73
2
  0
TEXT
  5
1217
330
1177
100
AcDbEntity
 67
1
  8
E-SEMA-ANTET
100
AcDbText
 10
288.5
 20
259.2
 30
0.0
 40
1.5
  1
SONUÇ
  7
GYM-B
 72
1
 11
288.5
 21
259.2
 31
0.0
100
AcDbText
 73
2
  0
TEXT
  5
1218
330
1177
100
AcDbEntity
 67
1
  8
E-SEMA-YAZI
100
AcDbText
 10
35.5
 20
253.6
 30
0.0
 40
1.5
  1
1
  7
GYM
 72
1
 11
35.5
 21
253.6
 31
0.0
100
AcDbText
 73
2
  0
TEXT
  5
1219
330
1177
100
AcDbEntity
 67
1
  8
E-SEMA-YAZI
100
AcDbText
 10
47.0
 20
253.6
 30
0.0
 40
1.5
  1
L1
  7
GYM
 72
1
 11
47.0
 21
253.6
 31
0.0
100
AcDbText
 73
2
  0
TEXT
  5
121A
330
1177
100
AcDbEntity
 67
1
  8
E-SEMA-YAZI
100
AcDbText
 10
79.0
 20
253.6
 30
0.0
 40
1.5
  1
Aydınlatma — arena / serbest ağırlık
  7
GYM
 72
1
 11
79.0
 21
253.6
 31
0.0
100
AcDbText
 73
2
  0
TEXT
  5
121B
330
1177
100
AcDbEntity
 67
1
  8
E-SEMA-YAZI
100
AcDbText
 10
109.5
 20
253.6
 30
0.0
 40
1.5
  1
L2
  7
GYM
 72
1
 11
109.5
 21
253.6
 31
0.0
100
AcDbText
 73
2
  0
TEXT
  5
121C
330
1177
100
AcDbEntity
 67
1
  8
E-SEMA-YAZI
100
AcDbText
 10
126.0
 20
253.6
 30
0.0
 40
1.5
  1
10 A · 1P B · 6 kA
  7
GYM
 72
1
 11
126.0
 21
253.6
 31
0.0
100
AcDbText
 73
2
  0
TEXT
  5
121D
330
1177
100
AcDbEntity
 67
1
  8
E-SEMA-YAZI
100
AcDbText
 10
156.0
 20
253.6
 30
0.0
 40
1.5
  1
RCD-1 · 4×40 A / 30 mA A tipi
  7
GYM
 72
1
 11
156.0
 21
253.6
 31
0.0
100
AcDbText
 73
2
  0
TEXT
  5
121E
330
1177
100
AcDbEntity
 67
1
  8
E-SEMA-YAZI
100
AcDbText
 10
186.0
 20
253.6
 30
0.0
 40
1.5
  1
NHXMH 3×2,5
  7
GYM
 72
1
 11
186.0
 21
253.6
 31
0.0
100
AcDbText
 73
2
  0
TEXT
  5
121F
330
1177
100
AcDbEntity
 67
1
  8
E-SEMA-YAZI
100
AcDbText
 10
203.5
 20
253.6
 30
0.0
 40
1.5
  1
Ø20
  7
GYM
 72
1
 11
203.5
 21
253.6
 31
0.0
100
AcDbText
 73
2
  0
TEXT
  5
1220
330
1177
100
AcDbEntity
 67
1
  8
E-SEMA-YAZI
100
AcDbText
 10
217.5
 20
253.6
 30
0.0
 40
1.5
  1
14 m
  7
GYM
 72
1
 11
217.5
 21
253.6
 31
0.0
100
AcDbText
 73
2
  0
TEXT
  5
1221
330
1177
100
AcDbEntity
 67
1
  8
E-SEMA-YAZI
100
AcDbText
 10
232.5
 20
253.6
 30
0.0
 40
1.5
  1
0,28
  7
GYM
 72
1
 11
232.5
 21
253.6
 31
0.0
100
AcDbText
 73
2
  0
TEXT
  5
1222
330
1177
100
AcDbEntity
 67
1
  8
E-SEMA-YAZI
100
AcDbText
 10
247.0
 20
253.6
 30
0.0
 40
1.5
  1
0,95
  7
GYM
 72
1
 11
247.0
 21
253.6
 31
0.0
100
AcDbText
 73
2
  0
TEXT
  5
1223
330
1177
100
AcDbEntity
 67
1
  8
E-SEMA-YAZI
100
AcDbText
 10
261.0
 20
253.6
 30
0.0
 40
1.5
  1
1,3
  7
GYM
 72
1
 11
261.0
 21
253.6
 31
0.0
100
AcDbText
 73
2
  0
TEXT
  5
1224
330
1177
100
AcDbEntity
 67
1
  8
E-SEMA-YAZI
100
AcDbText
 10
275.0
 20
253.6
 30
0.0
 40
1.5
  1
0,13
  7
GYM
 72
1
 11
275.0
 21
253.6
 31
0.0
100
AcDbText
 73
2
  0
TEXT
  5
1225
330
1177
100
AcDbEntity
 67
1
  8
E-SEMA-YAZI
100
AcDbText
 10
288.5
 20
253.6
 30
0.0
 40
1.5
  1
UYGUN
  7
GYM
 72
1
 11
288.5
 21
253.6
 31
0.0
100
AcDbText
 73
2
  0
TEXT
  5
1226
330
1177
100
AcDbEntity
 67
1
  8
E-SEMA-YAZI
100
AcDbText
 10
35.5
 20
248.0
 30
0.0
 40
1.5
  1
2
  7
GYM
 72
1
 11
35.5
 21
248.0
 31
0.0
100
AcDbText
 73
2
  0
TEXT
  5
1227
330
1177
100
AcDbEntity
 67
1
  8
E-SEMA-YAZI
100
AcDbText
 10
47.0
 20
248.0
 30
0.0
 40
1.5
  1
L2
  7
GYM
 72
1
 11
47.0
 21
248.0
 31
0.0
100
AcDbText
 73
2
  0
TEXT
  5
1228
330
1177
100
AcDbEntity
 67
1
  8
E-SEMA-YAZI
100
AcDbText
 10
79.0
 20
248.0
 30
0.0
 40
1.5
  1
Aydınlatma — fonksiyonel / kardiyo
  7
GYM
 72
1
 11
79.0
 21
248.0
 31
0.0
100
AcDbText
 73
2
  0
TEXT
  5
1229
330
1177
100
AcDbEntity
 67
1
  8
E-SEMA-YAZI
100
AcDbText
 10
109.5
 20
248.0
 30
0.0
 40
1.5
  1
L3
  7
GYM
 72
1
 11
109.5
 21
248.0
 31
0.0
100
AcDbText
 73
2
  0
TEXT
  5
122A
330
1177
100
AcDbEntity
 67
1
  8
E-SEMA-YAZI
100
AcDbText
 10
126.0
 20
248.0
 30
0.0
 40
1.5
  1
10 A · 1P B · 6 kA
  7
GYM
 72
1
 11
126.0
 21
248.0
 31
0.0
100
AcDbText
 73
2
  0
TEXT
  5
122B
330
1177
100
AcDbEntity
 67
1
  8
E-SEMA-YAZI
100
AcDbText
 10
156.0
 20
248.0
 30
0.0
 40
1.5
  1
↑  aynı grup
  7
GYM
 72
1
 11
156.0
 21
248.0
 31
0.0
100
AcDbText
 73
2
  0
TEXT
  5
122C
330
1177
100
AcDbEntity
 67
1
  8
E-SEMA-YAZI
100
AcDbText
 10
186.0
 20
248.0
 30
0.0
 40
1.5
  1
NHXMH 3×2,5
  7
GYM
 72
1
 11
186.0
 21
248.0
 31
0.0
100
AcDbText
 73
2
  0
TEXT
  5
122D
330
1177
100
AcDbEntity
 67
1
  8
E-SEMA-YAZI
100
AcDbText
 10
203.5
 20
248.0
 30
0.0
 40
1.5
  1
Ø20
  7
GYM
 72
1
 11
203.5
 21
248.0
 31
0.0
100
AcDbText
 73
2
  0
TEXT
  5
122E
330
1177
100
AcDbEntity
 67
1
  8
E-SEMA-YAZI
100
AcDbText
 10
217.5
 20
248.0
 30
0.0
 40
1.5
  1
11 m
  7
GYM
 72
1
 11
217.5
 21
248.0
 31
0.0
100
AcDbText
 73
2
  0
TEXT
  5
122F
330
1177
100
AcDbEntity
 67
1
  8
E-SEMA-YAZI
100
AcDbText
 10
232.5
 20
248.0
 30
0.0
 40
1.5
  1
0,12
  7
GYM
 72
1
 11
232.5
 21
248.0
 31
0.0
100
AcDbText
 73
2
  0
TEXT
  5
1230
330
1177
100
AcDbEntity
 67
1
  8
E-SEMA-YAZI
100
AcDbText
 10
247.0
 20
248.0
 30
0.0
 40
1.5
  1
0,95
  7
GYM
 72
1
 11
247.0
 21
248.0
 31
0.0
100
AcDbText
 73
2
  0
TEXT
  5
1231
330
1177
100
AcDbEntity
 67
1
  8
E-SEMA-YAZI
100
AcDbText
 10
261.0
 20
248.0
 30
0.0
 40
1.5
  1
0,5
  7
GYM
 72
1
 11
261.0
 21
248.0
 31
0.0
100
AcDbText
 73
2
  0
TEXT
  5
1232
330
1177
100
AcDbEntity
 67
1
  8
E-SEMA-YAZI
100
AcDbText
 10
275.0
 20
248.0
 30
0.0
 40
1.5
  1
0,05
  7
GYM
 72
1
 11
275.0
 21
248.0
 31
0.0
100
AcDbText
 73
2
  0
TEXT
  5
1233
330
1177
100
AcDbEntity
 67
1
  8
E-SEMA-YAZI
100
AcDbText
 10
288.5
 20
248.0
 30
0.0
 40
1.5
  1
UYGUN
  7
GYM
 72
1
 11
288.5
 21
248.0
 31
0.0
100
AcDbText
 73
2
  0
TEXT
  5
1234
330
1177
100
AcDbEntity
 67
1
  8
E-SEMA-YAZI
100
AcDbText
 10
35.5
 20
242.4
 30
0.0
 40
1.5
  1
3
  7
GYM
 72
1
 11
35.5
 21
242.4
 31
0.0
100
AcDbText
 73
2
  0
TEXT
  5
1235
330
1177
100
AcDbEntity
 67
1
  8
E-SEMA-YAZI
100
AcDbText
 10
47.0
 20
242.4
 30
0.0
 40
1.5
  1
L3
  7
GYM
 72
1
 11
47.0
 21
242.4
 31
0.0
100
AcDbText
 73
2
  0
TEXT
  5
1236
330
1177
100
AcDbEntity
 67
1
  8
E-SEMA-YAZI
100
AcDbText
 10
79.0
 20
242.4
 30
0.0
 40
1.5
  1
Aydınlatma — dinlenme salonu
  7
GYM
 72
1
 11
79.0
 21
242.4
 31
0.0
100
AcDbText
 73
2
  0
TEXT
  5
1237
330
1177
100
AcDbEntity
 67
1
  8
E-SEMA-YAZI
100
AcDbText
 10
109.5
 20
242.4
 30
0.0
 40
1.5
  1
L1
  7
GYM
 72
1
 11
109.5
 21
242.4
 31
0.0
100
AcDbText
 73
2
  0
TEXT
  5
1238
330
1177
100
AcDbEntity
 67
1
  8
E-SEMA-YAZI
100
AcDbText
 10
126.0
 20
242.4
 30
0.0
 40
1.5
  1
10 A · 1P B · 6 kA
  7
GYM
 72
1
 11
126.0
 21
242.4
 31
0.0
100
AcDbText
 73
2
  0
TEXT
  5
1239
330
1177
100
AcDbEntity
 67
1
  8
E-SEMA-YAZI
100
AcDbText
 10
156.0
 20
242.4
 30
0.0
 40
1.5
  1
↑  aynı grup
  7
GYM
 72
1
 11
156.0
 21
242.4
 31
0.0
100
AcDbText
 73
2
  0
TEXT
  5
123A
330
1177
100
AcDbEntity
 67
1
  8
E-SEMA-YAZI
100
AcDbText
 10
186.0
 20
242.4
 30
0.0
 40
1.5
  1
NHXMH 3×2,5
  7
GYM
 72
1
 11
186.0
 21
242.4
 31
0.0
100
AcDbText
 73
2
  0
TEXT
  5
123B
330
1177
100
AcDbEntity
 67
1
  8
E-SEMA-YAZI
100
AcDbText
 10
203.5
 20
242.4
 30
0.0
 40
1.5
  1
Ø20
  7
GYM
 72
1
 11
203.5
 21
242.4
 31
0.0
100
AcDbText
 73
2
  0
TEXT
  5
123C
330
1177
100
AcDbEntity
 67
1
  8
E-SEMA-YAZI
100
AcDbText
 10
217.5
 20
242.4
 30
0.0
 40
1.5
  1
14 m
  7
GYM
 72
1
 11
217.5
 21
242.4
 31
0.0
100
AcDbText
 73
2
  0
TEXT
  5
123D
330
1177
100
AcDbEntity
 67
1
  8
E-SEMA-YAZI
100
AcDbText
 10
232.5
 20
242.4
 30
0.0
 40
1.5
  1
0,12
  7
GYM
 72
1
 11
232.5
 21
242.4
 31
0.0
100
AcDbText
 73
2
  0
TEXT
  5
123E
330
1177
100
AcDbEntity
 67
1
  8
E-SEMA-YAZI
100
AcDbText
 10
247.0
 20
242.4
 30
0.0
 40
1.5
  1
0,95
  7
GYM
 72
1
 11
247.0
 21
242.4
 31
0.0
100
AcDbText
 73
2
  0
TEXT
  5
123F
330
1177
100
AcDbEntity
 67
1
  8
E-SEMA-YAZI
100
AcDbText
 10
261.0
 20
242.4
 30
0.0
 40
1.5
  1
0,5
  7
GYM
 72
1
 11
261.0
 21
242.4
 31
0.0
100
AcDbText
 73
2
  0
TEXT
  5
1240
330
1177
100
AcDbEntity
 67
1
  8
E-SEMA-YAZI
100
AcDbText
 10
275.0
 20
242.4
 30
0.0
 40
1.5
  1
0,06
  7
GYM
 72
1
 11
275.0
 21
242.4
 31
0.0
100
AcDbText
 73
2
  0
TEXT
  5
1241
330
1177
100
AcDbEntity
 67
1
  8
E-SEMA-YAZI
100
AcDbText
 10
288.5
 20
242.4
 30
0.0
 40
1.5
  1
UYGUN
  7
GYM
 72
1
 11
288.5
 21
242.4
 31
0.0
100
AcDbText
 73
2
  0
TEXT
  5
1242
330
1177
100
AcDbEntity
 67
1
  8
E-SEMA-YAZI
100
AcDbText
 10
35.5
 20
236.8
 30
0.0
 40
1.5
  1
4
  7
GYM
 72
1
 11
35.5
 21
236.8
 31
0.0
100
AcDbText
 73
2
  0
TEXT
  5
1243
330
1177
100
AcDbEntity
 67
1
  8
E-SEMA-YAZI
100
AcDbText
 10
47.0
 20
236.8
 30
0.0
 40
1.5
  1
L4
  7
GYM
 72
1
 11
47.0
 21
236.8
 31
0.0
100
AcDbText
 73
2
  0
TEXT
  5
1244
330
1177
100
AcDbEntity
 67
1
  8
E-SEMA-YAZI
100
AcDbText
 10
79.0
 20
236.8
 30
0.0
 40
1.5
  1
Aydınlatma — giriş / banko
  7
GYM
 72
1
 11
79.0
 21
236.8
 31
0.0
100
AcDbText
 73
2
  0
TEXT
  5
1245
330
1177
100
AcDbEntity
 67
1
  8
E-SEMA-YAZI
100
AcDbText
 10
109.5
 20
236.8
 30
0.0
 40
1.5
  1
L3
  7
GYM
 72
1
 11
109.5
 21
236.8
 31
0.0
100
AcDbText
 73
2
  0
TEXT
  5
1246
330
1177
100
AcDbEntity
 67
1
  8
E-SEMA-YAZI
100
AcDbText
 10
126.0
 20
236.8
 30
0.0
 40
1.5
  1
10 A · 1P B · 6 kA
  7
GYM
 72
1
 11
126.0
 21
236.8
 31
0.0
100
AcDbText
 73
2
  0
TEXT
  5
1247
330
1177
100
AcDbEntity
 67
1
  8
E-SEMA-YAZI
100
AcDbText
 10
156.0
 20
236.8
 30
0.0
 40
1.5
  1
↑  aynı grup
  7
GYM
 72
1
 11
156.0
 21
236.8
 31
0.0
100
AcDbText
 73
2
  0
TEXT
  5
1248
330
1177
100
AcDbEntity
 67
1
  8
E-SEMA-YAZI
100
AcDbText
 10
186.0
 20
236.8
 30
0.0
 40
1.5
  1
NHXMH 3×2,5
  7
GYM
 72
1
 11
186.0
 21
236.8
 31
0.0
100
AcDbText
 73
2
  0
TEXT
  5
1249
330
1177
100
AcDbEntity
 67
1
  8
E-SEMA-YAZI
100
AcDbText
 10
203.5
 20
236.8
 30
0.0
 40
1.5
  1
Ø20
  7
GYM
 72
1
 11
203.5
 21
236.8
 31
0.0
100
AcDbText
 73
2
  0
TEXT
  5
124A
330
1177
100
AcDbEntity
 67
1
  8
E-SEMA-YAZI
100
AcDbText
 10
217.5
 20
236.8
 30
0.0
 40
1.5
  1
12 m
  7
GYM
 72
1
 11
217.5
 21
236.8
 31
0.0
100
AcDbText
 73
2
  0
TEXT
  5
124B
330
1177
100
AcDbEntity
 67
1
  8
E-SEMA-YAZI
100
AcDbText
 10
232.5
 20
236.8
 30
0.0
 40
1.5
  1
0,08
  7
GYM
 72
1
 11
232.5
 21
236.8
 31
0.0
100
AcDbText
 73
2
  0
TEXT
  5
124C
330
1177
100
AcDbEntity
 67
1
  8
E-SEMA-YAZI
100
AcDbText
 10
247.0
 20
236.8
 30
0.0
 40
1.5
  1
0,95
  7
GYM
 72
1
 11
247.0
 21
236.8
 31
0.0
100
AcDbText
 73
2
  0
TEXT
  5
124D
330
1177
100
AcDbEntity
 67
1
  8
E-SEMA-YAZI
100
AcDbText
 10
261.0
 20
236.8
 30
0.0
 40
1.5
  1
0,4
  7
GYM
 72
1
 11
261.0
 21
236.8
 31
0.0
100
AcDbText
 73
2
  0
TEXT
  5
124E
330
1177
100
AcDbEntity
 67
1
  8
E-SEMA-YAZI
100
AcDbText
 10
275.0
 20
236.8
 30
0.0
 40
1.5
  1
0,03
  7
GYM
 72
1
 11
275.0
 21
236.8
 31
0.0
100
AcDbText
 73
2
  0
TEXT
  5
124F
330
1177
100
AcDbEntity
 67
1
  8
E-SEMA-YAZI
100
AcDbText
 10
288.5
 20
236.8
 30
0.0
 40
1.5
  1
UYGUN
  7
GYM
 72
1
 11
288.5
 21
236.8
 31
0.0
100
AcDbText
 73
2
  0
TEXT
  5
1250
330
1177
100
AcDbEntity
 67
1
  8
E-SEMA-YAZI
100
AcDbText
 10
35.5
 20
231.2
 30
0.0
 40
1.5
  1
5
  7
GYM
 72
1
 11
35.5
 21
231.2
 31
0.0
100
AcDbText
 73
2
  0
TEXT
  5
1251
330
1177
100
AcDbEntity
 67
1
  8
E-SEMA-YAZI
100
AcDbText
 10
47.0
 20
231.2
 30
0.0
 40
1.5
  1
L6
  7
GYM
 72
1
 11
47.0
 21
231.2
 31
0.0
100
AcDbText
 73
2
  0
TEXT
  5
1252
330
1177
100
AcDbEntity
 67
1
  8
E-SEMA-YAZI
100
AcDbText
 10
79.0
 20
231.2
 30
0.0
 40
1.5
  1
Acil aydınlatma ve yönlendirme
  7
GYM
 72
1
 11
79.0
 21
231.2
 31
0.0
100
AcDbText
 73
2
  0
TEXT
  5
1253
330
1177
100
AcDbEntity
 67
1
  8
E-SEMA-YAZI
100
AcDbText
 10
109.5
 20
231.2
 30
0.0
 40
1.5
  1
L2
  7
GYM
 72
1
 11
109.5
 21
231.2
 31
0.0
100
AcDbText
 73
2
  0
TEXT
  5
1254
330
1177
100
AcDbEntity
 67
1
  8
E-SEMA-YAZI
100
AcDbText
 10
126.0
 20
231.2
 30
0.0
 40
1.5
  1
6 A · 1P B · 6 kA
  7
GYM
 72
1
 11
126.0
 21
231.2
 31
0.0
100
AcDbText
 73
2
  0
TEXT
  5
1255
330
1177
100
AcDbEntity
 67
1
  8
E-SEMA-YAZI
100
AcDbText
 10
156.0
 20
231.2
 30
0.0
 40
1.5
  1
↑  aynı grup
  7
GYM
 72
1
 11
156.0
 21
231.2
 31
0.0
100
AcDbText
 73
2
  0
TEXT
  5
1256
330
1177
100
AcDbEntity
 67
1
  8
E-SEMA-YAZI
100
AcDbText
 10
186.0
 20
231.2
 30
0.0
 40
1.5
  1
NHXMH 3×2,5
  7
GYM
 72
1
 11
186.0
 21
231.2
 31
0.0
100
AcDbText
 73
2
  0
TEXT
  5
1257
330
1177
100
AcDbEntity
 67
1
  8
E-SEMA-YAZI
100
AcDbText
 10
203.5
 20
231.2
 30
0.0
 40
1.5
  1
Ø20
  7
GYM
 72
1
 11
203.5
 21
231.2
 31
0.0
100
AcDbText
 73
2
  0
TEXT
  5
1258
330
1177
100
AcDbEntity
 67
1
  8
E-SEMA-YAZI
100
AcDbText
 10
217.5
 20
231.2
 30
0.0
 40
1.5
  1
10 m
  7
GYM
 72
1
 11
217.5
 21
231.2
 31
0.0
100
AcDbText
 73
2
  0
TEXT
  5
1259
330
1177
100
AcDbEntity
 67
1
  8
E-SEMA-YAZI
100
AcDbText
 10
232.5
 20
231.2
 30
0.0
 40
1.5
  1
0,06
  7
GYM
 72
1
 11
232.5
 21
231.2
 31
0.0
100
AcDbText
 73
2
  0
TEXT
  5
125A
330
1177
100
AcDbEntity
 67
1
  8
E-SEMA-YAZI
100
AcDbText
 10
247.0
 20
231.2
 30
0.0
 40
1.5
  1
0,95
  7
GYM
 72
1
 11
247.0
 21
231.2
 31
0.0
100
AcDbText
 73
2
  0
TEXT
  5
125B
330
1177
100
AcDbEntity
 67
1
  8
E-SEMA-YAZI
100
AcDbText
 10
261.0
 20
231.2
 30
0.0
 40
1.5
  1
0,3
  7
GYM
 72
1
 11
261.0
 21
231.2
 31
0.0
100
AcDbText
 73
2
  0
TEXT
  5
125C
330
1177
100
AcDbEntity
 67
1
  8
E-SEMA-YAZI
100
AcDbText
 10
275.0
 20
231.2
 30
0.0
 40
1.5
  1
0,02
  7
GYM
 72
1
 11
275.0
 21
231.2
 31
0.0
100
AcDbText
 73
2
  0
TEXT
  5
125D
330
1177
100
AcDbEntity
 67
1
  8
E-SEMA-YAZI
100
AcDbText
 10
288.5
 20
231.2
 30
0.0
 40
1.5
  1
UYGUN
  7
GYM
 72
1
 11
288.5
 21
231.2
 31
0.0
100
AcDbText
 73
2
  0
TEXT
  5
125E
330
1177
100
AcDbEntity
 67
1
  8
E-SEMA-YAZI
100
AcDbText
 10
35.5
 20
225.6
 30
0.0
 40
1.5
  1
6
  7
GYM
 72
1
 11
35.5
 21
225.6
 31
0.0
100
AcDbText
 73
2
  0
TEXT
  5
125F
330
1177
100
AcDbEntity
 67
1
  8
E-SEMA-YAZI
100
AcDbText
 10
47.0
 20
225.6
 30
0.0
 40
1.5
  1
P1
  7
GYM
 72
1
 11
47.0
 21
225.6
 31
0.0
100
AcDbText
 73
2
  0
TEXT
  5
1260
330
1177
100
AcDbEntity
 67
1
  8
E-SEMA-YAZI
100
AcDbText
 10
79.0
 20
225.6
 30
0.0
 40
1.5
  1
Priz — salon kuzey (PR12–PR16, PR1)
  7
GYM
 72
1
 11
79.0
 21
225.6
 31
0.0
100
AcDbText
 73
2
  0
TEXT
  5
1261
330
1177
100
AcDbEntity
 67
1
  8
E-SEMA-YAZI
100
AcDbText
 10
109.5
 20
225.6
 30
0.0
 40
1.5
  1
L1
  7
GYM
 72
1
 11
109.5
 21
225.6
 31
0.0
100
AcDbText
 73
2
  0
TEXT
  5
1262
330
1177
100
AcDbEntity
 67
1
  8
E-SEMA-YAZI
100
AcDbText
 10
126.0
 20
225.6
 30
0.0
 40
1.5
  1
16 A · 1P C · 6 kA
  7
GYM
 72
1
 11
126.0
 21
225.6
 31
0.0
100
AcDbText
 73
2
  0
TEXT
  5
1263
330
1177
100
AcDbEntity
 67
1
  8
E-SEMA-YAZI
100
AcDbText
 10
156.0
 20
225.6
 30
0.0
 40
1.5
  1
RCD-2 · 4×40 A / 30 mA A tipi
  7
GYM
 72
1
 11
156.0
 21
225.6
 31
0.0
100
AcDbText
 73
2
  0
TEXT
  5
1264
330
1177
100
AcDbEntity
 67
1
  8
E-SEMA-YAZI
100
AcDbText
 10
186.0
 20
225.6
 30
0.0
 40
1.5
  1
NHXMH 3×2,5
  7
GYM
 72
1
 11
186.0
 21
225.6
 31
0.0
100
AcDbText
 73
2
  0
TEXT
  5
1265
330
1177
100
AcDbEntity
 67
1
  8
E-SEMA-YAZI
100
AcDbText
 10
203.5
 20
225.6
 30
0.0
 40
1.5
  1
Ø20
  7
GYM
 72
1
 11
203.5
 21
225.6
 31
0.0
100
AcDbText
 73
2
  0
TEXT
  5
1266
330
1177
100
AcDbEntity
 67
1
  8
E-SEMA-YAZI
100
AcDbText
 10
217.5
 20
225.6
 30
0.0
 40
1.5
  1
8 m
  7
GYM
 72
1
 11
217.5
 21
225.6
 31
0.0
100
AcDbText
 73
2
  0
TEXT
  5
1267
330
1177
100
AcDbEntity
 67
1
  8
E-SEMA-YAZI
100
AcDbText
 10
232.5
 20
225.6
 30
0.0
 40
1.5
  1
0,90
  7
GYM
 72
1
 11
232.5
 21
225.6
 31
0.0
100
AcDbText
 73
2
  0
TEXT
  5
1268
330
1177
100
AcDbEntity
 67
1
  8
E-SEMA-YAZI
100
AcDbText
 10
247.0
 20
225.6
 30
0.0
 40
1.5
  1
0,90
  7
GYM
 72
1
 11
247.0
 21
225.6
 31
0.0
100
AcDbText
 73
2
  0
TEXT
  5
1269
330
1177
100
AcDbEntity
 67
1
  8
E-SEMA-YAZI
100
AcDbText
 10
261.0
 20
225.6
 30
0.0
 40
1.5
  1
4,3
  7
GYM
 72
1
 11
261.0
 21
225.6
 31
0.0
100
AcDbText
 73
2
  0
TEXT
  5
126A
330
1177
100
AcDbEntity
 67
1
  8
E-SEMA-YAZI
100
AcDbText
 10
275.0
 20
225.6
 30
0.0
 40
1.5
  1
0,24
  7
GYM
 72
1
 11
275.0
 21
225.6
 31
0.0
100
AcDbText
 73
2
  0
TEXT
  5
126B
330
1177
100
AcDbEntity
 67
1
  8
E-SEMA-YAZI
100
AcDbText
 10
288.5
 20
225.6
 30
0.0
 40
1.5
  1
UYGUN
  7
GYM
 72
1
 11
288.5
 21
225.6
 31
0.0
100
AcDbText
 73
2
  0
TEXT
  5
126C
330
1177
100
AcDbEntity
 67
1
  8
E-SEMA-YAZI
100
AcDbText
 10
35.5
 20
220.0
 30
0.0
 40
1.5
  1
7
  7
GYM
 72
1
 11
35.5
 21
220.0
 31
0.0
100
AcDbText
 73
2
  0
TEXT
  5
126D
330
1177
100
AcDbEntity
 67
1
  8
E-SEMA-YAZI
100
AcDbText
 10
47.0
 20
220.0
 30
0.0
 40
1.5
  1
P2
  7
GYM
 72
1
 11
47.0
 21
220.0
 31
0.0
100
AcDbText
 73
2
  0
TEXT
  5
126E
330
1177
100
AcDbEntity
 67
1
  8
E-SEMA-YAZI
100
AcDbText
 10
79.0
 20
220.0
 30
0.0
 40
1.5
  1
Priz — salon güney (PR5–PR9)
  7
GYM
 72
1
 11
79.0
 21
220.0
 31
0.0
100
AcDbText
 73
2
  0
TEXT
  5
126F
330
1177
100
AcDbEntity
 67
1
  8
E-SEMA-YAZI
100
AcDbText
 10
109.5
 20
220.0
 30
0.0
 40
1.5
  1
L3
  7
GYM
 72
1
 11
109.5
 21
220.0
 31
0.0
100
AcDbText
 73
2
  0
TEXT
  5
1270
330
1177
100
AcDbEntity
 67
1
  8
E-SEMA-YAZI
100
AcDbText
 10
126.0
 20
220.0
 30
0.0
 40
1.5
  1
16 A · 1P C · 6 kA
  7
GYM
 72
1
 11
126.0
 21
220.0
 31
0.0
100
AcDbText
 73
2
  0
TEXT
  5
1271
330
1177
100
AcDbEntity
 67
1
  8
E-SEMA-YAZI
100
AcDbText
 10
156.0
 20
220.0
 30
0.0
 40
1.5
  1
↑  aynı grup
  7
GYM
 72
1
 11
156.0
 21
220.0
 31
0.0
100
AcDbText
 73
2
  0
TEXT
  5
1272
330
1177
100
AcDbEntity
 67
1
  8
E-SEMA-YAZI
100
AcDbText
 10
186.0
 20
220.0
 30
0.0
 40
1.5
  1
NHXMH 3×2,5
  7
GYM
 72
1
 11
186.0
 21
220.0
 31
0.0
100
AcDbText
 73
2
  0
TEXT
  5
1273
330
1177
100
AcDbEntity
 67
1
  8
E-SEMA-YAZI
100
AcDbText
 10
203.5
 20
220.0
 30
0.0
 40
1.5
  1
Ø20
  7
GYM
 72
1
 11
203.5
 21
220.0
 31
0.0
100
AcDbText
 73
2
  0
TEXT
  5
1274
330
1177
100
AcDbEntity
 67
1
  8
E-SEMA-YAZI
100
AcDbText
 10
217.5
 20
220.0
 30
0.0
 40
1.5
  1
17 m
  7
GYM
 72
1
 11
217.5
 21
220.0
 31
0.0
100
AcDbText
 73
2
  0
TEXT
  5
1275
330
1177
100
AcDbEntity
 67
1
  8
E-SEMA-YAZI
100
AcDbText
 10
232.5
 20
220.0
 30
0.0
 40
1.5
  1
0,75
  7
GYM
 72
1
 11
232.5
 21
220.0
 31
0.0
100
AcDbText
 73
2
  0
TEXT
  5
1276
330
1177
100
AcDbEntity
 67
1
  8
E-SEMA-YAZI
100
AcDbText
 10
247.0
 20
220.0
 30
0.0
 40
1.5
  1
0,90
  7
GYM
 72
1
 11
247.0
 21
220.0
 31
0.0
100
AcDbText
 73
2
  0
TEXT
  5
1277
330
1177
100
AcDbEntity
 67
1
  8
E-SEMA-YAZI
100
AcDbText
 10
261.0
 20
220.0
 30
0.0
 40
1.5
  1
3,6
  7
GYM
 72
1
 11
261.0
 21
220.0
 31
0.0
100
AcDbText
 73
2
  0
TEXT
  5
1278
330
1177
100
AcDbEntity
 67
1
  8
E-SEMA-YAZI
100
AcDbText
 10
275.0
 20
220.0
 30
0.0
 40
1.5
  1
0,42
  7
GYM
 72
1
 11
275.0
 21
220.0
 31
0.0
100
AcDbText
 73
2
  0
TEXT
  5
1279
330
1177
100
AcDbEntity
 67
1
  8
E-SEMA-YAZI
100
AcDbText
 10
288.5
 20
220.0
 30
0.0
 40
1.5
  1
UYGUN
  7
GYM
 72
1
 11
288.5
 21
220.0
 31
0.0
100
AcDbText
 73
2
  0
TEXT
  5
127A
330
1177
100
AcDbEntity
 67
1
  8
E-SEMA-YAZI
100
AcDbText
 10
35.5
 20
214.4
 30
0.0
 40
1.5
  1
8
  7
GYM
 72
1
 11
35.5
 21
214.4
 31
0.0
100
AcDbText
 73
2
  0
TEXT
  5
127B
330
1177
100
AcDbEntity
 67
1
  8
E-SEMA-YAZI
100
AcDbText
 10
47.0
 20
214.4
 30
0.0
 40
1.5
  1
P3
  7
GYM
 72
1
 11
47.0
 21
214.4
 31
0.0
100
AcDbText
 73
2
  0
TEXT
  5
127C
330
1177
100
AcDbEntity
 67
1
  8
E-SEMA-YAZI
100
AcDbText
 10
79.0
 20
214.4
 30
0.0
 40
1.5
  1
Priz — banko, POS, veri
  7
GYM
 72
1
 11
79.0
 21
214.4
 31
0.0
100
AcDbText
 73
2
  0
TEXT
  5
127D
330
1177
100
AcDbEntity
 67
1
  8
E-SEMA-YAZI
100
AcDbText
 10
109.5
 20
214.4
 30
0.0
 40
1.5
  1
L2
  7
GYM
 72
1
 11
109.5
 21
214.4
 31
0.0
100
AcDbText
 73
2
  0
TEXT
  5
127E
330
1177
100
AcDbEntity
 67
1
  8
E-SEMA-YAZI
100
AcDbText
 10
126.0
 20
214.4
 30
0.0
 40
1.5
  1
16 A · 1P C · 6 kA
  7
GYM
 72
1
 11
126.0
 21
214.4
 31
0.0
100
AcDbText
 73
2
  0
TEXT
  5
127F
330
1177
100
AcDbEntity
 67
1
  8
E-SEMA-YAZI
100
AcDbText
 10
156.0
 20
214.4
 30
0.0
 40
1.5
  1
↑  aynı grup
  7
GYM
 72
1
 11
156.0
 21
214.4
 31
0.0
100
AcDbText
 73
2
  0
TEXT
  5
1280
330
1177
100
AcDbEntity
 67
1
  8
E-SEMA-YAZI
100
AcDbText
 10
186.0
 20
214.4
 30
0.0
 40
1.5
  1
NHXMH 3×2,5
  7
GYM
 72
1
 11
186.0
 21
214.4
 31
0.0
100
AcDbText
 73
2
  0
TEXT
  5
1281
330
1177
100
AcDbEntity
 67
1
  8
E-SEMA-YAZI
100
AcDbText
 10
203.5
 20
214.4
 30
0.0
 40
1.5
  1
Ø20
  7
GYM
 72
1
 11
203.5
 21
214.4
 31
0.0
100
AcDbText
 73
2
  0
TEXT
  5
1282
330
1177
100
AcDbEntity
 67
1
  8
E-SEMA-YAZI
100
AcDbText
 10
217.5
 20
214.4
 30
0.0
 40
1.5
  1
9 m
  7
GYM
 72
1
 11
217.5
 21
214.4
 31
0.0
100
AcDbText
 73
2
  0
TEXT
  5
1283
330
1177
100
AcDbEntity
 67
1
  8
E-SEMA-YAZI
100
AcDbText
 10
232.5
 20
214.4
 30
0.0
 40
1.5
  1
1,00
  7
GYM
 72
1
 11
232.5
 21
214.4
 31
0.0
100
AcDbText
 73
2
  0
TEXT
  5
1284
330
1177
100
AcDbEntity
 67
1
  8
E-SEMA-YAZI
100
AcDbText
 10
247.0
 20
214.4
 30
0.0
 40
1.5
  1
0,90
  7
GYM
 72
1
 11
247.0
 21
214.4
 31
0.0
100
AcDbText
 73
2
  0
TEXT
  5
1285
330
1177
100
AcDbEntity
 67
1
  8
E-SEMA-YAZI
100
AcDbText
 10
261.0
 20
214.4
 30
0.0
 40
1.5
  1
4,8
  7
GYM
 72
1
 11
261.0
 21
214.4
 31
0.0
100
AcDbText
 73
2
  0
TEXT
  5
1286
330
1177
100
AcDbEntity
 67
1
  8
E-SEMA-YAZI
100
AcDbText
 10
275.0
 20
214.4
 30
0.0
 40
1.5
  1
0,30
  7
GYM
 72
1
 11
275.0
 21
214.4
 31
0.0
100
AcDbText
 73
2
  0
TEXT
  5
1287
330
1177
100
AcDbEntity
 67
1
  8
E-SEMA-YAZI
100
AcDbText
 10
288.5
 20
214.4
 30
0.0
 40
1.5
  1
UYGUN
  7
GYM
 72
1
 11
288.5
 21
214.4
 31
0.0
100
AcDbText
 73
2
  0
TEXT
  5
1288
330
1177
100
AcDbEntity
 67
1
  8
E-SEMA-YAZI
100
AcDbText
 10
35.5
 20
208.8
 30
0.0
 40
1.5
  1
9
  7
GYM
 72
1
 11
35.5
 21
208.8
 31
0.0
100
AcDbText
 73
2
  0
TEXT
  5
1289
330
1177
100
AcDbEntity
 67
1
  8
E-SEMA-YAZI
100
AcDbText
 10
47.0
 20
208.8
 30
0.0
 40
1.5
  1
P4
  7
GYM
 72
1
 11
47.0
 21
208.8
 31
0.0
100
AcDbText
 73
2
  0
TEXT
  5
128A
330
1177
100
AcDbEntity
 67
1
  8
E-SEMA-YAZI
100
AcDbText
 10
79.0
 20
208.8
 30
0.0
 40
1.5
  1
Priz — kardiyo ekipmanı (ayrı linye)
  7
GYM
 72
1
 11
79.0
 21
208.8
 31
0.0
100
AcDbText
 73
2
  0
TEXT
  5
128B
330
1177
100
AcDbEntity
 67
1
  8
E-SEMA-YAZI
100
AcDbText
 10
109.5
 20
208.8
 30
0.0
 40
1.5
  1
L1
  7
GYM
 72
1
 11
109.5
 21
208.8
 31
0.0
100
AcDbText
 73
2
  0
TEXT
  5
128C
330
1177
100
AcDbEntity
 67
1
  8
E-SEMA-YAZI
100
AcDbText
 10
126.0
 20
208.8
 30
0.0
 40
1.5
  1
16 A · 1P C · 6 kA
  7
GYM
 72
1
 11
126.0
 21
208.8
 31
0.0
100
AcDbText
 73
2
  0
TEXT
  5
128D
330
1177
100
AcDbEntity
 67
1
  8
E-SEMA-YAZI
100
AcDbText
 10
156.0
 20
208.8
 30
0.0
 40
1.5
  1
↑  aynı grup
  7
GYM
 72
1
 11
156.0
 21
208.8
 31
0.0
100
AcDbText
 73
2
  0
TEXT
  5
128E
330
1177
100
AcDbEntity
 67
1
  8
E-SEMA-YAZI
100
AcDbText
 10
186.0
 20
208.8
 30
0.0
 40
1.5
  1
NHXMH 3×2,5
  7
GYM
 72
1
 11
186.0
 21
208.8
 31
0.0
100
AcDbText
 73
2
  0
TEXT
  5
128F
330
1177
100
AcDbEntity
 67
1
  8
E-SEMA-YAZI
100
AcDbText
 10
203.5
 20
208.8
 30
0.0
 40
1.5
  1
Ø20
  7
GYM
 72
1
 11
203.5
 21
208.8
 31
0.0
100
AcDbText
 73
2
  0
TEXT
  5
1290
330
1177
100
AcDbEntity
 67
1
  8
E-SEMA-YAZI
100
AcDbText
 10
217.5
 20
208.8
 30
0.0
 40
1.5
  1
17 m
  7
GYM
 72
1
 11
217.5
 21
208.8
 31
0.0
100
AcDbText
 73
2
  0
TEXT
  5
1291
330
1177
100
AcDbEntity
 67
1
  8
E-SEMA-YAZI
100
AcDbText
 10
232.5
 20
208.8
 30
0.0
 40
1.5
  1
2,40
  7
GYM
 72
1
 11
232.5
 21
208.8
 31
0.0
100
AcDbText
 73
2
  0
TEXT
  5
1292
330
1177
100
AcDbEntity
 67
1
  8
E-SEMA-YAZI
100
AcDbText
 10
247.0
 20
208.8
 30
0.0
 40
1.5
  1
0,90
  7
GYM
 72
1
 11
247.0
 21
208.8
 31
0.0
100
AcDbText
 73
2
  0
TEXT
  5
1293
330
1177
100
AcDbEntity
 67
1
  8
E-SEMA-YAZI
100
AcDbText
 10
261.0
 20
208.8
 30
0.0
 40
1.5
  1
11,6
  7
GYM
 72
1
 11
261.0
 21
208.8
 31
0.0
100
AcDbText
 73
2
  0
TEXT
  5
1294
330
1177
100
AcDbEntity
 67
1
  8
E-SEMA-YAZI
100
AcDbText
 10
275.0
 20
208.8
 30
0.0
 40
1.5
  1
1,40
  7
GYM
 72
1
 11
275.0
 21
208.8
 31
0.0
100
AcDbText
 73
2
  0
TEXT
  5
1295
330
1177
100
AcDbEntity
 67
1
  8
E-SEMA-YAZI
100
AcDbText
 10
288.5
 20
208.8
 30
0.0
 40
1.5
  1
UYGUN
  7
GYM
 72
1
 11
288.5
 21
208.8
 31
0.0
100
AcDbText
 73
2
  0
TEXT
  5
1296
330
1177
100
AcDbEntity
 67
1
  8
E-SEMA-YAZI
100
AcDbText
 10
35.5
 20
203.2
 30
0.0
 40
1.5
  1
10
  7
GYM
 72
1
 11
35.5
 21
203.2
 31
0.0
100
AcDbText
 73
2
  0
TEXT
  5
1297
330
1177
100
AcDbEntity
 67
1
  8
E-SEMA-YAZI
100
AcDbText
 10
47.0
 20
203.2
 30
0.0
 40
1.5
  1
P6
  7
GYM
 72
1
 11
47.0
 21
203.2
 31
0.0
100
AcDbText
 73
2
  0
TEXT
  5
1298
330
1177
100
AcDbEntity
 67
1
  8
E-SEMA-YAZI
100
AcDbText
 10
79.0
 20
203.2
 30
0.0
 40
1.5
  1
Priz — salon batı ve doğu (PR2–PR4, PR
  7
GYM
 72
1
 11
79.0
 21
203.2
 31
0.0
100
AcDbText
 73
2
  0
TEXT
  5
1299
330
1177
100
AcDbEntity
 67
1
  8
E-SEMA-YAZI
100
AcDbText
 10
109.5
 20
203.2
 30
0.0
 40
1.5
  1
L1
  7
GYM
 72
1
 11
109.5
 21
203.2
 31
0.0
100
AcDbText
 73
2
  0
TEXT
  5
129A
330
1177
100
AcDbEntity
 67
1
  8
E-SEMA-YAZI
100
AcDbText
 10
126.0
 20
203.2
 30
0.0
 40
1.5
  1
16 A · 1P C · 6 kA
  7
GYM
 72
1
 11
126.0
 21
203.2
 31
0.0
100
AcDbText
 73
2
  0
TEXT
  5
129B
330
1177
100
AcDbEntity
 67
1
  8
E-SEMA-YAZI
100
AcDbText
 10
156.0
 20
203.2
 30
0.0
 40
1.5
  1
↑  aynı grup
  7
GYM
 72
1
 11
156.0
 21
203.2
 31
0.0
100
AcDbText
 73
2
  0
TEXT
  5
129C
330
1177
100
AcDbEntity
 67
1
  8
E-SEMA-YAZI
100
AcDbText
 10
186.0
 20
203.2
 30
0.0
 40
1.5
  1
NHXMH 3×2,5
  7
GYM
 72
1
 11
186.0
 21
203.2
 31
0.0
100
AcDbText
 73
2
  0
TEXT
  5
129D
330
1177
100
AcDbEntity
 67
1
  8
E-SEMA-YAZI
100
AcDbText
 10
203.5
 20
203.2
 30
0.0
 40
1.5
  1
Ø20
  7
GYM
 72
1
 11
203.5
 21
203.2
 31
0.0
100
AcDbText
 73
2
  0
TEXT
  5
129E
330
1177
100
AcDbEntity
 67
1
  8
E-SEMA-YAZI
100
AcDbText
 10
217.5
 20
203.2
 30
0.0
 40
1.5
  1
10 m
  7
GYM
 72
1
 11
217.5
 21
203.2
 31
0.0
100
AcDbText
 73
2
  0
TEXT
  5
129F
330
1177
100
AcDbEntity
 67
1
  8
E-SEMA-YAZI
100
AcDbText
 10
232.5
 20
203.2
 30
0.0
 40
1.5
  1
0,75
  7
GYM
 72
1
 11
232.5
 21
203.2
 31
0.0
100
AcDbText
 73
2
  0
TEXT
  5
12A0
330
1177
100
AcDbEntity
 67
1
  8
E-SEMA-YAZI
100
AcDbText
 10
247.0
 20
203.2
 30
0.0
 40
1.5
  1
0,90
  7
GYM
 72
1
 11
247.0
 21
203.2
 31
0.0
100
AcDbText
 73
2
  0
TEXT
  5
12A1
330
1177
100
AcDbEntity
 67
1
  8
E-SEMA-YAZI
100
AcDbText
 10
261.0
 20
203.2
 30
0.0
 40
1.5
  1
3,6
  7
GYM
 72
1
 11
261.0
 21
203.2
 31
0.0
100
AcDbText
 73
2
  0
TEXT
  5
12A2
330
1177
100
AcDbEntity
 67
1
  8
E-SEMA-YAZI
100
AcDbText
 10
275.0
 20
203.2
 30
0.0
 40
1.5
  1
0,27
  7
GYM
 72
1
 11
275.0
 21
203.2
 31
0.0
100
AcDbText
 73
2
  0
TEXT
  5
12A3
330
1177
100
AcDbEntity
 67
1
  8
E-SEMA-YAZI
100
AcDbText
 10
288.5
 20
203.2
 30
0.0
 40
1.5
  1
UYGUN
  7
GYM
 72
1
 11
288.5
 21
203.2
 31
0.0
100
AcDbText
 73
2
  0
TEXT
  5
12A4
330
1177
100
AcDbEntity
 67
1
  8
E-SEMA-YAZI
100
AcDbText
 10
35.5
 20
197.60000000000002
 30
0.0
 40
1.5
  1
11
  7
GYM
 72
1
 11
35.5
 21
197.60000000000002
 31
0.0
100
AcDbText
 73
2
  0
TEXT
  5
12A5
330
1177
100
AcDbEntity
 67
1
  8
E-SEMA-YAZI
100
AcDbText
 10
47.0
 20
197.60000000000002
 30
0.0
 40
1.5
  1
Z1
  7
GYM
 72
1
 11
47.0
 21
197.60000000000002
 31
0.0
100
AcDbText
 73
2
  0
TEXT
  5
12A6
330
1177
100
AcDbEntity
 67
1
  8
E-SEMA-YAZI
100
AcDbText
 10
79.0
 20
197.60000000000002
 30
0.0
 40
1.5
  1
Zayıf akım — rack, CCTV, ses, geçiş ko
  7
GYM
 72
1
 11
79.0
 21
197.60000000000002
 31
0.0
100
AcDbText
 73
2
  0
TEXT
  5
12A7
330
1177
100
AcDbEntity
 67
1
  8
E-SEMA-YAZI
100
AcDbText
 10
109.5
 20
197.60000000000002
 30
0.0
 40
1.5
  1
L3
  7
GYM
 72
1
 11
109.5
 21
197.60000000000002
 31
0.0
100
AcDbText
 73
2
  0
TEXT
  5
12A8
330
1177
100
AcDbEntity
 67
1
  8
E-SEMA-YAZI
100
AcDbText
 10
126.0
 20
197.60000000000002
 30
0.0
 40
1.5
  1
10 A · 1P C · 6 kA
  7
GYM
 72
1
 11
126.0
 21
197.60000000000002
 31
0.0
100
AcDbText
 73
2
  0
TEXT
  5
12A9
330
1177
100
AcDbEntity
 67
1
  8
E-SEMA-YAZI
100
AcDbText
 10
156.0
 20
197.60000000000002
 30
0.0
 40
1.5
  1
↑  aynı grup
  7
GYM
 72
1
 11
156.0
 21
197.60000000000002
 31
0.0
100
AcDbText
 73
2
  0
TEXT
  5
12AA
330
1177
100
AcDbEntity
 67
1
  8
E-SEMA-YAZI
100
AcDbText
 10
186.0
 20
197.60000000000002
 30
0.0
 40
1.5
  1
JE-H(St)H 3×2,5
  7
GYM
 72
1
 11
186.0
 21
197.60000000000002
 31
0.0
100
AcDbText
 73
2
  0
TEXT
  5
12AB
330
1177
100
AcDbEntity
 67
1
  8
E-SEMA-YAZI
100
AcDbText
 10
203.5
 20
197.60000000000002
 30
0.0
 40
1.5
  1
Ø20
  7
GYM
 72
1
 11
203.5
 21
197.60000000000002
 31
0.0
100
AcDbText
 73
2
  0
TEXT
  5
12AC
330
1177
100
AcDbEntity
 67
1
  8
E-SEMA-YAZI
100
AcDbText
 10
217.5
 20
197.60000000000002
 30
0.0
 40
1.5
  1
9 m
  7
GYM
 72
1
 11
217.5
 21
197.60000000000002
 31
0.0
100
AcDbText
 73
2
  0
TEXT
  5
12AD
330
1177
100
AcDbEntity
 67
1
  8
E-SEMA-YAZI
100
AcDbText
 10
232.5
 20
197.60000000000002
 30
0.0
 40
1.5
  1
0,60
  7
GYM
 72
1
 11
232.5
 21
197.60000000000002
 31
0.0
100
AcDbText
 73
2
  0
TEXT
  5
12AE
330
1177
100
AcDbEntity
 67
1
  8
E-SEMA-YAZI
100
AcDbText
 10
247.0
 20
197.60000000000002
 30
0.0
 40
1.5
  1
0,90
  7
GYM
 72
1
 11
247.0
 21
197.60000000000002
 31
0.0
100
AcDbText
 73
2
  0
TEXT
  5
12AF
330
1177
100
AcDbEntity
 67
1
  8
E-SEMA-YAZI
100
AcDbText
 10
261.0
 20
197.60000000000002
 30
0.0
 40
1.5
  1
2,9
  7
GYM
 72
1
 11
261.0
 21
197.60000000000002
 31
0.0
100
AcDbText
 73
2
  0
TEXT
  5
12B0
330
1177
100
AcDbEntity
 67
1
  8
E-SEMA-YAZI
100
AcDbText
 10
275.0
 20
197.60000000000002
 30
0.0
 40
1.5
  1
0,18
  7
GYM
 72
1
 11
275.0
 21
197.60000000000002
 31
0.0
100
AcDbText
 73
2
  0
TEXT
  5
12B1
330
1177
100
AcDbEntity
 67
1
  8
E-SEMA-YAZI
100
AcDbText
 10
288.5
 20
197.60000000000002
 30
0.0
 40
1.5
  1
UYGUN
  7
GYM
 72
1
 11
288.5
 21
197.60000000000002
 31
0.0
100
AcDbText
 73
2
  0
TEXT
  5
12B2
330
1177
100
AcDbEntity
 67
1
  8
E-SEMA-YAZI
100
AcDbText
 10
35.5
 20
192.0
 30
0.0
 40
1.5
  1
12
  7
GYM
 72
1
 11
35.5
 21
192.0
 31
0.0
100
AcDbText
 73
2
  0
TEXT
  5
12B3
330
1177
100
AcDbEntity
 67
1
  8
E-SEMA-YAZI
100
AcDbText
 10
47.0
 20
192.0
 30
0.0
 40
1.5
  1
L5
  7
GYM
 72
1
 11
47.0
 21
192.0
 31
0.0
100
AcDbText
 73
2
  0
TEXT
  5
12B4
330
1177
100
AcDbEntity
 67
1
  8
E-SEMA-YAZI
100
AcDbText
 10
79.0
 20
192.0
 30
0.0
 40
1.5
  1
Aydınlatma — ıslak hacim (IP44)
  7
GYM
 72
1
 11
79.0
 21
192.0
 31
0.0
100
AcDbText
 73
2
  0
TEXT
  5
12B5
330
1177
100
AcDbEntity
 67
1
  8
E-SEMA-YAZI
100
AcDbText
 10
109.5
 20
192.0
 30
0.0
 40
1.5
  1
L1
  7
GYM
 72
1
 11
109.5
 21
192.0
 31
0.0
100
AcDbText
 73
2
  0
TEXT
  5
12B6
330
1177
100
AcDbEntity
 67
1
  8
E-SEMA-YAZI
100
AcDbText
 10
126.0
 20
192.0
 30
0.0
 40
1.5
  1
10 A · 1P B · 6 kA
  7
GYM
 72
1
 11
126.0
 21
192.0
 31
0.0
100
AcDbText
 73
2
  0
TEXT
  5
12B7
330
1177
100
AcDbEntity
 67
1
  8
E-SEMA-YAZI
100
AcDbText
 10
156.0
 20
192.0
 30
0.0
 40
1.5
  1
RCD-3 · 2×40 A / 30 mA A tipi
  7
GYM
 72
1
 11
156.0
 21
192.0
 31
0.0
100
AcDbText
 73
2
  0
TEXT
  5
12B8
330
1177
100
AcDbEntity
 67
1
  8
E-SEMA-YAZI
100
AcDbText
 10
186.0
 20
192.0
 30
0.0
 40
1.5
  1
NHXMH 3×2,5
  7
GYM
 72
1
 11
186.0
 21
192.0
 31
0.0
100
AcDbText
 73
2
  0
TEXT
  5
12B9
330
1177
100
AcDbEntity
 67
1
  8
E-SEMA-YAZI
100
AcDbText
 10
203.5
 20
192.0
 30
0.0
 40
1.5
  1
Ø20
  7
GYM
 72
1
 11
203.5
 21
192.0
 31
0.0
100
AcDbText
 73
2
  0
TEXT
  5
12BA
330
1177
100
AcDbEntity
 67
1
  8
E-SEMA-YAZI
100
AcDbText
 10
217.5
 20
192.0
 30
0.0
 40
1.5
  1
16 m
  7
GYM
 72
1
 11
217.5
 21
192.0
 31
0.0
100
AcDbText
 73
2
  0
TEXT
  5
12BB
330
1177
100
AcDbEntity
 67
1
  8
E-SEMA-YAZI
100
AcDbText
 10
232.5
 20
192.0
 30
0.0
 40
1.5
  1
0,11
  7
GYM
 72
1
 11
232.5
 21
192.0
 31
0.0
100
AcDbText
 73
2
  0
TEXT
  5
12BC
330
1177
100
AcDbEntity
 67
1
  8
E-SEMA-YAZI
100
AcDbText
 10
247.0
 20
192.0
 30
0.0
 40
1.5
  1
0,95
  7
GYM
 72
1
 11
247.0
 21
192.0
 31
0.0
100
AcDbText
 73
2
  0
TEXT
  5
12BD
330
1177
100
AcDbEntity
 67
1
  8
E-SEMA-YAZI
100
AcDbText
 10
261.0
 20
192.0
 30
0.0
 40
1.5
  1
0,5
  7
GYM
 72
1
 11
261.0
 21
192.0
 31
0.0
100
AcDbText
 73
2
  0
TEXT
  5
12BE
330
1177
100
AcDbEntity
 67
1
  8
E-SEMA-YAZI
100
AcDbText
 10
275.0
 20
192.0
 30
0.0
 40
1.5
  1
0,06
  7
GYM
 72
1
 11
275.0
 21
192.0
 31
0.0
100
AcDbText
 73
2
  0
TEXT
  5
12BF
330
1177
100
AcDbEntity
 67
1
  8
E-SEMA-YAZI
100
AcDbText
 10
288.5
 20
192.0
 30
0.0
 40
1.5
  1
UYGUN
  7
GYM
 72
1
 11
288.5
 21
192.0
 31
0.0
100
AcDbText
 73
2
  0
TEXT
  5
12C0
330
1177
100
AcDbEntity
 67
1
  8
E-SEMA-YAZI
100
AcDbText
 10
35.5
 20
186.4
 30
0.0
 40
1.5
  1
13
  7
GYM
 72
1
 11
35.5
 21
186.4
 31
0.0
100
AcDbText
 73
2
  0
TEXT
  5
12C1
330
1177
100
AcDbEntity
 67
1
  8
E-SEMA-YAZI
100
AcDbText
 10
47.0
 20
186.4
 30
0.0
 40
1.5
  1
P5
  7
GYM
 72
1
 11
47.0
 21
186.4
 31
0.0
100
AcDbText
 73
2
  0
TEXT
  5
12C2
330
1177
100
AcDbEntity
 67
1
  8
E-SEMA-YAZI
100
AcDbText
 10
79.0
 20
186.4
 30
0.0
 40
1.5
  1
Priz — ıslak hacim IP44 (ayrı kaçak ak
  7
GYM
 72
1
 11
79.0
 21
186.4
 31
0.0
100
AcDbText
 73
2
  0
TEXT
  5
12C3
330
1177
100
AcDbEntity
 67
1
  8
E-SEMA-YAZI
100
AcDbText
 10
109.5
 20
186.4
 30
0.0
 40
1.5
  1
L3
  7
GYM
 72
1
 11
109.5
 21
186.4
 31
0.0
100
AcDbText
 73
2
  0
TEXT
  5
12C4
330
1177
100
AcDbEntity
 67
1
  8
E-SEMA-YAZI
100
AcDbText
 10
126.0
 20
186.4
 30
0.0
 40
1.5
  1
16 A · 1P C · 6 kA
  7
GYM
 72
1
 11
126.0
 21
186.4
 31
0.0
100
AcDbText
 73
2
  0
TEXT
  5
12C5
330
1177
100
AcDbEntity
 67
1
  8
E-SEMA-YAZI
100
AcDbText
 10
156.0
 20
186.4
 30
0.0
 40
1.5
  1
↑  aynı grup
  7
GYM
 72
1
 11
156.0
 21
186.4
 31
0.0
100
AcDbText
 73
2
  0
TEXT
  5
12C6
330
1177
100
AcDbEntity
 67
1
  8
E-SEMA-YAZI
100
AcDbText
 10
186.0
 20
186.4
 30
0.0
 40
1.5
  1
NHXMH 3×2,5
  7
GYM
 72
1
 11
186.0
 21
186.4
 31
0.0
100
AcDbText
 73
2
  0
TEXT
  5
12C7
330
1177
100
AcDbEntity
 67
1
  8
E-SEMA-YAZI
100
AcDbText
 10
203.5
 20
186.4
 30
0.0
 40
1.5
  1
Ø20
  7
GYM
 72
1
 11
203.5
 21
186.4
 31
0.0
100
AcDbText
 73
2
  0
TEXT
  5
12C8
330
1177
100
AcDbEntity
 67
1
  8
E-SEMA-YAZI
100
AcDbText
 10
217.5
 20
186.4
 30
0.0
 40
1.5
  1
16 m
  7
GYM
 72
1
 11
217.5
 21
186.4
 31
0.0
100
AcDbText
 73
2
  0
TEXT
  5
12C9
330
1177
100
AcDbEntity
 67
1
  8
E-SEMA-YAZI
100
AcDbText
 10
232.5
 20
186.4
 30
0.0
 40
1.5
  1
0,50
  7
GYM
 72
1
 11
232.5
 21
186.4
 31
0.0
100
AcDbText
 73
2
  0
TEXT
  5
12CA
330
1177
100
AcDbEntity
 67
1
  8
E-SEMA-YAZI
100
AcDbText
 10
247.0
 20
186.4
 30
0.0
 40
1.5
  1
0,90
  7
GYM
 72
1
 11
247.0
 21
186.4
 31
0.0
100
AcDbText
 73
2
  0
TEXT
  5
12CB
330
1177
100
AcDbEntity
 67
1
  8
E-SEMA-YAZI
100
AcDbText
 10
261.0
 20
186.4
 30
0.0
 40
1.5
  1
2,4
  7
GYM
 72
1
 11
261.0
 21
186.4
 31
0.0
100
AcDbText
 73
2
  0
TEXT
  5
12CC
330
1177
100
AcDbEntity
 67
1
  8
E-SEMA-YAZI
100
AcDbText
 10
275.0
 20
186.4
 30
0.0
 40
1.5
  1
0,27
  7
GYM
 72
1
 11
275.0
 21
186.4
 31
0.0
100
AcDbText
 73
2
  0
TEXT
  5
12CD
330
1177
100
AcDbEntity
 67
1
  8
E-SEMA-YAZI
100
AcDbText
 10
288.5
 20
186.4
 30
0.0
 40
1.5
  1
UYGUN
  7
GYM
 72
1
 11
288.5
 21
186.4
 31
0.0
100
AcDbText
 73
2
  0
TEXT
  5
12CE
330
1177
100
AcDbEntity
 67
1
  8
E-SEMA-YAZI
100
AcDbText
 10
35.5
 20
180.8
 30
0.0
 40
1.5
  1
14
  7
GYM
 72
1
 11
35.5
 21
180.8
 31
0.0
100
AcDbText
 73
2
  0
TEXT
  5
12CF
330
1177
100
AcDbEntity
 67
1
  8
E-SEMA-YAZI
100
AcDbText
 10
47.0
 20
180.8
 30
0.0
 40
1.5
  1
W1
  7
GYM
 72
1
 11
47.0
 21
180.8
 31
0.0
100
AcDbText
 73
2
  0
TEXT
  5
12D0
330
1177
100
AcDbEntity
 67
1
  8
E-SEMA-YAZI
100
AcDbText
 10
79.0
 20
180.8
 30
0.0
 40
1.5
  1
Su ısıtıcı — erkek bloğu, boyler 3 kW
  7
GYM
 72
1
 11
79.0
 21
180.8
 31
0.0
100
AcDbText
 73
2
  0
TEXT
  5
12D1
330
1177
100
AcDbEntity
 67
1
  8
E-SEMA-YAZI
100
AcDbText
 10
109.5
 20
180.8
 30
0.0
 40
1.5
  1
L3
  7
GYM
 72
1
 11
109.5
 21
180.8
 31
0.0
100
AcDbText
 73
2
  0
TEXT
  5
12D2
330
1177
100
AcDbEntity
 67
1
  8
E-SEMA-YAZI
100
AcDbText
 10
126.0
 20
180.8
 30
0.0
 40
1.5
  1
20 A · 1P C · 6 kA
  7
GYM
 72
1
 11
126.0
 21
180.8
 31
0.0
100
AcDbText
 73
2
  0
TEXT
  5
12D3
330
1177
100
AcDbEntity
 67
1
  8
E-SEMA-YAZI
100
AcDbText
 10
156.0
 20
180.8
 30
0.0
 40
1.5
  1
RCD-4 · 2×40 A / 30 mA A tipi
  7
GYM
 72
1
 11
156.0
 21
180.8
 31
0.0
100
AcDbText
 73
2
  0
TEXT
  5
12D4
330
1177
100
AcDbEntity
 67
1
  8
E-SEMA-YAZI
100
AcDbText
 10
186.0
 20
180.8
 30
0.0
 40
1.5
  1
NHXMH 3×2,5
  7
GYM
 72
1
 11
186.0
 21
180.8
 31
0.0
100
AcDbText
 73
2
  0
TEXT
  5
12D5
330
1177
100
AcDbEntity
 67
1
  8
E-SEMA-YAZI
100
AcDbText
 10
203.5
 20
180.8
 30
0.0
 40
1.5
  1
Ø20
  7
GYM
 72
1
 11
203.5
 21
180.8
 31
0.0
100
AcDbText
 73
2
  0
TEXT
  5
12D6
330
1177
100
AcDbEntity
 67
1
  8
E-SEMA-YAZI
100
AcDbText
 10
217.5
 20
180.8
 30
0.0
 40
1.5
  1
16 m
  7
GYM
 72
1
 11
217.5
 21
180.8
 31
0.0
100
AcDbText
 73
2
  0
TEXT
  5
12D7
330
1177
100
AcDbEntity
 67
1
  8
E-SEMA-YAZI
100
AcDbText
 10
232.5
 20
180.8
 30
0.0
 40
1.5
  1
3,00
  7
GYM
 72
1
 11
232.5
 21
180.8
 31
0.0
100
AcDbText
 73
2
  0
TEXT
  5
12D8
330
1177
100
AcDbEntity
 67
1
  8
E-SEMA-YAZI
100
AcDbText
 10
247.0
 20
180.8
 30
0.0
 40
1.5
  1
1,00
  7
GYM
 72
1
 11
247.0
 21
180.8
 31
0.0
100
AcDbText
 73
2
  0
TEXT
  5
12D9
330
1177
100
AcDbEntity
 67
1
  8
E-SEMA-YAZI
100
AcDbText
 10
261.0
 20
180.8
 30
0.0
 40
1.5
  1
13,0
  7
GYM
 72
1
 11
261.0
 21
180.8
 31
0.0
100
AcDbText
 73
2
  0
TEXT
  5
12DA
330
1177
100
AcDbEntity
 67
1
  8
E-SEMA-YAZI
100
AcDbText
 10
275.0
 20
180.8
 30
0.0
 40
1.5
  1
1,66
  7
GYM
 72
1
 11
275.0
 21
180.8
 31
0.0
100
AcDbText
 73
2
  0
TEXT
  5
12DB
330
1177
100
AcDbEntity
 67
1
  8
E-SEMA-YAZI
100
AcDbText
 10
288.5
 20
180.8
 30
0.0
 40
1.5
  1
UYGUN
  7
GYM
 72
1
 11
288.5
 21
180.8
 31
0.0
100
AcDbText
 73
2
  0
TEXT
  5
12DC
330
1177
100
AcDbEntity
 67
1
  8
E-SEMA-YAZI
100
AcDbText
 10
35.5
 20
175.2
 30
0.0
 40
1.5
  1
15
  7
GYM
 72
1
 11
35.5
 21
175.2
 31
0.0
100
AcDbText
 73
2
  0
TEXT
  5
12DD
330
1177
100
AcDbEntity
 67
1
  8
E-SEMA-YAZI
100
AcDbText
 10
47.0
 20
175.2
 30
0.0
 40
1.5
  1
W2
  7
GYM
 72
1
 11
47.0
 21
175.2
 31
0.0
100
AcDbText
 73
2
  0
TEXT
  5
12DE
330
1177
100
AcDbEntity
 67
1
  8
E-SEMA-YAZI
100
AcDbText
 10
79.0
 20
175.2
 30
0.0
 40
1.5
  1
Su ısıtıcı — kadın bloğu, boyler 3 kW
  7
GYM
 72
1
 11
79.0
 21
175.2
 31
0.0
100
AcDbText
 73
2
  0
TEXT
  5
12DF
330
1177
100
AcDbEntity
 67
1
  8
E-SEMA-YAZI
100
AcDbText
 10
109.5
 20
175.2
 30
0.0
 40
1.5
  1
L3
  7
GYM
 72
1
 11
109.5
 21
175.2
 31
0.0
100
AcDbText
 73
2
  0
TEXT
  5
12E0
330
1177
100
AcDbEntity
 67
1
  8
E-SEMA-YAZI
100
AcDbText
 10
126.0
 20
175.2
 30
0.0
 40
1.5
  1
20 A · 1P C · 6 kA
  7
GYM
 72
1
 11
126.0
 21
175.2
 31
0.0
100
AcDbText
 73
2
  0
TEXT
  5
12E1
330
1177
100
AcDbEntity
 67
1
  8
E-SEMA-YAZI
100
AcDbText
 10
156.0
 20
175.2
 30
0.0
 40
1.5
  1
↑  aynı grup
  7
GYM
 72
1
 11
156.0
 21
175.2
 31
0.0
100
AcDbText
 73
2
  0
TEXT
  5
12E2
330
1177
100
AcDbEntity
 67
1
  8
E-SEMA-YAZI
100
AcDbText
 10
186.0
 20
175.2
 30
0.0
 40
1.5
  1
NHXMH 3×2,5
  7
GYM
 72
1
 11
186.0
 21
175.2
 31
0.0
100
AcDbText
 73
2
  0
TEXT
  5
12E3
330
1177
100
AcDbEntity
 67
1
  8
E-SEMA-YAZI
100
AcDbText
 10
203.5
 20
175.2
 30
0.0
 40
1.5
  1
Ø20
  7
GYM
 72
1
 11
203.5
 21
175.2
 31
0.0
100
AcDbText
 73
2
  0
TEXT
  5
12E4
330
1177
100
AcDbEntity
 67
1
  8
E-SEMA-YAZI
100
AcDbText
 10
217.5
 20
175.2
 30
0.0
 40
1.5
  1
19 m
  7
GYM
 72
1
 11
217.5
 21
175.2
 31
0.0
100
AcDbText
 73
2
  0
TEXT
  5
12E5
330
1177
100
AcDbEntity
 67
1
  8
E-SEMA-YAZI
100
AcDbText
 10
232.5
 20
175.2
 30
0.0
 40
1.5
  1
3,00
  7
GYM
 72
1
 11
232.5
 21
175.2
 31
0.0
100
AcDbText
 73
2
  0
TEXT
  5
12E6
330
1177
100
AcDbEntity
 67
1
  8
E-SEMA-YAZI
100
AcDbText
 10
247.0
 20
175.2
 30
0.0
 40
1.5
  1
1,00
  7
GYM
 72
1
 11
247.0
 21
175.2
 31
0.0
100
AcDbText
 73
2
  0
TEXT
  5
12E7
330
1177
100
AcDbEntity
 67
1
  8
E-SEMA-YAZI
100
AcDbText
 10
261.0
 20
175.2
 30
0.0
 40
1.5
  1
13,0
  7
GYM
 72
1
 11
261.0
 21
175.2
 31
0.0
100
AcDbText
 73
2
  0
TEXT
  5
12E8
330
1177
100
AcDbEntity
 67
1
  8
E-SEMA-YAZI
100
AcDbText
 10
275.0
 20
175.2
 30
0.0
 40
1.5
  1
1,97
  7
GYM
 72
1
 11
275.0
 21
175.2
 31
0.0
100
AcDbText
 73
2
  0
TEXT
  5
12E9
330
1177
100
AcDbEntity
 67
1
  8
E-SEMA-YAZI
100
AcDbText
 10
288.5
 20
175.2
 30
0.0
 40
1.5
  1
UYGUN
  7
GYM
 72
1
 11
288.5
 21
175.2
 31
0.0
100
AcDbText
 73
2
  0
TEXT
  5
12EA
330
1177
100
AcDbEntity
 67
1
  8
E-SEMA-YAZI
100
AcDbText
 10
35.5
 20
169.60000000000002
 30
0.0
 40
1.5
  1
16
  7
GYM
 72
1
 11
35.5
 21
169.60000000000002
 31
0.0
100
AcDbText
 73
2
  0
TEXT
  5
12EB
330
1177
100
AcDbEntity
 67
1
  8
E-SEMA-YAZI
100
AcDbText
 10
47.0
 20
169.60000000000002
 30
0.0
 40
1.5
  1
K1
  7
GYM
 72
1
 11
47.0
 21
169.60000000000002
 31
0.0
100
AcDbText
 73
2
  0
TEXT
  5
12EC
330
1177
100
AcDbEntity
 67
1
  8
E-SEMA-YAZI
100
AcDbText
 10
79.0
 20
169.60000000000002
 30
0.0
 40
1.5
  1
Klima — arena 24.000 BTU
  7
GYM
 72
1
 11
79.0
 21
169.60000000000002
 31
0.0
100
AcDbText
 73
2
  0
TEXT
  5
12ED
330
1177
100
AcDbEntity
 67
1
  8
E-SEMA-YAZI
100
AcDbText
 10
109.5
 20
169.60000000000002
 30
0.0
 40
1.5
  1
L2
  7
GYM
 72
1
 11
109.5
 21
169.60000000000002
 31
0.0
100
AcDbText
 73
2
  0
TEXT
  5
12EE
330
1177
100
AcDbEntity
 67
1
  8
E-SEMA-YAZI
100
AcDbText
 10
126.0
 20
169.60000000000002
 30
0.0
 40
1.5
  1
16 A · 1P C · 6 kA
  7
GYM
 72
1
 11
126.0
 21
169.60000000000002
 31
0.0
100
AcDbText
 73
2
  0
TEXT
  5
12EF
330
1177
100
AcDbEntity
 67
1
  8
E-SEMA-YAZI
100
AcDbText
 10
156.0
 20
169.60000000000002
 30
0.0
 40
1.5
  1
RCD-5 · 4×40 A / 30 mA A tipi
  7
GYM
 72
1
 11
156.0
 21
169.60000000000002
 31
0.0
100
AcDbText
 73
2
  0
TEXT
  5
12F0
330
1177
100
AcDbEntity
 67
1
  8
E-SEMA-YAZI
100
AcDbText
 10
186.0
 20
169.60000000000002
 30
0.0
 40
1.5
  1
NHXMH 3×2,5
  7
GYM
 72
1
 11
186.0
 21
169.60000000000002
 31
0.0
100
AcDbText
 73
2
  0
TEXT
  5
12F1
330
1177
100
AcDbEntity
 67
1
  8
E-SEMA-YAZI
100
AcDbText
 10
203.5
 20
169.60000000000002
 30
0.0
 40
1.5
  1
Ø20
  7
GYM
 72
1
 11
203.5
 21
169.60000000000002
 31
0.0
100
AcDbText
 73
2
  0
TEXT
  5
12F2
330
1177
100
AcDbEntity
 67
1
  8
E-SEMA-YAZI
100
AcDbText
 10
217.5
 20
169.60000000000002
 30
0.0
 40
1.5
  1
18 m
  7
GYM
 72
1
 11
217.5
 21
169.60000000000002
 31
0.0
100
AcDbText
 73
2
  0
TEXT
  5
12F3
330
1177
100
AcDbEntity
 67
1
  8
E-SEMA-YAZI
100
AcDbText
 10
232.5
 20
169.60000000000002
 30
0.0
 40
1.5
  1
2,20
  7
GYM
 72
1
 11
232.5
 21
169.60000000000002
 31
0.0
100
AcDbText
 73
2
  0
TEXT
  5
12F4
330
1177
100
AcDbEntity
 67
1
  8
E-SEMA-YAZI
100
AcDbText
 10
247.0
 20
169.60000000000002
 30
0.0
 40
1.5
  1
0,85
  7
GYM
 72
1
 11
247.0
 21
169.60000000000002
 31
0.0
100
AcDbText
 73
2
  0
TEXT
  5
12F5
330
1177
100
AcDbEntity
 67
1
  8
E-SEMA-YAZI
100
AcDbText
 10
261.0
 20
169.60000000000002
 30
0.0
 40
1.5
  1
11,3
  7
GYM
 72
1
 11
261.0
 21
169.60000000000002
 31
0.0
100
AcDbText
 73
2
  0
TEXT
  5
12F6
330
1177
100
AcDbEntity
 67
1
  8
E-SEMA-YAZI
100
AcDbText
 10
275.0
 20
169.60000000000002
 30
0.0
 40
1.5
  1
1,32
  7
GYM
 72
1
 11
275.0
 21
169.60000000000002
 31
0.0
100
AcDbText
 73
2
  0
TEXT
  5
12F7
330
1177
100
AcDbEntity
 67
1
  8
E-SEMA-YAZI
100
AcDbText
 10
288.5
 20
169.60000000000002
 30
0.0
 40
1.5
  1
UYGUN
  7
GYM
 72
1
 11
288.5
 21
169.60000000000002
 31
0.0
100
AcDbText
 73
2
  0
TEXT
  5
12F8
330
1177
100
AcDbEntity
 67
1
  8
E-SEMA-YAZI
100
AcDbText
 10
35.5
 20
164.0
 30
0.0
 40
1.5
  1
17
  7
GYM
 72
1
 11
35.5
 21
164.0
 31
0.0
100
AcDbText
 73
2
  0
TEXT
  5
12F9
330
1177
100
AcDbEntity
 67
1
  8
E-SEMA-YAZI
100
AcDbText
 10
47.0
 20
164.0
 30
0.0
 40
1.5
  1
K2
  7
GYM
 72
1
 11
47.0
 21
164.0
 31
0.0
100
AcDbText
 73
2
  0
TEXT
  5
12FA
330
1177
100
AcDbEntity
 67
1
  8
E-SEMA-YAZI
100
AcDbText
 10
79.0
 20
164.0
 30
0.0
 40
1.5
  1
Klima — fonksiyonel 18.000 BTU
  7
GYM
 72
1
 11
79.0
 21
164.0
 31
0.0
100
AcDbText
 73
2
  0
TEXT
  5
12FB
330
1177
100
AcDbEntity
 67
1
  8
E-SEMA-YAZI
100
AcDbText
 10
109.5
 20
164.0
 30
0.0
 40
1.5
  1
L2
  7
GYM
 72
1
 11
109.5
 21
164.0
 31
0.0
100
AcDbText
 73
2
  0
TEXT
  5
12FC
330
1177
100
AcDbEntity
 67
1
  8
E-SEMA-YAZI
100
AcDbText
 10
126.0
 20
164.0
 30
0.0
 40
1.5
  1
16 A · 1P C · 6 kA
  7
GYM
 72
1
 11
126.0
 21
164.0
 31
0.0
100
AcDbText
 73
2
  0
TEXT
  5
12FD
330
1177
100
AcDbEntity
 67
1
  8
E-SEMA-YAZI
100
AcDbText
 10
156.0
 20
164.0
 30
0.0
 40
1.5
  1
↑  aynı grup
  7
GYM
 72
1
 11
156.0
 21
164.0
 31
0.0
100
AcDbText
 73
2
  0
TEXT
  5
12FE
330
1177
100
AcDbEntity
 67
1
  8
E-SEMA-YAZI
100
AcDbText
 10
186.0
 20
164.0
 30
0.0
 40
1.5
  1
NHXMH 3×2,5
  7
GYM
 72
1
 11
186.0
 21
164.0
 31
0.0
100
AcDbText
 73
2
  0
TEXT
  5
12FF
330
1177
100
AcDbEntity
 67
1
  8
E-SEMA-YAZI
100
AcDbText
 10
203.5
 20
164.0
 30
0.0
 40
1.5
  1
Ø20
  7
GYM
 72
1
 11
203.5
 21
164.0
 31
0.0
100
AcDbText
 73
2
  0
TEXT
  5
1300
330
1177
100
AcDbEntity
 67
1
  8
E-SEMA-YAZI
100
AcDbText
 10
217.5
 20
164.0
 30
0.0
 40
1.5
  1
13 m
  7
GYM
 72
1
 11
217.5
 21
164.0
 31
0.0
100
AcDbText
 73
2
  0
TEXT
  5
1301
330
1177
100
AcDbEntity
 67
1
  8
E-SEMA-YAZI
100
AcDbText
 10
232.5
 20
164.0
 30
0.0
 40
1.5
  1
1,70
  7
GYM
 72
1
 11
232.5
 21
164.0
 31
0.0
100
AcDbText
 73
2
  0
TEXT
  5
1302
330
1177
100
AcDbEntity
 67
1
  8
E-SEMA-YAZI
100
AcDbText
 10
247.0
 20
164.0
 30
0.0
 40
1.5
  1
0,85
  7
GYM
 72
1
 11
247.0
 21
164.0
 31
0.0
100
AcDbText
 73
2
  0
TEXT
  5
1303
330
1177
100
AcDbEntity
 67
1
  8
E-SEMA-YAZI
100
AcDbText
 10
261.0
 20
164.0
 30
0.0
 40
1.5
  1
8,7
  7
GYM
 72
1
 11
261.0
 21
164.0
 31
0.0
100
AcDbText
 73
2
  0
TEXT
  5
1304
330
1177
100
AcDbEntity
 67
1
  8
E-SEMA-YAZI
100
AcDbText
 10
275.0
 20
164.0
 30
0.0
 40
1.5
  1
0,73
  7
GYM
 72
1
 11
275.0
 21
164.0
 31
0.0
100
AcDbText
 73
2
  0
TEXT
  5
1305
330
1177
100
AcDbEntity
 67
1
  8
E-SEMA-YAZI
100
AcDbText
 10
288.5
 20
164.0
 30
0.0
 40
1.5
  1
UYGUN
  7
GYM
 72
1
 11
288.5
 21
164.0
 31
0.0
100
AcDbText
 73
2
  0
TEXT
  5
1306
330
1177
100
AcDbEntity
 67
1
  8
E-SEMA-YAZI
100
AcDbText
 10
35.5
 20
158.4
 30
0.0
 40
1.5
  1
18
  7
GYM
 72
1
 11
35.5
 21
158.4
 31
0.0
100
AcDbText
 73
2
  0
TEXT
  5
1307
330
1177
100
AcDbEntity
 67
1
  8
E-SEMA-YAZI
100
AcDbText
 10
47.0
 20
158.4
 30
0.0
 40
1.5
  1
K3
  7
GYM
 72
1
 11
47.0
 21
158.4
 31
0.0
100
AcDbText
 73
2
  0
TEXT
  5
1308
330
1177
100
AcDbEntity
 67
1
  8
E-SEMA-YAZI
100
AcDbText
 10
79.0
 20
158.4
 30
0.0
 40
1.5
  1
Klima — giriş 12.000 BTU
  7
GYM
 72
1
 11
79.0
 21
158.4
 31
0.0
100
AcDbText
 73
2
  0
TEXT
  5
1309
330
1177
100
AcDbEntity
 67
1
  8
E-SEMA-YAZI
100
AcDbText
 10
109.5
 20
158.4
 30
0.0
 40
1.5
  1
L1
  7
GYM
 72
1
 11
109.5
 21
158.4
 31
0.0
100
AcDbText
 73
2
  0
TEXT
  5
130A
330
1177
100
AcDbEntity
 67
1
  8
E-SEMA-YAZI
100
AcDbText
 10
126.0
 20
158.4
 30
0.0
 40
1.5
  1
16 A · 1P C · 6 kA
  7
GYM
 72
1
 11
126.0
 21
158.4
 31
0.0
100
AcDbText
 73
2
  0
TEXT
  5
130B
330
1177
100
AcDbEntity
 67
1
  8
E-SEMA-YAZI
100
AcDbText
 10
156.0
 20
158.4
 30
0.0
 40
1.5
  1
↑  aynı grup
  7
GYM
 72
1
 11
156.0
 21
158.4
 31
0.0
100
AcDbText
 73
2
  0
TEXT
  5
130C
330
1177
100
AcDbEntity
 67
1
  8
E-SEMA-YAZI
100
AcDbText
 10
186.0
 20
158.4
 30
0.0
 40
1.5
  1
NHXMH 3×2,5
  7
GYM
 72
1
 11
186.0
 21
158.4
 31
0.0
100
AcDbText
 73
2
  0
TEXT
  5
130D
330
1177
100
AcDbEntity
 67
1
  8
E-SEMA-YAZI
100
AcDbText
 10
203.5
 20
158.4
 30
0.0
 40
1.5
  1
Ø20
  7
GYM
 72
1
 11
203.5
 21
158.4
 31
0.0
100
AcDbText
 73
2
  0
TEXT
  5
130E
330
1177
100
AcDbEntity
 67
1
  8
E-SEMA-YAZI
100
AcDbText
 10
217.5
 20
158.4
 30
0.0
 40
1.5
  1
12 m
  7
GYM
 72
1
 11
217.5
 21
158.4
 31
0.0
100
AcDbText
 73
2
  0
TEXT
  5
130F
330
1177
100
AcDbEntity
 67
1
  8
E-SEMA-YAZI
100
AcDbText
 10
232.5
 20
158.4
 30
0.0
 40
1.5
  1
1,15
  7
GYM
 72
1
 11
232.5
 21
158.4
 31
0.0
100
AcDbText
 73
2
  0
TEXT
  5
1310
330
1177
100
AcDbEntity
 67
1
  8
E-SEMA-YAZI
100
AcDbText
 10
247.0
 20
158.4
 30
0.0
 40
1.5
  1
0,85
  7
GYM
 72
1
 11
247.0
 21
158.4
 31
0.0
100
AcDbText
 73
2
  0
TEXT
  5
1311
330
1177
100
AcDbEntity
 67
1
  8
E-SEMA-YAZI
100
AcDbText
 10
261.0
 20
158.4
 30
0.0
 40
1.5
  1
5,9
  7
GYM
 72
1
 11
261.0
 21
158.4
 31
0.0
100
AcDbText
 73
2
  0
TEXT
  5
1312
330
1177
100
AcDbEntity
 67
1
  8
E-SEMA-YAZI
100
AcDbText
 10
275.0
 20
158.4
 30
0.0
 40
1.5
  1
0,48
  7
GYM
 72
1
 11
275.0
 21
158.4
 31
0.0
100
AcDbText
 73
2
  0
TEXT
  5
1313
330
1177
100
AcDbEntity
 67
1
  8
E-SEMA-YAZI
100
AcDbText
 10
288.5
 20
158.4
 30
0.0
 40
1.5
  1
UYGUN
  7
GYM
 72
1
 11
288.5
 21
158.4
 31
0.0
100
AcDbText
 73
2
  0
TEXT
  5
1314
330
1177
100
AcDbEntity
 67
1
  8
E-SEMA-YAZI
100
AcDbText
 10
35.5
 20
152.8
 30
0.0
 40
1.5
  1
19
  7
GYM
 72
1
 11
35.5
 21
152.8
 31
0.0
100
AcDbText
 73
2
  0
TEXT
  5
1315
330
1177
100
AcDbEntity
 67
1
  8
E-SEMA-YAZI
100
AcDbText
 10
47.0
 20
152.8
 30
0.0
 40
1.5
  1
K4
  7
GYM
 72
1
 11
47.0
 21
152.8
 31
0.0
100
AcDbText
 73
2
  0
TEXT
  5
1316
330
1177
100
AcDbEntity
 67
1
  8
E-SEMA-YAZI
100
AcDbText
 10
79.0
 20
152.8
 30
0.0
 40
1.5
  1
Klima — dinlenme 12.000 BTU
  7
GYM
 72
1
 11
79.0
 21
152.8
 31
0.0
100
AcDbText
 73
2
  0
TEXT
  5
1317
330
1177
100
AcDbEntity
 67
1
  8
E-SEMA-YAZI
100
AcDbText
 10
109.5
 20
152.8
 30
0.0
 40
1.5
  1
L1
  7
GYM
 72
1
 11
109.5
 21
152.8
 31
0.0
100
AcDbText
 73
2
  0
TEXT
  5
1318
330
1177
100
AcDbEntity
 67
1
  8
E-SEMA-YAZI
100
AcDbText
 10
126.0
 20
152.8
 30
0.0
 40
1.5
  1
16 A · 1P C · 6 kA
  7
GYM
 72
1
 11
126.0
 21
152.8
 31
0.0
100
AcDbText
 73
2
  0
TEXT
  5
1319
330
1177
100
AcDbEntity
 67
1
  8
E-SEMA-YAZI
100
AcDbText
 10
156.0
 20
152.8
 30
0.0
 40
1.5
  1
↑  aynı grup
  7
GYM
 72
1
 11
156.0
 21
152.8
 31
0.0
100
AcDbText
 73
2
  0
TEXT
  5
131A
330
1177
100
AcDbEntity
 67
1
  8
E-SEMA-YAZI
100
AcDbText
 10
186.0
 20
152.8
 30
0.0
 40
1.5
  1
NHXMH 3×2,5
  7
GYM
 72
1
 11
186.0
 21
152.8
 31
0.0
100
AcDbText
 73
2
  0
TEXT
  5
131B
330
1177
100
AcDbEntity
 67
1
  8
E-SEMA-YAZI
100
AcDbText
 10
203.5
 20
152.8
 30
0.0
 40
1.5
  1
Ø20
  7
GYM
 72
1
 11
203.5
 21
152.8
 31
0.0
100
AcDbText
 73
2
  0
TEXT
  5
131C
330
1177
100
AcDbEntity
 67
1
  8
E-SEMA-YAZI
100
AcDbText
 10
217.5
 20
152.8
 30
0.0
 40
1.5
  1
15 m
  7
GYM
 72
1
 11
217.5
 21
152.8
 31
0.0
100
AcDbText
 73
2
  0
TEXT
  5
131D
330
1177
100
AcDbEntity
 67
1
  8
E-SEMA-YAZI
100
AcDbText
 10
232.5
 20
152.8
 30
0.0
 40
1.5
  1
1,15
  7
GYM
 72
1
 11
232.5
 21
152.8
 31
0.0
100
AcDbText
 73
2
  0
TEXT
  5
131E
330
1177
100
AcDbEntity
 67
1
  8
E-SEMA-YAZI
100
AcDbText
 10
247.0
 20
152.8
 30
0.0
 40
1.5
  1
0,85
  7
GYM
 72
1
 11
247.0
 21
152.8
 31
0.0
100
AcDbText
 73
2
  0
TEXT
  5
131F
330
1177
100
AcDbEntity
 67
1
  8
E-SEMA-YAZI
100
AcDbText
 10
261.0
 20
152.8
 30
0.0
 40
1.5
  1
5,9
  7
GYM
 72
1
 11
261.0
 21
152.8
 31
0.0
100
AcDbText
 73
2
  0
TEXT
  5
1320
330
1177
100
AcDbEntity
 67
1
  8
E-SEMA-YAZI
100
AcDbText
 10
275.0
 20
152.8
 30
0.0
 40
1.5
  1
0,58
  7
GYM
 72
1
 11
275.0
 21
152.8
 31
0.0
100
AcDbText
 73
2
  0
TEXT
  5
1321
330
1177
100
AcDbEntity
 67
1
  8
E-SEMA-YAZI
100
AcDbText
 10
288.5
 20
152.8
 30
0.0
 40
1.5
  1
UYGUN
  7
GYM
 72
1
 11
288.5
 21
152.8
 31
0.0
100
AcDbText
 73
2
  0
TEXT
  5
1322
330
1177
100
AcDbEntity
 67
1
  8
E-SEMA-YAZI
100
AcDbText
 10
35.5
 20
147.2
 30
0.0
 40
1.5
  1
20
  7
GYM
 72
1
 11
35.5
 21
147.2
 31
0.0
100
AcDbText
 73
2
  0
TEXT
  5
1323
330
1177
100
AcDbEntity
 67
1
  8
E-SEMA-YAZI
100
AcDbText
 10
47.0
 20
147.2
 30
0.0
 40
1.5
  1
V1
  7
GYM
 72
1
 11
47.0
 21
147.2
 31
0.0
100
AcDbText
 73
2
  0
TEXT
  5
1324
330
1177
100
AcDbEntity
 67
1
  8
E-SEMA-YAZI
100
AcDbText
 10
79.0
 20
147.2
 30
0.0
 40
1.5
  1
Havalandırma — taze hava + egzoz fanı
  7
GYM
 72
1
 11
79.0
 21
147.2
 31
0.0
100
AcDbText
 73
2
  0
TEXT
  5
1325
330
1177
100
AcDbEntity
 67
1
  8
E-SEMA-YAZI
100
AcDbText
 10
109.5
 20
147.2
 30
0.0
 40
1.5
  1
L2
  7
GYM
 72
1
 11
109.5
 21
147.2
 31
0.0
100
AcDbText
 73
2
  0
TEXT
  5
1326
330
1177
100
AcDbEntity
 67
1
  8
E-SEMA-YAZI
100
AcDbText
 10
126.0
 20
147.2
 30
0.0
 40
1.5
  1
10 A · 1P C · 6 kA
  7
GYM
 72
1
 11
126.0
 21
147.2
 31
0.0
100
AcDbText
 73
2
  0
TEXT
  5
1327
330
1177
100
AcDbEntity
 67
1
  8
E-SEMA-YAZI
100
AcDbText
 10
156.0
 20
147.2
 30
0.0
 40
1.5
  1
↑  aynı grup
  7
GYM
 72
1
 11
156.0
 21
147.2
 31
0.0
100
AcDbText
 73
2
  0
TEXT
  5
1328
330
1177
100
AcDbEntity
 67
1
  8
E-SEMA-YAZI
100
AcDbText
 10
186.0
 20
147.2
 30
0.0
 40
1.5
  1
NHXMH 3×2,5
  7
GYM
 72
1
 11
186.0
 21
147.2
 31
0.0
100
AcDbText
 73
2
  0
TEXT
  5
1329
330
1177
100
AcDbEntity
 67
1
  8
E-SEMA-YAZI
100
AcDbText
 10
203.5
 20
147.2
 30
0.0
 40
1.5
  1
Ø20
  7
GYM
 72
1
 11
203.5
 21
147.2
 31
0.0
100
AcDbText
 73
2
  0
TEXT
  5
132A
330
1177
100
AcDbEntity
 67
1
  8
E-SEMA-YAZI
100
AcDbText
 10
217.5
 20
147.2
 30
0.0
 40
1.5
  1
14 m
  7
GYM
 72
1
 11
217.5
 21
147.2
 31
0.0
100
AcDbText
 73
2
  0
TEXT
  5
132B
330
1177
100
AcDbEntity
 67
1
  8
E-SEMA-YAZI
100
AcDbText
 10
232.5
 20
147.2
 30
0.0
 40
1.5
  1
0,45
  7
GYM
 72
1
 11
232.5
 21
147.2
 31
0.0
100
AcDbText
 73
2
  0
TEXT
  5
132C
330
1177
100
AcDbEntity
 67
1
  8
E-SEMA-YAZI
100
AcDbText
 10
247.0
 20
147.2
 30
0.0
 40
1.5
  1
0,85
  7
GYM
 72
1
 11
247.0
 21
147.2
 31
0.0
100
AcDbText
 73
2
  0
TEXT
  5
132D
330
1177
100
AcDbEntity
 67
1
  8
E-SEMA-YAZI
100
AcDbText
 10
261.0
 20
147.2
 30
0.0
 40
1.5
  1
2,3
  7
GYM
 72
1
 11
261.0
 21
147.2
 31
0.0
100
AcDbText
 73
2
  0
TEXT
  5
132E
330
1177
100
AcDbEntity
 67
1
  8
E-SEMA-YAZI
100
AcDbText
 10
275.0
 20
147.2
 30
0.0
 40
1.5
  1
0,21
  7
GYM
 72
1
 11
275.0
 21
147.2
 31
0.0
100
AcDbText
 73
2
  0
TEXT
  5
132F
330
1177
100
AcDbEntity
 67
1
  8
E-SEMA-YAZI
100
AcDbText
 10
288.5
 20
147.2
 30
0.0
 40
1.5
  1
UYGUN
  7
GYM
 72
1
 11
288.5
 21
147.2
 31
0.0
100
AcDbText
 73
2
  0
TEXT
  5
1330
330
1177
100
AcDbEntity
 67
1
  8
E-SEMA-YAZI
100
AcDbText
 10
35.5
 20
141.60000000000002
 30
0.0
 40
1.5
  1
21
  7
GYM
 72
1
 11
35.5
 21
141.60000000000002
 31
0.0
100
AcDbText
 73
2
  0
TEXT
  5
1331
330
1177
100
AcDbEntity
 67
1
  8
E-SEMA-YAZI
100
AcDbText
 10
47.0
 20
141.60000000000002
 30
0.0
 40
1.5
  1
V2
  7
GYM
 72
1
 11
47.0
 21
141.60000000000002
 31
0.0
100
AcDbText
 73
2
  0
TEXT
  5
1332
330
1177
100
AcDbEntity
 67
1
  8
E-SEMA-YAZI
100
AcDbText
 10
79.0
 20
141.60000000000002
 30
0.0
 40
1.5
  1
Islak hacim egzoz fanı
  7
GYM
 72
1
 11
79.0
 21
141.60000000000002
 31
0.0
100
AcDbText
 73
2
  0
TEXT
  5
1333
330
1177
100
AcDbEntity
 67
1
  8
E-SEMA-YAZI
100
AcDbText
 10
109.5
 20
141.60000000000002
 30
0.0
 40
1.5
  1
L2
  7
GYM
 72
1
 11
109.5
 21
141.60000000000002
 31
0.0
100
AcDbText
 73
2
  0
TEXT
  5
1334
330
1177
100
AcDbEntity
 67
1
  8
E-SEMA-YAZI
100
AcDbText
 10
126.0
 20
141.60000000000002
 30
0.0
 40
1.5
  1
6 A · 1P C · 6 kA
  7
GYM
 72
1
 11
126.0
 21
141.60000000000002
 31
0.0
100
AcDbText
 73
2
  0
TEXT
  5
1335
330
1177
100
AcDbEntity
 67
1
  8
E-SEMA-YAZI
100
AcDbText
 10
156.0
 20
141.60000000000002
 30
0.0
 40
1.5
  1
↑  aynı grup
  7
GYM
 72
1
 11
156.0
 21
141.60000000000002
 31
0.0
100
AcDbText
 73
2
  0
TEXT
  5
1336
330
1177
100
AcDbEntity
 67
1
  8
E-SEMA-YAZI
100
AcDbText
 10
186.0
 20
141.60000000000002
 30
0.0
 40
1.5
  1
NHXMH 3×2,5
  7
GYM
 72
1
 11
186.0
 21
141.60000000000002
 31
0.0
100
AcDbText
 73
2
  0
TEXT
  5
1337
330
1177
100
AcDbEntity
 67
1
  8
E-SEMA-YAZI
100
AcDbText
 10
203.5
 20
141.60000000000002
 30
0.0
 40
1.5
  1
Ø20
  7
GYM
 72
1
 11
203.5
 21
141.60000000000002
 31
0.0
100
AcDbText
 73
2
  0
TEXT
  5
1338
330
1177
100
AcDbEntity
 67
1
  8
E-SEMA-YAZI
100
AcDbText
 10
217.5
 20
141.60000000000002
 30
0.0
 40
1.5
  1
16 m
  7
GYM
 72
1
 11
217.5
 21
141.60000000000002
 31
0.0
100
AcDbText
 73
2
  0
TEXT
  5
1339
330
1177
100
AcDbEntity
 67
1
  8
E-SEMA-YAZI
100
AcDbText
 10
232.5
 20
141.60000000000002
 30
0.0
 40
1.5
  1
0,12
  7
GYM
 72
1
 11
232.5
 21
141.60000000000002
 31
0.0
100
AcDbText
 73
2
  0
TEXT
  5
133A
330
1177
100
AcDbEntity
 67
1
  8
E-SEMA-YAZI
100
AcDbText
 10
247.0
 20
141.60000000000002
 30
0.0
 40
1.5
  1
0,85
  7
GYM
 72
1
 11
247.0
 21
141.60000000000002
 31
0.0
100
AcDbText
 73
2
  0
TEXT
  5
133B
330
1177
100
AcDbEntity
 67
1
  8
E-SEMA-YAZI
100
AcDbText
 10
261.0
 20
141.60000000000002
 30
0.0
 40
1.5
  1
0,6
  7
GYM
 72
1
 11
261.0
 21
141.60000000000002
 31
0.0
100
AcDbText
 73
2
  0
TEXT
  5
133C
330
1177
100
AcDbEntity
 67
1
  8
E-SEMA-YAZI
100
AcDbText
 10
275.0
 20
141.60000000000002
 30
0.0
 40
1.5
  1
0,07
  7
GYM
 72
1
 11
275.0
 21
141.60000000000002
 31
0.0
100
AcDbText
 73
2
  0
TEXT
  5
133D
330
1177
100
AcDbEntity
 67
1
  8
E-SEMA-YAZI
100
AcDbText
 10
288.5
 20
141.60000000000002
 30
0.0
 40
1.5
  1
UYGUN
  7
GYM
 72
1
 11
288.5
 21
141.60000000000002
 31
0.0
100
AcDbText
 73
2
  0
TEXT
  5
133E
330
1177
100
AcDbEntity
 67
1
  8
E-SEMA-YAZI
100
AcDbText
 10
35.5
 20
136.0
 30
0.0
 40
1.5
  1
22
  7
GYM
 72
1
 11
35.5
 21
136.0
 31
0.0
100
AcDbText
 73
2
  0
TEXT
  5
133F
330
1177
100
AcDbEntity
 67
1
  8
E-SEMA-YAZI
100
AcDbText
 10
47.0
 20
136.0
 30
0.0
 40
1.5
  1
Y1
  7
GYM
 72
1
 11
47.0
 21
136.0
 31
0.0
100
AcDbText
 73
2
  0
TEXT
  5
1340
330
1177
100
AcDbEntity
 67
1
  8
E-SEMA-YAZI
100
AcDbText
 10
79.0
 20
136.0
 30
0.0
 40
1.5
  1
YEDEK — ileride yük bağlanacak
  7
GYM
 72
1
 11
79.0
 21
136.0
 31
0.0
100
AcDbText
 73
2
  0
TEXT
  5
1341
330
1177
100
AcDbEntity
 67
1
  8
E-SEMA-YAZI
100
AcDbText
 10
109.5
 20
136.0
 30
0.0
 40
1.5
  1
L1
  7
GYM
 72
1
 11
109.5
 21
136.0
 31
0.0
100
AcDbText
 73
2
  0
TEXT
  5
1342
330
1177
100
AcDbEntity
 67
1
  8
E-SEMA-YAZI
100
AcDbText
 10
126.0
 20
136.0
 30
0.0
 40
1.5
  1
16 A · 1P C · 6 kA
  7
GYM
 72
1
 11
126.0
 21
136.0
 31
0.0
100
AcDbText
 73
2
  0
TEXT
  5
1343
330
1177
100
AcDbEntity
 67
1
  8
E-SEMA-YAZI
100
AcDbText
 10
156.0
 20
136.0
 30
0.0
 40
1.5
  1
RCD-6 · 4×40 A / 30 mA A tipi
  7
GYM
 72
1
 11
156.0
 21
136.0
 31
0.0
100
AcDbText
 73
2
  0
TEXT
  5
1344
330
1177
100
AcDbEntity
 67
1
  8
E-SEMA-YAZI
100
AcDbText
 10
186.0
 20
136.0
 30
0.0
 40
1.5
  1
—
  7
GYM
 72
1
 11
186.0
 21
136.0
 31
0.0
100
AcDbText
 73
2
  0
TEXT
  5
1345
330
1177
100
AcDbEntity
 67
1
  8
E-SEMA-YAZI
100
AcDbText
 10
203.5
 20
136.0
 30
0.0
 40
1.5
  1
—
  7
GYM
 72
1
 11
203.5
 21
136.0
 31
0.0
100
AcDbText
 73
2
  0
TEXT
  5
1346
330
1177
100
AcDbEntity
 67
1
  8
E-SEMA-YAZI
100
AcDbText
 10
217.5
 20
136.0
 30
0.0
 40
1.5
  1
—
  7
GYM
 72
1
 11
217.5
 21
136.0
 31
0.0
100
AcDbText
 73
2
  0
TEXT
  5
1347
330
1177
100
AcDbEntity
 67
1
  8
E-SEMA-YAZI
100
AcDbText
 10
232.5
 20
136.0
 30
0.0
 40
1.5
  1
—
  7
GYM
 72
1
 11
232.5
 21
136.0
 31
0.0
100
AcDbText
 73
2
  0
TEXT
  5
1348
330
1177
100
AcDbEntity
 67
1
  8
E-SEMA-YAZI
100
AcDbText
 10
247.0
 20
136.0
 30
0.0
 40
1.5
  1
—
  7
GYM
 72
1
 11
247.0
 21
136.0
 31
0.0
100
AcDbText
 73
2
  0
TEXT
  5
1349
330
1177
100
AcDbEntity
 67
1
  8
E-SEMA-YAZI
100
AcDbText
 10
261.0
 20
136.0
 30
0.0
 40
1.5
  1
—
  7
GYM
 72
1
 11
261.0
 21
136.0
 31
0.0
100
AcDbText
 73
2
  0
TEXT
  5
134A
330
1177
100
AcDbEntity
 67
1
  8
E-SEMA-YAZI
100
AcDbText
 10
275.0
 20
136.0
 30
0.0
 40
1.5
  1
—
  7
GYM
 72
1
 11
275.0
 21
136.0
 31
0.0
100
AcDbText
 73
2
  0
TEXT
  5
134B
330
1177
100
AcDbEntity
 67
1
  8
E-SEMA-YAZI
100
AcDbText
 10
288.5
 20
136.0
 30
0.0
 40
1.5
  1
YEDEK
  7
GYM
 72
1
 11
288.5
 21
136.0
 31
0.0
100
AcDbText
 73
2
  0
TEXT
  5
134C
330
1177
100
AcDbEntity
 67
1
  8
E-SEMA-YAZI
100
AcDbText
 10
35.5
 20
130.4
 30
0.0
 40
1.5
  1
23
  7
GYM
 72
1
 11
35.5
 21
130.4
 31
0.0
100
AcDbText
 73
2
  0
TEXT
  5
134D
330
1177
100
AcDbEntity
 67
1
  8
E-SEMA-YAZI
100
AcDbText
 10
47.0
 20
130.4
 30
0.0
 40
1.5
  1
Y2
  7
GYM
 72
1
 11
47.0
 21
130.4
 31
0.0
100
AcDbText
 73
2
  0
TEXT
  5
134E
330
1177
100
AcDbEntity
 67
1
  8
E-SEMA-YAZI
100
AcDbText
 10
79.0
 20
130.4
 30
0.0
 40
1.5
  1
YEDEK — ileride yük bağlanacak
  7
GYM
 72
1
 11
79.0
 21
130.4
 31
0.0
100
AcDbText
 73
2
  0
TEXT
  5
134F
330
1177
100
AcDbEntity
 67
1
  8
E-SEMA-YAZI
100
AcDbText
 10
109.5
 20
130.4
 30
0.0
 40
1.5
  1
L2
  7
GYM
 72
1
 11
109.5
 21
130.4
 31
0.0
100
AcDbText
 73
2
  0
TEXT
  5
1350
330
1177
100
AcDbEntity
 67
1
  8
E-SEMA-YAZI
100
AcDbText
 10
126.0
 20
130.4
 30
0.0
 40
1.5
  1
16 A · 1P C · 6 kA
  7
GYM
 72
1
 11
126.0
 21
130.4
 31
0.0
100
AcDbText
 73
2
  0
TEXT
  5
1351
330
1177
100
AcDbEntity
 67
1
  8
E-SEMA-YAZI
100
AcDbText
 10
156.0
 20
130.4
 30
0.0
 40
1.5
  1
↑  aynı grup
  7
GYM
 72
1
 11
156.0
 21
130.4
 31
0.0
100
AcDbText
 73
2
  0
TEXT
  5
1352
330
1177
100
AcDbEntity
 67
1
  8
E-SEMA-YAZI
100
AcDbText
 10
186.0
 20
130.4
 30
0.0
 40
1.5
  1
—
  7
GYM
 72
1
 11
186.0
 21
130.4
 31
0.0
100
AcDbText
 73
2
  0
TEXT
  5
1353
330
1177
100
AcDbEntity
 67
1
  8
E-SEMA-YAZI
100
AcDbText
 10
203.5
 20
130.4
 30
0.0
 40
1.5
  1
—
  7
GYM
 72
1
 11
203.5
 21
130.4
 31
0.0
100
AcDbText
 73
2
  0
TEXT
  5
1354
330
1177
100
AcDbEntity
 67
1
  8
E-SEMA-YAZI
100
AcDbText
 10
217.5
 20
130.4
 30
0.0
 40
1.5
  1
—
  7
GYM
 72
1
 11
217.5
 21
130.4
 31
0.0
100
AcDbText
 73
2
  0
TEXT
  5
1355
330
1177
100
AcDbEntity
 67
1
  8
E-SEMA-YAZI
100
AcDbText
 10
232.5
 20
130.4
 30
0.0
 40
1.5
  1
—
  7
GYM
 72
1
 11
232.5
 21
130.4
 31
0.0
100
AcDbText
 73
2
  0
TEXT
  5
1356
330
1177
100
AcDbEntity
 67
1
  8
E-SEMA-YAZI
100
AcDbText
 10
247.0
 20
130.4
 30
0.0
 40
1.5
  1
—
  7
GYM
 72
1
 11
247.0
 21
130.4
 31
0.0
100
AcDbText
 73
2
  0
TEXT
  5
1357
330
1177
100
AcDbEntity
 67
1
  8
E-SEMA-YAZI
100
AcDbText
 10
261.0
 20
130.4
 30
0.0
 40
1.5
  1
—
  7
GYM
 72
1
 11
261.0
 21
130.4
 31
0.0
100
AcDbText
 73
2
  0
TEXT
  5
1358
330
1177
100
AcDbEntity
 67
1
  8
E-SEMA-YAZI
100
AcDbText
 10
275.0
 20
130.4
 30
0.0
 40
1.5
  1
—
  7
GYM
 72
1
 11
275.0
 21
130.4
 31
0.0
100
AcDbText
 73
2
  0
TEXT
  5
1359
330
1177
100
AcDbEntity
 67
1
  8
E-SEMA-YAZI
100
AcDbText
 10
288.5
 20
130.4
 30
0.0
 40
1.5
  1
YEDEK
  7
GYM
 72
1
 11
288.5
 21
130.4
 31
0.0
100
AcDbText
 73
2
  0
TEXT
  5
135A
330
1177
100
AcDbEntity
 67
1
  8
E-SEMA-YAZI
100
AcDbText
 10
35.5
 20
124.80000000000001
 30
0.0
 40
1.5
  1
24
  7
GYM
 72
1
 11
35.5
 21
124.80000000000001
 31
0.0
100
AcDbText
 73
2
  0
TEXT
  5
135B
330
1177
100
AcDbEntity
 67
1
  8
E-SEMA-YAZI
100
AcDbText
 10
47.0
 20
124.80000000000001
 30
0.0
 40
1.5
  1
Y3
  7
GYM
 72
1
 11
47.0
 21
124.80000000000001
 31
0.0
100
AcDbText
 73
2
  0
TEXT
  5
135C
330
1177
100
AcDbEntity
 67
1
  8
E-SEMA-YAZI
100
AcDbText
 10
79.0
 20
124.80000000000001
 30
0.0
 40
1.5
  1
YEDEK — ileride yük bağlanacak
  7
GYM
 72
1
 11
79.0
 21
124.80000000000001
 31
0.0
100
AcDbText
 73
2
  0
TEXT
  5
135D
330
1177
100
AcDbEntity
 67
1
  8
E-SEMA-YAZI
100
AcDbText
 10
109.5
 20
124.80000000000001
 30
0.0
 40
1.5
  1
L3
  7
GYM
 72
1
 11
109.5
 21
124.80000000000001
 31
0.0
100
AcDbText
 73
2
  0
TEXT
  5
135E
330
1177
100
AcDbEntity
 67
1
  8
E-SEMA-YAZI
100
AcDbText
 10
126.0
 20
124.80000000000001
 30
0.0
 40
1.5
  1
16 A · 1P C · 6 kA
  7
GYM
 72
1
 11
126.0
 21
124.80000000000001
 31
0.0
100
AcDbText
 73
2
  0
TEXT
  5
135F
330
1177
100
AcDbEntity
 67
1
  8
E-SEMA-YAZI
100
AcDbText
 10
156.0
 20
124.80000000000001
 30
0.0
 40
1.5
  1
↑  aynı grup
  7
GYM
 72
1
 11
156.0
 21
124.80000000000001
 31
0.0
100
AcDbText
 73
2
  0
TEXT
  5
1360
330
1177
100
AcDbEntity
 67
1
  8
E-SEMA-YAZI
100
AcDbText
 10
186.0
 20
124.80000000000001
 30
0.0
 40
1.5
  1
—
  7
GYM
 72
1
 11
186.0
 21
124.80000000000001
 31
0.0
100
AcDbText
 73
2
  0
TEXT
  5
1361
330
1177
100
AcDbEntity
 67
1
  8
E-SEMA-YAZI
100
AcDbText
 10
203.5
 20
124.80000000000001
 30
0.0
 40
1.5
  1
—
  7
GYM
 72
1
 11
203.5
 21
124.80000000000001
 31
0.0
100
AcDbText
 73
2
  0
TEXT
  5
1362
330
1177
100
AcDbEntity
 67
1
  8
E-SEMA-YAZI
100
AcDbText
 10
217.5
 20
124.80000000000001
 30
0.0
 40
1.5
  1
—
  7
GYM
 72
1
 11
217.5
 21
124.80000000000001
 31
0.0
100
AcDbText
 73
2
  0
TEXT
  5
1363
330
1177
100
AcDbEntity
 67
1
  8
E-SEMA-YAZI
100
AcDbText
 10
232.5
 20
124.80000000000001
 30
0.0
 40
1.5
  1
—
  7
GYM
 72
1
 11
232.5
 21
124.80000000000001
 31
0.0
100
AcDbText
 73
2
  0
TEXT
  5
1364
330
1177
100
AcDbEntity
 67
1
  8
E-SEMA-YAZI
100
AcDbText
 10
247.0
 20
124.80000000000001
 30
0.0
 40
1.5
  1
—
  7
GYM
 72
1
 11
247.0
 21
124.80000000000001
 31
0.0
100
AcDbText
 73
2
  0
TEXT
  5
1365
330
1177
100
AcDbEntity
 67
1
  8
E-SEMA-YAZI
100
AcDbText
 10
261.0
 20
124.80000000000001
 30
0.0
 40
1.5
  1
—
  7
GYM
 72
1
 11
261.0
 21
124.80000000000001
 31
0.0
100
AcDbText
 73
2
  0
TEXT
  5
1366
330
1177
100
AcDbEntity
 67
1
  8
E-SEMA-YAZI
100
AcDbText
 10
275.0
 20
124.80000000000001
 30
0.0
 40
1.5
  1
—
  7
GYM
 72
1
 11
275.0
 21
124.80000000000001
 31
0.0
100
AcDbText
 73
2
  0
TEXT
  5
1367
330
1177
100
AcDbEntity
 67
1
  8
E-SEMA-YAZI
100
AcDbText
 10
288.5
 20
124.80000000000001
 30
0.0
 40
1.5
  1
YEDEK
  7
GYM
 72
1
 11
288.5
 21
124.80000000000001
 31
0.0
100
AcDbText
 73
2
  0
TEXT
  5
1368
330
1177
100
AcDbEntity
 67
1
  8
E-SEMA-YAZI
100
AcDbText
 10
35.5
 20
119.20000000000002
 30
0.0
 40
1.5
  1
25
  7
GYM
 72
1
 11
35.5
 21
119.20000000000002
 31
0.0
100
AcDbText
 73
2
  0
TEXT
  5
1369
330
1177
100
AcDbEntity
 67
1
  8
E-SEMA-YAZI
100
AcDbText
 10
47.0
 20
119.20000000000002
 30
0.0
 40
1.5
  1
Y4
  7
GYM
 72
1
 11
47.0
 21
119.20000000000002
 31
0.0
100
AcDbText
 73
2
  0
TEXT
  5
136A
330
1177
100
AcDbEntity
 67
1
  8
E-SEMA-YAZI
100
AcDbText
 10
79.0
 20
119.20000000000002
 30
0.0
 40
1.5
  1
YEDEK — ileride yük bağlanacak
  7
GYM
 72
1
 11
79.0
 21
119.20000000000002
 31
0.0
100
AcDbText
 73
2
  0
TEXT
  5
136B
330
1177
100
AcDbEntity
 67
1
  8
E-SEMA-YAZI
100
AcDbText
 10
109.5
 20
119.20000000000002
 30
0.0
 40
1.5
  1
L1
  7
GYM
 72
1
 11
109.5
 21
119.20000000000002
 31
0.0
100
AcDbText
 73
2
  0
TEXT
  5
136C
330
1177
100
AcDbEntity
 67
1
  8
E-SEMA-YAZI
100
AcDbText
 10
126.0
 20
119.20000000000002
 30
0.0
 40
1.5
  1
16 A · 1P C · 6 kA
  7
GYM
 72
1
 11
126.0
 21
119.20000000000002
 31
0.0
100
AcDbText
 73
2
  0
TEXT
  5
136D
330
1177
100
AcDbEntity
 67
1
  8
E-SEMA-YAZI
100
AcDbText
 10
156.0
 20
119.20000000000002
 30
0.0
 40
1.5
  1
↑  aynı grup
  7
GYM
 72
1
 11
156.0
 21
119.20000000000002
 31
0.0
100
AcDbText
 73
2
  0
TEXT
  5
136E
330
1177
100
AcDbEntity
 67
1
  8
E-SEMA-YAZI
100
AcDbText
 10
186.0
 20
119.20000000000002
 30
0.0
 40
1.5
  1
—
  7
GYM
 72
1
 11
186.0
 21
119.20000000000002
 31
0.0
100
AcDbText
 73
2
  0
TEXT
  5
136F
330
1177
100
AcDbEntity
 67
1
  8
E-SEMA-YAZI
100
AcDbText
 10
203.5
 20
119.20000000000002
 30
0.0
 40
1.5
  1
—
  7
GYM
 72
1
 11
203.5
 21
119.20000000000002
 31
0.0
100
AcDbText
 73
2
  0
TEXT
  5
1370
330
1177
100
AcDbEntity
 67
1
  8
E-SEMA-YAZI
100
AcDbText
 10
217.5
 20
119.20000000000002
 30
0.0
 40
1.5
  1
—
  7
GYM
 72
1
 11
217.5
 21
119.20000000000002
 31
0.0
100
AcDbText
 73
2
  0
TEXT
  5
1371
330
1177
100
AcDbEntity
 67
1
  8
E-SEMA-YAZI
100
AcDbText
 10
232.5
 20
119.20000000000002
 30
0.0
 40
1.5
  1
—
  7
GYM
 72
1
 11
232.5
 21
119.20000000000002
 31
0.0
100
AcDbText
 73
2
  0
TEXT
  5
1372
330
1177
100
AcDbEntity
 67
1
  8
E-SEMA-YAZI
100
AcDbText
 10
247.0
 20
119.20000000000002
 30
0.0
 40
1.5
  1
—
  7
GYM
 72
1
 11
247.0
 21
119.20000000000002
 31
0.0
100
AcDbText
 73
2
  0
TEXT
  5
1373
330
1177
100
AcDbEntity
 67
1
  8
E-SEMA-YAZI
100
AcDbText
 10
261.0
 20
119.20000000000002
 30
0.0
 40
1.5
  1
—
  7
GYM
 72
1
 11
261.0
 21
119.20000000000002
 31
0.0
100
AcDbText
 73
2
  0
TEXT
  5
1374
330
1177
100
AcDbEntity
 67
1
  8
E-SEMA-YAZI
100
AcDbText
 10
275.0
 20
119.20000000000002
 30
0.0
 40
1.5
  1
—
  7
GYM
 72
1
 11
275.0
 21
119.20000000000002
 31
0.0
100
AcDbText
 73
2
  0
TEXT
  5
1375
330
1177
100
AcDbEntity
 67
1
  8
E-SEMA-YAZI
100
AcDbText
 10
288.5
 20
119.20000000000002
 30
0.0
 40
1.5
  1
YEDEK
  7
GYM
 72
1
 11
288.5
 21
119.20000000000002
 31
0.0
100
AcDbText
 73
2
  0
TEXT
  5
1376
330
1177
100
AcDbEntity
 67
1
  8
E-SEMA-YAZI
100
AcDbText
 10
35.5
 20
113.60000000000002
 30
0.0
 40
1.5
  1
26
  7
GYM
 72
1
 11
35.5
 21
113.60000000000002
 31
0.0
100
AcDbText
 73
2
  0
TEXT
  5
1377
330
1177
100
AcDbEntity
 67
1
  8
E-SEMA-YAZI
100
AcDbText
 10
47.0
 20
113.60000000000002
 30
0.0
 40
1.5
  1
Z2
  7
GYM
 72
1
 11
47.0
 21
113.60000000000002
 31
0.0
100
AcDbText
 73
2
  0
TEXT
  5
1378
330
1177
100
AcDbEntity
 67
1
  8
E-SEMA-YAZI
100
AcDbText
 10
79.0
 20
113.60000000000002
 30
0.0
 40
1.5
  1
Yangın algılama paneli (kesintisiz)
  7
GYM
 72
1
 11
79.0
 21
113.60000000000002
 31
0.0
100
AcDbText
 73
2
  0
TEXT
  5
1379
330
1177
100
AcDbEntity
 67
1
  8
E-SEMA-YAZI
100
AcDbText
 10
109.5
 20
113.60000000000002
 30
0.0
 40
1.5
  1
L1
  7
GYM
 72
1
 11
109.5
 21
113.60000000000002
 31
0.0
100
AcDbText
 73
2
  0
TEXT
  5
137A
330
1177
100
AcDbEntity
 67
1
  8
E-SEMA-YAZI
100
AcDbText
 10
126.0
 20
113.60000000000002
 30
0.0
 40
1.5
  1
6 A · 1P C · 6 kA
  7
GYM
 72
1
 11
126.0
 21
113.60000000000002
 31
0.0
100
AcDbText
 73
2
  0
TEXT
  5
137B
330
1177
100
AcDbEntity
 67
1
  8
E-SEMA-YAZI
100
AcDbText
 10
156.0
 20
113.60000000000002
 30
0.0
 40
1.5
  1
— kaçak akım rölesi yok (kesintisiz)
  7
GYM
 72
1
 11
156.0
 21
113.60000000000002
 31
0.0
100
AcDbText
 73
2
  0
TEXT
  5
137C
330
1177
100
AcDbEntity
 67
1
  8
E-SEMA-YAZI
100
AcDbText
 10
186.0
 20
113.60000000000002
 30
0.0
 40
1.5
  1
JE-H(St)H 3×2,5
  7
GYM
 72
1
 11
186.0
 21
113.60000000000002
 31
0.0
100
AcDbText
 73
2
  0
TEXT
  5
137D
330
1177
100
AcDbEntity
 67
1
  8
E-SEMA-YAZI
100
AcDbText
 10
203.5
 20
113.60000000000002
 30
0.0
 40
1.5
  1
Ø20
  7
GYM
 72
1
 11
203.5
 21
113.60000000000002
 31
0.0
100
AcDbText
 73
2
  0
TEXT
  5
137E
330
1177
100
AcDbEntity
 67
1
  8
E-SEMA-YAZI
100
AcDbText
 10
217.5
 20
113.60000000000002
 30
0.0
 40
1.5
  1
10 m
  7
GYM
 72
1
 11
217.5
 21
113.60000000000002
 31
0.0
100
AcDbText
 73
2
  0
TEXT
  5
137F
330
1177
100
AcDbEntity
 67
1
  8
E-SEMA-YAZI
100
AcDbText
 10
232.5
 20
113.60000000000002
 30
0.0
 40
1.5
  1
0,15
  7
GYM
 72
1
 11
232.5
 21
113.60000000000002
 31
0.0
100
AcDbText
 73
2
  0
TEXT
  5
1380
330
1177
100
AcDbEntity
 67
1
  8
E-SEMA-YAZI
100
AcDbText
 10
247.0
 20
113.60000000000002
 30
0.0
 40
1.5
  1
0,90
  7
GYM
 72
1
 11
247.0
 21
113.60000000000002
 31
0.0
100
AcDbText
 73
2
  0
TEXT
  5
1381
330
1177
100
AcDbEntity
 67
1
  8
E-SEMA-YAZI
100
AcDbText
 10
261.0
 20
113.60000000000002
 30
0.0
 40
1.5
  1
0,7
  7
GYM
 72
1
 11
261.0
 21
113.60000000000002
 31
0.0
100
AcDbText
 73
2
  0
TEXT
  5
1382
330
1177
100
AcDbEntity
 67
1
  8
E-SEMA-YAZI
100
AcDbText
 10
275.0
 20
113.60000000000002
 30
0.0
 40
1.5
  1
0,05
  7
GYM
 72
1
 11
275.0
 21
113.60000000000002
 31
0.0
100
AcDbText
 73
2
  0
TEXT
  5
1383
330
1177
100
AcDbEntity
 67
1
  8
E-SEMA-YAZI
100
AcDbText
 10
288.5
 20
113.60000000000002
 30
0.0
 40
1.5
  1
UYGUN
  7
GYM
 72
1
 11
288.5
 21
113.60000000000002
 31
0.0
100
AcDbText
 73
2
  0
LWPOLYLINE
  5
1384
330
1177
100
AcDbEntity
 67
1
  8
E-SEMA-ANTET
370
25
100
AcDbPolyline
 90
4
 70
0
 10
171.4
 20
255.39999999999998
 10
173.0
 20
255.39999999999998
 10
173.0
 20
229.39999999999998
 10
171.4
 20
229.39999999999998
  0
LWPOLYLINE
  5
1385
330
1177
100
AcDbEntity
 67
1
  8
E-SEMA-ANTET
370
25
100
AcDbPolyline
 90
4
 70
0
 10
171.4
 20
227.39999999999998
 10
173.0
 20
227.39999999999998
 10
173.0
 20
195.79999999999998
 10
171.4
 20
195.79999999999998
  0
LWPOLYLINE
  5
1386
330
1177
100
AcDbEntity
 67
1
  8
E-SEMA-ANTET
370
25
100
AcDbPolyline
 90
4
 70
0
 10
171.4
 20
193.79999999999998
 10
173.0
 20
193.79999999999998
 10
173.0
 20
184.6
 10
171.4
 20
184.6
  0
LWPOLYLINE
  5
1387
330
1177
100
AcDbEntity
 67
1
  8
E-SEMA-ANTET
370
25
100
AcDbPolyline
 90
4
 70
0
 10
171.4
 20
182.59999999999997
 10
173.0
 20
182.59999999999997
 10
173.0
 20
173.4
 10
171.4
 20
173.4
  0
LWPOLYLINE
  5
1388
330
1177
100
AcDbEntity
 67
1
  8
E-SEMA-ANTET
370
25
100
AcDbPolyline
 90
4
 70
0
 10
171.4
 20
171.39999999999998
 10
173.0
 20
171.39999999999998
 10
173.0
 20
139.79999999999998
 10
171.4
 20
139.79999999999998
  0
LWPOLYLINE
  5
1389
330
1177
100
AcDbEntity
 67
1
  8
E-SEMA-ANTET
370
25
100
AcDbPolyline
 90
4
 70
0
 10
171.4
 20
137.79999999999998
 10
173.0
 20
137.79999999999998
 10
173.0
 20
117.4
 10
171.4
 20
117.4
  0
TEXT
  5
138A
330
1177
100
AcDbEntity
 67
1
  8
E-SEMA-YAZI
100
AcDbText
 10
31.0
 20
102.80000000000001
 30
0.0
 40
2.8
  1
ÖZET / SUMMARY
  7
GYM-B
 11
31.0
 21
102.80000000000001
 31
0.0
100
AcDbText
 73
2
  0
TEXT
  5
138B
330
1177
100
AcDbEntity
 67
1
  8
E-SEMA-YAZI
100
AcDbText
 10
31.0
 20
97.80000000000001
 30
0.0
 40
1.8
  1
Bağlı güç / Connected
  7
GYM
 11
31.0
 21
97.80000000000001
 31
0.0
100
AcDbText
 73
2
  0
TEXT
  5
138C
330
1177
100
AcDbEntity
 67
1
  8
E-SEMA-YAZI
100
AcDbText
 10
87.0
 20
97.80000000000001
 30
0.0
 40
1.8
  1
20,59 kW
  7
GYM-B
 11
87.0
 21
97.80000000000001
 31
0.0
100
AcDbText
 73
2
  0
TEXT
  5
138D
330
1177
100
AcDbEntity
 67
1
  8
E-SEMA-YAZI
100
AcDbText
 10
121.0
 20
97.80000000000001
 30
0.0
 40
1.8
  1
Talep gücü / Demand
  7
GYM
 11
121.0
 21
97.80000000000001
 31
0.0
100
AcDbText
 73
2
  0
TEXT
  5
138E
330
1177
100
AcDbEntity
 67
1
  8
E-SEMA-YAZI
100
AcDbText
 10
177.0
 20
97.80000000000001
 30
0.0
 40
1.8
  1
14,63 kW
  7
GYM-B
 11
177.0
 21
97.80000000000001
 31
0.0
100
AcDbText
 73
2
  0
TEXT
  5
138F
330
1177
100
AcDbEntity
 67
1
  8
E-SEMA-YAZI
100
AcDbText
 10
211.0
 20
97.80000000000001
 30
0.0
 40
1.8
  1
L1 / L2 / L3 (kW)
  7
GYM
 11
211.0
 21
97.80000000000001
 31
0.0
100
AcDbText
 73
2
  0
TEXT
  5
1390
330
1177
100
AcDbEntity
 67
1
  8
E-SEMA-YAZI
100
AcDbText
 10
267.0
 20
97.80000000000001
 30
0.0
 40
1.8
  1
4,86 / 4,91 / 4,87
  7
GYM-B
 11
267.0
 21
97.80000000000001
 31
0.0
100
AcDbText
 73
2
  0
TEXT
  5
1391
330
1177
100
AcDbEntity
 67
1
  8
E-SEMA-YAZI
100
AcDbText
 10
301.0
 20
97.80000000000001
 30
0.0
 40
1.8
  1
Faz dengesizliği / Imbalance
  7
GYM
 11
301.0
 21
97.80000000000001
 31
0.0
100
AcDbText
 73
2
  0
TEXT
  5
1392
330
1177
100
AcDbEntity
 67
1
  8
E-SEMA-YAZI
100
AcDbText
 10
357.0
 20
97.80000000000001
 30
0.0
 40
1.8
  1
%1,0
  7
GYM-B
 11
357.0
 21
97.80000000000001
 31
0.0
100
AcDbText
 73
2
  0
TEXT
  5
1393
330
1177
100
AcDbEntity
 67
1
  8
E-SEMA-YAZI
100
AcDbText
 10
31.0
 20
93.20000000000002
 30
0.0
 40
1.8
  1
Ana şalter / Main switch
  7
GYM
 11
31.0
 21
93.20000000000002
 31
0.0
100
AcDbText
 73
2
  0
TEXT
  5
1394
330
1177
100
AcDbEntity
 67
1
  8
E-SEMA-YAZI
100
AcDbText
 10
87.0
 20
93.20000000000002
 30
0.0
 40
1.8
  1
4×32 A
  7
GYM-B
 11
87.0
 21
93.20000000000002
 31
0.0
100
AcDbText
 73
2
  0
TEXT
  5
1395
330
1177
100
AcDbEntity
 67
1
  8
E-SEMA-YAZI
100
AcDbText
 10
121.0
 20
93.20000000000002
 30
0.0
 40
1.8
  1
Ana kaçak akım / Main RCD
  7
GYM
 11
121.0
 21
93.20000000000002
 31
0.0
100
AcDbText
 73
2
  0
TEXT
  5
1396
330
1177
100
AcDbEntity
 67
1
  8
E-SEMA-YAZI
100
AcDbText
 10
177.0
 20
93.20000000000002
 30
0.0
 40
1.8
  1
4×40 A / 300 mA S tipi
  7
GYM-B
 11
177.0
 21
93.20000000000002
 31
0.0
100
AcDbText
 73
2
  0
TEXT
  5
1397
330
1177
100
AcDbEntity
 67
1
  8
E-SEMA-YAZI
100
AcDbText
 10
211.0
 20
93.20000000000002
 30
0.0
 40
1.8
  1
Grup kaçak akım sayısı / RCD groups
  7
GYM
 11
211.0
 21
93.20000000000002
 31
0.0
100
AcDbText
 73
2
  0
TEXT
  5
1398
330
1177
100
AcDbEntity
 67
1
  8
E-SEMA-YAZI
100
AcDbText
 10
267.0
 20
93.20000000000002
 30
0.0
 40
1.8
  1
7 adet
  7
GYM-B
 11
267.0
 21
93.20000000000002
 31
0.0
100
AcDbText
 73
2
  0
TEXT
  5
1399
330
1177
100
AcDbEntity
 67
1
  8
E-SEMA-YAZI
100
AcDbText
 10
301.0
 20
93.20000000000002
 30
0.0
 40
1.8
  1
Toplam ΔU / Total
  7
GYM
 11
301.0
 21
93.20000000000002
 31
0.0
100
AcDbText
 73
2
  0
TEXT
  5
139A
330
1177
100
AcDbEntity
 67
1
  8
E-SEMA-YAZI
100
AcDbText
 10
357.0
 20
93.20000000000002
 30
0.0
 40
1.8
  1
%2,49
  7
GYM-B
 11
357.0
 21
93.20000000000002
 31
0.0
100
AcDbText
 73
2
  0
ENDBLK
  5
1179
330
1177
100
AcDbEntity
  8
0
100
AcDbBlockEnd
  0
BLOCK
  5
139C
330
139B
100
AcDbEntity
  8
0
100
AcDbBlockBegin
  2
*Paper_Space11
 70
0
 10
0.0
 20
0.0
 30
0.0
  3
*Paper_Space11
  1

  0
VIEWPORT
  5
139F
330
139B
100
AcDbEntity
 67
1
  8
VIEWPORTS
100
AcDbViewport
 10
210.0
 20
148.5
 30
0.0
 40
462.00000000000006
 41
326.70000000000005
 68
1
 69
1
 12
210.0
 22
148.5
 13
0.0
 23
0.0
 14
10.0
 24
10.0
 15
10.0
 25
10.0
 16
0.0
 26
0.0
 36
1.0
 17
0.0
 27
0.0
 37
0.0
 42
50.0
 43
0.0
 44
0.0
 45
326.70000000000005
 50
0.0
 51
0.0
 72
100
 90
557088
  1

281
0
 71
0
 74
0
110
0.0
120
0.0
130
0.0
111
1.0
121
0.0
131
0.0
112
0.0
122
1.0
132
0.0
 79
0
146
0.0
282
0
  0
LWPOLYLINE
  5
13A0
330
139B
100
AcDbEntity
 67
1
  8
E-SEMA-ANTET
370
70
100
AcDbPolyline
 90
4
 70
1
 10
20.0
 20
10.0
 10
410.0
 20
10.0
 10
410.0
 20
287.0
 10
20.0
 20
287.0
  0
LWPOLYLINE
  5
13A1
330
139B
100
AcDbEntity
 67
1
  8
E-SEMA-ZON
370
18
100
AcDbPolyline
 90
4
 70
1
 10
25.0
 20
32.0
 10
405.0
 20
32.0
 10
405.0
 20
282.0
 10
25.0
 20
282.0
  0
TEXT
  5
13A2
330
139B
100
AcDbEntity
 67
1
  8
E-SEMA-ZON
100
AcDbText
 10
48.75
 20
284.5
 30
0.0
 40
2.2
  1
0
  7
GYM
 72
1
 11
48.75
 21
284.5
 31
0.0
100
AcDbText
 73
2
  0
LINE
  5
13A3
330
139B
100
AcDbEntity
 67
1
  8
E-SEMA-ZON
370
18
100
AcDbLine
 10
72.5
 20
282.0
 30
0.0
 11
72.5
 21
287.0
 31
0.0
  0
LINE
  5
13A4
330
139B
100
AcDbEntity
 67
1
  8
E-SEMA-ZON
370
18
100
AcDbLine
 10
72.5
 20
32.0
 30
0.0
 11
72.5
 21
32.0
 31
0.0
  0
TEXT
  5
13A5
330
139B
100
AcDbEntity
 67
1
  8
E-SEMA-ZON
100
AcDbText
 10
96.25
 20
284.5
 30
0.0
 40
2.2
  1
1
  7
GYM
 72
1
 11
96.25
 21
284.5
 31
0.0
100
AcDbText
 73
2
  0
LINE
  5
13A6
330
139B
100
AcDbEntity
 67
1
  8
E-SEMA-ZON
370
18
100
AcDbLine
 10
120.0
 20
282.0
 30
0.0
 11
120.0
 21
287.0
 31
0.0
  0
LINE
  5
13A7
330
139B
100
AcDbEntity
 67
1
  8
E-SEMA-ZON
370
18
100
AcDbLine
 10
120.0
 20
32.0
 30
0.0
 11
120.0
 21
32.0
 31
0.0
  0
TEXT
  5
13A8
330
139B
100
AcDbEntity
 67
1
  8
E-SEMA-ZON
100
AcDbText
 10
143.75
 20
284.5
 30
0.0
 40
2.2
  1
2
  7
GYM
 72
1
 11
143.75
 21
284.5
 31
0.0
100
AcDbText
 73
2
  0
LINE
  5
13A9
330
139B
100
AcDbEntity
 67
1
  8
E-SEMA-ZON
370
18
100
AcDbLine
 10
167.5
 20
282.0
 30
0.0
 11
167.5
 21
287.0
 31
0.0
  0
LINE
  5
13AA
330
139B
100
AcDbEntity
 67
1
  8
E-SEMA-ZON
370
18
100
AcDbLine
 10
167.5
 20
32.0
 30
0.0
 11
167.5
 21
32.0
 31
0.0
  0
TEXT
  5
13AB
330
139B
100
AcDbEntity
 67
1
  8
E-SEMA-ZON
100
AcDbText
 10
191.25
 20
284.5
 30
0.0
 40
2.2
  1
3
  7
GYM
 72
1
 11
191.25
 21
284.5
 31
0.0
100
AcDbText
 73
2
  0
LINE
  5
13AC
330
139B
100
AcDbEntity
 67
1
  8
E-SEMA-ZON
370
18
100
AcDbLine
 10
215.0
 20
282.0
 30
0.0
 11
215.0
 21
287.0
 31
0.0
  0
LINE
  5
13AD
330
139B
100
AcDbEntity
 67
1
  8
E-SEMA-ZON
370
18
100
AcDbLine
 10
215.0
 20
32.0
 30
0.0
 11
215.0
 21
32.0
 31
0.0
  0
TEXT
  5
13AE
330
139B
100
AcDbEntity
 67
1
  8
E-SEMA-ZON
100
AcDbText
 10
238.75
 20
284.5
 30
0.0
 40
2.2
  1
4
  7
GYM
 72
1
 11
238.75
 21
284.5
 31
0.0
100
AcDbText
 73
2
  0
LINE
  5
13AF
330
139B
100
AcDbEntity
 67
1
  8
E-SEMA-ZON
370
18
100
AcDbLine
 10
262.5
 20
282.0
 30
0.0
 11
262.5
 21
287.0
 31
0.0
  0
LINE
  5
13B0
330
139B
100
AcDbEntity
 67
1
  8
E-SEMA-ZON
370
18
100
AcDbLine
 10
262.5
 20
32.0
 30
0.0
 11
262.5
 21
32.0
 31
0.0
  0
TEXT
  5
13B1
330
139B
100
AcDbEntity
 67
1
  8
E-SEMA-ZON
100
AcDbText
 10
286.25
 20
284.5
 30
0.0
 40
2.2
  1
5
  7
GYM
 72
1
 11
286.25
 21
284.5
 31
0.0
100
AcDbText
 73
2
  0
LINE
  5
13B2
330
139B
100
AcDbEntity
 67
1
  8
E-SEMA-ZON
370
18
100
AcDbLine
 10
310.0
 20
282.0
 30
0.0
 11
310.0
 21
287.0
 31
0.0
  0
LINE
  5
13B3
330
139B
100
AcDbEntity
 67
1
  8
E-SEMA-ZON
370
18
100
AcDbLine
 10
310.0
 20
32.0
 30
0.0
 11
310.0
 21
32.0
 31
0.0
  0
TEXT
  5
13B4
330
139B
100
AcDbEntity
 67
1
  8
E-SEMA-ZON
100
AcDbText
 10
333.75
 20
284.5
 30
0.0
 40
2.2
  1
6
  7
GYM
 72
1
 11
333.75
 21
284.5
 31
0.0
100
AcDbText
 73
2
  0
LINE
  5
13B5
330
139B
100
AcDbEntity
 67
1
  8
E-SEMA-ZON
370
18
100
AcDbLine
 10
357.5
 20
282.0
 30
0.0
 11
357.5
 21
287.0
 31
0.0
  0
LINE
  5
13B6
330
139B
100
AcDbEntity
 67
1
  8
E-SEMA-ZON
370
18
100
AcDbLine
 10
357.5
 20
32.0
 30
0.0
 11
357.5
 21
32.0
 31
0.0
  0
TEXT
  5
13B7
330
139B
100
AcDbEntity
 67
1
  8
E-SEMA-ZON
100
AcDbText
 10
381.25
 20
284.5
 30
0.0
 40
2.2
  1
7
  7
GYM
 72
1
 11
381.25
 21
284.5
 31
0.0
100
AcDbText
 73
2
  0
TEXT
  5
13B8
330
139B
100
AcDbEntity
 67
1
  8
E-SEMA-ZON
100
AcDbText
 10
22.5
 20
261.1666666666667
 30
0.0
 40
2.2
  1
A
  7
GYM
 72
1
 11
22.5
 21
261.1666666666667
 31
0.0
100
AcDbText
 73
2
  0
TEXT
  5
13B9
330
139B
100
AcDbEntity
 67
1
  8
E-SEMA-ZON
100
AcDbText
 10
407.5
 20
261.1666666666667
 30
0.0
 40
2.2
  1
A
  7
GYM
 72
1
 11
407.5
 21
261.1666666666667
 31
0.0
100
AcDbText
 73
2
  0
LINE
  5
13BA
330
139B
100
AcDbEntity
 67
1
  8
E-SEMA-ZON
370
18
100
AcDbLine
 10
20.0
 20
240.33333333333334
 30
0.0
 11
25.0
 21
240.33333333333334
 31
0.0
  0
LINE
  5
13BB
330
139B
100
AcDbEntity
 67
1
  8
E-SEMA-ZON
370
18
100
AcDbLine
 10
405.0
 20
240.33333333333334
 30
0.0
 11
410.0
 21
240.33333333333334
 31
0.0
  0
TEXT
  5
13BC
330
139B
100
AcDbEntity
 67
1
  8
E-SEMA-ZON
100
AcDbText
 10
22.5
 20
219.50000000000003
 30
0.0
 40
2.2
  1
B
  7
GYM
 72
1
 11
22.5
 21
219.50000000000003
 31
0.0
100
AcDbText
 73
2
  0
TEXT
  5
13BD
330
139B
100
AcDbEntity
 67
1
  8
E-SEMA-ZON
100
AcDbText
 10
407.5
 20
219.50000000000003
 30
0.0
 40
2.2
  1
B
  7
GYM
 72
1
 11
407.5
 21
219.50000000000003
 31
0.0
100
AcDbText
 73
2
  0
LINE
  5
13BE
330
139B
100
AcDbEntity
 67
1
  8
E-SEMA-ZON
370
18
100
AcDbLine
 10
20.0
 20
198.66666666666666
 30
0.0
 11
25.0
 21
198.66666666666666
 31
0.0
  0
LINE
  5
13BF
330
139B
100
AcDbEntity
 67
1
  8
E-SEMA-ZON
370
18
100
AcDbLine
 10
405.0
 20
198.66666666666666
 30
0.0
 11
410.0
 21
198.66666666666666
 31
0.0
  0
TEXT
  5
13C0
330
139B
100
AcDbEntity
 67
1
  8
E-SEMA-ZON
100
AcDbText
 10
22.5
 20
177.83333333333334
 30
0.0
 40
2.2
  1
C
  7
GYM
 72
1
 11
22.5
 21
177.83333333333334
 31
0.0
100
AcDbText
 73
2
  0
TEXT
  5
13C1
330
139B
100
AcDbEntity
 67
1
  8
E-SEMA-ZON
100
AcDbText
 10
407.5
 20
177.83333333333334
 30
0.0
 40
2.2
  1
C
  7
GYM
 72
1
 11
407.5
 21
177.83333333333334
 31
0.0
100
AcDbText
 73
2
  0
LINE
  5
13C2
330
139B
100
AcDbEntity
 67
1
  8
E-SEMA-ZON
370
18
100
AcDbLine
 10
20.0
 20
157.0
 30
0.0
 11
25.0
 21
157.0
 31
0.0
  0
LINE
  5
13C3
330
139B
100
AcDbEntity
 67
1
  8
E-SEMA-ZON
370
18
100
AcDbLine
 10
405.0
 20
157.0
 30
0.0
 11
410.0
 21
157.0
 31
0.0
  0
TEXT
  5
13C4
330
139B
100
AcDbEntity
 67
1
  8
E-SEMA-ZON
100
AcDbText
 10
22.5
 20
136.16666666666669
 30
0.0
 40
2.2
  1
D
  7
GYM
 72
1
 11
22.5
 21
136.16666666666669
 31
0.0
100
AcDbText
 73
2
  0
TEXT
  5
13C5
330
139B
100
AcDbEntity
 67
1
  8
E-SEMA-ZON
100
AcDbText
 10
407.5
 20
136.16666666666669
 30
0.0
 40
2.2
  1
D
  7
GYM
 72
1
 11
407.5
 21
136.16666666666669
 31
0.0
100
AcDbText
 73
2
  0
LINE
  5
13C6
330
139B
100
AcDbEntity
 67
1
  8
E-SEMA-ZON
370
18
100
AcDbLine
 10
20.0
 20
115.33333333333334
 30
0.0
 11
25.0
 21
115.33333333333334
 31
0.0
  0
LINE
  5
13C7
330
139B
100
AcDbEntity
 67
1
  8
E-SEMA-ZON
370
18
100
AcDbLine
 10
405.0
 20
115.33333333333334
 30
0.0
 11
410.0
 21
115.33333333333334
 31
0.0
  0
TEXT
  5
13C8
330
139B
100
AcDbEntity
 67
1
  8
E-SEMA-ZON
100
AcDbText
 10
22.5
 20
94.50000000000001
 30
0.0
 40
2.2
  1
E
  7
GYM
 72
1
 11
22.5
 21
94.50000000000001
 31
0.0
100
AcDbText
 73
2
  0
TEXT
  5
13C9
330
139B
100
AcDbEntity
 67
1
  8
E-SEMA-ZON
100
AcDbText
 10
407.5
 20
94.50000000000001
 30
0.0
 40
2.2
  1
E
  7
GYM
 72
1
 11
407.5
 21
94.50000000000001
 31
0.0
100
AcDbText
 73
2
  0
LINE
  5
13CA
330
139B
100
AcDbEntity
 67
1
  8
E-SEMA-ZON
370
18
100
AcDbLine
 10
20.0
 20
73.66666666666666
 30
0.0
 11
25.0
 21
73.66666666666666
 31
0.0
  0
LINE
  5
13CB
330
139B
100
AcDbEntity
 67
1
  8
E-SEMA-ZON
370
18
100
AcDbLine
 10
405.0
 20
73.66666666666666
 30
0.0
 11
410.0
 21
73.66666666666666
 31
0.0
  0
TEXT
  5
13CC
330
139B
100
AcDbEntity
 67
1
  8
E-SEMA-ZON
100
AcDbText
 10
22.5
 20
52.83333333333333
 30
0.0
 40
2.2
  1
F
  7
GYM
 72
1
 11
22.5
 21
52.83333333333333
 31
0.0
100
AcDbText
 73
2
  0
TEXT
  5
13CD
330
139B
100
AcDbEntity
 67
1
  8
E-SEMA-ZON
100
AcDbText
 10
407.5
 20
52.83333333333333
 30
0.0
 40
2.2
  1
F
  7
GYM
 72
1
 11
407.5
 21
52.83333333333333
 31
0.0
100
AcDbText
 73
2
  0
LWPOLYLINE
  5
13CE
330
139B
100
AcDbEntity
 67
1
  8
E-SEMA-ANTET
370
50
100
AcDbPolyline
 90
4
 70
1
 10
20.0
 20
10.0
 10
410.0
 20
10.0
 10
410.0
 20
32.0
 10
20.0
 20
32.0
  0
LINE
  5
13CF
330
139B
100
AcDbEntity
 67
1
  8
E-SEMA-ANTET
370
18
100
AcDbLine
 10
20.0
 20
15.5
 30
0.0
 11
410.0
 21
15.5
 31
0.0
  0
LINE
  5
13D0
330
139B
100
AcDbEntity
 67
1
  8
E-SEMA-ANTET
370
18
100
AcDbLine
 10
20.0
 20
21.0
 30
0.0
 11
410.0
 21
21.0
 31
0.0
  0
LINE
  5
13D1
330
139B
100
AcDbEntity
 67
1
  8
E-SEMA-ANTET
370
18
100
AcDbLine
 10
20.0
 20
26.5
 30
0.0
 11
410.0
 21
26.5
 31
0.0
  0
LINE
  5
13D2
330
139B
100
AcDbEntity
 67
1
  8
E-SEMA-ANTET
370
18
100
AcDbLine
 10
64.0
 20
10.0
 30
0.0
 11
64.0
 21
32.0
 31
0.0
  0
LINE
  5
13D3
330
139B
100
AcDbEntity
 67
1
  8
E-SEMA-ANTET
370
18
100
AcDbLine
 10
96.0
 20
10.0
 30
0.0
 11
96.0
 21
32.0
 31
0.0
  0
LINE
  5
13D4
330
139B
100
AcDbEntity
 67
1
  8
E-SEMA-ANTET
370
18
100
AcDbLine
 10
282.0
 20
10.0
 30
0.0
 11
282.0
 21
32.0
 31
0.0
  0
LINE
  5
13D5
330
139B
100
AcDbEntity
 67
1
  8
E-SEMA-ANTET
370
18
100
AcDbLine
 10
316.0
 20
10.0
 30
0.0
 11
316.0
 21
32.0
 31
0.0
  0
LINE
  5
13D6
330
139B
100
AcDbEntity
 67
1
  8
E-SEMA-ANTET
370
18
100
AcDbLine
 10
356.0
 20
10.0
 30
0.0
 11
356.0
 21
32.0
 31
0.0
  0
TEXT
  5
13D7
330
139B
100
AcDbEntity
 67
1
  8
E-SEMA-ANTET
100
AcDbText
 10
20.8
 20
30.2
 30
0.0
 40
1.5
  1
Drawn By /
  7
GYM
 11
20.8
 21
30.2
 31
0.0
100
AcDbText
 73
2
  0
TEXT
  5
13D8
330
139B
100
AcDbEntity
 67
1
  8
E-SEMA-ANTET
100
AcDbText
 10
20.8
 20
28.3
 30
0.0
 40
1.5
  1
Çizen
  7
GYM
 11
20.8
 21
28.3
 31
0.0
100
AcDbText
 73
2
  0
TEXT
  5
13D9
330
139B
100
AcDbEntity
 67
1
  8
E-SEMA-ANTET
100
AcDbText
 10
62.4
 20
29.25
 30
0.0
 40
1.8
  1
CC
  7
GYM
 72
2
 11
62.4
 21
29.25
 31
0.0
100
AcDbText
 73
2
  0
TEXT
  5
13DA
330
139B
100
AcDbEntity
 67
1
  8
E-SEMA-ANTET
100
AcDbText
 10
20.8
 20
24.7
 30
0.0
 40
1.5
  1
Checked By /
  7
GYM
 11
20.8
 21
24.7
 31
0.0
100
AcDbText
 73
2
  0
TEXT
  5
13DB
330
139B
100
AcDbEntity
 67
1
  8
E-SEMA-ANTET
100
AcDbText
 10
20.8
 20
22.8
 30
0.0
 40
1.5
  1
Kontrol Eden
  7
GYM
 11
20.8
 21
22.8
 31
0.0
100
AcDbText
 73
2
  0
TEXT
  5
13DC
330
139B
100
AcDbEntity
 67
1
  8
E-SEMA-ANTET
100
AcDbText
 10
62.4
 20
23.75
 30
0.0
 40
1.8
  1
—
  7
GYM
 72
2
 11
62.4
 21
23.75
 31
0.0
100
AcDbText
 73
2
  0
TEXT
  5
13DD
330
139B
100
AcDbEntity
 67
1
  8
E-SEMA-ANTET
100
AcDbText
 10
20.8
 20
19.2
 30
0.0
 40
1.5
  1
Approved By /
  7
GYM
 11
20.8
 21
19.2
 31
0.0
100
AcDbText
 73
2
  0
TEXT
  5
13DE
330
139B
100
AcDbEntity
 67
1
  8
E-SEMA-ANTET
100
AcDbText
 10
20.8
 20
17.3
 30
0.0
 40
1.5
  1
Onaylayan
  7
GYM
 11
20.8
 21
17.3
 31
0.0
100
AcDbText
 73
2
  0
TEXT
  5
13DF
330
139B
100
AcDbEntity
 67
1
  8
E-SEMA-ANTET
100
AcDbText
 10
62.4
 20
18.25
 30
0.0
 40
1.8
  1
—
  7
GYM
 72
2
 11
62.4
 21
18.25
 31
0.0
100
AcDbText
 73
2
  0
TEXT
  5
13E0
330
139B
100
AcDbEntity
 67
1
  8
E-SEMA-ANTET
100
AcDbText
 10
20.8
 20
13.7
 30
0.0
 40
1.5
  1
Project Date /
  7
GYM
 11
20.8
 21
13.7
 31
0.0
100
AcDbText
 73
2
  0
TEXT
  5
13E1
330
139B
100
AcDbEntity
 67
1
  8
E-SEMA-ANTET
100
AcDbText
 10
20.8
 20
11.8
 30
0.0
 40
1.5
  1
Proje Tarihi
  7
GYM
 11
20.8
 21
11.8
 31
0.0
100
AcDbText
 73
2
  0
TEXT
  5
13E2
330
139B
100
AcDbEntity
 67
1
  8
E-SEMA-ANTET
100
AcDbText
 10
62.4
 20
12.75
 30
0.0
 40
1.8
  1
17 Eylül 2026
  7
GYM
 72
2
 11
62.4
 21
12.75
 31
0.0
100
AcDbText
 73
2
  0
TEXT
  5
13E3
330
139B
100
AcDbEntity
 67
1
  8
E-SEMA-ANTET
100
AcDbText
 10
64.8
 20
30.2
 30
0.0
 40
1.5
  1
Customer Name /
  7
GYM
 11
64.8
 21
30.2
 31
0.0
100
AcDbText
 73
2
  0
TEXT
  5
13E4
330
139B
100
AcDbEntity
 67
1
  8
E-SEMA-ANTET
100
AcDbText
 10
64.8
 20
28.3
 30
0.0
 40
1.5
  1
Müşteri Adı
  7
GYM
 11
64.8
 21
28.3
 31
0.0
100
AcDbText
 73
2
  0
TEXT
  5
13E5
330
139B
100
AcDbEntity
 67
1
  8
E-SEMA-ANTET
100
AcDbText
 10
97.2
 20
29.25
 30
0.0
 40
2.2
  1
ÖZEL — MALTEPE / İDEALTEPE
  7
GYM
 11
97.2
 21
29.25
 31
0.0
100
AcDbText
 73
2
  0
TEXT
  5
13E6
330
139B
100
AcDbEntity
 67
1
  8
E-SEMA-ANTET
100
AcDbText
 10
64.8
 20
24.7
 30
0.0
 40
1.5
  1
Project Description /
  7
GYM
 11
64.8
 21
24.7
 31
0.0
100
AcDbText
 73
2
  0
TEXT
  5
13E7
330
139B
100
AcDbEntity
 67
1
  8
E-SEMA-ANTET
100
AcDbText
 10
64.8
 20
22.8
 30
0.0
 40
1.5
  1
Proje Açıklaması
  7
GYM
 11
64.8
 21
22.8
 31
0.0
100
AcDbText
 73
2
  0
TEXT
  5
13E8
330
139B
100
AcDbEntity
 67
1
  8
E-SEMA-ANTET
100
AcDbText
 10
97.2
 20
23.75
 30
0.0
 40
2.2
  1
MOBİLYA MAĞAZASI → FONKSİYONEL ANTRENMAN STÜDYOSU
  7
GYM
 11
97.2
 21
23.75
 31
0.0
100
AcDbText
 73
2
  0
TEXT
  5
13E9
330
139B
100
AcDbEntity
 67
1
  8
E-SEMA-ANTET
100
AcDbText
 10
64.8
 20
19.2
 30
0.0
 40
1.5
  1
Panel Name /
  7
GYM
 11
64.8
 21
19.2
 31
0.0
100
AcDbText
 73
2
  0
TEXT
  5
13EA
330
139B
100
AcDbEntity
 67
1
  8
E-SEMA-ANTET
100
AcDbText
 10
64.8
 20
17.3
 30
0.0
 40
1.5
  1
Pano Adı
  7
GYM
 11
64.8
 21
17.3
 31
0.0
100
AcDbText
 73
2
  0
TEXT
  5
13EB
330
139B
100
AcDbEntity
 67
1
  8
E-SEMA-ANTET
100
AcDbText
 10
97.2
 20
18.25
 30
0.0
 40
2.2
  1
ADP
  7
GYM
 11
97.2
 21
18.25
 31
0.0
100
AcDbText
 73
2
  0
TEXT
  5
13EC
330
139B
100
AcDbEntity
 67
1
  8
E-SEMA-ANTET
100
AcDbText
 10
64.8
 20
13.7
 30
0.0
 40
1.5
  1
Page Description /
  7
GYM
 11
64.8
 21
13.7
 31
0.0
100
AcDbText
 73
2
  0
TEXT
  5
13ED
330
139B
100
AcDbEntity
 67
1
  8
E-SEMA-ANTET
100
AcDbText
 10
64.8
 20
11.8
 30
0.0
 40
1.5
  1
Sayfa Açıklaması
  7
GYM
 11
64.8
 21
11.8
 31
0.0
100
AcDbText
 73
2
  0
TEXT
  5
13EE
330
139B
100
AcDbEntity
 67
1
  8
E-SEMA-ANTET
100
AcDbText
 10
97.2
 20
12.75
 30
0.0
 40
2.2
  1
Parts List / Malzeme Listesi
  7
GYM
 11
97.2
 21
12.75
 31
0.0
100
AcDbText
 73
2
  0
TEXT
  5
13EF
330
139B
100
AcDbEntity
 67
1
  8
E-SEMA-ANTET
100
AcDbText
 10
282.8
 20
30.2
 30
0.0
 40
1.5
  1
Project Number /
  7
GYM
 11
282.8
 21
30.2
 31
0.0
100
AcDbText
 73
2
  0
TEXT
  5
13F0
330
139B
100
AcDbEntity
 67
1
  8
E-SEMA-ANTET
100
AcDbText
 10
282.8
 20
28.3
 30
0.0
 40
1.5
  1
Proje Numarası
  7
GYM
 11
282.8
 21
28.3
 31
0.0
100
AcDbText
 73
2
  0
TEXT
  5
13F1
330
139B
100
AcDbEntity
 67
1
  8
E-SEMA-ANTET
100
AcDbText
 10
317.2
 20
29.25
 30
0.0
 40
2.8
  1
GYM-25-001-001
  7
GYM-B
 11
317.2
 21
29.25
 31
0.0
100
AcDbText
 73
2
  0
TEXT
  5
13F2
330
139B
100
AcDbEntity
 67
1
  8
E-SEMA-ANTET
100
AcDbText
 10
282.8
 20
19.2
 30
0.0
 40
1.5
  1
Revision /
  7
GYM
 11
282.8
 21
19.2
 31
0.0
100
AcDbText
 73
2
  0
TEXT
  5
13F3
330
139B
100
AcDbEntity
 67
1
  8
E-SEMA-ANTET
100
AcDbText
 10
282.8
 20
17.3
 30
0.0
 40
1.5
  1
Revizyon
  7
GYM
 11
282.8
 21
17.3
 31
0.0
100
AcDbText
 73
2
  0
TEXT
  5
13F4
330
139B
100
AcDbEntity
 67
1
  8
E-SEMA-ANTET
100
AcDbText
 10
317.2
 20
18.25
 30
0.0
 40
2.2
  1
Rev H
  7
GYM
 11
317.2
 21
18.25
 31
0.0
100
AcDbText
 73
2
  0
TEXT
  5
13F5
330
139B
100
AcDbEntity
 67
1
  8
E-SEMA-ANTET
100
AcDbText
 10
282.8
 20
13.7
 30
0.0
 40
1.5
  1
Standards /
  7
GYM
 11
282.8
 21
13.7
 31
0.0
100
AcDbText
 73
2
  0
TEXT
  5
13F6
330
139B
100
AcDbEntity
 67
1
  8
E-SEMA-ANTET
100
AcDbText
 10
282.8
 20
11.8
 30
0.0
 40
1.5
  1
Standartlar
  7
GYM
 11
282.8
 21
11.8
 31
0.0
100
AcDbText
 73
2
  0
TEXT
  5
13F7
330
139B
100
AcDbEntity
 67
1
  8
E-SEMA-ANTET
100
AcDbText
 10
317.2
 20
12.75
 30
0.0
 40
1.5
  1
IEC 61439-1&2 · IEC 60617
  7
GYM
 11
317.2
 21
12.75
 31
0.0
100
AcDbText
 73
2
  0
TEXT
  5
13F8
330
139B
100
AcDbEntity
 67
1
  8
E-SEMA-ANTET
100
AcDbText
 10
357.2
 20
30.25
 30
0.0
 40
1.5
  1
Sheet: /
  7
GYM
 11
357.2
 21
30.25
 31
0.0
100
AcDbText
 73
2
  0
TEXT
  5
13F9
330
139B
100
AcDbEntity
 67
1
  8
E-SEMA-ANTET
100
AcDbText
 10
357.2
 20
27.85
 30
0.0
 40
1.5
  1
Sayfa
  7
GYM
 11
357.2
 21
27.85
 31
0.0
100
AcDbText
 73
2
  0
TEXT
  5
13FA
330
139B
100
AcDbEntity
 67
1
  8
E-SEMA-ANTET
100
AcDbText
 10
408.0
 20
29.25
 30
0.0
 40
2.8
  1
12
  7
GYM-B
 72
2
 11
408.0
 21
29.25
 31
0.0
100
AcDbText
 73
2
  0
TEXT
  5
13FB
330
139B
100
AcDbEntity
 67
1
  8
E-SEMA-ANTET
100
AcDbText
 10
357.2
 20
24.75
 30
0.0
 40
1.5
  1
Next sheet: /
  7
GYM
 11
357.2
 21
24.75
 31
0.0
100
AcDbText
 73
2
  0
TEXT
  5
13FC
330
139B
100
AcDbEntity
 67
1
  8
E-SEMA-ANTET
100
AcDbText
 10
357.2
 20
22.35
 30
0.0
 40
1.5
  1
Sonraki
  7
GYM
 11
357.2
 21
22.35
 31
0.0
100
AcDbText
 73
2
  0
TEXT
  5
13FD
330
139B
100
AcDbEntity
 67
1
  8
E-SEMA-ANTET
100
AcDbText
 10
408.0
 20
23.75
 30
0.0
 40
2.8
  1
—
  7
GYM-B
 72
2
 11
408.0
 21
23.75
 31
0.0
100
AcDbText
 73
2
  0
TEXT
  5
13FE
330
139B
100
AcDbEntity
 67
1
  8
E-SEMA-ANTET
100
AcDbText
 10
357.2
 20
19.25
 30
0.0
 40
1.5
  1
Total sheets: /
  7
GYM
 11
357.2
 21
19.25
 31
0.0
100
AcDbText
 73
2
  0
TEXT
  5
13FF
330
139B
100
AcDbEntity
 67
1
  8
E-SEMA-ANTET
100
AcDbText
 10
357.2
 20
16.85
 30
0.0
 40
1.5
  1
Toplam
  7
GYM
 11
357.2
 21
16.85
 31
0.0
100
AcDbText
 73
2
  0
TEXT
  5
1400
330
139B
100
AcDbEntity
 67
1
  8
E-SEMA-ANTET
100
AcDbText
 10
408.0
 20
18.25
 30
0.0
 40
2.8
  1
12
  7
GYM-B
 72
2
 11
408.0
 21
18.25
 31
0.0
100
AcDbText
 73
2
  0
TEXT
  5
1401
330
139B
100
AcDbEntity
 67
1
  8
E-SEMA-ANTET
100
AcDbText
 10
357.2
 20
13.75
 30
0.0
 40
1.5
  1
Sheet size /
  7
GYM
 11
357.2
 21
13.75
 31
0.0
100
AcDbText
 73
2
  0
TEXT
  5
1402
330
139B
100
AcDbEntity
 67
1
  8
E-SEMA-ANTET
100
AcDbText
 10
357.2
 20
11.35
 30
0.0
 40
1.5
  1
Kâğıt
  7
GYM
 11
357.2
 21
11.35
 31
0.0
100
AcDbText
 73
2
  0
TEXT
  5
1403
330
139B
100
AcDbEntity
 67
1
  8
E-SEMA-ANTET
100
AcDbText
 10
408.0
 20
12.75
 30
0.0
 40
2.8
  1
A3
  7
GYM-B
 72
2
 11
408.0
 21
12.75
 31
0.0
100
AcDbText
 73
2
  0
TEXT
  5
1404
330
139B
100
AcDbEntity
 67
1
  8
E-SEMA-YAZI
100
AcDbText
 10
31.0
 20
272.0
 30
0.0
 40
4.0
  1
MALZEME LİSTESİ / PARTS LIST
  7
GYM-B
 11
31.0
 21
272.0
 31
0.0
100
AcDbText
 73
2
  0
LWPOLYLINE
  5
1405
330
139B
100
AcDbEntity
 67
1
  8
E-SEMA-ANTET
370
50
100
AcDbPolyline
 90
4
 70
1
 10
31.0
 20
177.6
 10
331.0
 20
177.6
 10
331.0
 20
266.0
 10
31.0
 20
266.0
  0
LINE
  5
1406
330
139B
100
AcDbEntity
 67
1
  8
E-SEMA-ANTET
370
13
100
AcDbLine
 10
31.0
 20
260.8
 30
0.0
 11
331.0
 21
260.8
 31
0.0
  0
LINE
  5
1407
330
139B
100
AcDbEntity
 67
1
  8
E-SEMA-ANTET
370
13
100
AcDbLine
 10
31.0
 20
255.6
 30
0.0
 11
331.0
 21
255.6
 31
0.0
  0
LINE
  5
1408
330
139B
100
AcDbEntity
 67
1
  8
E-SEMA-ANTET
370
13
100
AcDbLine
 10
31.0
 20
250.4
 30
0.0
 11
331.0
 21
250.4
 31
0.0
  0
LINE
  5
1409
330
139B
100
AcDbEntity
 67
1
  8
E-SEMA-ANTET
370
13
100
AcDbLine
 10
31.0
 20
245.2
 30
0.0
 11
331.0
 21
245.2
 31
0.0
  0
LINE
  5
140A
330
139B
100
AcDbEntity
 67
1
  8
E-SEMA-ANTET
370
13
100
AcDbLine
 10
31.0
 20
240.0
 30
0.0
 11
331.0
 21
240.0
 31
0.0
  0
LINE
  5
140B
330
139B
100
AcDbEntity
 67
1
  8
E-SEMA-ANTET
370
13
100
AcDbLine
 10
31.0
 20
234.8
 30
0.0
 11
331.0
 21
234.8
 31
0.0
  0
LINE
  5
140C
330
139B
100
AcDbEntity
 67
1
  8
E-SEMA-ANTET
370
13
100
AcDbLine
 10
31.0
 20
229.6
 30
0.0
 11
331.0
 21
229.6
 31
0.0
  0
LINE
  5
140D
330
139B
100
AcDbEntity
 67
1
  8
E-SEMA-ANTET
370
13
100
AcDbLine
 10
31.0
 20
224.4
 30
0.0
 11
331.0
 21
224.4
 31
0.0
  0
LINE
  5
140E
330
139B
100
AcDbEntity
 67
1
  8
E-SEMA-ANTET
370
13
100
AcDbLine
 10
31.0
 20
219.2
 30
0.0
 11
331.0
 21
219.2
 31
0.0
  0
LINE
  5
140F
330
139B
100
AcDbEntity
 67
1
  8
E-SEMA-ANTET
370
13
100
AcDbLine
 10
31.0
 20
214.0
 30
0.0
 11
331.0
 21
214.0
 31
0.0
  0
LINE
  5
1410
330
139B
100
AcDbEntity
 67
1
  8
E-SEMA-ANTET
370
13
100
AcDbLine
 10
31.0
 20
208.8
 30
0.0
 11
331.0
 21
208.8
 31
0.0
  0
LINE
  5
1411
330
139B
100
AcDbEntity
 67
1
  8
E-SEMA-ANTET
370
13
100
AcDbLine
 10
31.0
 20
203.6
 30
0.0
 11
331.0
 21
203.6
 31
0.0
  0
LINE
  5
1412
330
139B
100
AcDbEntity
 67
1
  8
E-SEMA-ANTET
370
13
100
AcDbLine
 10
31.0
 20
198.39999999999998
 30
0.0
 11
331.0
 21
198.39999999999998
 31
0.0
  0
LINE
  5
1413
330
139B
100
AcDbEntity
 67
1
  8
E-SEMA-ANTET
370
13
100
AcDbLine
 10
31.0
 20
193.2
 30
0.0
 11
331.0
 21
193.2
 31
0.0
  0
LINE
  5
1414
330
139B
100
AcDbEntity
 67
1
  8
E-SEMA-ANTET
370
13
100
AcDbLine
 10
31.0
 20
188.0
 30
0.0
 11
331.0
 21
188.0
 31
0.0
  0
LINE
  5
1415
330
139B
100
AcDbEntity
 67
1
  8
E-SEMA-ANTET
370
13
100
AcDbLine
 10
31.0
 20
182.8
 30
0.0
 11
331.0
 21
182.8
 31
0.0
  0
LINE
  5
1416
330
139B
100
AcDbEntity
 67
1
  8
E-SEMA-ANTET
370
13
100
AcDbLine
 10
45.0
 20
177.6
 30
0.0
 11
45.0
 21
266.0
 31
0.0
  0
LINE
  5
1417
330
139B
100
AcDbEntity
 67
1
  8
E-SEMA-ANTET
370
13
100
AcDbLine
 10
285.0
 20
177.6
 30
0.0
 11
285.0
 21
266.0
 31
0.0
  0
LINE
  5
1418
330
139B
100
AcDbEntity
 67
1
  8
E-SEMA-ANTET
370
13
100
AcDbLine
 10
309.0
 20
177.6
 30
0.0
 11
309.0
 21
266.0
 31
0.0
  0
TEXT
  5
1419
330
139B
100
AcDbEntity
 67
1
  8
E-SEMA-ANTET
100
AcDbText
 10
38.0
 20
263.4
 30
0.0
 40
1.5
  1
S.NO
  7
GYM-B
 72
1
 11
38.0
 21
263.4
 31
0.0
100
AcDbText
 73
2
  0
TEXT
  5
141A
330
139B
100
AcDbEntity
 67
1
  8
E-SEMA-ANTET
100
AcDbText
 10
165.0
 20
263.4
 30
0.0
 40
1.5
  1
MALZEME / MATERIAL
  7
GYM-B
 72
1
 11
165.0
 21
263.4
 31
0.0
100
AcDbText
 73
2
  0
TEXT
  5
141B
330
139B
100
AcDbEntity
 67
1
  8
E-SEMA-ANTET
100
AcDbText
 10
297.0
 20
263.4
 30
0.0
 40
1.5
  1
BİRİM
  7
GYM-B
 72
1
 11
297.0
 21
263.4
 31
0.0
100
AcDbText
 73
2
  0
TEXT
  5
141C
330
139B
100
AcDbEntity
 67
1
  8
E-SEMA-ANTET
100
AcDbText
 10
320.0
 20
263.4
 30
0.0
 40
1.5
  1
MİKTAR
  7
GYM-B
 72
1
 11
320.0
 21
263.4
 31
0.0
100
AcDbText
 73
2
  0
TEXT
  5
141D
330
139B
100
AcDbEntity
 67
1
  8
E-SEMA-YAZI
100
AcDbText
 10
38.0
 20
258.2
 30
0.0
 40
1.5
  1
1
  7
GYM
 72
1
 11
38.0
 21
258.2
 31
0.0
100
AcDbText
 73
2
  0
TEXT
  5
141E
330
139B
100
AcDbEntity
 67
1
  8
E-SEMA-YAZI
100
AcDbText
 10
46.0
 20
258.2
 30
0.0
 40
1.5
  1
Otomatik sigorta 2×16 A C eğrisi · 6 kA
  7
GYM
 11
46.0
 21
258.2
 31
0.0
100
AcDbText
 73
2
  0
TEXT
  5
141F
330
139B
100
AcDbEntity
 67
1
  8
E-SEMA-YAZI
100
AcDbText
 10
297.0
 20
258.2
 30
0.0
 40
1.5
  1
adet
  7
GYM
 72
1
 11
297.0
 21
258.2
 31
0.0
100
AcDbText
 73
2
  0
TEXT
  5
1420
330
139B
100
AcDbEntity
 67
1
  8
E-SEMA-YAZI
100
AcDbText
 10
330.0
 20
258.2
 30
0.0
 40
1.5
  1
10
  7
GYM
 72
2
 11
330.0
 21
258.2
 31
0.0
100
AcDbText
 73
2
  0
TEXT
  5
1421
330
139B
100
AcDbEntity
 67
1
  8
E-SEMA-YAZI
100
AcDbText
 10
38.0
 20
253.0
 30
0.0
 40
1.5
  1
2
  7
GYM
 72
1
 11
38.0
 21
253.0
 31
0.0
100
AcDbText
 73
2
  0
TEXT
  5
1422
330
139B
100
AcDbEntity
 67
1
  8
E-SEMA-YAZI
100
AcDbText
 10
46.0
 20
253.0
 30
0.0
 40
1.5
  1
Otomatik sigorta 2×10 A B eğrisi · 6 kA
  7
GYM
 11
46.0
 21
253.0
 31
0.0
100
AcDbText
 73
2
  0
TEXT
  5
1423
330
139B
100
AcDbEntity
 67
1
  8
E-SEMA-YAZI
100
AcDbText
 10
297.0
 20
253.0
 30
0.0
 40
1.5
  1
adet
  7
GYM
 72
1
 11
297.0
 21
253.0
 31
0.0
100
AcDbText
 73
2
  0
TEXT
  5
1424
330
139B
100
AcDbEntity
 67
1
  8
E-SEMA-YAZI
100
AcDbText
 10
330.0
 20
253.0
 30
0.0
 40
1.5
  1
5
  7
GYM
 72
2
 11
330.0
 21
253.0
 31
0.0
100
AcDbText
 73
2
  0
TEXT
  5
1425
330
139B
100
AcDbEntity
 67
1
  8
E-SEMA-YAZI
100
AcDbText
 10
38.0
 20
247.8
 30
0.0
 40
1.5
  1
3
  7
GYM
 72
1
 11
38.0
 21
247.8
 31
0.0
100
AcDbText
 73
2
  0
TEXT
  5
1426
330
139B
100
AcDbEntity
 67
1
  8
E-SEMA-YAZI
100
AcDbText
 10
46.0
 20
247.8
 30
0.0
 40
1.5
  1
Otomatik sigorta 1×16 A C eğrisi · 6 kA
  7
GYM
 11
46.0
 21
247.8
 31
0.0
100
AcDbText
 73
2
  0
TEXT
  5
1427
330
139B
100
AcDbEntity
 67
1
  8
E-SEMA-YAZI
100
AcDbText
 10
297.0
 20
247.8
 30
0.0
 40
1.5
  1
adet
  7
GYM
 72
1
 11
297.0
 21
247.8
 31
0.0
100
AcDbText
 73
2
  0
TEXT
  5
1428
330
139B
100
AcDbEntity
 67
1
  8
E-SEMA-YAZI
100
AcDbText
 10
330.0
 20
247.8
 30
0.0
 40
1.5
  1
4
  7
GYM
 72
2
 11
330.0
 21
247.8
 31
0.0
100
AcDbText
 73
2
  0
TEXT
  5
1429
330
139B
100
AcDbEntity
 67
1
  8
E-SEMA-YAZI
100
AcDbText
 10
38.0
 20
242.6
 30
0.0
 40
1.5
  1
4
  7
GYM
 72
1
 11
38.0
 21
242.6
 31
0.0
100
AcDbText
 73
2
  0
TEXT
  5
142A
330
139B
100
AcDbEntity
 67
1
  8
E-SEMA-YAZI
100
AcDbText
 10
46.0
 20
242.6
 30
0.0
 40
1.5
  1
Kaçak akım rölesi 4×40 A / 30 mA, A tipi
  7
GYM
 11
46.0
 21
242.6
 31
0.0
100
AcDbText
 73
2
  0
TEXT
  5
142B
330
139B
100
AcDbEntity
 67
1
  8
E-SEMA-YAZI
100
AcDbText
 10
297.0
 20
242.6
 30
0.0
 40
1.5
  1
adet
  7
GYM
 72
1
 11
297.0
 21
242.6
 31
0.0
100
AcDbText
 73
2
  0
TEXT
  5
142C
330
139B
100
AcDbEntity
 67
1
  8
E-SEMA-YAZI
100
AcDbText
 10
330.0
 20
242.6
 30
0.0
 40
1.5
  1
4
  7
GYM
 72
2
 11
330.0
 21
242.6
 31
0.0
100
AcDbText
 73
2
  0
TEXT
  5
142D
330
139B
100
AcDbEntity
 67
1
  8
E-SEMA-YAZI
100
AcDbText
 10
38.0
 20
237.4
 30
0.0
 40
1.5
  1
5
  7
GYM
 72
1
 11
38.0
 21
237.4
 31
0.0
100
AcDbText
 73
2
  0
TEXT
  5
142E
330
139B
100
AcDbEntity
 67
1
  8
E-SEMA-YAZI
100
AcDbText
 10
46.0
 20
237.4
 30
0.0
 40
1.5
  1
Otomatik sigorta 2×10 A C eğrisi · 6 kA
  7
GYM
 11
46.0
 21
237.4
 31
0.0
100
AcDbText
 73
2
  0
TEXT
  5
142F
330
139B
100
AcDbEntity
 67
1
  8
E-SEMA-YAZI
100
AcDbText
 10
297.0
 20
237.4
 30
0.0
 40
1.5
  1
adet
  7
GYM
 72
1
 11
297.0
 21
237.4
 31
0.0
100
AcDbText
 73
2
  0
TEXT
  5
1430
330
139B
100
AcDbEntity
 67
1
  8
E-SEMA-YAZI
100
AcDbText
 10
330.0
 20
237.4
 30
0.0
 40
1.5
  1
2
  7
GYM
 72
2
 11
330.0
 21
237.4
 31
0.0
100
AcDbText
 73
2
  0
TEXT
  5
1431
330
139B
100
AcDbEntity
 67
1
  8
E-SEMA-YAZI
100
AcDbText
 10
38.0
 20
232.2
 30
0.0
 40
1.5
  1
6
  7
GYM
 72
1
 11
38.0
 21
232.2
 31
0.0
100
AcDbText
 73
2
  0
TEXT
  5
1432
330
139B
100
AcDbEntity
 67
1
  8
E-SEMA-YAZI
100
AcDbText
 10
46.0
 20
232.2
 30
0.0
 40
1.5
  1
Otomatik sigorta 2×20 A C eğrisi · 6 kA
  7
GYM
 11
46.0
 21
232.2
 31
0.0
100
AcDbText
 73
2
  0
TEXT
  5
1433
330
139B
100
AcDbEntity
 67
1
  8
E-SEMA-YAZI
100
AcDbText
 10
297.0
 20
232.2
 30
0.0
 40
1.5
  1
adet
  7
GYM
 72
1
 11
297.0
 21
232.2
 31
0.0
100
AcDbText
 73
2
  0
TEXT
  5
1434
330
139B
100
AcDbEntity
 67
1
  8
E-SEMA-YAZI
100
AcDbText
 10
330.0
 20
232.2
 30
0.0
 40
1.5
  1
2
  7
GYM
 72
2
 11
330.0
 21
232.2
 31
0.0
100
AcDbText
 73
2
  0
TEXT
  5
1435
330
139B
100
AcDbEntity
 67
1
  8
E-SEMA-YAZI
100
AcDbText
 10
38.0
 20
227.0
 30
0.0
 40
1.5
  1
7
  7
GYM
 72
1
 11
38.0
 21
227.0
 31
0.0
100
AcDbText
 73
2
  0
TEXT
  5
1436
330
139B
100
AcDbEntity
 67
1
  8
E-SEMA-YAZI
100
AcDbText
 10
46.0
 20
227.0
 30
0.0
 40
1.5
  1
Otomatik sigorta 2×6 A C eğrisi · 6 kA
  7
GYM
 11
46.0
 21
227.0
 31
0.0
100
AcDbText
 73
2
  0
TEXT
  5
1437
330
139B
100
AcDbEntity
 67
1
  8
E-SEMA-YAZI
100
AcDbText
 10
297.0
 20
227.0
 30
0.0
 40
1.5
  1
adet
  7
GYM
 72
1
 11
297.0
 21
227.0
 31
0.0
100
AcDbText
 73
2
  0
TEXT
  5
1438
330
139B
100
AcDbEntity
 67
1
  8
E-SEMA-YAZI
100
AcDbText
 10
330.0
 20
227.0
 30
0.0
 40
1.5
  1
2
  7
GYM
 72
2
 11
330.0
 21
227.0
 31
0.0
100
AcDbText
 73
2
  0
TEXT
  5
1439
330
139B
100
AcDbEntity
 67
1
  8
E-SEMA-YAZI
100
AcDbText
 10
38.0
 20
221.8
 30
0.0
 40
1.5
  1
8
  7
GYM
 72
1
 11
38.0
 21
221.8
 31
0.0
100
AcDbText
 73
2
  0
TEXT
  5
143A
330
139B
100
AcDbEntity
 67
1
  8
E-SEMA-YAZI
100
AcDbText
 10
46.0
 20
221.8
 30
0.0
 40
1.5
  1
Kaçak akım rölesi 2×40 A / 30 mA, A tipi
  7
GYM
 11
46.0
 21
221.8
 31
0.0
100
AcDbText
 73
2
  0
TEXT
  5
143B
330
139B
100
AcDbEntity
 67
1
  8
E-SEMA-YAZI
100
AcDbText
 10
297.0
 20
221.8
 30
0.0
 40
1.5
  1
adet
  7
GYM
 72
1
 11
297.0
 21
221.8
 31
0.0
100
AcDbText
 73
2
  0
TEXT
  5
143C
330
139B
100
AcDbEntity
 67
1
  8
E-SEMA-YAZI
100
AcDbText
 10
330.0
 20
221.8
 30
0.0
 40
1.5
  1
2
  7
GYM
 72
2
 11
330.0
 21
221.8
 31
0.0
100
AcDbText
 73
2
  0
TEXT
  5
143D
330
139B
100
AcDbEntity
 67
1
  8
E-SEMA-YAZI
100
AcDbText
 10
38.0
 20
216.6
 30
0.0
 40
1.5
  1
9
  7
GYM
 72
1
 11
38.0
 21
216.6
 31
0.0
100
AcDbText
 73
2
  0
TEXT
  5
143E
330
139B
100
AcDbEntity
 67
1
  8
E-SEMA-YAZI
100
AcDbText
 10
46.0
 20
216.6
 30
0.0
 40
1.5
  1
Otomatik sigorta 2×6 A B eğrisi · 6 kA
  7
GYM
 11
46.0
 21
216.6
 31
0.0
100
AcDbText
 73
2
  0
TEXT
  5
143F
330
139B
100
AcDbEntity
 67
1
  8
E-SEMA-YAZI
100
AcDbText
 10
297.0
 20
216.6
 30
0.0
 40
1.5
  1
adet
  7
GYM
 72
1
 11
297.0
 21
216.6
 31
0.0
100
AcDbText
 73
2
  0
TEXT
  5
1440
330
139B
100
AcDbEntity
 67
1
  8
E-SEMA-YAZI
100
AcDbText
 10
330.0
 20
216.6
 30
0.0
 40
1.5
  1
1
  7
GYM
 72
2
 11
330.0
 21
216.6
 31
0.0
100
AcDbText
 73
2
  0
TEXT
  5
1441
330
139B
100
AcDbEntity
 67
1
  8
E-SEMA-YAZI
100
AcDbText
 10
38.0
 20
211.4
 30
0.0
 40
1.5
  1
10
  7
GYM
 72
1
 11
38.0
 21
211.4
 31
0.0
100
AcDbText
 73
2
  0
TEXT
  5
1442
330
139B
100
AcDbEntity
 67
1
  8
E-SEMA-YAZI
100
AcDbText
 10
46.0
 20
211.4
 30
0.0
 40
1.5
  1
Ana şalter 4×32 A yük ayırıcı
  7
GYM
 11
46.0
 21
211.4
 31
0.0
100
AcDbText
 73
2
  0
TEXT
  5
1443
330
139B
100
AcDbEntity
 67
1
  8
E-SEMA-YAZI
100
AcDbText
 10
297.0
 20
211.4
 30
0.0
 40
1.5
  1
adet
  7
GYM
 72
1
 11
297.0
 21
211.4
 31
0.0
100
AcDbText
 73
2
  0
TEXT
  5
1444
330
139B
100
AcDbEntity
 67
1
  8
E-SEMA-YAZI
100
AcDbText
 10
330.0
 20
211.4
 30
0.0
 40
1.5
  1
1
  7
GYM
 72
2
 11
330.0
 21
211.4
 31
0.0
100
AcDbText
 73
2
  0
TEXT
  5
1445
330
139B
100
AcDbEntity
 67
1
  8
E-SEMA-YAZI
100
AcDbText
 10
38.0
 20
206.2
 30
0.0
 40
1.5
  1
11
  7
GYM
 72
1
 11
38.0
 21
206.2
 31
0.0
100
AcDbText
 73
2
  0
TEXT
  5
1446
330
139B
100
AcDbEntity
 67
1
  8
E-SEMA-YAZI
100
AcDbText
 10
46.0
 20
206.2
 30
0.0
 40
1.5
  1
Ana kaçak akım rölesi 4×40 A / 300 mA S tipi
  7
GYM
 11
46.0
 21
206.2
 31
0.0
100
AcDbText
 73
2
  0
TEXT
  5
1447
330
139B
100
AcDbEntity
 67
1
  8
E-SEMA-YAZI
100
AcDbText
 10
297.0
 20
206.2
 30
0.0
 40
1.5
  1
adet
  7
GYM
 72
1
 11
297.0
 21
206.2
 31
0.0
100
AcDbText
 73
2
  0
TEXT
  5
1448
330
139B
100
AcDbEntity
 67
1
  8
E-SEMA-YAZI
100
AcDbText
 10
330.0
 20
206.2
 30
0.0
 40
1.5
  1
1
  7
GYM
 72
2
 11
330.0
 21
206.2
 31
0.0
100
AcDbText
 73
2
  0
TEXT
  5
1449
330
139B
100
AcDbEntity
 67
1
  8
E-SEMA-YAZI
100
AcDbText
 10
38.0
 20
201.0
 30
0.0
 40
1.5
  1
12
  7
GYM
 72
1
 11
38.0
 21
201.0
 31
0.0
100
AcDbText
 73
2
  0
TEXT
  5
144A
330
139B
100
AcDbEntity
 67
1
  8
E-SEMA-YAZI
100
AcDbText
 10
46.0
 20
201.0
 30
0.0
 40
1.5
  1
Parafudr Tip 2 · Up 1,4 kV · In 20 kA (3F+N)
  7
GYM
 11
46.0
 21
201.0
 31
0.0
100
AcDbText
 73
2
  0
TEXT
  5
144B
330
139B
100
AcDbEntity
 67
1
  8
E-SEMA-YAZI
100
AcDbText
 10
297.0
 20
201.0
 30
0.0
 40
1.5
  1
adet
  7
GYM
 72
1
 11
297.0
 21
201.0
 31
0.0
100
AcDbText
 73
2
  0
TEXT
  5
144C
330
139B
100
AcDbEntity
 67
1
  8
E-SEMA-YAZI
100
AcDbText
 10
330.0
 20
201.0
 30
0.0
 40
1.5
  1
1
  7
GYM
 72
2
 11
330.0
 21
201.0
 31
0.0
100
AcDbText
 73
2
  0
TEXT
  5
144D
330
139B
100
AcDbEntity
 67
1
  8
E-SEMA-YAZI
100
AcDbText
 10
38.0
 20
195.8
 30
0.0
 40
1.5
  1
13
  7
GYM
 72
1
 11
38.0
 21
195.8
 31
0.0
100
AcDbText
 73
2
  0
TEXT
  5
144E
330
139B
100
AcDbEntity
 67
1
  8
E-SEMA-YAZI
100
AcDbText
 10
46.0
 20
195.8
 30
0.0
 40
1.5
  1
Pano gövdesi 800×1000×250 mm IP54 Form 2b
  7
GYM
 11
46.0
 21
195.8
 31
0.0
100
AcDbText
 73
2
  0
TEXT
  5
144F
330
139B
100
AcDbEntity
 67
1
  8
E-SEMA-YAZI
100
AcDbText
 10
297.0
 20
195.8
 30
0.0
 40
1.5
  1
adet
  7
GYM
 72
1
 11
297.0
 21
195.8
 31
0.0
100
AcDbText
 73
2
  0
TEXT
  5
1450
330
139B
100
AcDbEntity
 67
1
  8
E-SEMA-YAZI
100
AcDbText
 10
330.0
 20
195.8
 30
0.0
 40
1.5
  1
1
  7
GYM
 72
2
 11
330.0
 21
195.8
 31
0.0
100
AcDbText
 73
2
  0
TEXT
  5
1451
330
139B
100
AcDbEntity
 67
1
  8
E-SEMA-YAZI
100
AcDbText
 10
38.0
 20
190.6
 30
0.0
 40
1.5
  1
14
  7
GYM
 72
1
 11
38.0
 21
190.6
 31
0.0
100
AcDbText
 73
2
  0
TEXT
  5
1452
330
139B
100
AcDbEntity
 67
1
  8
E-SEMA-YAZI
100
AcDbText
 10
46.0
 20
190.6
 30
0.0
 40
1.5
  1
Bakır bara seti 3F+N+PE
  7
GYM
 11
46.0
 21
190.6
 31
0.0
100
AcDbText
 73
2
  0
TEXT
  5
1453
330
139B
100
AcDbEntity
 67
1
  8
E-SEMA-YAZI
100
AcDbText
 10
297.0
 20
190.6
 30
0.0
 40
1.5
  1
adet
  7
GYM
 72
1
 11
297.0
 21
190.6
 31
0.0
100
AcDbText
 73
2
  0
TEXT
  5
1454
330
139B
100
AcDbEntity
 67
1
  8
E-SEMA-YAZI
100
AcDbText
 10
330.0
 20
190.6
 30
0.0
 40
1.5
  1
1
  7
GYM
 72
2
 11
330.0
 21
190.6
 31
0.0
100
AcDbText
 73
2
  0
TEXT
  5
1455
330
139B
100
AcDbEntity
 67
1
  8
E-SEMA-YAZI
100
AcDbText
 10
38.0
 20
185.39999999999998
 30
0.0
 40
1.5
  1
15
  7
GYM
 72
1
 11
38.0
 21
185.39999999999998
 31
0.0
100
AcDbText
 73
2
  0
TEXT
  5
1456
330
139B
100
AcDbEntity
 67
1
  8
E-SEMA-YAZI
100
AcDbText
 10
46.0
 20
185.39999999999998
 30
0.0
 40
1.5
  1
Klemens sırası -X1 (vidalı, 4 mm²)
  7
GYM
 11
46.0
 21
185.39999999999998
 31
0.0
100
AcDbText
 73
2
  0
TEXT
  5
1457
330
139B
100
AcDbEntity
 67
1
  8
E-SEMA-YAZI
100
AcDbText
 10
297.0
 20
185.39999999999998
 30
0.0
 40
1.5
  1
adet
  7
GYM
 72
1
 11
297.0
 21
185.39999999999998
 31
0.0
100
AcDbText
 73
2
  0
TEXT
  5
1458
330
139B
100
AcDbEntity
 67
1
  8
E-SEMA-YAZI
100
AcDbText
 10
330.0
 20
185.39999999999998
 30
0.0
 40
1.5
  1
66
  7
GYM
 72
2
 11
330.0
 21
185.39999999999998
 31
0.0
100
AcDbText
 73
2
  0
TEXT
  5
1459
330
139B
100
AcDbEntity
 67
1
  8
E-SEMA-YAZI
100
AcDbText
 10
38.0
 20
180.2
 30
0.0
 40
1.5
  1
16
  7
GYM
 72
1
 11
38.0
 21
180.2
 31
0.0
100
AcDbText
 73
2
  0
TEXT
  5
145A
330
139B
100
AcDbEntity
 67
1
  8
E-SEMA-YAZI
100
AcDbText
 10
46.0
 20
180.2
 30
0.0
 40
1.5
  1
Etiket seti (PVC, Türkçe, vidalı)
  7
GYM
 11
46.0
 21
180.2
 31
0.0
100
AcDbText
 73
2
  0
TEXT
  5
145B
330
139B
100
AcDbEntity
 67
1
  8
E-SEMA-YAZI
100
AcDbText
 10
297.0
 20
180.2
 30
0.0
 40
1.5
  1
adet
  7
GYM
 72
1
 11
297.0
 21
180.2
 31
0.0
100
AcDbText
 73
2
  0
TEXT
  5
145C
330
139B
100
AcDbEntity
 67
1
  8
E-SEMA-YAZI
100
AcDbText
 10
330.0
 20
180.2
 30
0.0
 40
1.5
  1
1
  7
GYM
 72
2
 11
330.0
 21
180.2
 31
0.0
100
AcDbText
 73
2
  0
ENDBLK
  5
139D
330
139B
100
AcDbEntity
  8
0
100
AcDbBlockEnd
  0
BLOCK
  5
1C3
330
1C2
100
AcDbEntity
  8
0
100
AcDbBlockBegin
  2
*Paper_Space
 70
0
 10
0.0
 20
0.0
 30
0.0
  3
*Paper_Space
  1

  0
ENDBLK
  5
1C4
330
1C2
100
AcDbEntity
  8
0
100
AcDbBlockEnd
  0
ENDSEC
  0
SECTION
  2
ENTITIES
  0
VIEWPORT
  5
1C6
330
1C2
100
AcDbEntity
 67
1
  8
VIEWPORTS
100
AcDbViewport
 10
210.0
 20
148.5
 30
0.0
 40
462.00000000000006
 41
326.70000000000005
 68
1
 69
1
 12
210.0
 22
148.5
 13
0.0
 23
0.0
 14
10.0
 24
10.0
 15
10.0
 25
10.0
 16
0.0
 26
0.0
 36
1.0
 17
0.0
 27
0.0
 37
0.0
 42
50.0
 43
0.0
 44
0.0
 45
326.70000000000005
 50
0.0
 51
0.0
 72
100
 90
557088
  1

281
0
 71
0
 74
0
110
0.0
120
0.0
130
0.0
111
1.0
121
0.0
131
0.0
112
0.0
122
1.0
132
0.0
 79
0
146
0.0
282
0
  0
LWPOLYLINE
  5
1C7
330
1C2
100
AcDbEntity
 67
1
  8
E-SEMA-ANTET
370
70
100
AcDbPolyline
 90
4
 70
1
 10
20.0
 20
10.0
 10
410.0
 20
10.0
 10
410.0
 20
287.0
 10
20.0
 20
287.0
  0
LWPOLYLINE
  5
1C8
330
1C2
100
AcDbEntity
 67
1
  8
E-SEMA-ZON
370
18
100
AcDbPolyline
 90
4
 70
1
 10
25.0
 20
32.0
 10
405.0
 20
32.0
 10
405.0
 20
282.0
 10
25.0
 20
282.0
  0
TEXT
  5
1C9
330
1C2
100
AcDbEntity
 67
1
  8
E-SEMA-ZON
100
AcDbText
 10
48.75
 20
284.5
 30
0.0
 40
2.2
  1
0
  7
GYM
 72
1
 11
48.75
 21
284.5
 31
0.0
100
AcDbText
 73
2
  0
LINE
  5
1CA
330
1C2
100
AcDbEntity
 67
1
  8
E-SEMA-ZON
370
18
100
AcDbLine
 10
72.5
 20
282.0
 30
0.0
 11
72.5
 21
287.0
 31
0.0
  0
LINE
  5
1CB
330
1C2
100
AcDbEntity
 67
1
  8
E-SEMA-ZON
370
18
100
AcDbLine
 10
72.5
 20
32.0
 30
0.0
 11
72.5
 21
32.0
 31
0.0
  0
TEXT
  5
1CC
330
1C2
100
AcDbEntity
 67
1
  8
E-SEMA-ZON
100
AcDbText
 10
96.25
 20
284.5
 30
0.0
 40
2.2
  1
1
  7
GYM
 72
1
 11
96.25
 21
284.5
 31
0.0
100
AcDbText
 73
2
  0
LINE
  5
1CD
330
1C2
100
AcDbEntity
 67
1
  8
E-SEMA-ZON
370
18
100
AcDbLine
 10
120.0
 20
282.0
 30
0.0
 11
120.0
 21
287.0
 31
0.0
  0
LINE
  5
1CE
330
1C2
100
AcDbEntity
 67
1
  8
E-SEMA-ZON
370
18
100
AcDbLine
 10
120.0
 20
32.0
 30
0.0
 11
120.0
 21
32.0
 31
0.0
  0
TEXT
  5
1CF
330
1C2
100
AcDbEntity
 67
1
  8
E-SEMA-ZON
100
AcDbText
 10
143.75
 20
284.5
 30
0.0
 40
2.2
  1
2
  7
GYM
 72
1
 11
143.75
 21
284.5
 31
0.0
100
AcDbText
 73
2
  0
LINE
  5
1D0
330
1C2
100
AcDbEntity
 67
1
  8
E-SEMA-ZON
370
18
100
AcDbLine
 10
167.5
 20
282.0
 30
0.0
 11
167.5
 21
287.0
 31
0.0
  0
LINE
  5
1D1
330
1C2
100
AcDbEntity
 67
1
  8
E-SEMA-ZON
370
18
100
AcDbLine
 10
167.5
 20
32.0
 30
0.0
 11
167.5
 21
32.0
 31
0.0
  0
TEXT
  5
1D2
330
1C2
100
AcDbEntity
 67
1
  8
E-SEMA-ZON
100
AcDbText
 10
191.25
 20
284.5
 30
0.0
 40
2.2
  1
3
  7
GYM
 72
1
 11
191.25
 21
284.5
 31
0.0
100
AcDbText
 73
2
  0
LINE
  5
1D3
330
1C2
100
AcDbEntity
 67
1
  8
E-SEMA-ZON
370
18
100
AcDbLine
 10
215.0
 20
282.0
 30
0.0
 11
215.0
 21
287.0
 31
0.0
  0
LINE
  5
1D4
330
1C2
100
AcDbEntity
 67
1
  8
E-SEMA-ZON
370
18
100
AcDbLine
 10
215.0
 20
32.0
 30
0.0
 11
215.0
 21
32.0
 31
0.0
  0
TEXT
  5
1D5
330
1C2
100
AcDbEntity
 67
1
  8
E-SEMA-ZON
100
AcDbText
 10
238.75
 20
284.5
 30
0.0
 40
2.2
  1
4
  7
GYM
 72
1
 11
238.75
 21
284.5
 31
0.0
100
AcDbText
 73
2
  0
LINE
  5
1D6
330
1C2
100
AcDbEntity
 67
1
  8
E-SEMA-ZON
370
18
100
AcDbLine
 10
262.5
 20
282.0
 30
0.0
 11
262.5
 21
287.0
 31
0.0
  0
LINE
  5
1D7
330
1C2
100
AcDbEntity
 67
1
  8
E-SEMA-ZON
370
18
100
AcDbLine
 10
262.5
 20
32.0
 30
0.0
 11
262.5
 21
32.0
 31
0.0
  0
TEXT
  5
1D8
330
1C2
100
AcDbEntity
 67
1
  8
E-SEMA-ZON
100
AcDbText
 10
286.25
 20
284.5
 30
0.0
 40
2.2
  1
5
  7
GYM
 72
1
 11
286.25
 21
284.5
 31
0.0
100
AcDbText
 73
2
  0
LINE
  5
1D9
330
1C2
100
AcDbEntity
 67
1
  8
E-SEMA-ZON
370
18
100
AcDbLine
 10
310.0
 20
282.0
 30
0.0
 11
310.0
 21
287.0
 31
0.0
  0
LINE
  5
1DA
330
1C2
100
AcDbEntity
 67
1
  8
E-SEMA-ZON
370
18
100
AcDbLine
 10
310.0
 20
32.0
 30
0.0
 11
310.0
 21
32.0
 31
0.0
  0
TEXT
  5
1DB
330
1C2
100
AcDbEntity
 67
1
  8
E-SEMA-ZON
100
AcDbText
 10
333.75
 20
284.5
 30
0.0
 40
2.2
  1
6
  7
GYM
 72
1
 11
333.75
 21
284.5
 31
0.0
100
AcDbText
 73
2
  0
LINE
  5
1DC
330
1C2
100
AcDbEntity
 67
1
  8
E-SEMA-ZON
370
18
100
AcDbLine
 10
357.5
 20
282.0
 30
0.0
 11
357.5
 21
287.0
 31
0.0
  0
LINE
  5
1DD
330
1C2
100
AcDbEntity
 67
1
  8
E-SEMA-ZON
370
18
100
AcDbLine
 10
357.5
 20
32.0
 30
0.0
 11
357.5
 21
32.0
 31
0.0
  0
TEXT
  5
1DE
330
1C2
100
AcDbEntity
 67
1
  8
E-SEMA-ZON
100
AcDbText
 10
381.25
 20
284.5
 30
0.0
 40
2.2
  1
7
  7
GYM
 72
1
 11
381.25
 21
284.5
 31
0.0
100
AcDbText
 73
2
  0
TEXT
  5
1DF
330
1C2
100
AcDbEntity
 67
1
  8
E-SEMA-ZON
100
AcDbText
 10
22.5
 20
261.1666666666667
 30
0.0
 40
2.2
  1
A
  7
GYM
 72
1
 11
22.5
 21
261.1666666666667
 31
0.0
100
AcDbText
 73
2
  0
TEXT
  5
1E0
330
1C2
100
AcDbEntity
 67
1
  8
E-SEMA-ZON
100
AcDbText
 10
407.5
 20
261.1666666666667
 30
0.0
 40
2.2
  1
A
  7
GYM
 72
1
 11
407.5
 21
261.1666666666667
 31
0.0
100
AcDbText
 73
2
  0
LINE
  5
1E1
330
1C2
100
AcDbEntity
 67
1
  8
E-SEMA-ZON
370
18
100
AcDbLine
 10
20.0
 20
240.33333333333334
 30
0.0
 11
25.0
 21
240.33333333333334
 31
0.0
  0
LINE
  5
1E2
330
1C2
100
AcDbEntity
 67
1
  8
E-SEMA-ZON
370
18
100
AcDbLine
 10
405.0
 20
240.33333333333334
 30
0.0
 11
410.0
 21
240.33333333333334
 31
0.0
  0
TEXT
  5
1E3
330
1C2
100
AcDbEntity
 67
1
  8
E-SEMA-ZON
100
AcDbText
 10
22.5
 20
219.50000000000003
 30
0.0
 40
2.2
  1
B
  7
GYM
 72
1
 11
22.5
 21
219.50000000000003
 31
0.0
100
AcDbText
 73
2
  0
TEXT
  5
1E4
330
1C2
100
AcDbEntity
 67
1
  8
E-SEMA-ZON
100
AcDbText
 10
407.5
 20
219.50000000000003
 30
0.0
 40
2.2
  1
B
  7
GYM
 72
1
 11
407.5
 21
219.50000000000003
 31
0.0
100
AcDbText
 73
2
  0
LINE
  5
1E5
330
1C2
100
AcDbEntity
 67
1
  8
E-SEMA-ZON
370
18
100
AcDbLine
 10
20.0
 20
198.66666666666666
 30
0.0
 11
25.0
 21
198.66666666666666
 31
0.0
  0
LINE
  5
1E6
330
1C2
100
AcDbEntity
 67
1
  8
E-SEMA-ZON
370
18
100
AcDbLine
 10
405.0
 20
198.66666666666666
 30
0.0
 11
410.0
 21
198.66666666666666
 31
0.0
  0
TEXT
  5
1E7
330
1C2
100
AcDbEntity
 67
1
  8
E-SEMA-ZON
100
AcDbText
 10
22.5
 20
177.83333333333334
 30
0.0
 40
2.2
  1
C
  7
GYM
 72
1
 11
22.5
 21
177.83333333333334
 31
0.0
100
AcDbText
 73
2
  0
TEXT
  5
1E8
330
1C2
100
AcDbEntity
 67
1
  8
E-SEMA-ZON
100
AcDbText
 10
407.5
 20
177.83333333333334
 30
0.0
 40
2.2
  1
C
  7
GYM
 72
1
 11
407.5
 21
177.83333333333334
 31
0.0
100
AcDbText
 73
2
  0
LINE
  5
1E9
330
1C2
100
AcDbEntity
 67
1
  8
E-SEMA-ZON
370
18
100
AcDbLine
 10
20.0
 20
157.0
 30
0.0
 11
25.0
 21
157.0
 31
0.0
  0
LINE
  5
1EA
330
1C2
100
AcDbEntity
 67
1
  8
E-SEMA-ZON
370
18
100
AcDbLine
 10
405.0
 20
157.0
 30
0.0
 11
410.0
 21
157.0
 31
0.0
  0
TEXT
  5
1EB
330
1C2
100
AcDbEntity
 67
1
  8
E-SEMA-ZON
100
AcDbText
 10
22.5
 20
136.16666666666669
 30
0.0
 40
2.2
  1
D
  7
GYM
 72
1
 11
22.5
 21
136.16666666666669
 31
0.0
100
AcDbText
 73
2
  0
TEXT
  5
1EC
330
1C2
100
AcDbEntity
 67
1
  8
E-SEMA-ZON
100
AcDbText
 10
407.5
 20
136.16666666666669
 30
0.0
 40
2.2
  1
D
  7
GYM
 72
1
 11
407.5
 21
136.16666666666669
 31
0.0
100
AcDbText
 73
2
  0
LINE
  5
1ED
330
1C2
100
AcDbEntity
 67
1
  8
E-SEMA-ZON
370
18
100
AcDbLine
 10
20.0
 20
115.33333333333334
 30
0.0
 11
25.0
 21
115.33333333333334
 31
0.0
  0
LINE
  5
1EE
330
1C2
100
AcDbEntity
 67
1
  8
E-SEMA-ZON
370
18
100
AcDbLine
 10
405.0
 20
115.33333333333334
 30
0.0
 11
410.0
 21
115.33333333333334
 31
0.0
  0
TEXT
  5
1EF
330
1C2
100
AcDbEntity
 67
1
  8
E-SEMA-ZON
100
AcDbText
 10
22.5
 20
94.50000000000001
 30
0.0
 40
2.2
  1
E
  7
GYM
 72
1
 11
22.5
 21
94.50000000000001
 31
0.0
100
AcDbText
 73
2
  0
TEXT
  5
1F0
330
1C2
100
AcDbEntity
 67
1
  8
E-SEMA-ZON
100
AcDbText
 10
407.5
 20
94.50000000000001
 30
0.0
 40
2.2
  1
E
  7
GYM
 72
1
 11
407.5
 21
94.50000000000001
 31
0.0
100
AcDbText
 73
2
  0
LINE
  5
1F1
330
1C2
100
AcDbEntity
 67
1
  8
E-SEMA-ZON
370
18
100
AcDbLine
 10
20.0
 20
73.66666666666666
 30
0.0
 11
25.0
 21
73.66666666666666
 31
0.0
  0
LINE
  5
1F2
330
1C2
100
AcDbEntity
 67
1
  8
E-SEMA-ZON
370
18
100
AcDbLine
 10
405.0
 20
73.66666666666666
 30
0.0
 11
410.0
 21
73.66666666666666
 31
0.0
  0
TEXT
  5
1F3
330
1C2
100
AcDbEntity
 67
1
  8
E-SEMA-ZON
100
AcDbText
 10
22.5
 20
52.83333333333333
 30
0.0
 40
2.2
  1
F
  7
GYM
 72
1
 11
22.5
 21
52.83333333333333
 31
0.0
100
AcDbText
 73
2
  0
TEXT
  5
1F4
330
1C2
100
AcDbEntity
 67
1
  8
E-SEMA-ZON
100
AcDbText
 10
407.5
 20
52.83333333333333
 30
0.0
 40
2.2
  1
F
  7
GYM
 72
1
 11
407.5
 21
52.83333333333333
 31
0.0
100
AcDbText
 73
2
  0
LWPOLYLINE
  5
1F5
330
1C2
100
AcDbEntity
 67
1
  8
E-SEMA-ANTET
370
50
100
AcDbPolyline
 90
4
 70
1
 10
20.0
 20
10.0
 10
410.0
 20
10.0
 10
410.0
 20
32.0
 10
20.0
 20
32.0
  0
LINE
  5
1F6
330
1C2
100
AcDbEntity
 67
1
  8
E-SEMA-ANTET
370
18
100
AcDbLine
 10
20.0
 20
15.5
 30
0.0
 11
410.0
 21
15.5
 31
0.0
  0
LINE
  5
1F7
330
1C2
100
AcDbEntity
 67
1
  8
E-SEMA-ANTET
370
18
100
AcDbLine
 10
20.0
 20
21.0
 30
0.0
 11
410.0
 21
21.0
 31
0.0
  0
LINE
  5
1F8
330
1C2
100
AcDbEntity
 67
1
  8
E-SEMA-ANTET
370
18
100
AcDbLine
 10
20.0
 20
26.5
 30
0.0
 11
410.0
 21
26.5
 31
0.0
  0
LINE
  5
1F9
330
1C2
100
AcDbEntity
 67
1
  8
E-SEMA-ANTET
370
18
100
AcDbLine
 10
64.0
 20
10.0
 30
0.0
 11
64.0
 21
32.0
 31
0.0
  0
LINE
  5
1FA
330
1C2
100
AcDbEntity
 67
1
  8
E-SEMA-ANTET
370
18
100
AcDbLine
 10
96.0
 20
10.0
 30
0.0
 11
96.0
 21
32.0
 31
0.0
  0
LINE
  5
1FB
330
1C2
100
AcDbEntity
 67
1
  8
E-SEMA-ANTET
370
18
100
AcDbLine
 10
282.0
 20
10.0
 30
0.0
 11
282.0
 21
32.0
 31
0.0
  0
LINE
  5
1FC
330
1C2
100
AcDbEntity
 67
1
  8
E-SEMA-ANTET
370
18
100
AcDbLine
 10
316.0
 20
10.0
 30
0.0
 11
316.0
 21
32.0
 31
0.0
  0
LINE
  5
1FD
330
1C2
100
AcDbEntity
 67
1
  8
E-SEMA-ANTET
370
18
100
AcDbLine
 10
356.0
 20
10.0
 30
0.0
 11
356.0
 21
32.0
 31
0.0
  0
TEXT
  5
1FE
330
1C2
100
AcDbEntity
 67
1
  8
E-SEMA-ANTET
100
AcDbText
 10
20.8
 20
30.2
 30
0.0
 40
1.5
  1
Drawn By /
  7
GYM
 11
20.8
 21
30.2
 31
0.0
100
AcDbText
 73
2
  0
TEXT
  5
1FF
330
1C2
100
AcDbEntity
 67
1
  8
E-SEMA-ANTET
100
AcDbText
 10
20.8
 20
28.3
 30
0.0
 40
1.5
  1
Çizen
  7
GYM
 11
20.8
 21
28.3
 31
0.0
100
AcDbText
 73
2
  0
TEXT
  5
200
330
1C2
100
AcDbEntity
 67
1
  8
E-SEMA-ANTET
100
AcDbText
 10
62.4
 20
29.25
 30
0.0
 40
1.8
  1
CC
  7
GYM
 72
2
 11
62.4
 21
29.25
 31
0.0
100
AcDbText
 73
2
  0
TEXT
  5
201
330
1C2
100
AcDbEntity
 67
1
  8
E-SEMA-ANTET
100
AcDbText
 10
20.8
 20
24.7
 30
0.0
 40
1.5
  1
Checked By /
  7
GYM
 11
20.8
 21
24.7
 31
0.0
100
AcDbText
 73
2
  0
TEXT
  5
202
330
1C2
100
AcDbEntity
 67
1
  8
E-SEMA-ANTET
100
AcDbText
 10
20.8
 20
22.8
 30
0.0
 40
1.5
  1
Kontrol Eden
  7
GYM
 11
20.8
 21
22.8
 31
0.0
100
AcDbText
 73
2
  0
TEXT
  5
203
330
1C2
100
AcDbEntity
 67
1
  8
E-SEMA-ANTET
100
AcDbText
 10
62.4
 20
23.75
 30
0.0
 40
1.8
  1
—
  7
GYM
 72
2
 11
62.4
 21
23.75
 31
0.0
100
AcDbText
 73
2
  0
TEXT
  5
204
330
1C2
100
AcDbEntity
 67
1
  8
E-SEMA-ANTET
100
AcDbText
 10
20.8
 20
19.2
 30
0.0
 40
1.5
  1
Approved By /
  7
GYM
 11
20.8
 21
19.2
 31
0.0
100
AcDbText
 73
2
  0
TEXT
  5
205
330
1C2
100
AcDbEntity
 67
1
  8
E-SEMA-ANTET
100
AcDbText
 10
20.8
 20
17.3
 30
0.0
 40
1.5
  1
Onaylayan
  7
GYM
 11
20.8
 21
17.3
 31
0.0
100
AcDbText
 73
2
  0
TEXT
  5
206
330
1C2
100
AcDbEntity
 67
1
  8
E-SEMA-ANTET
100
AcDbText
 10
62.4
 20
18.25
 30
0.0
 40
1.8
  1
—
  7
GYM
 72
2
 11
62.4
 21
18.25
 31
0.0
100
AcDbText
 73
2
  0
TEXT
  5
207
330
1C2
100
AcDbEntity
 67
1
  8
E-SEMA-ANTET
100
AcDbText
 10
20.8
 20
13.7
 30
0.0
 40
1.5
  1
Project Date /
  7
GYM
 11
20.8
 21
13.7
 31
0.0
100
AcDbText
 73
2
  0
TEXT
  5
208
330
1C2
100
AcDbEntity
 67
1
  8
E-SEMA-ANTET
100
AcDbText
 10
20.8
 20
11.8
 30
0.0
 40
1.5
  1
Proje Tarihi
  7
GYM
 11
20.8
 21
11.8
 31
0.0
100
AcDbText
 73
2
  0
TEXT
  5
209
330
1C2
100
AcDbEntity
 67
1
  8
E-SEMA-ANTET
100
AcDbText
 10
62.4
 20
12.75
 30
0.0
 40
1.8
  1
17 Eylül 2026
  7
GYM
 72
2
 11
62.4
 21
12.75
 31
0.0
100
AcDbText
 73
2
  0
TEXT
  5
20A
330
1C2
100
AcDbEntity
 67
1
  8
E-SEMA-ANTET
100
AcDbText
 10
64.8
 20
30.2
 30
0.0
 40
1.5
  1
Customer Name /
  7
GYM
 11
64.8
 21
30.2
 31
0.0
100
AcDbText
 73
2
  0
TEXT
  5
20B
330
1C2
100
AcDbEntity
 67
1
  8
E-SEMA-ANTET
100
AcDbText
 10
64.8
 20
28.3
 30
0.0
 40
1.5
  1
Müşteri Adı
  7
GYM
 11
64.8
 21
28.3
 31
0.0
100
AcDbText
 73
2
  0
TEXT
  5
20C
330
1C2
100
AcDbEntity
 67
1
  8
E-SEMA-ANTET
100
AcDbText
 10
97.2
 20
29.25
 30
0.0
 40
2.2
  1
ÖZEL — MALTEPE / İDEALTEPE
  7
GYM
 11
97.2
 21
29.25
 31
0.0
100
AcDbText
 73
2
  0
TEXT
  5
20D
330
1C2
100
AcDbEntity
 67
1
  8
E-SEMA-ANTET
100
AcDbText
 10
64.8
 20
24.7
 30
0.0
 40
1.5
  1
Project Description /
  7
GYM
 11
64.8
 21
24.7
 31
0.0
100
AcDbText
 73
2
  0
TEXT
  5
20E
330
1C2
100
AcDbEntity
 67
1
  8
E-SEMA-ANTET
100
AcDbText
 10
64.8
 20
22.8
 30
0.0
 40
1.5
  1
Proje Açıklaması
  7
GYM
 11
64.8
 21
22.8
 31
0.0
100
AcDbText
 73
2
  0
TEXT
  5
20F
330
1C2
100
AcDbEntity
 67
1
  8
E-SEMA-ANTET
100
AcDbText
 10
97.2
 20
23.75
 30
0.0
 40
2.2
  1
MOBİLYA MAĞAZASI → FONKSİYONEL ANTRENMAN STÜDYOSU
  7
GYM
 11
97.2
 21
23.75
 31
0.0
100
AcDbText
 73
2
  0
TEXT
  5
210
330
1C2
100
AcDbEntity
 67
1
  8
E-SEMA-ANTET
100
AcDbText
 10
64.8
 20
19.2
 30
0.0
 40
1.5
  1
Panel Name /
  7
GYM
 11
64.8
 21
19.2
 31
0.0
100
AcDbText
 73
2
  0
TEXT
  5
211
330
1C2
100
AcDbEntity
 67
1
  8
E-SEMA-ANTET
100
AcDbText
 10
64.8
 20
17.3
 30
0.0
 40
1.5
  1
Pano Adı
  7
GYM
 11
64.8
 21
17.3
 31
0.0
100
AcDbText
 73
2
  0
TEXT
  5
212
330
1C2
100
AcDbEntity
 67
1
  8
E-SEMA-ANTET
100
AcDbText
 10
97.2
 20
18.25
 30
0.0
 40
2.2
  1
ADP
  7
GYM
 11
97.2
 21
18.25
 31
0.0
100
AcDbText
 73
2
  0
TEXT
  5
213
330
1C2
100
AcDbEntity
 67
1
  8
E-SEMA-ANTET
100
AcDbText
 10
64.8
 20
13.7
 30
0.0
 40
1.5
  1
Page Description /
  7
GYM
 11
64.8
 21
13.7
 31
0.0
100
AcDbText
 73
2
  0
TEXT
  5
214
330
1C2
100
AcDbEntity
 67
1
  8
E-SEMA-ANTET
100
AcDbText
 10
64.8
 20
11.8
 30
0.0
 40
1.5
  1
Sayfa Açıklaması
  7
GYM
 11
64.8
 21
11.8
 31
0.0
100
AcDbText
 73
2
  0
TEXT
  5
215
330
1C2
100
AcDbEntity
 67
1
  8
E-SEMA-ANTET
100
AcDbText
 10
97.2
 20
12.75
 30
0.0
 40
2.2
  1
Cover Sheet / Kapak
  7
GYM
 11
97.2
 21
12.75
 31
0.0
100
AcDbText
 73
2
  0
TEXT
  5
216
330
1C2
100
AcDbEntity
 67
1
  8
E-SEMA-ANTET
100
AcDbText
 10
282.8
 20
30.2
 30
0.0
 40
1.5
  1
Project Number /
  7
GYM
 11
282.8
 21
30.2
 31
0.0
100
AcDbText
 73
2
  0
TEXT
  5
217
330
1C2
100
AcDbEntity
 67
1
  8
E-SEMA-ANTET
100
AcDbText
 10
282.8
 20
28.3
 30
0.0
 40
1.5
  1
Proje Numarası
  7
GYM
 11
282.8
 21
28.3
 31
0.0
100
AcDbText
 73
2
  0
TEXT
  5
218
330
1C2
100
AcDbEntity
 67
1
  8
E-SEMA-ANTET
100
AcDbText
 10
317.2
 20
29.25
 30
0.0
 40
2.8
  1
GYM-25-001-001
  7
GYM-B
 11
317.2
 21
29.25
 31
0.0
100
AcDbText
 73
2
  0
TEXT
  5
219
330
1C2
100
AcDbEntity
 67
1
  8
E-SEMA-ANTET
100
AcDbText
 10
282.8
 20
19.2
 30
0.0
 40
1.5
  1
Revision /
  7
GYM
 11
282.8
 21
19.2
 31
0.0
100
AcDbText
 73
2
  0
TEXT
  5
21A
330
1C2
100
AcDbEntity
 67
1
  8
E-SEMA-ANTET
100
AcDbText
 10
282.8
 20
17.3
 30
0.0
 40
1.5
  1
Revizyon
  7
GYM
 11
282.8
 21
17.3
 31
0.0
100
AcDbText
 73
2
  0
TEXT
  5
21B
330
1C2
100
AcDbEntity
 67
1
  8
E-SEMA-ANTET
100
AcDbText
 10
317.2
 20
18.25
 30
0.0
 40
2.2
  1
Rev H
  7
GYM
 11
317.2
 21
18.25
 31
0.0
100
AcDbText
 73
2
  0
TEXT
  5
21C
330
1C2
100
AcDbEntity
 67
1
  8
E-SEMA-ANTET
100
AcDbText
 10
282.8
 20
13.7
 30
0.0
 40
1.5
  1
Standards /
  7
GYM
 11
282.8
 21
13.7
 31
0.0
100
AcDbText
 73
2
  0
TEXT
  5
21D
330
1C2
100
AcDbEntity
 67
1
  8
E-SEMA-ANTET
100
AcDbText
 10
282.8
 20
11.8
 30
0.0
 40
1.5
  1
Standartlar
  7
GYM
 11
282.8
 21
11.8
 31
0.0
100
AcDbText
 73
2
  0
TEXT
  5
21E
330
1C2
100
AcDbEntity
 67
1
  8
E-SEMA-ANTET
100
AcDbText
 10
317.2
 20
12.75
 30
0.0
 40
1.5
  1
IEC 61439-1&2 · IEC 60617
  7
GYM
 11
317.2
 21
12.75
 31
0.0
100
AcDbText
 73
2
  0
TEXT
  5
21F
330
1C2
100
AcDbEntity
 67
1
  8
E-SEMA-ANTET
100
AcDbText
 10
357.2
 20
30.25
 30
0.0
 40
1.5
  1
Sheet: /
  7
GYM
 11
357.2
 21
30.25
 31
0.0
100
AcDbText
 73
2
  0
TEXT
  5
220
330
1C2
100
AcDbEntity
 67
1
  8
E-SEMA-ANTET
100
AcDbText
 10
357.2
 20
27.85
 30
0.0
 40
1.5
  1
Sayfa
  7
GYM
 11
357.2
 21
27.85
 31
0.0
100
AcDbText
 73
2
  0
TEXT
  5
221
330
1C2
100
AcDbEntity
 67
1
  8
E-SEMA-ANTET
100
AcDbText
 10
408.0
 20
29.25
 30
0.0
 40
2.8
  1
1
  7
GYM-B
 72
2
 11
408.0
 21
29.25
 31
0.0
100
AcDbText
 73
2
  0
TEXT
  5
222
330
1C2
100
AcDbEntity
 67
1
  8
E-SEMA-ANTET
100
AcDbText
 10
357.2
 20
24.75
 30
0.0
 40
1.5
  1
Next sheet: /
  7
GYM
 11
357.2
 21
24.75
 31
0.0
100
AcDbText
 73
2
  0
TEXT
  5
223
330
1C2
100
AcDbEntity
 67
1
  8
E-SEMA-ANTET
100
AcDbText
 10
357.2
 20
22.35
 30
0.0
 40
1.5
  1
Sonraki
  7
GYM
 11
357.2
 21
22.35
 31
0.0
100
AcDbText
 73
2
  0
TEXT
  5
224
330
1C2
100
AcDbEntity
 67
1
  8
E-SEMA-ANTET
100
AcDbText
 10
408.0
 20
23.75
 30
0.0
 40
2.8
  1
2
  7
GYM-B
 72
2
 11
408.0
 21
23.75
 31
0.0
100
AcDbText
 73
2
  0
TEXT
  5
225
330
1C2
100
AcDbEntity
 67
1
  8
E-SEMA-ANTET
100
AcDbText
 10
357.2
 20
19.25
 30
0.0
 40
1.5
  1
Total sheets: /
  7
GYM
 11
357.2
 21
19.25
 31
0.0
100
AcDbText
 73
2
  0
TEXT
  5
226
330
1C2
100
AcDbEntity
 67
1
  8
E-SEMA-ANTET
100
AcDbText
 10
357.2
 20
16.85
 30
0.0
 40
1.5
  1
Toplam
  7
GYM
 11
357.2
 21
16.85
 31
0.0
100
AcDbText
 73
2
  0
TEXT
  5
227
330
1C2
100
AcDbEntity
 67
1
  8
E-SEMA-ANTET
100
AcDbText
 10
408.0
 20
18.25
 30
0.0
 40
2.8
  1
12
  7
GYM-B
 72
2
 11
408.0
 21
18.25
 31
0.0
100
AcDbText
 73
2
  0
TEXT
  5
228
330
1C2
100
AcDbEntity
 67
1
  8
E-SEMA-ANTET
100
AcDbText
 10
357.2
 20
13.75
 30
0.0
 40
1.5
  1
Sheet size /
  7
GYM
 11
357.2
 21
13.75
 31
0.0
100
AcDbText
 73
2
  0
TEXT
  5
229
330
1C2
100
AcDbEntity
 67
1
  8
E-SEMA-ANTET
100
AcDbText
 10
357.2
 20
11.35
 30
0.0
 40
1.5
  1
Kâğıt
  7
GYM
 11
357.2
 21
11.35
 31
0.0
100
AcDbText
 73
2
  0
TEXT
  5
22A
330
1C2
100
AcDbEntity
 67
1
  8
E-SEMA-ANTET
100
AcDbText
 10
408.0
 20
12.75
 30
0.0
 40
2.8
  1
A3
  7
GYM-B
 72
2
 11
408.0
 21
12.75
 31
0.0
100
AcDbText
 73
2
  0
TEXT
  5
22B
330
1C2
100
AcDbEntity
 67
1
  8
E-SEMA-YAZI
100
AcDbText
 10
39.0
 20
264.0
 30
0.0
 40
6.4
  1
ADP — ANA DAĞITIM PANOSU
  7
GYM-B
 11
39.0
 21
264.0
 31
0.0
100
AcDbText
 73
2
  0
TEXT
  5
22C
330
1C2
100
AcDbEntity
 67
1
  8
E-SEMA-YAZI
100
AcDbText
 10
39.0
 20
255.0
 30
0.0
 40
2.8
  1
ÇOK HATLI ŞEMATİK DİYAGRAM SETİ / MULTI-LINE SCHEMATIC SET
  7
GYM
 11
39.0
 21
255.0
 31
0.0
100
AcDbText
 73
2
  0
TEXT
  5
22D
330
1C2
100
AcDbEntity
 67
1
  8
E-SEMA-YAZI
100
AcDbText
 10
39.0
 20
243.0
 30
0.0
 40
1.8
  1
Müşteri / Customer
  7
GYM
 11
39.0
 21
243.0
 31
0.0
100
AcDbText
 73
2
  0
TEXT
  5
22E
330
1C2
100
AcDbEntity
 67
1
  8
E-SEMA-YAZI
100
AcDbText
 10
91.0
 20
243.0
 30
0.0
 40
2.2
  1
ÖZEL — MALTEPE / İDEALTEPE
  7
GYM
 11
91.0
 21
243.0
 31
0.0
100
AcDbText
 73
2
  0
TEXT
  5
22F
330
1C2
100
AcDbEntity
 67
1
  8
E-SEMA-YAZI
100
AcDbText
 10
39.0
 20
237.6
 30
0.0
 40
1.8
  1
Proje / Project
  7
GYM
 11
39.0
 21
237.6
 31
0.0
100
AcDbText
 73
2
  0
TEXT
  5
230
330
1C2
100
AcDbEntity
 67
1
  8
E-SEMA-YAZI
100
AcDbText
 10
91.0
 20
237.6
 30
0.0
 40
2.2
  1
MOBİLYA MAĞAZASI → FONKSİYONEL ANTRENMAN STÜDYOSU
  7
GYM
 11
91.0
 21
237.6
 31
0.0
100
AcDbText
 73
2
  0
TEXT
  5
231
330
1C2
100
AcDbEntity
 67
1
  8
E-SEMA-YAZI
100
AcDbText
 10
39.0
 20
232.2
 30
0.0
 40
1.8
  1
Pano / Panel
  7
GYM
 11
39.0
 21
232.2
 31
0.0
100
AcDbText
 73
2
  0
TEXT
  5
232
330
1C2
100
AcDbEntity
 67
1
  8
E-SEMA-YAZI
100
AcDbText
 10
91.0
 20
232.2
 30
0.0
 40
2.2
  1
ADP
  7
GYM
 11
91.0
 21
232.2
 31
0.0
100
AcDbText
 73
2
  0
TEXT
  5
233
330
1C2
100
AcDbEntity
 67
1
  8
E-SEMA-YAZI
100
AcDbText
 10
39.0
 20
226.79999999999998
 30
0.0
 40
1.8
  1
Proje No / Project No
  7
GYM
 11
39.0
 21
226.79999999999998
 31
0.0
100
AcDbText
 73
2
  0
TEXT
  5
234
330
1C2
100
AcDbEntity
 67
1
  8
E-SEMA-YAZI
100
AcDbText
 10
91.0
 20
226.79999999999998
 30
0.0
 40
2.2
  1
GYM-25-001-001
  7
GYM
 11
91.0
 21
226.79999999999998
 31
0.0
100
AcDbText
 73
2
  0
TEXT
  5
235
330
1C2
100
AcDbEntity
 67
1
  8
E-SEMA-YAZI
100
AcDbText
 10
39.0
 20
221.39999999999998
 30
0.0
 40
1.8
  1
Tarih / Date
  7
GYM
 11
39.0
 21
221.39999999999998
 31
0.0
100
AcDbText
 73
2
  0
TEXT
  5
236
330
1C2
100
AcDbEntity
 67
1
  8
E-SEMA-YAZI
100
AcDbText
 10
91.0
 20
221.39999999999998
 30
0.0
 40
2.2
  1
17 Eylül 2026
  7
GYM
 11
91.0
 21
221.39999999999998
 31
0.0
100
AcDbText
 73
2
  0
TEXT
  5
237
330
1C2
100
AcDbEntity
 67
1
  8
E-SEMA-YAZI
100
AcDbText
 10
39.0
 20
215.99999999999997
 30
0.0
 40
1.8
  1
Revizyon / Revision
  7
GYM
 11
39.0
 21
215.99999999999997
 31
0.0
100
AcDbText
 73
2
  0
TEXT
  5
238
330
1C2
100
AcDbEntity
 67
1
  8
E-SEMA-YAZI
100
AcDbText
 10
91.0
 20
215.99999999999997
 30
0.0
 40
2.2
  1
Rev H
  7
GYM
 11
91.0
 21
215.99999999999997
 31
0.0
100
AcDbText
 73
2
  0
TEXT
  5
239
330
1C2
100
AcDbEntity
 67
1
  8
E-SEMA-YAZI
100
AcDbText
 10
39.0
 20
210.59999999999997
 30
0.0
 40
1.8
  1
Standartlar / Standards
  7
GYM
 11
39.0
 21
210.59999999999997
 31
0.0
100
AcDbText
 73
2
  0
TEXT
  5
23A
330
1C2
100
AcDbEntity
 67
1
  8
E-SEMA-YAZI
100
AcDbText
 10
91.0
 20
210.59999999999997
 30
0.0
 40
2.2
  1
IEC 61439-1&2 · IEC 60617 · IEC 81346-2 · TS HD 60364 · Elektrik İç Tesisleri Yönetmeliği
  7
GYM
 11
91.0
 21
210.59999999999997
 31
0.0
100
AcDbText
 73
2
  0
TEXT
  5
23B
330
1C2
100
AcDbEntity
 67
1
  8
E-SEMA-YAZI
100
AcDbText
 10
39.0
 20
199.19999999999996
 30
0.0
 40
2.8
  1
SAYFA İÇERİĞİ / SHEET INDEX
  7
GYM-B
 11
39.0
 21
199.19999999999996
 31
0.0
100
AcDbText
 73
2
  0
LINE
  5
23C
330
1C2
100
AcDbEntity
 67
1
  8
E-SEMA-ANTET
370
35
100
AcDbLine
 10
39.0
 20
196.79999999999995
 30
0.0
 11
391.0
 21
196.79999999999995
 31
0.0
  0
TEXT
  5
23D
330
1C2
100
AcDbEntity
 67
1
  8
E-SEMA-YAZI
100
AcDbText
 10
39.0
 20
191.79999999999995
 30
0.0
 40
2.2
  1
01
  7
GYM
 11
39.0
 21
191.79999999999995
 31
0.0
100
AcDbText
 73
2
  0
TEXT
  5
23E
330
1C2
100
AcDbEntity
 67
1
  8
E-SEMA-YAZI
100
AcDbText
 10
49.0
 20
191.79999999999995
 30
0.0
 40
2.2
  1
Cover Sheet / Kapak
  7
GYM
 11
49.0
 21
191.79999999999995
 31
0.0
100
AcDbText
 73
2
  0
TEXT
  5
23F
330
1C2
100
AcDbEntity
 67
1
  8
E-SEMA-YAZI
100
AcDbText
 10
39.0
 20
187.19999999999996
 30
0.0
 40
2.2
  1
02
  7
GYM
 11
39.0
 21
187.19999999999996
 31
0.0
100
AcDbText
 73
2
  0
TEXT
  5
240
330
1C2
100
AcDbEntity
 67
1
  8
E-SEMA-YAZI
100
AcDbText
 10
49.0
 20
187.19999999999996
 30
0.0
 40
2.2
  1
Panel Characteristics / Pano Karakteristiği
  7
GYM
 11
49.0
 21
187.19999999999996
 31
0.0
100
AcDbText
 73
2
  0
TEXT
  5
241
330
1C2
100
AcDbEntity
 67
1
  8
E-SEMA-YAZI
100
AcDbText
 10
39.0
 20
182.59999999999997
 30
0.0
 40
2.2
  1
03
  7
GYM
 11
39.0
 21
182.59999999999997
 31
0.0
100
AcDbText
 73
2
  0
TEXT
  5
242
330
1C2
100
AcDbEntity
 67
1
  8
E-SEMA-YAZI
100
AcDbText
 10
49.0
 20
182.59999999999997
 30
0.0
 40
2.2
  1
Symbol List / Sembol Listesi
  7
GYM
 11
49.0
 21
182.59999999999997
 31
0.0
100
AcDbText
 73
2
  0
TEXT
  5
243
330
1C2
100
AcDbEntity
 67
1
  8
E-SEMA-YAZI
100
AcDbText
 10
39.0
 20
177.99999999999997
 30
0.0
 40
2.2
  1
04
  7
GYM
 11
39.0
 21
177.99999999999997
 31
0.0
100
AcDbText
 73
2
  0
TEXT
  5
244
330
1C2
100
AcDbEntity
 67
1
  8
E-SEMA-YAZI
100
AcDbText
 10
49.0
 20
177.99999999999997
 30
0.0
 40
2.2
  1
Incoming Supply / Ana Besleme
  7
GYM
 11
49.0
 21
177.99999999999997
 31
0.0
100
AcDbText
 73
2
  0
TEXT
  5
245
330
1C2
100
AcDbEntity
 67
1
  8
E-SEMA-YAZI
100
AcDbText
 10
39.0
 20
173.39999999999998
 30
0.0
 40
2.2
  1
05
  7
GYM
 11
39.0
 21
173.39999999999998
 31
0.0
100
AcDbText
 73
2
  0
TEXT
  5
246
330
1C2
100
AcDbEntity
 67
1
  8
E-SEMA-YAZI
100
AcDbText
 10
49.0
 20
173.39999999999998
 30
0.0
 40
2.2
  1
Schematic Diagram / Şematik Diyagram
  7
GYM
 11
49.0
 21
173.39999999999998
 31
0.0
100
AcDbText
 73
2
  0
TEXT
  5
247
330
1C2
100
AcDbEntity
 67
1
  8
E-SEMA-YAZI
100
AcDbText
 10
39.0
 20
168.79999999999998
 30
0.0
 40
2.2
  1
06
  7
GYM
 11
39.0
 21
168.79999999999998
 31
0.0
100
AcDbText
 73
2
  0
TEXT
  5
248
330
1C2
100
AcDbEntity
 67
1
  8
E-SEMA-YAZI
100
AcDbText
 10
49.0
 20
168.79999999999998
 30
0.0
 40
2.2
  1
Schematic Diagram / Şematik Diyagram
  7
GYM
 11
49.0
 21
168.79999999999998
 31
0.0
100
AcDbText
 73
2
  0
TEXT
  5
249
330
1C2
100
AcDbEntity
 67
1
  8
E-SEMA-YAZI
100
AcDbText
 10
39.0
 20
164.2
 30
0.0
 40
2.2
  1
07
  7
GYM
 11
39.0
 21
164.2
 31
0.0
100
AcDbText
 73
2
  0
TEXT
  5
24A
330
1C2
100
AcDbEntity
 67
1
  8
E-SEMA-YAZI
100
AcDbText
 10
49.0
 20
164.2
 30
0.0
 40
2.2
  1
Schematic Diagram / Şematik Diyagram
  7
GYM
 11
49.0
 21
164.2
 31
0.0
100
AcDbText
 73
2
  0
TEXT
  5
24B
330
1C2
100
AcDbEntity
 67
1
  8
E-SEMA-YAZI
100
AcDbText
 10
39.0
 20
159.6
 30
0.0
 40
2.2
  1
08
  7
GYM
 11
39.0
 21
159.6
 31
0.0
100
AcDbText
 73
2
  0
TEXT
  5
24C
330
1C2
100
AcDbEntity
 67
1
  8
E-SEMA-YAZI
100
AcDbText
 10
49.0
 20
159.6
 30
0.0
 40
2.2
  1
Schematic Diagram / Şematik Diyagram
  7
GYM
 11
49.0
 21
159.6
 31
0.0
100
AcDbText
 73
2
  0
TEXT
  5
24D
330
1C2
100
AcDbEntity
 67
1
  8
E-SEMA-YAZI
100
AcDbText
 10
39.0
 20
155.0
 30
0.0
 40
2.2
  1
09
  7
GYM
 11
39.0
 21
155.0
 31
0.0
100
AcDbText
 73
2
  0
TEXT
  5
24E
330
1C2
100
AcDbEntity
 67
1
  8
E-SEMA-YAZI
100
AcDbText
 10
49.0
 20
155.0
 30
0.0
 40
2.2
  1
Terminal Diagram / Klemens Planı
  7
GYM
 11
49.0
 21
155.0
 31
0.0
100
AcDbText
 73
2
  0
TEXT
  5
24F
330
1C2
100
AcDbEntity
 67
1
  8
E-SEMA-YAZI
100
AcDbText
 10
39.0
 20
150.4
 30
0.0
 40
2.2
  1
10
  7
GYM
 11
39.0
 21
150.4
 31
0.0
100
AcDbText
 73
2
  0
TEXT
  5
250
330
1C2
100
AcDbEntity
 67
1
  8
E-SEMA-YAZI
100
AcDbText
 10
49.0
 20
150.4
 30
0.0
 40
2.2
  1
Panel Overview / Pano Önden Görünüş
  7
GYM
 11
49.0
 21
150.4
 31
0.0
100
AcDbText
 73
2
  0
TEXT
  5
251
330
1C2
100
AcDbEntity
 67
1
  8
E-SEMA-YAZI
100
AcDbText
 10
39.0
 20
145.8
 30
0.0
 40
2.2
  1
11
  7
GYM
 11
39.0
 21
145.8
 31
0.0
100
AcDbText
 73
2
  0
TEXT
  5
252
330
1C2
100
AcDbEntity
 67
1
  8
E-SEMA-YAZI
100
AcDbText
 10
49.0
 20
145.8
 30
0.0
 40
2.2
  1
Load Schedule / Yükleme Cetveli
  7
GYM
 11
49.0
 21
145.8
 31
0.0
100
AcDbText
 73
2
  0
TEXT
  5
253
330
1C2
100
AcDbEntity
 67
1
  8
E-SEMA-YAZI
100
AcDbText
 10
39.0
 20
141.20000000000002
 30
0.0
 40
2.2
  1
12
  7
GYM
 11
39.0
 21
141.20000000000002
 31
0.0
100
AcDbText
 73
2
  0
TEXT
  5
254
330
1C2
100
AcDbEntity
 67
1
  8
E-SEMA-YAZI
100
AcDbText
 10
49.0
 20
141.20000000000002
 30
0.0
 40
2.2
  1
Parts List / Malzeme Listesi
  7
GYM
 11
49.0
 21
141.20000000000002
 31
0.0
100
AcDbText
 73
2
  0
ENDSEC
  0
SECTION
  2
OBJECTS
  0
DICTIONARY
  5
A
330
0
100
AcDbDictionary
281
1
  3
ACAD_COLOR
350
B
  3
ACAD_GROUP
350
C
  3
ACAD_LAYOUT
350
D
  3
ACAD_MATERIAL
350
E
  3
ACAD_MLEADERSTYLE
350
F
  3
ACAD_MLINESTYLE
350
10
  3
ACAD_PLOTSETTINGS
350
11
  3
ACAD_PLOTSTYLENAME
350
12
  3
ACAD_SCALELIST
350
14
  3
ACAD_TABLESTYLE
350
15
  3
ACAD_VISUALSTYLE
350
16
  3
EZDXF_META
350
2D
  0
DICTIONARY
  5
B
330
A
100
AcDbDictionary
281
1
  0
DICTIONARY
  5
C
330
A
100
AcDbDictionary
281
1
  0
DICTIONARY
  5
D
330
A
100
AcDbDictionary
281
1
  3
Model
350
1A
  3
01 Cover Sheet - Kapak
350
1C5
  3
02 Panel Characteristics - Pano Karakteristiği
350
258
  3
03 Symbol List - Sembol Listesi
350
300
  3
04 Incoming Supply - Ana Besleme
350
3C3
  3
05 Schematic Diagram - Şematik Diyagram
350
4BB
  3
06 Schematic Diagram - Şematik Diyagram
350
714
  3
07 Schematic Diagram - Şematik Diyagram
350
9C1
  3
08 Schematic Diagram - Şematik Diyagram
350
BFB
  3
09 Terminal Diagram - Klemens Planı
350
D14
  3
10 Panel Overview - Pano Önden Görünüş
350
FE0
  3
11 Load Schedule - Yükleme Cetveli
350
117A
  3
12 Parts List - Malzeme Listesi
350
139E
  0
DICTIONARY
  5
E
330
A
100
AcDbDictionary
281
1
  3
ByBlock
350
1F
  3
ByLayer
350
20
  3
Global
350
21
  0
DICTIONARY
  5
F
330
A
100
AcDbDictionary
281
1
  3
Standard
350
2C
  0
DICTIONARY
  5
10
330
A
100
AcDbDictionary
281
1
  3
Standard
350
22
  0
DICTIONARY
  5
11
330
A
100
AcDbDictionary
281
1
  0
ACDBDICTIONARYWDFLT
  5
12
330
A
100
AcDbDictionary
281
1
  3
Normal
350
13
100
AcDbDictionaryWithDefault
340
13
  0
ACDBPLACEHOLDER
  5
13
330
12
  0
DICTIONARY
  5
14
330
A
100
AcDbDictionary
281
1
  0
DICTIONARY
  5
15
330
A
100
AcDbDictionary
281
1
  0
DICTIONARY
  5
16
330
A
100
AcDbDictionary
281
1
  3
2dWireframe
350
5A
  3
Basic
350
5B
  3
Brighten
350
5C
  3
ColorChange
350
5D
  3
Conceptual
350
5E
  3
Dim
350
5F
  3
EdgeColorOff
350
60
  3
Facepattern
350
61
  3
Flat
350
62
  3
FlatWithEdges
350
63
  3
Gouraud
350
64
  3
GouraudWithEdges
350
65
  3
Hidden
350
66
  3
JitterOff
350
67
  3
Linepattern
350
68
  3
Modeling
350
69
  3
OverhangOff
350
6A
  3
Realistic
350
6B
  3
Shaded
350
6C
  3
Shaded with edges
350
6D
  3
Shades of Gray
350
6E
  3
Sketchy
350
6F
  3
Thicken
350
70
  3
Wireframe
350
71
  3
X-Ray
350
72
  0
LAYOUT
  5
1A
330
D
100
AcDbPlotSettings
  1

  4
A3
  6

 40
7.5
 41
20.0
 42
7.5
 43
20.0
 44
420.0
 45
297.0
 46
0.0
 47
0.0
 48
0.0
 49
0.0
140
0.0
141
0.0
142
1.0
143
1.0
 70
1024
 72
1
 73
0
 74
5
  7

 75
16
 76
0
 77
2
 78
300
147
1.0
148
0.0
149
0.0
100
AcDbLayout
  1
Model
 70
1
 71
0
 10
0.0
 20
0.0
 11
420.0
 21
297.0
 12
0.0
 22
0.0
 32
0.0
 14
1e+20
 24
1e+20
 34
1e+20
 15
-1e+20
 25
-1e+20
 35
-1e+20
146
0.0
 13
0.0
 23
0.0
 33
0.0
 16
1.0
 26
0.0
 36
0.0
 17
0.0
 27
1.0
 37
0.0
 76
1
330
17
  0
MATERIAL
  5
1F
102
{ACAD_REACTORS
330
E
102
}
330
E
100
AcDbMaterial
  1
ByBlock
  2

 70
0
 40
1.0
 71
1
 41
1.0
 91
-1023410177
 42
1.0
 72
1
  3

 73
1
 74
1
 75
1
 44
0.5
 73
0
 45
1.0
 46
1.0
 77
1
  4

 78
1
 79
1
170
1
 48
1.0
171
1
  6

172
1
173
1
174
1
140
1.0
141
1.0
175
1
  7

176
1
177
1
178
1
143
1.0
179
1
  8

270
1
271
1
272
1
145
1.0
146
1.0
273
1
  9

274
1
275
1
276
1
 42
1.0
 72
1
  3

 73
1
 74
1
 75
1
 94
63
  0
MATERIAL
  5
20
102
{ACAD_REACTORS
330
E
102
}
330
E
100
AcDbMaterial
  1
ByLayer
  2

 70
0
 40
1.0
 71
1
 41
1.0
 91
-1023410177
 42
1.0
 72
1
  3

 73
1
 74
1
 75
1
 44
0.5
 73
0
 45
1.0
 46
1.0
 77
1
  4

 78
1
 79
1
170
1
 48
1.0
171
1
  6

172
1
173
1
174
1
140
1.0
141
1.0
175
1
  7

176
1
177
1
178
1
143
1.0
179
1
  8

270
1
271
1
272
1
145
1.0
146
1.0
273
1
  9

274
1
275
1
276
1
 42
1.0
 72
1
  3

 73
1
 74
1
 75
1
 94
63
  0
MATERIAL
  5
21
102
{ACAD_REACTORS
330
E
102
}
330
E
100
AcDbMaterial
  1
Global
  2

 70
0
 40
1.0
 71
1
 41
1.0
 91
-1023410177
 42
1.0
 72
1
  3

 73
1
 74
1
 75
1
 44
0.5
 73
0
 45
1.0
 46
1.0
 77
1
  4

 78
1
 79
1
170
1
 48
1.0
171
1
  6

172
1
173
1
174
1
140
1.0
141
1.0
175
1
  7

176
1
177
1
178
1
143
1.0
179
1
  8

270
1
271
1
272
1
145
1.0
146
1.0
273
1
  9

274
1
275
1
276
1
 42
1.0
 72
1
  3

 73
1
 74
1
 75
1
 94
63
  0
MLINESTYLE
  5
22
102
{ACAD_REACTORS
330
10
102
}
330
10
100
AcDbMlineStyle
  2
Standard
 70
0
  3

 62
256
 51
90.0
 52
90.0
 71
2
 49
0.5
 62
256
  6
BYLAYER
 49
-0.5
 62
256
  6
BYLAYER
  0
MLEADERSTYLE
  5
2C
102
{ACAD_REACTORS
330
F
102
}
330
F
100
AcDbMLeaderStyle
179
2
170
2
171
1
172
0
 90
2
 40
0.0
 41
0.0
173
1
 91
-1056964608
 92
-2
290
1
 42
2.0
291
1
 43
8.0
  3
Standard
 44
4.0
300

342
29
174
1
175
1
176
0
178
1
 93
-1056964608
 45
4.0
292
0
297
0
 46
4.0
 94
-1056964608
 47
1.0
 49
1.0
140
1.0
294
1
141
0.0
177
0
142
1.0
295
0
296
0
143
3.75
271
0
272
9
273
9
  0
DICTIONARY
  5
2D
330
A
100
AcDbDictionary
280
1
281
1
  3
CREATED_BY_EZDXF
350
2E
  3
WRITTEN_BY_EZDXF
350
145F
  0
DICTIONARYVAR
  5
2E
330
2D
100
DictionaryVariables
280
0
  1
1.4.4 @ 2026-09-18T13:27:25.932864+00:00
  0
VISUALSTYLE
  5
5A
102
{ACAD_REACTORS
330
16
102
}
330
16
100
AcDbVisualStyle
  2
2dWireframe
 70
4
 90
0
 40
0.6
 62
7
290
0
291
0
  0
VISUALSTYLE
  5
5B
102
{ACAD_REACTORS
330
16
102
}
330
16
100
AcDbVisualStyle
  2
Basic
 70
7
 90
1
 40
0.6
 62
7
290
0
291
1
  0
VISUALSTYLE
  5
5C
102
{ACAD_REACTORS
330
16
102
}
330
16
100
AcDbVisualStyle
  2
Brighten
 70
12
 90
2
 40
0.6
 62
7
290
0
291
1
  0
VISUALSTYLE
  5
5D
102
{ACAD_REACTORS
330
16
102
}
330
16
100
AcDbVisualStyle
  2
ColorChange
 70
16
 90
2
 40
0.6
 62
8
290
0
291
1
  0
VISUALSTYLE
  5
5E
102
{ACAD_REACTORS
330
16
102
}
330
16
100
AcDbVisualStyle
  2
Conceptual
 70
9
 90
3
 40
0.6
 62
7
290
0
291
0
  0
VISUALSTYLE
  5
5F
102
{ACAD_REACTORS
330
16
102
}
330
16
100
AcDbVisualStyle
  2
Dim
 70
11
 90
2
 40
0.6
 62
7
290
0
291
1
  0
VISUALSTYLE
  5
60
102
{ACAD_REACTORS
330
16
102
}
330
16
100
AcDbVisualStyle
  2
EdgeColorOff
 70
22
 90
2
 40
0.6
 62
7
290
0
291
1
  0
VISUALSTYLE
  5
61
102
{ACAD_REACTORS
330
16
102
}
330
16
100
AcDbVisualStyle
  2
Facepattern
 70
15
 90
2
 40
0.6
 62
7
290
0
291
1
  0
VISUALSTYLE
  5
62
102
{ACAD_REACTORS
330
16
102
}
330
16
100
AcDbVisualStyle
  2
Flat
 70
0
 90
2
 40
0.6
 62
7
290
0
291
1
  0
VISUALSTYLE
  5
63
102
{ACAD_REACTORS
330
16
102
}
330
16
100
AcDbVisualStyle
  2
FlatWithEdges
 70
1
 90
2
 40
0.6
 62
7
290
0
291
1
  0
VISUALSTYLE
  5
64
102
{ACAD_REACTORS
330
16
102
}
330
16
100
AcDbVisualStyle
  2
Gouraud
 70
2
 90
2
 40
0.6
 62
7
290
0
291
1
  0
VISUALSTYLE
  5
65
102
{ACAD_REACTORS
330
16
102
}
330
16
100
AcDbVisualStyle
  2
GouraudWithEdges
 70
3
 90
2
 40
0.6
 62
7
290
0
291
1
  0
VISUALSTYLE
  5
66
102
{ACAD_REACTORS
330
16
102
}
330
16
100
AcDbVisualStyle
  2
Hidden
 70
6
 90
1
 40
0.6
 62
7
290
0
291
0
  0
VISUALSTYLE
  5
67
102
{ACAD_REACTORS
330
16
102
}
330
16
100
AcDbVisualStyle
  2
JitterOff
 70
20
 90
2
 40
0.6
 62
7
290
0
291
1
  0
VISUALSTYLE
  5
68
102
{ACAD_REACTORS
330
16
102
}
330
16
100
AcDbVisualStyle
  2
Linepattern
 70
14
 90
2
 40
0.6
 62
7
290
0
291
1
  0
VISUALSTYLE
  5
69
102
{ACAD_REACTORS
330
16
102
}
330
16
100
AcDbVisualStyle
  2
Modeling
 70
10
 90
2
 40
0.6
 62
7
290
0
291
0
  0
VISUALSTYLE
  5
6A
102
{ACAD_REACTORS
330
16
102
}
330
16
100
AcDbVisualStyle
  2
OverhangOff
 70
21
 90
2
 40
0.6
 62
7
290
0
291
1
  0
VISUALSTYLE
  5
6B
102
{ACAD_REACTORS
330
16
102
}
330
16
100
AcDbVisualStyle
  2
Realistic
 70
8
 90
2
 40
0.6
 62
7
290
0
291
0
  0
VISUALSTYLE
  5
6C
102
{ACAD_REACTORS
330
16
102
}
330
16
100
AcDbVisualStyle
  2
Shaded
 70
27
 90
2
 40
0.6
 62
7
290
0
291
0
  0
VISUALSTYLE
  5
6D
102
{ACAD_REACTORS
330
16
102
}
330
16
100
AcDbVisualStyle
  2
Shaded with edges
 70
26
 90
2
 40
0.6
 62
7
290
0
291
0
  0
VISUALSTYLE
  5
6E
102
{ACAD_REACTORS
330
16
102
}
330
16
100
AcDbVisualStyle
  2
Shades of Gray
 70
23
 90
2
 40
0.6
 62
7
290
0
291
0
  0
VISUALSTYLE
  5
6F
102
{ACAD_REACTORS
330
16
102
}
330
16
100
AcDbVisualStyle
  2
Sketchy
 70
24
 90
1
 40
0.6
 62
7
290
0
291
0
  0
VISUALSTYLE
  5
70
102
{ACAD_REACTORS
330
16
102
}
330
16
100
AcDbVisualStyle
  2
Thicken
 70
13
 90
2
 40
0.6
 62
7
290
0
291
1
  0
VISUALSTYLE
  5
71
102
{ACAD_REACTORS
330
16
102
}
330
16
100
AcDbVisualStyle
  2
Wireframe
 70
5
 90
0
 40
0.6
 62
7
290
0
291
0
  0
VISUALSTYLE
  5
72
102
{ACAD_REACTORS
330
16
102
}
330
16
100
AcDbVisualStyle
  2
X-Ray
 70
25
 90
2
 40
0.5
 62
7
290
0
291
0
  0
LAYOUT
  5
1C5
330
D
100
AcDbPlotSettings
  1

  2
DWG to PDF.pc3
  4
ezdxf_(420.00_x_297.00_MM)
  6

 40
0.0
 41
0.0
 42
0.0
 43
0.0
 44
420.0
 45
297.0
 46
0.0
 47
0.0
 48
0.0
 49
0.0
140
0.0
141
0.0
142
1.0
143
1.0
 70
672
 72
1
 73
0
 74
5
  7

 75
16
 76
0
 77
2
 78
300
147
1.0
148
0.0
149
0.0
100
AcDbLayout
  1
01 Cover Sheet - Kapak
 70
1
 71
3
 10
-0.0
 20
-0.0
 11
420.0
 21
297.0
 12
0.0
 22
0.0
 32
0.0
 14
1e+20
 24
1e+20
 34
1e+20
 15
-1e+20
 25
-1e+20
 35
-1e+20
146
0.0
 13
0.0
 23
0.0
 33
0.0
 16
1.0
 26
0.0
 36
0.0
 17
0.0
 27
1.0
 37
0.0
 76
1
330
1C2
331
1C6
  0
LAYOUT
  5
258
330
D
100
AcDbPlotSettings
  1

  2
DWG to PDF.pc3
  4
ezdxf_(420.00_x_297.00_MM)
  6

 40
0.0
 41
0.0
 42
0.0
 43
0.0
 44
420.0
 45
297.0
 46
0.0
 47
0.0
 48
0.0
 49
0.0
140
0.0
141
0.0
142
1.0
143
1.0
 70
672
 72
1
 73
0
 74
5
  7

 75
16
 76
0
 77
2
 78
300
147
1.0
148
0.0
149
0.0
100
AcDbLayout
  1
02 Panel Characteristics - Pano Karakteristiği
 70
1
 71
4
 10
-0.0
 20
-0.0
 11
420.0
 21
297.0
 12
0.0
 22
0.0
 32
0.0
 14
1e+20
 24
1e+20
 34
1e+20
 15
-1e+20
 25
-1e+20
 35
-1e+20
146
0.0
 13
0.0
 23
0.0
 33
0.0
 16
1.0
 26
0.0
 36
0.0
 17
0.0
 27
1.0
 37
0.0
 76
1
330
255
331
259
  0
LAYOUT
  5
300
330
D
100
AcDbPlotSettings
  1

  2
DWG to PDF.pc3
  4
ezdxf_(420.00_x_297.00_MM)
  6

 40
0.0
 41
0.0
 42
0.0
 43
0.0
 44
420.0
 45
297.0
 46
0.0
 47
0.0
 48
0.0
 49
0.0
140
0.0
141
0.0
142
1.0
143
1.0
 70
672
 72
1
 73
0
 74
5
  7

 75
16
 76
0
 77
2
 78
300
147
1.0
148
0.0
149
0.0
100
AcDbLayout
  1
03 Symbol List - Sembol Listesi
 70
1
 71
5
 10
-0.0
 20
-0.0
 11
420.0
 21
297.0
 12
0.0
 22
0.0
 32
0.0
 14
1e+20
 24
1e+20
 34
1e+20
 15
-1e+20
 25
-1e+20
 35
-1e+20
146
0.0
 13
0.0
 23
0.0
 33
0.0
 16
1.0
 26
0.0
 36
0.0
 17
0.0
 27
1.0
 37
0.0
 76
1
330
2FD
331
301
  0
LAYOUT
  5
3C3
330
D
100
AcDbPlotSettings
  1

  2
DWG to PDF.pc3
  4
ezdxf_(420.00_x_297.00_MM)
  6

 40
0.0
 41
0.0
 42
0.0
 43
0.0
 44
420.0
 45
297.0
 46
0.0
 47
0.0
 48
0.0
 49
0.0
140
0.0
141
0.0
142
1.0
143
1.0
 70
672
 72
1
 73
0
 74
5
  7

 75
16
 76
0
 77
2
 78
300
147
1.0
148
0.0
149
0.0
100
AcDbLayout
  1
04 Incoming Supply - Ana Besleme
 70
1
 71
6
 10
-0.0
 20
-0.0
 11
420.0
 21
297.0
 12
0.0
 22
0.0
 32
0.0
 14
1e+20
 24
1e+20
 34
1e+20
 15
-1e+20
 25
-1e+20
 35
-1e+20
146
0.0
 13
0.0
 23
0.0
 33
0.0
 16
1.0
 26
0.0
 36
0.0
 17
0.0
 27
1.0
 37
0.0
 76
1
330
3C0
331
3C4
  0
LAYOUT
  5
4BB
330
D
100
AcDbPlotSettings
  1

  2
DWG to PDF.pc3
  4
ezdxf_(420.00_x_297.00_MM)
  6

 40
0.0
 41
0.0
 42
0.0
 43
0.0
 44
420.0
 45
297.0
 46
0.0
 47
0.0
 48
0.0
 49
0.0
140
0.0
141
0.0
142
1.0
143
1.0
 70
672
 72
1
 73
0
 74
5
  7

 75
16
 76
0
 77
2
 78
300
147
1.0
148
0.0
149
0.0
100
AcDbLayout
  1
05 Schematic Diagram - Şematik Diyagram
 70
1
 71
7
 10
-0.0
 20
-0.0
 11
420.0
 21
297.0
 12
0.0
 22
0.0
 32
0.0
 14
1e+20
 24
1e+20
 34
1e+20
 15
-1e+20
 25
-1e+20
 35
-1e+20
146
0.0
 13
0.0
 23
0.0
 33
0.0
 16
1.0
 26
0.0
 36
0.0
 17
0.0
 27
1.0
 37
0.0
 76
1
330
4B8
331
4BC
  0
LAYOUT
  5
714
330
D
100
AcDbPlotSettings
  1

  2
DWG to PDF.pc3
  4
ezdxf_(420.00_x_297.00_MM)
  6

 40
0.0
 41
0.0
 42
0.0
 43
0.0
 44
420.0
 45
297.0
 46
0.0
 47
0.0
 48
0.0
 49
0.0
140
0.0
141
0.0
142
1.0
143
1.0
 70
672
 72
1
 73
0
 74
5
  7

 75
16
 76
0
 77
2
 78
300
147
1.0
148
0.0
149
0.0
100
AcDbLayout
  1
06 Schematic Diagram - Şematik Diyagram
 70
1
 71
8
 10
-0.0
 20
-0.0
 11
420.0
 21
297.0
 12
0.0
 22
0.0
 32
0.0
 14
1e+20
 24
1e+20
 34
1e+20
 15
-1e+20
 25
-1e+20
 35
-1e+20
146
0.0
 13
0.0
 23
0.0
 33
0.0
 16
1.0
 26
0.0
 36
0.0
 17
0.0
 27
1.0
 37
0.0
 76
1
330
711
331
715
  0
LAYOUT
  5
9C1
330
D
100
AcDbPlotSettings
  1

  2
DWG to PDF.pc3
  4
ezdxf_(420.00_x_297.00_MM)
  6

 40
0.0
 41
0.0
 42
0.0
 43
0.0
 44
420.0
 45
297.0
 46
0.0
 47
0.0
 48
0.0
 49
0.0
140
0.0
141
0.0
142
1.0
143
1.0
 70
672
 72
1
 73
0
 74
5
  7

 75
16
 76
0
 77
2
 78
300
147
1.0
148
0.0
149
0.0
100
AcDbLayout
  1
07 Schematic Diagram - Şematik Diyagram
 70
1
 71
9
 10
-0.0
 20
-0.0
 11
420.0
 21
297.0
 12
0.0
 22
0.0
 32
0.0
 14
1e+20
 24
1e+20
 34
1e+20
 15
-1e+20
 25
-1e+20
 35
-1e+20
146
0.0
 13
0.0
 23
0.0
 33
0.0
 16
1.0
 26
0.0
 36
0.0
 17
0.0
 27
1.0
 37
0.0
 76
1
330
9BE
331
9C2
  0
LAYOUT
  5
BFB
330
D
100
AcDbPlotSettings
  1

  2
DWG to PDF.pc3
  4
ezdxf_(420.00_x_297.00_MM)
  6

 40
0.0
 41
0.0
 42
0.0
 43
0.0
 44
420.0
 45
297.0
 46
0.0
 47
0.0
 48
0.0
 49
0.0
140
0.0
141
0.0
142
1.0
143
1.0
 70
672
 72
1
 73
0
 74
5
  7

 75
16
 76
0
 77
2
 78
300
147
1.0
148
0.0
149
0.0
100
AcDbLayout
  1
08 Schematic Diagram - Şematik Diyagram
 70
1
 71
10
 10
-0.0
 20
-0.0
 11
420.0
 21
297.0
 12
0.0
 22
0.0
 32
0.0
 14
1e+20
 24
1e+20
 34
1e+20
 15
-1e+20
 25
-1e+20
 35
-1e+20
146
0.0
 13
0.0
 23
0.0
 33
0.0
 16
1.0
 26
0.0
 36
0.0
 17
0.0
 27
1.0
 37
0.0
 76
1
330
BF8
331
BFC
  0
LAYOUT
  5
D14
330
D
100
AcDbPlotSettings
  1

  2
DWG to PDF.pc3
  4
ezdxf_(420.00_x_297.00_MM)
  6

 40
0.0
 41
0.0
 42
0.0
 43
0.0
 44
420.0
 45
297.0
 46
0.0
 47
0.0
 48
0.0
 49
0.0
140
0.0
141
0.0
142
1.0
143
1.0
 70
672
 72
1
 73
0
 74
5
  7

 75
16
 76
0
 77
2
 78
300
147
1.0
148
0.0
149
0.0
100
AcDbLayout
  1
09 Terminal Diagram - Klemens Planı
 70
1
 71
11
 10
-0.0
 20
-0.0
 11
420.0
 21
297.0
 12
0.0
 22
0.0
 32
0.0
 14
1e+20
 24
1e+20
 34
1e+20
 15
-1e+20
 25
-1e+20
 35
-1e+20
146
0.0
 13
0.0
 23
0.0
 33
0.0
 16
1.0
 26
0.0
 36
0.0
 17
0.0
 27
1.0
 37
0.0
 76
1
330
D11
331
D15
  0
LAYOUT
  5
FE0
330
D
100
AcDbPlotSettings
  1

  2
DWG to PDF.pc3
  4
ezdxf_(420.00_x_297.00_MM)
  6

 40
0.0
 41
0.0
 42
0.0
 43
0.0
 44
420.0
 45
297.0
 46
0.0
 47
0.0
 48
0.0
 49
0.0
140
0.0
141
0.0
142
1.0
143
1.0
 70
672
 72
1
 73
0
 74
5
  7

 75
16
 76
0
 77
2
 78
300
147
1.0
148
0.0
149
0.0
100
AcDbLayout
  1
10 Panel Overview - Pano Önden Görünüş
 70
1
 71
12
 10
-0.0
 20
-0.0
 11
420.0
 21
297.0
 12
0.0
 22
0.0
 32
0.0
 14
1e+20
 24
1e+20
 34
1e+20
 15
-1e+20
 25
-1e+20
 35
-1e+20
146
0.0
 13
0.0
 23
0.0
 33
0.0
 16
1.0
 26
0.0
 36
0.0
 17
0.0
 27
1.0
 37
0.0
 76
1
330
FDD
331
FE1
  0
LAYOUT
  5
117A
330
D
100
AcDbPlotSettings
  1

  2
DWG to PDF.pc3
  4
ezdxf_(420.00_x_297.00_MM)
  6

 40
0.0
 41
0.0
 42
0.0
 43
0.0
 44
420.0
 45
297.0
 46
0.0
 47
0.0
 48
0.0
 49
0.0
140
0.0
141
0.0
142
1.0
143
1.0
 70
672
 72
1
 73
0
 74
5
  7

 75
16
 76
0
 77
2
 78
300
147
1.0
148
0.0
149
0.0
100
AcDbLayout
  1
11 Load Schedule - Yükleme Cetveli
 70
1
 71
13
 10
-0.0
 20
-0.0
 11
420.0
 21
297.0
 12
0.0
 22
0.0
 32
0.0
 14
1e+20
 24
1e+20
 34
1e+20
 15
-1e+20
 25
-1e+20
 35
-1e+20
146
0.0
 13
0.0
 23
0.0
 33
0.0
 16
1.0
 26
0.0
 36
0.0
 17
0.0
 27
1.0
 37
0.0
 76
1
330
1177
331
117B
  0
LAYOUT
  5
139E
330
D
100
AcDbPlotSettings
  1

  2
DWG to PDF.pc3
  4
ezdxf_(420.00_x_297.00_MM)
  6

 40
0.0
 41
0.0
 42
0.0
 43
0.0
 44
420.0
 45
297.0
 46
0.0
 47
0.0
 48
0.0
 49
0.0
140
0.0
141
0.0
142
1.0
143
1.0
 70
672
 72
1
 73
0
 74
5
  7

 75
16
 76
0
 77
2
 78
300
147
1.0
148
0.0
149
0.0
100
AcDbLayout
  1
12 Parts List - Malzeme Listesi
 70
1
 71
14
 10
-0.0
 20
-0.0
 11
420.0
 21
297.0
 12
0.0
 22
0.0
 32
0.0
 14
1e+20
 24
1e+20
 34
1e+20
 15
-1e+20
 25
-1e+20
 35
-1e+20
146
0.0
 13
0.0
 23
0.0
 33
0.0
 16
1.0
 26
0.0
 36
0.0
 17
0.0
 27
1.0
 37
0.0
 76
1
330
139B
331
139F
  0
DICTIONARYVAR
  5
145F
330
2D
100
DictionaryVariables
280
0
  1
1.4.4 @ 2026-09-18T13:27:26.070108+00:00
  0
ENDSEC
  0
EOF
