  0
SECTION
  2
HEADER
  9
$ACADVER
  1
AC1024
  9
$ACADMAINTVER
 70
6
  9
$DWGCODEPAGE
  3
ANSI_1252
  9
$LASTSAVEDBY
  1
ezdxf
  9
$INSBASE
 10
0.0
 20
0.0
 30
0.0
  9
$EXTMIN
 10
1e+20
 20
1e+20
 30
1e+20
  9
$EXTMAX
 10
-1e+20
 20
-1e+20
 30
-1e+20
  9
$LIMMIN
 10
0.0
 20
0.0
  9
$LIMMAX
 10
420.0
 20
297.0
  9
$ORTHOMODE
 70
0
  9
$REGENMODE
 70
1
  9
$FILLMODE
 70
1
  9
$QTEXTMODE
 70
0
  9
$MIRRTEXT
 70
1
  9
$LTSCALE
 40
1.0
  9
$ATTMODE
 70
1
  9
$TEXTSIZE
 40
2.5
  9
$TRACEWID
 40
1.0
  9
$TEXTSTYLE
  7
OpenSans
  9
$CLAYER
  8
0
  9
$CELTYPE
  6
ByLayer
  9
$CECOLOR
 62
256
  9
$CELTSCALE
 40
1.0
  9
$DISPSILH
 70
0
  9
$DIMSCALE
 40
75.0
  9
$DIMASZ
 40
0.175
  9
$DIMEXO
 40
0.125
  9
$DIMDLI
 40
3.75
  9
$DIMRND
 40
0.0
  9
$DIMDLE
 40
0.0
  9
$DIMEXE
 40
0.375
  9
$DIMTP
 40
0.0
  9
$DIMTM
 40
0.0
  9
$DIMTXT
 40
0.25
  9
$DIMCEN
 40
2.5
  9
$DIMTSZ
 40
0.0
  9
$DIMTOL
 70
0
  9
$DIMLIM
 70
0
  9
$DIMTIH
 70
0
  9
$DIMTOH
 70
0
  9
$DIMSE1
 70
0
  9
$DIMSE2
 70
0
  9
$DIMTAD
 70
1
  9
$DIMZIN
 70
12
  9
$DIMBLK
  1
ARCHTICK
  9
$DIMASO
 70
1
  9
$DIMSHO
 70
1
  9
$DIMPOST
  1

  9
$DIMAPOST
  1

  9
$DIMALT
 70
0
  9
$DIMALTD
 70
3
  9
$DIMALTF
 40
0.03937007874
  9
$DIMLFAC
 40
100.0
  9
$DIMTOFL
 70
1
  9
$DIMTVP
 40
0.0
  9
$DIMTIX
 70
0
  9
$DIMSOXD
 70
0
  9
$DIMSAH
 70
0
  9
$DIMBLK1
  1

  9
$DIMBLK2
  1

  9
$DIMSTYLE
  2
GYM-50
  9
$DIMCLRD
 70
0
  9
$DIMCLRE
 70
0
  9
$DIMCLRT
 70
0
  9
$DIMTFAC
 40
0.5
  9
$DIMGAP
 40
0.1
  9
$DIMJUST
 70
0
  9
$DIMSD1
 70
0
  9
$DIMSD2
 70
0
  9
$DIMTOLJ
 70
0
  9
$DIMTZIN
 70
8
  9
$DIMALTZ
 70
0
  9
$DIMALTTZ
 70
0
  9
$DIMUPT
 70
1
  9
$DIMDEC
 70
2
  9
$DIMTDEC
 70
2
  9
$DIMALTU
 70
2
  9
$DIMALTTD
 70
3
  9
$DIMTXSTY
  7
OpenSansCondensed-Light
  9
$DIMAUNIT
 70
0
  9
$DIMADEC
 70
2
  9
$DIMALTRND
 40
0.0
  9
$DIMAZIN
 70
3
  9
$DIMDSEP
 70
46
  9
$DIMATFIT
 70
3
  9
$DIMFRAC
 70
0
  9
$DIMLDRBLK
  1

  9
$DIMLUNIT
 70
2
  9
$DIMLWD
 70
-2
  9
$DIMLWE
 70
-2
  9
$DIMTMOVE
 70
2
  9
$DIMFXL
 40
1.0
  9
$DIMFXLON
 70
0
  9
$DIMJOGANG
 40
0.785398163397
  9
$DIMTFILL
 70
0
  9
$DIMTFILLCLR
 70
0
  9
$DIMARCSYM
 70
0
  9
$DIMLTYPE
  6

  9
$DIMLTEX1
  6

  9
$DIMLTEX2
  6

  9
$DIMTXTDIRECTION
 70
0
  9
$LUNITS
 70
2
  9
$LUPREC
 70
2
  9
$SKETCHINC
 40
1.0
  9
$FILLETRAD
 40
10.0
  9
$AUNITS
 70
0
  9
$AUPREC
 70
2
  9
$MENU
  1
.
  9
$ELEVATION
 40
0.0
  9
$PELEVATION
 40
0.0
  9
$THICKNESS
 40
0.0
  9
$LIMCHECK
 70
0
  9
$CHAMFERA
 40
0.0
  9
$CHAMFERB
 40
0.0
  9
$CHAMFERC
 40
0.0
  9
$CHAMFERD
 40
0.0
  9
$SKPOLY
 70
0
  9
$TDCREATE
 40
2461302.388587963
  9
$TDUCREATE
 40
2458532.153996898
  9
$TDUPDATE
 40
2461302.388599537
  9
$TDUUPDATE
 40
2458532.1544311
  9
$TDINDWG
 40
0.0
  9
$TDUSRTIMER
 40
0.0
  9
$USRTIMER
 70
1
  9
$ANGBASE
 50
0.0
  9
$ANGDIR
 70
0
  9
$PDMODE
 70
0
  9
$PDSIZE
 40
0.0
  9
$PLINEWID
 40
0.0
  9
$SPLFRAME
 70
0
  9
$SPLINETYPE
 70
6
  9
$SPLINESEGS
 70
8
  9
$HANDSEED
  5
12C3
  9
$SURFTAB1
 70
6
  9
$SURFTAB2
 70
6
  9
$SURFTYPE
 70
6
  9
$SURFU
 70
6
  9
$SURFV
 70
6
  9
$UCSBASE
  2

  9
$UCSNAME
  2

  9
$UCSORG
 10
0.0
 20
0.0
 30
0.0
  9
$UCSXDIR
 10
1.0
 20
0.0
 30
0.0
  9
$UCSYDIR
 10
0.0
 20
1.0
 30
0.0
  9
$UCSORTHOREF
  2

  9
$UCSORTHOVIEW
 70
0
  9
$UCSORGTOP
 10
0.0
 20
0.0
 30
0.0
  9
$UCSORGBOTTOM
 10
0.0
 20
0.0
 30
0.0
  9
$UCSORGLEFT
 10
0.0
 20
0.0
 30
0.0
  9
$UCSORGRIGHT
 10
0.0
 20
0.0
 30
0.0
  9
$UCSORGFRONT
 10
0.0
 20
0.0
 30
0.0
  9
$UCSORGBACK
 10
0.0
 20
0.0
 30
0.0
  9
$PUCSBASE
  2

  9
$PUCSNAME
  2

  9
$PUCSORG
 10
0.0
 20
0.0
 30
0.0
  9
$PUCSXDIR
 10
1.0
 20
0.0
 30
0.0
  9
$PUCSYDIR
 10
0.0
 20
1.0
 30
0.0
  9
$PUCSORTHOREF
  2

  9
$PUCSORTHOVIEW
 70
0
  9
$PUCSORGTOP
 10
0.0
 20
0.0
 30
0.0
  9
$PUCSORGBOTTOM
 10
0.0
 20
0.0
 30
0.0
  9
$PUCSORGLEFT
 10
0.0
 20
0.0
 30
0.0
  9
$PUCSORGRIGHT
 10
0.0
 20
0.0
 30
0.0
  9
$PUCSORGFRONT
 10
0.0
 20
0.0
 30
0.0
  9
$PUCSORGBACK
 10
0.0
 20
0.0
 30
0.0
  9
$USERI1
 70
0
  9
$USERI2
 70
0
  9
$USERI3
 70
0
  9
$USERI4
 70
0
  9
$USERI5
 70
0
  9
$USERR1
 40
0.0
  9
$USERR2
 40
0.0
  9
$USERR3
 40
0.0
  9
$USERR4
 40
0.0
  9
$USERR5
 40
0.0
  9
$WORLDVIEW
 70
1
  9
$SHADEDGE
 70
3
  9
$SHADEDIF
 70
70
  9
$TILEMODE
 70
1
  9
$MAXACTVP
 70
64
  9
$PINSBASE
 10
0.0
 20
0.0
 30
0.0
  9
$PLIMCHECK
 70
0
  9
$PEXTMIN
 10
1e+20
 20
1e+20
 30
1e+20
  9
$PEXTMAX
 10
-1e+20
 20
-1e+20
 30
-1e+20
  9
$PLIMMIN
 10
-0.0
 20
-0.0
  9
$PLIMMAX
 10
841.0
 20
594.0
  9
$UNITMODE
 70
0
  9
$VISRETAIN
 70
1
  9
$PLINEGEN
 70
0
  9
$PSLTSCALE
 70
1
  9
$TREEDEPTH
 70
3020
  9
$CMLSTYLE
  2
Standard
  9
$CMLJUST
 70
0
  9
$CMLSCALE
 40
20.0
  9
$PROXYGRAPHICS
 70
1
  9
$MEASUREMENT
 70
1
  9
$CELWEIGHT
370
-1
  9
$ENDCAPS
280
0
  9
$JOINSTYLE
280
0
  9
$LWDISPLAY
290
1
  9
$INSUNITS
 70
4
  9
$HYPERLINKBASE
  1

  9
$STYLESHEET
  1

  9
$XEDIT
290
1
  9
$CEPSNTYPE
380
0
  9
$PSTYLEMODE
290
1
  9
$FINGERPRINTGUID
  2
{E09E660C-A3E6-4CA3-A42E-72DDA603DFDD}
  9
$VERSIONGUID
  2
{D9AA8BC6-5166-473C-B478-C1DC3FC88FCB}
  9
$EXTNAMES
290
1
  9
$PSVPSCALE
 40
0.0
  9
$OLESTARTUP
290
0
  9
$SORTENTS
280
127
  9
$INDEXCTL
280
0
  9
$HIDETEXT
280
1
  9
$XCLIPFRAME
280
1
  9
$HALOGAP
280
0
  9
$OBSCOLOR
 70
257
  9
$OBSLTYPE
280
0
  9
$INTERSECTIONDISPLAY
280
0
  9
$INTERSECTIONCOLOR
 70
257
  9
$DIMASSOC
280
2
  9
$PROJECTNAME
  1

  9
$CAMERADISPLAY
290
0
  9
$LENSLENGTH
 40
50.0
  9
$CAMERAHEIGHT
 40
0.0
  9
$STEPSPERSEC
 40
24.0
  9
$STEPSIZE
 40
100.0
  9
$3DDWFPREC
 40
2.0
  9
$PSOLWIDTH
 40
0.005
  9
$PSOLHEIGHT
 40
0.08
  9
$LOFTANG1
 40
1.570796326795
  9
$LOFTANG2
 40
1.570796326795
  9
$LOFTMAG1
 40
0.0
  9
$LOFTMAG2
 40
0.0
  9
$LOFTPARAM
 70
7
  9
$LOFTNORMALS
280
1
  9
$LATITUDE
 40
37.795
  9
$LONGITUDE
 40
-122.394
  9
$NORTHDIRECTION
 40
0.0
  9
$TIMEZONE
 70
-8000
  9
$LIGHTGLYPHDISPLAY
280
1
  9
$TILEMODELIGHTSYNCH
280
1
  9
$CMATERIAL
347
20
  9
$SOLIDHIST
280
0
  9
$SHOWHIST
280
1
  9
$DWFFRAME
280
2
  9
$DGNFRAME
280
2
  9
$REALWORLDSCALE
290
1
  9
$INTERFERECOLOR
 62
256
  9
$CSHADOW
280
0
  9
$SHADOWPLANELOCATION
 40
0.0
  0
ENDSEC
  0
SECTION
  2
CLASSES
  0
CLASS
  1
ACDBDICTIONARYWDFLT
  2
AcDbDictionaryWithDefault
  3
ObjectDBX Classes
 90
0
 91
0
280
0
281
0
  0
CLASS
  1
SUN
  2
AcDbSun
  3
SCENEOE
 90
1153
 91
0
280
0
281
0
  0
CLASS
  1
VISUALSTYLE
  2
AcDbVisualStyle
  3
ObjectDBX Classes
 90
4095
 91
0
280
0
281
0
  0
CLASS
  1
MATERIAL
  2
AcDbMaterial
  3
ObjectDBX Classes
 90
1153
 91
0
280
0
281
0
  0
CLASS
  1
SCALE
  2
AcDbScale
  3
ObjectDBX Classes
 90
1153
 91
0
280
0
281
0
  0
CLASS
  1
TABLESTYLE
  2
AcDbTableStyle
  3
ObjectDBX Classes
 90
4095
 91
0
280
0
281
0
  0
CLASS
  1
MLEADERSTYLE
  2
AcDbMLeaderStyle
  3
ACDB_MLEADERSTYLE_CLASS
 90
4095
 91
0
280
0
281
0
  0
CLASS
  1
DICTIONARYVAR
  2
AcDbDictionaryVar
  3
ObjectDBX Classes
 90
0
 91
0
280
0
281
0
  0
CLASS
  1
CELLSTYLEMAP
  2
AcDbCellStyleMap
  3
ObjectDBX Classes
 90
1152
 91
0
280
0
281
0
  0
CLASS
  1
MENTALRAYRENDERSETTINGS
  2
AcDbMentalRayRenderSettings
  3
SCENEOE
 90
1024
 91
0
280
0
281
0
  0
CLASS
  1
ACDBDETAILVIEWSTYLE
  2
AcDbDetailViewStyle
  3
ObjectDBX Classes
 90
1025
 91
0
280
0
281
0
  0
CLASS
  1
ACDBSECTIONVIEWSTYLE
  2
AcDbSectionViewStyle
  3
ObjectDBX Classes
 90
1025
 91
0
280
0
281
0
  0
CLASS
  1
RASTERVARIABLES
  2
AcDbRasterVariables
  3
ISM
 90
0
 91
0
280
0
281
0
  0
CLASS
  1
ACDBPLACEHOLDER
  2
AcDbPlaceHolder
  3
ObjectDBX Classes
 90
0
 91
0
280
0
281
0
  0
CLASS
  1
LAYOUT
  2
AcDbLayout
  3
ObjectDBX Classes
 90
0
 91
0
280
0
281
0
  0
ENDSEC
  0
SECTION
  2
TABLES
  0
TABLE
  2
VPORT
  5
8
330
0
100
AcDbSymbolTable
 70
1
  0
VPORT
  5
12BF
330
8
100
AcDbSymbolTableRecord
100
AcDbViewportTableRecord
  2
*Active
 70
0
 10
0.0
 20
0.0
 11
1.0
 21
1.0
 12
5781.402523373163
 22
6494.971236472614
 13
0.0
 23
0.0
 14
0.5
 24
0.5
 15
0.5
 25
0.5
 16
0.0
 26
0.0
 36
1.0
 17
0.0
 27
0.0
 37
0.0
 40
16000.0
 41
1.34
 42
50.0
 43
0.0
 44
0.0
 50
0.0
 51
0.0
 71
0
 72
1000
 73
1
 74
3
 75
0
 76
0
 77
0
 78
0
281
0
 65
1
110
0.0
120
0.0
130
0.0
111
1.0
121
0.0
131
0.0
112
0.0
122
1.0
132
0.0
 79
0
146
0.0
  0
ENDTAB
  0
TABLE
  2
LTYPE
  5
2
330
0
100
AcDbSymbolTable
 70
21
  0
LTYPE
  5
24
330
2
100
AcDbSymbolTableRecord
100
AcDbLinetypeTableRecord
  2
ByBlock
 70
0
  3

 72
65
 73
0
 40
0.0
  0
LTYPE
  5
25
330
2
100
AcDbSymbolTableRecord
100
AcDbLinetypeTableRecord
  2
ByLayer
 70
0
  3

 72
65
 73
0
 40
0.0
  0
LTYPE
  5
26
330
2
100
AcDbSymbolTableRecord
100
AcDbLinetypeTableRecord
  2
Continuous
 70
0
  3

 72
65
 73
0
 40
0.0
  0
LTYPE
  5
2F
330
2
100
AcDbSymbolTableRecord
100
AcDbLinetypeTableRecord
  2
CENTER
 70
0
  3
Center ____ _ ____ _ ____ _ ____ _ ____ _ ____
 72
65
 73
4
 40
5.08
 49
3.175
 74
0
 49
-0.635
 74
0
 49
0.635
 74
0
 49
-0.635
 74
0
  0
LTYPE
  5
30
330
2
100
AcDbSymbolTableRecord
100
AcDbLinetypeTableRecord
  2
CENTERX2
 70
0
  3
Center (2x) ________  __  ________  __  ________
 72
65
 73
4
 40
8.89
 49
6.35
 74
0
 49
-0.635
 74
0
 49
1.27
 74
0
 49
-0.635
 74
0
  0
LTYPE
  5
31
330
2
100
AcDbSymbolTableRecord
100
AcDbLinetypeTableRecord
  2
CENTER2
 70
0
  3
Center (.5x) ____ _ ____ _ ____ _ ____ _ ____
 72
65
 73
4
 40
2.54
 49
1.587
 74
0
 49
-0.318
 74
0
 49
0.318
 74
0
 49
-0.318
 74
0
  0
LTYPE
  5
32
330
2
100
AcDbSymbolTableRecord
100
AcDbLinetypeTableRecord
  2
DASHED
 70
0
  3
Dashed __ __ __ __ __ __ __ __ __ __ __ __ __ _
 72
65
 73
2
 40
1.524
 49
1.27
 74
0
 49
-0.254
 74
0
  0
LTYPE
  5
33
330
2
100
AcDbSymbolTableRecord
100
AcDbLinetypeTableRecord
  2
DASHEDX2
 70
0
  3
Dashed (2x) ____  ____  ____  ____  ____  ____
 72
65
 73
2
 40
3.048
 49
2.54
 74
0
 49
-0.508
 74
0
  0
LTYPE
  5
34
330
2
100
AcDbSymbolTableRecord
100
AcDbLinetypeTableRecord
  2
DASHED2
 70
0
  3
Dashed (.5x) _ _ _ _ _ _ _ _ _ _ _ _ _ _
 72
65
 73
2
 40
0.762
 49
0.635
 74
0
 49
-0.127
 74
0
  0
LTYPE
  5
35
330
2
100
AcDbSymbolTableRecord
100
AcDbLinetypeTableRecord
  2
PHANTOM
 70
0
  3
Phantom ______  __  __  ______  __  __  ______
 72
65
 73
6
 40
6.35
 49
3.175
 74
0
 49
-0.635
 74
0
 49
0.635
 74
0
 49
-0.635
 74
0
 49
0.635
 74
0
 49
-0.635
 74
0
  0
LTYPE
  5
36
330
2
100
AcDbSymbolTableRecord
100
AcDbLinetypeTableRecord
  2
PHANTOMX2
 70
0
  3
Phantom (2x)____________    ____    ____    ____________
 72
65
 73
6
 40
10.795
 49
6.35
 74
0
 49
-0.635
 74
0
 49
1.27
 74
0
 49
-0.635
 74
0
 49
1.27
 74
0
 49
-0.635
 74
0
  0
LTYPE
  5
37
330
2
100
AcDbSymbolTableRecord
100
AcDbLinetypeTableRecord
  2
PHANTOM2
 70
0
  3
Phantom (.5x) ___ _ _ ___ _ _ ___ _ _ ___ _ _ ___
 72
65
 73
6
 40
3.175
 49
1.587
 74
0
 49
-0.318
 74
0
 49
0.318
 74
0
 49
-0.318
 74
0
 49
0.318
 74
0
 49
-0.318
 74
0
  0
LTYPE
  5
38
330
2
100
AcDbSymbolTableRecord
100
AcDbLinetypeTableRecord
  2
DASHDOT
 70
0
  3
Dash dot __ . __ . __ . __ . __ . __ . __ . __
 72
65
 73
4
 40
3.556
 49
2.54
 74
0
 49
-0.508
 74
0
 49
0.0
 74
0
 49
-0.508
 74
0
  0
LTYPE
  5
39
330
2
100
AcDbSymbolTableRecord
100
AcDbLinetypeTableRecord
  2
DASHDOTX2
 70
0
  3
Dash dot (2x) ____  .  ____  .  ____  .  ____
 72
65
 73
4
 40
6.096
 49
5.08
 74
0
 49
-0.508
 74
0
 49
0.0
 74
0
 49
-0.508
 74
0
  0
LTYPE
  5
3A
330
2
100
AcDbSymbolTableRecord
100
AcDbLinetypeTableRecord
  2
DASHDOT2
 70
0
  3
Dash dot (.5x) _ . _ . _ . _ . _ . _ . _ . _
 72
65
 73
4
 40
1.778
 49
1.27
 74
0
 49
-0.254
 74
0
 49
0.0
 74
0
 49
-0.254
 74
0
  0
LTYPE
  5
3B
330
2
100
AcDbSymbolTableRecord
100
AcDbLinetypeTableRecord
  2
DOT
 70
0
  3
Dot .  .  .  .  .  .  .  .  .  .  .  .  .  .  .  .
 72
65
 73
2
 40
0.508
 49
0.0
 74
0
 49
-0.508
 74
0
  0
LTYPE
  5
3C
330
2
100
AcDbSymbolTableRecord
100
AcDbLinetypeTableRecord
  2
DOTX2
 70
0
  3
Dot (2x) .    .    .    .    .    .    .    . 
 72
65
 73
2
 40
1.016
 49
0.0
 74
0
 49
-1.016
 74
0
  0
LTYPE
  5
3D
330
2
100
AcDbSymbolTableRecord
100
AcDbLinetypeTableRecord
  2
DOT2
 70
0
  3
Dot (.5) . . . . . . . . . . . . . . . . . . . 
 72
65
 73
2
 40
0.254
 49
0.0
 74
0
 49
-0.254
 74
0
  0
LTYPE
  5
3E
330
2
100
AcDbSymbolTableRecord
100
AcDbLinetypeTableRecord
  2
DIVIDE
 70
0
  3
Divide __ . . __ . . __ . . __ . . __ . . __
 72
65
 73
6
 40
4.064
 49
2.54
 74
0
 49
-0.508
 74
0
 49
0.0
 74
0
 49
-0.508
 74
0
 49
0.0
 74
0
 49
-0.508
 74
0
  0
LTYPE
  5
3F
330
2
100
AcDbSymbolTableRecord
100
AcDbLinetypeTableRecord
  2
DIVIDEX2
 70
0
  3
Divide (2x) ____  . .  ____  . .  ____  . .  ____
 72
65
 73
6
 40
6.604
 49
5.08
 74
0
 49
-0.508
 74
0
 49
0.0
 74
0
 49
-0.508
 74
0
 49
0.0
 74
0
 49
-0.508
 74
0
  0
LTYPE
  5
40
330
2
100
AcDbSymbolTableRecord
100
AcDbLinetypeTableRecord
  2
DIVIDE2
 70
0
  3
Divide(.5x) _ . _ . _ . _ . _ . _ . _ . _
 72
65
 73
6
 40
2.032
 49
1.27
 74
0
 49
-0.254
 74
0
 49
0.0
 74
0
 49
-0.254
 74
0
 49
0.0
 74
0
 49
-0.254
 74
0
  0
ENDTAB
  0
TABLE
  2
LAYER
  5
1
330
0
100
AcDbSymbolTable
 70
78
  0
LAYER
  5
27
330
1
100
AcDbSymbolTableRecord
100
AcDbLayerTableRecord
  2
0
 70
0
 62
7
  6
Continuous
370
-3
390
13
347
21
  0
LAYER
  5
28
330
1
100
AcDbSymbolTableRecord
100
AcDbLayerTableRecord
  2
Defpoints
 70
0
 62
7
  6
Continuous
290
0
370
-3
390
13
347
21
  0
LAYER
  5
8A
330
1
100
AcDbSymbolTableRecord
100
AcDbLayerTableRecord
  2
A-DUVAR-MEVCUT
 70
0
 62
8
  6
Continuous
370
35
390
13
347
21
1001
AcAecLayerStandard
1000

1000
Mimari — mevcut duvar (korunuyor)
  0
LAYER
  5
8C
330
1
100
AcDbSymbolTableRecord
100
AcDbLayerTableRecord
  2
A-DUVAR-YENI
 70
0
 62
1
  6
Continuous
370
35
390
13
347
21
1001
AcAecLayerStandard
1000

1000
Mimari — yeni alçıpan bölme
  0
LAYER
  5
8D
330
1
100
AcDbSymbolTableRecord
100
AcDbLayerTableRecord
  2
A-CEPHE
 70
0
 62
5
  6
Continuous
370
25
390
13
347
21
1001
AcAecLayerStandard
1000

1000
Mimari — cephe doğraması
  0
LAYER
  5
8E
330
1
100
AcDbSymbolTableRecord
100
AcDbLayerTableRecord
  2
A-KAPI
 70
0
 62
8
  6
Continuous
370
18
390
13
347
21
1001
AcAecLayerStandard
1000

1000
Mimari — kapı ve açılım
  0
LAYER
  5
8F
330
1
100
AcDbSymbolTableRecord
100
AcDbLayerTableRecord
  2
A-EKIPMAN
 70
0
 62
9
  6
Continuous
370
18
390
13
347
21
1001
AcAecLayerStandard
1000

1000
Mimari — spor ekipmanı (işverence temin)
  0
LAYER
  5
90
330
1
100
AcDbSymbolTableRecord
100
AcDbLayerTableRecord
  2
A-MOBILYA
 70
0
 62
9
  6
Continuous
370
18
390
13
347
21
1001
AcAecLayerStandard
1000

1000
Mimari — sabit mobilya
  0
LAYER
  5
91
330
1
100
AcDbSymbolTableRecord
100
AcDbLayerTableRecord
  2
A-BOLGE
 70
0
 62
254
  6
Continuous
370
13
390
13
347
21
1001
AcAecLayerStandard
1000

1000
Mimari — zemin bölge taraması
  0
LAYER
  5
92
330
1
100
AcDbSymbolTableRecord
100
AcDbLayerTableRecord
  2
A-YAZI
 70
0
 62
7
  6
Continuous
370
13
390
13
347
21
1001
AcAecLayerStandard
1000

1000
Mimari — mahal adı ve alan
  0
LAYER
  5
93
330
1
100
AcDbSymbolTableRecord
100
AcDbLayerTableRecord
  2
A-MAHAL
 70
0
 62
250
  6
Continuous
370
18
390
13
347
21
1001
AcAecLayerStandard
1000

1000
Mimari — mahal numarası ve kapı kodu balonu
  0
LAYER
  5
94
330
1
100
AcDbSymbolTableRecord
100
AcDbLayerTableRecord
  2
A-KESIT-HAT
 70
0
 62
1
  6
DASHDOT
370
35
390
13
347
21
1001
AcAecLayerStandard
1000

1000
Mimari — kesit ve görünüş hattı
  0
LAYER
  5
95
330
1
100
AcDbSymbolTableRecord
100
AcDbLayerTableRecord
  2
A-ZEMIN-SINIR
 70
0
 62
30
  6
Continuous
370
25
390
13
347
21
1001
AcAecLayerStandard
1000

1000
Mimari — zemin kaplama tipi sınırı
  0
LAYER
  5
96
330
1
100
AcDbSymbolTableRecord
100
AcDbLayerTableRecord
  2
A-ZEMIN-YAZI
 70
0
 62
30
  6
Continuous
370
13
390
13
347
21
1001
AcAecLayerStandard
1000

1000
Mimari — zemin kaplama tipi ve kotu
  0
LAYER
  5
97
330
1
100
AcDbSymbolTableRecord
100
AcDbLayerTableRecord
  2
A-ZEMIN-DERZ
 70
0
 62
253
  6
Continuous
370
13
390
13
347
21
1001
AcAecLayerStandard
1000

1000
Mimari — kauçuk karo derz ızgarası
  0
LAYER
  5
98
330
1
100
AcDbSymbolTableRecord
100
AcDbLayerTableRecord
  2
A-TAVAN-SINIR
 70
0
 62
150
  6
Continuous
370
25
390
13
347
21
1001
AcAecLayerStandard
1000

1000
Mimari — asma tavan tipi sınırı
  0
LAYER
  5
99
330
1
100
AcDbSymbolTableRecord
100
AcDbLayerTableRecord
  2
A-TAVAN-YAZI
 70
0
 62
150
  6
Continuous
370
13
390
13
347
21
1001
AcAecLayerStandard
1000

1000
Mimari — asma tavan tipi ve kotu
  0
LAYER
  5
9A
330
1
100
AcDbSymbolTableRecord
100
AcDbLayerTableRecord
  2
A-TAVAN-KAPAK
 70
0
 62
150
  6
Continuous
370
18
390
13
347
21
1001
AcAecLayerStandard
1000

1000
Mimari — revizyon kapağı 300×300
  0
LAYER
  5
9B
330
1
100
AcDbSymbolTableRecord
100
AcDbLayerTableRecord
  2
A-YANGIN-KACIS
 70
0
 62
3
  6
Continuous
370
50
390
13
347
21
1001
AcAecLayerStandard
1000

1000
Mimari — kaçış yolu ve çıkış
  0
LAYER
  5
9C
330
1
100
AcDbSymbolTableRecord
100
AcDbLayerTableRecord
  2
A-YANGIN-EKIP
 70
0
 62
1
  6
Continuous
370
35
390
13
347
21
1001
AcAecLayerStandard
1000

1000
Mimari — söndürücü, dolap, ihbar
  0
LAYER
  5
9D
330
1
100
AcDbSymbolTableRecord
100
AcDbLayerTableRecord
  2
M-HAVA-BESLEME
 70
0
 62
3
  6
Continuous
370
35
390
13
347
21
1001
AcAecLayerStandard
1000

1000
Mekanik — taze hava kanalı
  0
LAYER
  5
9E
330
1
100
AcDbSymbolTableRecord
100
AcDbLayerTableRecord
  2
M-HAVA-EGZOZ
 70
0
 62
1
  6
Continuous
370
35
390
13
347
21
1001
AcAecLayerStandard
1000

1000
Mekanik — egzoz kanalı
  0
LAYER
  5
9F
330
1
100
AcDbSymbolTableRecord
100
AcDbLayerTableRecord
  2
M-HAVA-ISLAK
 70
0
 62
6
  6
Continuous
370
25
390
13
347
21
1001
AcAecLayerStandard
1000

1000
Mekanik — ıslak hacim egzoz kanalı
  0
LAYER
  5
A0
330
1
100
AcDbSymbolTableRecord
100
AcDbLayerTableRecord
  2
M-HAVA-MENFEZ
 70
0
 62
3
  6
Continuous
370
25
390
13
347
21
1001
AcAecLayerStandard
1000

1000
Mekanik — menfez ve valf
  0
LAYER
  5
A1
330
1
100
AcDbSymbolTableRecord
100
AcDbLayerTableRecord
  2
M-HAVA-BRANSMAN
 70
0
 62
3
  6
DASHED
370
18
390
13
347
21
1001
AcAecLayerStandard
1000

1000
Mekanik — menfez branşmanı
  0
LAYER
  5
A2
330
1
100
AcDbSymbolTableRecord
100
AcDbLayerTableRecord
  2
M-HAVA-CIHAZ
 70
0
 62
2
  6
Continuous
370
35
390
13
347
21
1001
AcAecLayerStandard
1000

1000
Mekanik — fan ve panjur
  0
LAYER
  5
A3
330
1
100
AcDbSymbolTableRecord
100
AcDbLayerTableRecord
  2
M-KLIMA-IC
 70
0
 62
4
  6
Continuous
370
35
390
13
347
21
1001
AcAecLayerStandard
1000

1000
Mekanik — klima iç ünite
  0
LAYER
  5
A4
330
1
100
AcDbSymbolTableRecord
100
AcDbLayerTableRecord
  2
M-KLIMA-DIS
 70
0
 62
4
  6
Continuous
370
35
390
13
347
21
1001
AcAecLayerStandard
1000

1000
Mekanik — klima dış ünite platformu
  0
LAYER
  5
A5
330
1
100
AcDbSymbolTableRecord
100
AcDbLayerTableRecord
  2
M-KLIMA-BAKIR
 70
0
 62
4
  6
Continuous
370
25
390
13
347
21
1001
AcAecLayerStandard
1000

1000
Mekanik — soğutucu akışkan bakır hattı
  0
LAYER
  5
A6
330
1
100
AcDbSymbolTableRecord
100
AcDbLayerTableRecord
  2
M-KLIMA-DRENAJ
 70
0
 62
4
  6
DASHED
370
18
390
13
347
21
1001
AcAecLayerStandard
1000

1000
Mekanik — klima drenaj hattı
  0
LAYER
  5
A7
330
1
100
AcDbSymbolTableRecord
100
AcDbLayerTableRecord
  2
M-SIHHI-TEMIZ
 70
0
 62
5
  6
Continuous
370
25
390
13
347
21
1001
AcAecLayerStandard
1000

1000
Mekanik — temiz su PPRC
  0
LAYER
  5
A8
330
1
100
AcDbSymbolTableRecord
100
AcDbLayerTableRecord
  2
M-SIHHI-SICAK
 70
0
 62
30
  6
DASHED
370
25
390
13
347
21
1001
AcAecLayerStandard
1000

1000
Mekanik — sıcak su PPRC izoleli
  0
LAYER
  5
A9
330
1
100
AcDbSymbolTableRecord
100
AcDbLayerTableRecord
  2
M-SIHHI-PIS
 70
0
 62
8
  6
Continuous
370
35
390
13
347
21
1001
AcAecLayerStandard
1000

1000
Mekanik — pis su PVC
  0
LAYER
  5
AA
330
1
100
AcDbSymbolTableRecord
100
AcDbLayerTableRecord
  2
M-SIHHI-CIHAZ
 70
0
 62
8
  6
Continuous
370
25
390
13
347
21
1001
AcAecLayerStandard
1000

1000
Mekanik — vitrifiye ve su ısıtıcı
  0
LAYER
  5
AB
330
1
100
AcDbSymbolTableRecord
100
AcDbLayerTableRecord
  2
M-YAZI
 70
0
 62
7
  6
Continuous
370
13
390
13
347
21
1001
AcAecLayerStandard
1000

1000
Mekanik — etiket ve not
  0
LAYER
  5
AC
330
1
100
AcDbSymbolTableRecord
100
AcDbLayerTableRecord
  2
E-AYD-ARMATUR
 70
0
 62
2
  6
Continuous
370
25
390
13
347
21
1001
AcAecLayerStandard
1000

1000
Elektrik — lineer LED armatür
  0
LAYER
  5
AD
330
1
100
AcDbSymbolTableRecord
100
AcDbLayerTableRecord
  2
E-AYD-DOWNLIGHT
 70
0
 62
2
  6
Continuous
370
25
390
13
347
21
1001
AcAecLayerStandard
1000

1000
Elektrik — IP44 downlight
  0
LAYER
  5
AE
330
1
100
AcDbSymbolTableRecord
100
AcDbLayerTableRecord
  2
E-AYD-ACIL
 70
0
 62
3
  6
Continuous
370
25
390
13
347
21
1001
AcAecLayerStandard
1000

1000
Elektrik — acil aydınlatma / yönlendirme
  0
LAYER
  5
AF
330
1
100
AcDbSymbolTableRecord
100
AcDbLayerTableRecord
  2
E-AYD-ANAHTAR
 70
0
 62
2
  6
Continuous
370
18
390
13
347
21
1001
AcAecLayerStandard
1000

1000
Elektrik — anahtar ve sensör
  0
LAYER
  5
B0
330
1
100
AcDbSymbolTableRecord
100
AcDbLayerTableRecord
  2
E-KUVVET-PRIZ
 70
0
 62
5
  6
Continuous
370
25
390
13
347
21
1001
AcAecLayerStandard
1000

1000
Elektrik — priz
  0
LAYER
  5
B1
330
1
100
AcDbSymbolTableRecord
100
AcDbLayerTableRecord
  2
E-KUVVET-CIHAZ
 70
0
 62
5
  6
Continuous
370
25
390
13
347
21
1001
AcAecLayerStandard
1000

1000
Elektrik — klima/ısıtıcı/fan beslemesi
  0
LAYER
  5
B2
330
1
100
AcDbSymbolTableRecord
100
AcDbLayerTableRecord
  2
E-ZAYIF-KAMERA
 70
0
 62
6
  6
Continuous
370
25
390
13
347
21
1001
AcAecLayerStandard
1000

1000
Elektrik — IP kamera
  0
LAYER
  5
B3
330
1
100
AcDbSymbolTableRecord
100
AcDbLayerTableRecord
  2
E-ZAYIF-SES
 70
0
 62
6
  6
Continuous
370
25
390
13
347
21
1001
AcAecLayerStandard
1000

1000
Elektrik — tavan hoparlörü
  0
LAYER
  5
B4
330
1
100
AcDbSymbolTableRecord
100
AcDbLayerTableRecord
  2
E-ZAYIF-VERI
 70
0
 62
6
  6
Continuous
370
25
390
13
347
21
1001
AcAecLayerStandard
1000

1000
Elektrik — veri prizi ve rack
  0
LAYER
  5
B5
330
1
100
AcDbSymbolTableRecord
100
AcDbLayerTableRecord
  2
E-ZAYIF-YANGIN
 70
0
 62
1
  6
Continuous
370
25
390
13
347
21
1001
AcAecLayerStandard
1000

1000
Elektrik — dedektör, buton, siren
  0
LAYER
  5
B6
330
1
100
AcDbSymbolTableRecord
100
AcDbLayerTableRecord
  2
E-ZAYIF-LINYE
 70
0
 62
6
  6
DASHED
370
13
390
13
347
21
1001
AcAecLayerStandard
1000

1000
Elektrik — yangın algılama çevrimi
  0
LAYER
  5
B7
330
1
100
AcDbSymbolTableRecord
100
AcDbLayerTableRecord
  2
E-AYD-LINYE
 70
0
 62
2
  6
Continuous
370
25
390
13
347
21
1001
AcAecLayerStandard
1000

1000
Elektrik — aydınlatma linyesi (ortogonal)
  0
LAYER
  5
B8
330
1
100
AcDbSymbolTableRecord
100
AcDbLayerTableRecord
  2
E-AYD-SORTI
 70
0
 62
2
  6
DASHED
370
18
390
13
347
21
1001
AcAecLayerStandard
1000

1000
Elektrik — anahtar kumanda sortisi
  0
LAYER
  5
B9
330
1
100
AcDbSymbolTableRecord
100
AcDbLayerTableRecord
  2
E-KUVVET-LINYE
 70
0
 62
5
  6
Continuous
370
25
390
13
347
21
1001
AcAecLayerStandard
1000

1000
Elektrik — priz ve kuvvet linyesi
  0
LAYER
  5
BA
330
1
100
AcDbSymbolTableRecord
100
AcDbLayerTableRecord
  2
E-KUVVET-KOLON
 70
0
 62
5
  6
Continuous
370
50
390
13
347
21
1001
AcAecLayerStandard
1000

1000
Elektrik — kolon (ana besleme) hattı
  0
LAYER
  5
BB
330
1
100
AcDbSymbolTableRecord
100
AcDbLayerTableRecord
  2
E-KUVVET-BUAT
 70
0
 62
5
  6
Continuous
370
18
390
13
347
21
1001
AcAecLayerStandard
1000

1000
Elektrik — buat ve geçiş kutusu
  0
LAYER
  5
BC
330
1
100
AcDbSymbolTableRecord
100
AcDbLayerTableRecord
  2
E-ZAYIF-TAVA
 70
0
 62
6
  6
Continuous
370
18
390
13
347
21
1001
AcAecLayerStandard
1000

1000
Elektrik — zayıf akım kablo kanalı
  0
LAYER
  5
BD
330
1
100
AcDbSymbolTableRecord
100
AcDbLayerTableRecord
  2
E-TOPRAK-ELEKTROT
 70
0
 62
3
  6
Continuous
370
50
390
13
347
21
1001
AcAecLayerStandard
1000

1000
Elektrik — çubuk elektrot
  0
LAYER
  5
BE
330
1
100
AcDbSymbolTableRecord
100
AcDbLayerTableRecord
  2
E-TOPRAK-SERIT
 70
0
 62
3
  6
Continuous
370
50
390
13
347
21
1001
AcAecLayerStandard
1000

1000
Elektrik — elektrot bağlantı şeridi
  0
LAYER
  5
BF
330
1
100
AcDbSymbolTableRecord
100
AcDbLayerTableRecord
  2
E-TOPRAK-ILETKEN
 70
0
 62
3
  6
DASHDOT
370
35
390
13
347
21
1001
AcAecLayerStandard
1000

1000
Elektrik — topraklama iletkeni
  0
LAYER
  5
C0
330
1
100
AcDbSymbolTableRecord
100
AcDbLayerTableRecord
  2
E-TOPRAK-BARA
 70
0
 62
3
  6
Continuous
370
50
390
13
347
21
1001
AcAecLayerStandard
1000

1000
Elektrik — ATB / EPDB barası
  0
LAYER
  5
C1
330
1
100
AcDbSymbolTableRecord
100
AcDbLayerTableRecord
  2
E-TOPRAK-YAZI
 70
0
 62
3
  6
Continuous
370
13
390
13
347
21
1001
AcAecLayerStandard
1000

1000
Elektrik — topraklama etiketi
  0
LAYER
  5
C2
330
1
100
AcDbSymbolTableRecord
100
AcDbLayerTableRecord
  2
E-TEKHAT-TEL
 70
0
 62
7
  6
Continuous
370
35
390
13
347
21
1001
AcAecLayerStandard
1000

1000
Tek hat — iletken
  0
LAYER
  5
C3
330
1
100
AcDbSymbolTableRecord
100
AcDbLayerTableRecord
  2
E-TEKHAT-SEMBOL
 70
0
 62
7
  6
Continuous
370
35
390
13
347
21
1001
AcAecLayerStandard
1000

1000
Tek hat — IEC 60617 sembolü
  0
LAYER
  5
C4
330
1
100
AcDbSymbolTableRecord
100
AcDbLayerTableRecord
  2
E-TEKHAT-BARA
 70
0
 62
7
  6
Continuous
370
70
390
13
347
21
1001
AcAecLayerStandard
1000

1000
Tek hat — bara
  0
LAYER
  5
C5
330
1
100
AcDbSymbolTableRecord
100
AcDbLayerTableRecord
  2
E-TEKHAT-SINIR
 70
0
 62
8
  6
DASHDOT
370
35
390
13
347
21
1001
AcAecLayerStandard
1000

1000
Tek hat — pano sınırı
  0
LAYER
  5
C6
330
1
100
AcDbSymbolTableRecord
100
AcDbLayerTableRecord
  2
E-TEKHAT-GRUP
 70
0
 62
8
  6
Continuous
370
25
390
13
347
21
1001
AcAecLayerStandard
1000

1000
Tek hat — kaçak akım grubu parantezi
  0
LAYER
  5
C7
330
1
100
AcDbSymbolTableRecord
100
AcDbLayerTableRecord
  2
E-TEKHAT-TABLO
 70
0
 62
7
  6
Continuous
370
18
390
13
347
21
1001
AcAecLayerStandard
1000

1000
Tek hat — veri matrisi
  0
LAYER
  5
C8
330
1
100
AcDbSymbolTableRecord
100
AcDbLayerTableRecord
  2
E-TEKHAT-YAZI
 70
0
 62
7
  6
Continuous
370
18
390
13
347
21
1001
AcAecLayerStandard
1000

1000
Tek hat — etiket ve not
  0
LAYER
  5
C9
330
1
100
AcDbSymbolTableRecord
100
AcDbLayerTableRecord
  2
E-TEKHAT-YEDEK
 70
0
 62
8
  6
DASHED
370
25
390
13
347
21
1001
AcAecLayerStandard
1000

1000
Tek hat — yedek / boş modül
  0
LAYER
  5
CA
330
1
100
AcDbSymbolTableRecord
100
AcDbLayerTableRecord
  2
E-PANO
 70
0
 62
7
  6
Continuous
370
50
390
13
347
21
1001
AcAecLayerStandard
1000

1000
Elektrik — ana dağıtım panosu
  0
LAYER
  5
CB
330
1
100
AcDbSymbolTableRecord
100
AcDbLayerTableRecord
  2
E-YAZI
 70
0
 62
7
  6
Continuous
370
13
390
13
347
21
1001
AcAecLayerStandard
1000

1000
Elektrik — etiket ve not
  0
LAYER
  5
CC
330
1
100
AcDbSymbolTableRecord
100
AcDbLayerTableRecord
  2
G-OLCU
 70
0
 62
7
  6
Continuous
370
13
390
13
347
21
1001
AcAecLayerStandard
1000

1000
Genel — ölçülendirme
  0
LAYER
  5
CD
330
1
100
AcDbSymbolTableRecord
100
AcDbLayerTableRecord
  2
G-YAZI
 70
0
 62
7
  6
Continuous
370
18
390
13
347
21
1001
AcAecLayerStandard
1000

1000
Genel — başlık ve açıklama
  0
LAYER
  5
CE
330
1
100
AcDbSymbolTableRecord
100
AcDbLayerTableRecord
  2
G-ANTET
 70
0
 62
7
  6
Continuous
370
25
390
13
347
21
1001
AcAecLayerStandard
1000

1000
Genel — antet ve revizyon tablosu
  0
LAYER
  5
CF
330
1
100
AcDbSymbolTableRecord
100
AcDbLayerTableRecord
  2
G-CERCEVE
 70
0
 62
7
  6
Continuous
370
70
390
13
347
21
1001
AcAecLayerStandard
1000

1000
Genel — pafta çizim çerçevesi (ISO 5457)
  0
LAYER
  5
D0
330
1
100
AcDbSymbolTableRecord
100
AcDbLayerTableRecord
  2
G-PAFTA-ZON
 70
0
 62
8
  6
Continuous
370
13
390
13
347
21
1001
AcAecLayerStandard
1000

1000
Genel — kenar ızgarası / bölge referansı
  0
LAYER
  5
D1
330
1
100
AcDbSymbolTableRecord
100
AcDbLayerTableRecord
  2
G-VIEWPORT
 70
0
 62
251
  6
Continuous
290
0
370
13
390
13
347
21
1001
AcAecLayerStandard
1000

1000
Genel — görüntü penceresi (basılmaz)
  0
LAYER
  5
D2
330
1
100
AcDbSymbolTableRecord
100
AcDbLayerTableRecord
  2
G-AKS-HAT
 70
0
 62
8
  6
DASHDOT
370
18
390
13
347
21
1001
AcAecLayerStandard
1000

1000
Genel — aks çizgisi
  0
LAYER
  5
D3
330
1
100
AcDbSymbolTableRecord
100
AcDbLayerTableRecord
  2
G-AKS-BALON
 70
0
 62
8
  6
Continuous
370
25
390
13
347
21
1001
AcAecLayerStandard
1000

1000
Genel — aks balonu
  0
LAYER
  5
D4
330
1
100
AcDbSymbolTableRecord
100
AcDbLayerTableRecord
  2
G-OLCU-ZINCIR
 70
0
 62
7
  6
Continuous
370
13
390
13
347
21
1001
AcAecLayerStandard
1000

1000
Genel — zincir ölçü
  0
LAYER
  5
D5
330
1
100
AcDbSymbolTableRecord
100
AcDbLayerTableRecord
  2
G-KESIT-ISARET
 70
0
 62
1
  6
Continuous
370
50
390
13
347
21
1001
AcAecLayerStandard
1000

1000
Genel — kesit ve detay işareti
  0
LAYER
  5
D6
330
1
100
AcDbSymbolTableRecord
100
AcDbLayerTableRecord
  2
G-KUZEY
 70
0
 62
7
  6
Continuous
370
25
390
13
347
21
1001
AcAecLayerStandard
1000

1000
Genel — kuzey oku ve ölçek
  0
ENDTAB
  0
TABLE
  2
STYLE
  5
5
330
0
100
AcDbSymbolTable
 70
28
  0
STYLE
  5
29
330
5
100
AcDbSymbolTableRecord
100
AcDbTextStyleTableRecord
  2
Standard
 70
0
 40
0.0
 41
1.0
 50
0.0
 71
0
 42
2.5
  3
txt
  4

  0
STYLE
  5
41
330
5
100
AcDbSymbolTableRecord
100
AcDbTextStyleTableRecord
  2
OpenSans-Light
 70
0
 40
0.0
 41
1.0
 50
0.0
 71
0
 42
2.5
  3
OpenSans-Light.ttf
  4

  0
STYLE
  5
42
330
5
100
AcDbSymbolTableRecord
100
AcDbTextStyleTableRecord
  2
OpenSans-Light-Italic
 70
0
 40
0.0
 41
1.0
 50
0.0
 71
0
 42
2.5
  3
OpenSans-LightItalic.ttf
  4

  0
STYLE
  5
43
330
5
100
AcDbSymbolTableRecord
100
AcDbTextStyleTableRecord
  2
OpenSans
 70
0
 40
0.0
 41
1.0
 50
0.0
 71
0
 42
2.5
  3
OpenSans-Regular.ttf
  4

  0
STYLE
  5
44
330
5
100
AcDbSymbolTableRecord
100
AcDbTextStyleTableRecord
  2
OpenSans-Italic
 70
0
 40
0.0
 41
1.0
 50
0.0
 71
0
 42
2.5
  3
OpenSans-Italic.ttf
  4

  0
STYLE
  5
45
330
5
100
AcDbSymbolTableRecord
100
AcDbTextStyleTableRecord
  2
OpenSans-SemiBold
 70
0
 40
0.0
 41
1.0
 50
0.0
 71
0
 42
2.5
  3
OpenSans-SemiBold.ttf
  4

  0
STYLE
  5
46
330
5
100
AcDbSymbolTableRecord
100
AcDbTextStyleTableRecord
  2
OpenSans-SemiBoldItalic
 70
0
 40
0.0
 41
1.0
 50
0.0
 71
0
 42
2.5
  3
OpenSans-SemiBoldItalic.ttf
  4

  0
STYLE
  5
47
330
5
100
AcDbSymbolTableRecord
100
AcDbTextStyleTableRecord
  2
OpenSans-Bold
 70
0
 40
0.0
 41
1.0
 50
0.0
 71
0
 42
2.5
  3
OpenSans-Bold.ttf
  4

  0
STYLE
  5
48
330
5
100
AcDbSymbolTableRecord
100
AcDbTextStyleTableRecord
  2
OpenSans-BoldItalic
 70
0
 40
0.0
 41
1.0
 50
0.0
 71
0
 42
2.5
  3
OpenSans-BoldItalic.ttf
  4

  0
STYLE
  5
49
330
5
100
AcDbSymbolTableRecord
100
AcDbTextStyleTableRecord
  2
OpenSans-ExtraBold
 70
0
 40
0.0
 41
1.0
 50
0.0
 71
0
 42
2.5
  3
OpenSans-ExtraBold.ttf
  4

  0
STYLE
  5
4A
330
5
100
AcDbSymbolTableRecord
100
AcDbTextStyleTableRecord
  2
OpenSans-ExtraBoldItalic
 70
0
 40
0.0
 41
1.0
 50
0.0
 71
0
 42
2.5
  3
OpenSans-ExtraBoldItalic.ttf
  4

  0
STYLE
  5
4B
330
5
100
AcDbSymbolTableRecord
100
AcDbTextStyleTableRecord
  2
OpenSansCondensed-Bold
 70
0
 40
0.0
 41
1.0
 50
0.0
 71
0
 42
2.5
  3
OpenSansCondensed-Bold.ttf
  4

  0
STYLE
  5
4C
330
5
100
AcDbSymbolTableRecord
100
AcDbTextStyleTableRecord
  2
OpenSansCondensed-Light
 70
0
 40
0.0
 41
1.0
 50
0.0
 71
0
 42
2.5
  3
OpenSansCondensed-Light.ttf
  4

  0
STYLE
  5
4D
330
5
100
AcDbSymbolTableRecord
100
AcDbTextStyleTableRecord
  2
OpenSansCondensed-Italic
 70
0
 40
0.0
 41
1.0
 50
0.0
 71
0
 42
2.5
  3
OpenSansCondensed-LightItalic.ttf
  4

  0
STYLE
  5
4E
330
5
100
AcDbSymbolTableRecord
100
AcDbTextStyleTableRecord
  2
LiberationSans
 70
0
 40
0.0
 41
1.0
 50
0.0
 71
0
 42
2.5
  3
LiberationSans-Regular.ttf
  4

  0
STYLE
  5
4F
330
5
100
AcDbSymbolTableRecord
100
AcDbTextStyleTableRecord
  2
LiberationSans-Bold
 70
0
 40
0.0
 41
1.0
 50
0.0
 71
0
 42
2.5
  3
LiberationSans-Bold.ttf
  4

  0
STYLE
  5
50
330
5
100
AcDbSymbolTableRecord
100
AcDbTextStyleTableRecord
  2
LiberationSans-BoldItalic
 70
0
 40
0.0
 41
1.0
 50
0.0
 71
0
 42
2.5
  3
LiberationSans-BoldItalic.ttf
  4

  0
STYLE
  5
51
330
5
100
AcDbSymbolTableRecord
100
AcDbTextStyleTableRecord
  2
LiberationSans-Italic
 70
0
 40
0.0
 41
1.0
 50
0.0
 71
0
 42
2.5
  3
LiberationSans-Italic.ttf
  4

  0
STYLE
  5
52
330
5
100
AcDbSymbolTableRecord
100
AcDbTextStyleTableRecord
  2
LiberationSerif
 70
0
 40
0.0
 41
1.0
 50
0.0
 71
0
 42
2.5
  3
LiberationSerif-Regular.ttf
  4

  0
STYLE
  5
53
330
5
100
AcDbSymbolTableRecord
100
AcDbTextStyleTableRecord
  2
LiberationSerif-Bold
 70
0
 40
0.0
 41
1.0
 50
0.0
 71
0
 42
2.5
  3
LiberationSerif-Bold.ttf
  4

  0
STYLE
  5
54
330
5
100
AcDbSymbolTableRecord
100
AcDbTextStyleTableRecord
  2
LiberationSerif-BoldItalic
 70
0
 40
0.0
 41
1.0
 50
0.0
 71
0
 42
2.5
  3
LiberationSerif-BoldItalic.ttf
  4

  0
STYLE
  5
55
330
5
100
AcDbSymbolTableRecord
100
AcDbTextStyleTableRecord
  2
LiberationSerif-Italic
 70
0
 40
0.0
 41
1.0
 50
0.0
 71
0
 42
2.5
  3
LiberationSerif-Italic.ttf
  4

  0
STYLE
  5
56
330
5
100
AcDbSymbolTableRecord
100
AcDbTextStyleTableRecord
  2
LiberationMono
 70
0
 40
0.0
 41
1.0
 50
0.0
 71
0
 42
2.5
  3
LiberationMono-Regular.ttf
  4

  0
STYLE
  5
57
330
5
100
AcDbSymbolTableRecord
100
AcDbTextStyleTableRecord
  2
LiberationMono-Bold
 70
0
 40
0.0
 41
1.0
 50
0.0
 71
0
 42
2.5
  3
LiberationMono-Bold.ttf
  4

  0
STYLE
  5
58
330
5
100
AcDbSymbolTableRecord
100
AcDbTextStyleTableRecord
  2
LiberationMono-BoldItalic
 70
0
 40
0.0
 41
1.0
 50
0.0
 71
0
 42
2.5
  3
LiberationMono-BoldItalic.ttf
  4

  0
STYLE
  5
59
330
5
100
AcDbSymbolTableRecord
100
AcDbTextStyleTableRecord
  2
LiberationMono-Italic
 70
0
 40
0.0
 41
1.0
 50
0.0
 71
0
 42
2.5
  3
LiberationMono-Italic.ttf
  4

  0
STYLE
  5
D7
330
5
100
AcDbSymbolTableRecord
100
AcDbTextStyleTableRecord
  2
GYM
 70
0
 40
0.0
 41
1.0
 50
0.0
 71
0
 42
2.5
  3
arial.ttf
  4

  0
STYLE
  5
D8
330
5
100
AcDbSymbolTableRecord
100
AcDbTextStyleTableRecord
  2
GYM-B
 70
0
 40
0.0
 41
1.0
 50
0.0
 71
0
 42
2.5
  3
arialbd.ttf
  4

  0
ENDTAB
  0
TABLE
  2
VIEW
  5
7
330
0
100
AcDbSymbolTable
 70
0
  0
ENDTAB
  0
TABLE
  2
UCS
  5
6
330
0
100
AcDbSymbolTable
 70
0
  0
ENDTAB
  0
TABLE
  2
APPID
  5
3
330
0
100
AcDbSymbolTable
 70
4
  0
APPID
  5
2A
330
3
100
AcDbSymbolTableRecord
100
AcDbRegAppTableRecord
  2
ACAD
 70
0
  0
APPID
  5
8B
330
3
100
AcDbSymbolTableRecord
100
AcDbRegAppTableRecord
  2
AcAecLayerStandard
 70
0
  0
APPID
  5
12C0
330
3
100
AcDbSymbolTableRecord
100
AcDbRegAppTableRecord
  2
HATCHBACKGROUNDCOLOR
 70
0
  0
APPID
  5
12C1
330
3
100
AcDbSymbolTableRecord
100
AcDbRegAppTableRecord
  2
EZDXF
 70
0
  0
ENDTAB
  0
TABLE
  2
DIMSTYLE
  5
4
330
0
100
AcDbSymbolTable
 70
19
100
AcDbDimStyleTable
  0
DIMSTYLE
105
2B
330
4
100
AcDbSymbolTableRecord
100
AcDbDimStyleTableRecord
  2
Standard
 70
0
 40
1.0
 41
2.5
 42
0.625
 43
3.75
 44
1.25
 45
0.0
 46
0.0
 47
0.0
 48
0.0
 49
2.5
140
2.5
141
2.5
142
0.0
143
0.03937007874
144
1.0
145
0.0
146
1.0
147
0.625
148
0.0
 69
0
 70
0
 71
0
 72
0
 73
0
 74
0
 75
0
 76
0
 77
1
 78
8
 79
3
170
0
171
3
172
1
173
0
174
0
175
0
176
0
177
0
178
0
179
2
271
2
272
2
273
2
274
3
275
0
276
0
277
2
278
44
279
0
280
0
281
0
282
0
283
0
284
8
285
0
286
0
288
0
289
3
290
0
371
-2
372
-2
  0
DIMSTYLE
105
73
330
4
100
AcDbSymbolTableRecord
100
AcDbDimStyleTableRecord
  2
EZDXF
 70
0
 40
1.0
 41
0.175
 42
0.125
 43
3.75
 44
0.375
 45
0.0
 46
0.0
 47
0.0
 48
0.0
 49
2.5
140
0.25
141
2.5
142
0.0
143
0.03937007874
144
100.0
145
0.0
146
0.5
147
0.1
148
0.0
 69
0
 70
0
 71
0
 72
0
 73
0
 74
0
 75
0
 76
0
 77
1
 78
12
 79
3
170
0
171
3
172
1
173
0
174
0
175
0
176
0
177
0
178
0
179
2
271
2
272
2
273
2
274
3
275
0
276
0
277
2
278
46
279
2
280
0
281
0
282
0
283
0
284
8
285
0
286
0
288
1
289
3
290
0
340
4C
342
74
371
-2
372
-2
  0
DIMSTYLE
105
7C
330
4
100
AcDbSymbolTableRecord
100
AcDbDimStyleTableRecord
  2
EZ_M_100_H25_CM
 70
0
 40
1.0
 41
0.25
 42
0.125
 43
3.75
 44
0.375
 45
0.0
 46
0.0
 47
0.0
 48
0.0
 49
2.5
140
0.25
141
2.5
142
0.125
143
0.03937007874
144
100.0
145
0.0
146
0.5
147
0.1
148
0.0
 69
0
 70
0
 71
0
 72
0
 73
0
 74
0
 75
0
 76
0
 77
1
 78
12
 79
3
170
0
171
3
172
1
173
0
174
0
175
0
176
0
177
0
178
0
179
2
271
2
272
2
273
2
274
3
275
0
276
0
277
2
278
46
279
2
280
0
281
0
282
0
283
0
284
8
285
0
286
0
288
1
289
3
290
0
340
4C
371
-2
372
-2
  0
DIMSTYLE
105
7D
330
4
100
AcDbSymbolTableRecord
100
AcDbDimStyleTableRecord
  2
EZ_M_50_H25_CM
 70
0
 40
1.0
 41
0.125
 42
0.0625
 43
3.75
 44
0.1875
 45
0.0
 46
0.0
 47
0.0
 48
0.0
 49
2.5
140
0.125
141
2.5
142
0.0625
143
0.03937007874
144
100.0
145
0.0
146
0.5
147
0.05
148
0.0
 69
0
 70
0
 71
0
 72
0
 73
0
 74
0
 75
0
 76
0
 77
1
 78
12
 79
3
170
0
171
3
172
1
173
0
174
0
175
0
176
0
177
0
178
0
179
2
271
2
272
2
273
2
274
3
275
0
276
0
277
2
278
46
279
2
280
0
281
0
282
0
283
0
284
8
285
0
286
0
288
1
289
3
290
0
340
4C
371
-2
372
-2
  0
DIMSTYLE
105
7E
330
4
100
AcDbSymbolTableRecord
100
AcDbDimStyleTableRecord
  2
EZ_M_25_H25_CM
 70
0
 40
1.0
 41
0.0625
 42
0.03125
 43
3.75
 44
0.09375
 45
0.0
 46
0.0
 47
0.0
 48
0.0
 49
2.5
140
0.0625
141
2.5
142
0.03125
143
0.03937007874
144
100.0
145
0.0
146
0.5
147
0.025
148
0.0
 69
0
 70
0
 71
0
 72
0
 73
0
 74
0
 75
0
 76
0
 77
1
 78
12
 79
3
170
0
171
3
172
1
173
0
174
0
175
0
176
0
177
0
178
0
179
2
271
2
272
2
273
2
274
3
275
0
276
0
277
2
278
46
279
2
280
0
281
0
282
0
283
0
284
8
285
0
286
0
288
1
289
3
290
0
340
4C
371
-2
372
-2
  0
DIMSTYLE
105
7F
330
4
100
AcDbSymbolTableRecord
100
AcDbDimStyleTableRecord
  2
EZ_M_20_H25_CM
 70
0
 40
1.0
 41
0.05
 42
0.025
 43
3.75
 44
0.07500000000000001
 45
0.0
 46
0.0
 47
0.0
 48
0.0
 49
2.5
140
0.05
141
2.5
142
0.025
143
0.03937007874
144
100.0
145
0.0
146
0.5
147
0.020000000000000004
148
0.0
 69
0
 70
0
 71
0
 72
0
 73
0
 74
0
 75
0
 76
0
 77
1
 78
12
 79
3
170
0
171
3
172
1
173
0
174
0
175
0
176
0
177
0
178
0
179
2
271
2
272
2
273
2
274
3
275
0
276
0
277
2
278
46
279
2
280
0
281
0
282
0
283
0
284
8
285
0
286
0
288
1
289
3
290
0
340
4C
371
-2
372
-2
  0
DIMSTYLE
105
80
330
4
100
AcDbSymbolTableRecord
100
AcDbDimStyleTableRecord
  2
EZ_M_10_H25_CM
 70
0
 40
1.0
 41
0.025
 42
0.0125
 43
3.75
 44
0.037500000000000006
 45
0.0
 46
0.0
 47
0.0
 48
0.0
 49
2.5
140
0.025
141
2.5
142
0.0125
143
0.03937007874
144
100.0
145
0.0
146
0.5
147
0.010000000000000002
148
0.0
 69
0
 70
0
 71
0
 72
0
 73
0
 74
0
 75
0
 76
0
 77
1
 78
12
 79
3
170
0
171
3
172
1
173
0
174
0
175
0
176
0
177
0
178
0
179
2
271
2
272
2
273
2
274
3
275
0
276
0
277
2
278
46
279
2
280
0
281
0
282
0
283
0
284
8
285
0
286
0
288
1
289
3
290
0
340
4C
371
-2
372
-2
  0
DIMSTYLE
105
81
330
4
100
AcDbSymbolTableRecord
100
AcDbDimStyleTableRecord
  2
EZ_M_5_H25_CM
 70
0
 40
1.0
 41
0.0125
 42
0.00625
 43
3.75
 44
0.018750000000000003
 45
0.0
 46
0.0
 47
0.0
 48
0.0
 49
2.5
140
0.0125
141
2.5
142
0.00625
143
0.03937007874
144
100.0
145
0.0
146
0.5
147
0.005000000000000001
148
0.0
 69
0
 70
0
 71
0
 72
0
 73
0
 74
0
 75
0
 76
0
 77
1
 78
12
 79
3
170
0
171
3
172
1
173
0
174
0
175
0
176
0
177
0
178
0
179
2
271
2
272
2
273
2
274
3
275
0
276
0
277
2
278
46
279
2
280
0
281
0
282
0
283
0
284
8
285
0
286
0
288
1
289
3
290
0
340
4C
371
-2
372
-2
  0
DIMSTYLE
105
82
330
4
100
AcDbSymbolTableRecord
100
AcDbDimStyleTableRecord
  2
EZ_M_1_H25_CM
 70
0
 40
1.0
 41
0.0025
 42
0.00125
 43
3.75
 44
0.00375
 45
0.0
 46
0.0
 47
0.0
 48
0.0
 49
2.5
140
0.0025
141
2.5
142
0.00125
143
0.03937007874
144
100.0
145
0.0
146
0.5
147
0.001
148
0.0
 69
0
 70
0
 71
0
 72
0
 73
0
 74
0
 75
0
 76
0
 77
1
 78
12
 79
3
170
0
171
3
172
1
173
0
174
0
175
0
176
0
177
0
178
0
179
2
271
2
272
2
273
2
274
3
275
0
276
0
277
2
278
46
279
2
280
0
281
0
282
0
283
0
284
8
285
0
286
0
288
1
289
3
290
0
340
4C
371
-2
372
-2
  0
DIMSTYLE
105
83
330
4
100
AcDbSymbolTableRecord
100
AcDbDimStyleTableRecord
  2
EZ_RADIUS
 70
0
 40
1.0
 41
0.25
 42
0.125
 43
3.75
 44
0.375
 45
0.0
 46
0.0
 47
0.0
 48
0.0
 49
2.5
140
0.25
141
0.0
142
0.0
143
0.03937007874
144
100.0
145
0.0
146
0.5
147
0.1
148
0.0
 69
0
 70
0
 71
0
 72
0
 73
0
 74
0
 75
0
 76
0
 77
1
 78
12
 79
3
170
0
171
3
172
0
173
0
174
0
175
0
176
0
177
0
178
0
179
2
271
2
272
2
273
2
274
3
275
0
276
0
277
2
278
46
279
1
280
0
281
0
282
0
283
0
284
8
285
0
286
0
288
1
289
3
290
0
340
4C
342
84
371
-2
372
-2
  0
DIMSTYLE
105
88
330
4
100
AcDbSymbolTableRecord
100
AcDbDimStyleTableRecord
  2
EZ_RADIUS_INSIDE
 70
0
 40
1.0
 41
0.25
 42
0.125
 43
3.75
 44
0.375
 45
0.0
 46
0.0
 47
0.0
 48
0.0
 49
2.5
140
0.25
141
0.0
142
0.0
143
0.03937007874
144
100.0
145
0.0
146
0.5
147
0.1
148
0.0
 69
0
 70
0
 71
0
 72
0
 73
0
 74
0
 75
0
 76
0
 77
0
 78
12
 79
3
170
0
171
3
172
0
173
0
174
1
175
0
176
0
177
0
178
0
179
2
271
2
272
2
273
2
274
3
275
0
276
0
277
2
278
46
279
0
280
0
281
0
282
0
283
0
284
8
285
0
286
0
288
1
289
0
290
0
340
4C
342
84
371
-2
372
-2
  0
DIMSTYLE
105
89
330
4
100
AcDbSymbolTableRecord
100
AcDbDimStyleTableRecord
  2
EZ_CURVED
 70
0
 40
1.0
 41
0.25
 42
0.125
 43
3.75
 44
0.375
 45
0.0
 46
0.0
 47
0.0
 48
0.0
 49
2.5
140
0.25
141
2.5
142
0.0
143
0.03937007874
144
100.0
145
0.0
146
0.5
147
0.1
148
0.0
 69
0
 70
0
 71
0
 72
0
 73
0
 74
0
 75
0
 76
0
 77
1
 78
12
 79
2
 90
2
170
0
171
3
172
1
173
0
174
0
175
0
176
0
177
0
178
0
179
2
271
2
272
2
273
2
274
3
275
0
276
0
277
2
278
46
279
2
280
0
281
0
282
0
283
0
284
8
285
0
286
0
288
1
289
3
290
0
340
4C
371
-2
372
-2
  0
DIMSTYLE
105
D9
330
4
100
AcDbSymbolTableRecord
100
AcDbDimStyleTableRecord
  2
GYM-5
 70
0
 40
5.0
 41
2.5
 42
1.5
 43
7.0
 44
1.25
 45
0.0
 46
0.0
 47
0.0
 48
0.0
 49
2.5
140
2.5
141
2.5
142
0.0
143
0.03937007874
144
1.0
145
0.0
146
1.0
147
0.9
148
0.0
 69
0
 70
0
 71
0
 72
0
 73
0
 74
0
 75
0
 76
0
 77
1
 78
8
 79
3
170
0
171
3
172
1
173
0
174
0
175
0
176
7
177
7
178
7
179
2
271
0
272
2
273
2
274
3
275
0
276
0
277
2
278
44
279
0
280
0
281
0
282
0
283
0
284
8
285
0
286
0
288
0
289
3
290
0
340
D7
342
74
371
18
372
13
  0
DIMSTYLE
105
DA
330
4
100
AcDbSymbolTableRecord
100
AcDbDimStyleTableRecord
  2
GYM-10
 70
0
 40
10.0
 41
2.5
 42
1.5
 43
7.0
 44
1.25
 45
0.0
 46
0.0
 47
0.0
 48
0.0
 49
2.5
140
2.5
141
2.5
142
0.0
143
0.03937007874
144
1.0
145
0.0
146
1.0
147
0.9
148
0.0
 69
0
 70
0
 71
0
 72
0
 73
0
 74
0
 75
0
 76
0
 77
1
 78
8
 79
3
170
0
171
3
172
1
173
0
174
0
175
0
176
7
177
7
178
7
179
2
271
0
272
2
273
2
274
3
275
0
276
0
277
2
278
44
279
0
280
0
281
0
282
0
283
0
284
8
285
0
286
0
288
0
289
3
290
0
340
D7
342
74
371
18
372
13
  0
DIMSTYLE
105
DB
330
4
100
AcDbSymbolTableRecord
100
AcDbDimStyleTableRecord
  2
GYM-20
 70
0
 40
20.0
 41
2.5
 42
1.5
 43
7.0
 44
1.25
 45
0.0
 46
0.0
 47
0.0
 48
0.0
 49
2.5
140
2.5
141
2.5
142
0.0
143
0.03937007874
144
1.0
145
0.0
146
1.0
147
0.9
148
0.0
 69
0
 70
0
 71
0
 72
0
 73
0
 74
0
 75
0
 76
0
 77
1
 78
8
 79
3
170
0
171
3
172
1
173
0
174
0
175
0
176
7
177
7
178
7
179
2
271
0
272
2
273
2
274
3
275
0
276
0
277
2
278
44
279
0
280
0
281
0
282
0
283
0
284
8
285
0
286
0
288
0
289
3
290
0
340
D7
342
74
371
18
372
13
  0
DIMSTYLE
105
DC
330
4
100
AcDbSymbolTableRecord
100
AcDbDimStyleTableRecord
  2
GYM-25
 70
0
 40
25.0
 41
2.5
 42
1.5
 43
7.0
 44
1.25
 45
0.0
 46
0.0
 47
0.0
 48
0.0
 49
2.5
140
2.5
141
2.5
142
0.0
143
0.03937007874
144
1.0
145
0.0
146
1.0
147
0.9
148
0.0
 69
0
 70
0
 71
0
 72
0
 73
0
 74
0
 75
0
 76
0
 77
1
 78
8
 79
3
170
0
171
3
172
1
173
0
174
0
175
0
176
7
177
7
178
7
179
2
271
0
272
2
273
2
274
3
275
0
276
0
277
2
278
44
279
0
280
0
281
0
282
0
283
0
284
8
285
0
286
0
288
0
289
3
290
0
340
D7
342
74
371
18
372
13
  0
DIMSTYLE
105
DD
330
4
100
AcDbSymbolTableRecord
100
AcDbDimStyleTableRecord
  2
GYM-50
 70
0
 40
50.0
 41
2.5
 42
1.5
 43
7.0
 44
1.25
 45
0.0
 46
0.0
 47
0.0
 48
0.0
 49
2.5
140
2.5
141
2.5
142
0.0
143
0.03937007874
144
1.0
145
0.0
146
1.0
147
0.9
148
0.0
 69
0
 70
0
 71
0
 72
0
 73
0
 74
0
 75
0
 76
0
 77
1
 78
8
 79
3
170
0
171
3
172
1
173
0
174
0
175
0
176
7
177
7
178
7
179
2
271
0
272
2
273
2
274
3
275
0
276
0
277
2
278
44
279
0
280
0
281
0
282
0
283
0
284
8
285
0
286
0
288
0
289
3
290
0
340
D7
342
74
371
18
372
13
  0
DIMSTYLE
105
DE
330
4
100
AcDbSymbolTableRecord
100
AcDbDimStyleTableRecord
  2
GYM-75
 70
0
 40
75.0
 41
2.5
 42
1.5
 43
7.0
 44
1.25
 45
0.0
 46
0.0
 47
0.0
 48
0.0
 49
2.5
140
2.5
141
2.5
142
0.0
143
0.03937007874
144
1.0
145
0.0
146
1.0
147
0.9
148
0.0
 69
0
 70
0
 71
0
 72
0
 73
0
 74
0
 75
0
 76
0
 77
1
 78
8
 79
3
170
0
171
3
172
1
173
0
174
0
175
0
176
7
177
7
178
7
179
2
271
0
272
2
273
2
274
3
275
0
276
0
277
2
278
44
279
0
280
0
281
0
282
0
283
0
284
8
285
0
286
0
288
0
289
3
290
0
340
D7
342
74
371
18
372
13
  0
DIMSTYLE
105
DF
330
4
100
AcDbSymbolTableRecord
100
AcDbDimStyleTableRecord
  2
GYM-100
 70
0
 40
100.0
 41
2.5
 42
1.5
 43
7.0
 44
1.25
 45
0.0
 46
0.0
 47
0.0
 48
0.0
 49
2.5
140
2.5
141
2.5
142
0.0
143
0.03937007874
144
1.0
145
0.0
146
1.0
147
0.9
148
0.0
 69
0
 70
0
 71
0
 72
0
 73
0
 74
0
 75
0
 76
0
 77
1
 78
8
 79
3
170
0
171
3
172
1
173
0
174
0
175
0
176
7
177
7
178
7
179
2
271
0
272
2
273
2
274
3
275
0
276
0
277
2
278
44
279
0
280
0
281
0
282
0
283
0
284
8
285
0
286
0
288
0
289
3
290
0
340
D7
342
74
371
18
372
13
  0
ENDTAB
  0
TABLE
  2
BLOCK_RECORD
  5
9
330
0
100
AcDbSymbolTable
 70
53
  0
BLOCK_RECORD
  5
17
330
9
100
AcDbSymbolTableRecord
100
AcDbBlockTableRecord
  2
*Model_Space
340
1A
 70
0
280
1
281
0
  0
BLOCK_RECORD
  5
74
330
9
100
AcDbSymbolTableRecord
100
AcDbBlockTableRecord
  2
_ARCHTICK
340
0
 70
0
280
1
281
0
  0
BLOCK_RECORD
  5
78
330
9
100
AcDbSymbolTableRecord
100
AcDbBlockTableRecord
  2
_CLOSEDFILLED
340
0
 70
0
280
1
281
0
  0
BLOCK_RECORD
  5
84
330
9
100
AcDbSymbolTableRecord
100
AcDbBlockTableRecord
  2
_CLOSEDBLANK
340
0
 70
0
280
1
281
0
  0
BLOCK_RECORD
  5
E0
330
9
100
AcDbSymbolTableRecord
100
AcDbBlockTableRecord
  2
M_MENFEZ_BESLEME
340
0
 70
0
280
1
281
0
  0
BLOCK_RECORD
  5
E9
330
9
100
AcDbSymbolTableRecord
100
AcDbBlockTableRecord
  2
M_MENFEZ_EGZOZ
340
0
 70
0
280
1
281
0
  0
BLOCK_RECORD
  5
F1
330
9
100
AcDbSymbolTableRecord
100
AcDbBlockTableRecord
  2
M_VALF
340
0
 70
0
280
1
281
0
  0
BLOCK_RECORD
  5
F9
330
9
100
AcDbSymbolTableRecord
100
AcDbBlockTableRecord
  2
M_FAN
340
0
 70
0
280
1
281
0
  0
BLOCK_RECORD
  5
104
330
9
100
AcDbSymbolTableRecord
100
AcDbBlockTableRecord
  2
M_PANJUR
340
0
 70
0
280
1
281
0
  0
BLOCK_RECORD
  5
10E
330
9
100
AcDbSymbolTableRecord
100
AcDbBlockTableRecord
  2
M_KLIMA_IC
340
0
 70
0
280
1
281
0
  0
BLOCK_RECORD
  5
115
330
9
100
AcDbSymbolTableRecord
100
AcDbBlockTableRecord
  2
M_KLIMA_DIS
340
0
 70
0
280
1
281
0
  0
BLOCK_RECORD
  5
11C
330
9
100
AcDbSymbolTableRecord
100
AcDbBlockTableRecord
  2
M_ISITICI
340
0
 70
0
280
1
281
0
  0
BLOCK_RECORD
  5
125
330
9
100
AcDbSymbolTableRecord
100
AcDbBlockTableRecord
  2
M_KLOZET
340
0
 70
0
280
1
281
0
  0
BLOCK_RECORD
  5
12B
330
9
100
AcDbSymbolTableRecord
100
AcDbBlockTableRecord
  2
M_LAVABO
340
0
 70
0
280
1
281
0
  0
BLOCK_RECORD
  5
131
330
9
100
AcDbSymbolTableRecord
100
AcDbBlockTableRecord
  2
M_DUS
340
0
 70
0
280
1
281
0
  0
BLOCK_RECORD
  5
138
330
9
100
AcDbSymbolTableRecord
100
AcDbBlockTableRecord
  2
M_SUZGEC
340
0
 70
0
280
1
281
0
  0
BLOCK_RECORD
  5
13D
330
9
100
AcDbSymbolTableRecord
100
AcDbBlockTableRecord
  2
M_SAYAC
340
0
 70
0
280
1
281
0
  0
BLOCK_RECORD
  5
143
330
9
100
AcDbSymbolTableRecord
100
AcDbBlockTableRecord
  2
E_ARMATUR_LINEER
340
0
 70
0
280
1
281
0
  0
BLOCK_RECORD
  5
149
330
9
100
AcDbSymbolTableRecord
100
AcDbBlockTableRecord
  2
E_DOWNLIGHT
340
0
 70
0
280
1
281
0
  0
BLOCK_RECORD
  5
150
330
9
100
AcDbSymbolTableRecord
100
AcDbBlockTableRecord
  2
E_ACIL
340
0
 70
0
280
1
281
0
  0
BLOCK_RECORD
  5
156
330
9
100
AcDbSymbolTableRecord
100
AcDbBlockTableRecord
  2
E_YONLENDIRME
340
0
 70
0
280
1
281
0
  0
BLOCK_RECORD
  5
15D
330
9
100
AcDbSymbolTableRecord
100
AcDbBlockTableRecord
  2
E_PRIZ
340
0
 70
0
280
1
281
0
  0
BLOCK_RECORD
  5
166
330
9
100
AcDbSymbolTableRecord
100
AcDbBlockTableRecord
  2
E_PRIZ_IP44
340
0
 70
0
280
1
281
0
  0
BLOCK_RECORD
  5
16F
330
9
100
AcDbSymbolTableRecord
100
AcDbBlockTableRecord
  2
E_ANAHTAR
340
0
 70
0
280
1
281
0
  0
BLOCK_RECORD
  5
175
330
9
100
AcDbSymbolTableRecord
100
AcDbBlockTableRecord
  2
E_SENSOR
340
0
 70
0
280
1
281
0
  0
BLOCK_RECORD
  5
17B
330
9
100
AcDbSymbolTableRecord
100
AcDbBlockTableRecord
  2
E_KAMERA
340
0
 70
0
280
1
281
0
  0
BLOCK_RECORD
  5
180
330
9
100
AcDbSymbolTableRecord
100
AcDbBlockTableRecord
  2
E_HOPARLOR
340
0
 70
0
280
1
281
0
  0
BLOCK_RECORD
  5
187
330
9
100
AcDbSymbolTableRecord
100
AcDbBlockTableRecord
  2
E_VERI
340
0
 70
0
280
1
281
0
  0
BLOCK_RECORD
  5
18D
330
9
100
AcDbSymbolTableRecord
100
AcDbBlockTableRecord
  2
E_DEDEKTOR
340
0
 70
0
280
1
281
0
  0
BLOCK_RECORD
  5
193
330
9
100
AcDbSymbolTableRecord
100
AcDbBlockTableRecord
  2
E_YANGIN_BUTON
340
0
 70
0
280
1
281
0
  0
BLOCK_RECORD
  5
199
330
9
100
AcDbSymbolTableRecord
100
AcDbBlockTableRecord
  2
E_PANO
340
0
 70
0
280
1
281
0
  0
BLOCK_RECORD
  5
1A6
330
9
100
AcDbSymbolTableRecord
100
AcDbBlockTableRecord
  2
G_KUZEY
340
0
 70
0
280
1
281
0
  0
BLOCK_RECORD
  5
1AC
330
9
100
AcDbSymbolTableRecord
100
AcDbBlockTableRecord
  2
ANTET_A3
340
0
 70
0
280
1
281
0
  0
BLOCK_RECORD
  5
236
330
9
100
AcDbSymbolTableRecord
100
AcDbBlockTableRecord
  2
*D1
340
0
 70
0
280
1
281
0
  0
BLOCK_RECORD
  5
245
330
9
100
AcDbSymbolTableRecord
100
AcDbBlockTableRecord
  2
*D2
340
0
 70
0
280
1
281
0
  0
BLOCK_RECORD
  5
254
330
9
100
AcDbSymbolTableRecord
100
AcDbBlockTableRecord
  2
*D3
340
0
 70
0
280
1
281
0
  0
BLOCK_RECORD
  5
263
330
9
100
AcDbSymbolTableRecord
100
AcDbBlockTableRecord
  2
*D4
340
0
 70
0
280
1
281
0
  0
BLOCK_RECORD
  5
272
330
9
100
AcDbSymbolTableRecord
100
AcDbBlockTableRecord
  2
*D5
340
0
 70
0
280
1
281
0
  0
BLOCK_RECORD
  5
281
330
9
100
AcDbSymbolTableRecord
100
AcDbBlockTableRecord
  2
*D6
340
0
 70
0
280
1
281
0
  0
BLOCK_RECORD
  5
290
330
9
100
AcDbSymbolTableRecord
100
AcDbBlockTableRecord
  2
*D7
340
0
 70
0
280
1
281
0
  0
BLOCK_RECORD
  5
29F
330
9
100
AcDbSymbolTableRecord
100
AcDbBlockTableRecord
  2
*D8
340
0
 70
0
280
1
281
0
  0
BLOCK_RECORD
  5
2AE
330
9
100
AcDbSymbolTableRecord
100
AcDbBlockTableRecord
  2
*D9
340
0
 70
0
280
1
281
0
  0
BLOCK_RECORD
  5
2BD
330
9
100
AcDbSymbolTableRecord
100
AcDbBlockTableRecord
  2
*D10
340
0
 70
0
280
1
281
0
  0
BLOCK_RECORD
  5
2CC
330
9
100
AcDbSymbolTableRecord
100
AcDbBlockTableRecord
  2
*D11
340
0
 70
0
280
1
281
0
  0
BLOCK_RECORD
  5
2DB
330
9
100
AcDbSymbolTableRecord
100
AcDbBlockTableRecord
  2
*D12
340
0
 70
0
280
1
281
0
  0
BLOCK_RECORD
  5
2EA
330
9
100
AcDbSymbolTableRecord
100
AcDbBlockTableRecord
  2
*D13
340
0
 70
0
280
1
281
0
  0
BLOCK_RECORD
  5
2F9
330
9
100
AcDbSymbolTableRecord
100
AcDbBlockTableRecord
  2
*D14
340
0
 70
0
280
1
281
0
  0
BLOCK_RECORD
  5
808
330
9
100
AcDbSymbolTableRecord
100
AcDbBlockTableRecord
  2
*Paper_Space1
340
80B
 70
0
280
1
281
0
  0
BLOCK_RECORD
  5
93C
330
9
100
AcDbSymbolTableRecord
100
AcDbBlockTableRecord
  2
*Paper_Space2
340
93F
 70
0
280
1
281
0
  0
BLOCK_RECORD
  5
A76
330
9
100
AcDbSymbolTableRecord
100
AcDbBlockTableRecord
  2
*Paper_Space3
340
A79
 70
0
280
1
281
0
  0
BLOCK_RECORD
  5
BAF
330
9
100
AcDbSymbolTableRecord
100
AcDbBlockTableRecord
  2
*Paper_Space4
340
BB2
 70
0
280
1
281
0
  0
BLOCK_RECORD
  5
CDE
330
9
100
AcDbSymbolTableRecord
100
AcDbBlockTableRecord
  2
*Paper_Space5
340
CE1
 70
0
280
1
281
0
  0
BLOCK_RECORD
  5
6CE
330
9
100
AcDbSymbolTableRecord
100
AcDbBlockTableRecord
  2
*Paper_Space
340
6D1
 70
0
280
1
281
0
  0
ENDTAB
  0
ENDSEC
  0
SECTION
  2
BLOCKS
  0
BLOCK
  5
18
330
17
100
AcDbEntity
  8
0
100
AcDbBlockBegin
  2
*Model_Space
 70
0
 10
0.0
 20
0.0
 30
0.0
  3
*Model_Space
  1

  0
ENDBLK
  5
19
330
17
100
AcDbEntity
  8
0
100
AcDbBlockEnd
  0
BLOCK
  5
75
330
74
100
AcDbEntity
  8
0
100
AcDbBlockBegin
  2
_ARCHTICK
 70
0
 10
0.0
 20
0.0
 30
0.0
  3
_ARCHTICK
  1

  0
LWPOLYLINE
  5
77
330
74
100
AcDbEntity
  8
0
  6
BYBLOCK
 62
0
100
AcDbPolyline
 90
2
 70
0
 43
0.15
 10
-0.5
 20
-0.5
 10
0.5
 20
0.5
  0
ENDBLK
  5
76
330
74
100
AcDbEntity
  8
0
100
AcDbBlockEnd
  0
BLOCK
  5
79
330
78
100
AcDbEntity
  8
0
100
AcDbBlockBegin
  2
_CLOSEDFILLED
 70
0
 10
0.0
 20
0.0
 30
0.0
  3
_CLOSEDFILLED
  1

  0
SOLID
  5
7B
330
78
100
AcDbEntity
  8
0
  6
BYBLOCK
 62
0
100
AcDbTrace
 10
-1.0
 20
0.16439898372402537
 30
0.0
 11
0.0
 21
0.0
 31
0.0
 12
-1.0
 22
-0.16439898372402537
 32
0.0
 13
-1.0
 23
-0.16439898372402537
 33
0.0
  0
ENDBLK
  5
7A
330
78
100
AcDbEntity
  8
0
100
AcDbBlockEnd
  0
BLOCK
  5
85
330
84
100
AcDbEntity
  8
0
100
AcDbBlockBegin
  2
_CLOSEDBLANK
 70
0
 10
0.0
 20
0.0
 30
0.0
  3
_CLOSEDBLANK
  1

  0
LWPOLYLINE
  5
87
330
84
100
AcDbEntity
  8
0
  6
BYBLOCK
 62
0
100
AcDbPolyline
 90
3
 70
1
 10
-1.0
 20
0.16439898372402537
 10
0.0
 20
0.0
 10
-1.0
 20
-0.16439898372402537
  0
ENDBLK
  5
86
330
84
100
AcDbEntity
  8
0
100
AcDbBlockEnd
  0
BLOCK
  5
E1
330
E0
100
AcDbEntity
  8
0
100
AcDbBlockBegin
  2
M_MENFEZ_BESLEME
 70
2
 10
0.0
 20
0.0
 30
0.0
  3
M_MENFEZ_BESLEME
  1

  0
LWPOLYLINE
  5
E3
330
E0
100
AcDbEntity
  8
0
100
AcDbPolyline
 90
4
 70
1
 10
-150.0
 20
-75.0
 10
150.0
 20
-75.0
 10
150.0
 20
75.0
 10
-150.0
 20
75.0
  0
LINE
  5
E4
330
E0
100
AcDbEntity
  8
0
100
AcDbLine
 10
-150.0
 20
-40.0
 30
0.0
 11
150.0
 21
-40.0
 31
0.0
  0
LINE
  5
E5
330
E0
100
AcDbEntity
  8
0
100
AcDbLine
 10
-150.0
 20
0.0
 30
0.0
 11
150.0
 21
0.0
 31
0.0
  0
LINE
  5
E6
330
E0
100
AcDbEntity
  8
0
100
AcDbLine
 10
-150.0
 20
40.0
 30
0.0
 11
150.0
 21
40.0
 31
0.0
  0
ATTDEF
  5
E7
330
E0
100
AcDbEntity
  8
0
100
AcDbText
 10
0.0
 20
140.0
 30
0.0
 40
120.0
  1

  7
GYM
100
AcDbAttributeDefinition
  3
Menfez kodu
  2
KOD
 70
0
  0
ATTDEF
  5
E8
330
E0
100
AcDbEntity
  8
0
100
AcDbText
 10
0.0
 20
-200.0
 30
0.0
 40
105.0
  1

  7
GYM
100
AcDbAttributeDefinition
  3
Debi (m3/h)
  2
DEBI
 70
0
  0
ENDBLK
  5
E2
330
E0
100
AcDbEntity
  8
0
100
AcDbBlockEnd
  0
BLOCK
  5
EA
330
E9
100
AcDbEntity
  8
0
100
AcDbBlockBegin
  2
M_MENFEZ_EGZOZ
 70
2
 10
0.0
 20
0.0
 30
0.0
  3
M_MENFEZ_EGZOZ
  1

  0
LWPOLYLINE
  5
EC
330
E9
100
AcDbEntity
  8
0
100
AcDbPolyline
 90
4
 70
1
 10
-150.0
 20
-75.0
 10
150.0
 20
-75.0
 10
150.0
 20
75.0
 10
-150.0
 20
75.0
  0
LINE
  5
ED
330
E9
100
AcDbEntity
  8
0
100
AcDbLine
 10
-150.0
 20
-75.0
 30
0.0
 11
150.0
 21
75.0
 31
0.0
  0
LINE
  5
EE
330
E9
100
AcDbEntity
  8
0
100
AcDbLine
 10
-150.0
 20
75.0
 30
0.0
 11
150.0
 21
-75.0
 31
0.0
  0
ATTDEF
  5
EF
330
E9
100
AcDbEntity
  8
0
100
AcDbText
 10
0.0
 20
140.0
 30
0.0
 40
120.0
  1

  7
GYM
100
AcDbAttributeDefinition
  3
Menfez kodu
  2
KOD
 70
0
  0
ATTDEF
  5
F0
330
E9
100
AcDbEntity
  8
0
100
AcDbText
 10
0.0
 20
-200.0
 30
0.0
 40
105.0
  1

  7
GYM
100
AcDbAttributeDefinition
  3
Debi (m3/h)
  2
DEBI
 70
0
  0
ENDBLK
  5
EB
330
E9
100
AcDbEntity
  8
0
100
AcDbBlockEnd
  0
BLOCK
  5
F2
330
F1
100
AcDbEntity
  8
0
100
AcDbBlockBegin
  2
M_VALF
 70
2
 10
0.0
 20
0.0
 30
0.0
  3
M_VALF
  1

  0
CIRCLE
  5
F4
330
F1
100
AcDbEntity
  8
0
100
AcDbCircle
 10
0.0
 20
0.0
 30
0.0
 40
90.0
  0
LINE
  5
F5
330
F1
100
AcDbEntity
  8
0
100
AcDbLine
 10
-90.0
 20
0.0
 30
0.0
 11
90.0
 21
0.0
 31
0.0
  0
LINE
  5
F6
330
F1
100
AcDbEntity
  8
0
100
AcDbLine
 10
0.0
 20
-90.0
 30
0.0
 11
0.0
 21
90.0
 31
0.0
  0
ATTDEF
  5
F7
330
F1
100
AcDbEntity
  8
0
100
AcDbText
 10
0.0
 20
150.0
 30
0.0
 40
120.0
  1

  7
GYM
100
AcDbAttributeDefinition
  3
Valf kodu
  2
KOD
 70
0
  0
ATTDEF
  5
F8
330
F1
100
AcDbEntity
  8
0
100
AcDbText
 10
0.0
 20
-200.0
 30
0.0
 40
105.0
  1

  7
GYM
100
AcDbAttributeDefinition
  3
Debi (m3/h)
  2
DEBI
 70
0
  0
ENDBLK
  5
F3
330
F1
100
AcDbEntity
  8
0
100
AcDbBlockEnd
  0
BLOCK
  5
FA
330
F9
100
AcDbEntity
  8
0
100
AcDbBlockBegin
  2
M_FAN
 70
2
 10
0.0
 20
0.0
 30
0.0
  3
M_FAN
  1

  0
LWPOLYLINE
  5
FC
330
F9
100
AcDbEntity
  8
0
100
AcDbPolyline
 90
4
 70
1
 10
-250.0
 20
-140.0
 10
250.0
 20
-140.0
 10
250.0
 20
140.0
 10
-250.0
 20
140.0
  0
CIRCLE
  5
FD
330
F9
100
AcDbEntity
  8
0
100
AcDbCircle
 10
0.0
 20
0.0
 30
0.0
 40
105.0
  0
LINE
  5
FE
330
F9
100
AcDbEntity
  8
0
100
AcDbLine
 10
0.0
 20
0.0
 30
0.0
 11
105.0
 21
0.0
 31
0.0
  0
LINE
  5
FF
330
F9
100
AcDbEntity
  8
0
100
AcDbLine
 10
0.0
 20
0.0
 30
0.0
 11
6.429395695523604e-15
 21
105.0
 31
0.0
  0
LINE
  5
100
330
F9
100
AcDbEntity
  8
0
100
AcDbLine
 10
0.0
 20
0.0
 30
0.0
 11
-105.0
 21
1.2858791391047208e-14
 31
0.0
  0
LINE
  5
101
330
F9
100
AcDbEntity
  8
0
100
AcDbLine
 10
0.0
 20
0.0
 30
0.0
 11
-1.928818708657081e-14
 21
-105.0
 31
0.0
  0
ATTDEF
  5
102
330
F9
100
AcDbEntity
  8
0
100
AcDbText
 10
0.0
 20
210.0
 30
0.0
 40
120.0
  1

  7
GYM
100
AcDbAttributeDefinition
  3
Fan kodu
  2
KOD
 70
0
  0
ATTDEF
  5
103
330
F9
100
AcDbEntity
  8
0
100
AcDbText
 10
0.0
 20
-270.0
 30
0.0
 40
105.0
  1

  7
GYM
100
AcDbAttributeDefinition
  3
Fan tanimi
  2
TANIM
 70
0
  0
ENDBLK
  5
FB
330
F9
100
AcDbEntity
  8
0
100
AcDbBlockEnd
  0
BLOCK
  5
105
330
104
100
AcDbEntity
  8
0
100
AcDbBlockBegin
  2
M_PANJUR
 70
2
 10
0.0
 20
0.0
 30
0.0
  3
M_PANJUR
  1

  0
LWPOLYLINE
  5
107
330
104
100
AcDbEntity
  8
0
100
AcDbPolyline
 90
4
 70
1
 10
-140.0
 20
-90.0
 10
140.0
 20
-90.0
 10
140.0
 20
90.0
 10
-140.0
 20
90.0
  0
LINE
  5
108
330
104
100
AcDbEntity
  8
0
100
AcDbLine
 10
-140.0
 20
-64.0
 30
0.0
 11
140.0
 21
-64.0
 31
0.0
  0
LINE
  5
109
330
104
100
AcDbEntity
  8
0
100
AcDbLine
 10
-140.0
 20
-32.0
 30
0.0
 11
140.0
 21
-32.0
 31
0.0
  0
LINE
  5
10A
330
104
100
AcDbEntity
  8
0
100
AcDbLine
 10
-140.0
 20
0.0
 30
0.0
 11
140.0
 21
0.0
 31
0.0
  0
LINE
  5
10B
330
104
100
AcDbEntity
  8
0
100
AcDbLine
 10
-140.0
 20
32.0
 30
0.0
 11
140.0
 21
32.0
 31
0.0
  0
LINE
  5
10C
330
104
100
AcDbEntity
  8
0
100
AcDbLine
 10
-140.0
 20
64.0
 30
0.0
 11
140.0
 21
64.0
 31
0.0
  0
ATTDEF
  5
10D
330
104
100
AcDbEntity
  8
0
100
AcDbText
 10
0.0
 20
150.0
 30
0.0
 40
120.0
  1

  7
GYM
100
AcDbAttributeDefinition
  3
Panjur kodu
  2
KOD
 70
0
  0
ENDBLK
  5
106
330
104
100
AcDbEntity
  8
0
100
AcDbBlockEnd
  0
BLOCK
  5
10F
330
10E
100
AcDbEntity
  8
0
100
AcDbBlockBegin
  2
M_KLIMA_IC
 70
2
 10
0.0
 20
0.0
 30
0.0
  3
M_KLIMA_IC
  1

  0
LWPOLYLINE
  5
111
330
10E
100
AcDbEntity
  8
0
100
AcDbPolyline
 90
4
 70
1
 10
-450.0
 20
-140.0
 10
450.0
 20
-140.0
 10
450.0
 20
140.0
 10
-450.0
 20
140.0
  0
LINE
  5
112
330
10E
100
AcDbEntity
  8
0
100
AcDbLine
 10
-450.0
 20
-60.0
 30
0.0
 11
450.0
 21
-60.0
 31
0.0
  0
ATTDEF
  5
113
330
10E
100
AcDbEntity
  8
0
100
AcDbText
 10
0.0
 20
215.0
 30
0.0
 40
120.0
  1

  7
GYM
100
AcDbAttributeDefinition
  3
Unite kodu
  2
KOD
 70
0
  0
ATTDEF
  5
114
330
10E
100
AcDbEntity
  8
0
100
AcDbText
 10
0.0
 20
-270.0
 30
0.0
 40
105.0
  1

  7
GYM
100
AcDbAttributeDefinition
  3
Kapasite (BTU)
  2
KAPASITE
 70
0
  0
ENDBLK
  5
110
330
10E
100
AcDbEntity
  8
0
100
AcDbBlockEnd
  0
BLOCK
  5
116
330
115
100
AcDbEntity
  8
0
100
AcDbBlockBegin
  2
M_KLIMA_DIS
 70
2
 10
0.0
 20
0.0
 30
0.0
  3
M_KLIMA_DIS
  1

  0
LWPOLYLINE
  5
118
330
115
100
AcDbEntity
  8
0
100
AcDbPolyline
 90
4
 70
1
 10
-500.0
 20
-350.0
 10
500.0
 20
-350.0
 10
500.0
 20
350.0
 10
-500.0
 20
350.0
  0
CIRCLE
  5
119
330
115
100
AcDbEntity
  8
0
100
AcDbCircle
 10
0.0
 20
0.0
 30
0.0
 40
230.0
  0
ATTDEF
  5
11A
330
115
100
AcDbEntity
  8
0
100
AcDbText
 10
0.0
 20
430.0
 30
0.0
 40
120.0
  1

  7
GYM
100
AcDbAttributeDefinition
  3
Platform
  2
KOD
 70
0
  0
ATTDEF
  5
11B
330
115
100
AcDbEntity
  8
0
100
AcDbText
 10
0.0
 20
-530.0
 30
0.0
 40
105.0
  1

  7
GYM
100
AcDbAttributeDefinition
  3
Unite adedi
  2
ADET
 70
0
  0
ENDBLK
  5
117
330
115
100
AcDbEntity
  8
0
100
AcDbBlockEnd
  0
BLOCK
  5
11D
330
11C
100
AcDbEntity
  8
0
100
AcDbBlockBegin
  2
M_ISITICI
 70
2
 10
0.0
 20
0.0
 30
0.0
  3
M_ISITICI
  1

  0
LWPOLYLINE
  5
11F
330
11C
100
AcDbEntity
  8
0
100
AcDbPolyline
 90
4
 70
1
 10
-200.0
 20
-150.0
 10
200.0
 20
-150.0
 10
200.0
 20
150.0
 10
-200.0
 20
150.0
  0
LINE
  5
120
330
11C
100
AcDbEntity
  8
0
100
AcDbLine
 10
-90.0
 20
-150.0
 30
0.0
 11
-90.0
 21
150.0
 31
0.0
  0
LINE
  5
121
330
11C
100
AcDbEntity
  8
0
100
AcDbLine
 10
0.0
 20
-150.0
 30
0.0
 11
0.0
 21
150.0
 31
0.0
  0
LINE
  5
122
330
11C
100
AcDbEntity
  8
0
100
AcDbLine
 10
90.0
 20
-150.0
 30
0.0
 11
90.0
 21
150.0
 31
0.0
  0
ATTDEF
  5
123
330
11C
100
AcDbEntity
  8
0
100
AcDbText
 10
0.0
 20
225.0
 30
0.0
 40
120.0
  1

  7
GYM
100
AcDbAttributeDefinition
  3
Isitici kodu
  2
KOD
 70
0
  0
ATTDEF
  5
124
330
11C
100
AcDbEntity
  8
0
100
AcDbText
 10
0.0
 20
-285.0
 30
0.0
 40
105.0
  1

  7
GYM
100
AcDbAttributeDefinition
  3
Guc (kW)
  2
GUC
 70
0
  0
ENDBLK
  5
11E
330
11C
100
AcDbEntity
  8
0
100
AcDbBlockEnd
  0
BLOCK
  5
126
330
125
100
AcDbEntity
  8
0
100
AcDbBlockBegin
  2
M_KLOZET
 70
2
 10
0.0
 20
0.0
 30
0.0
  3
M_KLOZET
  1

  0
ELLIPSE
  5
128
330
125
100
AcDbEntity
  8
0
100
AcDbEllipse
 10
0.0
 20
-40.0
 30
0.0
 11
160.0
 21
0.0
 31
0.0
 40
0.78
 41
0.0
 42
6.283185307179586
  0
LWPOLYLINE
  5
129
330
125
100
AcDbEntity
  8
0
100
AcDbPolyline
 90
4
 70
1
 10
-170.0
 20
150.0
 10
170.0
 20
150.0
 10
170.0
 20
260.0
 10
-170.0
 20
260.0
  0
ATTDEF
  5
12A
330
125
100
AcDbEntity
  8
0
100
AcDbText
 10
0.0
 20
330.0
 30
0.0
 40
120.0
  1

  7
GYM
100
AcDbAttributeDefinition
  3
Vitrifiye
  2
KOD
 70
0
  0
ENDBLK
  5
127
330
125
100
AcDbEntity
  8
0
100
AcDbBlockEnd
  0
BLOCK
  5
12C
330
12B
100
AcDbEntity
  8
0
100
AcDbBlockBegin
  2
M_LAVABO
 70
2
 10
0.0
 20
0.0
 30
0.0
  3
M_LAVABO
  1

  0
LWPOLYLINE
  5
12E
330
12B
100
AcDbEntity
  8
0
100
AcDbPolyline
 90
4
 70
1
 10
-230.0
 20
-140.0
 10
230.0
 20
-140.0
 10
230.0
 20
140.0
 10
-230.0
 20
140.0
  0
ELLIPSE
  5
12F
330
12B
100
AcDbEntity
  8
0
100
AcDbEllipse
 10
0.0
 20
0.0
 30
0.0
 11
170.0
 21
0.0
 31
0.0
 40
0.62
 41
0.0
 42
6.283185307179586
  0
ATTDEF
  5
130
330
12B
100
AcDbEntity
  8
0
100
AcDbText
 10
0.0
 20
210.0
 30
0.0
 40
120.0
  1

  7
GYM
100
AcDbAttributeDefinition
  3
Vitrifiye
  2
KOD
 70
0
  0
ENDBLK
  5
12D
330
12B
100
AcDbEntity
  8
0
100
AcDbBlockEnd
  0
BLOCK
  5
132
330
131
100
AcDbEntity
  8
0
100
AcDbBlockBegin
  2
M_DUS
 70
2
 10
0.0
 20
0.0
 30
0.0
  3
M_DUS
  1

  0
LWPOLYLINE
  5
134
330
131
100
AcDbEntity
  8
0
100
AcDbPolyline
 90
4
 70
1
 10
-450.0
 20
-450.0
 10
450.0
 20
-450.0
 10
450.0
 20
450.0
 10
-450.0
 20
450.0
  0
CIRCLE
  5
135
330
131
100
AcDbEntity
  8
0
100
AcDbCircle
 10
0.0
 20
0.0
 30
0.0
 40
80.0
  0
LINE
  5
136
330
131
100
AcDbEntity
  8
0
100
AcDbLine
 10
-450.0
 20
-450.0
 30
0.0
 11
450.0
 21
450.0
 31
0.0
  0
ATTDEF
  5
137
330
131
100
AcDbEntity
  8
0
100
AcDbText
 10
0.0
 20
530.0
 30
0.0
 40
120.0
  1

  7
GYM
100
AcDbAttributeDefinition
  3
Dus teknesi
  2
KOD
 70
0
  0
ENDBLK
  5
133
330
131
100
AcDbEntity
  8
0
100
AcDbBlockEnd
  0
BLOCK
  5
139
330
138
100
AcDbEntity
  8
0
100
AcDbBlockBegin
  2
M_SUZGEC
 70
0
 10
0.0
 20
0.0
 30
0.0
  3
M_SUZGEC
  1

  0
LWPOLYLINE
  5
13B
330
138
100
AcDbEntity
  8
0
100
AcDbPolyline
 90
4
 70
1
 10
-75.0
 20
-75.0
 10
75.0
 20
-75.0
 10
75.0
 20
75.0
 10
-75.0
 20
75.0
  0
CIRCLE
  5
13C
330
138
100
AcDbEntity
  8
0
100
AcDbCircle
 10
0.0
 20
0.0
 30
0.0
 40
42.0
  0
ENDBLK
  5
13A
330
138
100
AcDbEntity
  8
0
100
AcDbBlockEnd
  0
BLOCK
  5
13E
330
13D
100
AcDbEntity
  8
0
100
AcDbBlockBegin
  2
M_SAYAC
 70
2
 10
0.0
 20
0.0
 30
0.0
  3
M_SAYAC
  1

  0
CIRCLE
  5
140
330
13D
100
AcDbEntity
  8
0
100
AcDbCircle
 10
0.0
 20
0.0
 30
0.0
 40
130.0
  0
LINE
  5
141
330
13D
100
AcDbEntity
  8
0
100
AcDbLine
 10
-130.0
 20
0.0
 30
0.0
 11
130.0
 21
0.0
 31
0.0
  0
ATTDEF
  5
142
330
13D
100
AcDbEntity
  8
0
100
AcDbText
 10
0.0
 20
200.0
 30
0.0
 40
120.0
  1

  7
GYM
100
AcDbAttributeDefinition
  3
Sayac / ana kesme
  2
KOD
 70
0
  0
ENDBLK
  5
13F
330
13D
100
AcDbEntity
  8
0
100
AcDbBlockEnd
  0
BLOCK
  5
144
330
143
100
AcDbEntity
  8
0
100
AcDbBlockBegin
  2
E_ARMATUR_LINEER
 70
2
 10
0.0
 20
0.0
 30
0.0
  3
E_ARMATUR_LINEER
  1

  0
LWPOLYLINE
  5
146
330
143
100
AcDbEntity
  8
0
100
AcDbPolyline
 90
4
 70
1
 10
-600.0
 20
-55.0
 10
600.0
 20
-55.0
 10
600.0
 20
55.0
 10
-600.0
 20
55.0
  0
LINE
  5
147
330
143
100
AcDbEntity
  8
0
100
AcDbLine
 10
-600.0
 20
0.0
 30
0.0
 11
600.0
 21
0.0
 31
0.0
  0
ATTDEF
  5
148
330
143
100
AcDbEntity
  8
0
100
AcDbText
 10
0.0
 20
185.0
 30
0.0
 40
105.0
  1

  7
GYM
100
AcDbAttributeDefinition
  3
Linye kodu
  2
LINYE
 70
0
  0
ENDBLK
  5
145
330
143
100
AcDbEntity
  8
0
100
AcDbBlockEnd
  0
BLOCK
  5
14A
330
149
100
AcDbEntity
  8
0
100
AcDbBlockBegin
  2
E_DOWNLIGHT
 70
2
 10
0.0
 20
0.0
 30
0.0
  3
E_DOWNLIGHT
  1

  0
CIRCLE
  5
14C
330
149
100
AcDbEntity
  8
0
100
AcDbCircle
 10
0.0
 20
0.0
 30
0.0
 40
90.0
  0
LINE
  5
14D
330
149
100
AcDbEntity
  8
0
100
AcDbLine
 10
-64.0
 20
-64.0
 30
0.0
 11
64.0
 21
64.0
 31
0.0
  0
LINE
  5
14E
330
149
100
AcDbEntity
  8
0
100
AcDbLine
 10
-64.0
 20
64.0
 30
0.0
 11
64.0
 21
-64.0
 31
0.0
  0
ATTDEF
  5
14F
330
149
100
AcDbEntity
  8
0
100
AcDbText
 10
0.0
 20
210.0
 30
0.0
 40
105.0
  1

  7
GYM
100
AcDbAttributeDefinition
  3
Linye kodu
  2
LINYE
 70
0
  0
ENDBLK
  5
14B
330
149
100
AcDbEntity
  8
0
100
AcDbBlockEnd
  0
BLOCK
  5
151
330
150
100
AcDbEntity
  8
0
100
AcDbBlockBegin
  2
E_ACIL
 70
2
 10
0.0
 20
0.0
 30
0.0
  3
E_ACIL
  1

  0
LWPOLYLINE
  5
153
330
150
100
AcDbEntity
  8
0
100
AcDbPolyline
 90
4
 70
1
 10
-100.0
 20
-100.0
 10
100.0
 20
-100.0
 10
100.0
 20
100.0
 10
-100.0
 20
100.0
  0
TEXT
  5
154
330
150
100
AcDbEntity
  8
0
100
AcDbText
 10
0.0
 20
0.0
 30
0.0
 40
110.0
  1
E
  7
GYM-B
 72
1
 11
0.0
 21
0.0
 31
0.0
100
AcDbText
 73
2
  0
ATTDEF
  5
155
330
150
100
AcDbEntity
  8
0
100
AcDbText
 10
0.0
 20
230.0
 30
0.0
 40
105.0
  1

  7
GYM
100
AcDbAttributeDefinition
  3
Armatur kodu
  2
KOD
 70
0
  0
ENDBLK
  5
152
330
150
100
AcDbEntity
  8
0
100
AcDbBlockEnd
  0
BLOCK
  5
157
330
156
100
AcDbEntity
  8
0
100
AcDbBlockBegin
  2
E_YONLENDIRME
 70
2
 10
0.0
 20
0.0
 30
0.0
  3
E_YONLENDIRME
  1

  0
LWPOLYLINE
  5
159
330
156
100
AcDbEntity
  8
0
100
AcDbPolyline
 90
4
 70
1
 10
-130.0
 20
-80.0
 10
130.0
 20
-80.0
 10
130.0
 20
80.0
 10
-130.0
 20
80.0
  0
LWPOLYLINE
  5
15A
330
156
100
AcDbEntity
  8
0
100
AcDbPolyline
 90
2
 70
0
 10
-70.0
 20
0.0
 10
30.0
 20
0.0
  0
LWPOLYLINE
  5
15B
330
156
100
AcDbEntity
  8
0
100
AcDbPolyline
 90
3
 70
1
 10
30.0
 20
45.0
 10
80.0
 20
0.0
 10
30.0
 20
-45.0
  0
ATTDEF
  5
15C
330
156
100
AcDbEntity
  8
0
100
AcDbText
 10
0.0
 20
205.0
 30
0.0
 40
105.0
  1

  7
GYM
100
AcDbAttributeDefinition
  3
Armatur kodu
  2
KOD
 70
0
  0
ENDBLK
  5
158
330
156
100
AcDbEntity
  8
0
100
AcDbBlockEnd
  0
BLOCK
  5
15E
330
15D
100
AcDbEntity
  8
0
100
AcDbBlockBegin
  2
E_PRIZ
 70
2
 10
0.0
 20
0.0
 30
0.0
  3
E_PRIZ
  1

  0
ARC
  5
160
330
15D
100
AcDbEntity
  8
0
100
AcDbCircle
 10
0.0
 20
0.0
 30
0.0
 40
95.0
100
AcDbArc
 50
0.0
 51
180.0
  0
LINE
  5
161
330
15D
100
AcDbEntity
  8
0
100
AcDbLine
 10
-95.0
 20
0.0
 30
0.0
 11
95.0
 21
0.0
 31
0.0
  0
LINE
  5
162
330
15D
100
AcDbEntity
  8
0
100
AcDbLine
 10
0.0
 20
0.0
 30
0.0
 11
0.0
 21
150.0
 31
0.0
  0
LINE
  5
163
330
15D
100
AcDbEntity
  8
0
100
AcDbLine
 10
-60.0
 20
150.0
 30
0.0
 11
60.0
 21
150.0
 31
0.0
  0
ATTDEF
  5
164
330
15D
100
AcDbEntity
  8
0
100
AcDbText
 10
195.0
 20
80.0
 30
0.0
 40
105.0
  1

  7
GYM
100
AcDbAttributeDefinition
  3
Priz kodu
  2
KOD
 70
0
  0
ATTDEF
  5
165
330
15D
100
AcDbEntity
  8
0
100
AcDbText
 10
195.0
 20
-80.0
 30
0.0
 40
105.0
  1

  7
GYM
100
AcDbAttributeDefinition
  3
Linye
  2
LINYE
 70
0
  0
ENDBLK
  5
15F
330
15D
100
AcDbEntity
  8
0
100
AcDbBlockEnd
  0
BLOCK
  5
167
330
166
100
AcDbEntity
  8
0
100
AcDbBlockBegin
  2
E_PRIZ_IP44
 70
2
 10
0.0
 20
0.0
 30
0.0
  3
E_PRIZ_IP44
  1

  0
ARC
  5
169
330
166
100
AcDbEntity
  8
0
100
AcDbCircle
 10
0.0
 20
0.0
 30
0.0
 40
95.0
100
AcDbArc
 50
0.0
 51
180.0
  0
LINE
  5
16A
330
166
100
AcDbEntity
  8
0
100
AcDbLine
 10
-95.0
 20
0.0
 30
0.0
 11
95.0
 21
0.0
 31
0.0
  0
LINE
  5
16B
330
166
100
AcDbEntity
  8
0
100
AcDbLine
 10
0.0
 20
0.0
 30
0.0
 11
0.0
 21
150.0
 31
0.0
  0
LINE
  5
16C
330
166
100
AcDbEntity
  8
0
100
AcDbLine
 10
-60.0
 20
150.0
 30
0.0
 11
60.0
 21
150.0
 31
0.0
  0
TEXT
  5
16D
330
166
100
AcDbEntity
  8
0
100
AcDbText
 10
0.0
 20
-120.0
 30
0.0
 40
70.0
  1
IP44
  7
GYM
 72
1
 11
0.0
 21
-120.0
 31
0.0
100
AcDbText
 73
2
  0
ATTDEF
  5
16E
330
166
100
AcDbEntity
  8
0
100
AcDbText
 10
205.0
 20
80.0
 30
0.0
 40
105.0
  1

  7
GYM
100
AcDbAttributeDefinition
  3
Priz kodu
  2
KOD
 70
0
  0
ENDBLK
  5
168
330
166
100
AcDbEntity
  8
0
100
AcDbBlockEnd
  0
BLOCK
  5
170
330
16F
100
AcDbEntity
  8
0
100
AcDbBlockBegin
  2
E_ANAHTAR
 70
2
 10
0.0
 20
0.0
 30
0.0
  3
E_ANAHTAR
  1

  0
CIRCLE
  5
172
330
16F
100
AcDbEntity
  8
0
100
AcDbCircle
 10
0.0
 20
0.0
 30
0.0
 40
60.0
  0
LINE
  5
173
330
16F
100
AcDbEntity
  8
0
100
AcDbLine
 10
0.0
 20
0.0
 30
0.0
 11
130.0
 21
110.0
 31
0.0
  0
ATTDEF
  5
174
330
16F
100
AcDbEntity
  8
0
100
AcDbText
 10
0.0
 20
240.0
 30
0.0
 40
105.0
  1

  7
GYM
100
AcDbAttributeDefinition
  3
Anahtar kodu
  2
KOD
 70
0
  0
ENDBLK
  5
171
330
16F
100
AcDbEntity
  8
0
100
AcDbBlockEnd
  0
BLOCK
  5
176
330
175
100
AcDbEntity
  8
0
100
AcDbBlockBegin
  2
E_SENSOR
 70
2
 10
0.0
 20
0.0
 30
0.0
  3
E_SENSOR
  1

  0
CIRCLE
  5
178
330
175
100
AcDbEntity
  8
0
100
AcDbCircle
 10
0.0
 20
0.0
 30
0.0
 40
95.0
  0
TEXT
  5
179
330
175
100
AcDbEntity
  8
0
100
AcDbText
 10
0.0
 20
0.0
 30
0.0
 40
100.0
  1
S
  7
GYM-B
 72
1
 11
0.0
 21
0.0
 31
0.0
100
AcDbText
 73
2
  0
ATTDEF
  5
17A
330
175
100
AcDbEntity
  8
0
100
AcDbText
 10
0.0
 20
230.0
 30
0.0
 40
105.0
  1

  7
GYM
100
AcDbAttributeDefinition
  3
Sensor kodu
  2
KOD
 70
0
  0
ENDBLK
  5
177
330
175
100
AcDbEntity
  8
0
100
AcDbBlockEnd
  0
BLOCK
  5
17C
330
17B
100
AcDbEntity
  8
0
100
AcDbBlockBegin
  2
E_KAMERA
 70
2
 10
0.0
 20
0.0
 30
0.0
  3
E_KAMERA
  1

  0
LWPOLYLINE
  5
17E
330
17B
100
AcDbEntity
  8
0
100
AcDbPolyline
 90
3
 70
1
 10
-110.0
 20
-85.0
 10
110.0
 20
0.0
 10
-110.0
 20
85.0
  0
ATTDEF
  5
17F
330
17B
100
AcDbEntity
  8
0
100
AcDbText
 10
0.0
 20
210.0
 30
0.0
 40
105.0
  1

  7
GYM
100
AcDbAttributeDefinition
  3
Kamera kodu
  2
KOD
 70
0
  0
ENDBLK
  5
17D
330
17B
100
AcDbEntity
  8
0
100
AcDbBlockEnd
  0
BLOCK
  5
181
330
180
100
AcDbEntity
  8
0
100
AcDbBlockBegin
  2
E_HOPARLOR
 70
2
 10
0.0
 20
0.0
 30
0.0
  3
E_HOPARLOR
  1

  0
CIRCLE
  5
183
330
180
100
AcDbEntity
  8
0
100
AcDbCircle
 10
0.0
 20
0.0
 30
0.0
 40
95.0
  0
ARC
  5
184
330
180
100
AcDbEntity
  8
0
100
AcDbCircle
 10
0.0
 20
0.0
 30
0.0
 40
150.0
100
AcDbArc
 50
-45.0
 51
45.0
  0
ARC
  5
185
330
180
100
AcDbEntity
  8
0
100
AcDbCircle
 10
0.0
 20
0.0
 30
0.0
 40
200.0
100
AcDbArc
 50
-35.0
 51
35.0
  0
ATTDEF
  5
186
330
180
100
AcDbEntity
  8
0
100
AcDbText
 10
0.0
 20
330.0
 30
0.0
 40
105.0
  1

  7
GYM
100
AcDbAttributeDefinition
  3
Hoparlor kodu
  2
KOD
 70
0
  0
ENDBLK
  5
182
330
180
100
AcDbEntity
  8
0
100
AcDbBlockEnd
  0
BLOCK
  5
188
330
187
100
AcDbEntity
  8
0
100
AcDbBlockBegin
  2
E_VERI
 70
2
 10
0.0
 20
0.0
 30
0.0
  3
E_VERI
  1

  0
LWPOLYLINE
  5
18A
330
187
100
AcDbEntity
  8
0
100
AcDbPolyline
 90
4
 70
1
 10
-95.0
 20
-95.0
 10
95.0
 20
-95.0
 10
95.0
 20
95.0
 10
-95.0
 20
95.0
  0
TEXT
  5
18B
330
187
100
AcDbEntity
  8
0
100
AcDbText
 10
0.0
 20
0.0
 30
0.0
 40
105.0
  1
D
  7
GYM-B
 72
1
 11
0.0
 21
0.0
 31
0.0
100
AcDbText
 73
2
  0
ATTDEF
  5
18C
330
187
100
AcDbEntity
  8
0
100
AcDbText
 10
0.0
 20
230.0
 30
0.0
 40
105.0
  1

  7
GYM
100
AcDbAttributeDefinition
  3
Veri kodu
  2
KOD
 70
0
  0
ENDBLK
  5
189
330
187
100
AcDbEntity
  8
0
100
AcDbBlockEnd
  0
BLOCK
  5
18E
330
18D
100
AcDbEntity
  8
0
100
AcDbBlockBegin
  2
E_DEDEKTOR
 70
2
 10
0.0
 20
0.0
 30
0.0
  3
E_DEDEKTOR
  1

  0
CIRCLE
  5
190
330
18D
100
AcDbEntity
  8
0
100
AcDbCircle
 10
0.0
 20
0.0
 30
0.0
 40
110.0
  0
CIRCLE
  5
191
330
18D
100
AcDbEntity
  8
0
100
AcDbCircle
 10
0.0
 20
0.0
 30
0.0
 40
40.0
  0
ATTDEF
  5
192
330
18D
100
AcDbEntity
  8
0
100
AcDbText
 10
0.0
 20
240.0
 30
0.0
 40
105.0
  1

  7
GYM
100
AcDbAttributeDefinition
  3
Dedektor kodu
  2
KOD
 70
0
  0
ENDBLK
  5
18F
330
18D
100
AcDbEntity
  8
0
100
AcDbBlockEnd
  0
BLOCK
  5
194
330
193
100
AcDbEntity
  8
0
100
AcDbBlockBegin
  2
E_YANGIN_BUTON
 70
2
 10
0.0
 20
0.0
 30
0.0
  3
E_YANGIN_BUTON
  1

  0
LWPOLYLINE
  5
196
330
193
100
AcDbEntity
  8
0
100
AcDbPolyline
 90
4
 70
1
 10
-95.0
 20
-95.0
 10
95.0
 20
-95.0
 10
95.0
 20
95.0
 10
-95.0
 20
95.0
  0
TEXT
  5
197
330
193
100
AcDbEntity
  8
0
100
AcDbText
 10
0.0
 20
0.0
 30
0.0
 40
105.0
  1
Y
  7
GYM-B
 72
1
 11
0.0
 21
0.0
 31
0.0
100
AcDbText
 73
2
  0
ATTDEF
  5
198
330
193
100
AcDbEntity
  8
0
100
AcDbText
 10
0.0
 20
230.0
 30
0.0
 40
105.0
  1

  7
GYM
100
AcDbAttributeDefinition
  3
Buton kodu
  2
KOD
 70
0
  0
ENDBLK
  5
195
330
193
100
AcDbEntity
  8
0
100
AcDbBlockEnd
  0
BLOCK
  5
19A
330
199
100
AcDbEntity
  8
0
100
AcDbBlockBegin
  2
E_PANO
 70
2
 10
0.0
 20
0.0
 30
0.0
  3
E_PANO
  1

  0
LWPOLYLINE
  5
19C
330
199
100
AcDbEntity
  8
0
100
AcDbPolyline
 90
4
 70
1
 10
-420.0
 20
-280.0
 10
420.0
 20
-280.0
 10
420.0
 20
280.0
 10
-420.0
 20
280.0
  0
LINE
  5
19D
330
199
100
AcDbEntity
  8
0
100
AcDbLine
 10
-330.0
 20
-280.0
 30
0.0
 11
-330.0
 21
280.0
 31
0.0
  0
LINE
  5
19E
330
199
100
AcDbEntity
  8
0
100
AcDbLine
 10
-220.0
 20
-280.0
 30
0.0
 11
-220.0
 21
280.0
 31
0.0
  0
LINE
  5
19F
330
199
100
AcDbEntity
  8
0
100
AcDbLine
 10
-110.0
 20
-280.0
 30
0.0
 11
-110.0
 21
280.0
 31
0.0
  0
LINE
  5
1A0
330
199
100
AcDbEntity
  8
0
100
AcDbLine
 10
0.0
 20
-280.0
 30
0.0
 11
0.0
 21
280.0
 31
0.0
  0
LINE
  5
1A1
330
199
100
AcDbEntity
  8
0
100
AcDbLine
 10
110.0
 20
-280.0
 30
0.0
 11
110.0
 21
280.0
 31
0.0
  0
LINE
  5
1A2
330
199
100
AcDbEntity
  8
0
100
AcDbLine
 10
220.0
 20
-280.0
 30
0.0
 11
220.0
 21
280.0
 31
0.0
  0
LINE
  5
1A3
330
199
100
AcDbEntity
  8
0
100
AcDbLine
 10
330.0
 20
-280.0
 30
0.0
 11
330.0
 21
280.0
 31
0.0
  0
ATTDEF
  5
1A4
330
199
100
AcDbEntity
  8
0
100
AcDbText
 10
0.0
 20
380.0
 30
0.0
 40
120.0
  1

  7
GYM
100
AcDbAttributeDefinition
  3
Pano kodu
  2
KOD
 70
0
  0
ATTDEF
  5
1A5
330
199
100
AcDbEntity
  8
0
100
AcDbText
 10
0.0
 20
-470.0
 30
0.0
 40
105.0
  1

  7
GYM
100
AcDbAttributeDefinition
  3
Pano tanimi
  2
TANIM
 70
0
  0
ENDBLK
  5
19B
330
199
100
AcDbEntity
  8
0
100
AcDbBlockEnd
  0
BLOCK
  5
1A7
330
1A6
100
AcDbEntity
  8
0
100
AcDbBlockBegin
  2
G_KUZEY
 70
0
 10
0.0
 20
0.0
 30
0.0
  3
G_KUZEY
  1

  0
CIRCLE
  5
1A9
330
1A6
100
AcDbEntity
  8
0
100
AcDbCircle
 10
0.0
 20
0.0
 30
0.0
 40
700.0
  0
LWPOLYLINE
  5
1AA
330
1A6
100
AcDbEntity
  8
0
100
AcDbPolyline
 90
4
 70
1
 10
0.0
 20
560.0
 10
-230.0
 20
-330.0
 10
0.0
 20
-140.0
 10
230.0
 20
-330.0
  0
TEXT
  5
1AB
330
1A6
100
AcDbEntity
  8
0
100
AcDbText
 10
0.0
 20
-960.0
 30
0.0
 40
260.0
  1
K
  7
GYM-B
 72
1
 11
0.0
 21
-960.0
 31
0.0
100
AcDbText
 73
2
  0
ENDBLK
  5
1A8
330
1A6
100
AcDbEntity
  8
0
100
AcDbBlockEnd
  0
BLOCK
  5
1AD
330
1AC
100
AcDbEntity
  8
0
100
AcDbBlockBegin
  2
ANTET_A3
 70
2
 10
0.0
 20
0.0
 30
0.0
  3
ANTET_A3
  1

  0
LWPOLYLINE
  5
1AF
330
1AC
100
AcDbEntity
  8
0
100
AcDbPolyline
 90
4
 70
1
 10
0.0
 20
0.0
 10
170.0
 20
0.0
 10
170.0
 20
92.0
 10
0.0
 20
92.0
  0
LINE
  5
1B0
330
1AC
100
AcDbEntity
  8
0
100
AcDbLine
 10
0.0
 20
12.0
 30
0.0
 11
170.0
 21
12.0
 31
0.0
  0
LINE
  5
1B1
330
1AC
100
AcDbEntity
  8
0
100
AcDbLine
 10
0.0
 20
24.0
 30
0.0
 11
170.0
 21
24.0
 31
0.0
  0
LINE
  5
1B2
330
1AC
100
AcDbEntity
  8
0
100
AcDbLine
 10
0.0
 20
36.0
 30
0.0
 11
170.0
 21
36.0
 31
0.0
  0
LINE
  5
1B3
330
1AC
100
AcDbEntity
  8
0
100
AcDbLine
 10
0.0
 20
48.0
 30
0.0
 11
170.0
 21
48.0
 31
0.0
  0
LINE
  5
1B4
330
1AC
100
AcDbEntity
  8
0
100
AcDbLine
 10
0.0
 20
62.0
 30
0.0
 11
170.0
 21
62.0
 31
0.0
  0
LINE
  5
1B5
330
1AC
100
AcDbEntity
  8
0
100
AcDbLine
 10
0.0
 20
74.0
 30
0.0
 11
170.0
 21
74.0
 31
0.0
  0
LINE
  5
1B6
330
1AC
100
AcDbEntity
  8
0
100
AcDbLine
 10
52.0
 20
0.0
 30
0.0
 11
52.0
 21
62.0
 31
0.0
  0
TEXT
  5
1B7
330
1AC
100
AcDbEntity
  8
0
100
AcDbText
 10
2.0
 20
87.5
 30
0.0
 40
2.2
  1
PROJE
  7
GYM
 11
2.0
 21
87.5
 31
0.0
100
AcDbText
 73
2
  0
TEXT
  5
1B8
330
1AC
100
AcDbEntity
  8
0
100
AcDbText
 10
2.0
 20
70.5
 30
0.0
 40
2.2
  1
DİSİPLİN
  7
GYM
 11
2.0
 21
70.5
 31
0.0
100
AcDbText
 73
2
  0
TEXT
  5
1B9
330
1AC
100
AcDbEntity
  8
0
100
AcDbText
 10
2.0
 20
58.5
 30
0.0
 40
2.2
  1
PAFTA ADI
  7
GYM
 11
2.0
 21
58.5
 31
0.0
100
AcDbText
 73
2
  0
TEXT
  5
1BA
330
1AC
100
AcDbEntity
  8
0
100
AcDbText
 10
2.0
 20
46.5
 30
0.0
 40
2.2
  1
PAFTA NO
  7
GYM
 11
2.0
 21
46.5
 31
0.0
100
AcDbText
 73
2
  0
TEXT
  5
1BB
330
1AC
100
AcDbEntity
  8
0
100
AcDbText
 10
54.0
 20
46.5
 30
0.0
 40
2.2
  1
ÖLÇEK
  7
GYM
 11
54.0
 21
46.5
 31
0.0
100
AcDbText
 73
2
  0
TEXT
  5
1BC
330
1AC
100
AcDbEntity
  8
0
100
AcDbText
 10
2.0
 20
34.5
 30
0.0
 40
2.2
  1
TARİH
  7
GYM
 11
2.0
 21
34.5
 31
0.0
100
AcDbText
 73
2
  0
TEXT
  5
1BD
330
1AC
100
AcDbEntity
  8
0
100
AcDbText
 10
54.0
 20
34.5
 30
0.0
 40
2.2
  1
REVİZYON
  7
GYM
 11
54.0
 21
34.5
 31
0.0
100
AcDbText
 73
2
  0
TEXT
  5
1BE
330
1AC
100
AcDbEntity
  8
0
100
AcDbText
 10
2.0
 20
22.5
 30
0.0
 40
2.2
  1
BİRİM
  7
GYM
 11
2.0
 21
22.5
 31
0.0
100
AcDbText
 73
2
  0
TEXT
  5
1BF
330
1AC
100
AcDbEntity
  8
0
100
AcDbText
 10
54.0
 20
22.5
 30
0.0
 40
2.2
  1
DURUM
  7
GYM
 11
54.0
 21
22.5
 31
0.0
100
AcDbText
 73
2
  0
ATTDEF
  5
1C0
330
1AC
100
AcDbEntity
  8
0
100
AcDbText
 10
2.0
 20
79.0
 30
0.0
 40
3.2
  1

  7
GYM-B
100
AcDbAttributeDefinition
  3
Proje adi
  2
PROJE
 70
0
  0
ATTDEF
  5
1C1
330
1AC
100
AcDbEntity
  8
0
100
AcDbText
 10
2.0
 20
65.5
 30
0.0
 40
3.4
  1

  7
GYM-B
100
AcDbAttributeDefinition
  3
Disiplin
  2
DISIPLIN
 70
0
  0
ATTDEF
  5
1C2
330
1AC
100
AcDbEntity
  8
0
100
AcDbText
 10
2.0
 20
53.5
 30
0.0
 40
3.4
  1

  7
GYM-B
100
AcDbAttributeDefinition
  3
Pafta adi
  2
PAFTA_ADI
 70
0
  0
ATTDEF
  5
1C3
330
1AC
100
AcDbEntity
  8
0
100
AcDbText
 10
2.0
 20
41.0
 30
0.0
 40
3.6
  1

  7
GYM-B
100
AcDbAttributeDefinition
  3
Pafta no
  2
PAFTA_NO
 70
0
  0
ATTDEF
  5
1C4
330
1AC
100
AcDbEntity
  8
0
100
AcDbText
 10
54.0
 20
41.5
 30
0.0
 40
3.4
  1

  7
GYM-B
100
AcDbAttributeDefinition
  3
Olcek
  2
OLCEK
 70
0
  0
ATTDEF
  5
1C5
330
1AC
100
AcDbEntity
  8
0
100
AcDbText
 10
2.0
 20
29.5
 30
0.0
 40
3.0
  1

  7
GYM
100
AcDbAttributeDefinition
  3
Tarih
  2
TARIH
 70
0
  0
ATTDEF
  5
1C6
330
1AC
100
AcDbEntity
  8
0
100
AcDbText
 10
54.0
 20
29.5
 30
0.0
 40
3.0
  1

  7
GYM
100
AcDbAttributeDefinition
  3
Revizyon
  2
REV
 70
0
  0
ATTDEF
  5
1C7
330
1AC
100
AcDbEntity
  8
0
100
AcDbText
 10
2.0
 20
17.5
 30
0.0
 40
3.0
  1

  7
GYM
100
AcDbAttributeDefinition
  3
Birim
  2
BIRIM
 70
0
  0
ATTDEF
  5
1C8
330
1AC
100
AcDbEntity
  8
0
100
AcDbText
 10
54.0
 20
17.5
 30
0.0
 40
3.0
  1

  7
GYM
100
AcDbAttributeDefinition
  3
Durum
  2
DURUM
 70
0
  0
ATTDEF
  5
1C9
330
1AC
100
AcDbEntity
  8
0
100
AcDbText
 10
2.0
 20
6.0
 30
0.0
 40
2.2
  1

  7
GYM
100
AcDbAttributeDefinition
  3
Alt not
  2
NOT
 70
0
  0
ENDBLK
  5
1AE
330
1AC
100
AcDbEntity
  8
0
100
AcDbBlockEnd
  0
BLOCK
  5
237
330
236
100
AcDbEntity
  8
0
100
AcDbBlockBegin
  2
*D1
 70
1
 10
0.0
 20
0.0
 30
0.0
  3
*D1
  1

  0
LINE
  5
239
330
236
100
AcDbEntity
  8
0
 62
7
370
13
100
AcDbLine
 10
3240.0
 20
-75.0
 30
0.0
 11
3240.0
 21
-1162.5
 31
0.0
  0
LINE
  5
23A
330
236
100
AcDbEntity
  8
0
 62
7
370
13
100
AcDbLine
 10
8920.0
 20
-75.0
 30
0.0
 11
8920.0
 21
-1162.5
 31
0.0
  0
INSERT
  5
23B
330
236
100
AcDbEntity
  8
G-OLCU
 62
7
100
AcDbBlockReference
  2
_ARCHTICK
 10
3240.0
 20
-1100.0
 30
0.0
 41
125.0
 42
125.0
 50
180.0
  0
INSERT
  5
23D
330
236
100
AcDbEntity
  8
G-OLCU
 62
7
100
AcDbBlockReference
  2
_ARCHTICK
 10
8920.0
 20
-1100.0
 30
0.0
 41
125.0
 42
125.0
  0
LINE
  5
23F
330
236
100
AcDbEntity
  8
0
 62
7
370
18
100
AcDbLine
 10
3240.0
 20
-1100.0
 30
0.0
 11
8920.0
 21
-1100.0
 31
0.0
  0
MTEXT
  5
240
330
236
100
AcDbEntity
  8
G-OLCU
 62
7
100
AcDbMText
 10
6080.0
 20
-992.5
 30
0.0
 40
125.0
 71
5
  1
5680
  7
GYM
  0
POINT
  5
241
330
236
100
AcDbEntity
  8
Defpoints
100
AcDbPoint
 10
3240.0
 20
-1100.0
 30
0.0
  0
POINT
  5
242
330
236
100
AcDbEntity
  8
Defpoints
100
AcDbPoint
 10
3240.0
 20
0.0
 30
0.0
  0
POINT
  5
243
330
236
100
AcDbEntity
  8
Defpoints
100
AcDbPoint
 10
8920.0
 20
0.0
 30
0.0
  0
ENDBLK
  5
238
330
236
100
AcDbEntity
  8
0
100
AcDbBlockEnd
  0
BLOCK
  5
246
330
245
100
AcDbEntity
  8
0
100
AcDbBlockBegin
  2
*D2
 70
1
 10
0.0
 20
0.0
 30
0.0
  3
*D2
  1

  0
LINE
  5
248
330
245
100
AcDbEntity
  8
0
 62
7
370
13
100
AcDbLine
 10
-75.0
 20
6840.0
 30
0.0
 11
-872.5
 21
6840.0
 31
0.0
  0
LINE
  5
249
330
245
100
AcDbEntity
  8
0
 62
7
370
13
100
AcDbLine
 10
505.0
 20
1250.0
 30
0.0
 11
-872.5
 21
1250.0
 31
0.0
  0
INSERT
  5
24A
330
245
100
AcDbEntity
  8
G-OLCU
 62
7
100
AcDbBlockReference
  2
_ARCHTICK
 10
-810.0
 20
6840.0
 30
0.0
 41
125.0
 42
125.0
 50
270.0
  0
INSERT
  5
24C
330
245
100
AcDbEntity
  8
G-OLCU
 62
7
100
AcDbBlockReference
  2
_ARCHTICK
 10
-810.0
 20
1250.0
 30
0.0
 41
125.0
 42
125.0
 50
90.0
  0
LINE
  5
24E
330
245
100
AcDbEntity
  8
0
 62
7
370
18
100
AcDbLine
 10
-810.0
 20
6840.0
 30
0.0
 11
-810.0
 21
1250.0
 31
0.0
  0
MTEXT
  5
24F
330
245
100
AcDbEntity
  8
G-OLCU
 62
7
100
AcDbMText
 10
-702.5
 20
4045.0
 30
0.0
 40
125.0
 71
5
  1
5590
  7
GYM
 50
90.0
  0
POINT
  5
250
330
245
100
AcDbEntity
  8
Defpoints
100
AcDbPoint
 10
-810.0
 20
6840.0
 30
0.0
  0
POINT
  5
251
330
245
100
AcDbEntity
  8
Defpoints
100
AcDbPoint
 10
0.0
 20
6840.0
 30
0.0
  0
POINT
  5
252
330
245
100
AcDbEntity
  8
Defpoints
100
AcDbPoint
 10
580.0
 20
1250.0
 30
0.0
  0
ENDBLK
  5
247
330
245
100
AcDbEntity
  8
0
100
AcDbBlockEnd
  0
BLOCK
  5
255
330
254
100
AcDbEntity
  8
0
100
AcDbBlockBegin
  2
*D3
 70
1
 10
0.0
 20
0.0
 30
0.0
  3
*D3
  1

  0
LINE
  5
257
330
254
100
AcDbEntity
  8
0
 62
7
370
13
100
AcDbLine
 10
11635.0
 20
1100.0
 30
0.0
 11
12447.5
 21
1100.0
 31
0.0
  0
LINE
  5
258
330
254
100
AcDbEntity
  8
0
 62
7
370
13
100
AcDbLine
 10
11085.0
 20
4960.0
 30
0.0
 11
12447.5
 21
4960.0
 31
0.0
  0
INSERT
  5
259
330
254
100
AcDbEntity
  8
G-OLCU
 62
7
100
AcDbBlockReference
  2
_ARCHTICK
 10
12385.0
 20
1100.0
 30
0.0
 41
125.0
 42
125.0
 50
270.0
  0
INSERT
  5
25B
330
254
100
AcDbEntity
  8
G-OLCU
 62
7
100
AcDbBlockReference
  2
_ARCHTICK
 10
12385.0
 20
4960.0
 30
0.0
 41
125.0
 42
125.0
 50
90.0
  0
LINE
  5
25D
330
254
100
AcDbEntity
  8
0
 62
7
370
18
100
AcDbLine
 10
12385.0
 20
1100.0
 30
0.0
 11
12385.0
 21
4960.0
 31
0.0
  0
MTEXT
  5
25E
330
254
100
AcDbEntity
  8
G-OLCU
 62
7
100
AcDbMText
 10
12277.5
 20
3030.0
 30
0.0
 40
125.0
 71
5
  1
3860
  7
GYM
 50
90.0
  0
POINT
  5
25F
330
254
100
AcDbEntity
  8
Defpoints
100
AcDbPoint
 10
12385.0
 20
1100.0
 30
0.0
  0
POINT
  5
260
330
254
100
AcDbEntity
  8
Defpoints
100
AcDbPoint
 10
11560.0
 20
1100.0
 30
0.0
  0
POINT
  5
261
330
254
100
AcDbEntity
  8
Defpoints
100
AcDbPoint
 10
11010.0
 20
4960.0
 30
0.0
  0
ENDBLK
  5
256
330
254
100
AcDbEntity
  8
0
100
AcDbBlockEnd
  0
BLOCK
  5
264
330
263
100
AcDbEntity
  8
0
100
AcDbBlockBegin
  2
*D4
 70
1
 10
0.0
 20
0.0
 30
0.0
  3
*D4
  1

  0
LINE
  5
266
330
263
100
AcDbEntity
  8
0
 62
7
370
13
100
AcDbLine
 10
10545.0
 20
8750.0
 30
0.0
 11
11897.499999999998
 21
8750.0
 31
0.0
  0
LINE
  5
267
330
263
100
AcDbEntity
  8
0
 62
7
370
13
100
AcDbLine
 10
11075.0
 20
5080.0
 30
0.0
 11
11897.499999999998
 21
5080.0
 31
0.0
  0
INSERT
  5
268
330
263
100
AcDbEntity
  8
G-OLCU
 62
7
100
AcDbBlockReference
  2
_ARCHTICK
 10
11834.999999999998
 20
8750.0
 30
0.0
 41
125.0
 42
125.0
 50
270.0
  0
INSERT
  5
26A
330
263
100
AcDbEntity
  8
G-OLCU
 62
7
100
AcDbBlockReference
  2
_ARCHTICK
 10
11834.999999999998
 20
5080.0
 30
0.0
 41
125.0
 42
125.0
 50
90.0
  0
LINE
  5
26C
330
263
100
AcDbEntity
  8
0
 62
7
370
18
100
AcDbLine
 10
11834.999999999998
 20
8750.0
 30
0.0
 11
11834.999999999998
 21
5080.0
 31
0.0
  0
MTEXT
  5
26D
330
263
100
AcDbEntity
  8
G-OLCU
 62
7
100
AcDbMText
 10
11942.499999999998
 20
6915.0
 30
0.0
 40
125.0
 71
5
  1
3670
  7
GYM
 50
90.0
  0
POINT
  5
26E
330
263
100
AcDbEntity
  8
Defpoints
100
AcDbPoint
 10
11834.999999999998
 20
8750.0
 30
0.0
  0
POINT
  5
26F
330
263
100
AcDbEntity
  8
Defpoints
100
AcDbPoint
 10
10470.0
 20
8750.0
 30
0.0
  0
POINT
  5
270
330
263
100
AcDbEntity
  8
Defpoints
100
AcDbPoint
 10
11000.0
 20
5080.0
 30
0.0
  0
ENDBLK
  5
265
330
263
100
AcDbEntity
  8
0
100
AcDbBlockEnd
  0
BLOCK
  5
273
330
272
100
AcDbEntity
  8
0
100
AcDbBlockBegin
  2
*D5
 70
1
 10
0.0
 20
0.0
 30
0.0
  3
*D5
  1

  0
LINE
  5
275
330
272
100
AcDbEntity
  8
0
 62
7
370
13
100
AcDbLine
 10
5840.0
 20
12575.0
 30
0.0
 11
5840.0
 21
13907.5
 31
0.0
  0
LINE
  5
276
330
272
100
AcDbEntity
  8
0
 62
7
370
13
100
AcDbLine
 10
9890.0
 20
13065.0
 30
0.0
 11
9890.0
 21
13907.5
 31
0.0
  0
INSERT
  5
277
330
272
100
AcDbEntity
  8
G-OLCU
 62
7
100
AcDbBlockReference
  2
_ARCHTICK
 10
5840.0
 20
13845.0
 30
0.0
 41
125.0
 42
125.0
 50
180.0
  0
INSERT
  5
279
330
272
100
AcDbEntity
  8
G-OLCU
 62
7
100
AcDbBlockReference
  2
_ARCHTICK
 10
9890.0
 20
13845.0
 30
0.0
 41
125.0
 42
125.0
  0
LINE
  5
27B
330
272
100
AcDbEntity
  8
0
 62
7
370
18
100
AcDbLine
 10
5840.0
 20
13845.0
 30
0.0
 11
9890.0
 21
13845.0
 31
0.0
  0
MTEXT
  5
27C
330
272
100
AcDbEntity
  8
G-OLCU
 62
7
100
AcDbMText
 10
7865.0
 20
13952.5
 30
0.0
 40
125.0
 71
5
  1
4050
  7
GYM
  0
POINT
  5
27D
330
272
100
AcDbEntity
  8
Defpoints
100
AcDbPoint
 10
5840.0
 20
13845.0
 30
0.0
  0
POINT
  5
27E
330
272
100
AcDbEntity
  8
Defpoints
100
AcDbPoint
 10
5840.0
 20
12500.0
 30
0.0
  0
POINT
  5
27F
330
272
100
AcDbEntity
  8
Defpoints
100
AcDbPoint
 10
9890.0
 20
12990.0
 30
0.0
  0
ENDBLK
  5
274
330
272
100
AcDbEntity
  8
0
100
AcDbBlockEnd
  0
BLOCK
  5
282
330
281
100
AcDbEntity
  8
0
100
AcDbBlockBegin
  2
*D6
 70
1
 10
0.0
 20
0.0
 30
0.0
  3
*D6
  1

  0
LINE
  5
284
330
281
100
AcDbEntity
  8
0
100
AcDbLine
 10
1167.1205750270028
 20
-2201.0948672885556
 30
0.0
 11
1229.7832637342722
 21
-2646.9630652394476
 31
0.0
  0
LINE
  5
285
330
281
100
AcDbEntity
  8
0
100
AcDbLine
 10
7802.56643791031
 20
-1268.5437670964056
 30
0.0
 11
7865.22912661758
 21
-1714.4119650472976
 31
0.0
  0
INSERT
  5
286
330
281
100
AcDbEntity
  8
G-OLCU-ZINCIR
100
AcDbBlockReference
  2
_ARCHTICK
 10
1229.731073821412
 20
-2646.5917147136697
 30
0.0
 41
0.175
 42
0.175
 50
188.0
  0
INSERT
  5
288
330
281
100
AcDbEntity
  8
G-OLCU-ZINCIR
100
AcDbBlockReference
  2
_ARCHTICK
 10
7865.17693670472
 20
-1714.0406145215195
 30
0.0
 41
0.175
 42
0.175
 50
8.0
  0
LINE
  5
28A
330
281
100
AcDbEntity
  8
0
100
AcDbLine
 10
1229.731073821412
 20
-2646.5917147136697
 30
0.0
 11
7865.17693670472
 21
-1714.0406145215195
 31
0.0
  0
MTEXT
  5
28B
330
281
100
AcDbEntity
  8
G-OLCU-ZINCIR
100
AcDbMText
 10
4547.422691315351
 20
-2180.093354302128
 30
0.0
 40
0.25
 71
5
  1
670065.62
  7
OpenSansCondensed-Light
 50
8.0
  0
POINT
  5
28C
330
281
100
AcDbEntity
  8
Defpoints
100
AcDbPoint
 10
1229.731073821412
 20
-2646.5917147136697
 30
0.0
  0
POINT
  5
28D
330
281
100
AcDbEntity
  8
Defpoints
100
AcDbPoint
 10
1167.1031783893827
 20
-2200.971083779963
 30
0.0
  0
POINT
  5
28E
330
281
100
AcDbEntity
  8
Defpoints
100
AcDbPoint
 10
7802.54904127269
 20
-1268.419983587813
 30
0.0
  0
ENDBLK
  5
283
330
281
100
AcDbEntity
  8
0
100
AcDbBlockEnd
  0
BLOCK
  5
291
330
290
100
AcDbEntity
  8
0
100
AcDbBlockBegin
  2
*D7
 70
1
 10
0.0
 20
0.0
 30
0.0
  3
*D7
  1

  0
LINE
  5
293
330
290
100
AcDbEntity
  8
0
100
AcDbLine
 10
7802.56643791031
 20
-1268.5437670964056
 30
0.0
 11
7865.22912661758
 21
-1714.4119650472978
 31
0.0
  0
LINE
  5
294
330
290
100
AcDbEntity
  8
0
100
AcDbLine
 10
9654.93229092879
 20
-1008.2107239389812
 30
0.0
 11
9717.59497963606
 21
-1454.078921889873
 31
0.0
  0
INSERT
  5
295
330
290
100
AcDbEntity
  8
G-OLCU-ZINCIR
100
AcDbBlockReference
  2
_ARCHTICK
 10
7865.17693670472
 20
-1714.0406145215197
 30
0.0
 41
0.175
 42
0.175
 50
188.0
  0
INSERT
  5
297
330
290
100
AcDbEntity
  8
G-OLCU-ZINCIR
100
AcDbBlockReference
  2
_ARCHTICK
 10
9717.5427897232
 20
-1453.707571364095
 30
0.0
 41
0.175
 42
0.175
 50
8.000000000000007
  0
LINE
  5
299
330
290
100
AcDbEntity
  8
0
100
AcDbLine
 10
7865.17693670472
 20
-1714.0406145215197
 30
0.0
 11
9717.5427897232
 21
-1453.707571364095
 31
0.0
  0
MTEXT
  5
29A
330
290
100
AcDbEntity
  8
G-OLCU-ZINCIR
100
AcDbMText
 10
8791.328549266243
 20
-1583.6512826273404
 30
0.0
 40
0.25
 71
5
  1
187057.01
  7
OpenSansCondensed-Light
 50
8.000000000000007
  0
POINT
  5
29B
330
290
100
AcDbEntity
  8
Defpoints
100
AcDbPoint
 10
7865.17693670472
 20
-1714.0406145215197
 30
0.0
  0
POINT
  5
29C
330
290
100
AcDbEntity
  8
Defpoints
100
AcDbPoint
 10
7802.54904127269
 20
-1268.419983587813
 30
0.0
  0
POINT
  5
29D
330
290
100
AcDbEntity
  8
Defpoints
100
AcDbPoint
 10
9654.914894291169
 20
-1008.0869404303885
 30
0.0
  0
ENDBLK
  5
292
330
290
100
AcDbEntity
  8
0
100
AcDbBlockEnd
  0
BLOCK
  5
2A0
330
29F
100
AcDbEntity
  8
0
100
AcDbBlockBegin
  2
*D8
 70
1
 10
0.0
 20
0.0
 30
0.0
  3
*D8
  1

  0
LINE
  5
2A2
330
29F
100
AcDbEntity
  8
0
100
AcDbLine
 10
9654.93229092879
 20
-1008.2107239389812
 30
0.0
 11
9717.59497963606
 21
-1454.0789218898733
 31
0.0
  0
LINE
  5
2A3
330
29F
100
AcDbEntity
  8
0
100
AcDbLine
 10
11811.750133899337
 20
-705.0897439868893
 30
0.0
 11
11874.412822606606
 21
-1150.9579419377817
 31
0.0
  0
INSERT
  5
2A4
330
29F
100
AcDbEntity
  8
G-OLCU-ZINCIR
100
AcDbBlockReference
  2
_ARCHTICK
 10
9717.5427897232
 20
-1453.7075713640952
 30
0.0
 41
0.175
 42
0.175
 50
188.0
  0
INSERT
  5
2A6
330
29F
100
AcDbEntity
  8
G-OLCU-ZINCIR
100
AcDbBlockReference
  2
_ARCHTICK
 10
11874.360632693746
 20
-1150.5865914120036
 30
0.0
 41
0.175
 42
0.175
 50
7.999999999999994
  0
LINE
  5
2A8
330
29F
100
AcDbEntity
  8
0
100
AcDbLine
 10
9717.5427897232
 20
-1453.7075713640952
 30
0.0
 11
11874.360632693746
 21
-1150.5865914120036
 31
0.0
  0
MTEXT
  5
2A9
330
29F
100
AcDbEntity
  8
G-OLCU-ZINCIR
100
AcDbMText
 10
10795.920397260756
 20
-1301.9242710725825
 30
0.0
 40
0.25
 71
5
  1
217801.41
  7
OpenSansCondensed-Light
 50
7.999999999999994
  0
POINT
  5
2AA
330
29F
100
AcDbEntity
  8
Defpoints
100
AcDbPoint
 10
9717.5427897232
 20
-1453.7075713640952
 30
0.0
  0
POINT
  5
2AB
330
29F
100
AcDbEntity
  8
Defpoints
100
AcDbPoint
 10
9654.914894291169
 20
-1008.0869404303885
 30
0.0
  0
POINT
  5
2AC
330
29F
100
AcDbEntity
  8
Defpoints
100
AcDbPoint
 10
11811.732737261716
 20
-704.9659604782966
 30
0.0
  0
ENDBLK
  5
2A1
330
29F
100
AcDbEntity
  8
0
100
AcDbBlockEnd
  0
BLOCK
  5
2AF
330
2AE
100
AcDbEntity
  8
0
100
AcDbBlockBegin
  2
*D9
 70
1
 10
0.0
 20
0.0
 30
0.0
  3
*D9
  1

  0
LINE
  5
2B1
330
2AE
100
AcDbEntity
  8
0
100
AcDbLine
 10
1167.1205750270028
 20
-2201.0948672885556
 30
0.0
 11
1292.4111591663018
 21
-3092.5836961731543
 31
0.0
  0
LINE
  5
2B2
330
2AE
100
AcDbEntity
  8
0
100
AcDbLine
 10
11811.750133899337
 20
-705.0897439868893
 30
0.0
 11
11937.040718038636
 21
-1596.5785728714882
 31
0.0
  0
INSERT
  5
2B3
330
2AE
100
AcDbEntity
  8
G-OLCU-ZINCIR
100
AcDbBlockReference
  2
_ARCHTICK
 10
1292.3589692534417
 20
-3092.2123456473764
 30
0.0
 41
0.175
 42
0.175
 50
188.0
  0
INSERT
  5
2B5
330
2AE
100
AcDbEntity
  8
G-OLCU-ZINCIR
100
AcDbBlockReference
  2
_ARCHTICK
 10
11936.988528125776
 20
-1596.20722234571
 30
0.0
 41
0.175
 42
0.175
 50
8.0
  0
LINE
  5
2B7
330
2AE
100
AcDbEntity
  8
0
100
AcDbLine
 10
1292.3589692534417
 20
-3092.2123456473764
 30
0.0
 11
11936.988528125776
 21
-1596.20722234571
 31
0.0
  0
MTEXT
  5
2B8
330
2AE
100
AcDbEntity
  8
G-OLCU-ZINCIR
100
AcDbMText
 10
6614.642434741892
 20
-2343.9869736810765
 30
0.0
 40
0.25
 71
5
  1
1074924.04
  7
OpenSansCondensed-Light
 50
8.0
  0
POINT
  5
2B9
330
2AE
100
AcDbEntity
  8
Defpoints
100
AcDbPoint
 10
1292.3589692534417
 20
-3092.2123456473764
 30
0.0
  0
POINT
  5
2BA
330
2AE
100
AcDbEntity
  8
Defpoints
100
AcDbPoint
 10
1167.1031783893827
 20
-2200.971083779963
 30
0.0
  0
POINT
  5
2BB
330
2AE
100
AcDbEntity
  8
Defpoints
100
AcDbPoint
 10
11811.732737261716
 20
-704.9659604782966
 30
0.0
  0
ENDBLK
  5
2B0
330
2AE
100
AcDbEntity
  8
0
100
AcDbBlockEnd
  0
BLOCK
  5
2BE
330
2BD
100
AcDbEntity
  8
0
100
AcDbBlockBegin
  2
*D10
 70
1
 10
0.0
 20
0.0
 30
0.0
  3
*D10
  1

  0
LINE
  5
2C0
330
2BD
100
AcDbEntity
  8
0
100
AcDbLine
 10
-240.31861654817936
 20
-826.1731485210676
 30
0.0
 11
205.54958140271262
 21
-763.5104598137981
 31
0.0
  0
LINE
  5
2C1
330
2BD
100
AcDbEntity
  8
0
100
AcDbLine
 10
-827.9375283483425
 20
3354.9526648021715
 30
0.0
 11
-382.0693303974503
 21
3417.615353509441
 31
0.0
  0
INSERT
  5
2C2
330
2BD
100
AcDbEntity
  8
G-OLCU-ZINCIR
100
AcDbBlockReference
  2
_ARCHTICK
 10
205.17823087693452
 20
-763.5626497266582
 30
0.0
 41
0.175
 42
0.175
 50
278.0
  0
INSERT
  5
2C4
330
2BD
100
AcDbEntity
  8
G-OLCU-ZINCIR
100
AcDbBlockReference
  2
_ARCHTICK
 10
-382.4406809232284
 20
3417.563163596581
 30
0.0
 41
0.175
 42
0.175
 50
98.0
  0
LINE
  5
2C6
330
2BD
100
AcDbEntity
  8
0
100
AcDbLine
 10
205.17823087693452
 20
-763.5626497266582
 30
0.0
 11
-382.4406809232284
 21
3417.563163596581
 31
0.0
  0
MTEXT
  5
2C7
330
2BD
100
AcDbEntity
  8
G-OLCU-ZINCIR
100
AcDbMText
 10
-88.85403533861378
 20
1326.9689429872458
 30
0.0
 40
0.25
 71
5
  1
422221.61
  7
OpenSansCondensed-Light
 50
98.0
  0
POINT
  5
2C8
330
2BD
100
AcDbEntity
  8
Defpoints
100
AcDbPoint
 10
205.17823087693452
 20
-763.5626497266582
 30
0.0
  0
POINT
  5
2C9
330
2BD
100
AcDbEntity
  8
Defpoints
100
AcDbPoint
 10
-240.44240005677207
 20
-826.1905451586875
 30
0.0
  0
POINT
  5
2CA
330
2BD
100
AcDbEntity
  8
Defpoints
100
AcDbPoint
 10
-828.0613118569353
 20
3354.9352681645514
 30
0.0
  0
ENDBLK
  5
2BF
330
2BD
100
AcDbEntity
  8
0
100
AcDbBlockEnd
  0
BLOCK
  5
2CD
330
2CC
100
AcDbEntity
  8
0
100
AcDbBlockBegin
  2
*D11
 70
1
 10
0.0
 20
0.0
 30
0.0
  3
*D11
  1

  0
LINE
  5
2CF
330
2CC
100
AcDbEntity
  8
0
100
AcDbLine
 10
-827.9375283483425
 20
3354.9526648021715
 30
0.0
 11
-382.0693303974505
 21
3417.615353509441
 31
0.0
  0
LINE
  5
2D0
330
2CC
100
AcDbEntity
  8
0
100
AcDbLine
 10
-1353.7054589970974
 20
7095.985879540921
 30
0.0
 11
-907.8372610462048
 21
7158.648568248191
 31
0.0
  0
INSERT
  5
2D1
330
2CC
100
AcDbEntity
  8
G-OLCU-ZINCIR
100
AcDbBlockReference
  2
_ARCHTICK
 10
-382.4406809232286
 20
3417.563163596581
 30
0.0
 41
0.175
 42
0.175
 50
278.0
  0
INSERT
  5
2D3
330
2CC
100
AcDbEntity
  8
G-OLCU-ZINCIR
100
AcDbBlockReference
  2
_ARCHTICK
 10
-908.2086115719829
 20
7158.596378335331
 30
0.0
 41
0.175
 42
0.175
 50
98.0
  0
LINE
  5
2D5
330
2CC
100
AcDbEntity
  8
0
100
AcDbLine
 10
-382.4406809232286
 20
3417.563163596581
 30
0.0
 11
-908.2086115719829
 21
7158.596378335331
 31
0.0
  0
MTEXT
  5
2D6
330
2CC
100
AcDbEntity
  8
G-OLCU-ZINCIR
100
AcDbMText
 10
-645.5474565630727
 20
5288.048457018241
 30
0.0
 40
0.25
 71
5
  1
377779.85
  7
OpenSansCondensed-Light
 50
98.0
  0
POINT
  5
2D7
330
2CC
100
AcDbEntity
  8
Defpoints
100
AcDbPoint
 10
-382.4406809232286
 20
3417.563163596581
 30
0.0
  0
POINT
  5
2D8
330
2CC
100
AcDbEntity
  8
Defpoints
100
AcDbPoint
 10
-828.0613118569353
 20
3354.9352681645514
 30
0.0
  0
POINT
  5
2D9
330
2CC
100
AcDbEntity
  8
Defpoints
100
AcDbPoint
 10
-1353.82924250569
 20
7095.968482903301
 30
0.0
  0
ENDBLK
  5
2CE
330
2CC
100
AcDbEntity
  8
0
100
AcDbBlockEnd
  0
BLOCK
  5
2DC
330
2DB
100
AcDbEntity
  8
0
100
AcDbBlockBegin
  2
*D12
 70
1
 10
0.0
 20
0.0
 30
0.0
  3
*D12
  1

  0
LINE
  5
2DE
330
2DB
100
AcDbEntity
  8
0
100
AcDbLine
 10
-1353.7054589970974
 20
7095.985879540921
 30
0.0
 11
-907.8372610462051
 21
7158.64856824819
 31
0.0
  0
LINE
  5
2DF
330
2DB
100
AcDbEntity
  8
0
100
AcDbLine
 10
-1474.0423959992013
 20
7952.227677570147
 30
0.0
 11
-1028.174198048309
 21
8014.890366277416
 31
0.0
  0
INSERT
  5
2E0
330
2DB
100
AcDbEntity
  8
G-OLCU-ZINCIR
100
AcDbBlockReference
  2
_ARCHTICK
 10
-908.2086115719832
 20
7158.59637833533
 30
0.0
 41
0.175
 42
0.175
 50
278.0
  0
INSERT
  5
2E2
330
2DB
100
AcDbEntity
  8
G-OLCU-ZINCIR
100
AcDbBlockReference
  2
_ARCHTICK
 10
-1028.5455485740872
 20
8014.838176364557
 30
0.0
 41
0.175
 42
0.175
 50
98.00000000000001
  0
LINE
  5
2E4
330
2DB
100
AcDbEntity
  8
0
100
AcDbLine
 10
-908.2086115719832
 20
7158.59637833533
 30
0.0
 11
-1028.5455485740872
 21
8014.838176364557
 31
0.0
  0
MTEXT
  5
2E5
330
2DB
100
AcDbEntity
  8
G-OLCU-ZINCIR
100
AcDbMText
 10
-968.599890388502
 20
7586.685963402228
 30
0.0
 40
0.25
 71
5
  1
86465.66
  7
OpenSansCondensed-Light
 50
98.00000000000001
  0
POINT
  5
2E6
330
2DB
100
AcDbEntity
  8
Defpoints
100
AcDbPoint
 10
-908.2086115719832
 20
7158.59637833533
 30
0.0
  0
POINT
  5
2E7
330
2DB
100
AcDbEntity
  8
Defpoints
100
AcDbPoint
 10
-1353.82924250569
 20
7095.968482903301
 30
0.0
  0
POINT
  5
2E8
330
2DB
100
AcDbEntity
  8
Defpoints
100
AcDbPoint
 10
-1474.166179507794
 20
7952.210280932527
 30
0.0
  0
ENDBLK
  5
2DD
330
2DB
100
AcDbEntity
  8
0
100
AcDbBlockEnd
  0
BLOCK
  5
2EB
330
2EA
100
AcDbEntity
  8
0
100
AcDbBlockBegin
  2
*D13
 70
1
 10
0.0
 20
0.0
 30
0.0
  3
*D13
  1

  0
LINE
  5
2ED
330
2EA
100
AcDbEntity
  8
0
100
AcDbLine
 10
-1474.0423959992013
 20
7952.227677570147
 30
0.0
 11
-1028.174198048309
 21
8014.890366277416
 31
0.0
  0
LINE
  5
2EE
330
2EA
100
AcDbEntity
  8
0
100
AcDbLine
 10
-1953.6661225434816
 20
11364.927819560404
 30
0.0
 11
-1507.7979245925892
 21
11427.590508267673
 31
0.0
  0
INSERT
  5
2EF
330
2EA
100
AcDbEntity
  8
G-OLCU-ZINCIR
100
AcDbBlockReference
  2
_ARCHTICK
 10
-1028.5455485740872
 20
8014.838176364557
 30
0.0
 41
0.175
 42
0.175
 50
278.0
  0
INSERT
  5
2F1
330
2EA
100
AcDbEntity
  8
G-OLCU-ZINCIR
100
AcDbBlockReference
  2
_ARCHTICK
 10
-1508.1692751183673
 20
11427.538318354813
 30
0.0
 41
0.175
 42
0.175
 50
98.0
  0
LINE
  5
2F3
330
2EA
100
AcDbEntity
  8
0
100
AcDbLine
 10
-1028.5455485740872
 20
8014.838176364557
 30
0.0
 11
-1508.1692751183673
 21
11427.538318354813
 31
0.0
  0
MTEXT
  5
2F4
330
2EA
100
AcDbEntity
  8
G-OLCU-ZINCIR
100
AcDbMText
 10
-1268.580222161694
 20
9721.156933411969
 30
0.0
 40
0.25
 71
5
  1
344623.87
  7
OpenSansCondensed-Light
 50
98.0
  0
POINT
  5
2F5
330
2EA
100
AcDbEntity
  8
Defpoints
100
AcDbPoint
 10
-1028.5455485740872
 20
8014.838176364557
 30
0.0
  0
POINT
  5
2F6
330
2EA
100
AcDbEntity
  8
Defpoints
100
AcDbPoint
 10
-1474.166179507794
 20
7952.210280932527
 30
0.0
  0
POINT
  5
2F7
330
2EA
100
AcDbEntity
  8
Defpoints
100
AcDbPoint
 10
-1953.7899060520742
 20
11364.910422922783
 30
0.0
  0
ENDBLK
  5
2EC
330
2EA
100
AcDbEntity
  8
0
100
AcDbBlockEnd
  0
BLOCK
  5
2FA
330
2F9
100
AcDbEntity
  8
0
100
AcDbBlockBegin
  2
*D14
 70
1
 10
0.0
 20
0.0
 30
0.0
  3
*D14
  1

  0
LINE
  5
2FC
330
2F9
100
AcDbEntity
  8
0
100
AcDbLine
 10
-240.31861654817936
 20
-826.1731485210676
 30
0.0
 11
651.1702123364194
 21
-700.8825643817688
 31
0.0
  0
LINE
  5
2FD
330
2F9
100
AcDbEntity
  8
0
100
AcDbLine
 10
-1953.6661225434816
 20
11364.927819560404
 30
0.0
 11
-1062.1772936588818
 21
11490.218403699704
 31
0.0
  0
INSERT
  5
2FE
330
2F9
100
AcDbEntity
  8
G-OLCU-ZINCIR
100
AcDbBlockReference
  2
_ARCHTICK
 10
650.7988618106413
 20
-700.9347542946289
 30
0.0
 41
0.175
 42
0.175
 50
278.0
  0
INSERT
  5
300
330
2F9
100
AcDbEntity
  8
G-OLCU-ZINCIR
100
AcDbBlockReference
  2
_ARCHTICK
 10
-1062.54864418466
 20
11490.166213786844
 30
0.0
 41
0.175
 42
0.175
 50
98.0
  0
LINE
  5
302
330
2F9
100
AcDbEntity
  8
0
100
AcDbLine
 10
650.7988618106413
 20
-700.9347542946289
 30
0.0
 11
-1062.54864418466
 21
11490.166213786844
 31
0.0
  0
MTEXT
  5
303
330
2F9
100
AcDbEntity
  8
G-OLCU-ZINCIR
100
AcDbMText
 10
-206.09770150247618
 20
5394.584415798392
 30
0.0
 40
0.25
 71
5
  1
1231090.99
  7
OpenSansCondensed-Light
 50
98.0
  0
POINT
  5
304
330
2F9
100
AcDbEntity
  8
Defpoints
100
AcDbPoint
 10
650.7988618106413
 20
-700.9347542946289
 30
0.0
  0
POINT
  5
305
330
2F9
100
AcDbEntity
  8
Defpoints
100
AcDbPoint
 10
-240.44240005677207
 20
-826.1905451586875
 30
0.0
  0
POINT
  5
306
330
2F9
100
AcDbEntity
  8
Defpoints
100
AcDbPoint
 10
-1953.7899060520742
 20
11364.910422922783
 30
0.0
  0
ENDBLK
  5
2FB
330
2F9
100
AcDbEntity
  8
0
100
AcDbBlockEnd
  0
BLOCK
  5
809
330
808
100
AcDbEntity
  8
0
100
AcDbBlockBegin
  2
*Paper_Space1
 70
0
 10
0.0
 20
0.0
 30
0.0
  3
*Paper_Space1
  1

  0
VIEWPORT
  5
80C
330
808
100
AcDbEntity
 67
1
  8
VIEWPORTS
100
AcDbViewport
 10
420.5
 20
297.0
 30
0.0
 40
925.1
 41
653.4000000000001
 68
1
 69
1
 12
420.5
 22
297.0
 13
0.0
 23
0.0
 14
10.0
 24
10.0
 15
10.0
 25
10.0
 16
0.0
 26
0.0
 36
1.0
 17
0.0
 27
0.0
 37
0.0
 42
50.0
 43
0.0
 44
0.0
 45
653.4000000000001
 50
0.0
 51
0.0
 72
100
 90
557088
  1

281
0
 71
0
 74
0
110
0.0
120
0.0
130
0.0
111
1.0
121
0.0
131
0.0
112
0.0
122
1.0
132
0.0
 79
0
146
0.0
282
0
  0
LWPOLYLINE
  5
80D
330
808
100
AcDbEntity
 67
1
  8
G-CERCEVE
370
13
100
AcDbPolyline
 90
4
 70
1
 10
0.0
 20
0.0
 10
10.0
 20
0.0
 10
10.0
 20
10.0
 10
0.0
 20
10.0
  0
LWPOLYLINE
  5
80E
330
808
100
AcDbEntity
 67
1
  8
G-CERCEVE
370
13
100
AcDbPolyline
 90
4
 70
1
 10
831.0
 20
0.0
 10
841.0
 20
0.0
 10
841.0
 20
10.0
 10
831.0
 20
10.0
  0
LWPOLYLINE
  5
80F
330
808
100
AcDbEntity
 67
1
  8
G-CERCEVE
370
13
100
AcDbPolyline
 90
4
 70
1
 10
831.0
 20
584.0
 10
841.0
 20
584.0
 10
841.0
 20
594.0
 10
831.0
 20
594.0
  0
LWPOLYLINE
  5
810
330
808
100
AcDbEntity
 67
1
  8
G-CERCEVE
370
13
100
AcDbPolyline
 90
4
 70
1
 10
0.0
 20
584.0
 10
10.0
 20
584.0
 10
10.0
 20
594.0
 10
0.0
 20
594.0
  0
LWPOLYLINE
  5
811
330
808
100
AcDbEntity
 67
1
  8
G-CERCEVE
370
70
100
AcDbPolyline
 90
4
 70
1
 10
20.0
 20
10.0
 10
831.0
 20
10.0
 10
831.0
 20
584.0
 10
20.0
 20
584.0
  0
LWPOLYLINE
  5
812
330
808
100
AcDbEntity
 67
1
  8
G-PAFTA-ZON
370
13
100
AcDbPolyline
 90
4
 70
1
 10
25.0
 20
15.0
 10
826.0
 20
15.0
 10
826.0
 20
579.0
 10
25.0
 20
579.0
  0
TEXT
  5
813
330
808
100
AcDbEntity
 67
1
  8
G-PAFTA-ZON
100
AcDbText
 10
50.03125
 20
12.5
 30
0.0
 40
3.5
  1
1
  7
GYM
 72
1
 11
50.03125
 21
12.5
 31
0.0
100
AcDbText
 73
2
  0
TEXT
  5
814
330
808
100
AcDbEntity
 67
1
  8
G-PAFTA-ZON
100
AcDbText
 10
50.03125
 20
581.5
 30
0.0
 40
3.5
  1
1
  7
GYM
 72
1
 11
50.03125
 21
581.5
 31
0.0
100
AcDbText
 73
2
  0
LINE
  5
815
330
808
100
AcDbEntity
 67
1
  8
G-PAFTA-ZON
370
13
100
AcDbLine
 10
75.0625
 20
10.0
 30
0.0
 11
75.0625
 21
15.0
 31
0.0
  0
LINE
  5
816
330
808
100
AcDbEntity
 67
1
  8
G-PAFTA-ZON
370
13
100
AcDbLine
 10
75.0625
 20
579.0
 30
0.0
 11
75.0625
 21
584.0
 31
0.0
  0
TEXT
  5
817
330
808
100
AcDbEntity
 67
1
  8
G-PAFTA-ZON
100
AcDbText
 10
100.09375
 20
12.5
 30
0.0
 40
3.5
  1
2
  7
GYM
 72
1
 11
100.09375
 21
12.5
 31
0.0
100
AcDbText
 73
2
  0
TEXT
  5
818
330
808
100
AcDbEntity
 67
1
  8
G-PAFTA-ZON
100
AcDbText
 10
100.09375
 20
581.5
 30
0.0
 40
3.5
  1
2
  7
GYM
 72
1
 11
100.09375
 21
581.5
 31
0.0
100
AcDbText
 73
2
  0
LINE
  5
819
330
808
100
AcDbEntity
 67
1
  8
G-PAFTA-ZON
370
13
100
AcDbLine
 10
125.125
 20
10.0
 30
0.0
 11
125.125
 21
15.0
 31
0.0
  0
LINE
  5
81A
330
808
100
AcDbEntity
 67
1
  8
G-PAFTA-ZON
370
13
100
AcDbLine
 10
125.125
 20
579.0
 30
0.0
 11
125.125
 21
584.0
 31
0.0
  0
TEXT
  5
81B
330
808
100
AcDbEntity
 67
1
  8
G-PAFTA-ZON
100
AcDbText
 10
150.15625
 20
12.5
 30
0.0
 40
3.5
  1
3
  7
GYM
 72
1
 11
150.15625
 21
12.5
 31
0.0
100
AcDbText
 73
2
  0
TEXT
  5
81C
330
808
100
AcDbEntity
 67
1
  8
G-PAFTA-ZON
100
AcDbText
 10
150.15625
 20
581.5
 30
0.0
 40
3.5
  1
3
  7
GYM
 72
1
 11
150.15625
 21
581.5
 31
0.0
100
AcDbText
 73
2
  0
LINE
  5
81D
330
808
100
AcDbEntity
 67
1
  8
G-PAFTA-ZON
370
13
100
AcDbLine
 10
175.1875
 20
10.0
 30
0.0
 11
175.1875
 21
15.0
 31
0.0
  0
LINE
  5
81E
330
808
100
AcDbEntity
 67
1
  8
G-PAFTA-ZON
370
13
100
AcDbLine
 10
175.1875
 20
579.0
 30
0.0
 11
175.1875
 21
584.0
 31
0.0
  0
TEXT
  5
81F
330
808
100
AcDbEntity
 67
1
  8
G-PAFTA-ZON
100
AcDbText
 10
200.21875
 20
12.5
 30
0.0
 40
3.5
  1
4
  7
GYM
 72
1
 11
200.21875
 21
12.5
 31
0.0
100
AcDbText
 73
2
  0
TEXT
  5
820
330
808
100
AcDbEntity
 67
1
  8
G-PAFTA-ZON
100
AcDbText
 10
200.21875
 20
581.5
 30
0.0
 40
3.5
  1
4
  7
GYM
 72
1
 11
200.21875
 21
581.5
 31
0.0
100
AcDbText
 73
2
  0
LINE
  5
821
330
808
100
AcDbEntity
 67
1
  8
G-PAFTA-ZON
370
13
100
AcDbLine
 10
225.25
 20
10.0
 30
0.0
 11
225.25
 21
15.0
 31
0.0
  0
LINE
  5
822
330
808
100
AcDbEntity
 67
1
  8
G-PAFTA-ZON
370
13
100
AcDbLine
 10
225.25
 20
579.0
 30
0.0
 11
225.25
 21
584.0
 31
0.0
  0
TEXT
  5
823
330
808
100
AcDbEntity
 67
1
  8
G-PAFTA-ZON
100
AcDbText
 10
250.28125
 20
12.5
 30
0.0
 40
3.5
  1
5
  7
GYM
 72
1
 11
250.28125
 21
12.5
 31
0.0
100
AcDbText
 73
2
  0
TEXT
  5
824
330
808
100
AcDbEntity
 67
1
  8
G-PAFTA-ZON
100
AcDbText
 10
250.28125
 20
581.5
 30
0.0
 40
3.5
  1
5
  7
GYM
 72
1
 11
250.28125
 21
581.5
 31
0.0
100
AcDbText
 73
2
  0
LINE
  5
825
330
808
100
AcDbEntity
 67
1
  8
G-PAFTA-ZON
370
13
100
AcDbLine
 10
275.3125
 20
10.0
 30
0.0
 11
275.3125
 21
15.0
 31
0.0
  0
LINE
  5
826
330
808
100
AcDbEntity
 67
1
  8
G-PAFTA-ZON
370
13
100
AcDbLine
 10
275.3125
 20
579.0
 30
0.0
 11
275.3125
 21
584.0
 31
0.0
  0
TEXT
  5
827
330
808
100
AcDbEntity
 67
1
  8
G-PAFTA-ZON
100
AcDbText
 10
300.34375
 20
12.5
 30
0.0
 40
3.5
  1
6
  7
GYM
 72
1
 11
300.34375
 21
12.5
 31
0.0
100
AcDbText
 73
2
  0
TEXT
  5
828
330
808
100
AcDbEntity
 67
1
  8
G-PAFTA-ZON
100
AcDbText
 10
300.34375
 20
581.5
 30
0.0
 40
3.5
  1
6
  7
GYM
 72
1
 11
300.34375
 21
581.5
 31
0.0
100
AcDbText
 73
2
  0
LINE
  5
829
330
808
100
AcDbEntity
 67
1
  8
G-PAFTA-ZON
370
13
100
AcDbLine
 10
325.375
 20
10.0
 30
0.0
 11
325.375
 21
15.0
 31
0.0
  0
LINE
  5
82A
330
808
100
AcDbEntity
 67
1
  8
G-PAFTA-ZON
370
13
100
AcDbLine
 10
325.375
 20
579.0
 30
0.0
 11
325.375
 21
584.0
 31
0.0
  0
TEXT
  5
82B
330
808
100
AcDbEntity
 67
1
  8
G-PAFTA-ZON
100
AcDbText
 10
350.40625
 20
12.5
 30
0.0
 40
3.5
  1
7
  7
GYM
 72
1
 11
350.40625
 21
12.5
 31
0.0
100
AcDbText
 73
2
  0
TEXT
  5
82C
330
808
100
AcDbEntity
 67
1
  8
G-PAFTA-ZON
100
AcDbText
 10
350.40625
 20
581.5
 30
0.0
 40
3.5
  1
7
  7
GYM
 72
1
 11
350.40625
 21
581.5
 31
0.0
100
AcDbText
 73
2
  0
LINE
  5
82D
330
808
100
AcDbEntity
 67
1
  8
G-PAFTA-ZON
370
13
100
AcDbLine
 10
375.4375
 20
10.0
 30
0.0
 11
375.4375
 21
15.0
 31
0.0
  0
LINE
  5
82E
330
808
100
AcDbEntity
 67
1
  8
G-PAFTA-ZON
370
13
100
AcDbLine
 10
375.4375
 20
579.0
 30
0.0
 11
375.4375
 21
584.0
 31
0.0
  0
TEXT
  5
82F
330
808
100
AcDbEntity
 67
1
  8
G-PAFTA-ZON
100
AcDbText
 10
400.46875
 20
12.5
 30
0.0
 40
3.5
  1
8
  7
GYM
 72
1
 11
400.46875
 21
12.5
 31
0.0
100
AcDbText
 73
2
  0
TEXT
  5
830
330
808
100
AcDbEntity
 67
1
  8
G-PAFTA-ZON
100
AcDbText
 10
400.46875
 20
581.5
 30
0.0
 40
3.5
  1
8
  7
GYM
 72
1
 11
400.46875
 21
581.5
 31
0.0
100
AcDbText
 73
2
  0
LINE
  5
831
330
808
100
AcDbEntity
 67
1
  8
G-PAFTA-ZON
370
13
100
AcDbLine
 10
425.5
 20
10.0
 30
0.0
 11
425.5
 21
15.0
 31
0.0
  0
LINE
  5
832
330
808
100
AcDbEntity
 67
1
  8
G-PAFTA-ZON
370
13
100
AcDbLine
 10
425.5
 20
579.0
 30
0.0
 11
425.5
 21
584.0
 31
0.0
  0
TEXT
  5
833
330
808
100
AcDbEntity
 67
1
  8
G-PAFTA-ZON
100
AcDbText
 10
450.53125
 20
12.5
 30
0.0
 40
3.5
  1
9
  7
GYM
 72
1
 11
450.53125
 21
12.5
 31
0.0
100
AcDbText
 73
2
  0
TEXT
  5
834
330
808
100
AcDbEntity
 67
1
  8
G-PAFTA-ZON
100
AcDbText
 10
450.53125
 20
581.5
 30
0.0
 40
3.5
  1
9
  7
GYM
 72
1
 11
450.53125
 21
581.5
 31
0.0
100
AcDbText
 73
2
  0
LINE
  5
835
330
808
100
AcDbEntity
 67
1
  8
G-PAFTA-ZON
370
13
100
AcDbLine
 10
475.5625
 20
10.0
 30
0.0
 11
475.5625
 21
15.0
 31
0.0
  0
LINE
  5
836
330
808
100
AcDbEntity
 67
1
  8
G-PAFTA-ZON
370
13
100
AcDbLine
 10
475.5625
 20
579.0
 30
0.0
 11
475.5625
 21
584.0
 31
0.0
  0
TEXT
  5
837
330
808
100
AcDbEntity
 67
1
  8
G-PAFTA-ZON
100
AcDbText
 10
500.59375
 20
12.5
 30
0.0
 40
3.5
  1
10
  7
GYM
 72
1
 11
500.59375
 21
12.5
 31
0.0
100
AcDbText
 73
2
  0
TEXT
  5
838
330
808
100
AcDbEntity
 67
1
  8
G-PAFTA-ZON
100
AcDbText
 10
500.59375
 20
581.5
 30
0.0
 40
3.5
  1
10
  7
GYM
 72
1
 11
500.59375
 21
581.5
 31
0.0
100
AcDbText
 73
2
  0
LINE
  5
839
330
808
100
AcDbEntity
 67
1
  8
G-PAFTA-ZON
370
13
100
AcDbLine
 10
525.625
 20
10.0
 30
0.0
 11
525.625
 21
15.0
 31
0.0
  0
LINE
  5
83A
330
808
100
AcDbEntity
 67
1
  8
G-PAFTA-ZON
370
13
100
AcDbLine
 10
525.625
 20
579.0
 30
0.0
 11
525.625
 21
584.0
 31
0.0
  0
TEXT
  5
83B
330
808
100
AcDbEntity
 67
1
  8
G-PAFTA-ZON
100
AcDbText
 10
550.65625
 20
12.5
 30
0.0
 40
3.5
  1
11
  7
GYM
 72
1
 11
550.65625
 21
12.5
 31
0.0
100
AcDbText
 73
2
  0
TEXT
  5
83C
330
808
100
AcDbEntity
 67
1
  8
G-PAFTA-ZON
100
AcDbText
 10
550.65625
 20
581.5
 30
0.0
 40
3.5
  1
11
  7
GYM
 72
1
 11
550.65625
 21
581.5
 31
0.0
100
AcDbText
 73
2
  0
LINE
  5
83D
330
808
100
AcDbEntity
 67
1
  8
G-PAFTA-ZON
370
13
100
AcDbLine
 10
575.6875
 20
10.0
 30
0.0
 11
575.6875
 21
15.0
 31
0.0
  0
LINE
  5
83E
330
808
100
AcDbEntity
 67
1
  8
G-PAFTA-ZON
370
13
100
AcDbLine
 10
575.6875
 20
579.0
 30
0.0
 11
575.6875
 21
584.0
 31
0.0
  0
TEXT
  5
83F
330
808
100
AcDbEntity
 67
1
  8
G-PAFTA-ZON
100
AcDbText
 10
600.71875
 20
12.5
 30
0.0
 40
3.5
  1
12
  7
GYM
 72
1
 11
600.71875
 21
12.5
 31
0.0
100
AcDbText
 73
2
  0
TEXT
  5
840
330
808
100
AcDbEntity
 67
1
  8
G-PAFTA-ZON
100
AcDbText
 10
600.71875
 20
581.5
 30
0.0
 40
3.5
  1
12
  7
GYM
 72
1
 11
600.71875
 21
581.5
 31
0.0
100
AcDbText
 73
2
  0
LINE
  5
841
330
808
100
AcDbEntity
 67
1
  8
G-PAFTA-ZON
370
13
100
AcDbLine
 10
625.75
 20
10.0
 30
0.0
 11
625.75
 21
15.0
 31
0.0
  0
LINE
  5
842
330
808
100
AcDbEntity
 67
1
  8
G-PAFTA-ZON
370
13
100
AcDbLine
 10
625.75
 20
579.0
 30
0.0
 11
625.75
 21
584.0
 31
0.0
  0
TEXT
  5
843
330
808
100
AcDbEntity
 67
1
  8
G-PAFTA-ZON
100
AcDbText
 10
650.78125
 20
12.5
 30
0.0
 40
3.5
  1
13
  7
GYM
 72
1
 11
650.78125
 21
12.5
 31
0.0
100
AcDbText
 73
2
  0
TEXT
  5
844
330
808
100
AcDbEntity
 67
1
  8
G-PAFTA-ZON
100
AcDbText
 10
650.78125
 20
581.5
 30
0.0
 40
3.5
  1
13
  7
GYM
 72
1
 11
650.78125
 21
581.5
 31
0.0
100
AcDbText
 73
2
  0
LINE
  5
845
330
808
100
AcDbEntity
 67
1
  8
G-PAFTA-ZON
370
13
100
AcDbLine
 10
675.8125
 20
10.0
 30
0.0
 11
675.8125
 21
15.0
 31
0.0
  0
LINE
  5
846
330
808
100
AcDbEntity
 67
1
  8
G-PAFTA-ZON
370
13
100
AcDbLine
 10
675.8125
 20
579.0
 30
0.0
 11
675.8125
 21
584.0
 31
0.0
  0
TEXT
  5
847
330
808
100
AcDbEntity
 67
1
  8
G-PAFTA-ZON
100
AcDbText
 10
700.84375
 20
12.5
 30
0.0
 40
3.5
  1
14
  7
GYM
 72
1
 11
700.84375
 21
12.5
 31
0.0
100
AcDbText
 73
2
  0
TEXT
  5
848
330
808
100
AcDbEntity
 67
1
  8
G-PAFTA-ZON
100
AcDbText
 10
700.84375
 20
581.5
 30
0.0
 40
3.5
  1
14
  7
GYM
 72
1
 11
700.84375
 21
581.5
 31
0.0
100
AcDbText
 73
2
  0
LINE
  5
849
330
808
100
AcDbEntity
 67
1
  8
G-PAFTA-ZON
370
13
100
AcDbLine
 10
725.875
 20
10.0
 30
0.0
 11
725.875
 21
15.0
 31
0.0
  0
LINE
  5
84A
330
808
100
AcDbEntity
 67
1
  8
G-PAFTA-ZON
370
13
100
AcDbLine
 10
725.875
 20
579.0
 30
0.0
 11
725.875
 21
584.0
 31
0.0
  0
TEXT
  5
84B
330
808
100
AcDbEntity
 67
1
  8
G-PAFTA-ZON
100
AcDbText
 10
750.90625
 20
12.5
 30
0.0
 40
3.5
  1
15
  7
GYM
 72
1
 11
750.90625
 21
12.5
 31
0.0
100
AcDbText
 73
2
  0
TEXT
  5
84C
330
808
100
AcDbEntity
 67
1
  8
G-PAFTA-ZON
100
AcDbText
 10
750.90625
 20
581.5
 30
0.0
 40
3.5
  1
15
  7
GYM
 72
1
 11
750.90625
 21
581.5
 31
0.0
100
AcDbText
 73
2
  0
LINE
  5
84D
330
808
100
AcDbEntity
 67
1
  8
G-PAFTA-ZON
370
13
100
AcDbLine
 10
775.9375
 20
10.0
 30
0.0
 11
775.9375
 21
15.0
 31
0.0
  0
LINE
  5
84E
330
808
100
AcDbEntity
 67
1
  8
G-PAFTA-ZON
370
13
100
AcDbLine
 10
775.9375
 20
579.0
 30
0.0
 11
775.9375
 21
584.0
 31
0.0
  0
TEXT
  5
84F
330
808
100
AcDbEntity
 67
1
  8
G-PAFTA-ZON
100
AcDbText
 10
800.96875
 20
12.5
 30
0.0
 40
3.5
  1
16
  7
GYM
 72
1
 11
800.96875
 21
12.5
 31
0.0
100
AcDbText
 73
2
  0
TEXT
  5
850
330
808
100
AcDbEntity
 67
1
  8
G-PAFTA-ZON
100
AcDbText
 10
800.96875
 20
581.5
 30
0.0
 40
3.5
  1
16
  7
GYM
 72
1
 11
800.96875
 21
581.5
 31
0.0
100
AcDbText
 73
2
  0
TEXT
  5
851
330
808
100
AcDbEntity
 67
1
  8
G-PAFTA-ZON
100
AcDbText
 10
22.5
 20
40.63636363636364
 30
0.0
 40
3.5
  1
A
  7
GYM
 72
1
 11
22.5
 21
40.63636363636364
 31
0.0
100
AcDbText
 73
2
  0
TEXT
  5
852
330
808
100
AcDbEntity
 67
1
  8
G-PAFTA-ZON
100
AcDbText
 10
828.5
 20
40.63636363636364
 30
0.0
 40
3.5
  1
A
  7
GYM
 72
1
 11
828.5
 21
40.63636363636364
 31
0.0
100
AcDbText
 73
2
  0
LINE
  5
853
330
808
100
AcDbEntity
 67
1
  8
G-PAFTA-ZON
370
13
100
AcDbLine
 10
20.0
 20
66.27272727272728
 30
0.0
 11
25.0
 21
66.27272727272728
 31
0.0
  0
LINE
  5
854
330
808
100
AcDbEntity
 67
1
  8
G-PAFTA-ZON
370
13
100
AcDbLine
 10
826.0
 20
66.27272727272728
 30
0.0
 11
831.0
 21
66.27272727272728
 31
0.0
  0
TEXT
  5
855
330
808
100
AcDbEntity
 67
1
  8
G-PAFTA-ZON
100
AcDbText
 10
22.5
 20
91.90909090909092
 30
0.0
 40
3.5
  1
B
  7
GYM
 72
1
 11
22.5
 21
91.90909090909092
 31
0.0
100
AcDbText
 73
2
  0
TEXT
  5
856
330
808
100
AcDbEntity
 67
1
  8
G-PAFTA-ZON
100
AcDbText
 10
828.5
 20
91.90909090909092
 30
0.0
 40
3.5
  1
B
  7
GYM
 72
1
 11
828.5
 21
91.90909090909092
 31
0.0
100
AcDbText
 73
2
  0
LINE
  5
857
330
808
100
AcDbEntity
 67
1
  8
G-PAFTA-ZON
370
13
100
AcDbLine
 10
20.0
 20
117.54545454545455
 30
0.0
 11
25.0
 21
117.54545454545455
 31
0.0
  0
LINE
  5
858
330
808
100
AcDbEntity
 67
1
  8
G-PAFTA-ZON
370
13
100
AcDbLine
 10
826.0
 20
117.54545454545455
 30
0.0
 11
831.0
 21
117.54545454545455
 31
0.0
  0
TEXT
  5
859
330
808
100
AcDbEntity
 67
1
  8
G-PAFTA-ZON
100
AcDbText
 10
22.5
 20
143.1818181818182
 30
0.0
 40
3.5
  1
C
  7
GYM
 72
1
 11
22.5
 21
143.1818181818182
 31
0.0
100
AcDbText
 73
2
  0
TEXT
  5
85A
330
808
100
AcDbEntity
 67
1
  8
G-PAFTA-ZON
100
AcDbText
 10
828.5
 20
143.1818181818182
 30
0.0
 40
3.5
  1
C
  7
GYM
 72
1
 11
828.5
 21
143.1818181818182
 31
0.0
100
AcDbText
 73
2
  0
LINE
  5
85B
330
808
100
AcDbEntity
 67
1
  8
G-PAFTA-ZON
370
13
100
AcDbLine
 10
20.0
 20
168.8181818181818
 30
0.0
 11
25.0
 21
168.8181818181818
 31
0.0
  0
LINE
  5
85C
330
808
100
AcDbEntity
 67
1
  8
G-PAFTA-ZON
370
13
100
AcDbLine
 10
826.0
 20
168.8181818181818
 30
0.0
 11
831.0
 21
168.8181818181818
 31
0.0
  0
TEXT
  5
85D
330
808
100
AcDbEntity
 67
1
  8
G-PAFTA-ZON
100
AcDbText
 10
22.5
 20
194.45454545454544
 30
0.0
 40
3.5
  1
D
  7
GYM
 72
1
 11
22.5
 21
194.45454545454544
 31
0.0
100
AcDbText
 73
2
  0
TEXT
  5
85E
330
808
100
AcDbEntity
 67
1
  8
G-PAFTA-ZON
100
AcDbText
 10
828.5
 20
194.45454545454544
 30
0.0
 40
3.5
  1
D
  7
GYM
 72
1
 11
828.5
 21
194.45454545454544
 31
0.0
100
AcDbText
 73
2
  0
LINE
  5
85F
330
808
100
AcDbEntity
 67
1
  8
G-PAFTA-ZON
370
13
100
AcDbLine
 10
20.0
 20
220.0909090909091
 30
0.0
 11
25.0
 21
220.0909090909091
 31
0.0
  0
LINE
  5
860
330
808
100
AcDbEntity
 67
1
  8
G-PAFTA-ZON
370
13
100
AcDbLine
 10
826.0
 20
220.0909090909091
 30
0.0
 11
831.0
 21
220.0909090909091
 31
0.0
  0
TEXT
  5
861
330
808
100
AcDbEntity
 67
1
  8
G-PAFTA-ZON
100
AcDbText
 10
22.5
 20
245.72727272727272
 30
0.0
 40
3.5
  1
E
  7
GYM
 72
1
 11
22.5
 21
245.72727272727272
 31
0.0
100
AcDbText
 73
2
  0
TEXT
  5
862
330
808
100
AcDbEntity
 67
1
  8
G-PAFTA-ZON
100
AcDbText
 10
828.5
 20
245.72727272727272
 30
0.0
 40
3.5
  1
E
  7
GYM
 72
1
 11
828.5
 21
245.72727272727272
 31
0.0
100
AcDbText
 73
2
  0
LINE
  5
863
330
808
100
AcDbEntity
 67
1
  8
G-PAFTA-ZON
370
13
100
AcDbLine
 10
20.0
 20
271.3636363636364
 30
0.0
 11
25.0
 21
271.3636363636364
 31
0.0
  0
LINE
  5
864
330
808
100
AcDbEntity
 67
1
  8
G-PAFTA-ZON
370
13
100
AcDbLine
 10
826.0
 20
271.3636363636364
 30
0.0
 11
831.0
 21
271.3636363636364
 31
0.0
  0
TEXT
  5
865
330
808
100
AcDbEntity
 67
1
  8
G-PAFTA-ZON
100
AcDbText
 10
22.5
 20
297.0
 30
0.0
 40
3.5
  1
F
  7
GYM
 72
1
 11
22.5
 21
297.0
 31
0.0
100
AcDbText
 73
2
  0
TEXT
  5
866
330
808
100
AcDbEntity
 67
1
  8
G-PAFTA-ZON
100
AcDbText
 10
828.5
 20
297.0
 30
0.0
 40
3.5
  1
F
  7
GYM
 72
1
 11
828.5
 21
297.0
 31
0.0
100
AcDbText
 73
2
  0
LINE
  5
867
330
808
100
AcDbEntity
 67
1
  8
G-PAFTA-ZON
370
13
100
AcDbLine
 10
20.0
 20
322.6363636363636
 30
0.0
 11
25.0
 21
322.6363636363636
 31
0.0
  0
LINE
  5
868
330
808
100
AcDbEntity
 67
1
  8
G-PAFTA-ZON
370
13
100
AcDbLine
 10
826.0
 20
322.6363636363636
 30
0.0
 11
831.0
 21
322.6363636363636
 31
0.0
  0
TEXT
  5
869
330
808
100
AcDbEntity
 67
1
  8
G-PAFTA-ZON
100
AcDbText
 10
22.5
 20
348.27272727272725
 30
0.0
 40
3.5
  1
G
  7
GYM
 72
1
 11
22.5
 21
348.27272727272725
 31
0.0
100
AcDbText
 73
2
  0
TEXT
  5
86A
330
808
100
AcDbEntity
 67
1
  8
G-PAFTA-ZON
100
AcDbText
 10
828.5
 20
348.27272727272725
 30
0.0
 40
3.5
  1
G
  7
GYM
 72
1
 11
828.5
 21
348.27272727272725
 31
0.0
100
AcDbText
 73
2
  0
LINE
  5
86B
330
808
100
AcDbEntity
 67
1
  8
G-PAFTA-ZON
370
13
100
AcDbLine
 10
20.0
 20
373.90909090909093
 30
0.0
 11
25.0
 21
373.90909090909093
 31
0.0
  0
LINE
  5
86C
330
808
100
AcDbEntity
 67
1
  8
G-PAFTA-ZON
370
13
100
AcDbLine
 10
826.0
 20
373.90909090909093
 30
0.0
 11
831.0
 21
373.90909090909093
 31
0.0
  0
TEXT
  5
86D
330
808
100
AcDbEntity
 67
1
  8
G-PAFTA-ZON
100
AcDbText
 10
22.5
 20
399.54545454545456
 30
0.0
 40
3.5
  1
H
  7
GYM
 72
1
 11
22.5
 21
399.54545454545456
 31
0.0
100
AcDbText
 73
2
  0
TEXT
  5
86E
330
808
100
AcDbEntity
 67
1
  8
G-PAFTA-ZON
100
AcDbText
 10
828.5
 20
399.54545454545456
 30
0.0
 40
3.5
  1
H
  7
GYM
 72
1
 11
828.5
 21
399.54545454545456
 31
0.0
100
AcDbText
 73
2
  0
LINE
  5
86F
330
808
100
AcDbEntity
 67
1
  8
G-PAFTA-ZON
370
13
100
AcDbLine
 10
20.0
 20
425.1818181818182
 30
0.0
 11
25.0
 21
425.1818181818182
 31
0.0
  0
LINE
  5
870
330
808
100
AcDbEntity
 67
1
  8
G-PAFTA-ZON
370
13
100
AcDbLine
 10
826.0
 20
425.1818181818182
 30
0.0
 11
831.0
 21
425.1818181818182
 31
0.0
  0
TEXT
  5
871
330
808
100
AcDbEntity
 67
1
  8
G-PAFTA-ZON
100
AcDbText
 10
22.5
 20
450.8181818181818
 30
0.0
 40
3.5
  1
J
  7
GYM
 72
1
 11
22.5
 21
450.8181818181818
 31
0.0
100
AcDbText
 73
2
  0
TEXT
  5
872
330
808
100
AcDbEntity
 67
1
  8
G-PAFTA-ZON
100
AcDbText
 10
828.5
 20
450.8181818181818
 30
0.0
 40
3.5
  1
J
  7
GYM
 72
1
 11
828.5
 21
450.8181818181818
 31
0.0
100
AcDbText
 73
2
  0
LINE
  5
873
330
808
100
AcDbEntity
 67
1
  8
G-PAFTA-ZON
370
13
100
AcDbLine
 10
20.0
 20
476.45454545454544
 30
0.0
 11
25.0
 21
476.45454545454544
 31
0.0
  0
LINE
  5
874
330
808
100
AcDbEntity
 67
1
  8
G-PAFTA-ZON
370
13
100
AcDbLine
 10
826.0
 20
476.45454545454544
 30
0.0
 11
831.0
 21
476.45454545454544
 31
0.0
  0
TEXT
  5
875
330
808
100
AcDbEntity
 67
1
  8
G-PAFTA-ZON
100
AcDbText
 10
22.5
 20
502.09090909090907
 30
0.0
 40
3.5
  1
K
  7
GYM
 72
1
 11
22.5
 21
502.09090909090907
 31
0.0
100
AcDbText
 73
2
  0
TEXT
  5
876
330
808
100
AcDbEntity
 67
1
  8
G-PAFTA-ZON
100
AcDbText
 10
828.5
 20
502.09090909090907
 30
0.0
 40
3.5
  1
K
  7
GYM
 72
1
 11
828.5
 21
502.09090909090907
 31
0.0
100
AcDbText
 73
2
  0
LINE
  5
877
330
808
100
AcDbEntity
 67
1
  8
G-PAFTA-ZON
370
13
100
AcDbLine
 10
20.0
 20
527.7272727272727
 30
0.0
 11
25.0
 21
527.7272727272727
 31
0.0
  0
LINE
  5
878
330
808
100
AcDbEntity
 67
1
  8
G-PAFTA-ZON
370
13
100
AcDbLine
 10
826.0
 20
527.7272727272727
 30
0.0
 11
831.0
 21
527.7272727272727
 31
0.0
  0
TEXT
  5
879
330
808
100
AcDbEntity
 67
1
  8
G-PAFTA-ZON
100
AcDbText
 10
22.5
 20
553.3636363636364
 30
0.0
 40
3.5
  1
L
  7
GYM
 72
1
 11
22.5
 21
553.3636363636364
 31
0.0
100
AcDbText
 73
2
  0
TEXT
  5
87A
330
808
100
AcDbEntity
 67
1
  8
G-PAFTA-ZON
100
AcDbText
 10
828.5
 20
553.3636363636364
 30
0.0
 40
3.5
  1
L
  7
GYM
 72
1
 11
828.5
 21
553.3636363636364
 31
0.0
100
AcDbText
 73
2
  0
LINE
  5
87B
330
808
100
AcDbEntity
 67
1
  8
G-CERCEVE
370
70
100
AcDbLine
 10
420.5
 20
0.0
 30
0.0
 11
420.5
 21
20.0
 31
0.0
  0
LINE
  5
87C
330
808
100
AcDbEntity
 67
1
  8
G-CERCEVE
370
70
100
AcDbLine
 10
420.5
 20
574.0
 30
0.0
 11
420.5
 21
594.0
 31
0.0
  0
LWPOLYLINE
  5
87D
330
808
100
AcDbEntity
 67
1
  8
G-CERCEVE
370
70
100
AcDbPolyline
 90
3
 70
1
 10
420.5
 20
593.0
 10
417.9
 20
586.0
 10
423.1
 20
586.0
  0
LINE
  5
87E
330
808
100
AcDbEntity
 67
1
  8
G-CERCEVE
370
70
100
AcDbLine
 10
0.0
 20
297.0
 30
0.0
 11
30.0
 21
297.0
 31
0.0
  0
LINE
  5
87F
330
808
100
AcDbEntity
 67
1
  8
G-CERCEVE
370
70
100
AcDbLine
 10
821.0
 20
297.0
 30
0.0
 11
841.0
 21
297.0
 31
0.0
  0
LWPOLYLINE
  5
880
330
808
100
AcDbEntity
 67
1
  8
G-CERCEVE
370
70
100
AcDbPolyline
 90
3
 70
1
 10
1.0
 20
297.0
 10
8.0
 20
294.4
 10
8.0
 20
299.6
  0
TEXT
  5
881
330
808
100
AcDbEntity
 67
1
  8
G-CERCEVE
100
AcDbText
 10
829.0
 20
5.0
 30
0.0
 40
2.5
  1
A1
  7
GYM
 72
2
 11
829.0
 21
5.0
 31
0.0
100
AcDbText
 73
2
  0
LWPOLYLINE
  5
882
330
808
100
AcDbEntity
 67
1
  8
G-CERCEVE
370
35
100
AcDbPolyline
 90
4
 70
1
 10
450.5
 20
2.0
 10
550.5
 20
2.0
 10
550.5
 20
6.0
 10
450.5
 20
6.0
  0
LINE
  5
883
330
808
100
AcDbEntity
 67
1
  8
G-CERCEVE
370
35
100
AcDbLine
 10
450.5
 20
2.0
 30
0.0
 11
450.5
 21
6.0
 31
0.0
  0
LINE
  5
884
330
808
100
AcDbEntity
 67
1
  8
G-CERCEVE
370
35
100
AcDbLine
 10
460.5
 20
2.0
 30
0.0
 11
460.5
 21
6.0
 31
0.0
  0
LINE
  5
885
330
808
100
AcDbEntity
 67
1
  8
G-CERCEVE
370
35
100
AcDbLine
 10
470.5
 20
2.0
 30
0.0
 11
470.5
 21
6.0
 31
0.0
  0
LINE
  5
886
330
808
100
AcDbEntity
 67
1
  8
G-CERCEVE
370
35
100
AcDbLine
 10
480.5
 20
2.0
 30
0.0
 11
480.5
 21
6.0
 31
0.0
  0
LINE
  5
887
330
808
100
AcDbEntity
 67
1
  8
G-CERCEVE
370
35
100
AcDbLine
 10
490.5
 20
2.0
 30
0.0
 11
490.5
 21
6.0
 31
0.0
  0
LINE
  5
888
330
808
100
AcDbEntity
 67
1
  8
G-CERCEVE
370
35
100
AcDbLine
 10
500.5
 20
2.0
 30
0.0
 11
500.5
 21
6.0
 31
0.0
  0
LINE
  5
889
330
808
100
AcDbEntity
 67
1
  8
G-CERCEVE
370
35
100
AcDbLine
 10
510.5
 20
2.0
 30
0.0
 11
510.5
 21
6.0
 31
0.0
  0
LINE
  5
88A
330
808
100
AcDbEntity
 67
1
  8
G-CERCEVE
370
35
100
AcDbLine
 10
520.5
 20
2.0
 30
0.0
 11
520.5
 21
6.0
 31
0.0
  0
LINE
  5
88B
330
808
100
AcDbEntity
 67
1
  8
G-CERCEVE
370
35
100
AcDbLine
 10
530.5
 20
2.0
 30
0.0
 11
530.5
 21
6.0
 31
0.0
  0
LINE
  5
88C
330
808
100
AcDbEntity
 67
1
  8
G-CERCEVE
370
35
100
AcDbLine
 10
540.5
 20
2.0
 30
0.0
 11
540.5
 21
6.0
 31
0.0
  0
LINE
  5
88D
330
808
100
AcDbEntity
 67
1
  8
G-CERCEVE
370
35
100
AcDbLine
 10
550.5
 20
2.0
 30
0.0
 11
550.5
 21
6.0
 31
0.0
  0
TEXT
  5
88E
330
808
100
AcDbEntity
 67
1
  8
G-CERCEVE
100
AcDbText
 10
554.5
 20
4.0
 30
0.0
 40
1.8
  1
100 mm
  7
GYM
 11
554.5
 21
4.0
 31
0.0
100
AcDbText
 73
2
  0
LWPOLYLINE
  5
88F
330
808
100
AcDbEntity
 67
1
  8
G-ANTET
370
100
100
AcDbPolyline
 90
4
 70
1
 10
651.0
 20
15.0
 10
831.0
 20
15.0
 10
831.0
 20
107.0
 10
651.0
 20
107.0
  0
LINE
  5
890
330
808
100
AcDbEntity
 67
1
  8
G-ANTET
370
35
100
AcDbLine
 10
651.0
 20
25.0
 30
0.0
 11
831.0
 21
25.0
 31
0.0
  0
LINE
  5
891
330
808
100
AcDbEntity
 67
1
  8
G-ANTET
370
35
100
AcDbLine
 10
651.0
 20
35.0
 30
0.0
 11
831.0
 21
35.0
 31
0.0
  0
LINE
  5
892
330
808
100
AcDbEntity
 67
1
  8
G-ANTET
370
35
100
AcDbLine
 10
651.0
 20
45.0
 30
0.0
 11
831.0
 21
45.0
 31
0.0
  0
LINE
  5
893
330
808
100
AcDbEntity
 67
1
  8
G-ANTET
370
35
100
AcDbLine
 10
651.0
 20
57.0
 30
0.0
 11
831.0
 21
57.0
 31
0.0
  0
LINE
  5
894
330
808
100
AcDbEntity
 67
1
  8
G-ANTET
370
35
100
AcDbLine
 10
651.0
 20
69.0
 30
0.0
 11
831.0
 21
69.0
 31
0.0
  0
LINE
  5
895
330
808
100
AcDbEntity
 67
1
  8
G-ANTET
370
35
100
AcDbLine
 10
651.0
 20
83.0
 30
0.0
 11
831.0
 21
83.0
 31
0.0
  0
LINE
  5
896
330
808
100
AcDbEntity
 67
1
  8
G-ANTET
370
35
100
AcDbLine
 10
711.0
 20
15.0
 30
0.0
 11
711.0
 21
45.0
 31
0.0
  0
LINE
  5
897
330
808
100
AcDbEntity
 67
1
  8
G-ANTET
370
35
100
AcDbLine
 10
771.0
 20
15.0
 30
0.0
 11
771.0
 21
45.0
 31
0.0
  0
LINE
  5
898
330
808
100
AcDbEntity
 67
1
  8
G-ANTET
370
35
100
AcDbLine
 10
769.0
 20
45.0
 30
0.0
 11
769.0
 21
69.0
 31
0.0
  0
TEXT
  5
899
330
808
100
AcDbEntity
 67
1
  8
G-ANTET
100
AcDbText
 10
652.6
 20
103.0
 30
0.0
 40
1.8
  1
İŞVEREN
  7
GYM
 11
652.6
 21
103.0
 31
0.0
100
AcDbText
 73
2
  0
TEXT
  5
89A
330
808
100
AcDbEntity
 67
1
  8
G-ANTET
100
AcDbText
 10
652.6
 20
98.0
 30
0.0
 40
2.5
  1
ÖZEL — MALTEPE / İDEALTEPE
  7
GYM
 11
652.6
 21
98.0
 31
0.0
100
AcDbText
 73
2
  0
TEXT
  5
89B
330
808
100
AcDbEntity
 67
1
  8
G-ANTET
100
AcDbText
 10
652.6
 20
93.0
 30
0.0
 40
1.8
  1
PROJE
  7
GYM
 11
652.6
 21
93.0
 31
0.0
100
AcDbText
 73
2
  0
TEXT
  5
89C
330
808
100
AcDbEntity
 67
1
  8
G-ANTET
100
AcDbText
 10
652.6
 20
87.2
 30
0.0
 40
3.5
  1
MOBİLYA MAĞAZASI → FONKSİYONEL ANTRENMAN STÜDYOSU
  7
GYM
 11
652.6
 21
87.2
 31
0.0
100
AcDbText
 73
2
  0
TEXT
  5
89D
330
808
100
AcDbEntity
 67
1
  8
G-ANTET
100
AcDbText
 10
652.6
 20
78.0
 30
0.0
 40
1.8
  1
YAPI / MAHAL
  7
GYM
 11
652.6
 21
78.0
 31
0.0
100
AcDbText
 73
2
  0
TEXT
  5
89E
330
808
100
AcDbEntity
 67
1
  8
G-ANTET
100
AcDbText
 10
652.6
 20
72.0
 30
0.0
 40
2.5
  1
İdealtepe Mah. · zemin kat dükkân · 103,78 m² iç alan
  7
GYM
 11
652.6
 21
72.0
 31
0.0
100
AcDbText
 73
2
  0
TEXT
  5
89F
330
808
100
AcDbEntity
 67
1
  8
G-ANTET
100
AcDbText
 10
771.4
 20
78.0
 30
0.0
 40
1.8
  1
DİSİPLİN
  7
GYM
 11
771.4
 21
78.0
 31
0.0
100
AcDbText
 73
2
  0
TEXT
  5
8A0
330
808
100
AcDbEntity
 67
1
  8
G-ANTET
100
AcDbText
 10
771.4
 20
72.0
 30
0.0
 40
2.5
  1
ELEKTRİK
  7
GYM
 11
771.4
 21
72.0
 31
0.0
100
AcDbText
 73
2
  0
LINE
  5
8A1
330
808
100
AcDbEntity
 67
1
  8
G-ANTET
370
35
100
AcDbLine
 10
769.0
 20
69.0
 30
0.0
 11
769.0
 21
83.0
 31
0.0
  0
TEXT
  5
8A2
330
808
100
AcDbEntity
 67
1
  8
G-ANTET
100
AcDbText
 10
652.6
 20
65.0
 30
0.0
 40
1.8
  1
PAFTA ADI
  7
GYM
 11
652.6
 21
65.0
 31
0.0
100
AcDbText
 73
2
  0
TEXT
  5
8A3
330
808
100
AcDbEntity
 67
1
  8
G-ANTET
100
AcDbText
 10
652.6
 20
59.8
 30
0.0
 40
3.5
  1
PRİZ VE KUVVET PLANI
  7
GYM
 11
652.6
 21
59.8
 31
0.0
100
AcDbText
 73
2
  0
TEXT
  5
8A4
330
808
100
AcDbEntity
 67
1
  8
G-ANTET
100
AcDbText
 10
771.4
 20
59.8
 30
0.0
 40
1.8
  1
Priz · kuvvet linyeleri · cihaz beslemeleri
  7
GYM
 11
771.4
 21
59.8
 31
0.0
100
AcDbText
 73
2
  0
TEXT
  5
8A5
330
808
100
AcDbEntity
 67
1
  8
G-ANTET
100
AcDbText
 10
652.6
 20
53.0
 30
0.0
 40
1.8
  1
PROJE MÜELLİFİ · ODA SİCİL NO
  7
GYM
 11
652.6
 21
53.0
 31
0.0
100
AcDbText
 73
2
  0
TEXT
  5
8A6
330
808
100
AcDbEntity
 67
1
  8
G-ANTET
100
AcDbText
 10
652.6
 20
47.8
 30
0.0
 40
2.5
  1
—   Oda sicil no: —
  7
GYM
 11
652.6
 21
47.8
 31
0.0
100
AcDbText
 73
2
  0
TEXT
  5
8A7
330
808
100
AcDbEntity
 67
1
  8
G-ANTET
100
AcDbText
 10
652.6
 20
42.0
 30
0.0
 40
1.8
  1
ÇİZEN
  7
GYM
 11
652.6
 21
42.0
 31
0.0
100
AcDbText
 73
2
  0
TEXT
  5
8A8
330
808
100
AcDbEntity
 67
1
  8
G-ANTET
100
AcDbText
 10
652.6
 20
37.6
 30
0.0
 40
2.5
  1
CC
  7
GYM
 11
652.6
 21
37.6
 31
0.0
100
AcDbText
 73
2
  0
TEXT
  5
8A9
330
808
100
AcDbEntity
 67
1
  8
G-ANTET
100
AcDbText
 10
712.6
 20
42.0
 30
0.0
 40
1.8
  1
KONTROL
  7
GYM
 11
712.6
 21
42.0
 31
0.0
100
AcDbText
 73
2
  0
TEXT
  5
8AA
330
808
100
AcDbEntity
 67
1
  8
G-ANTET
100
AcDbText
 10
712.6
 20
37.6
 30
0.0
 40
2.5
  1
—
  7
GYM
 11
712.6
 21
37.6
 31
0.0
100
AcDbText
 73
2
  0
TEXT
  5
8AB
330
808
100
AcDbEntity
 67
1
  8
G-ANTET
100
AcDbText
 10
772.6
 20
42.0
 30
0.0
 40
1.8
  1
ONAY
  7
GYM
 11
772.6
 21
42.0
 31
0.0
100
AcDbText
 73
2
  0
TEXT
  5
8AC
330
808
100
AcDbEntity
 67
1
  8
G-ANTET
100
AcDbText
 10
772.6
 20
37.6
 30
0.0
 40
2.5
  1
—
  7
GYM
 11
772.6
 21
37.6
 31
0.0
100
AcDbText
 73
2
  0
TEXT
  5
8AD
330
808
100
AcDbEntity
 67
1
  8
G-ANTET
100
AcDbText
 10
652.6
 20
32.0
 30
0.0
 40
1.8
  1
TARİH
  7
GYM
 11
652.6
 21
32.0
 31
0.0
100
AcDbText
 73
2
  0
TEXT
  5
8AE
330
808
100
AcDbEntity
 67
1
  8
G-ANTET
100
AcDbText
 10
652.6
 20
27.6
 30
0.0
 40
2.5
  1
17 Eylül 2026
  7
GYM
 11
652.6
 21
27.6
 31
0.0
100
AcDbText
 73
2
  0
TEXT
  5
8AF
330
808
100
AcDbEntity
 67
1
  8
G-ANTET
100
AcDbText
 10
712.6
 20
32.0
 30
0.0
 40
1.8
  1
ÖLÇEK
  7
GYM
 11
712.6
 21
32.0
 31
0.0
100
AcDbText
 73
2
  0
TEXT
  5
8B0
330
808
100
AcDbEntity
 67
1
  8
G-ANTET
100
AcDbText
 10
712.6
 20
27.6
 30
0.0
 40
3.5
  1
1:50
  7
GYM
 11
712.6
 21
27.6
 31
0.0
100
AcDbText
 73
2
  0
TEXT
  5
8B1
330
808
100
AcDbEntity
 67
1
  8
G-ANTET
100
AcDbText
 10
772.6
 20
32.0
 30
0.0
 40
1.8
  1
BİRİM
  7
GYM
 11
772.6
 21
32.0
 31
0.0
100
AcDbText
 73
2
  0
TEXT
  5
8B2
330
808
100
AcDbEntity
 67
1
  8
G-ANTET
100
AcDbText
 10
772.6
 20
27.6
 30
0.0
 40
2.5
  1
milimetre (mm)
  7
GYM
 11
772.6
 21
27.6
 31
0.0
100
AcDbText
 73
2
  0
TEXT
  5
8B3
330
808
100
AcDbEntity
 67
1
  8
G-ANTET
100
AcDbText
 10
652.6
 20
22.0
 30
0.0
 40
1.8
  1
DURUM
  7
GYM
 11
652.6
 21
22.0
 31
0.0
100
AcDbText
 73
2
  0
TEXT
  5
8B4
330
808
100
AcDbEntity
 67
1
  8
G-ANTET
100
AcDbText
 10
652.6
 20
17.6
 30
0.0
 40
2.5
  1
ÖN TASARIM
  7
GYM
 11
652.6
 21
17.6
 31
0.0
100
AcDbText
 73
2
  0
TEXT
  5
8B5
330
808
100
AcDbEntity
 67
1
  8
G-ANTET
100
AcDbText
 10
712.6
 20
22.0
 30
0.0
 40
1.8
  1
PAFTA NO
  7
GYM
 11
712.6
 21
22.0
 31
0.0
100
AcDbText
 73
2
  0
TEXT
  5
8B6
330
808
100
AcDbEntity
 67
1
  8
G-ANTET
100
AcDbText
 10
712.6
 20
17.6
 30
0.0
 40
5.0
  1
E-02
  7
GYM
 11
712.6
 21
17.6
 31
0.0
100
AcDbText
 73
2
  0
TEXT
  5
8B7
330
808
100
AcDbEntity
 67
1
  8
G-ANTET
100
AcDbText
 10
772.6
 20
22.0
 30
0.0
 40
1.8
  1
REV
  7
GYM
 11
772.6
 21
22.0
 31
0.0
100
AcDbText
 73
2
  0
TEXT
  5
8B8
330
808
100
AcDbEntity
 67
1
  8
G-ANTET
100
AcDbText
 10
772.6
 20
17.6
 30
0.0
 40
5.0
  1
G
  7
GYM
 11
772.6
 21
17.6
 31
0.0
100
AcDbText
 73
2
  0
TEXT
  5
8B9
330
808
100
AcDbEntity
 67
1
  8
G-ANTET
100
AcDbText
 10
801.0
 20
18.0
 30
0.0
 40
1.8
  1
SONRAKİ: E-03
  7
GYM
 11
801.0
 21
18.0
 31
0.0
100
AcDbText
 73
2
  0
LWPOLYLINE
  5
8BA
330
808
100
AcDbEntity
 67
1
  8
G-ANTET
370
50
100
AcDbPolyline
 90
4
 70
1
 10
651.0
 20
107.0
 10
831.0
 20
107.0
 10
831.0
 20
143.0
 10
651.0
 20
143.0
  0
LINE
  5
8BB
330
808
100
AcDbEntity
 67
1
  8
G-ANTET
370
18
100
AcDbLine
 10
651.0
 20
107.0
 30
0.0
 11
831.0
 21
107.0
 31
0.0
  0
LINE
  5
8BC
330
808
100
AcDbEntity
 67
1
  8
G-ANTET
370
18
100
AcDbLine
 10
651.0
 20
113.0
 30
0.0
 11
831.0
 21
113.0
 31
0.0
  0
LINE
  5
8BD
330
808
100
AcDbEntity
 67
1
  8
G-ANTET
370
18
100
AcDbLine
 10
651.0
 20
119.0
 30
0.0
 11
831.0
 21
119.0
 31
0.0
  0
LINE
  5
8BE
330
808
100
AcDbEntity
 67
1
  8
G-ANTET
370
18
100
AcDbLine
 10
651.0
 20
125.0
 30
0.0
 11
831.0
 21
125.0
 31
0.0
  0
LINE
  5
8BF
330
808
100
AcDbEntity
 67
1
  8
G-ANTET
370
18
100
AcDbLine
 10
651.0
 20
131.0
 30
0.0
 11
831.0
 21
131.0
 31
0.0
  0
LINE
  5
8C0
330
808
100
AcDbEntity
 67
1
  8
G-ANTET
370
18
100
AcDbLine
 10
651.0
 20
137.0
 30
0.0
 11
831.0
 21
137.0
 31
0.0
  0
LINE
  5
8C1
330
808
100
AcDbEntity
 67
1
  8
G-ANTET
370
18
100
AcDbLine
 10
663.0
 20
107.0
 30
0.0
 11
663.0
 21
143.0
 31
0.0
  0
LINE
  5
8C2
330
808
100
AcDbEntity
 67
1
  8
G-ANTET
370
18
100
AcDbLine
 10
687.0
 20
107.0
 30
0.0
 11
687.0
 21
143.0
 31
0.0
  0
LINE
  5
8C3
330
808
100
AcDbEntity
 67
1
  8
G-ANTET
370
18
100
AcDbLine
 10
777.0
 20
107.0
 30
0.0
 11
777.0
 21
143.0
 31
0.0
  0
LINE
  5
8C4
330
808
100
AcDbEntity
 67
1
  8
G-ANTET
370
18
100
AcDbLine
 10
795.0
 20
107.0
 30
0.0
 11
795.0
 21
143.0
 31
0.0
  0
LINE
  5
8C5
330
808
100
AcDbEntity
 67
1
  8
G-ANTET
370
18
100
AcDbLine
 10
813.0
 20
107.0
 30
0.0
 11
813.0
 21
143.0
 31
0.0
  0
TEXT
  5
8C6
330
808
100
AcDbEntity
 67
1
  8
G-ANTET
100
AcDbText
 10
652.2
 20
140.0
 30
0.0
 40
1.8
  1
REV
  7
GYM
 11
652.2
 21
140.0
 31
0.0
100
AcDbText
 73
2
  0
TEXT
  5
8C7
330
808
100
AcDbEntity
 67
1
  8
G-ANTET
100
AcDbText
 10
664.2
 20
140.0
 30
0.0
 40
1.8
  1
TARİH
  7
GYM
 11
664.2
 21
140.0
 31
0.0
100
AcDbText
 73
2
  0
TEXT
  5
8C8
330
808
100
AcDbEntity
 67
1
  8
G-ANTET
100
AcDbText
 10
688.2
 20
140.0
 30
0.0
 40
1.8
  1
AÇIKLAMA
  7
GYM
 11
688.2
 21
140.0
 31
0.0
100
AcDbText
 73
2
  0
TEXT
  5
8C9
330
808
100
AcDbEntity
 67
1
  8
G-ANTET
100
AcDbText
 10
778.2
 20
140.0
 30
0.0
 40
1.8
  1
ÇZ
  7
GYM
 11
778.2
 21
140.0
 31
0.0
100
AcDbText
 73
2
  0
TEXT
  5
8CA
330
808
100
AcDbEntity
 67
1
  8
G-ANTET
100
AcDbText
 10
796.2
 20
140.0
 30
0.0
 40
1.8
  1
KT
  7
GYM
 11
796.2
 21
140.0
 31
0.0
100
AcDbText
 73
2
  0
TEXT
  5
8CB
330
808
100
AcDbEntity
 67
1
  8
G-ANTET
100
AcDbText
 10
814.2
 20
140.0
 30
0.0
 40
1.8
  1
ON
  7
GYM
 11
814.2
 21
140.0
 31
0.0
100
AcDbText
 73
2
  0
TEXT
  5
8CC
330
808
100
AcDbEntity
 67
1
  8
G-ANTET
100
AcDbText
 10
652.2
 20
134.0
 30
0.0
 40
1.8
  1
A
  7
GYM
 11
652.2
 21
134.0
 31
0.0
100
AcDbText
 73
2
  0
TEXT
  5
8CD
330
808
100
AcDbEntity
 67
1
  8
G-ANTET
100
AcDbText
 10
664.2
 20
134.0
 30
0.0
 40
1.8
  1
17.09.2026
  7
GYM
 11
664.2
 21
134.0
 31
0.0
100
AcDbText
 73
2
  0
TEXT
  5
8CE
330
808
100
AcDbEntity
 67
1
  8
G-ANTET
100
AcDbText
 10
688.2
 20
134.0
 30
0.0
 40
1.8
  1
İlk yayın — ön tasarım
  7
GYM
 11
688.2
 21
134.0
 31
0.0
100
AcDbText
 73
2
  0
TEXT
  5
8CF
330
808
100
AcDbEntity
 67
1
  8
G-ANTET
100
AcDbText
 10
778.2
 20
134.0
 30
0.0
 40
1.8
  1
CC
  7
GYM
 11
778.2
 21
134.0
 31
0.0
100
AcDbText
 73
2
  0
TEXT
  5
8D0
330
808
100
AcDbEntity
 67
1
  8
G-ANTET
100
AcDbText
 10
796.2
 20
134.0
 30
0.0
 40
1.8
  1
—
  7
GYM
 11
796.2
 21
134.0
 31
0.0
100
AcDbText
 73
2
  0
TEXT
  5
8D1
330
808
100
AcDbEntity
 67
1
  8
G-ANTET
100
AcDbText
 10
814.2
 20
134.0
 30
0.0
 40
1.8
  1
—
  7
GYM
 11
814.2
 21
134.0
 31
0.0
100
AcDbText
 73
2
  0
TEXT
  5
8D2
330
808
100
AcDbEntity
 67
1
  8
G-ANTET
100
AcDbText
 10
652.2
 20
128.0
 30
0.0
 40
1.8
  1
B
  7
GYM
 11
652.2
 21
128.0
 31
0.0
100
AcDbText
 73
2
  0
TEXT
  5
8D3
330
808
100
AcDbEntity
 67
1
  8
G-ANTET
100
AcDbText
 10
664.2
 20
128.0
 30
0.0
 40
1.8
  1
18.09.2026
  7
GYM
 11
664.2
 21
128.0
 31
0.0
100
AcDbText
 73
2
  0
TEXT
  5
8D4
330
808
100
AcDbEntity
 67
1
  8
G-ANTET
100
AcDbText
 10
688.2
 20
128.0
 30
0.0
 40
1.8
  1
Aks sistemi, zincir ölçü, ISO 5457/7200 pafta
  7
GYM
 11
688.2
 21
128.0
 31
0.0
100
AcDbText
 73
2
  0
TEXT
  5
8D5
330
808
100
AcDbEntity
 67
1
  8
G-ANTET
100
AcDbText
 10
778.2
 20
128.0
 30
0.0
 40
1.8
  1
CC
  7
GYM
 11
778.2
 21
128.0
 31
0.0
100
AcDbText
 73
2
  0
TEXT
  5
8D6
330
808
100
AcDbEntity
 67
1
  8
G-ANTET
100
AcDbText
 10
796.2
 20
128.0
 30
0.0
 40
1.8
  1
—
  7
GYM
 11
796.2
 21
128.0
 31
0.0
100
AcDbText
 73
2
  0
TEXT
  5
8D7
330
808
100
AcDbEntity
 67
1
  8
G-ANTET
100
AcDbText
 10
814.2
 20
128.0
 30
0.0
 40
1.8
  1
—
  7
GYM
 11
814.2
 21
128.0
 31
0.0
100
AcDbText
 73
2
  0
TEXT
  5
8D8
330
808
100
AcDbEntity
 67
1
  8
G-ANTET
100
AcDbText
 10
652.2
 20
122.0
 30
0.0
 40
1.8
  1
C
  7
GYM
 11
652.2
 21
122.0
 31
0.0
100
AcDbText
 73
2
  0
TEXT
  5
8D9
330
808
100
AcDbEntity
 67
1
  8
G-ANTET
100
AcDbText
 10
664.2
 20
122.0
 30
0.0
 40
1.8
  1
18.09.2026
  7
GYM
 11
664.2
 21
122.0
 31
0.0
100
AcDbText
 73
2
  0
TEXT
  5
8DA
330
808
100
AcDbEntity
 67
1
  8
G-ANTET
100
AcDbText
 10
688.2
 20
122.0
 30
0.0
 40
1.8
  1
A1 pafta, tekil DXF, ADP tek hat şeması CAD'de
  7
GYM
 11
688.2
 21
122.0
 31
0.0
100
AcDbText
 73
2
  0
TEXT
  5
8DB
330
808
100
AcDbEntity
 67
1
  8
G-ANTET
100
AcDbText
 10
778.2
 20
122.0
 30
0.0
 40
1.8
  1
CC
  7
GYM
 11
778.2
 21
122.0
 31
0.0
100
AcDbText
 73
2
  0
TEXT
  5
8DC
330
808
100
AcDbEntity
 67
1
  8
G-ANTET
100
AcDbText
 10
796.2
 20
122.0
 30
0.0
 40
1.8
  1
—
  7
GYM
 11
796.2
 21
122.0
 31
0.0
100
AcDbText
 73
2
  0
TEXT
  5
8DD
330
808
100
AcDbEntity
 67
1
  8
G-ANTET
100
AcDbText
 10
814.2
 20
122.0
 30
0.0
 40
1.8
  1
—
  7
GYM
 11
814.2
 21
122.0
 31
0.0
100
AcDbText
 73
2
  0
VIEWPORT
  5
8DE
330
808
100
AcDbEntity
 67
1
  8
G-VIEWPORT
100
AcDbViewport
 10
337.0
 20
297.0
 30
0.0
 40
616.0
 41
556.0
 68
1
 69
3
 12
5781.402523373163
 22
6494.971236472614
 13
0.0
 23
0.0
 14
10.0
 24
10.0
 15
10.0
 25
10.0
 16
0.0
 26
0.0
 36
1.0
 17
0.0
 27
0.0
 37
0.0
 42
50.0
 43
0.0
 44
0.0
 45
27800.0
 50
0.0
 51
0.0
 72
100
331
9D
331
9E
331
9F
331
A0
331
A1
331
A2
331
A3
331
A4
331
A5
331
A6
331
A7
331
A8
331
A9
331
AA
331
AB
331
AC
331
AD
331
AE
331
AF
331
B2
331
B3
331
B4
331
B5
331
B6
331
B7
331
B8
331
BC
 90
0
  1

281
0
 71
0
 74
0
110
0.0
120
0.0
130
0.0
111
1.0
121
0.0
131
0.0
112
0.0
122
1.0
132
0.0
 79
0
146
0.0
282
0
  0
LWPOLYLINE
  5
8DF
330
808
100
AcDbEntity
 67
1
  8
G-CERCEVE
370
18
100
AcDbPolyline
 90
4
 70
1
 10
29.0
 20
19.0
 10
645.0
 20
19.0
 10
645.0
 20
575.0
 10
29.0
 20
575.0
  0
CIRCLE
  5
8E0
330
808
100
AcDbEntity
 67
1
  8
G-ANTET
370
35
100
AcDbCircle
 10
628.0
 20
558.0
 30
0.0
 40
9.0
  0
LWPOLYLINE
  5
8E1
330
808
100
AcDbEntity
 67
1
  8
G-ANTET
370
50
100
AcDbPolyline
 90
4
 70
1
 10
628.0
 20
565.74
 10
624.94
 20
553.32
 10
628.0
 20
556.38
 10
631.06
 20
553.32
  0
HATCH
  5
8E2
330
808
100
AcDbEntity
 67
1
  8
G-ANTET
 62
7
100
AcDbHatch
 10
0.0
 20
0.0
 30
0.0
210
0.0
220
0.0
230
1.0
  2
SOLID
 70
1
 71
0
 91
1
 92
3
 72
0
 73
1
 93
3
 10
628.0
 20
565.74
 10
624.94
 20
553.32
 10
628.0
 20
556.38
 97
0
 75
0
 76
1
 98
0
  0
TEXT
  5
8E3
330
808
100
AcDbEntity
 67
1
  8
G-ANTET
100
AcDbText
 10
628.0
 20
545.0
 30
0.0
 40
3.5
  1
K
  7
GYM
 72
1
 11
628.0
 21
545.0
 31
0.0
100
AcDbText
 73
2
  0
HATCH
  5
8E4
330
808
100
AcDbEntity
 67
1
  8
G-ANTET
 62
7
100
AcDbHatch
 10
0.0
 20
0.0
 30
0.0
210
0.0
220
0.0
230
1.0
  2
SOLID
 70
1
 71
0
 91
1
 92
3
 72
0
 73
1
 93
4
 10
37.0
 20
27.0
 10
57.0
 20
27.0
 10
57.0
 20
29.2
 10
37.0
 20
29.2
 97
0
 75
0
 76
1
 98
0
  0
LWPOLYLINE
  5
8E5
330
808
100
AcDbEntity
 67
1
  8
G-ANTET
370
18
100
AcDbPolyline
 90
4
 70
1
 10
37.0
 20
27.0
 10
57.0
 20
27.0
 10
57.0
 20
29.2
 10
37.0
 20
29.2
  0
HATCH
  5
8E6
330
808
100
AcDbEntity
 67
1
  8
G-ANTET
 62
0
100
AcDbHatch
 10
0.0
 20
0.0
 30
0.0
210
0.0
220
0.0
230
1.0
  2
SOLID
 70
1
 71
0
 91
1
 92
3
 72
0
 73
1
 93
4
 10
57.0
 20
27.0
 10
77.0
 20
27.0
 10
77.0
 20
29.2
 10
57.0
 20
29.2
 97
0
 75
0
 76
1
 98
0
  0
LWPOLYLINE
  5
8E7
330
808
100
AcDbEntity
 67
1
  8
G-ANTET
370
18
100
AcDbPolyline
 90
4
 70
1
 10
57.0
 20
27.0
 10
77.0
 20
27.0
 10
77.0
 20
29.2
 10
57.0
 20
29.2
  0
HATCH
  5
8E8
330
808
100
AcDbEntity
 67
1
  8
G-ANTET
 62
7
100
AcDbHatch
 10
0.0
 20
0.0
 30
0.0
210
0.0
220
0.0
230
1.0
  2
SOLID
 70
1
 71
0
 91
1
 92
3
 72
0
 73
1
 93
4
 10
77.0
 20
27.0
 10
97.0
 20
27.0
 10
97.0
 20
29.2
 10
77.0
 20
29.2
 97
0
 75
0
 76
1
 98
0
  0
LWPOLYLINE
  5
8E9
330
808
100
AcDbEntity
 67
1
  8
G-ANTET
370
18
100
AcDbPolyline
 90
4
 70
1
 10
77.0
 20
27.0
 10
97.0
 20
27.0
 10
97.0
 20
29.2
 10
77.0
 20
29.2
  0
HATCH
  5
8EA
330
808
100
AcDbEntity
 67
1
  8
G-ANTET
 62
0
100
AcDbHatch
 10
0.0
 20
0.0
 30
0.0
210
0.0
220
0.0
230
1.0
  2
SOLID
 70
1
 71
0
 91
1
 92
3
 72
0
 73
1
 93
4
 10
97.0
 20
27.0
 10
117.0
 20
27.0
 10
117.0
 20
29.2
 10
97.0
 20
29.2
 97
0
 75
0
 76
1
 98
0
  0
LWPOLYLINE
  5
8EB
330
808
100
AcDbEntity
 67
1
  8
G-ANTET
370
18
100
AcDbPolyline
 90
4
 70
1
 10
97.0
 20
27.0
 10
117.0
 20
27.0
 10
117.0
 20
29.2
 10
97.0
 20
29.2
  0
HATCH
  5
8EC
330
808
100
AcDbEntity
 67
1
  8
G-ANTET
 62
7
100
AcDbHatch
 10
0.0
 20
0.0
 30
0.0
210
0.0
220
0.0
230
1.0
  2
SOLID
 70
1
 71
0
 91
1
 92
3
 72
0
 73
1
 93
4
 10
117.0
 20
27.0
 10
137.0
 20
27.0
 10
137.0
 20
29.2
 10
117.0
 20
29.2
 97
0
 75
0
 76
1
 98
0
  0
LWPOLYLINE
  5
8ED
330
808
100
AcDbEntity
 67
1
  8
G-ANTET
370
18
100
AcDbPolyline
 90
4
 70
1
 10
117.0
 20
27.0
 10
137.0
 20
27.0
 10
137.0
 20
29.2
 10
117.0
 20
29.2
  0
TEXT
  5
8EE
330
808
100
AcDbEntity
 67
1
  8
G-ANTET
100
AcDbText
 10
37.0
 20
23.8
 30
0.0
 40
1.8
  1
0
  7
GYM
 72
1
 11
37.0
 21
23.8
 31
0.0
100
AcDbText
 73
2
  0
TEXT
  5
8EF
330
808
100
AcDbEntity
 67
1
  8
G-ANTET
100
AcDbText
 10
57.0
 20
23.8
 30
0.0
 40
1.8
  1
1
  7
GYM
 72
1
 11
57.0
 21
23.8
 31
0.0
100
AcDbText
 73
2
  0
TEXT
  5
8F0
330
808
100
AcDbEntity
 67
1
  8
G-ANTET
100
AcDbText
 10
77.0
 20
23.8
 30
0.0
 40
1.8
  1
2
  7
GYM
 72
1
 11
77.0
 21
23.8
 31
0.0
100
AcDbText
 73
2
  0
TEXT
  5
8F1
330
808
100
AcDbEntity
 67
1
  8
G-ANTET
100
AcDbText
 10
97.0
 20
23.8
 30
0.0
 40
1.8
  1
3
  7
GYM
 72
1
 11
97.0
 21
23.8
 31
0.0
100
AcDbText
 73
2
  0
TEXT
  5
8F2
330
808
100
AcDbEntity
 67
1
  8
G-ANTET
100
AcDbText
 10
117.0
 20
23.8
 30
0.0
 40
1.8
  1
4
  7
GYM
 72
1
 11
117.0
 21
23.8
 31
0.0
100
AcDbText
 73
2
  0
TEXT
  5
8F3
330
808
100
AcDbEntity
 67
1
  8
G-ANTET
100
AcDbText
 10
137.0
 20
23.8
 30
0.0
 40
1.8
  1
5
  7
GYM
 72
1
 11
137.0
 21
23.8
 31
0.0
100
AcDbText
 73
2
  0
TEXT
  5
8F4
330
808
100
AcDbEntity
 67
1
  8
G-ANTET
100
AcDbText
 10
140.0
 20
28.1
 30
0.0
 40
1.8
  1
m
  7
GYM
 11
140.0
 21
28.1
 31
0.0
100
AcDbText
 73
2
  0
TEXT
  5
8F5
330
808
100
AcDbEntity
 67
1
  8
G-ANTET
100
AcDbText
 10
37.0
 20
31.0
 30
0.0
 40
1.8
  1
ÖLÇEK 1:50
  7
GYM
 11
37.0
 21
31.0
 31
0.0
100
AcDbText
 73
2
  0
LWPOLYLINE
  5
8F6
330
808
100
AcDbEntity
 67
1
  8
G-ANTET
 62
1
370
50
100
AcDbPolyline
 90
4
 70
1
 10
573.0
 20
27.0
 10
643.0
 20
27.0
 10
643.0
 20
36.0
 10
573.0
 20
36.0
  0
TEXT
  5
8F7
330
808
100
AcDbEntity
 67
1
  8
G-ANTET
 62
1
100
AcDbText
 10
608.0
 20
31.5
 30
0.0
 40
1.8
  1
ÖN TASARIM — UYGULAMA İÇİN DEĞİLDİR
  7
GYM
 72
1
 11
608.0
 21
31.5
 31
0.0
100
AcDbText
 73
2
  0
TEXT
  5
8F8
330
808
100
AcDbEntity
 67
1
  8
G-YAZI
100
AcDbText
 10
31.0
 20
577.2
 30
0.0
 40
1.8
  1
ÖLÇÜ ALINMAZ — YAZILI ÖLÇÜLER GEÇERLİDİR
  7
GYM
 11
31.0
 21
577.2
 31
0.0
100
AcDbText
 73
2
  0
TEXT
  5
8F9
330
808
100
AcDbEntity
 67
1
  8
G-YAZI
100
AcDbText
 10
651.0
 20
573.0
 30
0.0
 40
3.5
  1
ANAHTAR PLAN
  7
GYM
 11
651.0
 21
573.0
 31
0.0
100
AcDbText
 73
2
  0
LINE
  5
8FA
330
808
100
AcDbEntity
 67
1
  8
G-YAZI
370
35
100
AcDbLine
 10
651.0
 20
570.6
 30
0.0
 11
831.0
 21
570.6
 31
0.0
  0
LWPOLYLINE
  5
8FB
330
808
100
AcDbEntity
 67
1
  8
G-ANTET
370
35
100
AcDbPolyline
 90
4
 70
1
 10
651.0
 20
518.0
 10
831.0
 20
518.0
 10
831.0
 20
566.0
 10
651.0
 20
566.0
  0
LWPOLYLINE
  5
8FC
330
808
100
AcDbEntity
 67
1
  8
G-ANTET
370
35
100
AcDbPolyline
 90
28
 70
1
 10
757.1062355658198
 20
537.270207852194
 10
758.8029253271748
 20
525.3995381062356
 10
755.3941493456505
 20
525.2209391839876
 10
755.2217090069284
 20
526.7482678983833
 10
754.3471901462664
 20
526.7174749807544
 10
754.4518860662048
 20
525.1347190146266
 10
752.5349479953162
 20
523.6045316071629
 10
752.545804464973
 20
523.5334872979215
 10
750.676674364896
 20
522.0
 10
733.1770592763664
 20
522.0
 10
729.2232486528098
 20
526.788298691301
 10
728.5304080061586
 20
525.3102386451117
 10
724.9799846035412
 20
525.8398768283295
 10
723.1970746728252
 20
543.0623556581986
 10
726.6951501154734
 20
543.342571208622
 10
725.8237105465743
 20
547.7798306389531
 10
742.8799076212471
 20
549.6058506543495
 10
741.1801385681293
 20
560.4880677444188
 10
753.6358737490377
 20
562.0
 10
755.5019245573518
 20
549.008468052348
 10
748.7983063895304
 20
548.0569668976135
 10
749.3267740458115
 20
544.5986953983345
 10
748.8444957659738
 20
548.0015396458814
 10
755.4464973056197
 20
548.9530408006159
 10
757.0569668976135
 20
537.6428021555042
 10
750.53138234719
 20
536.7157861853696
 10
750.5883503174795
 20
536.3429900346829
 10
757.1062355658198
 20
537.270207852194
  0
LWPOLYLINE
  5
8FD
330
808
100
AcDbEntity
 67
1
  8
G-ANTET
370
13
100
AcDbPolyline
 90
5
 70
1
 10
755.4464973056197
 20
548.9530408006159
 10
748.8444957659738
 20
548.0015396458814
 10
750.445727482679
 20
536.7036181678214
 10
757.0569668976135
 20
537.6428021555042
 10
755.4464973056197
 20
548.9530408006159
  0
LWPOLYLINE
  5
8FE
330
808
100
AcDbEntity
 67
1
  8
G-ANTET
370
13
100
AcDbPolyline
 90
9
 70
1
 10
757.1062355658198
 20
537.270207852194
 10
750.504234026174
 20
536.3310238645112
 10
752.3456505003849
 20
523.4534257120862
 10
754.4518860662048
 20
525.1347190146266
 10
754.3471901462664
 20
526.7174749807544
 10
755.2217090069284
 20
526.7482678983833
 10
755.3941493456505
 20
525.2209391839876
 10
758.8029253271748
 20
525.3995381062356
 10
757.1062355658198
 20
537.270207852194
  0
TEXT
  5
8FF
330
808
100
AcDbEntity
 67
1
  8
G-YAZI
100
AcDbText
 10
651.0
 20
514.0
 30
0.0
 40
3.5
  1
LEJANT
  7
GYM
 11
651.0
 21
514.0
 31
0.0
100
AcDbText
 73
2
  0
LINE
  5
900
330
808
100
AcDbEntity
 67
1
  8
G-YAZI
370
35
100
AcDbLine
 10
651.0
 20
511.6
 30
0.0
 11
831.0
 21
511.6
 31
0.0
  0
LINE
  5
901
330
808
100
AcDbEntity
 67
1
  8
G-ANTET
  6
Continuous
 62
8
370
35
100
AcDbLine
 10
651.0
 20
507.0
 30
0.0
 11
663.0
 21
507.0
 31
0.0
  0
TEXT
  5
902
330
808
100
AcDbEntity
 67
1
  8
G-YAZI
100
AcDbText
 10
666.0
 20
507.0
 30
0.0
 40
1.8
  1
Mimari — mevcut duvar (korunuyor)
  7
GYM
 11
666.0
 21
507.0
 31
0.0
100
AcDbText
 73
2
  0
LINE
  5
903
330
808
100
AcDbEntity
 67
1
  8
G-ANTET
  6
Continuous
 62
1
370
35
100
AcDbLine
 10
651.0
 20
502.4
 30
0.0
 11
663.0
 21
502.4
 31
0.0
  0
TEXT
  5
904
330
808
100
AcDbEntity
 67
1
  8
G-YAZI
100
AcDbText
 10
666.0
 20
502.4
 30
0.0
 40
1.8
  1
Mimari — yeni alçıpan bölme
  7
GYM
 11
666.0
 21
502.4
 31
0.0
100
AcDbText
 73
2
  0
LINE
  5
905
330
808
100
AcDbEntity
 67
1
  8
G-ANTET
  6
Continuous
 62
5
370
25
100
AcDbLine
 10
651.0
 20
497.79999999999995
 30
0.0
 11
663.0
 21
497.79999999999995
 31
0.0
  0
TEXT
  5
906
330
808
100
AcDbEntity
 67
1
  8
G-YAZI
100
AcDbText
 10
666.0
 20
497.79999999999995
 30
0.0
 40
1.8
  1
Mimari — cephe doğraması
  7
GYM
 11
666.0
 21
497.79999999999995
 31
0.0
100
AcDbText
 73
2
  0
LINE
  5
907
330
808
100
AcDbEntity
 67
1
  8
G-ANTET
  6
Continuous
 62
8
370
18
100
AcDbLine
 10
651.0
 20
493.19999999999993
 30
0.0
 11
663.0
 21
493.19999999999993
 31
0.0
  0
TEXT
  5
908
330
808
100
AcDbEntity
 67
1
  8
G-YAZI
100
AcDbText
 10
666.0
 20
493.19999999999993
 30
0.0
 40
1.8
  1
Mimari — kapı ve açılım
  7
GYM
 11
666.0
 21
493.19999999999993
 31
0.0
100
AcDbText
 73
2
  0
LINE
  5
909
330
808
100
AcDbEntity
 67
1
  8
G-ANTET
  6
Continuous
 62
9
370
18
100
AcDbLine
 10
651.0
 20
488.5999999999999
 30
0.0
 11
663.0
 21
488.5999999999999
 31
0.0
  0
TEXT
  5
90A
330
808
100
AcDbEntity
 67
1
  8
G-YAZI
100
AcDbText
 10
666.0
 20
488.5999999999999
 30
0.0
 40
1.8
  1
Mimari — spor ekipmanı (işverence temin)
  7
GYM
 11
666.0
 21
488.5999999999999
 31
0.0
100
AcDbText
 73
2
  0
LINE
  5
90B
330
808
100
AcDbEntity
 67
1
  8
G-ANTET
  6
Continuous
 62
9
370
18
100
AcDbLine
 10
651.0
 20
483.9999999999999
 30
0.0
 11
663.0
 21
483.9999999999999
 31
0.0
  0
TEXT
  5
90C
330
808
100
AcDbEntity
 67
1
  8
G-YAZI
100
AcDbText
 10
666.0
 20
483.9999999999999
 30
0.0
 40
1.8
  1
Mimari — sabit mobilya
  7
GYM
 11
666.0
 21
483.9999999999999
 31
0.0
100
AcDbText
 73
2
  0
LINE
  5
90D
330
808
100
AcDbEntity
 67
1
  8
G-ANTET
  6
Continuous
 62
7
370
13
100
AcDbLine
 10
651.0
 20
479.39999999999986
 30
0.0
 11
663.0
 21
479.39999999999986
 31
0.0
  0
TEXT
  5
90E
330
808
100
AcDbEntity
 67
1
  8
G-YAZI
100
AcDbText
 10
666.0
 20
479.39999999999986
 30
0.0
 40
1.8
  1
Mimari — mahal adı ve alan
  7
GYM
 11
666.0
 21
479.39999999999986
 31
0.0
100
AcDbText
 73
2
  0
LINE
  5
90F
330
808
100
AcDbEntity
 67
1
  8
G-ANTET
  6
Continuous
 62
250
370
18
100
AcDbLine
 10
651.0
 20
474.79999999999984
 30
0.0
 11
663.0
 21
474.79999999999984
 31
0.0
  0
TEXT
  5
910
330
808
100
AcDbEntity
 67
1
  8
G-YAZI
100
AcDbText
 10
666.0
 20
474.79999999999984
 30
0.0
 40
1.8
  1
Mimari — mahal numarası ve kapı kodu balonu
  7
GYM
 11
666.0
 21
474.79999999999984
 31
0.0
100
AcDbText
 73
2
  0
LINE
  5
911
330
808
100
AcDbEntity
 67
1
  8
G-ANTET
  6
DASHDOT
 62
1
370
35
100
AcDbLine
 10
651.0
 20
470.1999999999998
 30
0.0
 11
663.0
 21
470.1999999999998
 31
0.0
  0
TEXT
  5
912
330
808
100
AcDbEntity
 67
1
  8
G-YAZI
100
AcDbText
 10
666.0
 20
470.1999999999998
 30
0.0
 40
1.8
  1
Mimari — kesit ve görünüş hattı
  7
GYM
 11
666.0
 21
470.1999999999998
 31
0.0
100
AcDbText
 73
2
  0
LINE
  5
913
330
808
100
AcDbEntity
 67
1
  8
G-ANTET
  6
Continuous
 62
30
370
25
100
AcDbLine
 10
651.0
 20
465.5999999999998
 30
0.0
 11
663.0
 21
465.5999999999998
 31
0.0
  0
TEXT
  5
914
330
808
100
AcDbEntity
 67
1
  8
G-YAZI
100
AcDbText
 10
666.0
 20
465.5999999999998
 30
0.0
 40
1.8
  1
Mimari — zemin kaplama tipi sınırı
  7
GYM
 11
666.0
 21
465.5999999999998
 31
0.0
100
AcDbText
 73
2
  0
LINE
  5
915
330
808
100
AcDbEntity
 67
1
  8
G-ANTET
  6
Continuous
 62
30
370
13
100
AcDbLine
 10
651.0
 20
460.9999999999998
 30
0.0
 11
663.0
 21
460.9999999999998
 31
0.0
  0
TEXT
  5
916
330
808
100
AcDbEntity
 67
1
  8
G-YAZI
100
AcDbText
 10
666.0
 20
460.9999999999998
 30
0.0
 40
1.8
  1
Mimari — zemin kaplama tipi ve kotu
  7
GYM
 11
666.0
 21
460.9999999999998
 31
0.0
100
AcDbText
 73
2
  0
LINE
  5
917
330
808
100
AcDbEntity
 67
1
  8
G-ANTET
  6
Continuous
 62
253
370
13
100
AcDbLine
 10
651.0
 20
456.39999999999975
 30
0.0
 11
663.0
 21
456.39999999999975
 31
0.0
  0
TEXT
  5
918
330
808
100
AcDbEntity
 67
1
  8
G-YAZI
100
AcDbText
 10
666.0
 20
456.39999999999975
 30
0.0
 40
1.8
  1
Mimari — kauçuk karo derz ızgarası
  7
GYM
 11
666.0
 21
456.39999999999975
 31
0.0
100
AcDbText
 73
2
  0
LINE
  5
919
330
808
100
AcDbEntity
 67
1
  8
G-ANTET
  6
Continuous
 62
150
370
25
100
AcDbLine
 10
651.0
 20
451.7999999999997
 30
0.0
 11
663.0
 21
451.7999999999997
 31
0.0
  0
TEXT
  5
91A
330
808
100
AcDbEntity
 67
1
  8
G-YAZI
100
AcDbText
 10
666.0
 20
451.7999999999997
 30
0.0
 40
1.8
  1
Mimari — asma tavan tipi sınırı
  7
GYM
 11
666.0
 21
451.7999999999997
 31
0.0
100
AcDbText
 73
2
  0
LINE
  5
91B
330
808
100
AcDbEntity
 67
1
  8
G-ANTET
  6
Continuous
 62
150
370
13
100
AcDbLine
 10
651.0
 20
447.1999999999997
 30
0.0
 11
663.0
 21
447.1999999999997
 31
0.0
  0
TEXT
  5
91C
330
808
100
AcDbEntity
 67
1
  8
G-YAZI
100
AcDbText
 10
666.0
 20
447.1999999999997
 30
0.0
 40
1.8
  1
Mimari — asma tavan tipi ve kotu
  7
GYM
 11
666.0
 21
447.1999999999997
 31
0.0
100
AcDbText
 73
2
  0
LINE
  5
91D
330
808
100
AcDbEntity
 67
1
  8
G-ANTET
  6
Continuous
 62
150
370
18
100
AcDbLine
 10
651.0
 20
442.5999999999997
 30
0.0
 11
663.0
 21
442.5999999999997
 31
0.0
  0
TEXT
  5
91E
330
808
100
AcDbEntity
 67
1
  8
G-YAZI
100
AcDbText
 10
666.0
 20
442.5999999999997
 30
0.0
 40
1.8
  1
Mimari — revizyon kapağı 300×300
  7
GYM
 11
666.0
 21
442.5999999999997
 31
0.0
100
AcDbText
 73
2
  0
LINE
  5
91F
330
808
100
AcDbEntity
 67
1
  8
G-ANTET
  6
Continuous
 62
3
370
50
100
AcDbLine
 10
651.0
 20
437.99999999999966
 30
0.0
 11
663.0
 21
437.99999999999966
 31
0.0
  0
TEXT
  5
920
330
808
100
AcDbEntity
 67
1
  8
G-YAZI
100
AcDbText
 10
666.0
 20
437.99999999999966
 30
0.0
 40
1.8
  1
Mimari — kaçış yolu ve çıkış
  7
GYM
 11
666.0
 21
437.99999999999966
 31
0.0
100
AcDbText
 73
2
  0
LINE
  5
921
330
808
100
AcDbEntity
 67
1
  8
G-ANTET
  6
Continuous
 62
1
370
35
100
AcDbLine
 10
651.0
 20
433.39999999999964
 30
0.0
 11
663.0
 21
433.39999999999964
 31
0.0
  0
TEXT
  5
922
330
808
100
AcDbEntity
 67
1
  8
G-YAZI
100
AcDbText
 10
666.0
 20
433.39999999999964
 30
0.0
 40
1.8
  1
Mimari — söndürücü, dolap, ihbar
  7
GYM
 11
666.0
 21
433.39999999999964
 31
0.0
100
AcDbText
 73
2
  0
LINE
  5
923
330
808
100
AcDbEntity
 67
1
  8
G-ANTET
  6
Continuous
 62
5
370
25
100
AcDbLine
 10
651.0
 20
428.7999999999996
 30
0.0
 11
663.0
 21
428.7999999999996
 31
0.0
  0
TEXT
  5
924
330
808
100
AcDbEntity
 67
1
  8
G-YAZI
100
AcDbText
 10
666.0
 20
428.7999999999996
 30
0.0
 40
1.8
  1
Elektrik — priz
  7
GYM
 11
666.0
 21
428.7999999999996
 31
0.0
100
AcDbText
 73
2
  0
LINE
  5
925
330
808
100
AcDbEntity
 67
1
  8
G-ANTET
  6
Continuous
 62
5
370
25
100
AcDbLine
 10
651.0
 20
424.1999999999996
 30
0.0
 11
663.0
 21
424.1999999999996
 31
0.0
  0
TEXT
  5
926
330
808
100
AcDbEntity
 67
1
  8
G-YAZI
100
AcDbText
 10
666.0
 20
424.1999999999996
 30
0.0
 40
1.8
  1
Elektrik — klima/ısıtıcı/fan beslemesi
  7
GYM
 11
666.0
 21
424.1999999999996
 31
0.0
100
AcDbText
 73
2
  0
LINE
  5
927
330
808
100
AcDbEntity
 67
1
  8
G-ANTET
  6
Continuous
 62
5
370
25
100
AcDbLine
 10
651.0
 20
419.59999999999957
 30
0.0
 11
663.0
 21
419.59999999999957
 31
0.0
  0
TEXT
  5
928
330
808
100
AcDbEntity
 67
1
  8
G-YAZI
100
AcDbText
 10
666.0
 20
419.59999999999957
 30
0.0
 40
1.8
  1
Elektrik — priz ve kuvvet linyesi
  7
GYM
 11
666.0
 21
419.59999999999957
 31
0.0
100
AcDbText
 73
2
  0
LINE
  5
929
330
808
100
AcDbEntity
 67
1
  8
G-ANTET
  6
Continuous
 62
3
370
50
100
AcDbLine
 10
651.0
 20
414.99999999999955
 30
0.0
 11
663.0
 21
414.99999999999955
 31
0.0
  0
TEXT
  5
92A
330
808
100
AcDbEntity
 67
1
  8
G-YAZI
100
AcDbText
 10
666.0
 20
414.99999999999955
 30
0.0
 40
1.8
  1
Elektrik — çubuk elektrot
  7
GYM
 11
666.0
 21
414.99999999999955
 31
0.0
100
AcDbText
 73
2
  0
LINE
  5
92B
330
808
100
AcDbEntity
 67
1
  8
G-ANTET
  6
Continuous
 62
3
370
50
100
AcDbLine
 10
651.0
 20
410.3999999999995
 30
0.0
 11
663.0
 21
410.3999999999995
 31
0.0
  0
TEXT
  5
92C
330
808
100
AcDbEntity
 67
1
  8
G-YAZI
100
AcDbText
 10
666.0
 20
410.3999999999995
 30
0.0
 40
1.8
  1
Elektrik — elektrot bağlantı şeridi
  7
GYM
 11
666.0
 21
410.3999999999995
 31
0.0
100
AcDbText
 73
2
  0
LINE
  5
92D
330
808
100
AcDbEntity
 67
1
  8
G-ANTET
  6
DASHDOT
 62
3
370
35
100
AcDbLine
 10
651.0
 20
405.7999999999995
 30
0.0
 11
663.0
 21
405.7999999999995
 31
0.0
  0
TEXT
  5
92E
330
808
100
AcDbEntity
 67
1
  8
G-YAZI
100
AcDbText
 10
666.0
 20
405.7999999999995
 30
0.0
 40
1.8
  1
Elektrik — topraklama iletkeni
  7
GYM
 11
666.0
 21
405.7999999999995
 31
0.0
100
AcDbText
 73
2
  0
LINE
  5
92F
330
808
100
AcDbEntity
 67
1
  8
G-ANTET
  6
Continuous
 62
3
370
50
100
AcDbLine
 10
651.0
 20
401.1999999999995
 30
0.0
 11
663.0
 21
401.1999999999995
 31
0.0
  0
TEXT
  5
930
330
808
100
AcDbEntity
 67
1
  8
G-YAZI
100
AcDbText
 10
666.0
 20
401.1999999999995
 30
0.0
 40
1.8
  1
Elektrik — ATB / EPDB barası
  7
GYM
 11
666.0
 21
401.1999999999995
 31
0.0
100
AcDbText
 73
2
  0
LINE
  5
931
330
808
100
AcDbEntity
 67
1
  8
G-ANTET
  6
Continuous
 62
3
370
13
100
AcDbLine
 10
651.0
 20
396.59999999999945
 30
0.0
 11
663.0
 21
396.59999999999945
 31
0.0
  0
TEXT
  5
932
330
808
100
AcDbEntity
 67
1
  8
G-YAZI
100
AcDbText
 10
666.0
 20
396.59999999999945
 30
0.0
 40
1.8
  1
Elektrik — topraklama etiketi
  7
GYM
 11
666.0
 21
396.59999999999945
 31
0.0
100
AcDbText
 73
2
  0
LINE
  5
933
330
808
100
AcDbEntity
 67
1
  8
G-ANTET
  6
Continuous
 62
7
370
50
100
AcDbLine
 10
651.0
 20
391.99999999999943
 30
0.0
 11
663.0
 21
391.99999999999943
 31
0.0
  0
TEXT
  5
934
330
808
100
AcDbEntity
 67
1
  8
G-YAZI
100
AcDbText
 10
666.0
 20
391.99999999999943
 30
0.0
 40
1.8
  1
Elektrik — ana dağıtım panosu
  7
GYM
 11
666.0
 21
391.99999999999943
 31
0.0
100
AcDbText
 73
2
  0
LINE
  5
935
330
808
100
AcDbEntity
 67
1
  8
G-ANTET
  6
Continuous
 62
7
370
13
100
AcDbLine
 10
651.0
 20
387.3999999999994
 30
0.0
 11
663.0
 21
387.3999999999994
 31
0.0
  0
TEXT
  5
936
330
808
100
AcDbEntity
 67
1
  8
G-YAZI
100
AcDbText
 10
666.0
 20
387.3999999999994
 30
0.0
 40
1.8
  1
Elektrik — etiket ve not
  7
GYM
 11
666.0
 21
387.3999999999994
 31
0.0
100
AcDbText
 73
2
  0
TEXT
  5
937
330
808
100
AcDbEntity
 67
1
  8
G-YAZI
100
AcDbText
 10
651.0
 20
377.7999999999994
 30
0.0
 40
3.5
  1
GENEL NOTLAR
  7
GYM
 11
651.0
 21
377.7999999999994
 31
0.0
100
AcDbText
 73
2
  0
LINE
  5
938
330
808
100
AcDbEntity
 67
1
  8
G-YAZI
370
35
100
AcDbLine
 10
651.0
 20
375.3999999999994
 30
0.0
 11
831.0
 21
375.3999999999994
 31
0.0
  0
TEXT
  5
939
330
808
100
AcDbEntity
 67
1
  8
G-YAZI
100
AcDbText
 10
651.0
 20
370.7999999999994
 30
0.0
 40
1.8
  1
1. Islak hacim linyeleri ayri 30 mA
  7
GYM
 11
651.0
 21
370.7999999999994
 31
0.0
100
AcDbText
 73
2
  0
TEXT
  5
93A
330
808
100
AcDbEntity
 67
1
  8
G-YAZI
100
AcDbText
 10
651.0
 20
365.9999999999994
 30
0.0
 40
1.8
  1
2. kacak akim rolesinden beslenir.
  7
GYM
 11
651.0
 21
365.9999999999994
 31
0.0
100
AcDbText
 73
2
  0
TEXT
  5
93B
330
808
100
AcDbEntity
 67
1
  8
G-YAZI
100
AcDbText
 10
651.0
 20
361.19999999999936
 30
0.0
 40
1.8
  1
3. Kardiyo ekipmani ayri linyede (P4).
  7
GYM
 11
651.0
 21
361.19999999999936
 31
0.0
100
AcDbText
 73
2
  0
ENDBLK
  5
80A
330
808
100
AcDbEntity
  8
0
100
AcDbBlockEnd
  0
BLOCK
  5
93D
330
93C
100
AcDbEntity
  8
0
100
AcDbBlockBegin
  2
*Paper_Space2
 70
0
 10
0.0
 20
0.0
 30
0.0
  3
*Paper_Space2
  1

  0
VIEWPORT
  5
940
330
93C
100
AcDbEntity
 67
1
  8
VIEWPORTS
100
AcDbViewport
 10
420.5
 20
297.0
 30
0.0
 40
925.1
 41
653.4000000000001
 68
1
 69
1
 12
420.5
 22
297.0
 13
0.0
 23
0.0
 14
10.0
 24
10.0
 15
10.0
 25
10.0
 16
0.0
 26
0.0
 36
1.0
 17
0.0
 27
0.0
 37
0.0
 42
50.0
 43
0.0
 44
0.0
 45
653.4000000000001
 50
0.0
 51
0.0
 72
100
 90
557088
  1

281
0
 71
0
 74
0
110
0.0
120
0.0
130
0.0
111
1.0
121
0.0
131
0.0
112
0.0
122
1.0
132
0.0
 79
0
146
0.0
282
0
  0
LWPOLYLINE
  5
941
330
93C
100
AcDbEntity
 67
1
  8
G-CERCEVE
370
13
100
AcDbPolyline
 90
4
 70
1
 10
0.0
 20
0.0
 10
10.0
 20
0.0
 10
10.0
 20
10.0
 10
0.0
 20
10.0
  0
LWPOLYLINE
  5
942
330
93C
100
AcDbEntity
 67
1
  8
G-CERCEVE
370
13
100
AcDbPolyline
 90
4
 70
1
 10
831.0
 20
0.0
 10
841.0
 20
0.0
 10
841.0
 20
10.0
 10
831.0
 20
10.0
  0
LWPOLYLINE
  5
943
330
93C
100
AcDbEntity
 67
1
  8
G-CERCEVE
370
13
100
AcDbPolyline
 90
4
 70
1
 10
831.0
 20
584.0
 10
841.0
 20
584.0
 10
841.0
 20
594.0
 10
831.0
 20
594.0
  0
LWPOLYLINE
  5
944
330
93C
100
AcDbEntity
 67
1
  8
G-CERCEVE
370
13
100
AcDbPolyline
 90
4
 70
1
 10
0.0
 20
584.0
 10
10.0
 20
584.0
 10
10.0
 20
594.0
 10
0.0
 20
594.0
  0
LWPOLYLINE
  5
945
330
93C
100
AcDbEntity
 67
1
  8
G-CERCEVE
370
70
100
AcDbPolyline
 90
4
 70
1
 10
20.0
 20
10.0
 10
831.0
 20
10.0
 10
831.0
 20
584.0
 10
20.0
 20
584.0
  0
LWPOLYLINE
  5
946
330
93C
100
AcDbEntity
 67
1
  8
G-PAFTA-ZON
370
13
100
AcDbPolyline
 90
4
 70
1
 10
25.0
 20
15.0
 10
826.0
 20
15.0
 10
826.0
 20
579.0
 10
25.0
 20
579.0
  0
TEXT
  5
947
330
93C
100
AcDbEntity
 67
1
  8
G-PAFTA-ZON
100
AcDbText
 10
50.03125
 20
12.5
 30
0.0
 40
3.5
  1
1
  7
GYM
 72
1
 11
50.03125
 21
12.5
 31
0.0
100
AcDbText
 73
2
  0
TEXT
  5
948
330
93C
100
AcDbEntity
 67
1
  8
G-PAFTA-ZON
100
AcDbText
 10
50.03125
 20
581.5
 30
0.0
 40
3.5
  1
1
  7
GYM
 72
1
 11
50.03125
 21
581.5
 31
0.0
100
AcDbText
 73
2
  0
LINE
  5
949
330
93C
100
AcDbEntity
 67
1
  8
G-PAFTA-ZON
370
13
100
AcDbLine
 10
75.0625
 20
10.0
 30
0.0
 11
75.0625
 21
15.0
 31
0.0
  0
LINE
  5
94A
330
93C
100
AcDbEntity
 67
1
  8
G-PAFTA-ZON
370
13
100
AcDbLine
 10
75.0625
 20
579.0
 30
0.0
 11
75.0625
 21
584.0
 31
0.0
  0
TEXT
  5
94B
330
93C
100
AcDbEntity
 67
1
  8
G-PAFTA-ZON
100
AcDbText
 10
100.09375
 20
12.5
 30
0.0
 40
3.5
  1
2
  7
GYM
 72
1
 11
100.09375
 21
12.5
 31
0.0
100
AcDbText
 73
2
  0
TEXT
  5
94C
330
93C
100
AcDbEntity
 67
1
  8
G-PAFTA-ZON
100
AcDbText
 10
100.09375
 20
581.5
 30
0.0
 40
3.5
  1
2
  7
GYM
 72
1
 11
100.09375
 21
581.5
 31
0.0
100
AcDbText
 73
2
  0
LINE
  5
94D
330
93C
100
AcDbEntity
 67
1
  8
G-PAFTA-ZON
370
13
100
AcDbLine
 10
125.125
 20
10.0
 30
0.0
 11
125.125
 21
15.0
 31
0.0
  0
LINE
  5
94E
330
93C
100
AcDbEntity
 67
1
  8
G-PAFTA-ZON
370
13
100
AcDbLine
 10
125.125
 20
579.0
 30
0.0
 11
125.125
 21
584.0
 31
0.0
  0
TEXT
  5
94F
330
93C
100
AcDbEntity
 67
1
  8
G-PAFTA-ZON
100
AcDbText
 10
150.15625
 20
12.5
 30
0.0
 40
3.5
  1
3
  7
GYM
 72
1
 11
150.15625
 21
12.5
 31
0.0
100
AcDbText
 73
2
  0
TEXT
  5
950
330
93C
100
AcDbEntity
 67
1
  8
G-PAFTA-ZON
100
AcDbText
 10
150.15625
 20
581.5
 30
0.0
 40
3.5
  1
3
  7
GYM
 72
1
 11
150.15625
 21
581.5
 31
0.0
100
AcDbText
 73
2
  0
LINE
  5
951
330
93C
100
AcDbEntity
 67
1
  8
G-PAFTA-ZON
370
13
100
AcDbLine
 10
175.1875
 20
10.0
 30
0.0
 11
175.1875
 21
15.0
 31
0.0
  0
LINE
  5
952
330
93C
100
AcDbEntity
 67
1
  8
G-PAFTA-ZON
370
13
100
AcDbLine
 10
175.1875
 20
579.0
 30
0.0
 11
175.1875
 21
584.0
 31
0.0
  0
TEXT
  5
953
330
93C
100
AcDbEntity
 67
1
  8
G-PAFTA-ZON
100
AcDbText
 10
200.21875
 20
12.5
 30
0.0
 40
3.5
  1
4
  7
GYM
 72
1
 11
200.21875
 21
12.5
 31
0.0
100
AcDbText
 73
2
  0
TEXT
  5
954
330
93C
100
AcDbEntity
 67
1
  8
G-PAFTA-ZON
100
AcDbText
 10
200.21875
 20
581.5
 30
0.0
 40
3.5
  1
4
  7
GYM
 72
1
 11
200.21875
 21
581.5
 31
0.0
100
AcDbText
 73
2
  0
LINE
  5
955
330
93C
100
AcDbEntity
 67
1
  8
G-PAFTA-ZON
370
13
100
AcDbLine
 10
225.25
 20
10.0
 30
0.0
 11
225.25
 21
15.0
 31
0.0
  0
LINE
  5
956
330
93C
100
AcDbEntity
 67
1
  8
G-PAFTA-ZON
370
13
100
AcDbLine
 10
225.25
 20
579.0
 30
0.0
 11
225.25
 21
584.0
 31
0.0
  0
TEXT
  5
957
330
93C
100
AcDbEntity
 67
1
  8
G-PAFTA-ZON
100
AcDbText
 10
250.28125
 20
12.5
 30
0.0
 40
3.5
  1
5
  7
GYM
 72
1
 11
250.28125
 21
12.5
 31
0.0
100
AcDbText
 73
2
  0
TEXT
  5
958
330
93C
100
AcDbEntity
 67
1
  8
G-PAFTA-ZON
100
AcDbText
 10
250.28125
 20
581.5
 30
0.0
 40
3.5
  1
5
  7
GYM
 72
1
 11
250.28125
 21
581.5
 31
0.0
100
AcDbText
 73
2
  0
LINE
  5
959
330
93C
100
AcDbEntity
 67
1
  8
G-PAFTA-ZON
370
13
100
AcDbLine
 10
275.3125
 20
10.0
 30
0.0
 11
275.3125
 21
15.0
 31
0.0
  0
LINE
  5
95A
330
93C
100
AcDbEntity
 67
1
  8
G-PAFTA-ZON
370
13
100
AcDbLine
 10
275.3125
 20
579.0
 30
0.0
 11
275.3125
 21
584.0
 31
0.0
  0
TEXT
  5
95B
330
93C
100
AcDbEntity
 67
1
  8
G-PAFTA-ZON
100
AcDbText
 10
300.34375
 20
12.5
 30
0.0
 40
3.5
  1
6
  7
GYM
 72
1
 11
300.34375
 21
12.5
 31
0.0
100
AcDbText
 73
2
  0
TEXT
  5
95C
330
93C
100
AcDbEntity
 67
1
  8
G-PAFTA-ZON
100
AcDbText
 10
300.34375
 20
581.5
 30
0.0
 40
3.5
  1
6
  7
GYM
 72
1
 11
300.34375
 21
581.5
 31
0.0
100
AcDbText
 73
2
  0
LINE
  5
95D
330
93C
100
AcDbEntity
 67
1
  8
G-PAFTA-ZON
370
13
100
AcDbLine
 10
325.375
 20
10.0
 30
0.0
 11
325.375
 21
15.0
 31
0.0
  0
LINE
  5
95E
330
93C
100
AcDbEntity
 67
1
  8
G-PAFTA-ZON
370
13
100
AcDbLine
 10
325.375
 20
579.0
 30
0.0
 11
325.375
 21
584.0
 31
0.0
  0
TEXT
  5
95F
330
93C
100
AcDbEntity
 67
1
  8
G-PAFTA-ZON
100
AcDbText
 10
350.40625
 20
12.5
 30
0.0
 40
3.5
  1
7
  7
GYM
 72
1
 11
350.40625
 21
12.5
 31
0.0
100
AcDbText
 73
2
  0
TEXT
  5
960
330
93C
100
AcDbEntity
 67
1
  8
G-PAFTA-ZON
100
AcDbText
 10
350.40625
 20
581.5
 30
0.0
 40
3.5
  1
7
  7
GYM
 72
1
 11
350.40625
 21
581.5
 31
0.0
100
AcDbText
 73
2
  0
LINE
  5
961
330
93C
100
AcDbEntity
 67
1
  8
G-PAFTA-ZON
370
13
100
AcDbLine
 10
375.4375
 20
10.0
 30
0.0
 11
375.4375
 21
15.0
 31
0.0
  0
LINE
  5
962
330
93C
100
AcDbEntity
 67
1
  8
G-PAFTA-ZON
370
13
100
AcDbLine
 10
375.4375
 20
579.0
 30
0.0
 11
375.4375
 21
584.0
 31
0.0
  0
TEXT
  5
963
330
93C
100
AcDbEntity
 67
1
  8
G-PAFTA-ZON
100
AcDbText
 10
400.46875
 20
12.5
 30
0.0
 40
3.5
  1
8
  7
GYM
 72
1
 11
400.46875
 21
12.5
 31
0.0
100
AcDbText
 73
2
  0
TEXT
  5
964
330
93C
100
AcDbEntity
 67
1
  8
G-PAFTA-ZON
100
AcDbText
 10
400.46875
 20
581.5
 30
0.0
 40
3.5
  1
8
  7
GYM
 72
1
 11
400.46875
 21
581.5
 31
0.0
100
AcDbText
 73
2
  0
LINE
  5
965
330
93C
100
AcDbEntity
 67
1
  8
G-PAFTA-ZON
370
13
100
AcDbLine
 10
425.5
 20
10.0
 30
0.0
 11
425.5
 21
15.0
 31
0.0
  0
LINE
  5
966
330
93C
100
AcDbEntity
 67
1
  8
G-PAFTA-ZON
370
13
100
AcDbLine
 10
425.5
 20
579.0
 30
0.0
 11
425.5
 21
584.0
 31
0.0
  0
TEXT
  5
967
330
93C
100
AcDbEntity
 67
1
  8
G-PAFTA-ZON
100
AcDbText
 10
450.53125
 20
12.5
 30
0.0
 40
3.5
  1
9
  7
GYM
 72
1
 11
450.53125
 21
12.5
 31
0.0
100
AcDbText
 73
2
  0
TEXT
  5
968
330
93C
100
AcDbEntity
 67
1
  8
G-PAFTA-ZON
100
AcDbText
 10
450.53125
 20
581.5
 30
0.0
 40
3.5
  1
9
  7
GYM
 72
1
 11
450.53125
 21
581.5
 31
0.0
100
AcDbText
 73
2
  0
LINE
  5
969
330
93C
100
AcDbEntity
 67
1
  8
G-PAFTA-ZON
370
13
100
AcDbLine
 10
475.5625
 20
10.0
 30
0.0
 11
475.5625
 21
15.0
 31
0.0
  0
LINE
  5
96A
330
93C
100
AcDbEntity
 67
1
  8
G-PAFTA-ZON
370
13
100
AcDbLine
 10
475.5625
 20
579.0
 30
0.0
 11
475.5625
 21
584.0
 31
0.0
  0
TEXT
  5
96B
330
93C
100
AcDbEntity
 67
1
  8
G-PAFTA-ZON
100
AcDbText
 10
500.59375
 20
12.5
 30
0.0
 40
3.5
  1
10
  7
GYM
 72
1
 11
500.59375
 21
12.5
 31
0.0
100
AcDbText
 73
2
  0
TEXT
  5
96C
330
93C
100
AcDbEntity
 67
1
  8
G-PAFTA-ZON
100
AcDbText
 10
500.59375
 20
581.5
 30
0.0
 40
3.5
  1
10
  7
GYM
 72
1
 11
500.59375
 21
581.5
 31
0.0
100
AcDbText
 73
2
  0
LINE
  5
96D
330
93C
100
AcDbEntity
 67
1
  8
G-PAFTA-ZON
370
13
100
AcDbLine
 10
525.625
 20
10.0
 30
0.0
 11
525.625
 21
15.0
 31
0.0
  0
LINE
  5
96E
330
93C
100
AcDbEntity
 67
1
  8
G-PAFTA-ZON
370
13
100
AcDbLine
 10
525.625
 20
579.0
 30
0.0
 11
525.625
 21
584.0
 31
0.0
  0
TEXT
  5
96F
330
93C
100
AcDbEntity
 67
1
  8
G-PAFTA-ZON
100
AcDbText
 10
550.65625
 20
12.5
 30
0.0
 40
3.5
  1
11
  7
GYM
 72
1
 11
550.65625
 21
12.5
 31
0.0
100
AcDbText
 73
2
  0
TEXT
  5
970
330
93C
100
AcDbEntity
 67
1
  8
G-PAFTA-ZON
100
AcDbText
 10
550.65625
 20
581.5
 30
0.0
 40
3.5
  1
11
  7
GYM
 72
1
 11
550.65625
 21
581.5
 31
0.0
100
AcDbText
 73
2
  0
LINE
  5
971
330
93C
100
AcDbEntity
 67
1
  8
G-PAFTA-ZON
370
13
100
AcDbLine
 10
575.6875
 20
10.0
 30
0.0
 11
575.6875
 21
15.0
 31
0.0
  0
LINE
  5
972
330
93C
100
AcDbEntity
 67
1
  8
G-PAFTA-ZON
370
13
100
AcDbLine
 10
575.6875
 20
579.0
 30
0.0
 11
575.6875
 21
584.0
 31
0.0
  0
TEXT
  5
973
330
93C
100
AcDbEntity
 67
1
  8
G-PAFTA-ZON
100
AcDbText
 10
600.71875
 20
12.5
 30
0.0
 40
3.5
  1
12
  7
GYM
 72
1
 11
600.71875
 21
12.5
 31
0.0
100
AcDbText
 73
2
  0
TEXT
  5
974
330
93C
100
AcDbEntity
 67
1
  8
G-PAFTA-ZON
100
AcDbText
 10
600.71875
 20
581.5
 30
0.0
 40
3.5
  1
12
  7
GYM
 72
1
 11
600.71875
 21
581.5
 31
0.0
100
AcDbText
 73
2
  0
LINE
  5
975
330
93C
100
AcDbEntity
 67
1
  8
G-PAFTA-ZON
370
13
100
AcDbLine
 10
625.75
 20
10.0
 30
0.0
 11
625.75
 21
15.0
 31
0.0
  0
LINE
  5
976
330
93C
100
AcDbEntity
 67
1
  8
G-PAFTA-ZON
370
13
100
AcDbLine
 10
625.75
 20
579.0
 30
0.0
 11
625.75
 21
584.0
 31
0.0
  0
TEXT
  5
977
330
93C
100
AcDbEntity
 67
1
  8
G-PAFTA-ZON
100
AcDbText
 10
650.78125
 20
12.5
 30
0.0
 40
3.5
  1
13
  7
GYM
 72
1
 11
650.78125
 21
12.5
 31
0.0
100
AcDbText
 73
2
  0
TEXT
  5
978
330
93C
100
AcDbEntity
 67
1
  8
G-PAFTA-ZON
100
AcDbText
 10
650.78125
 20
581.5
 30
0.0
 40
3.5
  1
13
  7
GYM
 72
1
 11
650.78125
 21
581.5
 31
0.0
100
AcDbText
 73
2
  0
LINE
  5
979
330
93C
100
AcDbEntity
 67
1
  8
G-PAFTA-ZON
370
13
100
AcDbLine
 10
675.8125
 20
10.0
 30
0.0
 11
675.8125
 21
15.0
 31
0.0
  0
LINE
  5
97A
330
93C
100
AcDbEntity
 67
1
  8
G-PAFTA-ZON
370
13
100
AcDbLine
 10
675.8125
 20
579.0
 30
0.0
 11
675.8125
 21
584.0
 31
0.0
  0
TEXT
  5
97B
330
93C
100
AcDbEntity
 67
1
  8
G-PAFTA-ZON
100
AcDbText
 10
700.84375
 20
12.5
 30
0.0
 40
3.5
  1
14
  7
GYM
 72
1
 11
700.84375
 21
12.5
 31
0.0
100
AcDbText
 73
2
  0
TEXT
  5
97C
330
93C
100
AcDbEntity
 67
1
  8
G-PAFTA-ZON
100
AcDbText
 10
700.84375
 20
581.5
 30
0.0
 40
3.5
  1
14
  7
GYM
 72
1
 11
700.84375
 21
581.5
 31
0.0
100
AcDbText
 73
2
  0
LINE
  5
97D
330
93C
100
AcDbEntity
 67
1
  8
G-PAFTA-ZON
370
13
100
AcDbLine
 10
725.875
 20
10.0
 30
0.0
 11
725.875
 21
15.0
 31
0.0
  0
LINE
  5
97E
330
93C
100
AcDbEntity
 67
1
  8
G-PAFTA-ZON
370
13
100
AcDbLine
 10
725.875
 20
579.0
 30
0.0
 11
725.875
 21
584.0
 31
0.0
  0
TEXT
  5
97F
330
93C
100
AcDbEntity
 67
1
  8
G-PAFTA-ZON
100
AcDbText
 10
750.90625
 20
12.5
 30
0.0
 40
3.5
  1
15
  7
GYM
 72
1
 11
750.90625
 21
12.5
 31
0.0
100
AcDbText
 73
2
  0
TEXT
  5
980
330
93C
100
AcDbEntity
 67
1
  8
G-PAFTA-ZON
100
AcDbText
 10
750.90625
 20
581.5
 30
0.0
 40
3.5
  1
15
  7
GYM
 72
1
 11
750.90625
 21
581.5
 31
0.0
100
AcDbText
 73
2
  0
LINE
  5
981
330
93C
100
AcDbEntity
 67
1
  8
G-PAFTA-ZON
370
13
100
AcDbLine
 10
775.9375
 20
10.0
 30
0.0
 11
775.9375
 21
15.0
 31
0.0
  0
LINE
  5
982
330
93C
100
AcDbEntity
 67
1
  8
G-PAFTA-ZON
370
13
100
AcDbLine
 10
775.9375
 20
579.0
 30
0.0
 11
775.9375
 21
584.0
 31
0.0
  0
TEXT
  5
983
330
93C
100
AcDbEntity
 67
1
  8
G-PAFTA-ZON
100
AcDbText
 10
800.96875
 20
12.5
 30
0.0
 40
3.5
  1
16
  7
GYM
 72
1
 11
800.96875
 21
12.5
 31
0.0
100
AcDbText
 73
2
  0
TEXT
  5
984
330
93C
100
AcDbEntity
 67
1
  8
G-PAFTA-ZON
100
AcDbText
 10
800.96875
 20
581.5
 30
0.0
 40
3.5
  1
16
  7
GYM
 72
1
 11
800.96875
 21
581.5
 31
0.0
100
AcDbText
 73
2
  0
TEXT
  5
985
330
93C
100
AcDbEntity
 67
1
  8
G-PAFTA-ZON
100
AcDbText
 10
22.5
 20
40.63636363636364
 30
0.0
 40
3.5
  1
A
  7
GYM
 72
1
 11
22.5
 21
40.63636363636364
 31
0.0
100
AcDbText
 73
2
  0
TEXT
  5
986
330
93C
100
AcDbEntity
 67
1
  8
G-PAFTA-ZON
100
AcDbText
 10
828.5
 20
40.63636363636364
 30
0.0
 40
3.5
  1
A
  7
GYM
 72
1
 11
828.5
 21
40.63636363636364
 31
0.0
100
AcDbText
 73
2
  0
LINE
  5
987
330
93C
100
AcDbEntity
 67
1
  8
G-PAFTA-ZON
370
13
100
AcDbLine
 10
20.0
 20
66.27272727272728
 30
0.0
 11
25.0
 21
66.27272727272728
 31
0.0
  0
LINE
  5
988
330
93C
100
AcDbEntity
 67
1
  8
G-PAFTA-ZON
370
13
100
AcDbLine
 10
826.0
 20
66.27272727272728
 30
0.0
 11
831.0
 21
66.27272727272728
 31
0.0
  0
TEXT
  5
989
330
93C
100
AcDbEntity
 67
1
  8
G-PAFTA-ZON
100
AcDbText
 10
22.5
 20
91.90909090909092
 30
0.0
 40
3.5
  1
B
  7
GYM
 72
1
 11
22.5
 21
91.90909090909092
 31
0.0
100
AcDbText
 73
2
  0
TEXT
  5
98A
330
93C
100
AcDbEntity
 67
1
  8
G-PAFTA-ZON
100
AcDbText
 10
828.5
 20
91.90909090909092
 30
0.0
 40
3.5
  1
B
  7
GYM
 72
1
 11
828.5
 21
91.90909090909092
 31
0.0
100
AcDbText
 73
2
  0
LINE
  5
98B
330
93C
100
AcDbEntity
 67
1
  8
G-PAFTA-ZON
370
13
100
AcDbLine
 10
20.0
 20
117.54545454545455
 30
0.0
 11
25.0
 21
117.54545454545455
 31
0.0
  0
LINE
  5
98C
330
93C
100
AcDbEntity
 67
1
  8
G-PAFTA-ZON
370
13
100
AcDbLine
 10
826.0
 20
117.54545454545455
 30
0.0
 11
831.0
 21
117.54545454545455
 31
0.0
  0
TEXT
  5
98D
330
93C
100
AcDbEntity
 67
1
  8
G-PAFTA-ZON
100
AcDbText
 10
22.5
 20
143.1818181818182
 30
0.0
 40
3.5
  1
C
  7
GYM
 72
1
 11
22.5
 21
143.1818181818182
 31
0.0
100
AcDbText
 73
2
  0
TEXT
  5
98E
330
93C
100
AcDbEntity
 67
1
  8
G-PAFTA-ZON
100
AcDbText
 10
828.5
 20
143.1818181818182
 30
0.0
 40
3.5
  1
C
  7
GYM
 72
1
 11
828.5
 21
143.1818181818182
 31
0.0
100
AcDbText
 73
2
  0
LINE
  5
98F
330
93C
100
AcDbEntity
 67
1
  8
G-PAFTA-ZON
370
13
100
AcDbLine
 10
20.0
 20
168.8181818181818
 30
0.0
 11
25.0
 21
168.8181818181818
 31
0.0
  0
LINE
  5
990
330
93C
100
AcDbEntity
 67
1
  8
G-PAFTA-ZON
370
13
100
AcDbLine
 10
826.0
 20
168.8181818181818
 30
0.0
 11
831.0
 21
168.8181818181818
 31
0.0
  0
TEXT
  5
991
330
93C
100
AcDbEntity
 67
1
  8
G-PAFTA-ZON
100
AcDbText
 10
22.5
 20
194.45454545454544
 30
0.0
 40
3.5
  1
D
  7
GYM
 72
1
 11
22.5
 21
194.45454545454544
 31
0.0
100
AcDbText
 73
2
  0
TEXT
  5
992
330
93C
100
AcDbEntity
 67
1
  8
G-PAFTA-ZON
100
AcDbText
 10
828.5
 20
194.45454545454544
 30
0.0
 40
3.5
  1
D
  7
GYM
 72
1
 11
828.5
 21
194.45454545454544
 31
0.0
100
AcDbText
 73
2
  0
LINE
  5
993
330
93C
100
AcDbEntity
 67
1
  8
G-PAFTA-ZON
370
13
100
AcDbLine
 10
20.0
 20
220.0909090909091
 30
0.0
 11
25.0
 21
220.0909090909091
 31
0.0
  0
LINE
  5
994
330
93C
100
AcDbEntity
 67
1
  8
G-PAFTA-ZON
370
13
100
AcDbLine
 10
826.0
 20
220.0909090909091
 30
0.0
 11
831.0
 21
220.0909090909091
 31
0.0
  0
TEXT
  5
995
330
93C
100
AcDbEntity
 67
1
  8
G-PAFTA-ZON
100
AcDbText
 10
22.5
 20
245.72727272727272
 30
0.0
 40
3.5
  1
E
  7
GYM
 72
1
 11
22.5
 21
245.72727272727272
 31
0.0
100
AcDbText
 73
2
  0
TEXT
  5
996
330
93C
100
AcDbEntity
 67
1
  8
G-PAFTA-ZON
100
AcDbText
 10
828.5
 20
245.72727272727272
 30
0.0
 40
3.5
  1
E
  7
GYM
 72
1
 11
828.5
 21
245.72727272727272
 31
0.0
100
AcDbText
 73
2
  0
LINE
  5
997
330
93C
100
AcDbEntity
 67
1
  8
G-PAFTA-ZON
370
13
100
AcDbLine
 10
20.0
 20
271.3636363636364
 30
0.0
 11
25.0
 21
271.3636363636364
 31
0.0
  0
LINE
  5
998
330
93C
100
AcDbEntity
 67
1
  8
G-PAFTA-ZON
370
13
100
AcDbLine
 10
826.0
 20
271.3636363636364
 30
0.0
 11
831.0
 21
271.3636363636364
 31
0.0
  0
TEXT
  5
999
330
93C
100
AcDbEntity
 67
1
  8
G-PAFTA-ZON
100
AcDbText
 10
22.5
 20
297.0
 30
0.0
 40
3.5
  1
F
  7
GYM
 72
1
 11
22.5
 21
297.0
 31
0.0
100
AcDbText
 73
2
  0
TEXT
  5
99A
330
93C
100
AcDbEntity
 67
1
  8
G-PAFTA-ZON
100
AcDbText
 10
828.5
 20
297.0
 30
0.0
 40
3.5
  1
F
  7
GYM
 72
1
 11
828.5
 21
297.0
 31
0.0
100
AcDbText
 73
2
  0
LINE
  5
99B
330
93C
100
AcDbEntity
 67
1
  8
G-PAFTA-ZON
370
13
100
AcDbLine
 10
20.0
 20
322.6363636363636
 30
0.0
 11
25.0
 21
322.6363636363636
 31
0.0
  0
LINE
  5
99C
330
93C
100
AcDbEntity
 67
1
  8
G-PAFTA-ZON
370
13
100
AcDbLine
 10
826.0
 20
322.6363636363636
 30
0.0
 11
831.0
 21
322.6363636363636
 31
0.0
  0
TEXT
  5
99D
330
93C
100
AcDbEntity
 67
1
  8
G-PAFTA-ZON
100
AcDbText
 10
22.5
 20
348.27272727272725
 30
0.0
 40
3.5
  1
G
  7
GYM
 72
1
 11
22.5
 21
348.27272727272725
 31
0.0
100
AcDbText
 73
2
  0
TEXT
  5
99E
330
93C
100
AcDbEntity
 67
1
  8
G-PAFTA-ZON
100
AcDbText
 10
828.5
 20
348.27272727272725
 30
0.0
 40
3.5
  1
G
  7
GYM
 72
1
 11
828.5
 21
348.27272727272725
 31
0.0
100
AcDbText
 73
2
  0
LINE
  5
99F
330
93C
100
AcDbEntity
 67
1
  8
G-PAFTA-ZON
370
13
100
AcDbLine
 10
20.0
 20
373.90909090909093
 30
0.0
 11
25.0
 21
373.90909090909093
 31
0.0
  0
LINE
  5
9A0
330
93C
100
AcDbEntity
 67
1
  8
G-PAFTA-ZON
370
13
100
AcDbLine
 10
826.0
 20
373.90909090909093
 30
0.0
 11
831.0
 21
373.90909090909093
 31
0.0
  0
TEXT
  5
9A1
330
93C
100
AcDbEntity
 67
1
  8
G-PAFTA-ZON
100
AcDbText
 10
22.5
 20
399.54545454545456
 30
0.0
 40
3.5
  1
H
  7
GYM
 72
1
 11
22.5
 21
399.54545454545456
 31
0.0
100
AcDbText
 73
2
  0
TEXT
  5
9A2
330
93C
100
AcDbEntity
 67
1
  8
G-PAFTA-ZON
100
AcDbText
 10
828.5
 20
399.54545454545456
 30
0.0
 40
3.5
  1
H
  7
GYM
 72
1
 11
828.5
 21
399.54545454545456
 31
0.0
100
AcDbText
 73
2
  0
LINE
  5
9A3
330
93C
100
AcDbEntity
 67
1
  8
G-PAFTA-ZON
370
13
100
AcDbLine
 10
20.0
 20
425.1818181818182
 30
0.0
 11
25.0
 21
425.1818181818182
 31
0.0
  0
LINE
  5
9A4
330
93C
100
AcDbEntity
 67
1
  8
G-PAFTA-ZON
370
13
100
AcDbLine
 10
826.0
 20
425.1818181818182
 30
0.0
 11
831.0
 21
425.1818181818182
 31
0.0
  0
TEXT
  5
9A5
330
93C
100
AcDbEntity
 67
1
  8
G-PAFTA-ZON
100
AcDbText
 10
22.5
 20
450.8181818181818
 30
0.0
 40
3.5
  1
J
  7
GYM
 72
1
 11
22.5
 21
450.8181818181818
 31
0.0
100
AcDbText
 73
2
  0
TEXT
  5
9A6
330
93C
100
AcDbEntity
 67
1
  8
G-PAFTA-ZON
100
AcDbText
 10
828.5
 20
450.8181818181818
 30
0.0
 40
3.5
  1
J
  7
GYM
 72
1
 11
828.5
 21
450.8181818181818
 31
0.0
100
AcDbText
 73
2
  0
LINE
  5
9A7
330
93C
100
AcDbEntity
 67
1
  8
G-PAFTA-ZON
370
13
100
AcDbLine
 10
20.0
 20
476.45454545454544
 30
0.0
 11
25.0
 21
476.45454545454544
 31
0.0
  0
LINE
  5
9A8
330
93C
100
AcDbEntity
 67
1
  8
G-PAFTA-ZON
370
13
100
AcDbLine
 10
826.0
 20
476.45454545454544
 30
0.0
 11
831.0
 21
476.45454545454544
 31
0.0
  0
TEXT
  5
9A9
330
93C
100
AcDbEntity
 67
1
  8
G-PAFTA-ZON
100
AcDbText
 10
22.5
 20
502.09090909090907
 30
0.0
 40
3.5
  1
K
  7
GYM
 72
1
 11
22.5
 21
502.09090909090907
 31
0.0
100
AcDbText
 73
2
  0
TEXT
  5
9AA
330
93C
100
AcDbEntity
 67
1
  8
G-PAFTA-ZON
100
AcDbText
 10
828.5
 20
502.09090909090907
 30
0.0
 40
3.5
  1
K
  7
GYM
 72
1
 11
828.5
 21
502.09090909090907
 31
0.0
100
AcDbText
 73
2
  0
LINE
  5
9AB
330
93C
100
AcDbEntity
 67
1
  8
G-PAFTA-ZON
370
13
100
AcDbLine
 10
20.0
 20
527.7272727272727
 30
0.0
 11
25.0
 21
527.7272727272727
 31
0.0
  0
LINE
  5
9AC
330
93C
100
AcDbEntity
 67
1
  8
G-PAFTA-ZON
370
13
100
AcDbLine
 10
826.0
 20
527.7272727272727
 30
0.0
 11
831.0
 21
527.7272727272727
 31
0.0
  0
TEXT
  5
9AD
330
93C
100
AcDbEntity
 67
1
  8
G-PAFTA-ZON
100
AcDbText
 10
22.5
 20
553.3636363636364
 30
0.0
 40
3.5
  1
L
  7
GYM
 72
1
 11
22.5
 21
553.3636363636364
 31
0.0
100
AcDbText
 73
2
  0
TEXT
  5
9AE
330
93C
100
AcDbEntity
 67
1
  8
G-PAFTA-ZON
100
AcDbText
 10
828.5
 20
553.3636363636364
 30
0.0
 40
3.5
  1
L
  7
GYM
 72
1
 11
828.5
 21
553.3636363636364
 31
0.0
100
AcDbText
 73
2
  0
LINE
  5
9AF
330
93C
100
AcDbEntity
 67
1
  8
G-CERCEVE
370
70
100
AcDbLine
 10
420.5
 20
0.0
 30
0.0
 11
420.5
 21
20.0
 31
0.0
  0
LINE
  5
9B0
330
93C
100
AcDbEntity
 67
1
  8
G-CERCEVE
370
70
100
AcDbLine
 10
420.5
 20
574.0
 30
0.0
 11
420.5
 21
594.0
 31
0.0
  0
LWPOLYLINE
  5
9B1
330
93C
100
AcDbEntity
 67
1
  8
G-CERCEVE
370
70
100
AcDbPolyline
 90
3
 70
1
 10
420.5
 20
593.0
 10
417.9
 20
586.0
 10
423.1
 20
586.0
  0
LINE
  5
9B2
330
93C
100
AcDbEntity
 67
1
  8
G-CERCEVE
370
70
100
AcDbLine
 10
0.0
 20
297.0
 30
0.0
 11
30.0
 21
297.0
 31
0.0
  0
LINE
  5
9B3
330
93C
100
AcDbEntity
 67
1
  8
G-CERCEVE
370
70
100
AcDbLine
 10
821.0
 20
297.0
 30
0.0
 11
841.0
 21
297.0
 31
0.0
  0
LWPOLYLINE
  5
9B4
330
93C
100
AcDbEntity
 67
1
  8
G-CERCEVE
370
70
100
AcDbPolyline
 90
3
 70
1
 10
1.0
 20
297.0
 10
8.0
 20
294.4
 10
8.0
 20
299.6
  0
TEXT
  5
9B5
330
93C
100
AcDbEntity
 67
1
  8
G-CERCEVE
100
AcDbText
 10
829.0
 20
5.0
 30
0.0
 40
2.5
  1
A1
  7
GYM
 72
2
 11
829.0
 21
5.0
 31
0.0
100
AcDbText
 73
2
  0
LWPOLYLINE
  5
9B6
330
93C
100
AcDbEntity
 67
1
  8
G-CERCEVE
370
35
100
AcDbPolyline
 90
4
 70
1
 10
450.5
 20
2.0
 10
550.5
 20
2.0
 10
550.5
 20
6.0
 10
450.5
 20
6.0
  0
LINE
  5
9B7
330
93C
100
AcDbEntity
 67
1
  8
G-CERCEVE
370
35
100
AcDbLine
 10
450.5
 20
2.0
 30
0.0
 11
450.5
 21
6.0
 31
0.0
  0
LINE
  5
9B8
330
93C
100
AcDbEntity
 67
1
  8
G-CERCEVE
370
35
100
AcDbLine
 10
460.5
 20
2.0
 30
0.0
 11
460.5
 21
6.0
 31
0.0
  0
LINE
  5
9B9
330
93C
100
AcDbEntity
 67
1
  8
G-CERCEVE
370
35
100
AcDbLine
 10
470.5
 20
2.0
 30
0.0
 11
470.5
 21
6.0
 31
0.0
  0
LINE
  5
9BA
330
93C
100
AcDbEntity
 67
1
  8
G-CERCEVE
370
35
100
AcDbLine
 10
480.5
 20
2.0
 30
0.0
 11
480.5
 21
6.0
 31
0.0
  0
LINE
  5
9BB
330
93C
100
AcDbEntity
 67
1
  8
G-CERCEVE
370
35
100
AcDbLine
 10
490.5
 20
2.0
 30
0.0
 11
490.5
 21
6.0
 31
0.0
  0
LINE
  5
9BC
330
93C
100
AcDbEntity
 67
1
  8
G-CERCEVE
370
35
100
AcDbLine
 10
500.5
 20
2.0
 30
0.0
 11
500.5
 21
6.0
 31
0.0
  0
LINE
  5
9BD
330
93C
100
AcDbEntity
 67
1
  8
G-CERCEVE
370
35
100
AcDbLine
 10
510.5
 20
2.0
 30
0.0
 11
510.5
 21
6.0
 31
0.0
  0
LINE
  5
9BE
330
93C
100
AcDbEntity
 67
1
  8
G-CERCEVE
370
35
100
AcDbLine
 10
520.5
 20
2.0
 30
0.0
 11
520.5
 21
6.0
 31
0.0
  0
LINE
  5
9BF
330
93C
100
AcDbEntity
 67
1
  8
G-CERCEVE
370
35
100
AcDbLine
 10
530.5
 20
2.0
 30
0.0
 11
530.5
 21
6.0
 31
0.0
  0
LINE
  5
9C0
330
93C
100
AcDbEntity
 67
1
  8
G-CERCEVE
370
35
100
AcDbLine
 10
540.5
 20
2.0
 30
0.0
 11
540.5
 21
6.0
 31
0.0
  0
LINE
  5
9C1
330
93C
100
AcDbEntity
 67
1
  8
G-CERCEVE
370
35
100
AcDbLine
 10
550.5
 20
2.0
 30
0.0
 11
550.5
 21
6.0
 31
0.0
  0
TEXT
  5
9C2
330
93C
100
AcDbEntity
 67
1
  8
G-CERCEVE
100
AcDbText
 10
554.5
 20
4.0
 30
0.0
 40
1.8
  1
100 mm
  7
GYM
 11
554.5
 21
4.0
 31
0.0
100
AcDbText
 73
2
  0
LWPOLYLINE
  5
9C3
330
93C
100
AcDbEntity
 67
1
  8
G-ANTET
370
100
100
AcDbPolyline
 90
4
 70
1
 10
651.0
 20
15.0
 10
831.0
 20
15.0
 10
831.0
 20
107.0
 10
651.0
 20
107.0
  0
LINE
  5
9C4
330
93C
100
AcDbEntity
 67
1
  8
G-ANTET
370
35
100
AcDbLine
 10
651.0
 20
25.0
 30
0.0
 11
831.0
 21
25.0
 31
0.0
  0
LINE
  5
9C5
330
93C
100
AcDbEntity
 67
1
  8
G-ANTET
370
35
100
AcDbLine
 10
651.0
 20
35.0
 30
0.0
 11
831.0
 21
35.0
 31
0.0
  0
LINE
  5
9C6
330
93C
100
AcDbEntity
 67
1
  8
G-ANTET
370
35
100
AcDbLine
 10
651.0
 20
45.0
 30
0.0
 11
831.0
 21
45.0
 31
0.0
  0
LINE
  5
9C7
330
93C
100
AcDbEntity
 67
1
  8
G-ANTET
370
35
100
AcDbLine
 10
651.0
 20
57.0
 30
0.0
 11
831.0
 21
57.0
 31
0.0
  0
LINE
  5
9C8
330
93C
100
AcDbEntity
 67
1
  8
G-ANTET
370
35
100
AcDbLine
 10
651.0
 20
69.0
 30
0.0
 11
831.0
 21
69.0
 31
0.0
  0
LINE
  5
9C9
330
93C
100
AcDbEntity
 67
1
  8
G-ANTET
370
35
100
AcDbLine
 10
651.0
 20
83.0
 30
0.0
 11
831.0
 21
83.0
 31
0.0
  0
LINE
  5
9CA
330
93C
100
AcDbEntity
 67
1
  8
G-ANTET
370
35
100
AcDbLine
 10
711.0
 20
15.0
 30
0.0
 11
711.0
 21
45.0
 31
0.0
  0
LINE
  5
9CB
330
93C
100
AcDbEntity
 67
1
  8
G-ANTET
370
35
100
AcDbLine
 10
771.0
 20
15.0
 30
0.0
 11
771.0
 21
45.0
 31
0.0
  0
LINE
  5
9CC
330
93C
100
AcDbEntity
 67
1
  8
G-ANTET
370
35
100
AcDbLine
 10
769.0
 20
45.0
 30
0.0
 11
769.0
 21
69.0
 31
0.0
  0
TEXT
  5
9CD
330
93C
100
AcDbEntity
 67
1
  8
G-ANTET
100
AcDbText
 10
652.6
 20
103.0
 30
0.0
 40
1.8
  1
İŞVEREN
  7
GYM
 11
652.6
 21
103.0
 31
0.0
100
AcDbText
 73
2
  0
TEXT
  5
9CE
330
93C
100
AcDbEntity
 67
1
  8
G-ANTET
100
AcDbText
 10
652.6
 20
98.0
 30
0.0
 40
2.5
  1
ÖZEL — MALTEPE / İDEALTEPE
  7
GYM
 11
652.6
 21
98.0
 31
0.0
100
AcDbText
 73
2
  0
TEXT
  5
9CF
330
93C
100
AcDbEntity
 67
1
  8
G-ANTET
100
AcDbText
 10
652.6
 20
93.0
 30
0.0
 40
1.8
  1
PROJE
  7
GYM
 11
652.6
 21
93.0
 31
0.0
100
AcDbText
 73
2
  0
TEXT
  5
9D0
330
93C
100
AcDbEntity
 67
1
  8
G-ANTET
100
AcDbText
 10
652.6
 20
87.2
 30
0.0
 40
3.5
  1
MOBİLYA MAĞAZASI → FONKSİYONEL ANTRENMAN STÜDYOSU
  7
GYM
 11
652.6
 21
87.2
 31
0.0
100
AcDbText
 73
2
  0
TEXT
  5
9D1
330
93C
100
AcDbEntity
 67
1
  8
G-ANTET
100
AcDbText
 10
652.6
 20
78.0
 30
0.0
 40
1.8
  1
YAPI / MAHAL
  7
GYM
 11
652.6
 21
78.0
 31
0.0
100
AcDbText
 73
2
  0
TEXT
  5
9D2
330
93C
100
AcDbEntity
 67
1
  8
G-ANTET
100
AcDbText
 10
652.6
 20
72.0
 30
0.0
 40
2.5
  1
İdealtepe Mah. · zemin kat dükkân · 103,78 m² iç alan
  7
GYM
 11
652.6
 21
72.0
 31
0.0
100
AcDbText
 73
2
  0
TEXT
  5
9D3
330
93C
100
AcDbEntity
 67
1
  8
G-ANTET
100
AcDbText
 10
771.4
 20
78.0
 30
0.0
 40
1.8
  1
DİSİPLİN
  7
GYM
 11
771.4
 21
78.0
 31
0.0
100
AcDbText
 73
2
  0
TEXT
  5
9D4
330
93C
100
AcDbEntity
 67
1
  8
G-ANTET
100
AcDbText
 10
771.4
 20
72.0
 30
0.0
 40
2.5
  1
ELEKTRİK
  7
GYM
 11
771.4
 21
72.0
 31
0.0
100
AcDbText
 73
2
  0
LINE
  5
9D5
330
93C
100
AcDbEntity
 67
1
  8
G-ANTET
370
35
100
AcDbLine
 10
769.0
 20
69.0
 30
0.0
 11
769.0
 21
83.0
 31
0.0
  0
TEXT
  5
9D6
330
93C
100
AcDbEntity
 67
1
  8
G-ANTET
100
AcDbText
 10
652.6
 20
65.0
 30
0.0
 40
1.8
  1
PAFTA ADI
  7
GYM
 11
652.6
 21
65.0
 31
0.0
100
AcDbText
 73
2
  0
TEXT
  5
9D7
330
93C
100
AcDbEntity
 67
1
  8
G-ANTET
100
AcDbText
 10
652.6
 20
59.8
 30
0.0
 40
3.5
  1
ZAYIF AKIM PLANI
  7
GYM
 11
652.6
 21
59.8
 31
0.0
100
AcDbText
 73
2
  0
TEXT
  5
9D8
330
93C
100
AcDbEntity
 67
1
  8
G-ANTET
100
AcDbText
 10
771.4
 20
59.8
 30
0.0
 40
1.8
  1
Veri · CCTV · ses · yangın algılama
  7
GYM
 11
771.4
 21
59.8
 31
0.0
100
AcDbText
 73
2
  0
TEXT
  5
9D9
330
93C
100
AcDbEntity
 67
1
  8
G-ANTET
100
AcDbText
 10
652.6
 20
53.0
 30
0.0
 40
1.8
  1
PROJE MÜELLİFİ · ODA SİCİL NO
  7
GYM
 11
652.6
 21
53.0
 31
0.0
100
AcDbText
 73
2
  0
TEXT
  5
9DA
330
93C
100
AcDbEntity
 67
1
  8
G-ANTET
100
AcDbText
 10
652.6
 20
47.8
 30
0.0
 40
2.5
  1
—   Oda sicil no: —
  7
GYM
 11
652.6
 21
47.8
 31
0.0
100
AcDbText
 73
2
  0
TEXT
  5
9DB
330
93C
100
AcDbEntity
 67
1
  8
G-ANTET
100
AcDbText
 10
652.6
 20
42.0
 30
0.0
 40
1.8
  1
ÇİZEN
  7
GYM
 11
652.6
 21
42.0
 31
0.0
100
AcDbText
 73
2
  0
TEXT
  5
9DC
330
93C
100
AcDbEntity
 67
1
  8
G-ANTET
100
AcDbText
 10
652.6
 20
37.6
 30
0.0
 40
2.5
  1
CC
  7
GYM
 11
652.6
 21
37.6
 31
0.0
100
AcDbText
 73
2
  0
TEXT
  5
9DD
330
93C
100
AcDbEntity
 67
1
  8
G-ANTET
100
AcDbText
 10
712.6
 20
42.0
 30
0.0
 40
1.8
  1
KONTROL
  7
GYM
 11
712.6
 21
42.0
 31
0.0
100
AcDbText
 73
2
  0
TEXT
  5
9DE
330
93C
100
AcDbEntity
 67
1
  8
G-ANTET
100
AcDbText
 10
712.6
 20
37.6
 30
0.0
 40
2.5
  1
—
  7
GYM
 11
712.6
 21
37.6
 31
0.0
100
AcDbText
 73
2
  0
TEXT
  5
9DF
330
93C
100
AcDbEntity
 67
1
  8
G-ANTET
100
AcDbText
 10
772.6
 20
42.0
 30
0.0
 40
1.8
  1
ONAY
  7
GYM
 11
772.6
 21
42.0
 31
0.0
100
AcDbText
 73
2
  0
TEXT
  5
9E0
330
93C
100
AcDbEntity
 67
1
  8
G-ANTET
100
AcDbText
 10
772.6
 20
37.6
 30
0.0
 40
2.5
  1
—
  7
GYM
 11
772.6
 21
37.6
 31
0.0
100
AcDbText
 73
2
  0
TEXT
  5
9E1
330
93C
100
AcDbEntity
 67
1
  8
G-ANTET
100
AcDbText
 10
652.6
 20
32.0
 30
0.0
 40
1.8
  1
TARİH
  7
GYM
 11
652.6
 21
32.0
 31
0.0
100
AcDbText
 73
2
  0
TEXT
  5
9E2
330
93C
100
AcDbEntity
 67
1
  8
G-ANTET
100
AcDbText
 10
652.6
 20
27.6
 30
0.0
 40
2.5
  1
17 Eylül 2026
  7
GYM
 11
652.6
 21
27.6
 31
0.0
100
AcDbText
 73
2
  0
TEXT
  5
9E3
330
93C
100
AcDbEntity
 67
1
  8
G-ANTET
100
AcDbText
 10
712.6
 20
32.0
 30
0.0
 40
1.8
  1
ÖLÇEK
  7
GYM
 11
712.6
 21
32.0
 31
0.0
100
AcDbText
 73
2
  0
TEXT
  5
9E4
330
93C
100
AcDbEntity
 67
1
  8
G-ANTET
100
AcDbText
 10
712.6
 20
27.6
 30
0.0
 40
3.5
  1
1:50
  7
GYM
 11
712.6
 21
27.6
 31
0.0
100
AcDbText
 73
2
  0
TEXT
  5
9E5
330
93C
100
AcDbEntity
 67
1
  8
G-ANTET
100
AcDbText
 10
772.6
 20
32.0
 30
0.0
 40
1.8
  1
BİRİM
  7
GYM
 11
772.6
 21
32.0
 31
0.0
100
AcDbText
 73
2
  0
TEXT
  5
9E6
330
93C
100
AcDbEntity
 67
1
  8
G-ANTET
100
AcDbText
 10
772.6
 20
27.6
 30
0.0
 40
2.5
  1
milimetre (mm)
  7
GYM
 11
772.6
 21
27.6
 31
0.0
100
AcDbText
 73
2
  0
TEXT
  5
9E7
330
93C
100
AcDbEntity
 67
1
  8
G-ANTET
100
AcDbText
 10
652.6
 20
22.0
 30
0.0
 40
1.8
  1
DURUM
  7
GYM
 11
652.6
 21
22.0
 31
0.0
100
AcDbText
 73
2
  0
TEXT
  5
9E8
330
93C
100
AcDbEntity
 67
1
  8
G-ANTET
100
AcDbText
 10
652.6
 20
17.6
 30
0.0
 40
2.5
  1
ÖN TASARIM
  7
GYM
 11
652.6
 21
17.6
 31
0.0
100
AcDbText
 73
2
  0
TEXT
  5
9E9
330
93C
100
AcDbEntity
 67
1
  8
G-ANTET
100
AcDbText
 10
712.6
 20
22.0
 30
0.0
 40
1.8
  1
PAFTA NO
  7
GYM
 11
712.6
 21
22.0
 31
0.0
100
AcDbText
 73
2
  0
TEXT
  5
9EA
330
93C
100
AcDbEntity
 67
1
  8
G-ANTET
100
AcDbText
 10
712.6
 20
17.6
 30
0.0
 40
5.0
  1
E-03
  7
GYM
 11
712.6
 21
17.6
 31
0.0
100
AcDbText
 73
2
  0
TEXT
  5
9EB
330
93C
100
AcDbEntity
 67
1
  8
G-ANTET
100
AcDbText
 10
772.6
 20
22.0
 30
0.0
 40
1.8
  1
REV
  7
GYM
 11
772.6
 21
22.0
 31
0.0
100
AcDbText
 73
2
  0
TEXT
  5
9EC
330
93C
100
AcDbEntity
 67
1
  8
G-ANTET
100
AcDbText
 10
772.6
 20
17.6
 30
0.0
 40
5.0
  1
G
  7
GYM
 11
772.6
 21
17.6
 31
0.0
100
AcDbText
 73
2
  0
TEXT
  5
9ED
330
93C
100
AcDbEntity
 67
1
  8
G-ANTET
100
AcDbText
 10
801.0
 20
18.0
 30
0.0
 40
1.8
  1
SONRAKİ: E-04
  7
GYM
 11
801.0
 21
18.0
 31
0.0
100
AcDbText
 73
2
  0
LWPOLYLINE
  5
9EE
330
93C
100
AcDbEntity
 67
1
  8
G-ANTET
370
50
100
AcDbPolyline
 90
4
 70
1
 10
651.0
 20
107.0
 10
831.0
 20
107.0
 10
831.0
 20
143.0
 10
651.0
 20
143.0
  0
LINE
  5
9EF
330
93C
100
AcDbEntity
 67
1
  8
G-ANTET
370
18
100
AcDbLine
 10
651.0
 20
107.0
 30
0.0
 11
831.0
 21
107.0
 31
0.0
  0
LINE
  5
9F0
330
93C
100
AcDbEntity
 67
1
  8
G-ANTET
370
18
100
AcDbLine
 10
651.0
 20
113.0
 30
0.0
 11
831.0
 21
113.0
 31
0.0
  0
LINE
  5
9F1
330
93C
100
AcDbEntity
 67
1
  8
G-ANTET
370
18
100
AcDbLine
 10
651.0
 20
119.0
 30
0.0
 11
831.0
 21
119.0
 31
0.0
  0
LINE
  5
9F2
330
93C
100
AcDbEntity
 67
1
  8
G-ANTET
370
18
100
AcDbLine
 10
651.0
 20
125.0
 30
0.0
 11
831.0
 21
125.0
 31
0.0
  0
LINE
  5
9F3
330
93C
100
AcDbEntity
 67
1
  8
G-ANTET
370
18
100
AcDbLine
 10
651.0
 20
131.0
 30
0.0
 11
831.0
 21
131.0
 31
0.0
  0
LINE
  5
9F4
330
93C
100
AcDbEntity
 67
1
  8
G-ANTET
370
18
100
AcDbLine
 10
651.0
 20
137.0
 30
0.0
 11
831.0
 21
137.0
 31
0.0
  0
LINE
  5
9F5
330
93C
100
AcDbEntity
 67
1
  8
G-ANTET
370
18
100
AcDbLine
 10
663.0
 20
107.0
 30
0.0
 11
663.0
 21
143.0
 31
0.0
  0
LINE
  5
9F6
330
93C
100
AcDbEntity
 67
1
  8
G-ANTET
370
18
100
AcDbLine
 10
687.0
 20
107.0
 30
0.0
 11
687.0
 21
143.0
 31
0.0
  0
LINE
  5
9F7
330
93C
100
AcDbEntity
 67
1
  8
G-ANTET
370
18
100
AcDbLine
 10
777.0
 20
107.0
 30
0.0
 11
777.0
 21
143.0
 31
0.0
  0
LINE
  5
9F8
330
93C
100
AcDbEntity
 67
1
  8
G-ANTET
370
18
100
AcDbLine
 10
795.0
 20
107.0
 30
0.0
 11
795.0
 21
143.0
 31
0.0
  0
LINE
  5
9F9
330
93C
100
AcDbEntity
 67
1
  8
G-ANTET
370
18
100
AcDbLine
 10
813.0
 20
107.0
 30
0.0
 11
813.0
 21
143.0
 31
0.0
  0
TEXT
  5
9FA
330
93C
100
AcDbEntity
 67
1
  8
G-ANTET
100
AcDbText
 10
652.2
 20
140.0
 30
0.0
 40
1.8
  1
REV
  7
GYM
 11
652.2
 21
140.0
 31
0.0
100
AcDbText
 73
2
  0
TEXT
  5
9FB
330
93C
100
AcDbEntity
 67
1
  8
G-ANTET
100
AcDbText
 10
664.2
 20
140.0
 30
0.0
 40
1.8
  1
TARİH
  7
GYM
 11
664.2
 21
140.0
 31
0.0
100
AcDbText
 73
2
  0
TEXT
  5
9FC
330
93C
100
AcDbEntity
 67
1
  8
G-ANTET
100
AcDbText
 10
688.2
 20
140.0
 30
0.0
 40
1.8
  1
AÇIKLAMA
  7
GYM
 11
688.2
 21
140.0
 31
0.0
100
AcDbText
 73
2
  0
TEXT
  5
9FD
330
93C
100
AcDbEntity
 67
1
  8
G-ANTET
100
AcDbText
 10
778.2
 20
140.0
 30
0.0
 40
1.8
  1
ÇZ
  7
GYM
 11
778.2
 21
140.0
 31
0.0
100
AcDbText
 73
2
  0
TEXT
  5
9FE
330
93C
100
AcDbEntity
 67
1
  8
G-ANTET
100
AcDbText
 10
796.2
 20
140.0
 30
0.0
 40
1.8
  1
KT
  7
GYM
 11
796.2
 21
140.0
 31
0.0
100
AcDbText
 73
2
  0
TEXT
  5
9FF
330
93C
100
AcDbEntity
 67
1
  8
G-ANTET
100
AcDbText
 10
814.2
 20
140.0
 30
0.0
 40
1.8
  1
ON
  7
GYM
 11
814.2
 21
140.0
 31
0.0
100
AcDbText
 73
2
  0
TEXT
  5
A00
330
93C
100
AcDbEntity
 67
1
  8
G-ANTET
100
AcDbText
 10
652.2
 20
134.0
 30
0.0
 40
1.8
  1
A
  7
GYM
 11
652.2
 21
134.0
 31
0.0
100
AcDbText
 73
2
  0
TEXT
  5
A01
330
93C
100
AcDbEntity
 67
1
  8
G-ANTET
100
AcDbText
 10
664.2
 20
134.0
 30
0.0
 40
1.8
  1
17.09.2026
  7
GYM
 11
664.2
 21
134.0
 31
0.0
100
AcDbText
 73
2
  0
TEXT
  5
A02
330
93C
100
AcDbEntity
 67
1
  8
G-ANTET
100
AcDbText
 10
688.2
 20
134.0
 30
0.0
 40
1.8
  1
İlk yayın — ön tasarım
  7
GYM
 11
688.2
 21
134.0
 31
0.0
100
AcDbText
 73
2
  0
TEXT
  5
A03
330
93C
100
AcDbEntity
 67
1
  8
G-ANTET
100
AcDbText
 10
778.2
 20
134.0
 30
0.0
 40
1.8
  1
CC
  7
GYM
 11
778.2
 21
134.0
 31
0.0
100
AcDbText
 73
2
  0
TEXT
  5
A04
330
93C
100
AcDbEntity
 67
1
  8
G-ANTET
100
AcDbText
 10
796.2
 20
134.0
 30
0.0
 40
1.8
  1
—
  7
GYM
 11
796.2
 21
134.0
 31
0.0
100
AcDbText
 73
2
  0
TEXT
  5
A05
330
93C
100
AcDbEntity
 67
1
  8
G-ANTET
100
AcDbText
 10
814.2
 20
134.0
 30
0.0
 40
1.8
  1
—
  7
GYM
 11
814.2
 21
134.0
 31
0.0
100
AcDbText
 73
2
  0
TEXT
  5
A06
330
93C
100
AcDbEntity
 67
1
  8
G-ANTET
100
AcDbText
 10
652.2
 20
128.0
 30
0.0
 40
1.8
  1
B
  7
GYM
 11
652.2
 21
128.0
 31
0.0
100
AcDbText
 73
2
  0
TEXT
  5
A07
330
93C
100
AcDbEntity
 67
1
  8
G-ANTET
100
AcDbText
 10
664.2
 20
128.0
 30
0.0
 40
1.8
  1
18.09.2026
  7
GYM
 11
664.2
 21
128.0
 31
0.0
100
AcDbText
 73
2
  0
TEXT
  5
A08
330
93C
100
AcDbEntity
 67
1
  8
G-ANTET
100
AcDbText
 10
688.2
 20
128.0
 30
0.0
 40
1.8
  1
Aks sistemi, zincir ölçü, ISO 5457/7200 pafta
  7
GYM
 11
688.2
 21
128.0
 31
0.0
100
AcDbText
 73
2
  0
TEXT
  5
A09
330
93C
100
AcDbEntity
 67
1
  8
G-ANTET
100
AcDbText
 10
778.2
 20
128.0
 30
0.0
 40
1.8
  1
CC
  7
GYM
 11
778.2
 21
128.0
 31
0.0
100
AcDbText
 73
2
  0
TEXT
  5
A0A
330
93C
100
AcDbEntity
 67
1
  8
G-ANTET
100
AcDbText
 10
796.2
 20
128.0
 30
0.0
 40
1.8
  1
—
  7
GYM
 11
796.2
 21
128.0
 31
0.0
100
AcDbText
 73
2
  0
TEXT
  5
A0B
330
93C
100
AcDbEntity
 67
1
  8
G-ANTET
100
AcDbText
 10
814.2
 20
128.0
 30
0.0
 40
1.8
  1
—
  7
GYM
 11
814.2
 21
128.0
 31
0.0
100
AcDbText
 73
2
  0
TEXT
  5
A0C
330
93C
100
AcDbEntity
 67
1
  8
G-ANTET
100
AcDbText
 10
652.2
 20
122.0
 30
0.0
 40
1.8
  1
C
  7
GYM
 11
652.2
 21
122.0
 31
0.0
100
AcDbText
 73
2
  0
TEXT
  5
A0D
330
93C
100
AcDbEntity
 67
1
  8
G-ANTET
100
AcDbText
 10
664.2
 20
122.0
 30
0.0
 40
1.8
  1
18.09.2026
  7
GYM
 11
664.2
 21
122.0
 31
0.0
100
AcDbText
 73
2
  0
TEXT
  5
A0E
330
93C
100
AcDbEntity
 67
1
  8
G-ANTET
100
AcDbText
 10
688.2
 20
122.0
 30
0.0
 40
1.8
  1
A1 pafta, tekil DXF, ADP tek hat şeması CAD'de
  7
GYM
 11
688.2
 21
122.0
 31
0.0
100
AcDbText
 73
2
  0
TEXT
  5
A0F
330
93C
100
AcDbEntity
 67
1
  8
G-ANTET
100
AcDbText
 10
778.2
 20
122.0
 30
0.0
 40
1.8
  1
CC
  7
GYM
 11
778.2
 21
122.0
 31
0.0
100
AcDbText
 73
2
  0
TEXT
  5
A10
330
93C
100
AcDbEntity
 67
1
  8
G-ANTET
100
AcDbText
 10
796.2
 20
122.0
 30
0.0
 40
1.8
  1
—
  7
GYM
 11
796.2
 21
122.0
 31
0.0
100
AcDbText
 73
2
  0
TEXT
  5
A11
330
93C
100
AcDbEntity
 67
1
  8
G-ANTET
100
AcDbText
 10
814.2
 20
122.0
 30
0.0
 40
1.8
  1
—
  7
GYM
 11
814.2
 21
122.0
 31
0.0
100
AcDbText
 73
2
  0
VIEWPORT
  5
A12
330
93C
100
AcDbEntity
 67
1
  8
G-VIEWPORT
100
AcDbViewport
 10
337.0
 20
297.0
 30
0.0
 40
616.0
 41
556.0
 68
1
 69
3
 12
5781.402523373163
 22
6494.971236472614
 13
0.0
 23
0.0
 14
10.0
 24
10.0
 15
10.0
 25
10.0
 16
0.0
 26
0.0
 36
1.0
 17
0.0
 27
0.0
 37
0.0
 42
50.0
 43
0.0
 44
0.0
 45
27800.0
 50
0.0
 51
0.0
 72
100
331
9D
331
9E
331
9F
331
A0
331
A1
331
A2
331
A3
331
A4
331
A5
331
A6
331
A7
331
A8
331
A9
331
AA
331
AB
331
AC
331
AD
331
AE
331
AF
331
B0
331
B1
331
B7
331
B8
331
B9
331
BA
331
BB
 90
0
  1

281
0
 71
0
 74
0
110
0.0
120
0.0
130
0.0
111
1.0
121
0.0
131
0.0
112
0.0
122
1.0
132
0.0
 79
0
146
0.0
282
0
  0
LWPOLYLINE
  5
A13
330
93C
100
AcDbEntity
 67
1
  8
G-CERCEVE
370
18
100
AcDbPolyline
 90
4
 70
1
 10
29.0
 20
19.0
 10
645.0
 20
19.0
 10
645.0
 20
575.0
 10
29.0
 20
575.0
  0
CIRCLE
  5
A14
330
93C
100
AcDbEntity
 67
1
  8
G-ANTET
370
35
100
AcDbCircle
 10
628.0
 20
558.0
 30
0.0
 40
9.0
  0
LWPOLYLINE
  5
A15
330
93C
100
AcDbEntity
 67
1
  8
G-ANTET
370
50
100
AcDbPolyline
 90
4
 70
1
 10
628.0
 20
565.74
 10
624.94
 20
553.32
 10
628.0
 20
556.38
 10
631.06
 20
553.32
  0
HATCH
  5
A16
330
93C
100
AcDbEntity
 67
1
  8
G-ANTET
 62
7
100
AcDbHatch
 10
0.0
 20
0.0
 30
0.0
210
0.0
220
0.0
230
1.0
  2
SOLID
 70
1
 71
0
 91
1
 92
3
 72
0
 73
1
 93
3
 10
628.0
 20
565.74
 10
624.94
 20
553.32
 10
628.0
 20
556.38
 97
0
 75
0
 76
1
 98
0
  0
TEXT
  5
A17
330
93C
100
AcDbEntity
 67
1
  8
G-ANTET
100
AcDbText
 10
628.0
 20
545.0
 30
0.0
 40
3.5
  1
K
  7
GYM
 72
1
 11
628.0
 21
545.0
 31
0.0
100
AcDbText
 73
2
  0
HATCH
  5
A18
330
93C
100
AcDbEntity
 67
1
  8
G-ANTET
 62
7
100
AcDbHatch
 10
0.0
 20
0.0
 30
0.0
210
0.0
220
0.0
230
1.0
  2
SOLID
 70
1
 71
0
 91
1
 92
3
 72
0
 73
1
 93
4
 10
37.0
 20
27.0
 10
57.0
 20
27.0
 10
57.0
 20
29.2
 10
37.0
 20
29.2
 97
0
 75
0
 76
1
 98
0
  0
LWPOLYLINE
  5
A19
330
93C
100
AcDbEntity
 67
1
  8
G-ANTET
370
18
100
AcDbPolyline
 90
4
 70
1
 10
37.0
 20
27.0
 10
57.0
 20
27.0
 10
57.0
 20
29.2
 10
37.0
 20
29.2
  0
HATCH
  5
A1A
330
93C
100
AcDbEntity
 67
1
  8
G-ANTET
 62
0
100
AcDbHatch
 10
0.0
 20
0.0
 30
0.0
210
0.0
220
0.0
230
1.0
  2
SOLID
 70
1
 71
0
 91
1
 92
3
 72
0
 73
1
 93
4
 10
57.0
 20
27.0
 10
77.0
 20
27.0
 10
77.0
 20
29.2
 10
57.0
 20
29.2
 97
0
 75
0
 76
1
 98
0
  0
LWPOLYLINE
  5
A1B
330
93C
100
AcDbEntity
 67
1
  8
G-ANTET
370
18
100
AcDbPolyline
 90
4
 70
1
 10
57.0
 20
27.0
 10
77.0
 20
27.0
 10
77.0
 20
29.2
 10
57.0
 20
29.2
  0
HATCH
  5
A1C
330
93C
100
AcDbEntity
 67
1
  8
G-ANTET
 62
7
100
AcDbHatch
 10
0.0
 20
0.0
 30
0.0
210
0.0
220
0.0
230
1.0
  2
SOLID
 70
1
 71
0
 91
1
 92
3
 72
0
 73
1
 93
4
 10
77.0
 20
27.0
 10
97.0
 20
27.0
 10
97.0
 20
29.2
 10
77.0
 20
29.2
 97
0
 75
0
 76
1
 98
0
  0
LWPOLYLINE
  5
A1D
330
93C
100
AcDbEntity
 67
1
  8
G-ANTET
370
18
100
AcDbPolyline
 90
4
 70
1
 10
77.0
 20
27.0
 10
97.0
 20
27.0
 10
97.0
 20
29.2
 10
77.0
 20
29.2
  0
HATCH
  5
A1E
330
93C
100
AcDbEntity
 67
1
  8
G-ANTET
 62
0
100
AcDbHatch
 10
0.0
 20
0.0
 30
0.0
210
0.0
220
0.0
230
1.0
  2
SOLID
 70
1
 71
0
 91
1
 92
3
 72
0
 73
1
 93
4
 10
97.0
 20
27.0
 10
117.0
 20
27.0
 10
117.0
 20
29.2
 10
97.0
 20
29.2
 97
0
 75
0
 76
1
 98
0
  0
LWPOLYLINE
  5
A1F
330
93C
100
AcDbEntity
 67
1
  8
G-ANTET
370
18
100
AcDbPolyline
 90
4
 70
1
 10
97.0
 20
27.0
 10
117.0
 20
27.0
 10
117.0
 20
29.2
 10
97.0
 20
29.2
  0
HATCH
  5
A20
330
93C
100
AcDbEntity
 67
1
  8
G-ANTET
 62
7
100
AcDbHatch
 10
0.0
 20
0.0
 30
0.0
210
0.0
220
0.0
230
1.0
  2
SOLID
 70
1
 71
0
 91
1
 92
3
 72
0
 73
1
 93
4
 10
117.0
 20
27.0
 10
137.0
 20
27.0
 10
137.0
 20
29.2
 10
117.0
 20
29.2
 97
0
 75
0
 76
1
 98
0
  0
LWPOLYLINE
  5
A21
330
93C
100
AcDbEntity
 67
1
  8
G-ANTET
370
18
100
AcDbPolyline
 90
4
 70
1
 10
117.0
 20
27.0
 10
137.0
 20
27.0
 10
137.0
 20
29.2
 10
117.0
 20
29.2
  0
TEXT
  5
A22
330
93C
100
AcDbEntity
 67
1
  8
G-ANTET
100
AcDbText
 10
37.0
 20
23.8
 30
0.0
 40
1.8
  1
0
  7
GYM
 72
1
 11
37.0
 21
23.8
 31
0.0
100
AcDbText
 73
2
  0
TEXT
  5
A23
330
93C
100
AcDbEntity
 67
1
  8
G-ANTET
100
AcDbText
 10
57.0
 20
23.8
 30
0.0
 40
1.8
  1
1
  7
GYM
 72
1
 11
57.0
 21
23.8
 31
0.0
100
AcDbText
 73
2
  0
TEXT
  5
A24
330
93C
100
AcDbEntity
 67
1
  8
G-ANTET
100
AcDbText
 10
77.0
 20
23.8
 30
0.0
 40
1.8
  1
2
  7
GYM
 72
1
 11
77.0
 21
23.8
 31
0.0
100
AcDbText
 73
2
  0
TEXT
  5
A25
330
93C
100
AcDbEntity
 67
1
  8
G-ANTET
100
AcDbText
 10
97.0
 20
23.8
 30
0.0
 40
1.8
  1
3
  7
GYM
 72
1
 11
97.0
 21
23.8
 31
0.0
100
AcDbText
 73
2
  0
TEXT
  5
A26
330
93C
100
AcDbEntity
 67
1
  8
G-ANTET
100
AcDbText
 10
117.0
 20
23.8
 30
0.0
 40
1.8
  1
4
  7
GYM
 72
1
 11
117.0
 21
23.8
 31
0.0
100
AcDbText
 73
2
  0
TEXT
  5
A27
330
93C
100
AcDbEntity
 67
1
  8
G-ANTET
100
AcDbText
 10
137.0
 20
23.8
 30
0.0
 40
1.8
  1
5
  7
GYM
 72
1
 11
137.0
 21
23.8
 31
0.0
100
AcDbText
 73
2
  0
TEXT
  5
A28
330
93C
100
AcDbEntity
 67
1
  8
G-ANTET
100
AcDbText
 10
140.0
 20
28.1
 30
0.0
 40
1.8
  1
m
  7
GYM
 11
140.0
 21
28.1
 31
0.0
100
AcDbText
 73
2
  0
TEXT
  5
A29
330
93C
100
AcDbEntity
 67
1
  8
G-ANTET
100
AcDbText
 10
37.0
 20
31.0
 30
0.0
 40
1.8
  1
ÖLÇEK 1:50
  7
GYM
 11
37.0
 21
31.0
 31
0.0
100
AcDbText
 73
2
  0
LWPOLYLINE
  5
A2A
330
93C
100
AcDbEntity
 67
1
  8
G-ANTET
 62
1
370
50
100
AcDbPolyline
 90
4
 70
1
 10
573.0
 20
27.0
 10
643.0
 20
27.0
 10
643.0
 20
36.0
 10
573.0
 20
36.0
  0
TEXT
  5
A2B
330
93C
100
AcDbEntity
 67
1
  8
G-ANTET
 62
1
100
AcDbText
 10
608.0
 20
31.5
 30
0.0
 40
1.8
  1
ÖN TASARIM — UYGULAMA İÇİN DEĞİLDİR
  7
GYM
 72
1
 11
608.0
 21
31.5
 31
0.0
100
AcDbText
 73
2
  0
TEXT
  5
A2C
330
93C
100
AcDbEntity
 67
1
  8
G-YAZI
100
AcDbText
 10
31.0
 20
577.2
 30
0.0
 40
1.8
  1
ÖLÇÜ ALINMAZ — YAZILI ÖLÇÜLER GEÇERLİDİR
  7
GYM
 11
31.0
 21
577.2
 31
0.0
100
AcDbText
 73
2
  0
TEXT
  5
A2D
330
93C
100
AcDbEntity
 67
1
  8
G-YAZI
100
AcDbText
 10
651.0
 20
573.0
 30
0.0
 40
3.5
  1
ANAHTAR PLAN
  7
GYM
 11
651.0
 21
573.0
 31
0.0
100
AcDbText
 73
2
  0
LINE
  5
A2E
330
93C
100
AcDbEntity
 67
1
  8
G-YAZI
370
35
100
AcDbLine
 10
651.0
 20
570.6
 30
0.0
 11
831.0
 21
570.6
 31
0.0
  0
LWPOLYLINE
  5
A2F
330
93C
100
AcDbEntity
 67
1
  8
G-ANTET
370
35
100
AcDbPolyline
 90
4
 70
1
 10
651.0
 20
518.0
 10
831.0
 20
518.0
 10
831.0
 20
566.0
 10
651.0
 20
566.0
  0
LWPOLYLINE
  5
A30
330
93C
100
AcDbEntity
 67
1
  8
G-ANTET
370
35
100
AcDbPolyline
 90
28
 70
1
 10
757.1062355658198
 20
537.270207852194
 10
758.8029253271748
 20
525.3995381062356
 10
755.3941493456505
 20
525.2209391839876
 10
755.2217090069284
 20
526.7482678983833
 10
754.3471901462664
 20
526.7174749807544
 10
754.4518860662048
 20
525.1347190146266
 10
752.5349479953162
 20
523.6045316071629
 10
752.545804464973
 20
523.5334872979215
 10
750.676674364896
 20
522.0
 10
733.1770592763664
 20
522.0
 10
729.2232486528098
 20
526.788298691301
 10
728.5304080061586
 20
525.3102386451117
 10
724.9799846035412
 20
525.8398768283295
 10
723.1970746728252
 20
543.0623556581986
 10
726.6951501154734
 20
543.342571208622
 10
725.8237105465743
 20
547.7798306389531
 10
742.8799076212471
 20
549.6058506543495
 10
741.1801385681293
 20
560.4880677444188
 10
753.6358737490377
 20
562.0
 10
755.5019245573518
 20
549.008468052348
 10
748.7983063895304
 20
548.0569668976135
 10
749.3267740458115
 20
544.5986953983345
 10
748.8444957659738
 20
548.0015396458814
 10
755.4464973056197
 20
548.9530408006159
 10
757.0569668976135
 20
537.6428021555042
 10
750.53138234719
 20
536.7157861853696
 10
750.5883503174795
 20
536.3429900346829
 10
757.1062355658198
 20
537.270207852194
  0
LWPOLYLINE
  5
A31
330
93C
100
AcDbEntity
 67
1
  8
G-ANTET
370
13
100
AcDbPolyline
 90
5
 70
1
 10
755.4464973056197
 20
548.9530408006159
 10
748.8444957659738
 20
548.0015396458814
 10
750.445727482679
 20
536.7036181678214
 10
757.0569668976135
 20
537.6428021555042
 10
755.4464973056197
 20
548.9530408006159
  0
LWPOLYLINE
  5
A32
330
93C
100
AcDbEntity
 67
1
  8
G-ANTET
370
13
100
AcDbPolyline
 90
9
 70
1
 10
757.1062355658198
 20
537.270207852194
 10
750.504234026174
 20
536.3310238645112
 10
752.3456505003849
 20
523.4534257120862
 10
754.4518860662048
 20
525.1347190146266
 10
754.3471901462664
 20
526.7174749807544
 10
755.2217090069284
 20
526.7482678983833
 10
755.3941493456505
 20
525.2209391839876
 10
758.8029253271748
 20
525.3995381062356
 10
757.1062355658198
 20
537.270207852194
  0
TEXT
  5
A33
330
93C
100
AcDbEntity
 67
1
  8
G-YAZI
100
AcDbText
 10
651.0
 20
514.0
 30
0.0
 40
3.5
  1
LEJANT
  7
GYM
 11
651.0
 21
514.0
 31
0.0
100
AcDbText
 73
2
  0
LINE
  5
A34
330
93C
100
AcDbEntity
 67
1
  8
G-YAZI
370
35
100
AcDbLine
 10
651.0
 20
511.6
 30
0.0
 11
831.0
 21
511.6
 31
0.0
  0
LINE
  5
A35
330
93C
100
AcDbEntity
 67
1
  8
G-ANTET
  6
Continuous
 62
8
370
35
100
AcDbLine
 10
651.0
 20
507.0
 30
0.0
 11
663.0
 21
507.0
 31
0.0
  0
TEXT
  5
A36
330
93C
100
AcDbEntity
 67
1
  8
G-YAZI
100
AcDbText
 10
666.0
 20
507.0
 30
0.0
 40
1.8
  1
Mimari — mevcut duvar (korunuyor)
  7
GYM
 11
666.0
 21
507.0
 31
0.0
100
AcDbText
 73
2
  0
LINE
  5
A37
330
93C
100
AcDbEntity
 67
1
  8
G-ANTET
  6
Continuous
 62
1
370
35
100
AcDbLine
 10
651.0
 20
502.4
 30
0.0
 11
663.0
 21
502.4
 31
0.0
  0
TEXT
  5
A38
330
93C
100
AcDbEntity
 67
1
  8
G-YAZI
100
AcDbText
 10
666.0
 20
502.4
 30
0.0
 40
1.8
  1
Mimari — yeni alçıpan bölme
  7
GYM
 11
666.0
 21
502.4
 31
0.0
100
AcDbText
 73
2
  0
LINE
  5
A39
330
93C
100
AcDbEntity
 67
1
  8
G-ANTET
  6
Continuous
 62
5
370
25
100
AcDbLine
 10
651.0
 20
497.79999999999995
 30
0.0
 11
663.0
 21
497.79999999999995
 31
0.0
  0
TEXT
  5
A3A
330
93C
100
AcDbEntity
 67
1
  8
G-YAZI
100
AcDbText
 10
666.0
 20
497.79999999999995
 30
0.0
 40
1.8
  1
Mimari — cephe doğraması
  7
GYM
 11
666.0
 21
497.79999999999995
 31
0.0
100
AcDbText
 73
2
  0
LINE
  5
A3B
330
93C
100
AcDbEntity
 67
1
  8
G-ANTET
  6
Continuous
 62
8
370
18
100
AcDbLine
 10
651.0
 20
493.19999999999993
 30
0.0
 11
663.0
 21
493.19999999999993
 31
0.0
  0
TEXT
  5
A3C
330
93C
100
AcDbEntity
 67
1
  8
G-YAZI
100
AcDbText
 10
666.0
 20
493.19999999999993
 30
0.0
 40
1.8
  1
Mimari — kapı ve açılım
  7
GYM
 11
666.0
 21
493.19999999999993
 31
0.0
100
AcDbText
 73
2
  0
LINE
  5
A3D
330
93C
100
AcDbEntity
 67
1
  8
G-ANTET
  6
Continuous
 62
9
370
18
100
AcDbLine
 10
651.0
 20
488.5999999999999
 30
0.0
 11
663.0
 21
488.5999999999999
 31
0.0
  0
TEXT
  5
A3E
330
93C
100
AcDbEntity
 67
1
  8
G-YAZI
100
AcDbText
 10
666.0
 20
488.5999999999999
 30
0.0
 40
1.8
  1
Mimari — spor ekipmanı (işverence temin)
  7
GYM
 11
666.0
 21
488.5999999999999
 31
0.0
100
AcDbText
 73
2
  0
LINE
  5
A3F
330
93C
100
AcDbEntity
 67
1
  8
G-ANTET
  6
Continuous
 62
9
370
18
100
AcDbLine
 10
651.0
 20
483.9999999999999
 30
0.0
 11
663.0
 21
483.9999999999999
 31
0.0
  0
TEXT
  5
A40
330
93C
100
AcDbEntity
 67
1
  8
G-YAZI
100
AcDbText
 10
666.0
 20
483.9999999999999
 30
0.0
 40
1.8
  1
Mimari — sabit mobilya
  7
GYM
 11
666.0
 21
483.9999999999999
 31
0.0
100
AcDbText
 73
2
  0
LINE
  5
A41
330
93C
100
AcDbEntity
 67
1
  8
G-ANTET
  6
Continuous
 62
7
370
13
100
AcDbLine
 10
651.0
 20
479.39999999999986
 30
0.0
 11
663.0
 21
479.39999999999986
 31
0.0
  0
TEXT
  5
A42
330
93C
100
AcDbEntity
 67
1
  8
G-YAZI
100
AcDbText
 10
666.0
 20
479.39999999999986
 30
0.0
 40
1.8
  1
Mimari — mahal adı ve alan
  7
GYM
 11
666.0
 21
479.39999999999986
 31
0.0
100
AcDbText
 73
2
  0
LINE
  5
A43
330
93C
100
AcDbEntity
 67
1
  8
G-ANTET
  6
Continuous
 62
250
370
18
100
AcDbLine
 10
651.0
 20
474.79999999999984
 30
0.0
 11
663.0
 21
474.79999999999984
 31
0.0
  0
TEXT
  5
A44
330
93C
100
AcDbEntity
 67
1
  8
G-YAZI
100
AcDbText
 10
666.0
 20
474.79999999999984
 30
0.0
 40
1.8
  1
Mimari — mahal numarası ve kapı kodu balonu
  7
GYM
 11
666.0
 21
474.79999999999984
 31
0.0
100
AcDbText
 73
2
  0
LINE
  5
A45
330
93C
100
AcDbEntity
 67
1
  8
G-ANTET
  6
DASHDOT
 62
1
370
35
100
AcDbLine
 10
651.0
 20
470.1999999999998
 30
0.0
 11
663.0
 21
470.1999999999998
 31
0.0
  0
TEXT
  5
A46
330
93C
100
AcDbEntity
 67
1
  8
G-YAZI
100
AcDbText
 10
666.0
 20
470.1999999999998
 30
0.0
 40
1.8
  1
Mimari — kesit ve görünüş hattı
  7
GYM
 11
666.0
 21
470.1999999999998
 31
0.0
100
AcDbText
 73
2
  0
LINE
  5
A47
330
93C
100
AcDbEntity
 67
1
  8
G-ANTET
  6
Continuous
 62
30
370
25
100
AcDbLine
 10
651.0
 20
465.5999999999998
 30
0.0
 11
663.0
 21
465.5999999999998
 31
0.0
  0
TEXT
  5
A48
330
93C
100
AcDbEntity
 67
1
  8
G-YAZI
100
AcDbText
 10
666.0
 20
465.5999999999998
 30
0.0
 40
1.8
  1
Mimari — zemin kaplama tipi sınırı
  7
GYM
 11
666.0
 21
465.5999999999998
 31
0.0
100
AcDbText
 73
2
  0
LINE
  5
A49
330
93C
100
AcDbEntity
 67
1
  8
G-ANTET
  6
Continuous
 62
30
370
13
100
AcDbLine
 10
651.0
 20
460.9999999999998
 30
0.0
 11
663.0
 21
460.9999999999998
 31
0.0
  0
TEXT
  5
A4A
330
93C
100
AcDbEntity
 67
1
  8
G-YAZI
100
AcDbText
 10
666.0
 20
460.9999999999998
 30
0.0
 40
1.8
  1
Mimari — zemin kaplama tipi ve kotu
  7
GYM
 11
666.0
 21
460.9999999999998
 31
0.0
100
AcDbText
 73
2
  0
LINE
  5
A4B
330
93C
100
AcDbEntity
 67
1
  8
G-ANTET
  6
Continuous
 62
253
370
13
100
AcDbLine
 10
651.0
 20
456.39999999999975
 30
0.0
 11
663.0
 21
456.39999999999975
 31
0.0
  0
TEXT
  5
A4C
330
93C
100
AcDbEntity
 67
1
  8
G-YAZI
100
AcDbText
 10
666.0
 20
456.39999999999975
 30
0.0
 40
1.8
  1
Mimari — kauçuk karo derz ızgarası
  7
GYM
 11
666.0
 21
456.39999999999975
 31
0.0
100
AcDbText
 73
2
  0
LINE
  5
A4D
330
93C
100
AcDbEntity
 67
1
  8
G-ANTET
  6
Continuous
 62
150
370
25
100
AcDbLine
 10
651.0
 20
451.7999999999997
 30
0.0
 11
663.0
 21
451.7999999999997
 31
0.0
  0
TEXT
  5
A4E
330
93C
100
AcDbEntity
 67
1
  8
G-YAZI
100
AcDbText
 10
666.0
 20
451.7999999999997
 30
0.0
 40
1.8
  1
Mimari — asma tavan tipi sınırı
  7
GYM
 11
666.0
 21
451.7999999999997
 31
0.0
100
AcDbText
 73
2
  0
LINE
  5
A4F
330
93C
100
AcDbEntity
 67
1
  8
G-ANTET
  6
Continuous
 62
150
370
13
100
AcDbLine
 10
651.0
 20
447.1999999999997
 30
0.0
 11
663.0
 21
447.1999999999997
 31
0.0
  0
TEXT
  5
A50
330
93C
100
AcDbEntity
 67
1
  8
G-YAZI
100
AcDbText
 10
666.0
 20
447.1999999999997
 30
0.0
 40
1.8
  1
Mimari — asma tavan tipi ve kotu
  7
GYM
 11
666.0
 21
447.1999999999997
 31
0.0
100
AcDbText
 73
2
  0
LINE
  5
A51
330
93C
100
AcDbEntity
 67
1
  8
G-ANTET
  6
Continuous
 62
150
370
18
100
AcDbLine
 10
651.0
 20
442.5999999999997
 30
0.0
 11
663.0
 21
442.5999999999997
 31
0.0
  0
TEXT
  5
A52
330
93C
100
AcDbEntity
 67
1
  8
G-YAZI
100
AcDbText
 10
666.0
 20
442.5999999999997
 30
0.0
 40
1.8
  1
Mimari — revizyon kapağı 300×300
  7
GYM
 11
666.0
 21
442.5999999999997
 31
0.0
100
AcDbText
 73
2
  0
LINE
  5
A53
330
93C
100
AcDbEntity
 67
1
  8
G-ANTET
  6
Continuous
 62
3
370
50
100
AcDbLine
 10
651.0
 20
437.99999999999966
 30
0.0
 11
663.0
 21
437.99999999999966
 31
0.0
  0
TEXT
  5
A54
330
93C
100
AcDbEntity
 67
1
  8
G-YAZI
100
AcDbText
 10
666.0
 20
437.99999999999966
 30
0.0
 40
1.8
  1
Mimari — kaçış yolu ve çıkış
  7
GYM
 11
666.0
 21
437.99999999999966
 31
0.0
100
AcDbText
 73
2
  0
LINE
  5
A55
330
93C
100
AcDbEntity
 67
1
  8
G-ANTET
  6
Continuous
 62
1
370
35
100
AcDbLine
 10
651.0
 20
433.39999999999964
 30
0.0
 11
663.0
 21
433.39999999999964
 31
0.0
  0
TEXT
  5
A56
330
93C
100
AcDbEntity
 67
1
  8
G-YAZI
100
AcDbText
 10
666.0
 20
433.39999999999964
 30
0.0
 40
1.8
  1
Mimari — söndürücü, dolap, ihbar
  7
GYM
 11
666.0
 21
433.39999999999964
 31
0.0
100
AcDbText
 73
2
  0
LINE
  5
A57
330
93C
100
AcDbEntity
 67
1
  8
G-ANTET
  6
Continuous
 62
6
370
25
100
AcDbLine
 10
651.0
 20
428.7999999999996
 30
0.0
 11
663.0
 21
428.7999999999996
 31
0.0
  0
TEXT
  5
A58
330
93C
100
AcDbEntity
 67
1
  8
G-YAZI
100
AcDbText
 10
666.0
 20
428.7999999999996
 30
0.0
 40
1.8
  1
Elektrik — IP kamera
  7
GYM
 11
666.0
 21
428.7999999999996
 31
0.0
100
AcDbText
 73
2
  0
LINE
  5
A59
330
93C
100
AcDbEntity
 67
1
  8
G-ANTET
  6
Continuous
 62
6
370
25
100
AcDbLine
 10
651.0
 20
424.1999999999996
 30
0.0
 11
663.0
 21
424.1999999999996
 31
0.0
  0
TEXT
  5
A5A
330
93C
100
AcDbEntity
 67
1
  8
G-YAZI
100
AcDbText
 10
666.0
 20
424.1999999999996
 30
0.0
 40
1.8
  1
Elektrik — tavan hoparlörü
  7
GYM
 11
666.0
 21
424.1999999999996
 31
0.0
100
AcDbText
 73
2
  0
LINE
  5
A5B
330
93C
100
AcDbEntity
 67
1
  8
G-ANTET
  6
Continuous
 62
6
370
25
100
AcDbLine
 10
651.0
 20
419.59999999999957
 30
0.0
 11
663.0
 21
419.59999999999957
 31
0.0
  0
TEXT
  5
A5C
330
93C
100
AcDbEntity
 67
1
  8
G-YAZI
100
AcDbText
 10
666.0
 20
419.59999999999957
 30
0.0
 40
1.8
  1
Elektrik — veri prizi ve rack
  7
GYM
 11
666.0
 21
419.59999999999957
 31
0.0
100
AcDbText
 73
2
  0
LINE
  5
A5D
330
93C
100
AcDbEntity
 67
1
  8
G-ANTET
  6
Continuous
 62
1
370
25
100
AcDbLine
 10
651.0
 20
414.99999999999955
 30
0.0
 11
663.0
 21
414.99999999999955
 31
0.0
  0
TEXT
  5
A5E
330
93C
100
AcDbEntity
 67
1
  8
G-YAZI
100
AcDbText
 10
666.0
 20
414.99999999999955
 30
0.0
 40
1.8
  1
Elektrik — dedektör, buton, siren
  7
GYM
 11
666.0
 21
414.99999999999955
 31
0.0
100
AcDbText
 73
2
  0
LINE
  5
A5F
330
93C
100
AcDbEntity
 67
1
  8
G-ANTET
  6
DASHED
 62
6
370
13
100
AcDbLine
 10
651.0
 20
410.3999999999995
 30
0.0
 11
663.0
 21
410.3999999999995
 31
0.0
  0
TEXT
  5
A60
330
93C
100
AcDbEntity
 67
1
  8
G-YAZI
100
AcDbText
 10
666.0
 20
410.3999999999995
 30
0.0
 40
1.8
  1
Elektrik — yangın algılama çevrimi
  7
GYM
 11
666.0
 21
410.3999999999995
 31
0.0
100
AcDbText
 73
2
  0
LINE
  5
A61
330
93C
100
AcDbEntity
 67
1
  8
G-ANTET
  6
Continuous
 62
6
370
18
100
AcDbLine
 10
651.0
 20
405.7999999999995
 30
0.0
 11
663.0
 21
405.7999999999995
 31
0.0
  0
TEXT
  5
A62
330
93C
100
AcDbEntity
 67
1
  8
G-YAZI
100
AcDbText
 10
666.0
 20
405.7999999999995
 30
0.0
 40
1.8
  1
Elektrik — zayıf akım kablo kanalı
  7
GYM
 11
666.0
 21
405.7999999999995
 31
0.0
100
AcDbText
 73
2
  0
LINE
  5
A63
330
93C
100
AcDbEntity
 67
1
  8
G-ANTET
  6
Continuous
 62
3
370
50
100
AcDbLine
 10
651.0
 20
401.1999999999995
 30
0.0
 11
663.0
 21
401.1999999999995
 31
0.0
  0
TEXT
  5
A64
330
93C
100
AcDbEntity
 67
1
  8
G-YAZI
100
AcDbText
 10
666.0
 20
401.1999999999995
 30
0.0
 40
1.8
  1
Elektrik — çubuk elektrot
  7
GYM
 11
666.0
 21
401.1999999999995
 31
0.0
100
AcDbText
 73
2
  0
LINE
  5
A65
330
93C
100
AcDbEntity
 67
1
  8
G-ANTET
  6
Continuous
 62
3
370
50
100
AcDbLine
 10
651.0
 20
396.59999999999945
 30
0.0
 11
663.0
 21
396.59999999999945
 31
0.0
  0
TEXT
  5
A66
330
93C
100
AcDbEntity
 67
1
  8
G-YAZI
100
AcDbText
 10
666.0
 20
396.59999999999945
 30
0.0
 40
1.8
  1
Elektrik — elektrot bağlantı şeridi
  7
GYM
 11
666.0
 21
396.59999999999945
 31
0.0
100
AcDbText
 73
2
  0
LINE
  5
A67
330
93C
100
AcDbEntity
 67
1
  8
G-ANTET
  6
DASHDOT
 62
3
370
35
100
AcDbLine
 10
651.0
 20
391.99999999999943
 30
0.0
 11
663.0
 21
391.99999999999943
 31
0.0
  0
TEXT
  5
A68
330
93C
100
AcDbEntity
 67
1
  8
G-YAZI
100
AcDbText
 10
666.0
 20
391.99999999999943
 30
0.0
 40
1.8
  1
Elektrik — topraklama iletkeni
  7
GYM
 11
666.0
 21
391.99999999999943
 31
0.0
100
AcDbText
 73
2
  0
LINE
  5
A69
330
93C
100
AcDbEntity
 67
1
  8
G-ANTET
  6
Continuous
 62
3
370
50
100
AcDbLine
 10
651.0
 20
387.3999999999994
 30
0.0
 11
663.0
 21
387.3999999999994
 31
0.0
  0
TEXT
  5
A6A
330
93C
100
AcDbEntity
 67
1
  8
G-YAZI
100
AcDbText
 10
666.0
 20
387.3999999999994
 30
0.0
 40
1.8
  1
Elektrik — ATB / EPDB barası
  7
GYM
 11
666.0
 21
387.3999999999994
 31
0.0
100
AcDbText
 73
2
  0
LINE
  5
A6B
330
93C
100
AcDbEntity
 67
1
  8
G-ANTET
  6
Continuous
 62
3
370
13
100
AcDbLine
 10
651.0
 20
382.7999999999994
 30
0.0
 11
663.0
 21
382.7999999999994
 31
0.0
  0
TEXT
  5
A6C
330
93C
100
AcDbEntity
 67
1
  8
G-YAZI
100
AcDbText
 10
666.0
 20
382.7999999999994
 30
0.0
 40
1.8
  1
Elektrik — topraklama etiketi
  7
GYM
 11
666.0
 21
382.7999999999994
 31
0.0
100
AcDbText
 73
2
  0
LINE
  5
A6D
330
93C
100
AcDbEntity
 67
1
  8
G-ANTET
  6
Continuous
 62
7
370
50
100
AcDbLine
 10
651.0
 20
378.19999999999936
 30
0.0
 11
663.0
 21
378.19999999999936
 31
0.0
  0
TEXT
  5
A6E
330
93C
100
AcDbEntity
 67
1
  8
G-YAZI
100
AcDbText
 10
666.0
 20
378.19999999999936
 30
0.0
 40
1.8
  1
Elektrik — ana dağıtım panosu
  7
GYM
 11
666.0
 21
378.19999999999936
 31
0.0
100
AcDbText
 73
2
  0
LINE
  5
A6F
330
93C
100
AcDbEntity
 67
1
  8
G-ANTET
  6
Continuous
 62
7
370
13
100
AcDbLine
 10
651.0
 20
373.59999999999934
 30
0.0
 11
663.0
 21
373.59999999999934
 31
0.0
  0
TEXT
  5
A70
330
93C
100
AcDbEntity
 67
1
  8
G-YAZI
100
AcDbText
 10
666.0
 20
373.59999999999934
 30
0.0
 40
1.8
  1
Elektrik — etiket ve not
  7
GYM
 11
666.0
 21
373.59999999999934
 31
0.0
100
AcDbText
 73
2
  0
TEXT
  5
A71
330
93C
100
AcDbEntity
 67
1
  8
G-YAZI
100
AcDbText
 10
651.0
 20
363.9999999999993
 30
0.0
 40
3.5
  1
GENEL NOTLAR
  7
GYM
 11
651.0
 21
363.9999999999993
 31
0.0
100
AcDbText
 73
2
  0
LINE
  5
A72
330
93C
100
AcDbEntity
 67
1
  8
G-YAZI
370
35
100
AcDbLine
 10
651.0
 20
361.59999999999934
 30
0.0
 11
831.0
 21
361.59999999999934
 31
0.0
  0
TEXT
  5
A73
330
93C
100
AcDbEntity
 67
1
  8
G-YAZI
100
AcDbText
 10
651.0
 20
356.9999999999993
 30
0.0
 40
1.8
  1
1. SOYUNMA VE WC ICINE KAMERA KONULMAZ.
  7
GYM
 11
651.0
 21
356.9999999999993
 31
0.0
100
AcDbText
 73
2
  0
TEXT
  5
A74
330
93C
100
AcDbEntity
 67
1
  8
G-YAZI
100
AcDbText
 10
651.0
 20
352.1999999999993
 30
0.0
 40
1.8
  1
2. Yangin algilama panosu kesintisiz beslenir.
  7
GYM
 11
651.0
 21
352.1999999999993
 31
0.0
100
AcDbText
 73
2
  0
TEXT
  5
A75
330
93C
100
AcDbEntity
 67
1
  8
G-YAZI
100
AcDbText
 10
651.0
 20
347.3999999999993
 30
0.0
 40
1.8
  1
3. Topraklama direnci <= 10 ohm.
  7
GYM
 11
651.0
 21
347.3999999999993
 31
0.0
100
AcDbText
 73
2
  0
ENDBLK
  5
93E
330
93C
100
AcDbEntity
  8
0
100
AcDbBlockEnd
  0
BLOCK
  5
A77
330
A76
100
AcDbEntity
  8
0
100
AcDbBlockBegin
  2
*Paper_Space3
 70
0
 10
0.0
 20
0.0
 30
0.0
  3
*Paper_Space3
  1

  0
VIEWPORT
  5
A7A
330
A76
100
AcDbEntity
 67
1
  8
VIEWPORTS
100
AcDbViewport
 10
420.5
 20
297.0
 30
0.0
 40
925.1
 41
653.4000000000001
 68
1
 69
1
 12
420.5
 22
297.0
 13
0.0
 23
0.0
 14
10.0
 24
10.0
 15
10.0
 25
10.0
 16
0.0
 26
0.0
 36
1.0
 17
0.0
 27
0.0
 37
0.0
 42
50.0
 43
0.0
 44
0.0
 45
653.4000000000001
 50
0.0
 51
0.0
 72
100
 90
557088
  1

281
0
 71
0
 74
0
110
0.0
120
0.0
130
0.0
111
1.0
121
0.0
131
0.0
112
0.0
122
1.0
132
0.0
 79
0
146
0.0
282
0
  0
LWPOLYLINE
  5
A7B
330
A76
100
AcDbEntity
 67
1
  8
G-CERCEVE
370
13
100
AcDbPolyline
 90
4
 70
1
 10
0.0
 20
0.0
 10
10.0
 20
0.0
 10
10.0
 20
10.0
 10
0.0
 20
10.0
  0
LWPOLYLINE
  5
A7C
330
A76
100
AcDbEntity
 67
1
  8
G-CERCEVE
370
13
100
AcDbPolyline
 90
4
 70
1
 10
831.0
 20
0.0
 10
841.0
 20
0.0
 10
841.0
 20
10.0
 10
831.0
 20
10.0
  0
LWPOLYLINE
  5
A7D
330
A76
100
AcDbEntity
 67
1
  8
G-CERCEVE
370
13
100
AcDbPolyline
 90
4
 70
1
 10
831.0
 20
584.0
 10
841.0
 20
584.0
 10
841.0
 20
594.0
 10
831.0
 20
594.0
  0
LWPOLYLINE
  5
A7E
330
A76
100
AcDbEntity
 67
1
  8
G-CERCEVE
370
13
100
AcDbPolyline
 90
4
 70
1
 10
0.0
 20
584.0
 10
10.0
 20
584.0
 10
10.0
 20
594.0
 10
0.0
 20
594.0
  0
LWPOLYLINE
  5
A7F
330
A76
100
AcDbEntity
 67
1
  8
G-CERCEVE
370
70
100
AcDbPolyline
 90
4
 70
1
 10
20.0
 20
10.0
 10
831.0
 20
10.0
 10
831.0
 20
584.0
 10
20.0
 20
584.0
  0
LWPOLYLINE
  5
A80
330
A76
100
AcDbEntity
 67
1
  8
G-PAFTA-ZON
370
13
100
AcDbPolyline
 90
4
 70
1
 10
25.0
 20
15.0
 10
826.0
 20
15.0
 10
826.0
 20
579.0
 10
25.0
 20
579.0
  0
TEXT
  5
A81
330
A76
100
AcDbEntity
 67
1
  8
G-PAFTA-ZON
100
AcDbText
 10
50.03125
 20
12.5
 30
0.0
 40
3.5
  1
1
  7
GYM
 72
1
 11
50.03125
 21
12.5
 31
0.0
100
AcDbText
 73
2
  0
TEXT
  5
A82
330
A76
100
AcDbEntity
 67
1
  8
G-PAFTA-ZON
100
AcDbText
 10
50.03125
 20
581.5
 30
0.0
 40
3.5
  1
1
  7
GYM
 72
1
 11
50.03125
 21
581.5
 31
0.0
100
AcDbText
 73
2
  0
LINE
  5
A83
330
A76
100
AcDbEntity
 67
1
  8
G-PAFTA-ZON
370
13
100
AcDbLine
 10
75.0625
 20
10.0
 30
0.0
 11
75.0625
 21
15.0
 31
0.0
  0
LINE
  5
A84
330
A76
100
AcDbEntity
 67
1
  8
G-PAFTA-ZON
370
13
100
AcDbLine
 10
75.0625
 20
579.0
 30
0.0
 11
75.0625
 21
584.0
 31
0.0
  0
TEXT
  5
A85
330
A76
100
AcDbEntity
 67
1
  8
G-PAFTA-ZON
100
AcDbText
 10
100.09375
 20
12.5
 30
0.0
 40
3.5
  1
2
  7
GYM
 72
1
 11
100.09375
 21
12.5
 31
0.0
100
AcDbText
 73
2
  0
TEXT
  5
A86
330
A76
100
AcDbEntity
 67
1
  8
G-PAFTA-ZON
100
AcDbText
 10
100.09375
 20
581.5
 30
0.0
 40
3.5
  1
2
  7
GYM
 72
1
 11
100.09375
 21
581.5
 31
0.0
100
AcDbText
 73
2
  0
LINE
  5
A87
330
A76
100
AcDbEntity
 67
1
  8
G-PAFTA-ZON
370
13
100
AcDbLine
 10
125.125
 20
10.0
 30
0.0
 11
125.125
 21
15.0
 31
0.0
  0
LINE
  5
A88
330
A76
100
AcDbEntity
 67
1
  8
G-PAFTA-ZON
370
13
100
AcDbLine
 10
125.125
 20
579.0
 30
0.0
 11
125.125
 21
584.0
 31
0.0
  0
TEXT
  5
A89
330
A76
100
AcDbEntity
 67
1
  8
G-PAFTA-ZON
100
AcDbText
 10
150.15625
 20
12.5
 30
0.0
 40
3.5
  1
3
  7
GYM
 72
1
 11
150.15625
 21
12.5
 31
0.0
100
AcDbText
 73
2
  0
TEXT
  5
A8A
330
A76
100
AcDbEntity
 67
1
  8
G-PAFTA-ZON
100
AcDbText
 10
150.15625
 20
581.5
 30
0.0
 40
3.5
  1
3
  7
GYM
 72
1
 11
150.15625
 21
581.5
 31
0.0
100
AcDbText
 73
2
  0
LINE
  5
A8B
330
A76
100
AcDbEntity
 67
1
  8
G-PAFTA-ZON
370
13
100
AcDbLine
 10
175.1875
 20
10.0
 30
0.0
 11
175.1875
 21
15.0
 31
0.0
  0
LINE
  5
A8C
330
A76
100
AcDbEntity
 67
1
  8
G-PAFTA-ZON
370
13
100
AcDbLine
 10
175.1875
 20
579.0
 30
0.0
 11
175.1875
 21
584.0
 31
0.0
  0
TEXT
  5
A8D
330
A76
100
AcDbEntity
 67
1
  8
G-PAFTA-ZON
100
AcDbText
 10
200.21875
 20
12.5
 30
0.0
 40
3.5
  1
4
  7
GYM
 72
1
 11
200.21875
 21
12.5
 31
0.0
100
AcDbText
 73
2
  0
TEXT
  5
A8E
330
A76
100
AcDbEntity
 67
1
  8
G-PAFTA-ZON
100
AcDbText
 10
200.21875
 20
581.5
 30
0.0
 40
3.5
  1
4
  7
GYM
 72
1
 11
200.21875
 21
581.5
 31
0.0
100
AcDbText
 73
2
  0
LINE
  5
A8F
330
A76
100
AcDbEntity
 67
1
  8
G-PAFTA-ZON
370
13
100
AcDbLine
 10
225.25
 20
10.0
 30
0.0
 11
225.25
 21
15.0
 31
0.0
  0
LINE
  5
A90
330
A76
100
AcDbEntity
 67
1
  8
G-PAFTA-ZON
370
13
100
AcDbLine
 10
225.25
 20
579.0
 30
0.0
 11
225.25
 21
584.0
 31
0.0
  0
TEXT
  5
A91
330
A76
100
AcDbEntity
 67
1
  8
G-PAFTA-ZON
100
AcDbText
 10
250.28125
 20
12.5
 30
0.0
 40
3.5
  1
5
  7
GYM
 72
1
 11
250.28125
 21
12.5
 31
0.0
100
AcDbText
 73
2
  0
TEXT
  5
A92
330
A76
100
AcDbEntity
 67
1
  8
G-PAFTA-ZON
100
AcDbText
 10
250.28125
 20
581.5
 30
0.0
 40
3.5
  1
5
  7
GYM
 72
1
 11
250.28125
 21
581.5
 31
0.0
100
AcDbText
 73
2
  0
LINE
  5
A93
330
A76
100
AcDbEntity
 67
1
  8
G-PAFTA-ZON
370
13
100
AcDbLine
 10
275.3125
 20
10.0
 30
0.0
 11
275.3125
 21
15.0
 31
0.0
  0
LINE
  5
A94
330
A76
100
AcDbEntity
 67
1
  8
G-PAFTA-ZON
370
13
100
AcDbLine
 10
275.3125
 20
579.0
 30
0.0
 11
275.3125
 21
584.0
 31
0.0
  0
TEXT
  5
A95
330
A76
100
AcDbEntity
 67
1
  8
G-PAFTA-ZON
100
AcDbText
 10
300.34375
 20
12.5
 30
0.0
 40
3.5
  1
6
  7
GYM
 72
1
 11
300.34375
 21
12.5
 31
0.0
100
AcDbText
 73
2
  0
TEXT
  5
A96
330
A76
100
AcDbEntity
 67
1
  8
G-PAFTA-ZON
100
AcDbText
 10
300.34375
 20
581.5
 30
0.0
 40
3.5
  1
6
  7
GYM
 72
1
 11
300.34375
 21
581.5
 31
0.0
100
AcDbText
 73
2
  0
LINE
  5
A97
330
A76
100
AcDbEntity
 67
1
  8
G-PAFTA-ZON
370
13
100
AcDbLine
 10
325.375
 20
10.0
 30
0.0
 11
325.375
 21
15.0
 31
0.0
  0
LINE
  5
A98
330
A76
100
AcDbEntity
 67
1
  8
G-PAFTA-ZON
370
13
100
AcDbLine
 10
325.375
 20
579.0
 30
0.0
 11
325.375
 21
584.0
 31
0.0
  0
TEXT
  5
A99
330
A76
100
AcDbEntity
 67
1
  8
G-PAFTA-ZON
100
AcDbText
 10
350.40625
 20
12.5
 30
0.0
 40
3.5
  1
7
  7
GYM
 72
1
 11
350.40625
 21
12.5
 31
0.0
100
AcDbText
 73
2
  0
TEXT
  5
A9A
330
A76
100
AcDbEntity
 67
1
  8
G-PAFTA-ZON
100
AcDbText
 10
350.40625
 20
581.5
 30
0.0
 40
3.5
  1
7
  7
GYM
 72
1
 11
350.40625
 21
581.5
 31
0.0
100
AcDbText
 73
2
  0
LINE
  5
A9B
330
A76
100
AcDbEntity
 67
1
  8
G-PAFTA-ZON
370
13
100
AcDbLine
 10
375.4375
 20
10.0
 30
0.0
 11
375.4375
 21
15.0
 31
0.0
  0
LINE
  5
A9C
330
A76
100
AcDbEntity
 67
1
  8
G-PAFTA-ZON
370
13
100
AcDbLine
 10
375.4375
 20
579.0
 30
0.0
 11
375.4375
 21
584.0
 31
0.0
  0
TEXT
  5
A9D
330
A76
100
AcDbEntity
 67
1
  8
G-PAFTA-ZON
100
AcDbText
 10
400.46875
 20
12.5
 30
0.0
 40
3.5
  1
8
  7
GYM
 72
1
 11
400.46875
 21
12.5
 31
0.0
100
AcDbText
 73
2
  0
TEXT
  5
A9E
330
A76
100
AcDbEntity
 67
1
  8
G-PAFTA-ZON
100
AcDbText
 10
400.46875
 20
581.5
 30
0.0
 40
3.5
  1
8
  7
GYM
 72
1
 11
400.46875
 21
581.5
 31
0.0
100
AcDbText
 73
2
  0
LINE
  5
A9F
330
A76
100
AcDbEntity
 67
1
  8
G-PAFTA-ZON
370
13
100
AcDbLine
 10
425.5
 20
10.0
 30
0.0
 11
425.5
 21
15.0
 31
0.0
  0
LINE
  5
AA0
330
A76
100
AcDbEntity
 67
1
  8
G-PAFTA-ZON
370
13
100
AcDbLine
 10
425.5
 20
579.0
 30
0.0
 11
425.5
 21
584.0
 31
0.0
  0
TEXT
  5
AA1
330
A76
100
AcDbEntity
 67
1
  8
G-PAFTA-ZON
100
AcDbText
 10
450.53125
 20
12.5
 30
0.0
 40
3.5
  1
9
  7
GYM
 72
1
 11
450.53125
 21
12.5
 31
0.0
100
AcDbText
 73
2
  0
TEXT
  5
AA2
330
A76
100
AcDbEntity
 67
1
  8
G-PAFTA-ZON
100
AcDbText
 10
450.53125
 20
581.5
 30
0.0
 40
3.5
  1
9
  7
GYM
 72
1
 11
450.53125
 21
581.5
 31
0.0
100
AcDbText
 73
2
  0
LINE
  5
AA3
330
A76
100
AcDbEntity
 67
1
  8
G-PAFTA-ZON
370
13
100
AcDbLine
 10
475.5625
 20
10.0
 30
0.0
 11
475.5625
 21
15.0
 31
0.0
  0
LINE
  5
AA4
330
A76
100
AcDbEntity
 67
1
  8
G-PAFTA-ZON
370
13
100
AcDbLine
 10
475.5625
 20
579.0
 30
0.0
 11
475.5625
 21
584.0
 31
0.0
  0
TEXT
  5
AA5
330
A76
100
AcDbEntity
 67
1
  8
G-PAFTA-ZON
100
AcDbText
 10
500.59375
 20
12.5
 30
0.0
 40
3.5
  1
10
  7
GYM
 72
1
 11
500.59375
 21
12.5
 31
0.0
100
AcDbText
 73
2
  0
TEXT
  5
AA6
330
A76
100
AcDbEntity
 67
1
  8
G-PAFTA-ZON
100
AcDbText
 10
500.59375
 20
581.5
 30
0.0
 40
3.5
  1
10
  7
GYM
 72
1
 11
500.59375
 21
581.5
 31
0.0
100
AcDbText
 73
2
  0
LINE
  5
AA7
330
A76
100
AcDbEntity
 67
1
  8
G-PAFTA-ZON
370
13
100
AcDbLine
 10
525.625
 20
10.0
 30
0.0
 11
525.625
 21
15.0
 31
0.0
  0
LINE
  5
AA8
330
A76
100
AcDbEntity
 67
1
  8
G-PAFTA-ZON
370
13
100
AcDbLine
 10
525.625
 20
579.0
 30
0.0
 11
525.625
 21
584.0
 31
0.0
  0
TEXT
  5
AA9
330
A76
100
AcDbEntity
 67
1
  8
G-PAFTA-ZON
100
AcDbText
 10
550.65625
 20
12.5
 30
0.0
 40
3.5
  1
11
  7
GYM
 72
1
 11
550.65625
 21
12.5
 31
0.0
100
AcDbText
 73
2
  0
TEXT
  5
AAA
330
A76
100
AcDbEntity
 67
1
  8
G-PAFTA-ZON
100
AcDbText
 10
550.65625
 20
581.5
 30
0.0
 40
3.5
  1
11
  7
GYM
 72
1
 11
550.65625
 21
581.5
 31
0.0
100
AcDbText
 73
2
  0
LINE
  5
AAB
330
A76
100
AcDbEntity
 67
1
  8
G-PAFTA-ZON
370
13
100
AcDbLine
 10
575.6875
 20
10.0
 30
0.0
 11
575.6875
 21
15.0
 31
0.0
  0
LINE
  5
AAC
330
A76
100
AcDbEntity
 67
1
  8
G-PAFTA-ZON
370
13
100
AcDbLine
 10
575.6875
 20
579.0
 30
0.0
 11
575.6875
 21
584.0
 31
0.0
  0
TEXT
  5
AAD
330
A76
100
AcDbEntity
 67
1
  8
G-PAFTA-ZON
100
AcDbText
 10
600.71875
 20
12.5
 30
0.0
 40
3.5
  1
12
  7
GYM
 72
1
 11
600.71875
 21
12.5
 31
0.0
100
AcDbText
 73
2
  0
TEXT
  5
AAE
330
A76
100
AcDbEntity
 67
1
  8
G-PAFTA-ZON
100
AcDbText
 10
600.71875
 20
581.5
 30
0.0
 40
3.5
  1
12
  7
GYM
 72
1
 11
600.71875
 21
581.5
 31
0.0
100
AcDbText
 73
2
  0
LINE
  5
AAF
330
A76
100
AcDbEntity
 67
1
  8
G-PAFTA-ZON
370
13
100
AcDbLine
 10
625.75
 20
10.0
 30
0.0
 11
625.75
 21
15.0
 31
0.0
  0
LINE
  5
AB0
330
A76
100
AcDbEntity
 67
1
  8
G-PAFTA-ZON
370
13
100
AcDbLine
 10
625.75
 20
579.0
 30
0.0
 11
625.75
 21
584.0
 31
0.0
  0
TEXT
  5
AB1
330
A76
100
AcDbEntity
 67
1
  8
G-PAFTA-ZON
100
AcDbText
 10
650.78125
 20
12.5
 30
0.0
 40
3.5
  1
13
  7
GYM
 72
1
 11
650.78125
 21
12.5
 31
0.0
100
AcDbText
 73
2
  0
TEXT
  5
AB2
330
A76
100
AcDbEntity
 67
1
  8
G-PAFTA-ZON
100
AcDbText
 10
650.78125
 20
581.5
 30
0.0
 40
3.5
  1
13
  7
GYM
 72
1
 11
650.78125
 21
581.5
 31
0.0
100
AcDbText
 73
2
  0
LINE
  5
AB3
330
A76
100
AcDbEntity
 67
1
  8
G-PAFTA-ZON
370
13
100
AcDbLine
 10
675.8125
 20
10.0
 30
0.0
 11
675.8125
 21
15.0
 31
0.0
  0
LINE
  5
AB4
330
A76
100
AcDbEntity
 67
1
  8
G-PAFTA-ZON
370
13
100
AcDbLine
 10
675.8125
 20
579.0
 30
0.0
 11
675.8125
 21
584.0
 31
0.0
  0
TEXT
  5
AB5
330
A76
100
AcDbEntity
 67
1
  8
G-PAFTA-ZON
100
AcDbText
 10
700.84375
 20
12.5
 30
0.0
 40
3.5
  1
14
  7
GYM
 72
1
 11
700.84375
 21
12.5
 31
0.0
100
AcDbText
 73
2
  0
TEXT
  5
AB6
330
A76
100
AcDbEntity
 67
1
  8
G-PAFTA-ZON
100
AcDbText
 10
700.84375
 20
581.5
 30
0.0
 40
3.5
  1
14
  7
GYM
 72
1
 11
700.84375
 21
581.5
 31
0.0
100
AcDbText
 73
2
  0
LINE
  5
AB7
330
A76
100
AcDbEntity
 67
1
  8
G-PAFTA-ZON
370
13
100
AcDbLine
 10
725.875
 20
10.0
 30
0.0
 11
725.875
 21
15.0
 31
0.0
  0
LINE
  5
AB8
330
A76
100
AcDbEntity
 67
1
  8
G-PAFTA-ZON
370
13
100
AcDbLine
 10
725.875
 20
579.0
 30
0.0
 11
725.875
 21
584.0
 31
0.0
  0
TEXT
  5
AB9
330
A76
100
AcDbEntity
 67
1
  8
G-PAFTA-ZON
100
AcDbText
 10
750.90625
 20
12.5
 30
0.0
 40
3.5
  1
15
  7
GYM
 72
1
 11
750.90625
 21
12.5
 31
0.0
100
AcDbText
 73
2
  0
TEXT
  5
ABA
330
A76
100
AcDbEntity
 67
1
  8
G-PAFTA-ZON
100
AcDbText
 10
750.90625
 20
581.5
 30
0.0
 40
3.5
  1
15
  7
GYM
 72
1
 11
750.90625
 21
581.5
 31
0.0
100
AcDbText
 73
2
  0
LINE
  5
ABB
330
A76
100
AcDbEntity
 67
1
  8
G-PAFTA-ZON
370
13
100
AcDbLine
 10
775.9375
 20
10.0
 30
0.0
 11
775.9375
 21
15.0
 31
0.0
  0
LINE
  5
ABC
330
A76
100
AcDbEntity
 67
1
  8
G-PAFTA-ZON
370
13
100
AcDbLine
 10
775.9375
 20
579.0
 30
0.0
 11
775.9375
 21
584.0
 31
0.0
  0
TEXT
  5
ABD
330
A76
100
AcDbEntity
 67
1
  8
G-PAFTA-ZON
100
AcDbText
 10
800.96875
 20
12.5
 30
0.0
 40
3.5
  1
16
  7
GYM
 72
1
 11
800.96875
 21
12.5
 31
0.0
100
AcDbText
 73
2
  0
TEXT
  5
ABE
330
A76
100
AcDbEntity
 67
1
  8
G-PAFTA-ZON
100
AcDbText
 10
800.96875
 20
581.5
 30
0.0
 40
3.5
  1
16
  7
GYM
 72
1
 11
800.96875
 21
581.5
 31
0.0
100
AcDbText
 73
2
  0
TEXT
  5
ABF
330
A76
100
AcDbEntity
 67
1
  8
G-PAFTA-ZON
100
AcDbText
 10
22.5
 20
40.63636363636364
 30
0.0
 40
3.5
  1
A
  7
GYM
 72
1
 11
22.5
 21
40.63636363636364
 31
0.0
100
AcDbText
 73
2
  0
TEXT
  5
AC0
330
A76
100
AcDbEntity
 67
1
  8
G-PAFTA-ZON
100
AcDbText
 10
828.5
 20
40.63636363636364
 30
0.0
 40
3.5
  1
A
  7
GYM
 72
1
 11
828.5
 21
40.63636363636364
 31
0.0
100
AcDbText
 73
2
  0
LINE
  5
AC1
330
A76
100
AcDbEntity
 67
1
  8
G-PAFTA-ZON
370
13
100
AcDbLine
 10
20.0
 20
66.27272727272728
 30
0.0
 11
25.0
 21
66.27272727272728
 31
0.0
  0
LINE
  5
AC2
330
A76
100
AcDbEntity
 67
1
  8
G-PAFTA-ZON
370
13
100
AcDbLine
 10
826.0
 20
66.27272727272728
 30
0.0
 11
831.0
 21
66.27272727272728
 31
0.0
  0
TEXT
  5
AC3
330
A76
100
AcDbEntity
 67
1
  8
G-PAFTA-ZON
100
AcDbText
 10
22.5
 20
91.90909090909092
 30
0.0
 40
3.5
  1
B
  7
GYM
 72
1
 11
22.5
 21
91.90909090909092
 31
0.0
100
AcDbText
 73
2
  0
TEXT
  5
AC4
330
A76
100
AcDbEntity
 67
1
  8
G-PAFTA-ZON
100
AcDbText
 10
828.5
 20
91.90909090909092
 30
0.0
 40
3.5
  1
B
  7
GYM
 72
1
 11
828.5
 21
91.90909090909092
 31
0.0
100
AcDbText
 73
2
  0
LINE
  5
AC5
330
A76
100
AcDbEntity
 67
1
  8
G-PAFTA-ZON
370
13
100
AcDbLine
 10
20.0
 20
117.54545454545455
 30
0.0
 11
25.0
 21
117.54545454545455
 31
0.0
  0
LINE
  5
AC6
330
A76
100
AcDbEntity
 67
1
  8
G-PAFTA-ZON
370
13
100
AcDbLine
 10
826.0
 20
117.54545454545455
 30
0.0
 11
831.0
 21
117.54545454545455
 31
0.0
  0
TEXT
  5
AC7
330
A76
100
AcDbEntity
 67
1
  8
G-PAFTA-ZON
100
AcDbText
 10
22.5
 20
143.1818181818182
 30
0.0
 40
3.5
  1
C
  7
GYM
 72
1
 11
22.5
 21
143.1818181818182
 31
0.0
100
AcDbText
 73
2
  0
TEXT
  5
AC8
330
A76
100
AcDbEntity
 67
1
  8
G-PAFTA-ZON
100
AcDbText
 10
828.5
 20
143.1818181818182
 30
0.0
 40
3.5
  1
C
  7
GYM
 72
1
 11
828.5
 21
143.1818181818182
 31
0.0
100
AcDbText
 73
2
  0
LINE
  5
AC9
330
A76
100
AcDbEntity
 67
1
  8
G-PAFTA-ZON
370
13
100
AcDbLine
 10
20.0
 20
168.8181818181818
 30
0.0
 11
25.0
 21
168.8181818181818
 31
0.0
  0
LINE
  5
ACA
330
A76
100
AcDbEntity
 67
1
  8
G-PAFTA-ZON
370
13
100
AcDbLine
 10
826.0
 20
168.8181818181818
 30
0.0
 11
831.0
 21
168.8181818181818
 31
0.0
  0
TEXT
  5
ACB
330
A76
100
AcDbEntity
 67
1
  8
G-PAFTA-ZON
100
AcDbText
 10
22.5
 20
194.45454545454544
 30
0.0
 40
3.5
  1
D
  7
GYM
 72
1
 11
22.5
 21
194.45454545454544
 31
0.0
100
AcDbText
 73
2
  0
TEXT
  5
ACC
330
A76
100
AcDbEntity
 67
1
  8
G-PAFTA-ZON
100
AcDbText
 10
828.5
 20
194.45454545454544
 30
0.0
 40
3.5
  1
D
  7
GYM
 72
1
 11
828.5
 21
194.45454545454544
 31
0.0
100
AcDbText
 73
2
  0
LINE
  5
ACD
330
A76
100
AcDbEntity
 67
1
  8
G-PAFTA-ZON
370
13
100
AcDbLine
 10
20.0
 20
220.0909090909091
 30
0.0
 11
25.0
 21
220.0909090909091
 31
0.0
  0
LINE
  5
ACE
330
A76
100
AcDbEntity
 67
1
  8
G-PAFTA-ZON
370
13
100
AcDbLine
 10
826.0
 20
220.0909090909091
 30
0.0
 11
831.0
 21
220.0909090909091
 31
0.0
  0
TEXT
  5
ACF
330
A76
100
AcDbEntity
 67
1
  8
G-PAFTA-ZON
100
AcDbText
 10
22.5
 20
245.72727272727272
 30
0.0
 40
3.5
  1
E
  7
GYM
 72
1
 11
22.5
 21
245.72727272727272
 31
0.0
100
AcDbText
 73
2
  0
TEXT
  5
AD0
330
A76
100
AcDbEntity
 67
1
  8
G-PAFTA-ZON
100
AcDbText
 10
828.5
 20
245.72727272727272
 30
0.0
 40
3.5
  1
E
  7
GYM
 72
1
 11
828.5
 21
245.72727272727272
 31
0.0
100
AcDbText
 73
2
  0
LINE
  5
AD1
330
A76
100
AcDbEntity
 67
1
  8
G-PAFTA-ZON
370
13
100
AcDbLine
 10
20.0
 20
271.3636363636364
 30
0.0
 11
25.0
 21
271.3636363636364
 31
0.0
  0
LINE
  5
AD2
330
A76
100
AcDbEntity
 67
1
  8
G-PAFTA-ZON
370
13
100
AcDbLine
 10
826.0
 20
271.3636363636364
 30
0.0
 11
831.0
 21
271.3636363636364
 31
0.0
  0
TEXT
  5
AD3
330
A76
100
AcDbEntity
 67
1
  8
G-PAFTA-ZON
100
AcDbText
 10
22.5
 20
297.0
 30
0.0
 40
3.5
  1
F
  7
GYM
 72
1
 11
22.5
 21
297.0
 31
0.0
100
AcDbText
 73
2
  0
TEXT
  5
AD4
330
A76
100
AcDbEntity
 67
1
  8
G-PAFTA-ZON
100
AcDbText
 10
828.5
 20
297.0
 30
0.0
 40
3.5
  1
F
  7
GYM
 72
1
 11
828.5
 21
297.0
 31
0.0
100
AcDbText
 73
2
  0
LINE
  5
AD5
330
A76
100
AcDbEntity
 67
1
  8
G-PAFTA-ZON
370
13
100
AcDbLine
 10
20.0
 20
322.6363636363636
 30
0.0
 11
25.0
 21
322.6363636363636
 31
0.0
  0
LINE
  5
AD6
330
A76
100
AcDbEntity
 67
1
  8
G-PAFTA-ZON
370
13
100
AcDbLine
 10
826.0
 20
322.6363636363636
 30
0.0
 11
831.0
 21
322.6363636363636
 31
0.0
  0
TEXT
  5
AD7
330
A76
100
AcDbEntity
 67
1
  8
G-PAFTA-ZON
100
AcDbText
 10
22.5
 20
348.27272727272725
 30
0.0
 40
3.5
  1
G
  7
GYM
 72
1
 11
22.5
 21
348.27272727272725
 31
0.0
100
AcDbText
 73
2
  0
TEXT
  5
AD8
330
A76
100
AcDbEntity
 67
1
  8
G-PAFTA-ZON
100
AcDbText
 10
828.5
 20
348.27272727272725
 30
0.0
 40
3.5
  1
G
  7
GYM
 72
1
 11
828.5
 21
348.27272727272725
 31
0.0
100
AcDbText
 73
2
  0
LINE
  5
AD9
330
A76
100
AcDbEntity
 67
1
  8
G-PAFTA-ZON
370
13
100
AcDbLine
 10
20.0
 20
373.90909090909093
 30
0.0
 11
25.0
 21
373.90909090909093
 31
0.0
  0
LINE
  5
ADA
330
A76
100
AcDbEntity
 67
1
  8
G-PAFTA-ZON
370
13
100
AcDbLine
 10
826.0
 20
373.90909090909093
 30
0.0
 11
831.0
 21
373.90909090909093
 31
0.0
  0
TEXT
  5
ADB
330
A76
100
AcDbEntity
 67
1
  8
G-PAFTA-ZON
100
AcDbText
 10
22.5
 20
399.54545454545456
 30
0.0
 40
3.5
  1
H
  7
GYM
 72
1
 11
22.5
 21
399.54545454545456
 31
0.0
100
AcDbText
 73
2
  0
TEXT
  5
ADC
330
A76
100
AcDbEntity
 67
1
  8
G-PAFTA-ZON
100
AcDbText
 10
828.5
 20
399.54545454545456
 30
0.0
 40
3.5
  1
H
  7
GYM
 72
1
 11
828.5
 21
399.54545454545456
 31
0.0
100
AcDbText
 73
2
  0
LINE
  5
ADD
330
A76
100
AcDbEntity
 67
1
  8
G-PAFTA-ZON
370
13
100
AcDbLine
 10
20.0
 20
425.1818181818182
 30
0.0
 11
25.0
 21
425.1818181818182
 31
0.0
  0
LINE
  5
ADE
330
A76
100
AcDbEntity
 67
1
  8
G-PAFTA-ZON
370
13
100
AcDbLine
 10
826.0
 20
425.1818181818182
 30
0.0
 11
831.0
 21
425.1818181818182
 31
0.0
  0
TEXT
  5
ADF
330
A76
100
AcDbEntity
 67
1
  8
G-PAFTA-ZON
100
AcDbText
 10
22.5
 20
450.8181818181818
 30
0.0
 40
3.5
  1
J
  7
GYM
 72
1
 11
22.5
 21
450.8181818181818
 31
0.0
100
AcDbText
 73
2
  0
TEXT
  5
AE0
330
A76
100
AcDbEntity
 67
1
  8
G-PAFTA-ZON
100
AcDbText
 10
828.5
 20
450.8181818181818
 30
0.0
 40
3.5
  1
J
  7
GYM
 72
1
 11
828.5
 21
450.8181818181818
 31
0.0
100
AcDbText
 73
2
  0
LINE
  5
AE1
330
A76
100
AcDbEntity
 67
1
  8
G-PAFTA-ZON
370
13
100
AcDbLine
 10
20.0
 20
476.45454545454544
 30
0.0
 11
25.0
 21
476.45454545454544
 31
0.0
  0
LINE
  5
AE2
330
A76
100
AcDbEntity
 67
1
  8
G-PAFTA-ZON
370
13
100
AcDbLine
 10
826.0
 20
476.45454545454544
 30
0.0
 11
831.0
 21
476.45454545454544
 31
0.0
  0
TEXT
  5
AE3
330
A76
100
AcDbEntity
 67
1
  8
G-PAFTA-ZON
100
AcDbText
 10
22.5
 20
502.09090909090907
 30
0.0
 40
3.5
  1
K
  7
GYM
 72
1
 11
22.5
 21
502.09090909090907
 31
0.0
100
AcDbText
 73
2
  0
TEXT
  5
AE4
330
A76
100
AcDbEntity
 67
1
  8
G-PAFTA-ZON
100
AcDbText
 10
828.5
 20
502.09090909090907
 30
0.0
 40
3.5
  1
K
  7
GYM
 72
1
 11
828.5
 21
502.09090909090907
 31
0.0
100
AcDbText
 73
2
  0
LINE
  5
AE5
330
A76
100
AcDbEntity
 67
1
  8
G-PAFTA-ZON
370
13
100
AcDbLine
 10
20.0
 20
527.7272727272727
 30
0.0
 11
25.0
 21
527.7272727272727
 31
0.0
  0
LINE
  5
AE6
330
A76
100
AcDbEntity
 67
1
  8
G-PAFTA-ZON
370
13
100
AcDbLine
 10
826.0
 20
527.7272727272727
 30
0.0
 11
831.0
 21
527.7272727272727
 31
0.0
  0
TEXT
  5
AE7
330
A76
100
AcDbEntity
 67
1
  8
G-PAFTA-ZON
100
AcDbText
 10
22.5
 20
553.3636363636364
 30
0.0
 40
3.5
  1
L
  7
GYM
 72
1
 11
22.5
 21
553.3636363636364
 31
0.0
100
AcDbText
 73
2
  0
TEXT
  5
AE8
330
A76
100
AcDbEntity
 67
1
  8
G-PAFTA-ZON
100
AcDbText
 10
828.5
 20
553.3636363636364
 30
0.0
 40
3.5
  1
L
  7
GYM
 72
1
 11
828.5
 21
553.3636363636364
 31
0.0
100
AcDbText
 73
2
  0
LINE
  5
AE9
330
A76
100
AcDbEntity
 67
1
  8
G-CERCEVE
370
70
100
AcDbLine
 10
420.5
 20
0.0
 30
0.0
 11
420.5
 21
20.0
 31
0.0
  0
LINE
  5
AEA
330
A76
100
AcDbEntity
 67
1
  8
G-CERCEVE
370
70
100
AcDbLine
 10
420.5
 20
574.0
 30
0.0
 11
420.5
 21
594.0
 31
0.0
  0
LWPOLYLINE
  5
AEB
330
A76
100
AcDbEntity
 67
1
  8
G-CERCEVE
370
70
100
AcDbPolyline
 90
3
 70
1
 10
420.5
 20
593.0
 10
417.9
 20
586.0
 10
423.1
 20
586.0
  0
LINE
  5
AEC
330
A76
100
AcDbEntity
 67
1
  8
G-CERCEVE
370
70
100
AcDbLine
 10
0.0
 20
297.0
 30
0.0
 11
30.0
 21
297.0
 31
0.0
  0
LINE
  5
AED
330
A76
100
AcDbEntity
 67
1
  8
G-CERCEVE
370
70
100
AcDbLine
 10
821.0
 20
297.0
 30
0.0
 11
841.0
 21
297.0
 31
0.0
  0
LWPOLYLINE
  5
AEE
330
A76
100
AcDbEntity
 67
1
  8
G-CERCEVE
370
70
100
AcDbPolyline
 90
3
 70
1
 10
1.0
 20
297.0
 10
8.0
 20
294.4
 10
8.0
 20
299.6
  0
TEXT
  5
AEF
330
A76
100
AcDbEntity
 67
1
  8
G-CERCEVE
100
AcDbText
 10
829.0
 20
5.0
 30
0.0
 40
2.5
  1
A1
  7
GYM
 72
2
 11
829.0
 21
5.0
 31
0.0
100
AcDbText
 73
2
  0
LWPOLYLINE
  5
AF0
330
A76
100
AcDbEntity
 67
1
  8
G-CERCEVE
370
35
100
AcDbPolyline
 90
4
 70
1
 10
450.5
 20
2.0
 10
550.5
 20
2.0
 10
550.5
 20
6.0
 10
450.5
 20
6.0
  0
LINE
  5
AF1
330
A76
100
AcDbEntity
 67
1
  8
G-CERCEVE
370
35
100
AcDbLine
 10
450.5
 20
2.0
 30
0.0
 11
450.5
 21
6.0
 31
0.0
  0
LINE
  5
AF2
330
A76
100
AcDbEntity
 67
1
  8
G-CERCEVE
370
35
100
AcDbLine
 10
460.5
 20
2.0
 30
0.0
 11
460.5
 21
6.0
 31
0.0
  0
LINE
  5
AF3
330
A76
100
AcDbEntity
 67
1
  8
G-CERCEVE
370
35
100
AcDbLine
 10
470.5
 20
2.0
 30
0.0
 11
470.5
 21
6.0
 31
0.0
  0
LINE
  5
AF4
330
A76
100
AcDbEntity
 67
1
  8
G-CERCEVE
370
35
100
AcDbLine
 10
480.5
 20
2.0
 30
0.0
 11
480.5
 21
6.0
 31
0.0
  0
LINE
  5
AF5
330
A76
100
AcDbEntity
 67
1
  8
G-CERCEVE
370
35
100
AcDbLine
 10
490.5
 20
2.0
 30
0.0
 11
490.5
 21
6.0
 31
0.0
  0
LINE
  5
AF6
330
A76
100
AcDbEntity
 67
1
  8
G-CERCEVE
370
35
100
AcDbLine
 10
500.5
 20
2.0
 30
0.0
 11
500.5
 21
6.0
 31
0.0
  0
LINE
  5
AF7
330
A76
100
AcDbEntity
 67
1
  8
G-CERCEVE
370
35
100
AcDbLine
 10
510.5
 20
2.0
 30
0.0
 11
510.5
 21
6.0
 31
0.0
  0
LINE
  5
AF8
330
A76
100
AcDbEntity
 67
1
  8
G-CERCEVE
370
35
100
AcDbLine
 10
520.5
 20
2.0
 30
0.0
 11
520.5
 21
6.0
 31
0.0
  0
LINE
  5
AF9
330
A76
100
AcDbEntity
 67
1
  8
G-CERCEVE
370
35
100
AcDbLine
 10
530.5
 20
2.0
 30
0.0
 11
530.5
 21
6.0
 31
0.0
  0
LINE
  5
AFA
330
A76
100
AcDbEntity
 67
1
  8
G-CERCEVE
370
35
100
AcDbLine
 10
540.5
 20
2.0
 30
0.0
 11
540.5
 21
6.0
 31
0.0
  0
LINE
  5
AFB
330
A76
100
AcDbEntity
 67
1
  8
G-CERCEVE
370
35
100
AcDbLine
 10
550.5
 20
2.0
 30
0.0
 11
550.5
 21
6.0
 31
0.0
  0
TEXT
  5
AFC
330
A76
100
AcDbEntity
 67
1
  8
G-CERCEVE
100
AcDbText
 10
554.5
 20
4.0
 30
0.0
 40
1.8
  1
100 mm
  7
GYM
 11
554.5
 21
4.0
 31
0.0
100
AcDbText
 73
2
  0
LWPOLYLINE
  5
AFD
330
A76
100
AcDbEntity
 67
1
  8
G-ANTET
370
100
100
AcDbPolyline
 90
4
 70
1
 10
651.0
 20
15.0
 10
831.0
 20
15.0
 10
831.0
 20
107.0
 10
651.0
 20
107.0
  0
LINE
  5
AFE
330
A76
100
AcDbEntity
 67
1
  8
G-ANTET
370
35
100
AcDbLine
 10
651.0
 20
25.0
 30
0.0
 11
831.0
 21
25.0
 31
0.0
  0
LINE
  5
AFF
330
A76
100
AcDbEntity
 67
1
  8
G-ANTET
370
35
100
AcDbLine
 10
651.0
 20
35.0
 30
0.0
 11
831.0
 21
35.0
 31
0.0
  0
LINE
  5
B00
330
A76
100
AcDbEntity
 67
1
  8
G-ANTET
370
35
100
AcDbLine
 10
651.0
 20
45.0
 30
0.0
 11
831.0
 21
45.0
 31
0.0
  0
LINE
  5
B01
330
A76
100
AcDbEntity
 67
1
  8
G-ANTET
370
35
100
AcDbLine
 10
651.0
 20
57.0
 30
0.0
 11
831.0
 21
57.0
 31
0.0
  0
LINE
  5
B02
330
A76
100
AcDbEntity
 67
1
  8
G-ANTET
370
35
100
AcDbLine
 10
651.0
 20
69.0
 30
0.0
 11
831.0
 21
69.0
 31
0.0
  0
LINE
  5
B03
330
A76
100
AcDbEntity
 67
1
  8
G-ANTET
370
35
100
AcDbLine
 10
651.0
 20
83.0
 30
0.0
 11
831.0
 21
83.0
 31
0.0
  0
LINE
  5
B04
330
A76
100
AcDbEntity
 67
1
  8
G-ANTET
370
35
100
AcDbLine
 10
711.0
 20
15.0
 30
0.0
 11
711.0
 21
45.0
 31
0.0
  0
LINE
  5
B05
330
A76
100
AcDbEntity
 67
1
  8
G-ANTET
370
35
100
AcDbLine
 10
771.0
 20
15.0
 30
0.0
 11
771.0
 21
45.0
 31
0.0
  0
LINE
  5
B06
330
A76
100
AcDbEntity
 67
1
  8
G-ANTET
370
35
100
AcDbLine
 10
769.0
 20
45.0
 30
0.0
 11
769.0
 21
69.0
 31
0.0
  0
TEXT
  5
B07
330
A76
100
AcDbEntity
 67
1
  8
G-ANTET
100
AcDbText
 10
652.6
 20
103.0
 30
0.0
 40
1.8
  1
İŞVEREN
  7
GYM
 11
652.6
 21
103.0
 31
0.0
100
AcDbText
 73
2
  0
TEXT
  5
B08
330
A76
100
AcDbEntity
 67
1
  8
G-ANTET
100
AcDbText
 10
652.6
 20
98.0
 30
0.0
 40
2.5
  1
ÖZEL — MALTEPE / İDEALTEPE
  7
GYM
 11
652.6
 21
98.0
 31
0.0
100
AcDbText
 73
2
  0
TEXT
  5
B09
330
A76
100
AcDbEntity
 67
1
  8
G-ANTET
100
AcDbText
 10
652.6
 20
93.0
 30
0.0
 40
1.8
  1
PROJE
  7
GYM
 11
652.6
 21
93.0
 31
0.0
100
AcDbText
 73
2
  0
TEXT
  5
B0A
330
A76
100
AcDbEntity
 67
1
  8
G-ANTET
100
AcDbText
 10
652.6
 20
87.2
 30
0.0
 40
3.5
  1
MOBİLYA MAĞAZASI → FONKSİYONEL ANTRENMAN STÜDYOSU
  7
GYM
 11
652.6
 21
87.2
 31
0.0
100
AcDbText
 73
2
  0
TEXT
  5
B0B
330
A76
100
AcDbEntity
 67
1
  8
G-ANTET
100
AcDbText
 10
652.6
 20
78.0
 30
0.0
 40
1.8
  1
YAPI / MAHAL
  7
GYM
 11
652.6
 21
78.0
 31
0.0
100
AcDbText
 73
2
  0
TEXT
  5
B0C
330
A76
100
AcDbEntity
 67
1
  8
G-ANTET
100
AcDbText
 10
652.6
 20
72.0
 30
0.0
 40
2.5
  1
İdealtepe Mah. · zemin kat dükkân · 103,78 m² iç alan
  7
GYM
 11
652.6
 21
72.0
 31
0.0
100
AcDbText
 73
2
  0
TEXT
  5
B0D
330
A76
100
AcDbEntity
 67
1
  8
G-ANTET
100
AcDbText
 10
771.4
 20
78.0
 30
0.0
 40
1.8
  1
DİSİPLİN
  7
GYM
 11
771.4
 21
78.0
 31
0.0
100
AcDbText
 73
2
  0
TEXT
  5
B0E
330
A76
100
AcDbEntity
 67
1
  8
G-ANTET
100
AcDbText
 10
771.4
 20
72.0
 30
0.0
 40
2.5
  1
ELEKTRİK
  7
GYM
 11
771.4
 21
72.0
 31
0.0
100
AcDbText
 73
2
  0
LINE
  5
B0F
330
A76
100
AcDbEntity
 67
1
  8
G-ANTET
370
35
100
AcDbLine
 10
769.0
 20
69.0
 30
0.0
 11
769.0
 21
83.0
 31
0.0
  0
TEXT
  5
B10
330
A76
100
AcDbEntity
 67
1
  8
G-ANTET
100
AcDbText
 10
652.6
 20
65.0
 30
0.0
 40
1.8
  1
PAFTA ADI
  7
GYM
 11
652.6
 21
65.0
 31
0.0
100
AcDbText
 73
2
  0
TEXT
  5
B11
330
A76
100
AcDbEntity
 67
1
  8
G-ANTET
100
AcDbText
 10
652.6
 20
59.8
 30
0.0
 40
3.5
  1
ELEKTRİK GENEL YERLEŞİM
  7
GYM
 11
652.6
 21
59.8
 31
0.0
100
AcDbText
 73
2
  0
TEXT
  5
B12
330
A76
100
AcDbEntity
 67
1
  8
G-ANTET
100
AcDbText
 10
771.4
 20
59.8
 30
0.0
 40
1.8
  1
Elektrik disiplin genel yerleşimi
  7
GYM
 11
771.4
 21
59.8
 31
0.0
100
AcDbText
 73
2
  0
TEXT
  5
B13
330
A76
100
AcDbEntity
 67
1
  8
G-ANTET
100
AcDbText
 10
652.6
 20
53.0
 30
0.0
 40
1.8
  1
PROJE MÜELLİFİ · ODA SİCİL NO
  7
GYM
 11
652.6
 21
53.0
 31
0.0
100
AcDbText
 73
2
  0
TEXT
  5
B14
330
A76
100
AcDbEntity
 67
1
  8
G-ANTET
100
AcDbText
 10
652.6
 20
47.8
 30
0.0
 40
2.5
  1
—   Oda sicil no: —
  7
GYM
 11
652.6
 21
47.8
 31
0.0
100
AcDbText
 73
2
  0
TEXT
  5
B15
330
A76
100
AcDbEntity
 67
1
  8
G-ANTET
100
AcDbText
 10
652.6
 20
42.0
 30
0.0
 40
1.8
  1
ÇİZEN
  7
GYM
 11
652.6
 21
42.0
 31
0.0
100
AcDbText
 73
2
  0
TEXT
  5
B16
330
A76
100
AcDbEntity
 67
1
  8
G-ANTET
100
AcDbText
 10
652.6
 20
37.6
 30
0.0
 40
2.5
  1
CC
  7
GYM
 11
652.6
 21
37.6
 31
0.0
100
AcDbText
 73
2
  0
TEXT
  5
B17
330
A76
100
AcDbEntity
 67
1
  8
G-ANTET
100
AcDbText
 10
712.6
 20
42.0
 30
0.0
 40
1.8
  1
KONTROL
  7
GYM
 11
712.6
 21
42.0
 31
0.0
100
AcDbText
 73
2
  0
TEXT
  5
B18
330
A76
100
AcDbEntity
 67
1
  8
G-ANTET
100
AcDbText
 10
712.6
 20
37.6
 30
0.0
 40
2.5
  1
—
  7
GYM
 11
712.6
 21
37.6
 31
0.0
100
AcDbText
 73
2
  0
TEXT
  5
B19
330
A76
100
AcDbEntity
 67
1
  8
G-ANTET
100
AcDbText
 10
772.6
 20
42.0
 30
0.0
 40
1.8
  1
ONAY
  7
GYM
 11
772.6
 21
42.0
 31
0.0
100
AcDbText
 73
2
  0
TEXT
  5
B1A
330
A76
100
AcDbEntity
 67
1
  8
G-ANTET
100
AcDbText
 10
772.6
 20
37.6
 30
0.0
 40
2.5
  1
—
  7
GYM
 11
772.6
 21
37.6
 31
0.0
100
AcDbText
 73
2
  0
TEXT
  5
B1B
330
A76
100
AcDbEntity
 67
1
  8
G-ANTET
100
AcDbText
 10
652.6
 20
32.0
 30
0.0
 40
1.8
  1
TARİH
  7
GYM
 11
652.6
 21
32.0
 31
0.0
100
AcDbText
 73
2
  0
TEXT
  5
B1C
330
A76
100
AcDbEntity
 67
1
  8
G-ANTET
100
AcDbText
 10
652.6
 20
27.6
 30
0.0
 40
2.5
  1
17 Eylül 2026
  7
GYM
 11
652.6
 21
27.6
 31
0.0
100
AcDbText
 73
2
  0
TEXT
  5
B1D
330
A76
100
AcDbEntity
 67
1
  8
G-ANTET
100
AcDbText
 10
712.6
 20
32.0
 30
0.0
 40
1.8
  1
ÖLÇEK
  7
GYM
 11
712.6
 21
32.0
 31
0.0
100
AcDbText
 73
2
  0
TEXT
  5
B1E
330
A76
100
AcDbEntity
 67
1
  8
G-ANTET
100
AcDbText
 10
712.6
 20
27.6
 30
0.0
 40
3.5
  1
1:50
  7
GYM
 11
712.6
 21
27.6
 31
0.0
100
AcDbText
 73
2
  0
TEXT
  5
B1F
330
A76
100
AcDbEntity
 67
1
  8
G-ANTET
100
AcDbText
 10
772.6
 20
32.0
 30
0.0
 40
1.8
  1
BİRİM
  7
GYM
 11
772.6
 21
32.0
 31
0.0
100
AcDbText
 73
2
  0
TEXT
  5
B20
330
A76
100
AcDbEntity
 67
1
  8
G-ANTET
100
AcDbText
 10
772.6
 20
27.6
 30
0.0
 40
2.5
  1
milimetre (mm)
  7
GYM
 11
772.6
 21
27.6
 31
0.0
100
AcDbText
 73
2
  0
TEXT
  5
B21
330
A76
100
AcDbEntity
 67
1
  8
G-ANTET
100
AcDbText
 10
652.6
 20
22.0
 30
0.0
 40
1.8
  1
DURUM
  7
GYM
 11
652.6
 21
22.0
 31
0.0
100
AcDbText
 73
2
  0
TEXT
  5
B22
330
A76
100
AcDbEntity
 67
1
  8
G-ANTET
100
AcDbText
 10
652.6
 20
17.6
 30
0.0
 40
2.5
  1
ÖN TASARIM
  7
GYM
 11
652.6
 21
17.6
 31
0.0
100
AcDbText
 73
2
  0
TEXT
  5
B23
330
A76
100
AcDbEntity
 67
1
  8
G-ANTET
100
AcDbText
 10
712.6
 20
22.0
 30
0.0
 40
1.8
  1
PAFTA NO
  7
GYM
 11
712.6
 21
22.0
 31
0.0
100
AcDbText
 73
2
  0
TEXT
  5
B24
330
A76
100
AcDbEntity
 67
1
  8
G-ANTET
100
AcDbText
 10
712.6
 20
17.6
 30
0.0
 40
5.0
  1
E-04
  7
GYM
 11
712.6
 21
17.6
 31
0.0
100
AcDbText
 73
2
  0
TEXT
  5
B25
330
A76
100
AcDbEntity
 67
1
  8
G-ANTET
100
AcDbText
 10
772.6
 20
22.0
 30
0.0
 40
1.8
  1
REV
  7
GYM
 11
772.6
 21
22.0
 31
0.0
100
AcDbText
 73
2
  0
TEXT
  5
B26
330
A76
100
AcDbEntity
 67
1
  8
G-ANTET
100
AcDbText
 10
772.6
 20
17.6
 30
0.0
 40
5.0
  1
G
  7
GYM
 11
772.6
 21
17.6
 31
0.0
100
AcDbText
 73
2
  0
TEXT
  5
B27
330
A76
100
AcDbEntity
 67
1
  8
G-ANTET
100
AcDbText
 10
801.0
 20
18.0
 30
0.0
 40
1.8
  1
SONRAKİ: E-05
  7
GYM
 11
801.0
 21
18.0
 31
0.0
100
AcDbText
 73
2
  0
LWPOLYLINE
  5
B28
330
A76
100
AcDbEntity
 67
1
  8
G-ANTET
370
50
100
AcDbPolyline
 90
4
 70
1
 10
651.0
 20
107.0
 10
831.0
 20
107.0
 10
831.0
 20
143.0
 10
651.0
 20
143.0
  0
LINE
  5
B29
330
A76
100
AcDbEntity
 67
1
  8
G-ANTET
370
18
100
AcDbLine
 10
651.0
 20
107.0
 30
0.0
 11
831.0
 21
107.0
 31
0.0
  0
LINE
  5
B2A
330
A76
100
AcDbEntity
 67
1
  8
G-ANTET
370
18
100
AcDbLine
 10
651.0
 20
113.0
 30
0.0
 11
831.0
 21
113.0
 31
0.0
  0
LINE
  5
B2B
330
A76
100
AcDbEntity
 67
1
  8
G-ANTET
370
18
100
AcDbLine
 10
651.0
 20
119.0
 30
0.0
 11
831.0
 21
119.0
 31
0.0
  0
LINE
  5
B2C
330
A76
100
AcDbEntity
 67
1
  8
G-ANTET
370
18
100
AcDbLine
 10
651.0
 20
125.0
 30
0.0
 11
831.0
 21
125.0
 31
0.0
  0
LINE
  5
B2D
330
A76
100
AcDbEntity
 67
1
  8
G-ANTET
370
18
100
AcDbLine
 10
651.0
 20
131.0
 30
0.0
 11
831.0
 21
131.0
 31
0.0
  0
LINE
  5
B2E
330
A76
100
AcDbEntity
 67
1
  8
G-ANTET
370
18
100
AcDbLine
 10
651.0
 20
137.0
 30
0.0
 11
831.0
 21
137.0
 31
0.0
  0
LINE
  5
B2F
330
A76
100
AcDbEntity
 67
1
  8
G-ANTET
370
18
100
AcDbLine
 10
663.0
 20
107.0
 30
0.0
 11
663.0
 21
143.0
 31
0.0
  0
LINE
  5
B30
330
A76
100
AcDbEntity
 67
1
  8
G-ANTET
370
18
100
AcDbLine
 10
687.0
 20
107.0
 30
0.0
 11
687.0
 21
143.0
 31
0.0
  0
LINE
  5
B31
330
A76
100
AcDbEntity
 67
1
  8
G-ANTET
370
18
100
AcDbLine
 10
777.0
 20
107.0
 30
0.0
 11
777.0
 21
143.0
 31
0.0
  0
LINE
  5
B32
330
A76
100
AcDbEntity
 67
1
  8
G-ANTET
370
18
100
AcDbLine
 10
795.0
 20
107.0
 30
0.0
 11
795.0
 21
143.0
 31
0.0
  0
LINE
  5
B33
330
A76
100
AcDbEntity
 67
1
  8
G-ANTET
370
18
100
AcDbLine
 10
813.0
 20
107.0
 30
0.0
 11
813.0
 21
143.0
 31
0.0
  0
TEXT
  5
B34
330
A76
100
AcDbEntity
 67
1
  8
G-ANTET
100
AcDbText
 10
652.2
 20
140.0
 30
0.0
 40
1.8
  1
REV
  7
GYM
 11
652.2
 21
140.0
 31
0.0
100
AcDbText
 73
2
  0
TEXT
  5
B35
330
A76
100
AcDbEntity
 67
1
  8
G-ANTET
100
AcDbText
 10
664.2
 20
140.0
 30
0.0
 40
1.8
  1
TARİH
  7
GYM
 11
664.2
 21
140.0
 31
0.0
100
AcDbText
 73
2
  0
TEXT
  5
B36
330
A76
100
AcDbEntity
 67
1
  8
G-ANTET
100
AcDbText
 10
688.2
 20
140.0
 30
0.0
 40
1.8
  1
AÇIKLAMA
  7
GYM
 11
688.2
 21
140.0
 31
0.0
100
AcDbText
 73
2
  0
TEXT
  5
B37
330
A76
100
AcDbEntity
 67
1
  8
G-ANTET
100
AcDbText
 10
778.2
 20
140.0
 30
0.0
 40
1.8
  1
ÇZ
  7
GYM
 11
778.2
 21
140.0
 31
0.0
100
AcDbText
 73
2
  0
TEXT
  5
B38
330
A76
100
AcDbEntity
 67
1
  8
G-ANTET
100
AcDbText
 10
796.2
 20
140.0
 30
0.0
 40
1.8
  1
KT
  7
GYM
 11
796.2
 21
140.0
 31
0.0
100
AcDbText
 73
2
  0
TEXT
  5
B39
330
A76
100
AcDbEntity
 67
1
  8
G-ANTET
100
AcDbText
 10
814.2
 20
140.0
 30
0.0
 40
1.8
  1
ON
  7
GYM
 11
814.2
 21
140.0
 31
0.0
100
AcDbText
 73
2
  0
TEXT
  5
B3A
330
A76
100
AcDbEntity
 67
1
  8
G-ANTET
100
AcDbText
 10
652.2
 20
134.0
 30
0.0
 40
1.8
  1
A
  7
GYM
 11
652.2
 21
134.0
 31
0.0
100
AcDbText
 73
2
  0
TEXT
  5
B3B
330
A76
100
AcDbEntity
 67
1
  8
G-ANTET
100
AcDbText
 10
664.2
 20
134.0
 30
0.0
 40
1.8
  1
17.09.2026
  7
GYM
 11
664.2
 21
134.0
 31
0.0
100
AcDbText
 73
2
  0
TEXT
  5
B3C
330
A76
100
AcDbEntity
 67
1
  8
G-ANTET
100
AcDbText
 10
688.2
 20
134.0
 30
0.0
 40
1.8
  1
İlk yayın — ön tasarım
  7
GYM
 11
688.2
 21
134.0
 31
0.0
100
AcDbText
 73
2
  0
TEXT
  5
B3D
330
A76
100
AcDbEntity
 67
1
  8
G-ANTET
100
AcDbText
 10
778.2
 20
134.0
 30
0.0
 40
1.8
  1
CC
  7
GYM
 11
778.2
 21
134.0
 31
0.0
100
AcDbText
 73
2
  0
TEXT
  5
B3E
330
A76
100
AcDbEntity
 67
1
  8
G-ANTET
100
AcDbText
 10
796.2
 20
134.0
 30
0.0
 40
1.8
  1
—
  7
GYM
 11
796.2
 21
134.0
 31
0.0
100
AcDbText
 73
2
  0
TEXT
  5
B3F
330
A76
100
AcDbEntity
 67
1
  8
G-ANTET
100
AcDbText
 10
814.2
 20
134.0
 30
0.0
 40
1.8
  1
—
  7
GYM
 11
814.2
 21
134.0
 31
0.0
100
AcDbText
 73
2
  0
TEXT
  5
B40
330
A76
100
AcDbEntity
 67
1
  8
G-ANTET
100
AcDbText
 10
652.2
 20
128.0
 30
0.0
 40
1.8
  1
B
  7
GYM
 11
652.2
 21
128.0
 31
0.0
100
AcDbText
 73
2
  0
TEXT
  5
B41
330
A76
100
AcDbEntity
 67
1
  8
G-ANTET
100
AcDbText
 10
664.2
 20
128.0
 30
0.0
 40
1.8
  1
18.09.2026
  7
GYM
 11
664.2
 21
128.0
 31
0.0
100
AcDbText
 73
2
  0
TEXT
  5
B42
330
A76
100
AcDbEntity
 67
1
  8
G-ANTET
100
AcDbText
 10
688.2
 20
128.0
 30
0.0
 40
1.8
  1
Aks sistemi, zincir ölçü, ISO 5457/7200 pafta
  7
GYM
 11
688.2
 21
128.0
 31
0.0
100
AcDbText
 73
2
  0
TEXT
  5
B43
330
A76
100
AcDbEntity
 67
1
  8
G-ANTET
100
AcDbText
 10
778.2
 20
128.0
 30
0.0
 40
1.8
  1
CC
  7
GYM
 11
778.2
 21
128.0
 31
0.0
100
AcDbText
 73
2
  0
TEXT
  5
B44
330
A76
100
AcDbEntity
 67
1
  8
G-ANTET
100
AcDbText
 10
796.2
 20
128.0
 30
0.0
 40
1.8
  1
—
  7
GYM
 11
796.2
 21
128.0
 31
0.0
100
AcDbText
 73
2
  0
TEXT
  5
B45
330
A76
100
AcDbEntity
 67
1
  8
G-ANTET
100
AcDbText
 10
814.2
 20
128.0
 30
0.0
 40
1.8
  1
—
  7
GYM
 11
814.2
 21
128.0
 31
0.0
100
AcDbText
 73
2
  0
TEXT
  5
B46
330
A76
100
AcDbEntity
 67
1
  8
G-ANTET
100
AcDbText
 10
652.2
 20
122.0
 30
0.0
 40
1.8
  1
C
  7
GYM
 11
652.2
 21
122.0
 31
0.0
100
AcDbText
 73
2
  0
TEXT
  5
B47
330
A76
100
AcDbEntity
 67
1
  8
G-ANTET
100
AcDbText
 10
664.2
 20
122.0
 30
0.0
 40
1.8
  1
18.09.2026
  7
GYM
 11
664.2
 21
122.0
 31
0.0
100
AcDbText
 73
2
  0
TEXT
  5
B48
330
A76
100
AcDbEntity
 67
1
  8
G-ANTET
100
AcDbText
 10
688.2
 20
122.0
 30
0.0
 40
1.8
  1
A1 pafta, tekil DXF, ADP tek hat şeması CAD'de
  7
GYM
 11
688.2
 21
122.0
 31
0.0
100
AcDbText
 73
2
  0
TEXT
  5
B49
330
A76
100
AcDbEntity
 67
1
  8
G-ANTET
100
AcDbText
 10
778.2
 20
122.0
 30
0.0
 40
1.8
  1
CC
  7
GYM
 11
778.2
 21
122.0
 31
0.0
100
AcDbText
 73
2
  0
TEXT
  5
B4A
330
A76
100
AcDbEntity
 67
1
  8
G-ANTET
100
AcDbText
 10
796.2
 20
122.0
 30
0.0
 40
1.8
  1
—
  7
GYM
 11
796.2
 21
122.0
 31
0.0
100
AcDbText
 73
2
  0
TEXT
  5
B4B
330
A76
100
AcDbEntity
 67
1
  8
G-ANTET
100
AcDbText
 10
814.2
 20
122.0
 30
0.0
 40
1.8
  1
—
  7
GYM
 11
814.2
 21
122.0
 31
0.0
100
AcDbText
 73
2
  0
VIEWPORT
  5
B4C
330
A76
100
AcDbEntity
 67
1
  8
G-VIEWPORT
100
AcDbViewport
 10
337.0
 20
297.0
 30
0.0
 40
616.0
 41
556.0
 68
1
 69
3
 12
5781.402523373163
 22
6494.971236472614
 13
0.0
 23
0.0
 14
10.0
 24
10.0
 15
10.0
 25
10.0
 16
0.0
 26
0.0
 36
1.0
 17
0.0
 27
0.0
 37
0.0
 42
50.0
 43
0.0
 44
0.0
 45
27800.0
 50
0.0
 51
0.0
 72
100
331
9D
331
9E
331
9F
331
A0
331
A1
331
A2
331
A3
331
A4
331
A5
331
A6
331
A7
331
A8
331
A9
331
AA
331
AB
 90
0
  1

281
0
 71
0
 74
0
110
0.0
120
0.0
130
0.0
111
1.0
121
0.0
131
0.0
112
0.0
122
1.0
132
0.0
 79
0
146
0.0
282
0
  0
LWPOLYLINE
  5
B4D
330
A76
100
AcDbEntity
 67
1
  8
G-CERCEVE
370
18
100
AcDbPolyline
 90
4
 70
1
 10
29.0
 20
19.0
 10
645.0
 20
19.0
 10
645.0
 20
575.0
 10
29.0
 20
575.0
  0
CIRCLE
  5
B4E
330
A76
100
AcDbEntity
 67
1
  8
G-ANTET
370
35
100
AcDbCircle
 10
628.0
 20
558.0
 30
0.0
 40
9.0
  0
LWPOLYLINE
  5
B4F
330
A76
100
AcDbEntity
 67
1
  8
G-ANTET
370
50
100
AcDbPolyline
 90
4
 70
1
 10
628.0
 20
565.74
 10
624.94
 20
553.32
 10
628.0
 20
556.38
 10
631.06
 20
553.32
  0
HATCH
  5
B50
330
A76
100
AcDbEntity
 67
1
  8
G-ANTET
 62
7
100
AcDbHatch
 10
0.0
 20
0.0
 30
0.0
210
0.0
220
0.0
230
1.0
  2
SOLID
 70
1
 71
0
 91
1
 92
3
 72
0
 73
1
 93
3
 10
628.0
 20
565.74
 10
624.94
 20
553.32
 10
628.0
 20
556.38
 97
0
 75
0
 76
1
 98
0
  0
TEXT
  5
B51
330
A76
100
AcDbEntity
 67
1
  8
G-ANTET
100
AcDbText
 10
628.0
 20
545.0
 30
0.0
 40
3.5
  1
K
  7
GYM
 72
1
 11
628.0
 21
545.0
 31
0.0
100
AcDbText
 73
2
  0
HATCH
  5
B52
330
A76
100
AcDbEntity
 67
1
  8
G-ANTET
 62
7
100
AcDbHatch
 10
0.0
 20
0.0
 30
0.0
210
0.0
220
0.0
230
1.0
  2
SOLID
 70
1
 71
0
 91
1
 92
3
 72
0
 73
1
 93
4
 10
37.0
 20
27.0
 10
57.0
 20
27.0
 10
57.0
 20
29.2
 10
37.0
 20
29.2
 97
0
 75
0
 76
1
 98
0
  0
LWPOLYLINE
  5
B53
330
A76
100
AcDbEntity
 67
1
  8
G-ANTET
370
18
100
AcDbPolyline
 90
4
 70
1
 10
37.0
 20
27.0
 10
57.0
 20
27.0
 10
57.0
 20
29.2
 10
37.0
 20
29.2
  0
HATCH
  5
B54
330
A76
100
AcDbEntity
 67
1
  8
G-ANTET
 62
0
100
AcDbHatch
 10
0.0
 20
0.0
 30
0.0
210
0.0
220
0.0
230
1.0
  2
SOLID
 70
1
 71
0
 91
1
 92
3
 72
0
 73
1
 93
4
 10
57.0
 20
27.0
 10
77.0
 20
27.0
 10
77.0
 20
29.2
 10
57.0
 20
29.2
 97
0
 75
0
 76
1
 98
0
  0
LWPOLYLINE
  5
B55
330
A76
100
AcDbEntity
 67
1
  8
G-ANTET
370
18
100
AcDbPolyline
 90
4
 70
1
 10
57.0
 20
27.0
 10
77.0
 20
27.0
 10
77.0
 20
29.2
 10
57.0
 20
29.2
  0
HATCH
  5
B56
330
A76
100
AcDbEntity
 67
1
  8
G-ANTET
 62
7
100
AcDbHatch
 10
0.0
 20
0.0
 30
0.0
210
0.0
220
0.0
230
1.0
  2
SOLID
 70
1
 71
0
 91
1
 92
3
 72
0
 73
1
 93
4
 10
77.0
 20
27.0
 10
97.0
 20
27.0
 10
97.0
 20
29.2
 10
77.0
 20
29.2
 97
0
 75
0
 76
1
 98
0
  0
LWPOLYLINE
  5
B57
330
A76
100
AcDbEntity
 67
1
  8
G-ANTET
370
18
100
AcDbPolyline
 90
4
 70
1
 10
77.0
 20
27.0
 10
97.0
 20
27.0
 10
97.0
 20
29.2
 10
77.0
 20
29.2
  0
HATCH
  5
B58
330
A76
100
AcDbEntity
 67
1
  8
G-ANTET
 62
0
100
AcDbHatch
 10
0.0
 20
0.0
 30
0.0
210
0.0
220
0.0
230
1.0
  2
SOLID
 70
1
 71
0
 91
1
 92
3
 72
0
 73
1
 93
4
 10
97.0
 20
27.0
 10
117.0
 20
27.0
 10
117.0
 20
29.2
 10
97.0
 20
29.2
 97
0
 75
0
 76
1
 98
0
  0
LWPOLYLINE
  5
B59
330
A76
100
AcDbEntity
 67
1
  8
G-ANTET
370
18
100
AcDbPolyline
 90
4
 70
1
 10
97.0
 20
27.0
 10
117.0
 20
27.0
 10
117.0
 20
29.2
 10
97.0
 20
29.2
  0
HATCH
  5
B5A
330
A76
100
AcDbEntity
 67
1
  8
G-ANTET
 62
7
100
AcDbHatch
 10
0.0
 20
0.0
 30
0.0
210
0.0
220
0.0
230
1.0
  2
SOLID
 70
1
 71
0
 91
1
 92
3
 72
0
 73
1
 93
4
 10
117.0
 20
27.0
 10
137.0
 20
27.0
 10
137.0
 20
29.2
 10
117.0
 20
29.2
 97
0
 75
0
 76
1
 98
0
  0
LWPOLYLINE
  5
B5B
330
A76
100
AcDbEntity
 67
1
  8
G-ANTET
370
18
100
AcDbPolyline
 90
4
 70
1
 10
117.0
 20
27.0
 10
137.0
 20
27.0
 10
137.0
 20
29.2
 10
117.0
 20
29.2
  0
TEXT
  5
B5C
330
A76
100
AcDbEntity
 67
1
  8
G-ANTET
100
AcDbText
 10
37.0
 20
23.8
 30
0.0
 40
1.8
  1
0
  7
GYM
 72
1
 11
37.0
 21
23.8
 31
0.0
100
AcDbText
 73
2
  0
TEXT
  5
B5D
330
A76
100
AcDbEntity
 67
1
  8
G-ANTET
100
AcDbText
 10
57.0
 20
23.8
 30
0.0
 40
1.8
  1
1
  7
GYM
 72
1
 11
57.0
 21
23.8
 31
0.0
100
AcDbText
 73
2
  0
TEXT
  5
B5E
330
A76
100
AcDbEntity
 67
1
  8
G-ANTET
100
AcDbText
 10
77.0
 20
23.8
 30
0.0
 40
1.8
  1
2
  7
GYM
 72
1
 11
77.0
 21
23.8
 31
0.0
100
AcDbText
 73
2
  0
TEXT
  5
B5F
330
A76
100
AcDbEntity
 67
1
  8
G-ANTET
100
AcDbText
 10
97.0
 20
23.8
 30
0.0
 40
1.8
  1
3
  7
GYM
 72
1
 11
97.0
 21
23.8
 31
0.0
100
AcDbText
 73
2
  0
TEXT
  5
B60
330
A76
100
AcDbEntity
 67
1
  8
G-ANTET
100
AcDbText
 10
117.0
 20
23.8
 30
0.0
 40
1.8
  1
4
  7
GYM
 72
1
 11
117.0
 21
23.8
 31
0.0
100
AcDbText
 73
2
  0
TEXT
  5
B61
330
A76
100
AcDbEntity
 67
1
  8
G-ANTET
100
AcDbText
 10
137.0
 20
23.8
 30
0.0
 40
1.8
  1
5
  7
GYM
 72
1
 11
137.0
 21
23.8
 31
0.0
100
AcDbText
 73
2
  0
TEXT
  5
B62
330
A76
100
AcDbEntity
 67
1
  8
G-ANTET
100
AcDbText
 10
140.0
 20
28.1
 30
0.0
 40
1.8
  1
m
  7
GYM
 11
140.0
 21
28.1
 31
0.0
100
AcDbText
 73
2
  0
TEXT
  5
B63
330
A76
100
AcDbEntity
 67
1
  8
G-ANTET
100
AcDbText
 10
37.0
 20
31.0
 30
0.0
 40
1.8
  1
ÖLÇEK 1:50
  7
GYM
 11
37.0
 21
31.0
 31
0.0
100
AcDbText
 73
2
  0
LWPOLYLINE
  5
B64
330
A76
100
AcDbEntity
 67
1
  8
G-ANTET
 62
1
370
50
100
AcDbPolyline
 90
4
 70
1
 10
573.0
 20
27.0
 10
643.0
 20
27.0
 10
643.0
 20
36.0
 10
573.0
 20
36.0
  0
TEXT
  5
B65
330
A76
100
AcDbEntity
 67
1
  8
G-ANTET
 62
1
100
AcDbText
 10
608.0
 20
31.5
 30
0.0
 40
1.8
  1
ÖN TASARIM — UYGULAMA İÇİN DEĞİLDİR
  7
GYM
 72
1
 11
608.0
 21
31.5
 31
0.0
100
AcDbText
 73
2
  0
TEXT
  5
B66
330
A76
100
AcDbEntity
 67
1
  8
G-YAZI
100
AcDbText
 10
31.0
 20
577.2
 30
0.0
 40
1.8
  1
ÖLÇÜ ALINMAZ — YAZILI ÖLÇÜLER GEÇERLİDİR
  7
GYM
 11
31.0
 21
577.2
 31
0.0
100
AcDbText
 73
2
  0
TEXT
  5
B67
330
A76
100
AcDbEntity
 67
1
  8
G-YAZI
100
AcDbText
 10
651.0
 20
573.0
 30
0.0
 40
3.5
  1
ANAHTAR PLAN
  7
GYM
 11
651.0
 21
573.0
 31
0.0
100
AcDbText
 73
2
  0
LINE
  5
B68
330
A76
100
AcDbEntity
 67
1
  8
G-YAZI
370
35
100
AcDbLine
 10
651.0
 20
570.6
 30
0.0
 11
831.0
 21
570.6
 31
0.0
  0
LWPOLYLINE
  5
B69
330
A76
100
AcDbEntity
 67
1
  8
G-ANTET
370
35
100
AcDbPolyline
 90
4
 70
1
 10
651.0
 20
518.0
 10
831.0
 20
518.0
 10
831.0
 20
566.0
 10
651.0
 20
566.0
  0
LWPOLYLINE
  5
B6A
330
A76
100
AcDbEntity
 67
1
  8
G-ANTET
370
35
100
AcDbPolyline
 90
28
 70
1
 10
757.1062355658198
 20
537.270207852194
 10
758.8029253271748
 20
525.3995381062356
 10
755.3941493456505
 20
525.2209391839876
 10
755.2217090069284
 20
526.7482678983833
 10
754.3471901462664
 20
526.7174749807544
 10
754.4518860662048
 20
525.1347190146266
 10
752.5349479953162
 20
523.6045316071629
 10
752.545804464973
 20
523.5334872979215
 10
750.676674364896
 20
522.0
 10
733.1770592763664
 20
522.0
 10
729.2232486528098
 20
526.788298691301
 10
728.5304080061586
 20
525.3102386451117
 10
724.9799846035412
 20
525.8398768283295
 10
723.1970746728252
 20
543.0623556581986
 10
726.6951501154734
 20
543.342571208622
 10
725.8237105465743
 20
547.7798306389531
 10
742.8799076212471
 20
549.6058506543495
 10
741.1801385681293
 20
560.4880677444188
 10
753.6358737490377
 20
562.0
 10
755.5019245573518
 20
549.008468052348
 10
748.7983063895304
 20
548.0569668976135
 10
749.3267740458115
 20
544.5986953983345
 10
748.8444957659738
 20
548.0015396458814
 10
755.4464973056197
 20
548.9530408006159
 10
757.0569668976135
 20
537.6428021555042
 10
750.53138234719
 20
536.7157861853696
 10
750.5883503174795
 20
536.3429900346829
 10
757.1062355658198
 20
537.270207852194
  0
LWPOLYLINE
  5
B6B
330
A76
100
AcDbEntity
 67
1
  8
G-ANTET
370
13
100
AcDbPolyline
 90
5
 70
1
 10
755.4464973056197
 20
548.9530408006159
 10
748.8444957659738
 20
548.0015396458814
 10
750.445727482679
 20
536.7036181678214
 10
757.0569668976135
 20
537.6428021555042
 10
755.4464973056197
 20
548.9530408006159
  0
LWPOLYLINE
  5
B6C
330
A76
100
AcDbEntity
 67
1
  8
G-ANTET
370
13
100
AcDbPolyline
 90
9
 70
1
 10
757.1062355658198
 20
537.270207852194
 10
750.504234026174
 20
536.3310238645112
 10
752.3456505003849
 20
523.4534257120862
 10
754.4518860662048
 20
525.1347190146266
 10
754.3471901462664
 20
526.7174749807544
 10
755.2217090069284
 20
526.7482678983833
 10
755.3941493456505
 20
525.2209391839876
 10
758.8029253271748
 20
525.3995381062356
 10
757.1062355658198
 20
537.270207852194
  0
TEXT
  5
B6D
330
A76
100
AcDbEntity
 67
1
  8
G-YAZI
100
AcDbText
 10
651.0
 20
514.0
 30
0.0
 40
3.5
  1
LEJANT
  7
GYM
 11
651.0
 21
514.0
 31
0.0
100
AcDbText
 73
2
  0
LINE
  5
B6E
330
A76
100
AcDbEntity
 67
1
  8
G-YAZI
370
35
100
AcDbLine
 10
651.0
 20
511.6
 30
0.0
 11
831.0
 21
511.6
 31
0.0
  0
LINE
  5
B6F
330
A76
100
AcDbEntity
 67
1
  8
G-ANTET
  6
Continuous
 62
8
370
35
100
AcDbLine
 10
651.0
 20
507.0
 30
0.0
 11
663.0
 21
507.0
 31
0.0
  0
TEXT
  5
B70
330
A76
100
AcDbEntity
 67
1
  8
G-YAZI
100
AcDbText
 10
666.0
 20
507.0
 30
0.0
 40
1.8
  1
Mimari — mevcut duvar (korunuyor)
  7
GYM
 11
666.0
 21
507.0
 31
0.0
100
AcDbText
 73
2
  0
LINE
  5
B71
330
A76
100
AcDbEntity
 67
1
  8
G-ANTET
  6
Continuous
 62
1
370
35
100
AcDbLine
 10
651.0
 20
502.4
 30
0.0
 11
663.0
 21
502.4
 31
0.0
  0
TEXT
  5
B72
330
A76
100
AcDbEntity
 67
1
  8
G-YAZI
100
AcDbText
 10
666.0
 20
502.4
 30
0.0
 40
1.8
  1
Mimari — yeni alçıpan bölme
  7
GYM
 11
666.0
 21
502.4
 31
0.0
100
AcDbText
 73
2
  0
LINE
  5
B73
330
A76
100
AcDbEntity
 67
1
  8
G-ANTET
  6
Continuous
 62
5
370
25
100
AcDbLine
 10
651.0
 20
497.79999999999995
 30
0.0
 11
663.0
 21
497.79999999999995
 31
0.0
  0
TEXT
  5
B74
330
A76
100
AcDbEntity
 67
1
  8
G-YAZI
100
AcDbText
 10
666.0
 20
497.79999999999995
 30
0.0
 40
1.8
  1
Mimari — cephe doğraması
  7
GYM
 11
666.0
 21
497.79999999999995
 31
0.0
100
AcDbText
 73
2
  0
LINE
  5
B75
330
A76
100
AcDbEntity
 67
1
  8
G-ANTET
  6
Continuous
 62
8
370
18
100
AcDbLine
 10
651.0
 20
493.19999999999993
 30
0.0
 11
663.0
 21
493.19999999999993
 31
0.0
  0
TEXT
  5
B76
330
A76
100
AcDbEntity
 67
1
  8
G-YAZI
100
AcDbText
 10
666.0
 20
493.19999999999993
 30
0.0
 40
1.8
  1
Mimari — kapı ve açılım
  7
GYM
 11
666.0
 21
493.19999999999993
 31
0.0
100
AcDbText
 73
2
  0
LINE
  5
B77
330
A76
100
AcDbEntity
 67
1
  8
G-ANTET
  6
Continuous
 62
9
370
18
100
AcDbLine
 10
651.0
 20
488.5999999999999
 30
0.0
 11
663.0
 21
488.5999999999999
 31
0.0
  0
TEXT
  5
B78
330
A76
100
AcDbEntity
 67
1
  8
G-YAZI
100
AcDbText
 10
666.0
 20
488.5999999999999
 30
0.0
 40
1.8
  1
Mimari — spor ekipmanı (işverence temin)
  7
GYM
 11
666.0
 21
488.5999999999999
 31
0.0
100
AcDbText
 73
2
  0
LINE
  5
B79
330
A76
100
AcDbEntity
 67
1
  8
G-ANTET
  6
Continuous
 62
9
370
18
100
AcDbLine
 10
651.0
 20
483.9999999999999
 30
0.0
 11
663.0
 21
483.9999999999999
 31
0.0
  0
TEXT
  5
B7A
330
A76
100
AcDbEntity
 67
1
  8
G-YAZI
100
AcDbText
 10
666.0
 20
483.9999999999999
 30
0.0
 40
1.8
  1
Mimari — sabit mobilya
  7
GYM
 11
666.0
 21
483.9999999999999
 31
0.0
100
AcDbText
 73
2
  0
LINE
  5
B7B
330
A76
100
AcDbEntity
 67
1
  8
G-ANTET
  6
Continuous
 62
7
370
13
100
AcDbLine
 10
651.0
 20
479.39999999999986
 30
0.0
 11
663.0
 21
479.39999999999986
 31
0.0
  0
TEXT
  5
B7C
330
A76
100
AcDbEntity
 67
1
  8
G-YAZI
100
AcDbText
 10
666.0
 20
479.39999999999986
 30
0.0
 40
1.8
  1
Mimari — mahal adı ve alan
  7
GYM
 11
666.0
 21
479.39999999999986
 31
0.0
100
AcDbText
 73
2
  0
LINE
  5
B7D
330
A76
100
AcDbEntity
 67
1
  8
G-ANTET
  6
Continuous
 62
250
370
18
100
AcDbLine
 10
651.0
 20
474.79999999999984
 30
0.0
 11
663.0
 21
474.79999999999984
 31
0.0
  0
TEXT
  5
B7E
330
A76
100
AcDbEntity
 67
1
  8
G-YAZI
100
AcDbText
 10
666.0
 20
474.79999999999984
 30
0.0
 40
1.8
  1
Mimari — mahal numarası ve kapı kodu balonu
  7
GYM
 11
666.0
 21
474.79999999999984
 31
0.0
100
AcDbText
 73
2
  0
LINE
  5
B7F
330
A76
100
AcDbEntity
 67
1
  8
G-ANTET
  6
DASHDOT
 62
1
370
35
100
AcDbLine
 10
651.0
 20
470.1999999999998
 30
0.0
 11
663.0
 21
470.1999999999998
 31
0.0
  0
TEXT
  5
B80
330
A76
100
AcDbEntity
 67
1
  8
G-YAZI
100
AcDbText
 10
666.0
 20
470.1999999999998
 30
0.0
 40
1.8
  1
Mimari — kesit ve görünüş hattı
  7
GYM
 11
666.0
 21
470.1999999999998
 31
0.0
100
AcDbText
 73
2
  0
LINE
  5
B81
330
A76
100
AcDbEntity
 67
1
  8
G-ANTET
  6
Continuous
 62
30
370
25
100
AcDbLine
 10
651.0
 20
465.5999999999998
 30
0.0
 11
663.0
 21
465.5999999999998
 31
0.0
  0
TEXT
  5
B82
330
A76
100
AcDbEntity
 67
1
  8
G-YAZI
100
AcDbText
 10
666.0
 20
465.5999999999998
 30
0.0
 40
1.8
  1
Mimari — zemin kaplama tipi sınırı
  7
GYM
 11
666.0
 21
465.5999999999998
 31
0.0
100
AcDbText
 73
2
  0
LINE
  5
B83
330
A76
100
AcDbEntity
 67
1
  8
G-ANTET
  6
Continuous
 62
30
370
13
100
AcDbLine
 10
651.0
 20
460.9999999999998
 30
0.0
 11
663.0
 21
460.9999999999998
 31
0.0
  0
TEXT
  5
B84
330
A76
100
AcDbEntity
 67
1
  8
G-YAZI
100
AcDbText
 10
666.0
 20
460.9999999999998
 30
0.0
 40
1.8
  1
Mimari — zemin kaplama tipi ve kotu
  7
GYM
 11
666.0
 21
460.9999999999998
 31
0.0
100
AcDbText
 73
2
  0
LINE
  5
B85
330
A76
100
AcDbEntity
 67
1
  8
G-ANTET
  6
Continuous
 62
253
370
13
100
AcDbLine
 10
651.0
 20
456.39999999999975
 30
0.0
 11
663.0
 21
456.39999999999975
 31
0.0
  0
TEXT
  5
B86
330
A76
100
AcDbEntity
 67
1
  8
G-YAZI
100
AcDbText
 10
666.0
 20
456.39999999999975
 30
0.0
 40
1.8
  1
Mimari — kauçuk karo derz ızgarası
  7
GYM
 11
666.0
 21
456.39999999999975
 31
0.0
100
AcDbText
 73
2
  0
LINE
  5
B87
330
A76
100
AcDbEntity
 67
1
  8
G-ANTET
  6
Continuous
 62
150
370
25
100
AcDbLine
 10
651.0
 20
451.7999999999997
 30
0.0
 11
663.0
 21
451.7999999999997
 31
0.0
  0
TEXT
  5
B88
330
A76
100
AcDbEntity
 67
1
  8
G-YAZI
100
AcDbText
 10
666.0
 20
451.7999999999997
 30
0.0
 40
1.8
  1
Mimari — asma tavan tipi sınırı
  7
GYM
 11
666.0
 21
451.7999999999997
 31
0.0
100
AcDbText
 73
2
  0
LINE
  5
B89
330
A76
100
AcDbEntity
 67
1
  8
G-ANTET
  6
Continuous
 62
150
370
13
100
AcDbLine
 10
651.0
 20
447.1999999999997
 30
0.0
 11
663.0
 21
447.1999999999997
 31
0.0
  0
TEXT
  5
B8A
330
A76
100
AcDbEntity
 67
1
  8
G-YAZI
100
AcDbText
 10
666.0
 20
447.1999999999997
 30
0.0
 40
1.8
  1
Mimari — asma tavan tipi ve kotu
  7
GYM
 11
666.0
 21
447.1999999999997
 31
0.0
100
AcDbText
 73
2
  0
LINE
  5
B8B
330
A76
100
AcDbEntity
 67
1
  8
G-ANTET
  6
Continuous
 62
150
370
18
100
AcDbLine
 10
651.0
 20
442.5999999999997
 30
0.0
 11
663.0
 21
442.5999999999997
 31
0.0
  0
TEXT
  5
B8C
330
A76
100
AcDbEntity
 67
1
  8
G-YAZI
100
AcDbText
 10
666.0
 20
442.5999999999997
 30
0.0
 40
1.8
  1
Mimari — revizyon kapağı 300×300
  7
GYM
 11
666.0
 21
442.5999999999997
 31
0.0
100
AcDbText
 73
2
  0
LINE
  5
B8D
330
A76
100
AcDbEntity
 67
1
  8
G-ANTET
  6
Continuous
 62
3
370
50
100
AcDbLine
 10
651.0
 20
437.99999999999966
 30
0.0
 11
663.0
 21
437.99999999999966
 31
0.0
  0
TEXT
  5
B8E
330
A76
100
AcDbEntity
 67
1
  8
G-YAZI
100
AcDbText
 10
666.0
 20
437.99999999999966
 30
0.0
 40
1.8
  1
Mimari — kaçış yolu ve çıkış
  7
GYM
 11
666.0
 21
437.99999999999966
 31
0.0
100
AcDbText
 73
2
  0
LINE
  5
B8F
330
A76
100
AcDbEntity
 67
1
  8
G-ANTET
  6
Continuous
 62
1
370
35
100
AcDbLine
 10
651.0
 20
433.39999999999964
 30
0.0
 11
663.0
 21
433.39999999999964
 31
0.0
  0
TEXT
  5
B90
330
A76
100
AcDbEntity
 67
1
  8
G-YAZI
100
AcDbText
 10
666.0
 20
433.39999999999964
 30
0.0
 40
1.8
  1
Mimari — söndürücü, dolap, ihbar
  7
GYM
 11
666.0
 21
433.39999999999964
 31
0.0
100
AcDbText
 73
2
  0
LINE
  5
B91
330
A76
100
AcDbEntity
 67
1
  8
G-ANTET
  6
Continuous
 62
2
370
25
100
AcDbLine
 10
651.0
 20
428.7999999999996
 30
0.0
 11
663.0
 21
428.7999999999996
 31
0.0
  0
TEXT
  5
B92
330
A76
100
AcDbEntity
 67
1
  8
G-YAZI
100
AcDbText
 10
666.0
 20
428.7999999999996
 30
0.0
 40
1.8
  1
Elektrik — lineer LED armatür
  7
GYM
 11
666.0
 21
428.7999999999996
 31
0.0
100
AcDbText
 73
2
  0
LINE
  5
B93
330
A76
100
AcDbEntity
 67
1
  8
G-ANTET
  6
Continuous
 62
2
370
25
100
AcDbLine
 10
651.0
 20
424.1999999999996
 30
0.0
 11
663.0
 21
424.1999999999996
 31
0.0
  0
TEXT
  5
B94
330
A76
100
AcDbEntity
 67
1
  8
G-YAZI
100
AcDbText
 10
666.0
 20
424.1999999999996
 30
0.0
 40
1.8
  1
Elektrik — IP44 downlight
  7
GYM
 11
666.0
 21
424.1999999999996
 31
0.0
100
AcDbText
 73
2
  0
LINE
  5
B95
330
A76
100
AcDbEntity
 67
1
  8
G-ANTET
  6
Continuous
 62
3
370
25
100
AcDbLine
 10
651.0
 20
419.59999999999957
 30
0.0
 11
663.0
 21
419.59999999999957
 31
0.0
  0
TEXT
  5
B96
330
A76
100
AcDbEntity
 67
1
  8
G-YAZI
100
AcDbText
 10
666.0
 20
419.59999999999957
 30
0.0
 40
1.8
  1
Elektrik — acil aydınlatma / yönlendirme
  7
GYM
 11
666.0
 21
419.59999999999957
 31
0.0
100
AcDbText
 73
2
  0
LINE
  5
B97
330
A76
100
AcDbEntity
 67
1
  8
G-ANTET
  6
Continuous
 62
2
370
18
100
AcDbLine
 10
651.0
 20
414.99999999999955
 30
0.0
 11
663.0
 21
414.99999999999955
 31
0.0
  0
TEXT
  5
B98
330
A76
100
AcDbEntity
 67
1
  8
G-YAZI
100
AcDbText
 10
666.0
 20
414.99999999999955
 30
0.0
 40
1.8
  1
Elektrik — anahtar ve sensör
  7
GYM
 11
666.0
 21
414.99999999999955
 31
0.0
100
AcDbText
 73
2
  0
LINE
  5
B99
330
A76
100
AcDbEntity
 67
1
  8
G-ANTET
  6
Continuous
 62
5
370
25
100
AcDbLine
 10
651.0
 20
410.3999999999995
 30
0.0
 11
663.0
 21
410.3999999999995
 31
0.0
  0
TEXT
  5
B9A
330
A76
100
AcDbEntity
 67
1
  8
G-YAZI
100
AcDbText
 10
666.0
 20
410.3999999999995
 30
0.0
 40
1.8
  1
Elektrik — priz
  7
GYM
 11
666.0
 21
410.3999999999995
 31
0.0
100
AcDbText
 73
2
  0
LINE
  5
B9B
330
A76
100
AcDbEntity
 67
1
  8
G-ANTET
  6
Continuous
 62
5
370
25
100
AcDbLine
 10
651.0
 20
405.7999999999995
 30
0.0
 11
663.0
 21
405.7999999999995
 31
0.0
  0
TEXT
  5
B9C
330
A76
100
AcDbEntity
 67
1
  8
G-YAZI
100
AcDbText
 10
666.0
 20
405.7999999999995
 30
0.0
 40
1.8
  1
Elektrik — klima/ısıtıcı/fan beslemesi
  7
GYM
 11
666.0
 21
405.7999999999995
 31
0.0
100
AcDbText
 73
2
  0
LINE
  5
B9D
330
A76
100
AcDbEntity
 67
1
  8
G-ANTET
  6
Continuous
 62
6
370
25
100
AcDbLine
 10
651.0
 20
401.1999999999995
 30
0.0
 11
663.0
 21
401.1999999999995
 31
0.0
  0
TEXT
  5
B9E
330
A76
100
AcDbEntity
 67
1
  8
G-YAZI
100
AcDbText
 10
666.0
 20
401.1999999999995
 30
0.0
 40
1.8
  1
Elektrik — IP kamera
  7
GYM
 11
666.0
 21
401.1999999999995
 31
0.0
100
AcDbText
 73
2
  0
LINE
  5
B9F
330
A76
100
AcDbEntity
 67
1
  8
G-ANTET
  6
Continuous
 62
6
370
25
100
AcDbLine
 10
651.0
 20
396.59999999999945
 30
0.0
 11
663.0
 21
396.59999999999945
 31
0.0
  0
TEXT
  5
BA0
330
A76
100
AcDbEntity
 67
1
  8
G-YAZI
100
AcDbText
 10
666.0
 20
396.59999999999945
 30
0.0
 40
1.8
  1
Elektrik — tavan hoparlörü
  7
GYM
 11
666.0
 21
396.59999999999945
 31
0.0
100
AcDbText
 73
2
  0
LINE
  5
BA1
330
A76
100
AcDbEntity
 67
1
  8
G-ANTET
  6
Continuous
 62
6
370
25
100
AcDbLine
 10
651.0
 20
391.99999999999943
 30
0.0
 11
663.0
 21
391.99999999999943
 31
0.0
  0
TEXT
  5
BA2
330
A76
100
AcDbEntity
 67
1
  8
G-YAZI
100
AcDbText
 10
666.0
 20
391.99999999999943
 30
0.0
 40
1.8
  1
Elektrik — veri prizi ve rack
  7
GYM
 11
666.0
 21
391.99999999999943
 31
0.0
100
AcDbText
 73
2
  0
LINE
  5
BA3
330
A76
100
AcDbEntity
 67
1
  8
G-ANTET
  6
Continuous
 62
1
370
25
100
AcDbLine
 10
651.0
 20
387.3999999999994
 30
0.0
 11
663.0
 21
387.3999999999994
 31
0.0
  0
TEXT
  5
BA4
330
A76
100
AcDbEntity
 67
1
  8
G-YAZI
100
AcDbText
 10
666.0
 20
387.3999999999994
 30
0.0
 40
1.8
  1
Elektrik — dedektör, buton, siren
  7
GYM
 11
666.0
 21
387.3999999999994
 31
0.0
100
AcDbText
 73
2
  0
LINE
  5
BA5
330
A76
100
AcDbEntity
 67
1
  8
G-ANTET
  6
DASHED
 62
6
370
13
100
AcDbLine
 10
651.0
 20
382.7999999999994
 30
0.0
 11
663.0
 21
382.7999999999994
 31
0.0
  0
TEXT
  5
BA6
330
A76
100
AcDbEntity
 67
1
  8
G-YAZI
100
AcDbText
 10
666.0
 20
382.7999999999994
 30
0.0
 40
1.8
  1
Elektrik — yangın algılama çevrimi
  7
GYM
 11
666.0
 21
382.7999999999994
 31
0.0
100
AcDbText
 73
2
  0
LINE
  5
BA7
330
A76
100
AcDbEntity
 67
1
  8
G-ANTET
  6
Continuous
 62
2
370
25
100
AcDbLine
 10
651.0
 20
378.19999999999936
 30
0.0
 11
663.0
 21
378.19999999999936
 31
0.0
  0
TEXT
  5
BA8
330
A76
100
AcDbEntity
 67
1
  8
G-YAZI
100
AcDbText
 10
666.0
 20
378.19999999999936
 30
0.0
 40
1.8
  1
Elektrik — aydınlatma linyesi (ortogonal)
  7
GYM
 11
666.0
 21
378.19999999999936
 31
0.0
100
AcDbText
 73
2
  0
LINE
  5
BA9
330
A76
100
AcDbEntity
 67
1
  8
G-ANTET
  6
DASHED
 62
2
370
18
100
AcDbLine
 10
651.0
 20
373.59999999999934
 30
0.0
 11
663.0
 21
373.59999999999934
 31
0.0
  0
TEXT
  5
BAA
330
A76
100
AcDbEntity
 67
1
  8
G-YAZI
100
AcDbText
 10
666.0
 20
373.59999999999934
 30
0.0
 40
1.8
  1
Elektrik — anahtar kumanda sortisi
  7
GYM
 11
666.0
 21
373.59999999999934
 31
0.0
100
AcDbText
 73
2
  0
TEXT
  5
BAB
330
A76
100
AcDbEntity
 67
1
  8
G-YAZI
100
AcDbText
 10
651.0
 20
363.9999999999993
 30
0.0
 40
3.5
  1
GENEL NOTLAR
  7
GYM
 11
651.0
 21
363.9999999999993
 31
0.0
100
AcDbText
 73
2
  0
LINE
  5
BAC
330
A76
100
AcDbEntity
 67
1
  8
G-YAZI
370
35
100
AcDbLine
 10
651.0
 20
361.59999999999934
 30
0.0
 11
831.0
 21
361.59999999999934
 31
0.0
  0
TEXT
  5
BAD
330
A76
100
AcDbEntity
 67
1
  8
G-YAZI
100
AcDbText
 10
651.0
 20
356.9999999999993
 30
0.0
 40
1.8
  1
1. Elektrik disiplin genel yerlesimi.
  7
GYM
 11
651.0
 21
356.9999999999993
 31
0.0
100
AcDbText
 73
2
  0
TEXT
  5
BAE
330
A76
100
AcDbEntity
 67
1
  8
G-YAZI
100
AcDbText
 10
651.0
 20
352.1999999999993
 30
0.0
 40
1.8
  1
2. Ayrinti icin E-01, E-02, E-03 paftalari.
  7
GYM
 11
651.0
 21
352.1999999999993
 31
0.0
100
AcDbText
 73
2
  0
ENDBLK
  5
A78
330
A76
100
AcDbEntity
  8
0
100
AcDbBlockEnd
  0
BLOCK
  5
BB0
330
BAF
100
AcDbEntity
  8
0
100
AcDbBlockBegin
  2
*Paper_Space4
 70
0
 10
0.0
 20
0.0
 30
0.0
  3
*Paper_Space4
  1

  0
VIEWPORT
  5
BB3
330
BAF
100
AcDbEntity
 67
1
  8
VIEWPORTS
100
AcDbViewport
 10
420.5
 20
297.0
 30
0.0
 40
925.1
 41
653.4000000000001
 68
1
 69
1
 12
420.5
 22
297.0
 13
0.0
 23
0.0
 14
10.0
 24
10.0
 15
10.0
 25
10.0
 16
0.0
 26
0.0
 36
1.0
 17
0.0
 27
0.0
 37
0.0
 42
50.0
 43
0.0
 44
0.0
 45
653.4000000000001
 50
0.0
 51
0.0
 72
100
 90
557088
  1

281
0
 71
0
 74
0
110
0.0
120
0.0
130
0.0
111
1.0
121
0.0
131
0.0
112
0.0
122
1.0
132
0.0
 79
0
146
0.0
282
0
  0
LWPOLYLINE
  5
BB4
330
BAF
100
AcDbEntity
 67
1
  8
G-CERCEVE
370
13
100
AcDbPolyline
 90
4
 70
1
 10
0.0
 20
0.0
 10
10.0
 20
0.0
 10
10.0
 20
10.0
 10
0.0
 20
10.0
  0
LWPOLYLINE
  5
BB5
330
BAF
100
AcDbEntity
 67
1
  8
G-CERCEVE
370
13
100
AcDbPolyline
 90
4
 70
1
 10
831.0
 20
0.0
 10
841.0
 20
0.0
 10
841.0
 20
10.0
 10
831.0
 20
10.0
  0
LWPOLYLINE
  5
BB6
330
BAF
100
AcDbEntity
 67
1
  8
G-CERCEVE
370
13
100
AcDbPolyline
 90
4
 70
1
 10
831.0
 20
584.0
 10
841.0
 20
584.0
 10
841.0
 20
594.0
 10
831.0
 20
594.0
  0
LWPOLYLINE
  5
BB7
330
BAF
100
AcDbEntity
 67
1
  8
G-CERCEVE
370
13
100
AcDbPolyline
 90
4
 70
1
 10
0.0
 20
584.0
 10
10.0
 20
584.0
 10
10.0
 20
594.0
 10
0.0
 20
594.0
  0
LWPOLYLINE
  5
BB8
330
BAF
100
AcDbEntity
 67
1
  8
G-CERCEVE
370
70
100
AcDbPolyline
 90
4
 70
1
 10
20.0
 20
10.0
 10
831.0
 20
10.0
 10
831.0
 20
584.0
 10
20.0
 20
584.0
  0
LWPOLYLINE
  5
BB9
330
BAF
100
AcDbEntity
 67
1
  8
G-PAFTA-ZON
370
13
100
AcDbPolyline
 90
4
 70
1
 10
25.0
 20
15.0
 10
826.0
 20
15.0
 10
826.0
 20
579.0
 10
25.0
 20
579.0
  0
TEXT
  5
BBA
330
BAF
100
AcDbEntity
 67
1
  8
G-PAFTA-ZON
100
AcDbText
 10
50.03125
 20
12.5
 30
0.0
 40
3.5
  1
1
  7
GYM
 72
1
 11
50.03125
 21
12.5
 31
0.0
100
AcDbText
 73
2
  0
TEXT
  5
BBB
330
BAF
100
AcDbEntity
 67
1
  8
G-PAFTA-ZON
100
AcDbText
 10
50.03125
 20
581.5
 30
0.0
 40
3.5
  1
1
  7
GYM
 72
1
 11
50.03125
 21
581.5
 31
0.0
100
AcDbText
 73
2
  0
LINE
  5
BBC
330
BAF
100
AcDbEntity
 67
1
  8
G-PAFTA-ZON
370
13
100
AcDbLine
 10
75.0625
 20
10.0
 30
0.0
 11
75.0625
 21
15.0
 31
0.0
  0
LINE
  5
BBD
330
BAF
100
AcDbEntity
 67
1
  8
G-PAFTA-ZON
370
13
100
AcDbLine
 10
75.0625
 20
579.0
 30
0.0
 11
75.0625
 21
584.0
 31
0.0
  0
TEXT
  5
BBE
330
BAF
100
AcDbEntity
 67
1
  8
G-PAFTA-ZON
100
AcDbText
 10
100.09375
 20
12.5
 30
0.0
 40
3.5
  1
2
  7
GYM
 72
1
 11
100.09375
 21
12.5
 31
0.0
100
AcDbText
 73
2
  0
TEXT
  5
BBF
330
BAF
100
AcDbEntity
 67
1
  8
G-PAFTA-ZON
100
AcDbText
 10
100.09375
 20
581.5
 30
0.0
 40
3.5
  1
2
  7
GYM
 72
1
 11
100.09375
 21
581.5
 31
0.0
100
AcDbText
 73
2
  0
LINE
  5
BC0
330
BAF
100
AcDbEntity
 67
1
  8
G-PAFTA-ZON
370
13
100
AcDbLine
 10
125.125
 20
10.0
 30
0.0
 11
125.125
 21
15.0
 31
0.0
  0
LINE
  5
BC1
330
BAF
100
AcDbEntity
 67
1
  8
G-PAFTA-ZON
370
13
100
AcDbLine
 10
125.125
 20
579.0
 30
0.0
 11
125.125
 21
584.0
 31
0.0
  0
TEXT
  5
BC2
330
BAF
100
AcDbEntity
 67
1
  8
G-PAFTA-ZON
100
AcDbText
 10
150.15625
 20
12.5
 30
0.0
 40
3.5
  1
3
  7
GYM
 72
1
 11
150.15625
 21
12.5
 31
0.0
100
AcDbText
 73
2
  0
TEXT
  5
BC3
330
BAF
100
AcDbEntity
 67
1
  8
G-PAFTA-ZON
100
AcDbText
 10
150.15625
 20
581.5
 30
0.0
 40
3.5
  1
3
  7
GYM
 72
1
 11
150.15625
 21
581.5
 31
0.0
100
AcDbText
 73
2
  0
LINE
  5
BC4
330
BAF
100
AcDbEntity
 67
1
  8
G-PAFTA-ZON
370
13
100
AcDbLine
 10
175.1875
 20
10.0
 30
0.0
 11
175.1875
 21
15.0
 31
0.0
  0
LINE
  5
BC5
330
BAF
100
AcDbEntity
 67
1
  8
G-PAFTA-ZON
370
13
100
AcDbLine
 10
175.1875
 20
579.0
 30
0.0
 11
175.1875
 21
584.0
 31
0.0
  0
TEXT
  5
BC6
330
BAF
100
AcDbEntity
 67
1
  8
G-PAFTA-ZON
100
AcDbText
 10
200.21875
 20
12.5
 30
0.0
 40
3.5
  1
4
  7
GYM
 72
1
 11
200.21875
 21
12.5
 31
0.0
100
AcDbText
 73
2
  0
TEXT
  5
BC7
330
BAF
100
AcDbEntity
 67
1
  8
G-PAFTA-ZON
100
AcDbText
 10
200.21875
 20
581.5
 30
0.0
 40
3.5
  1
4
  7
GYM
 72
1
 11
200.21875
 21
581.5
 31
0.0
100
AcDbText
 73
2
  0
LINE
  5
BC8
330
BAF
100
AcDbEntity
 67
1
  8
G-PAFTA-ZON
370
13
100
AcDbLine
 10
225.25
 20
10.0
 30
0.0
 11
225.25
 21
15.0
 31
0.0
  0
LINE
  5
BC9
330
BAF
100
AcDbEntity
 67
1
  8
G-PAFTA-ZON
370
13
100
AcDbLine
 10
225.25
 20
579.0
 30
0.0
 11
225.25
 21
584.0
 31
0.0
  0
TEXT
  5
BCA
330
BAF
100
AcDbEntity
 67
1
  8
G-PAFTA-ZON
100
AcDbText
 10
250.28125
 20
12.5
 30
0.0
 40
3.5
  1
5
  7
GYM
 72
1
 11
250.28125
 21
12.5
 31
0.0
100
AcDbText
 73
2
  0
TEXT
  5
BCB
330
BAF
100
AcDbEntity
 67
1
  8
G-PAFTA-ZON
100
AcDbText
 10
250.28125
 20
581.5
 30
0.0
 40
3.5
  1
5
  7
GYM
 72
1
 11
250.28125
 21
581.5
 31
0.0
100
AcDbText
 73
2
  0
LINE
  5
BCC
330
BAF
100
AcDbEntity
 67
1
  8
G-PAFTA-ZON
370
13
100
AcDbLine
 10
275.3125
 20
10.0
 30
0.0
 11
275.3125
 21
15.0
 31
0.0
  0
LINE
  5
BCD
330
BAF
100
AcDbEntity
 67
1
  8
G-PAFTA-ZON
370
13
100
AcDbLine
 10
275.3125
 20
579.0
 30
0.0
 11
275.3125
 21
584.0
 31
0.0
  0
TEXT
  5
BCE
330
BAF
100
AcDbEntity
 67
1
  8
G-PAFTA-ZON
100
AcDbText
 10
300.34375
 20
12.5
 30
0.0
 40
3.5
  1
6
  7
GYM
 72
1
 11
300.34375
 21
12.5
 31
0.0
100
AcDbText
 73
2
  0
TEXT
  5
BCF
330
BAF
100
AcDbEntity
 67
1
  8
G-PAFTA-ZON
100
AcDbText
 10
300.34375
 20
581.5
 30
0.0
 40
3.5
  1
6
  7
GYM
 72
1
 11
300.34375
 21
581.5
 31
0.0
100
AcDbText
 73
2
  0
LINE
  5
BD0
330
BAF
100
AcDbEntity
 67
1
  8
G-PAFTA-ZON
370
13
100
AcDbLine
 10
325.375
 20
10.0
 30
0.0
 11
325.375
 21
15.0
 31
0.0
  0
LINE
  5
BD1
330
BAF
100
AcDbEntity
 67
1
  8
G-PAFTA-ZON
370
13
100
AcDbLine
 10
325.375
 20
579.0
 30
0.0
 11
325.375
 21
584.0
 31
0.0
  0
TEXT
  5
BD2
330
BAF
100
AcDbEntity
 67
1
  8
G-PAFTA-ZON
100
AcDbText
 10
350.40625
 20
12.5
 30
0.0
 40
3.5
  1
7
  7
GYM
 72
1
 11
350.40625
 21
12.5
 31
0.0
100
AcDbText
 73
2
  0
TEXT
  5
BD3
330
BAF
100
AcDbEntity
 67
1
  8
G-PAFTA-ZON
100
AcDbText
 10
350.40625
 20
581.5
 30
0.0
 40
3.5
  1
7
  7
GYM
 72
1
 11
350.40625
 21
581.5
 31
0.0
100
AcDbText
 73
2
  0
LINE
  5
BD4
330
BAF
100
AcDbEntity
 67
1
  8
G-PAFTA-ZON
370
13
100
AcDbLine
 10
375.4375
 20
10.0
 30
0.0
 11
375.4375
 21
15.0
 31
0.0
  0
LINE
  5
BD5
330
BAF
100
AcDbEntity
 67
1
  8
G-PAFTA-ZON
370
13
100
AcDbLine
 10
375.4375
 20
579.0
 30
0.0
 11
375.4375
 21
584.0
 31
0.0
  0
TEXT
  5
BD6
330
BAF
100
AcDbEntity
 67
1
  8
G-PAFTA-ZON
100
AcDbText
 10
400.46875
 20
12.5
 30
0.0
 40
3.5
  1
8
  7
GYM
 72
1
 11
400.46875
 21
12.5
 31
0.0
100
AcDbText
 73
2
  0
TEXT
  5
BD7
330
BAF
100
AcDbEntity
 67
1
  8
G-PAFTA-ZON
100
AcDbText
 10
400.46875
 20
581.5
 30
0.0
 40
3.5
  1
8
  7
GYM
 72
1
 11
400.46875
 21
581.5
 31
0.0
100
AcDbText
 73
2
  0
LINE
  5
BD8
330
BAF
100
AcDbEntity
 67
1
  8
G-PAFTA-ZON
370
13
100
AcDbLine
 10
425.5
 20
10.0
 30
0.0
 11
425.5
 21
15.0
 31
0.0
  0
LINE
  5
BD9
330
BAF
100
AcDbEntity
 67
1
  8
G-PAFTA-ZON
370
13
100
AcDbLine
 10
425.5
 20
579.0
 30
0.0
 11
425.5
 21
584.0
 31
0.0
  0
TEXT
  5
BDA
330
BAF
100
AcDbEntity
 67
1
  8
G-PAFTA-ZON
100
AcDbText
 10
450.53125
 20
12.5
 30
0.0
 40
3.5
  1
9
  7
GYM
 72
1
 11
450.53125
 21
12.5
 31
0.0
100
AcDbText
 73
2
  0
TEXT
  5
BDB
330
BAF
100
AcDbEntity
 67
1
  8
G-PAFTA-ZON
100
AcDbText
 10
450.53125
 20
581.5
 30
0.0
 40
3.5
  1
9
  7
GYM
 72
1
 11
450.53125
 21
581.5
 31
0.0
100
AcDbText
 73
2
  0
LINE
  5
BDC
330
BAF
100
AcDbEntity
 67
1
  8
G-PAFTA-ZON
370
13
100
AcDbLine
 10
475.5625
 20
10.0
 30
0.0
 11
475.5625
 21
15.0
 31
0.0
  0
LINE
  5
BDD
330
BAF
100
AcDbEntity
 67
1
  8
G-PAFTA-ZON
370
13
100
AcDbLine
 10
475.5625
 20
579.0
 30
0.0
 11
475.5625
 21
584.0
 31
0.0
  0
TEXT
  5
BDE
330
BAF
100
AcDbEntity
 67
1
  8
G-PAFTA-ZON
100
AcDbText
 10
500.59375
 20
12.5
 30
0.0
 40
3.5
  1
10
  7
GYM
 72
1
 11
500.59375
 21
12.5
 31
0.0
100
AcDbText
 73
2
  0
TEXT
  5
BDF
330
BAF
100
AcDbEntity
 67
1
  8
G-PAFTA-ZON
100
AcDbText
 10
500.59375
 20
581.5
 30
0.0
 40
3.5
  1
10
  7
GYM
 72
1
 11
500.59375
 21
581.5
 31
0.0
100
AcDbText
 73
2
  0
LINE
  5
BE0
330
BAF
100
AcDbEntity
 67
1
  8
G-PAFTA-ZON
370
13
100
AcDbLine
 10
525.625
 20
10.0
 30
0.0
 11
525.625
 21
15.0
 31
0.0
  0
LINE
  5
BE1
330
BAF
100
AcDbEntity
 67
1
  8
G-PAFTA-ZON
370
13
100
AcDbLine
 10
525.625
 20
579.0
 30
0.0
 11
525.625
 21
584.0
 31
0.0
  0
TEXT
  5
BE2
330
BAF
100
AcDbEntity
 67
1
  8
G-PAFTA-ZON
100
AcDbText
 10
550.65625
 20
12.5
 30
0.0
 40
3.5
  1
11
  7
GYM
 72
1
 11
550.65625
 21
12.5
 31
0.0
100
AcDbText
 73
2
  0
TEXT
  5
BE3
330
BAF
100
AcDbEntity
 67
1
  8
G-PAFTA-ZON
100
AcDbText
 10
550.65625
 20
581.5
 30
0.0
 40
3.5
  1
11
  7
GYM
 72
1
 11
550.65625
 21
581.5
 31
0.0
100
AcDbText
 73
2
  0
LINE
  5
BE4
330
BAF
100
AcDbEntity
 67
1
  8
G-PAFTA-ZON
370
13
100
AcDbLine
 10
575.6875
 20
10.0
 30
0.0
 11
575.6875
 21
15.0
 31
0.0
  0
LINE
  5
BE5
330
BAF
100
AcDbEntity
 67
1
  8
G-PAFTA-ZON
370
13
100
AcDbLine
 10
575.6875
 20
579.0
 30
0.0
 11
575.6875
 21
584.0
 31
0.0
  0
TEXT
  5
BE6
330
BAF
100
AcDbEntity
 67
1
  8
G-PAFTA-ZON
100
AcDbText
 10
600.71875
 20
12.5
 30
0.0
 40
3.5
  1
12
  7
GYM
 72
1
 11
600.71875
 21
12.5
 31
0.0
100
AcDbText
 73
2
  0
TEXT
  5
BE7
330
BAF
100
AcDbEntity
 67
1
  8
G-PAFTA-ZON
100
AcDbText
 10
600.71875
 20
581.5
 30
0.0
 40
3.5
  1
12
  7
GYM
 72
1
 11
600.71875
 21
581.5
 31
0.0
100
AcDbText
 73
2
  0
LINE
  5
BE8
330
BAF
100
AcDbEntity
 67
1
  8
G-PAFTA-ZON
370
13
100
AcDbLine
 10
625.75
 20
10.0
 30
0.0
 11
625.75
 21
15.0
 31
0.0
  0
LINE
  5
BE9
330
BAF
100
AcDbEntity
 67
1
  8
G-PAFTA-ZON
370
13
100
AcDbLine
 10
625.75
 20
579.0
 30
0.0
 11
625.75
 21
584.0
 31
0.0
  0
TEXT
  5
BEA
330
BAF
100
AcDbEntity
 67
1
  8
G-PAFTA-ZON
100
AcDbText
 10
650.78125
 20
12.5
 30
0.0
 40
3.5
  1
13
  7
GYM
 72
1
 11
650.78125
 21
12.5
 31
0.0
100
AcDbText
 73
2
  0
TEXT
  5
BEB
330
BAF
100
AcDbEntity
 67
1
  8
G-PAFTA-ZON
100
AcDbText
 10
650.78125
 20
581.5
 30
0.0
 40
3.5
  1
13
  7
GYM
 72
1
 11
650.78125
 21
581.5
 31
0.0
100
AcDbText
 73
2
  0
LINE
  5
BEC
330
BAF
100
AcDbEntity
 67
1
  8
G-PAFTA-ZON
370
13
100
AcDbLine
 10
675.8125
 20
10.0
 30
0.0
 11
675.8125
 21
15.0
 31
0.0
  0
LINE
  5
BED
330
BAF
100
AcDbEntity
 67
1
  8
G-PAFTA-ZON
370
13
100
AcDbLine
 10
675.8125
 20
579.0
 30
0.0
 11
675.8125
 21
584.0
 31
0.0
  0
TEXT
  5
BEE
330
BAF
100
AcDbEntity
 67
1
  8
G-PAFTA-ZON
100
AcDbText
 10
700.84375
 20
12.5
 30
0.0
 40
3.5
  1
14
  7
GYM
 72
1
 11
700.84375
 21
12.5
 31
0.0
100
AcDbText
 73
2
  0
TEXT
  5
BEF
330
BAF
100
AcDbEntity
 67
1
  8
G-PAFTA-ZON
100
AcDbText
 10
700.84375
 20
581.5
 30
0.0
 40
3.5
  1
14
  7
GYM
 72
1
 11
700.84375
 21
581.5
 31
0.0
100
AcDbText
 73
2
  0
LINE
  5
BF0
330
BAF
100
AcDbEntity
 67
1
  8
G-PAFTA-ZON
370
13
100
AcDbLine
 10
725.875
 20
10.0
 30
0.0
 11
725.875
 21
15.0
 31
0.0
  0
LINE
  5
BF1
330
BAF
100
AcDbEntity
 67
1
  8
G-PAFTA-ZON
370
13
100
AcDbLine
 10
725.875
 20
579.0
 30
0.0
 11
725.875
 21
584.0
 31
0.0
  0
TEXT
  5
BF2
330
BAF
100
AcDbEntity
 67
1
  8
G-PAFTA-ZON
100
AcDbText
 10
750.90625
 20
12.5
 30
0.0
 40
3.5
  1
15
  7
GYM
 72
1
 11
750.90625
 21
12.5
 31
0.0
100
AcDbText
 73
2
  0
TEXT
  5
BF3
330
BAF
100
AcDbEntity
 67
1
  8
G-PAFTA-ZON
100
AcDbText
 10
750.90625
 20
581.5
 30
0.0
 40
3.5
  1
15
  7
GYM
 72
1
 11
750.90625
 21
581.5
 31
0.0
100
AcDbText
 73
2
  0
LINE
  5
BF4
330
BAF
100
AcDbEntity
 67
1
  8
G-PAFTA-ZON
370
13
100
AcDbLine
 10
775.9375
 20
10.0
 30
0.0
 11
775.9375
 21
15.0
 31
0.0
  0
LINE
  5
BF5
330
BAF
100
AcDbEntity
 67
1
  8
G-PAFTA-ZON
370
13
100
AcDbLine
 10
775.9375
 20
579.0
 30
0.0
 11
775.9375
 21
584.0
 31
0.0
  0
TEXT
  5
BF6
330
BAF
100
AcDbEntity
 67
1
  8
G-PAFTA-ZON
100
AcDbText
 10
800.96875
 20
12.5
 30
0.0
 40
3.5
  1
16
  7
GYM
 72
1
 11
800.96875
 21
12.5
 31
0.0
100
AcDbText
 73
2
  0
TEXT
  5
BF7
330
BAF
100
AcDbEntity
 67
1
  8
G-PAFTA-ZON
100
AcDbText
 10
800.96875
 20
581.5
 30
0.0
 40
3.5
  1
16
  7
GYM
 72
1
 11
800.96875
 21
581.5
 31
0.0
100
AcDbText
 73
2
  0
TEXT
  5
BF8
330
BAF
100
AcDbEntity
 67
1
  8
G-PAFTA-ZON
100
AcDbText
 10
22.5
 20
40.63636363636364
 30
0.0
 40
3.5
  1
A
  7
GYM
 72
1
 11
22.5
 21
40.63636363636364
 31
0.0
100
AcDbText
 73
2
  0
TEXT
  5
BF9
330
BAF
100
AcDbEntity
 67
1
  8
G-PAFTA-ZON
100
AcDbText
 10
828.5
 20
40.63636363636364
 30
0.0
 40
3.5
  1
A
  7
GYM
 72
1
 11
828.5
 21
40.63636363636364
 31
0.0
100
AcDbText
 73
2
  0
LINE
  5
BFA
330
BAF
100
AcDbEntity
 67
1
  8
G-PAFTA-ZON
370
13
100
AcDbLine
 10
20.0
 20
66.27272727272728
 30
0.0
 11
25.0
 21
66.27272727272728
 31
0.0
  0
LINE
  5
BFB
330
BAF
100
AcDbEntity
 67
1
  8
G-PAFTA-ZON
370
13
100
AcDbLine
 10
826.0
 20
66.27272727272728
 30
0.0
 11
831.0
 21
66.27272727272728
 31
0.0
  0
TEXT
  5
BFC
330
BAF
100
AcDbEntity
 67
1
  8
G-PAFTA-ZON
100
AcDbText
 10
22.5
 20
91.90909090909092
 30
0.0
 40
3.5
  1
B
  7
GYM
 72
1
 11
22.5
 21
91.90909090909092
 31
0.0
100
AcDbText
 73
2
  0
TEXT
  5
BFD
330
BAF
100
AcDbEntity
 67
1
  8
G-PAFTA-ZON
100
AcDbText
 10
828.5
 20
91.90909090909092
 30
0.0
 40
3.5
  1
B
  7
GYM
 72
1
 11
828.5
 21
91.90909090909092
 31
0.0
100
AcDbText
 73
2
  0
LINE
  5
BFE
330
BAF
100
AcDbEntity
 67
1
  8
G-PAFTA-ZON
370
13
100
AcDbLine
 10
20.0
 20
117.54545454545455
 30
0.0
 11
25.0
 21
117.54545454545455
 31
0.0
  0
LINE
  5
BFF
330
BAF
100
AcDbEntity
 67
1
  8
G-PAFTA-ZON
370
13
100
AcDbLine
 10
826.0
 20
117.54545454545455
 30
0.0
 11
831.0
 21
117.54545454545455
 31
0.0
  0
TEXT
  5
C00
330
BAF
100
AcDbEntity
 67
1
  8
G-PAFTA-ZON
100
AcDbText
 10
22.5
 20
143.1818181818182
 30
0.0
 40
3.5
  1
C
  7
GYM
 72
1
 11
22.5
 21
143.1818181818182
 31
0.0
100
AcDbText
 73
2
  0
TEXT
  5
C01
330
BAF
100
AcDbEntity
 67
1
  8
G-PAFTA-ZON
100
AcDbText
 10
828.5
 20
143.1818181818182
 30
0.0
 40
3.5
  1
C
  7
GYM
 72
1
 11
828.5
 21
143.1818181818182
 31
0.0
100
AcDbText
 73
2
  0
LINE
  5
C02
330
BAF
100
AcDbEntity
 67
1
  8
G-PAFTA-ZON
370
13
100
AcDbLine
 10
20.0
 20
168.8181818181818
 30
0.0
 11
25.0
 21
168.8181818181818
 31
0.0
  0
LINE
  5
C03
330
BAF
100
AcDbEntity
 67
1
  8
G-PAFTA-ZON
370
13
100
AcDbLine
 10
826.0
 20
168.8181818181818
 30
0.0
 11
831.0
 21
168.8181818181818
 31
0.0
  0
TEXT
  5
C04
330
BAF
100
AcDbEntity
 67
1
  8
G-PAFTA-ZON
100
AcDbText
 10
22.5
 20
194.45454545454544
 30
0.0
 40
3.5
  1
D
  7
GYM
 72
1
 11
22.5
 21
194.45454545454544
 31
0.0
100
AcDbText
 73
2
  0
TEXT
  5
C05
330
BAF
100
AcDbEntity
 67
1
  8
G-PAFTA-ZON
100
AcDbText
 10
828.5
 20
194.45454545454544
 30
0.0
 40
3.5
  1
D
  7
GYM
 72
1
 11
828.5
 21
194.45454545454544
 31
0.0
100
AcDbText
 73
2
  0
LINE
  5
C06
330
BAF
100
AcDbEntity
 67
1
  8
G-PAFTA-ZON
370
13
100
AcDbLine
 10
20.0
 20
220.0909090909091
 30
0.0
 11
25.0
 21
220.0909090909091
 31
0.0
  0
LINE
  5
C07
330
BAF
100
AcDbEntity
 67
1
  8
G-PAFTA-ZON
370
13
100
AcDbLine
 10
826.0
 20
220.0909090909091
 30
0.0
 11
831.0
 21
220.0909090909091
 31
0.0
  0
TEXT
  5
C08
330
BAF
100
AcDbEntity
 67
1
  8
G-PAFTA-ZON
100
AcDbText
 10
22.5
 20
245.72727272727272
 30
0.0
 40
3.5
  1
E
  7
GYM
 72
1
 11
22.5
 21
245.72727272727272
 31
0.0
100
AcDbText
 73
2
  0
TEXT
  5
C09
330
BAF
100
AcDbEntity
 67
1
  8
G-PAFTA-ZON
100
AcDbText
 10
828.5
 20
245.72727272727272
 30
0.0
 40
3.5
  1
E
  7
GYM
 72
1
 11
828.5
 21
245.72727272727272
 31
0.0
100
AcDbText
 73
2
  0
LINE
  5
C0A
330
BAF
100
AcDbEntity
 67
1
  8
G-PAFTA-ZON
370
13
100
AcDbLine
 10
20.0
 20
271.3636363636364
 30
0.0
 11
25.0
 21
271.3636363636364
 31
0.0
  0
LINE
  5
C0B
330
BAF
100
AcDbEntity
 67
1
  8
G-PAFTA-ZON
370
13
100
AcDbLine
 10
826.0
 20
271.3636363636364
 30
0.0
 11
831.0
 21
271.3636363636364
 31
0.0
  0
TEXT
  5
C0C
330
BAF
100
AcDbEntity
 67
1
  8
G-PAFTA-ZON
100
AcDbText
 10
22.5
 20
297.0
 30
0.0
 40
3.5
  1
F
  7
GYM
 72
1
 11
22.5
 21
297.0
 31
0.0
100
AcDbText
 73
2
  0
TEXT
  5
C0D
330
BAF
100
AcDbEntity
 67
1
  8
G-PAFTA-ZON
100
AcDbText
 10
828.5
 20
297.0
 30
0.0
 40
3.5
  1
F
  7
GYM
 72
1
 11
828.5
 21
297.0
 31
0.0
100
AcDbText
 73
2
  0
LINE
  5
C0E
330
BAF
100
AcDbEntity
 67
1
  8
G-PAFTA-ZON
370
13
100
AcDbLine
 10
20.0
 20
322.6363636363636
 30
0.0
 11
25.0
 21
322.6363636363636
 31
0.0
  0
LINE
  5
C0F
330
BAF
100
AcDbEntity
 67
1
  8
G-PAFTA-ZON
370
13
100
AcDbLine
 10
826.0
 20
322.6363636363636
 30
0.0
 11
831.0
 21
322.6363636363636
 31
0.0
  0
TEXT
  5
C10
330
BAF
100
AcDbEntity
 67
1
  8
G-PAFTA-ZON
100
AcDbText
 10
22.5
 20
348.27272727272725
 30
0.0
 40
3.5
  1
G
  7
GYM
 72
1
 11
22.5
 21
348.27272727272725
 31
0.0
100
AcDbText
 73
2
  0
TEXT
  5
C11
330
BAF
100
AcDbEntity
 67
1
  8
G-PAFTA-ZON
100
AcDbText
 10
828.5
 20
348.27272727272725
 30
0.0
 40
3.5
  1
G
  7
GYM
 72
1
 11
828.5
 21
348.27272727272725
 31
0.0
100
AcDbText
 73
2
  0
LINE
  5
C12
330
BAF
100
AcDbEntity
 67
1
  8
G-PAFTA-ZON
370
13
100
AcDbLine
 10
20.0
 20
373.90909090909093
 30
0.0
 11
25.0
 21
373.90909090909093
 31
0.0
  0
LINE
  5
C13
330
BAF
100
AcDbEntity
 67
1
  8
G-PAFTA-ZON
370
13
100
AcDbLine
 10
826.0
 20
373.90909090909093
 30
0.0
 11
831.0
 21
373.90909090909093
 31
0.0
  0
TEXT
  5
C14
330
BAF
100
AcDbEntity
 67
1
  8
G-PAFTA-ZON
100
AcDbText
 10
22.5
 20
399.54545454545456
 30
0.0
 40
3.5
  1
H
  7
GYM
 72
1
 11
22.5
 21
399.54545454545456
 31
0.0
100
AcDbText
 73
2
  0
TEXT
  5
C15
330
BAF
100
AcDbEntity
 67
1
  8
G-PAFTA-ZON
100
AcDbText
 10
828.5
 20
399.54545454545456
 30
0.0
 40
3.5
  1
H
  7
GYM
 72
1
 11
828.5
 21
399.54545454545456
 31
0.0
100
AcDbText
 73
2
  0
LINE
  5
C16
330
BAF
100
AcDbEntity
 67
1
  8
G-PAFTA-ZON
370
13
100
AcDbLine
 10
20.0
 20
425.1818181818182
 30
0.0
 11
25.0
 21
425.1818181818182
 31
0.0
  0
LINE
  5
C17
330
BAF
100
AcDbEntity
 67
1
  8
G-PAFTA-ZON
370
13
100
AcDbLine
 10
826.0
 20
425.1818181818182
 30
0.0
 11
831.0
 21
425.1818181818182
 31
0.0
  0
TEXT
  5
C18
330
BAF
100
AcDbEntity
 67
1
  8
G-PAFTA-ZON
100
AcDbText
 10
22.5
 20
450.8181818181818
 30
0.0
 40
3.5
  1
J
  7
GYM
 72
1
 11
22.5
 21
450.8181818181818
 31
0.0
100
AcDbText
 73
2
  0
TEXT
  5
C19
330
BAF
100
AcDbEntity
 67
1
  8
G-PAFTA-ZON
100
AcDbText
 10
828.5
 20
450.8181818181818
 30
0.0
 40
3.5
  1
J
  7
GYM
 72
1
 11
828.5
 21
450.8181818181818
 31
0.0
100
AcDbText
 73
2
  0
LINE
  5
C1A
330
BAF
100
AcDbEntity
 67
1
  8
G-PAFTA-ZON
370
13
100
AcDbLine
 10
20.0
 20
476.45454545454544
 30
0.0
 11
25.0
 21
476.45454545454544
 31
0.0
  0
LINE
  5
C1B
330
BAF
100
AcDbEntity
 67
1
  8
G-PAFTA-ZON
370
13
100
AcDbLine
 10
826.0
 20
476.45454545454544
 30
0.0
 11
831.0
 21
476.45454545454544
 31
0.0
  0
TEXT
  5
C1C
330
BAF
100
AcDbEntity
 67
1
  8
G-PAFTA-ZON
100
AcDbText
 10
22.5
 20
502.09090909090907
 30
0.0
 40
3.5
  1
K
  7
GYM
 72
1
 11
22.5
 21
502.09090909090907
 31
0.0
100
AcDbText
 73
2
  0
TEXT
  5
C1D
330
BAF
100
AcDbEntity
 67
1
  8
G-PAFTA-ZON
100
AcDbText
 10
828.5
 20
502.09090909090907
 30
0.0
 40
3.5
  1
K
  7
GYM
 72
1
 11
828.5
 21
502.09090909090907
 31
0.0
100
AcDbText
 73
2
  0
LINE
  5
C1E
330
BAF
100
AcDbEntity
 67
1
  8
G-PAFTA-ZON
370
13
100
AcDbLine
 10
20.0
 20
527.7272727272727
 30
0.0
 11
25.0
 21
527.7272727272727
 31
0.0
  0
LINE
  5
C1F
330
BAF
100
AcDbEntity
 67
1
  8
G-PAFTA-ZON
370
13
100
AcDbLine
 10
826.0
 20
527.7272727272727
 30
0.0
 11
831.0
 21
527.7272727272727
 31
0.0
  0
TEXT
  5
C20
330
BAF
100
AcDbEntity
 67
1
  8
G-PAFTA-ZON
100
AcDbText
 10
22.5
 20
553.3636363636364
 30
0.0
 40
3.5
  1
L
  7
GYM
 72
1
 11
22.5
 21
553.3636363636364
 31
0.0
100
AcDbText
 73
2
  0
TEXT
  5
C21
330
BAF
100
AcDbEntity
 67
1
  8
G-PAFTA-ZON
100
AcDbText
 10
828.5
 20
553.3636363636364
 30
0.0
 40
3.5
  1
L
  7
GYM
 72
1
 11
828.5
 21
553.3636363636364
 31
0.0
100
AcDbText
 73
2
  0
LINE
  5
C22
330
BAF
100
AcDbEntity
 67
1
  8
G-CERCEVE
370
70
100
AcDbLine
 10
420.5
 20
0.0
 30
0.0
 11
420.5
 21
20.0
 31
0.0
  0
LINE
  5
C23
330
BAF
100
AcDbEntity
 67
1
  8
G-CERCEVE
370
70
100
AcDbLine
 10
420.5
 20
574.0
 30
0.0
 11
420.5
 21
594.0
 31
0.0
  0
LWPOLYLINE
  5
C24
330
BAF
100
AcDbEntity
 67
1
  8
G-CERCEVE
370
70
100
AcDbPolyline
 90
3
 70
1
 10
420.5
 20
593.0
 10
417.9
 20
586.0
 10
423.1
 20
586.0
  0
LINE
  5
C25
330
BAF
100
AcDbEntity
 67
1
  8
G-CERCEVE
370
70
100
AcDbLine
 10
0.0
 20
297.0
 30
0.0
 11
30.0
 21
297.0
 31
0.0
  0
LINE
  5
C26
330
BAF
100
AcDbEntity
 67
1
  8
G-CERCEVE
370
70
100
AcDbLine
 10
821.0
 20
297.0
 30
0.0
 11
841.0
 21
297.0
 31
0.0
  0
LWPOLYLINE
  5
C27
330
BAF
100
AcDbEntity
 67
1
  8
G-CERCEVE
370
70
100
AcDbPolyline
 90
3
 70
1
 10
1.0
 20
297.0
 10
8.0
 20
294.4
 10
8.0
 20
299.6
  0
TEXT
  5
C28
330
BAF
100
AcDbEntity
 67
1
  8
G-CERCEVE
100
AcDbText
 10
829.0
 20
5.0
 30
0.0
 40
2.5
  1
A1
  7
GYM
 72
2
 11
829.0
 21
5.0
 31
0.0
100
AcDbText
 73
2
  0
LWPOLYLINE
  5
C29
330
BAF
100
AcDbEntity
 67
1
  8
G-CERCEVE
370
35
100
AcDbPolyline
 90
4
 70
1
 10
450.5
 20
2.0
 10
550.5
 20
2.0
 10
550.5
 20
6.0
 10
450.5
 20
6.0
  0
LINE
  5
C2A
330
BAF
100
AcDbEntity
 67
1
  8
G-CERCEVE
370
35
100
AcDbLine
 10
450.5
 20
2.0
 30
0.0
 11
450.5
 21
6.0
 31
0.0
  0
LINE
  5
C2B
330
BAF
100
AcDbEntity
 67
1
  8
G-CERCEVE
370
35
100
AcDbLine
 10
460.5
 20
2.0
 30
0.0
 11
460.5
 21
6.0
 31
0.0
  0
LINE
  5
C2C
330
BAF
100
AcDbEntity
 67
1
  8
G-CERCEVE
370
35
100
AcDbLine
 10
470.5
 20
2.0
 30
0.0
 11
470.5
 21
6.0
 31
0.0
  0
LINE
  5
C2D
330
BAF
100
AcDbEntity
 67
1
  8
G-CERCEVE
370
35
100
AcDbLine
 10
480.5
 20
2.0
 30
0.0
 11
480.5
 21
6.0
 31
0.0
  0
LINE
  5
C2E
330
BAF
100
AcDbEntity
 67
1
  8
G-CERCEVE
370
35
100
AcDbLine
 10
490.5
 20
2.0
 30
0.0
 11
490.5
 21
6.0
 31
0.0
  0
LINE
  5
C2F
330
BAF
100
AcDbEntity
 67
1
  8
G-CERCEVE
370
35
100
AcDbLine
 10
500.5
 20
2.0
 30
0.0
 11
500.5
 21
6.0
 31
0.0
  0
LINE
  5
C30
330
BAF
100
AcDbEntity
 67
1
  8
G-CERCEVE
370
35
100
AcDbLine
 10
510.5
 20
2.0
 30
0.0
 11
510.5
 21
6.0
 31
0.0
  0
LINE
  5
C31
330
BAF
100
AcDbEntity
 67
1
  8
G-CERCEVE
370
35
100
AcDbLine
 10
520.5
 20
2.0
 30
0.0
 11
520.5
 21
6.0
 31
0.0
  0
LINE
  5
C32
330
BAF
100
AcDbEntity
 67
1
  8
G-CERCEVE
370
35
100
AcDbLine
 10
530.5
 20
2.0
 30
0.0
 11
530.5
 21
6.0
 31
0.0
  0
LINE
  5
C33
330
BAF
100
AcDbEntity
 67
1
  8
G-CERCEVE
370
35
100
AcDbLine
 10
540.5
 20
2.0
 30
0.0
 11
540.5
 21
6.0
 31
0.0
  0
LINE
  5
C34
330
BAF
100
AcDbEntity
 67
1
  8
G-CERCEVE
370
35
100
AcDbLine
 10
550.5
 20
2.0
 30
0.0
 11
550.5
 21
6.0
 31
0.0
  0
TEXT
  5
C35
330
BAF
100
AcDbEntity
 67
1
  8
G-CERCEVE
100
AcDbText
 10
554.5
 20
4.0
 30
0.0
 40
1.8
  1
100 mm
  7
GYM
 11
554.5
 21
4.0
 31
0.0
100
AcDbText
 73
2
  0
LWPOLYLINE
  5
C36
330
BAF
100
AcDbEntity
 67
1
  8
G-ANTET
370
100
100
AcDbPolyline
 90
4
 70
1
 10
651.0
 20
15.0
 10
831.0
 20
15.0
 10
831.0
 20
107.0
 10
651.0
 20
107.0
  0
LINE
  5
C37
330
BAF
100
AcDbEntity
 67
1
  8
G-ANTET
370
35
100
AcDbLine
 10
651.0
 20
25.0
 30
0.0
 11
831.0
 21
25.0
 31
0.0
  0
LINE
  5
C38
330
BAF
100
AcDbEntity
 67
1
  8
G-ANTET
370
35
100
AcDbLine
 10
651.0
 20
35.0
 30
0.0
 11
831.0
 21
35.0
 31
0.0
  0
LINE
  5
C39
330
BAF
100
AcDbEntity
 67
1
  8
G-ANTET
370
35
100
AcDbLine
 10
651.0
 20
45.0
 30
0.0
 11
831.0
 21
45.0
 31
0.0
  0
LINE
  5
C3A
330
BAF
100
AcDbEntity
 67
1
  8
G-ANTET
370
35
100
AcDbLine
 10
651.0
 20
57.0
 30
0.0
 11
831.0
 21
57.0
 31
0.0
  0
LINE
  5
C3B
330
BAF
100
AcDbEntity
 67
1
  8
G-ANTET
370
35
100
AcDbLine
 10
651.0
 20
69.0
 30
0.0
 11
831.0
 21
69.0
 31
0.0
  0
LINE
  5
C3C
330
BAF
100
AcDbEntity
 67
1
  8
G-ANTET
370
35
100
AcDbLine
 10
651.0
 20
83.0
 30
0.0
 11
831.0
 21
83.0
 31
0.0
  0
LINE
  5
C3D
330
BAF
100
AcDbEntity
 67
1
  8
G-ANTET
370
35
100
AcDbLine
 10
711.0
 20
15.0
 30
0.0
 11
711.0
 21
45.0
 31
0.0
  0
LINE
  5
C3E
330
BAF
100
AcDbEntity
 67
1
  8
G-ANTET
370
35
100
AcDbLine
 10
771.0
 20
15.0
 30
0.0
 11
771.0
 21
45.0
 31
0.0
  0
LINE
  5
C3F
330
BAF
100
AcDbEntity
 67
1
  8
G-ANTET
370
35
100
AcDbLine
 10
769.0
 20
45.0
 30
0.0
 11
769.0
 21
69.0
 31
0.0
  0
TEXT
  5
C40
330
BAF
100
AcDbEntity
 67
1
  8
G-ANTET
100
AcDbText
 10
652.6
 20
103.0
 30
0.0
 40
1.8
  1
İŞVEREN
  7
GYM
 11
652.6
 21
103.0
 31
0.0
100
AcDbText
 73
2
  0
TEXT
  5
C41
330
BAF
100
AcDbEntity
 67
1
  8
G-ANTET
100
AcDbText
 10
652.6
 20
98.0
 30
0.0
 40
2.5
  1
ÖZEL — MALTEPE / İDEALTEPE
  7
GYM
 11
652.6
 21
98.0
 31
0.0
100
AcDbText
 73
2
  0
TEXT
  5
C42
330
BAF
100
AcDbEntity
 67
1
  8
G-ANTET
100
AcDbText
 10
652.6
 20
93.0
 30
0.0
 40
1.8
  1
PROJE
  7
GYM
 11
652.6
 21
93.0
 31
0.0
100
AcDbText
 73
2
  0
TEXT
  5
C43
330
BAF
100
AcDbEntity
 67
1
  8
G-ANTET
100
AcDbText
 10
652.6
 20
87.2
 30
0.0
 40
3.5
  1
MOBİLYA MAĞAZASI → FONKSİYONEL ANTRENMAN STÜDYOSU
  7
GYM
 11
652.6
 21
87.2
 31
0.0
100
AcDbText
 73
2
  0
TEXT
  5
C44
330
BAF
100
AcDbEntity
 67
1
  8
G-ANTET
100
AcDbText
 10
652.6
 20
78.0
 30
0.0
 40
1.8
  1
YAPI / MAHAL
  7
GYM
 11
652.6
 21
78.0
 31
0.0
100
AcDbText
 73
2
  0
TEXT
  5
C45
330
BAF
100
AcDbEntity
 67
1
  8
G-ANTET
100
AcDbText
 10
652.6
 20
72.0
 30
0.0
 40
2.5
  1
İdealtepe Mah. · zemin kat dükkân · 103,78 m² iç alan
  7
GYM
 11
652.6
 21
72.0
 31
0.0
100
AcDbText
 73
2
  0
TEXT
  5
C46
330
BAF
100
AcDbEntity
 67
1
  8
G-ANTET
100
AcDbText
 10
771.4
 20
78.0
 30
0.0
 40
1.8
  1
DİSİPLİN
  7
GYM
 11
771.4
 21
78.0
 31
0.0
100
AcDbText
 73
2
  0
TEXT
  5
C47
330
BAF
100
AcDbEntity
 67
1
  8
G-ANTET
100
AcDbText
 10
771.4
 20
72.0
 30
0.0
 40
2.5
  1
ELEKTRİK
  7
GYM
 11
771.4
 21
72.0
 31
0.0
100
AcDbText
 73
2
  0
LINE
  5
C48
330
BAF
100
AcDbEntity
 67
1
  8
G-ANTET
370
35
100
AcDbLine
 10
769.0
 20
69.0
 30
0.0
 11
769.0
 21
83.0
 31
0.0
  0
TEXT
  5
C49
330
BAF
100
AcDbEntity
 67
1
  8
G-ANTET
100
AcDbText
 10
652.6
 20
65.0
 30
0.0
 40
1.8
  1
PAFTA ADI
  7
GYM
 11
652.6
 21
65.0
 31
0.0
100
AcDbText
 73
2
  0
TEXT
  5
C4A
330
BAF
100
AcDbEntity
 67
1
  8
G-ANTET
100
AcDbText
 10
652.6
 20
59.8
 30
0.0
 40
3.5
  1
TOPRAKLAMA VE POTANSİYEL DENGELEME PLANI
  7
GYM
 11
652.6
 21
59.8
 31
0.0
100
AcDbText
 73
2
  0
TEXT
  5
C4B
330
BAF
100
AcDbEntity
 67
1
  8
G-ANTET
100
AcDbText
 10
771.4
 20
59.8
 30
0.0
 40
1.8
  1
Elektrot grubu · ATB · EPDB
  7
GYM
 11
771.4
 21
59.8
 31
0.0
100
AcDbText
 73
2
  0
TEXT
  5
C4C
330
BAF
100
AcDbEntity
 67
1
  8
G-ANTET
100
AcDbText
 10
652.6
 20
53.0
 30
0.0
 40
1.8
  1
PROJE MÜELLİFİ · ODA SİCİL NO
  7
GYM
 11
652.6
 21
53.0
 31
0.0
100
AcDbText
 73
2
  0
TEXT
  5
C4D
330
BAF
100
AcDbEntity
 67
1
  8
G-ANTET
100
AcDbText
 10
652.6
 20
47.8
 30
0.0
 40
2.5
  1
—   Oda sicil no: —
  7
GYM
 11
652.6
 21
47.8
 31
0.0
100
AcDbText
 73
2
  0
TEXT
  5
C4E
330
BAF
100
AcDbEntity
 67
1
  8
G-ANTET
100
AcDbText
 10
652.6
 20
42.0
 30
0.0
 40
1.8
  1
ÇİZEN
  7
GYM
 11
652.6
 21
42.0
 31
0.0
100
AcDbText
 73
2
  0
TEXT
  5
C4F
330
BAF
100
AcDbEntity
 67
1
  8
G-ANTET
100
AcDbText
 10
652.6
 20
37.6
 30
0.0
 40
2.5
  1
CC
  7
GYM
 11
652.6
 21
37.6
 31
0.0
100
AcDbText
 73
2
  0
TEXT
  5
C50
330
BAF
100
AcDbEntity
 67
1
  8
G-ANTET
100
AcDbText
 10
712.6
 20
42.0
 30
0.0
 40
1.8
  1
KONTROL
  7
GYM
 11
712.6
 21
42.0
 31
0.0
100
AcDbText
 73
2
  0
TEXT
  5
C51
330
BAF
100
AcDbEntity
 67
1
  8
G-ANTET
100
AcDbText
 10
712.6
 20
37.6
 30
0.0
 40
2.5
  1
—
  7
GYM
 11
712.6
 21
37.6
 31
0.0
100
AcDbText
 73
2
  0
TEXT
  5
C52
330
BAF
100
AcDbEntity
 67
1
  8
G-ANTET
100
AcDbText
 10
772.6
 20
42.0
 30
0.0
 40
1.8
  1
ONAY
  7
GYM
 11
772.6
 21
42.0
 31
0.0
100
AcDbText
 73
2
  0
TEXT
  5
C53
330
BAF
100
AcDbEntity
 67
1
  8
G-ANTET
100
AcDbText
 10
772.6
 20
37.6
 30
0.0
 40
2.5
  1
—
  7
GYM
 11
772.6
 21
37.6
 31
0.0
100
AcDbText
 73
2
  0
TEXT
  5
C54
330
BAF
100
AcDbEntity
 67
1
  8
G-ANTET
100
AcDbText
 10
652.6
 20
32.0
 30
0.0
 40
1.8
  1
TARİH
  7
GYM
 11
652.6
 21
32.0
 31
0.0
100
AcDbText
 73
2
  0
TEXT
  5
C55
330
BAF
100
AcDbEntity
 67
1
  8
G-ANTET
100
AcDbText
 10
652.6
 20
27.6
 30
0.0
 40
2.5
  1
17 Eylül 2026
  7
GYM
 11
652.6
 21
27.6
 31
0.0
100
AcDbText
 73
2
  0
TEXT
  5
C56
330
BAF
100
AcDbEntity
 67
1
  8
G-ANTET
100
AcDbText
 10
712.6
 20
32.0
 30
0.0
 40
1.8
  1
ÖLÇEK
  7
GYM
 11
712.6
 21
32.0
 31
0.0
100
AcDbText
 73
2
  0
TEXT
  5
C57
330
BAF
100
AcDbEntity
 67
1
  8
G-ANTET
100
AcDbText
 10
712.6
 20
27.6
 30
0.0
 40
3.5
  1
1:50
  7
GYM
 11
712.6
 21
27.6
 31
0.0
100
AcDbText
 73
2
  0
TEXT
  5
C58
330
BAF
100
AcDbEntity
 67
1
  8
G-ANTET
100
AcDbText
 10
772.6
 20
32.0
 30
0.0
 40
1.8
  1
BİRİM
  7
GYM
 11
772.6
 21
32.0
 31
0.0
100
AcDbText
 73
2
  0
TEXT
  5
C59
330
BAF
100
AcDbEntity
 67
1
  8
G-ANTET
100
AcDbText
 10
772.6
 20
27.6
 30
0.0
 40
2.5
  1
milimetre (mm)
  7
GYM
 11
772.6
 21
27.6
 31
0.0
100
AcDbText
 73
2
  0
TEXT
  5
C5A
330
BAF
100
AcDbEntity
 67
1
  8
G-ANTET
100
AcDbText
 10
652.6
 20
22.0
 30
0.0
 40
1.8
  1
DURUM
  7
GYM
 11
652.6
 21
22.0
 31
0.0
100
AcDbText
 73
2
  0
TEXT
  5
C5B
330
BAF
100
AcDbEntity
 67
1
  8
G-ANTET
100
AcDbText
 10
652.6
 20
17.6
 30
0.0
 40
2.5
  1
ÖN TASARIM
  7
GYM
 11
652.6
 21
17.6
 31
0.0
100
AcDbText
 73
2
  0
TEXT
  5
C5C
330
BAF
100
AcDbEntity
 67
1
  8
G-ANTET
100
AcDbText
 10
712.6
 20
22.0
 30
0.0
 40
1.8
  1
PAFTA NO
  7
GYM
 11
712.6
 21
22.0
 31
0.0
100
AcDbText
 73
2
  0
TEXT
  5
C5D
330
BAF
100
AcDbEntity
 67
1
  8
G-ANTET
100
AcDbText
 10
712.6
 20
17.6
 30
0.0
 40
5.0
  1
E-05
  7
GYM
 11
712.6
 21
17.6
 31
0.0
100
AcDbText
 73
2
  0
TEXT
  5
C5E
330
BAF
100
AcDbEntity
 67
1
  8
G-ANTET
100
AcDbText
 10
772.6
 20
22.0
 30
0.0
 40
1.8
  1
REV
  7
GYM
 11
772.6
 21
22.0
 31
0.0
100
AcDbText
 73
2
  0
TEXT
  5
C5F
330
BAF
100
AcDbEntity
 67
1
  8
G-ANTET
100
AcDbText
 10
772.6
 20
17.6
 30
0.0
 40
5.0
  1
G
  7
GYM
 11
772.6
 21
17.6
 31
0.0
100
AcDbText
 73
2
  0
TEXT
  5
C60
330
BAF
100
AcDbEntity
 67
1
  8
G-ANTET
100
AcDbText
 10
801.0
 20
18.0
 30
0.0
 40
1.8
  1
SONRAKİ: E-06
  7
GYM
 11
801.0
 21
18.0
 31
0.0
100
AcDbText
 73
2
  0
LWPOLYLINE
  5
C61
330
BAF
100
AcDbEntity
 67
1
  8
G-ANTET
370
50
100
AcDbPolyline
 90
4
 70
1
 10
651.0
 20
107.0
 10
831.0
 20
107.0
 10
831.0
 20
143.0
 10
651.0
 20
143.0
  0
LINE
  5
C62
330
BAF
100
AcDbEntity
 67
1
  8
G-ANTET
370
18
100
AcDbLine
 10
651.0
 20
107.0
 30
0.0
 11
831.0
 21
107.0
 31
0.0
  0
LINE
  5
C63
330
BAF
100
AcDbEntity
 67
1
  8
G-ANTET
370
18
100
AcDbLine
 10
651.0
 20
113.0
 30
0.0
 11
831.0
 21
113.0
 31
0.0
  0
LINE
  5
C64
330
BAF
100
AcDbEntity
 67
1
  8
G-ANTET
370
18
100
AcDbLine
 10
651.0
 20
119.0
 30
0.0
 11
831.0
 21
119.0
 31
0.0
  0
LINE
  5
C65
330
BAF
100
AcDbEntity
 67
1
  8
G-ANTET
370
18
100
AcDbLine
 10
651.0
 20
125.0
 30
0.0
 11
831.0
 21
125.0
 31
0.0
  0
LINE
  5
C66
330
BAF
100
AcDbEntity
 67
1
  8
G-ANTET
370
18
100
AcDbLine
 10
651.0
 20
131.0
 30
0.0
 11
831.0
 21
131.0
 31
0.0
  0
LINE
  5
C67
330
BAF
100
AcDbEntity
 67
1
  8
G-ANTET
370
18
100
AcDbLine
 10
651.0
 20
137.0
 30
0.0
 11
831.0
 21
137.0
 31
0.0
  0
LINE
  5
C68
330
BAF
100
AcDbEntity
 67
1
  8
G-ANTET
370
18
100
AcDbLine
 10
663.0
 20
107.0
 30
0.0
 11
663.0
 21
143.0
 31
0.0
  0
LINE
  5
C69
330
BAF
100
AcDbEntity
 67
1
  8
G-ANTET
370
18
100
AcDbLine
 10
687.0
 20
107.0
 30
0.0
 11
687.0
 21
143.0
 31
0.0
  0
LINE
  5
C6A
330
BAF
100
AcDbEntity
 67
1
  8
G-ANTET
370
18
100
AcDbLine
 10
777.0
 20
107.0
 30
0.0
 11
777.0
 21
143.0
 31
0.0
  0
LINE
  5
C6B
330
BAF
100
AcDbEntity
 67
1
  8
G-ANTET
370
18
100
AcDbLine
 10
795.0
 20
107.0
 30
0.0
 11
795.0
 21
143.0
 31
0.0
  0
LINE
  5
C6C
330
BAF
100
AcDbEntity
 67
1
  8
G-ANTET
370
18
100
AcDbLine
 10
813.0
 20
107.0
 30
0.0
 11
813.0
 21
143.0
 31
0.0
  0
TEXT
  5
C6D
330
BAF
100
AcDbEntity
 67
1
  8
G-ANTET
100
AcDbText
 10
652.2
 20
140.0
 30
0.0
 40
1.8
  1
REV
  7
GYM
 11
652.2
 21
140.0
 31
0.0
100
AcDbText
 73
2
  0
TEXT
  5
C6E
330
BAF
100
AcDbEntity
 67
1
  8
G-ANTET
100
AcDbText
 10
664.2
 20
140.0
 30
0.0
 40
1.8
  1
TARİH
  7
GYM
 11
664.2
 21
140.0
 31
0.0
100
AcDbText
 73
2
  0
TEXT
  5
C6F
330
BAF
100
AcDbEntity
 67
1
  8
G-ANTET
100
AcDbText
 10
688.2
 20
140.0
 30
0.0
 40
1.8
  1
AÇIKLAMA
  7
GYM
 11
688.2
 21
140.0
 31
0.0
100
AcDbText
 73
2
  0
TEXT
  5
C70
330
BAF
100
AcDbEntity
 67
1
  8
G-ANTET
100
AcDbText
 10
778.2
 20
140.0
 30
0.0
 40
1.8
  1
ÇZ
  7
GYM
 11
778.2
 21
140.0
 31
0.0
100
AcDbText
 73
2
  0
TEXT
  5
C71
330
BAF
100
AcDbEntity
 67
1
  8
G-ANTET
100
AcDbText
 10
796.2
 20
140.0
 30
0.0
 40
1.8
  1
KT
  7
GYM
 11
796.2
 21
140.0
 31
0.0
100
AcDbText
 73
2
  0
TEXT
  5
C72
330
BAF
100
AcDbEntity
 67
1
  8
G-ANTET
100
AcDbText
 10
814.2
 20
140.0
 30
0.0
 40
1.8
  1
ON
  7
GYM
 11
814.2
 21
140.0
 31
0.0
100
AcDbText
 73
2
  0
TEXT
  5
C73
330
BAF
100
AcDbEntity
 67
1
  8
G-ANTET
100
AcDbText
 10
652.2
 20
134.0
 30
0.0
 40
1.8
  1
A
  7
GYM
 11
652.2
 21
134.0
 31
0.0
100
AcDbText
 73
2
  0
TEXT
  5
C74
330
BAF
100
AcDbEntity
 67
1
  8
G-ANTET
100
AcDbText
 10
664.2
 20
134.0
 30
0.0
 40
1.8
  1
17.09.2026
  7
GYM
 11
664.2
 21
134.0
 31
0.0
100
AcDbText
 73
2
  0
TEXT
  5
C75
330
BAF
100
AcDbEntity
 67
1
  8
G-ANTET
100
AcDbText
 10
688.2
 20
134.0
 30
0.0
 40
1.8
  1
İlk yayın — ön tasarım
  7
GYM
 11
688.2
 21
134.0
 31
0.0
100
AcDbText
 73
2
  0
TEXT
  5
C76
330
BAF
100
AcDbEntity
 67
1
  8
G-ANTET
100
AcDbText
 10
778.2
 20
134.0
 30
0.0
 40
1.8
  1
CC
  7
GYM
 11
778.2
 21
134.0
 31
0.0
100
AcDbText
 73
2
  0
TEXT
  5
C77
330
BAF
100
AcDbEntity
 67
1
  8
G-ANTET
100
AcDbText
 10
796.2
 20
134.0
 30
0.0
 40
1.8
  1
—
  7
GYM
 11
796.2
 21
134.0
 31
0.0
100
AcDbText
 73
2
  0
TEXT
  5
C78
330
BAF
100
AcDbEntity
 67
1
  8
G-ANTET
100
AcDbText
 10
814.2
 20
134.0
 30
0.0
 40
1.8
  1
—
  7
GYM
 11
814.2
 21
134.0
 31
0.0
100
AcDbText
 73
2
  0
TEXT
  5
C79
330
BAF
100
AcDbEntity
 67
1
  8
G-ANTET
100
AcDbText
 10
652.2
 20
128.0
 30
0.0
 40
1.8
  1
B
  7
GYM
 11
652.2
 21
128.0
 31
0.0
100
AcDbText
 73
2
  0
TEXT
  5
C7A
330
BAF
100
AcDbEntity
 67
1
  8
G-ANTET
100
AcDbText
 10
664.2
 20
128.0
 30
0.0
 40
1.8
  1
18.09.2026
  7
GYM
 11
664.2
 21
128.0
 31
0.0
100
AcDbText
 73
2
  0
TEXT
  5
C7B
330
BAF
100
AcDbEntity
 67
1
  8
G-ANTET
100
AcDbText
 10
688.2
 20
128.0
 30
0.0
 40
1.8
  1
Aks sistemi, zincir ölçü, ISO 5457/7200 pafta
  7
GYM
 11
688.2
 21
128.0
 31
0.0
100
AcDbText
 73
2
  0
TEXT
  5
C7C
330
BAF
100
AcDbEntity
 67
1
  8
G-ANTET
100
AcDbText
 10
778.2
 20
128.0
 30
0.0
 40
1.8
  1
CC
  7
GYM
 11
778.2
 21
128.0
 31
0.0
100
AcDbText
 73
2
  0
TEXT
  5
C7D
330
BAF
100
AcDbEntity
 67
1
  8
G-ANTET
100
AcDbText
 10
796.2
 20
128.0
 30
0.0
 40
1.8
  1
—
  7
GYM
 11
796.2
 21
128.0
 31
0.0
100
AcDbText
 73
2
  0
TEXT
  5
C7E
330
BAF
100
AcDbEntity
 67
1
  8
G-ANTET
100
AcDbText
 10
814.2
 20
128.0
 30
0.0
 40
1.8
  1
—
  7
GYM
 11
814.2
 21
128.0
 31
0.0
100
AcDbText
 73
2
  0
TEXT
  5
C7F
330
BAF
100
AcDbEntity
 67
1
  8
G-ANTET
100
AcDbText
 10
652.2
 20
122.0
 30
0.0
 40
1.8
  1
C
  7
GYM
 11
652.2
 21
122.0
 31
0.0
100
AcDbText
 73
2
  0
TEXT
  5
C80
330
BAF
100
AcDbEntity
 67
1
  8
G-ANTET
100
AcDbText
 10
664.2
 20
122.0
 30
0.0
 40
1.8
  1
18.09.2026
  7
GYM
 11
664.2
 21
122.0
 31
0.0
100
AcDbText
 73
2
  0
TEXT
  5
C81
330
BAF
100
AcDbEntity
 67
1
  8
G-ANTET
100
AcDbText
 10
688.2
 20
122.0
 30
0.0
 40
1.8
  1
A1 pafta, tekil DXF, ADP tek hat şeması CAD'de
  7
GYM
 11
688.2
 21
122.0
 31
0.0
100
AcDbText
 73
2
  0
TEXT
  5
C82
330
BAF
100
AcDbEntity
 67
1
  8
G-ANTET
100
AcDbText
 10
778.2
 20
122.0
 30
0.0
 40
1.8
  1
CC
  7
GYM
 11
778.2
 21
122.0
 31
0.0
100
AcDbText
 73
2
  0
TEXT
  5
C83
330
BAF
100
AcDbEntity
 67
1
  8
G-ANTET
100
AcDbText
 10
796.2
 20
122.0
 30
0.0
 40
1.8
  1
—
  7
GYM
 11
796.2
 21
122.0
 31
0.0
100
AcDbText
 73
2
  0
TEXT
  5
C84
330
BAF
100
AcDbEntity
 67
1
  8
G-ANTET
100
AcDbText
 10
814.2
 20
122.0
 30
0.0
 40
1.8
  1
—
  7
GYM
 11
814.2
 21
122.0
 31
0.0
100
AcDbText
 73
2
  0
VIEWPORT
  5
C85
330
BAF
100
AcDbEntity
 67
1
  8
G-VIEWPORT
100
AcDbViewport
 10
337.0
 20
297.0
 30
0.0
 40
616.0
 41
556.0
 68
1
 69
3
 12
5781.402523373163
 22
6494.971236472614
 13
0.0
 23
0.0
 14
10.0
 24
10.0
 15
10.0
 25
10.0
 16
0.0
 26
0.0
 36
1.0
 17
0.0
 27
0.0
 37
0.0
 42
50.0
 43
0.0
 44
0.0
 45
27800.0
 50
0.0
 51
0.0
 72
100
331
9D
331
9E
331
9F
331
A0
331
A1
331
A2
331
A3
331
A4
331
A5
331
A6
331
A7
331
A8
331
A9
331
AA
331
AB
331
AC
331
AD
331
AE
331
AF
331
B0
331
B1
331
B2
331
B3
331
B4
331
B5
331
B6
331
B7
331
B8
331
B9
331
BA
331
BB
331
BC
 90
0
  1

281
0
 71
0
 74
0
110
0.0
120
0.0
130
0.0
111
1.0
121
0.0
131
0.0
112
0.0
122
1.0
132
0.0
 79
0
146
0.0
282
0
  0
LWPOLYLINE
  5
C86
330
BAF
100
AcDbEntity
 67
1
  8
G-CERCEVE
370
18
100
AcDbPolyline
 90
4
 70
1
 10
29.0
 20
19.0
 10
645.0
 20
19.0
 10
645.0
 20
575.0
 10
29.0
 20
575.0
  0
CIRCLE
  5
C87
330
BAF
100
AcDbEntity
 67
1
  8
G-ANTET
370
35
100
AcDbCircle
 10
628.0
 20
558.0
 30
0.0
 40
9.0
  0
LWPOLYLINE
  5
C88
330
BAF
100
AcDbEntity
 67
1
  8
G-ANTET
370
50
100
AcDbPolyline
 90
4
 70
1
 10
628.0
 20
565.74
 10
624.94
 20
553.32
 10
628.0
 20
556.38
 10
631.06
 20
553.32
  0
HATCH
  5
C89
330
BAF
100
AcDbEntity
 67
1
  8
G-ANTET
 62
7
100
AcDbHatch
 10
0.0
 20
0.0
 30
0.0
210
0.0
220
0.0
230
1.0
  2
SOLID
 70
1
 71
0
 91
1
 92
3
 72
0
 73
1
 93
3
 10
628.0
 20
565.74
 10
624.94
 20
553.32
 10
628.0
 20
556.38
 97
0
 75
0
 76
1
 98
0
  0
TEXT
  5
C8A
330
BAF
100
AcDbEntity
 67
1
  8
G-ANTET
100
AcDbText
 10
628.0
 20
545.0
 30
0.0
 40
3.5
  1
K
  7
GYM
 72
1
 11
628.0
 21
545.0
 31
0.0
100
AcDbText
 73
2
  0
HATCH
  5
C8B
330
BAF
100
AcDbEntity
 67
1
  8
G-ANTET
 62
7
100
AcDbHatch
 10
0.0
 20
0.0
 30
0.0
210
0.0
220
0.0
230
1.0
  2
SOLID
 70
1
 71
0
 91
1
 92
3
 72
0
 73
1
 93
4
 10
37.0
 20
27.0
 10
57.0
 20
27.0
 10
57.0
 20
29.2
 10
37.0
 20
29.2
 97
0
 75
0
 76
1
 98
0
  0
LWPOLYLINE
  5
C8C
330
BAF
100
AcDbEntity
 67
1
  8
G-ANTET
370
18
100
AcDbPolyline
 90
4
 70
1
 10
37.0
 20
27.0
 10
57.0
 20
27.0
 10
57.0
 20
29.2
 10
37.0
 20
29.2
  0
HATCH
  5
C8D
330
BAF
100
AcDbEntity
 67
1
  8
G-ANTET
 62
0
100
AcDbHatch
 10
0.0
 20
0.0
 30
0.0
210
0.0
220
0.0
230
1.0
  2
SOLID
 70
1
 71
0
 91
1
 92
3
 72
0
 73
1
 93
4
 10
57.0
 20
27.0
 10
77.0
 20
27.0
 10
77.0
 20
29.2
 10
57.0
 20
29.2
 97
0
 75
0
 76
1
 98
0
  0
LWPOLYLINE
  5
C8E
330
BAF
100
AcDbEntity
 67
1
  8
G-ANTET
370
18
100
AcDbPolyline
 90
4
 70
1
 10
57.0
 20
27.0
 10
77.0
 20
27.0
 10
77.0
 20
29.2
 10
57.0
 20
29.2
  0
HATCH
  5
C8F
330
BAF
100
AcDbEntity
 67
1
  8
G-ANTET
 62
7
100
AcDbHatch
 10
0.0
 20
0.0
 30
0.0
210
0.0
220
0.0
230
1.0
  2
SOLID
 70
1
 71
0
 91
1
 92
3
 72
0
 73
1
 93
4
 10
77.0
 20
27.0
 10
97.0
 20
27.0
 10
97.0
 20
29.2
 10
77.0
 20
29.2
 97
0
 75
0
 76
1
 98
0
  0
LWPOLYLINE
  5
C90
330
BAF
100
AcDbEntity
 67
1
  8
G-ANTET
370
18
100
AcDbPolyline
 90
4
 70
1
 10
77.0
 20
27.0
 10
97.0
 20
27.0
 10
97.0
 20
29.2
 10
77.0
 20
29.2
  0
HATCH
  5
C91
330
BAF
100
AcDbEntity
 67
1
  8
G-ANTET
 62
0
100
AcDbHatch
 10
0.0
 20
0.0
 30
0.0
210
0.0
220
0.0
230
1.0
  2
SOLID
 70
1
 71
0
 91
1
 92
3
 72
0
 73
1
 93
4
 10
97.0
 20
27.0
 10
117.0
 20
27.0
 10
117.0
 20
29.2
 10
97.0
 20
29.2
 97
0
 75
0
 76
1
 98
0
  0
LWPOLYLINE
  5
C92
330
BAF
100
AcDbEntity
 67
1
  8
G-ANTET
370
18
100
AcDbPolyline
 90
4
 70
1
 10
97.0
 20
27.0
 10
117.0
 20
27.0
 10
117.0
 20
29.2
 10
97.0
 20
29.2
  0
HATCH
  5
C93
330
BAF
100
AcDbEntity
 67
1
  8
G-ANTET
 62
7
100
AcDbHatch
 10
0.0
 20
0.0
 30
0.0
210
0.0
220
0.0
230
1.0
  2
SOLID
 70
1
 71
0
 91
1
 92
3
 72
0
 73
1
 93
4
 10
117.0
 20
27.0
 10
137.0
 20
27.0
 10
137.0
 20
29.2
 10
117.0
 20
29.2
 97
0
 75
0
 76
1
 98
0
  0
LWPOLYLINE
  5
C94
330
BAF
100
AcDbEntity
 67
1
  8
G-ANTET
370
18
100
AcDbPolyline
 90
4
 70
1
 10
117.0
 20
27.0
 10
137.0
 20
27.0
 10
137.0
 20
29.2
 10
117.0
 20
29.2
  0
TEXT
  5
C95
330
BAF
100
AcDbEntity
 67
1
  8
G-ANTET
100
AcDbText
 10
37.0
 20
23.8
 30
0.0
 40
1.8
  1
0
  7
GYM
 72
1
 11
37.0
 21
23.8
 31
0.0
100
AcDbText
 73
2
  0
TEXT
  5
C96
330
BAF
100
AcDbEntity
 67
1
  8
G-ANTET
100
AcDbText
 10
57.0
 20
23.8
 30
0.0
 40
1.8
  1
1
  7
GYM
 72
1
 11
57.0
 21
23.8
 31
0.0
100
AcDbText
 73
2
  0
TEXT
  5
C97
330
BAF
100
AcDbEntity
 67
1
  8
G-ANTET
100
AcDbText
 10
77.0
 20
23.8
 30
0.0
 40
1.8
  1
2
  7
GYM
 72
1
 11
77.0
 21
23.8
 31
0.0
100
AcDbText
 73
2
  0
TEXT
  5
C98
330
BAF
100
AcDbEntity
 67
1
  8
G-ANTET
100
AcDbText
 10
97.0
 20
23.8
 30
0.0
 40
1.8
  1
3
  7
GYM
 72
1
 11
97.0
 21
23.8
 31
0.0
100
AcDbText
 73
2
  0
TEXT
  5
C99
330
BAF
100
AcDbEntity
 67
1
  8
G-ANTET
100
AcDbText
 10
117.0
 20
23.8
 30
0.0
 40
1.8
  1
4
  7
GYM
 72
1
 11
117.0
 21
23.8
 31
0.0
100
AcDbText
 73
2
  0
TEXT
  5
C9A
330
BAF
100
AcDbEntity
 67
1
  8
G-ANTET
100
AcDbText
 10
137.0
 20
23.8
 30
0.0
 40
1.8
  1
5
  7
GYM
 72
1
 11
137.0
 21
23.8
 31
0.0
100
AcDbText
 73
2
  0
TEXT
  5
C9B
330
BAF
100
AcDbEntity
 67
1
  8
G-ANTET
100
AcDbText
 10
140.0
 20
28.1
 30
0.0
 40
1.8
  1
m
  7
GYM
 11
140.0
 21
28.1
 31
0.0
100
AcDbText
 73
2
  0
TEXT
  5
C9C
330
BAF
100
AcDbEntity
 67
1
  8
G-ANTET
100
AcDbText
 10
37.0
 20
31.0
 30
0.0
 40
1.8
  1
ÖLÇEK 1:50
  7
GYM
 11
37.0
 21
31.0
 31
0.0
100
AcDbText
 73
2
  0
LWPOLYLINE
  5
C9D
330
BAF
100
AcDbEntity
 67
1
  8
G-ANTET
 62
1
370
50
100
AcDbPolyline
 90
4
 70
1
 10
573.0
 20
27.0
 10
643.0
 20
27.0
 10
643.0
 20
36.0
 10
573.0
 20
36.0
  0
TEXT
  5
C9E
330
BAF
100
AcDbEntity
 67
1
  8
G-ANTET
 62
1
100
AcDbText
 10
608.0
 20
31.5
 30
0.0
 40
1.8
  1
ÖN TASARIM — UYGULAMA İÇİN DEĞİLDİR
  7
GYM
 72
1
 11
608.0
 21
31.5
 31
0.0
100
AcDbText
 73
2
  0
TEXT
  5
C9F
330
BAF
100
AcDbEntity
 67
1
  8
G-YAZI
100
AcDbText
 10
31.0
 20
577.2
 30
0.0
 40
1.8
  1
ÖLÇÜ ALINMAZ — YAZILI ÖLÇÜLER GEÇERLİDİR
  7
GYM
 11
31.0
 21
577.2
 31
0.0
100
AcDbText
 73
2
  0
TEXT
  5
CA0
330
BAF
100
AcDbEntity
 67
1
  8
G-YAZI
100
AcDbText
 10
651.0
 20
573.0
 30
0.0
 40
3.5
  1
ANAHTAR PLAN
  7
GYM
 11
651.0
 21
573.0
 31
0.0
100
AcDbText
 73
2
  0
LINE
  5
CA1
330
BAF
100
AcDbEntity
 67
1
  8
G-YAZI
370
35
100
AcDbLine
 10
651.0
 20
570.6
 30
0.0
 11
831.0
 21
570.6
 31
0.0
  0
LWPOLYLINE
  5
CA2
330
BAF
100
AcDbEntity
 67
1
  8
G-ANTET
370
35
100
AcDbPolyline
 90
4
 70
1
 10
651.0
 20
518.0
 10
831.0
 20
518.0
 10
831.0
 20
566.0
 10
651.0
 20
566.0
  0
LWPOLYLINE
  5
CA3
330
BAF
100
AcDbEntity
 67
1
  8
G-ANTET
370
35
100
AcDbPolyline
 90
28
 70
1
 10
757.1062355658198
 20
537.270207852194
 10
758.8029253271748
 20
525.3995381062356
 10
755.3941493456505
 20
525.2209391839876
 10
755.2217090069284
 20
526.7482678983833
 10
754.3471901462664
 20
526.7174749807544
 10
754.4518860662048
 20
525.1347190146266
 10
752.5349479953162
 20
523.6045316071629
 10
752.545804464973
 20
523.5334872979215
 10
750.676674364896
 20
522.0
 10
733.1770592763664
 20
522.0
 10
729.2232486528098
 20
526.788298691301
 10
728.5304080061586
 20
525.3102386451117
 10
724.9799846035412
 20
525.8398768283295
 10
723.1970746728252
 20
543.0623556581986
 10
726.6951501154734
 20
543.342571208622
 10
725.8237105465743
 20
547.7798306389531
 10
742.8799076212471
 20
549.6058506543495
 10
741.1801385681293
 20
560.4880677444188
 10
753.6358737490377
 20
562.0
 10
755.5019245573518
 20
549.008468052348
 10
748.7983063895304
 20
548.0569668976135
 10
749.3267740458115
 20
544.5986953983345
 10
748.8444957659738
 20
548.0015396458814
 10
755.4464973056197
 20
548.9530408006159
 10
757.0569668976135
 20
537.6428021555042
 10
750.53138234719
 20
536.7157861853696
 10
750.5883503174795
 20
536.3429900346829
 10
757.1062355658198
 20
537.270207852194
  0
LWPOLYLINE
  5
CA4
330
BAF
100
AcDbEntity
 67
1
  8
G-ANTET
370
13
100
AcDbPolyline
 90
5
 70
1
 10
755.4464973056197
 20
548.9530408006159
 10
748.8444957659738
 20
548.0015396458814
 10
750.445727482679
 20
536.7036181678214
 10
757.0569668976135
 20
537.6428021555042
 10
755.4464973056197
 20
548.9530408006159
  0
LWPOLYLINE
  5
CA5
330
BAF
100
AcDbEntity
 67
1
  8
G-ANTET
370
13
100
AcDbPolyline
 90
9
 70
1
 10
757.1062355658198
 20
537.270207852194
 10
750.504234026174
 20
536.3310238645112
 10
752.3456505003849
 20
523.4534257120862
 10
754.4518860662048
 20
525.1347190146266
 10
754.3471901462664
 20
526.7174749807544
 10
755.2217090069284
 20
526.7482678983833
 10
755.3941493456505
 20
525.2209391839876
 10
758.8029253271748
 20
525.3995381062356
 10
757.1062355658198
 20
537.270207852194
  0
TEXT
  5
CA6
330
BAF
100
AcDbEntity
 67
1
  8
G-YAZI
100
AcDbText
 10
651.0
 20
514.0
 30
0.0
 40
3.5
  1
LEJANT
  7
GYM
 11
651.0
 21
514.0
 31
0.0
100
AcDbText
 73
2
  0
LINE
  5
CA7
330
BAF
100
AcDbEntity
 67
1
  8
G-YAZI
370
35
100
AcDbLine
 10
651.0
 20
511.6
 30
0.0
 11
831.0
 21
511.6
 31
0.0
  0
LINE
  5
CA8
330
BAF
100
AcDbEntity
 67
1
  8
G-ANTET
  6
Continuous
 62
8
370
35
100
AcDbLine
 10
651.0
 20
507.0
 30
0.0
 11
663.0
 21
507.0
 31
0.0
  0
TEXT
  5
CA9
330
BAF
100
AcDbEntity
 67
1
  8
G-YAZI
100
AcDbText
 10
666.0
 20
507.0
 30
0.0
 40
1.8
  1
Mimari — mevcut duvar (korunuyor)
  7
GYM
 11
666.0
 21
507.0
 31
0.0
100
AcDbText
 73
2
  0
LINE
  5
CAA
330
BAF
100
AcDbEntity
 67
1
  8
G-ANTET
  6
Continuous
 62
1
370
35
100
AcDbLine
 10
651.0
 20
502.4
 30
0.0
 11
663.0
 21
502.4
 31
0.0
  0
TEXT
  5
CAB
330
BAF
100
AcDbEntity
 67
1
  8
G-YAZI
100
AcDbText
 10
666.0
 20
502.4
 30
0.0
 40
1.8
  1
Mimari — yeni alçıpan bölme
  7
GYM
 11
666.0
 21
502.4
 31
0.0
100
AcDbText
 73
2
  0
LINE
  5
CAC
330
BAF
100
AcDbEntity
 67
1
  8
G-ANTET
  6
Continuous
 62
5
370
25
100
AcDbLine
 10
651.0
 20
497.79999999999995
 30
0.0
 11
663.0
 21
497.79999999999995
 31
0.0
  0
TEXT
  5
CAD
330
BAF
100
AcDbEntity
 67
1
  8
G-YAZI
100
AcDbText
 10
666.0
 20
497.79999999999995
 30
0.0
 40
1.8
  1
Mimari — cephe doğraması
  7
GYM
 11
666.0
 21
497.79999999999995
 31
0.0
100
AcDbText
 73
2
  0
LINE
  5
CAE
330
BAF
100
AcDbEntity
 67
1
  8
G-ANTET
  6
Continuous
 62
8
370
18
100
AcDbLine
 10
651.0
 20
493.19999999999993
 30
0.0
 11
663.0
 21
493.19999999999993
 31
0.0
  0
TEXT
  5
CAF
330
BAF
100
AcDbEntity
 67
1
  8
G-YAZI
100
AcDbText
 10
666.0
 20
493.19999999999993
 30
0.0
 40
1.8
  1
Mimari — kapı ve açılım
  7
GYM
 11
666.0
 21
493.19999999999993
 31
0.0
100
AcDbText
 73
2
  0
LINE
  5
CB0
330
BAF
100
AcDbEntity
 67
1
  8
G-ANTET
  6
Continuous
 62
9
370
18
100
AcDbLine
 10
651.0
 20
488.5999999999999
 30
0.0
 11
663.0
 21
488.5999999999999
 31
0.0
  0
TEXT
  5
CB1
330
BAF
100
AcDbEntity
 67
1
  8
G-YAZI
100
AcDbText
 10
666.0
 20
488.5999999999999
 30
0.0
 40
1.8
  1
Mimari — spor ekipmanı (işverence temin)
  7
GYM
 11
666.0
 21
488.5999999999999
 31
0.0
100
AcDbText
 73
2
  0
LINE
  5
CB2
330
BAF
100
AcDbEntity
 67
1
  8
G-ANTET
  6
Continuous
 62
9
370
18
100
AcDbLine
 10
651.0
 20
483.9999999999999
 30
0.0
 11
663.0
 21
483.9999999999999
 31
0.0
  0
TEXT
  5
CB3
330
BAF
100
AcDbEntity
 67
1
  8
G-YAZI
100
AcDbText
 10
666.0
 20
483.9999999999999
 30
0.0
 40
1.8
  1
Mimari — sabit mobilya
  7
GYM
 11
666.0
 21
483.9999999999999
 31
0.0
100
AcDbText
 73
2
  0
LINE
  5
CB4
330
BAF
100
AcDbEntity
 67
1
  8
G-ANTET
  6
Continuous
 62
7
370
13
100
AcDbLine
 10
651.0
 20
479.39999999999986
 30
0.0
 11
663.0
 21
479.39999999999986
 31
0.0
  0
TEXT
  5
CB5
330
BAF
100
AcDbEntity
 67
1
  8
G-YAZI
100
AcDbText
 10
666.0
 20
479.39999999999986
 30
0.0
 40
1.8
  1
Mimari — mahal adı ve alan
  7
GYM
 11
666.0
 21
479.39999999999986
 31
0.0
100
AcDbText
 73
2
  0
LINE
  5
CB6
330
BAF
100
AcDbEntity
 67
1
  8
G-ANTET
  6
Continuous
 62
250
370
18
100
AcDbLine
 10
651.0
 20
474.79999999999984
 30
0.0
 11
663.0
 21
474.79999999999984
 31
0.0
  0
TEXT
  5
CB7
330
BAF
100
AcDbEntity
 67
1
  8
G-YAZI
100
AcDbText
 10
666.0
 20
474.79999999999984
 30
0.0
 40
1.8
  1
Mimari — mahal numarası ve kapı kodu balonu
  7
GYM
 11
666.0
 21
474.79999999999984
 31
0.0
100
AcDbText
 73
2
  0
LINE
  5
CB8
330
BAF
100
AcDbEntity
 67
1
  8
G-ANTET
  6
DASHDOT
 62
1
370
35
100
AcDbLine
 10
651.0
 20
470.1999999999998
 30
0.0
 11
663.0
 21
470.1999999999998
 31
0.0
  0
TEXT
  5
CB9
330
BAF
100
AcDbEntity
 67
1
  8
G-YAZI
100
AcDbText
 10
666.0
 20
470.1999999999998
 30
0.0
 40
1.8
  1
Mimari — kesit ve görünüş hattı
  7
GYM
 11
666.0
 21
470.1999999999998
 31
0.0
100
AcDbText
 73
2
  0
LINE
  5
CBA
330
BAF
100
AcDbEntity
 67
1
  8
G-ANTET
  6
Continuous
 62
30
370
25
100
AcDbLine
 10
651.0
 20
465.5999999999998
 30
0.0
 11
663.0
 21
465.5999999999998
 31
0.0
  0
TEXT
  5
CBB
330
BAF
100
AcDbEntity
 67
1
  8
G-YAZI
100
AcDbText
 10
666.0
 20
465.5999999999998
 30
0.0
 40
1.8
  1
Mimari — zemin kaplama tipi sınırı
  7
GYM
 11
666.0
 21
465.5999999999998
 31
0.0
100
AcDbText
 73
2
  0
LINE
  5
CBC
330
BAF
100
AcDbEntity
 67
1
  8
G-ANTET
  6
Continuous
 62
30
370
13
100
AcDbLine
 10
651.0
 20
460.9999999999998
 30
0.0
 11
663.0
 21
460.9999999999998
 31
0.0
  0
TEXT
  5
CBD
330
BAF
100
AcDbEntity
 67
1
  8
G-YAZI
100
AcDbText
 10
666.0
 20
460.9999999999998
 30
0.0
 40
1.8
  1
Mimari — zemin kaplama tipi ve kotu
  7
GYM
 11
666.0
 21
460.9999999999998
 31
0.0
100
AcDbText
 73
2
  0
LINE
  5
CBE
330
BAF
100
AcDbEntity
 67
1
  8
G-ANTET
  6
Continuous
 62
253
370
13
100
AcDbLine
 10
651.0
 20
456.39999999999975
 30
0.0
 11
663.0
 21
456.39999999999975
 31
0.0
  0
TEXT
  5
CBF
330
BAF
100
AcDbEntity
 67
1
  8
G-YAZI
100
AcDbText
 10
666.0
 20
456.39999999999975
 30
0.0
 40
1.8
  1
Mimari — kauçuk karo derz ızgarası
  7
GYM
 11
666.0
 21
456.39999999999975
 31
0.0
100
AcDbText
 73
2
  0
LINE
  5
CC0
330
BAF
100
AcDbEntity
 67
1
  8
G-ANTET
  6
Continuous
 62
150
370
25
100
AcDbLine
 10
651.0
 20
451.7999999999997
 30
0.0
 11
663.0
 21
451.7999999999997
 31
0.0
  0
TEXT
  5
CC1
330
BAF
100
AcDbEntity
 67
1
  8
G-YAZI
100
AcDbText
 10
666.0
 20
451.7999999999997
 30
0.0
 40
1.8
  1
Mimari — asma tavan tipi sınırı
  7
GYM
 11
666.0
 21
451.7999999999997
 31
0.0
100
AcDbText
 73
2
  0
LINE
  5
CC2
330
BAF
100
AcDbEntity
 67
1
  8
G-ANTET
  6
Continuous
 62
150
370
13
100
AcDbLine
 10
651.0
 20
447.1999999999997
 30
0.0
 11
663.0
 21
447.1999999999997
 31
0.0
  0
TEXT
  5
CC3
330
BAF
100
AcDbEntity
 67
1
  8
G-YAZI
100
AcDbText
 10
666.0
 20
447.1999999999997
 30
0.0
 40
1.8
  1
Mimari — asma tavan tipi ve kotu
  7
GYM
 11
666.0
 21
447.1999999999997
 31
0.0
100
AcDbText
 73
2
  0
LINE
  5
CC4
330
BAF
100
AcDbEntity
 67
1
  8
G-ANTET
  6
Continuous
 62
150
370
18
100
AcDbLine
 10
651.0
 20
442.5999999999997
 30
0.0
 11
663.0
 21
442.5999999999997
 31
0.0
  0
TEXT
  5
CC5
330
BAF
100
AcDbEntity
 67
1
  8
G-YAZI
100
AcDbText
 10
666.0
 20
442.5999999999997
 30
0.0
 40
1.8
  1
Mimari — revizyon kapağı 300×300
  7
GYM
 11
666.0
 21
442.5999999999997
 31
0.0
100
AcDbText
 73
2
  0
LINE
  5
CC6
330
BAF
100
AcDbEntity
 67
1
  8
G-ANTET
  6
Continuous
 62
3
370
50
100
AcDbLine
 10
651.0
 20
437.99999999999966
 30
0.0
 11
663.0
 21
437.99999999999966
 31
0.0
  0
TEXT
  5
CC7
330
BAF
100
AcDbEntity
 67
1
  8
G-YAZI
100
AcDbText
 10
666.0
 20
437.99999999999966
 30
0.0
 40
1.8
  1
Mimari — kaçış yolu ve çıkış
  7
GYM
 11
666.0
 21
437.99999999999966
 31
0.0
100
AcDbText
 73
2
  0
LINE
  5
CC8
330
BAF
100
AcDbEntity
 67
1
  8
G-ANTET
  6
Continuous
 62
1
370
35
100
AcDbLine
 10
651.0
 20
433.39999999999964
 30
0.0
 11
663.0
 21
433.39999999999964
 31
0.0
  0
TEXT
  5
CC9
330
BAF
100
AcDbEntity
 67
1
  8
G-YAZI
100
AcDbText
 10
666.0
 20
433.39999999999964
 30
0.0
 40
1.8
  1
Mimari — söndürücü, dolap, ihbar
  7
GYM
 11
666.0
 21
433.39999999999964
 31
0.0
100
AcDbText
 73
2
  0
LINE
  5
CCA
330
BAF
100
AcDbEntity
 67
1
  8
G-ANTET
  6
Continuous
 62
3
370
50
100
AcDbLine
 10
651.0
 20
428.7999999999996
 30
0.0
 11
663.0
 21
428.7999999999996
 31
0.0
  0
TEXT
  5
CCB
330
BAF
100
AcDbEntity
 67
1
  8
G-YAZI
100
AcDbText
 10
666.0
 20
428.7999999999996
 30
0.0
 40
1.8
  1
Elektrik — çubuk elektrot
  7
GYM
 11
666.0
 21
428.7999999999996
 31
0.0
100
AcDbText
 73
2
  0
LINE
  5
CCC
330
BAF
100
AcDbEntity
 67
1
  8
G-ANTET
  6
Continuous
 62
3
370
50
100
AcDbLine
 10
651.0
 20
424.1999999999996
 30
0.0
 11
663.0
 21
424.1999999999996
 31
0.0
  0
TEXT
  5
CCD
330
BAF
100
AcDbEntity
 67
1
  8
G-YAZI
100
AcDbText
 10
666.0
 20
424.1999999999996
 30
0.0
 40
1.8
  1
Elektrik — elektrot bağlantı şeridi
  7
GYM
 11
666.0
 21
424.1999999999996
 31
0.0
100
AcDbText
 73
2
  0
LINE
  5
CCE
330
BAF
100
AcDbEntity
 67
1
  8
G-ANTET
  6
DASHDOT
 62
3
370
35
100
AcDbLine
 10
651.0
 20
419.59999999999957
 30
0.0
 11
663.0
 21
419.59999999999957
 31
0.0
  0
TEXT
  5
CCF
330
BAF
100
AcDbEntity
 67
1
  8
G-YAZI
100
AcDbText
 10
666.0
 20
419.59999999999957
 30
0.0
 40
1.8
  1
Elektrik — topraklama iletkeni
  7
GYM
 11
666.0
 21
419.59999999999957
 31
0.0
100
AcDbText
 73
2
  0
LINE
  5
CD0
330
BAF
100
AcDbEntity
 67
1
  8
G-ANTET
  6
Continuous
 62
3
370
50
100
AcDbLine
 10
651.0
 20
414.99999999999955
 30
0.0
 11
663.0
 21
414.99999999999955
 31
0.0
  0
TEXT
  5
CD1
330
BAF
100
AcDbEntity
 67
1
  8
G-YAZI
100
AcDbText
 10
666.0
 20
414.99999999999955
 30
0.0
 40
1.8
  1
Elektrik — ATB / EPDB barası
  7
GYM
 11
666.0
 21
414.99999999999955
 31
0.0
100
AcDbText
 73
2
  0
LINE
  5
CD2
330
BAF
100
AcDbEntity
 67
1
  8
G-ANTET
  6
Continuous
 62
3
370
13
100
AcDbLine
 10
651.0
 20
410.3999999999995
 30
0.0
 11
663.0
 21
410.3999999999995
 31
0.0
  0
TEXT
  5
CD3
330
BAF
100
AcDbEntity
 67
1
  8
G-YAZI
100
AcDbText
 10
666.0
 20
410.3999999999995
 30
0.0
 40
1.8
  1
Elektrik — topraklama etiketi
  7
GYM
 11
666.0
 21
410.3999999999995
 31
0.0
100
AcDbText
 73
2
  0
LINE
  5
CD4
330
BAF
100
AcDbEntity
 67
1
  8
G-ANTET
  6
Continuous
 62
7
370
50
100
AcDbLine
 10
651.0
 20
405.7999999999995
 30
0.0
 11
663.0
 21
405.7999999999995
 31
0.0
  0
TEXT
  5
CD5
330
BAF
100
AcDbEntity
 67
1
  8
G-YAZI
100
AcDbText
 10
666.0
 20
405.7999999999995
 30
0.0
 40
1.8
  1
Elektrik — ana dağıtım panosu
  7
GYM
 11
666.0
 21
405.7999999999995
 31
0.0
100
AcDbText
 73
2
  0
LINE
  5
CD6
330
BAF
100
AcDbEntity
 67
1
  8
G-ANTET
  6
Continuous
 62
7
370
13
100
AcDbLine
 10
651.0
 20
401.1999999999995
 30
0.0
 11
663.0
 21
401.1999999999995
 31
0.0
  0
TEXT
  5
CD7
330
BAF
100
AcDbEntity
 67
1
  8
G-YAZI
100
AcDbText
 10
666.0
 20
401.1999999999995
 30
0.0
 40
1.8
  1
Elektrik — etiket ve not
  7
GYM
 11
666.0
 21
401.1999999999995
 31
0.0
100
AcDbText
 73
2
  0
TEXT
  5
CD8
330
BAF
100
AcDbEntity
 67
1
  8
G-YAZI
100
AcDbText
 10
651.0
 20
391.59999999999945
 30
0.0
 40
3.5
  1
GENEL NOTLAR
  7
GYM
 11
651.0
 21
391.59999999999945
 31
0.0
100
AcDbText
 73
2
  0
LINE
  5
CD9
330
BAF
100
AcDbEntity
 67
1
  8
G-YAZI
370
35
100
AcDbLine
 10
651.0
 20
389.1999999999995
 30
0.0
 11
831.0
 21
389.1999999999995
 31
0.0
  0
TEXT
  5
CDA
330
BAF
100
AcDbEntity
 67
1
  8
G-YAZI
100
AcDbText
 10
651.0
 20
384.59999999999945
 30
0.0
 40
1.8
  1
1. Topraklama ve potansiyel dengeleme.
  7
GYM
 11
651.0
 21
384.59999999999945
 31
0.0
100
AcDbText
 73
2
  0
TEXT
  5
CDB
330
BAF
100
AcDbEntity
 67
1
  8
G-YAZI
100
AcDbText
 10
651.0
 20
379.79999999999944
 30
0.0
 40
1.8
  1
2. Elektrot grubu yapi disinda, 4 adet 2 m Cu kapli
  7
GYM
 11
651.0
 21
379.79999999999944
 31
0.0
100
AcDbText
 73
2
  0
TEXT
  5
CDC
330
BAF
100
AcDbEntity
 67
1
  8
G-YAZI
100
AcDbText
 10
651.0
 20
374.99999999999943
 30
0.0
 40
1.8
  1
3. celik cubuk, 3 m aralik. Ra hesap 15,5 ohm <= 20 ohm.
  7
GYM
 11
651.0
 21
374.99999999999943
 31
0.0
100
AcDbText
 73
2
  0
TEXT
  5
CDD
330
BAF
100
AcDbEntity
 67
1
  8
G-YAZI
100
AcDbText
 10
651.0
 20
370.1999999999994
 30
0.0
 40
1.8
  1
4. ATB pano altinda; her islak blokta EPDB bulunur.
  7
GYM
 11
651.0
 21
370.1999999999994
 31
0.0
100
AcDbText
 73
2
  0
ENDBLK
  5
BB1
330
BAF
100
AcDbEntity
  8
0
100
AcDbBlockEnd
  0
BLOCK
  5
CDF
330
CDE
100
AcDbEntity
  8
0
100
AcDbBlockBegin
  2
*Paper_Space5
 70
0
 10
0.0
 20
0.0
 30
0.0
  3
*Paper_Space5
  1

  0
VIEWPORT
  5
CE2
330
CDE
100
AcDbEntity
 67
1
  8
VIEWPORTS
100
AcDbViewport
 10
420.5
 20
297.0
 30
0.0
 40
925.1
 41
653.4000000000001
 68
1
 69
1
 12
420.5
 22
297.0
 13
0.0
 23
0.0
 14
10.0
 24
10.0
 15
10.0
 25
10.0
 16
0.0
 26
0.0
 36
1.0
 17
0.0
 27
0.0
 37
0.0
 42
50.0
 43
0.0
 44
0.0
 45
653.4000000000001
 50
0.0
 51
0.0
 72
100
 90
557088
  1

281
0
 71
0
 74
0
110
0.0
120
0.0
130
0.0
111
1.0
121
0.0
131
0.0
112
0.0
122
1.0
132
0.0
 79
0
146
0.0
282
0
  0
LWPOLYLINE
  5
CE3
330
CDE
100
AcDbEntity
 67
1
  8
G-CERCEVE
370
13
100
AcDbPolyline
 90
4
 70
1
 10
0.0
 20
0.0
 10
10.0
 20
0.0
 10
10.0
 20
10.0
 10
0.0
 20
10.0
  0
LWPOLYLINE
  5
CE4
330
CDE
100
AcDbEntity
 67
1
  8
G-CERCEVE
370
13
100
AcDbPolyline
 90
4
 70
1
 10
831.0
 20
0.0
 10
841.0
 20
0.0
 10
841.0
 20
10.0
 10
831.0
 20
10.0
  0
LWPOLYLINE
  5
CE5
330
CDE
100
AcDbEntity
 67
1
  8
G-CERCEVE
370
13
100
AcDbPolyline
 90
4
 70
1
 10
831.0
 20
584.0
 10
841.0
 20
584.0
 10
841.0
 20
594.0
 10
831.0
 20
594.0
  0
LWPOLYLINE
  5
CE6
330
CDE
100
AcDbEntity
 67
1
  8
G-CERCEVE
370
13
100
AcDbPolyline
 90
4
 70
1
 10
0.0
 20
584.0
 10
10.0
 20
584.0
 10
10.0
 20
594.0
 10
0.0
 20
594.0
  0
LWPOLYLINE
  5
CE7
330
CDE
100
AcDbEntity
 67
1
  8
G-CERCEVE
370
70
100
AcDbPolyline
 90
4
 70
1
 10
20.0
 20
10.0
 10
831.0
 20
10.0
 10
831.0
 20
584.0
 10
20.0
 20
584.0
  0
LWPOLYLINE
  5
CE8
330
CDE
100
AcDbEntity
 67
1
  8
G-PAFTA-ZON
370
13
100
AcDbPolyline
 90
4
 70
1
 10
25.0
 20
15.0
 10
826.0
 20
15.0
 10
826.0
 20
579.0
 10
25.0
 20
579.0
  0
TEXT
  5
CE9
330
CDE
100
AcDbEntity
 67
1
  8
G-PAFTA-ZON
100
AcDbText
 10
50.03125
 20
12.5
 30
0.0
 40
3.5
  1
1
  7
GYM
 72
1
 11
50.03125
 21
12.5
 31
0.0
100
AcDbText
 73
2
  0
TEXT
  5
CEA
330
CDE
100
AcDbEntity
 67
1
  8
G-PAFTA-ZON
100
AcDbText
 10
50.03125
 20
581.5
 30
0.0
 40
3.5
  1
1
  7
GYM
 72
1
 11
50.03125
 21
581.5
 31
0.0
100
AcDbText
 73
2
  0
LINE
  5
CEB
330
CDE
100
AcDbEntity
 67
1
  8
G-PAFTA-ZON
370
13
100
AcDbLine
 10
75.0625
 20
10.0
 30
0.0
 11
75.0625
 21
15.0
 31
0.0
  0
LINE
  5
CEC
330
CDE
100
AcDbEntity
 67
1
  8
G-PAFTA-ZON
370
13
100
AcDbLine
 10
75.0625
 20
579.0
 30
0.0
 11
75.0625
 21
584.0
 31
0.0
  0
TEXT
  5
CED
330
CDE
100
AcDbEntity
 67
1
  8
G-PAFTA-ZON
100
AcDbText
 10
100.09375
 20
12.5
 30
0.0
 40
3.5
  1
2
  7
GYM
 72
1
 11
100.09375
 21
12.5
 31
0.0
100
AcDbText
 73
2
  0
TEXT
  5
CEE
330
CDE
100
AcDbEntity
 67
1
  8
G-PAFTA-ZON
100
AcDbText
 10
100.09375
 20
581.5
 30
0.0
 40
3.5
  1
2
  7
GYM
 72
1
 11
100.09375
 21
581.5
 31
0.0
100
AcDbText
 73
2
  0
LINE
  5
CEF
330
CDE
100
AcDbEntity
 67
1
  8
G-PAFTA-ZON
370
13
100
AcDbLine
 10
125.125
 20
10.0
 30
0.0
 11
125.125
 21
15.0
 31
0.0
  0
LINE
  5
CF0
330
CDE
100
AcDbEntity
 67
1
  8
G-PAFTA-ZON
370
13
100
AcDbLine
 10
125.125
 20
579.0
 30
0.0
 11
125.125
 21
584.0
 31
0.0
  0
TEXT
  5
CF1
330
CDE
100
AcDbEntity
 67
1
  8
G-PAFTA-ZON
100
AcDbText
 10
150.15625
 20
12.5
 30
0.0
 40
3.5
  1
3
  7
GYM
 72
1
 11
150.15625
 21
12.5
 31
0.0
100
AcDbText
 73
2
  0
TEXT
  5
CF2
330
CDE
100
AcDbEntity
 67
1
  8
G-PAFTA-ZON
100
AcDbText
 10
150.15625
 20
581.5
 30
0.0
 40
3.5
  1
3
  7
GYM
 72
1
 11
150.15625
 21
581.5
 31
0.0
100
AcDbText
 73
2
  0
LINE
  5
CF3
330
CDE
100
AcDbEntity
 67
1
  8
G-PAFTA-ZON
370
13
100
AcDbLine
 10
175.1875
 20
10.0
 30
0.0
 11
175.1875
 21
15.0
 31
0.0
  0
LINE
  5
CF4
330
CDE
100
AcDbEntity
 67
1
  8
G-PAFTA-ZON
370
13
100
AcDbLine
 10
175.1875
 20
579.0
 30
0.0
 11
175.1875
 21
584.0
 31
0.0
  0
TEXT
  5
CF5
330
CDE
100
AcDbEntity
 67
1
  8
G-PAFTA-ZON
100
AcDbText
 10
200.21875
 20
12.5
 30
0.0
 40
3.5
  1
4
  7
GYM
 72
1
 11
200.21875
 21
12.5
 31
0.0
100
AcDbText
 73
2
  0
TEXT
  5
CF6
330
CDE
100
AcDbEntity
 67
1
  8
G-PAFTA-ZON
100
AcDbText
 10
200.21875
 20
581.5
 30
0.0
 40
3.5
  1
4
  7
GYM
 72
1
 11
200.21875
 21
581.5
 31
0.0
100
AcDbText
 73
2
  0
LINE
  5
CF7
330
CDE
100
AcDbEntity
 67
1
  8
G-PAFTA-ZON
370
13
100
AcDbLine
 10
225.25
 20
10.0
 30
0.0
 11
225.25
 21
15.0
 31
0.0
  0
LINE
  5
CF8
330
CDE
100
AcDbEntity
 67
1
  8
G-PAFTA-ZON
370
13
100
AcDbLine
 10
225.25
 20
579.0
 30
0.0
 11
225.25
 21
584.0
 31
0.0
  0
TEXT
  5
CF9
330
CDE
100
AcDbEntity
 67
1
  8
G-PAFTA-ZON
100
AcDbText
 10
250.28125
 20
12.5
 30
0.0
 40
3.5
  1
5
  7
GYM
 72
1
 11
250.28125
 21
12.5
 31
0.0
100
AcDbText
 73
2
  0
TEXT
  5
CFA
330
CDE
100
AcDbEntity
 67
1
  8
G-PAFTA-ZON
100
AcDbText
 10
250.28125
 20
581.5
 30
0.0
 40
3.5
  1
5
  7
GYM
 72
1
 11
250.28125
 21
581.5
 31
0.0
100
AcDbText
 73
2
  0
LINE
  5
CFB
330
CDE
100
AcDbEntity
 67
1
  8
G-PAFTA-ZON
370
13
100
AcDbLine
 10
275.3125
 20
10.0
 30
0.0
 11
275.3125
 21
15.0
 31
0.0
  0
LINE
  5
CFC
330
CDE
100
AcDbEntity
 67
1
  8
G-PAFTA-ZON
370
13
100
AcDbLine
 10
275.3125
 20
579.0
 30
0.0
 11
275.3125
 21
584.0
 31
0.0
  0
TEXT
  5
CFD
330
CDE
100
AcDbEntity
 67
1
  8
G-PAFTA-ZON
100
AcDbText
 10
300.34375
 20
12.5
 30
0.0
 40
3.5
  1
6
  7
GYM
 72
1
 11
300.34375
 21
12.5
 31
0.0
100
AcDbText
 73
2
  0
TEXT
  5
CFE
330
CDE
100
AcDbEntity
 67
1
  8
G-PAFTA-ZON
100
AcDbText
 10
300.34375
 20
581.5
 30
0.0
 40
3.5
  1
6
  7
GYM
 72
1
 11
300.34375
 21
581.5
 31
0.0
100
AcDbText
 73
2
  0
LINE
  5
CFF
330
CDE
100
AcDbEntity
 67
1
  8
G-PAFTA-ZON
370
13
100
AcDbLine
 10
325.375
 20
10.0
 30
0.0
 11
325.375
 21
15.0
 31
0.0
  0
LINE
  5
D00
330
CDE
100
AcDbEntity
 67
1
  8
G-PAFTA-ZON
370
13
100
AcDbLine
 10
325.375
 20
579.0
 30
0.0
 11
325.375
 21
584.0
 31
0.0
  0
TEXT
  5
D01
330
CDE
100
AcDbEntity
 67
1
  8
G-PAFTA-ZON
100
AcDbText
 10
350.40625
 20
12.5
 30
0.0
 40
3.5
  1
7
  7
GYM
 72
1
 11
350.40625
 21
12.5
 31
0.0
100
AcDbText
 73
2
  0
TEXT
  5
D02
330
CDE
100
AcDbEntity
 67
1
  8
G-PAFTA-ZON
100
AcDbText
 10
350.40625
 20
581.5
 30
0.0
 40
3.5
  1
7
  7
GYM
 72
1
 11
350.40625
 21
581.5
 31
0.0
100
AcDbText
 73
2
  0
LINE
  5
D03
330
CDE
100
AcDbEntity
 67
1
  8
G-PAFTA-ZON
370
13
100
AcDbLine
 10
375.4375
 20
10.0
 30
0.0
 11
375.4375
 21
15.0
 31
0.0
  0
LINE
  5
D04
330
CDE
100
AcDbEntity
 67
1
  8
G-PAFTA-ZON
370
13
100
AcDbLine
 10
375.4375
 20
579.0
 30
0.0
 11
375.4375
 21
584.0
 31
0.0
  0
TEXT
  5
D05
330
CDE
100
AcDbEntity
 67
1
  8
G-PAFTA-ZON
100
AcDbText
 10
400.46875
 20
12.5
 30
0.0
 40
3.5
  1
8
  7
GYM
 72
1
 11
400.46875
 21
12.5
 31
0.0
100
AcDbText
 73
2
  0
TEXT
  5
D06
330
CDE
100
AcDbEntity
 67
1
  8
G-PAFTA-ZON
100
AcDbText
 10
400.46875
 20
581.5
 30
0.0
 40
3.5
  1
8
  7
GYM
 72
1
 11
400.46875
 21
581.5
 31
0.0
100
AcDbText
 73
2
  0
LINE
  5
D07
330
CDE
100
AcDbEntity
 67
1
  8
G-PAFTA-ZON
370
13
100
AcDbLine
 10
425.5
 20
10.0
 30
0.0
 11
425.5
 21
15.0
 31
0.0
  0
LINE
  5
D08
330
CDE
100
AcDbEntity
 67
1
  8
G-PAFTA-ZON
370
13
100
AcDbLine
 10
425.5
 20
579.0
 30
0.0
 11
425.5
 21
584.0
 31
0.0
  0
TEXT
  5
D09
330
CDE
100
AcDbEntity
 67
1
  8
G-PAFTA-ZON
100
AcDbText
 10
450.53125
 20
12.5
 30
0.0
 40
3.5
  1
9
  7
GYM
 72
1
 11
450.53125
 21
12.5
 31
0.0
100
AcDbText
 73
2
  0
TEXT
  5
D0A
330
CDE
100
AcDbEntity
 67
1
  8
G-PAFTA-ZON
100
AcDbText
 10
450.53125
 20
581.5
 30
0.0
 40
3.5
  1
9
  7
GYM
 72
1
 11
450.53125
 21
581.5
 31
0.0
100
AcDbText
 73
2
  0
LINE
  5
D0B
330
CDE
100
AcDbEntity
 67
1
  8
G-PAFTA-ZON
370
13
100
AcDbLine
 10
475.5625
 20
10.0
 30
0.0
 11
475.5625
 21
15.0
 31
0.0
  0
LINE
  5
D0C
330
CDE
100
AcDbEntity
 67
1
  8
G-PAFTA-ZON
370
13
100
AcDbLine
 10
475.5625
 20
579.0
 30
0.0
 11
475.5625
 21
584.0
 31
0.0
  0
TEXT
  5
D0D
330
CDE
100
AcDbEntity
 67
1
  8
G-PAFTA-ZON
100
AcDbText
 10
500.59375
 20
12.5
 30
0.0
 40
3.5
  1
10
  7
GYM
 72
1
 11
500.59375
 21
12.5
 31
0.0
100
AcDbText
 73
2
  0
TEXT
  5
D0E
330
CDE
100
AcDbEntity
 67
1
  8
G-PAFTA-ZON
100
AcDbText
 10
500.59375
 20
581.5
 30
0.0
 40
3.5
  1
10
  7
GYM
 72
1
 11
500.59375
 21
581.5
 31
0.0
100
AcDbText
 73
2
  0
LINE
  5
D0F
330
CDE
100
AcDbEntity
 67
1
  8
G-PAFTA-ZON
370
13
100
AcDbLine
 10
525.625
 20
10.0
 30
0.0
 11
525.625
 21
15.0
 31
0.0
  0
LINE
  5
D10
330
CDE
100
AcDbEntity
 67
1
  8
G-PAFTA-ZON
370
13
100
AcDbLine
 10
525.625
 20
579.0
 30
0.0
 11
525.625
 21
584.0
 31
0.0
  0
TEXT
  5
D11
330
CDE
100
AcDbEntity
 67
1
  8
G-PAFTA-ZON
100
AcDbText
 10
550.65625
 20
12.5
 30
0.0
 40
3.5
  1
11
  7
GYM
 72
1
 11
550.65625
 21
12.5
 31
0.0
100
AcDbText
 73
2
  0
TEXT
  5
D12
330
CDE
100
AcDbEntity
 67
1
  8
G-PAFTA-ZON
100
AcDbText
 10
550.65625
 20
581.5
 30
0.0
 40
3.5
  1
11
  7
GYM
 72
1
 11
550.65625
 21
581.5
 31
0.0
100
AcDbText
 73
2
  0
LINE
  5
D13
330
CDE
100
AcDbEntity
 67
1
  8
G-PAFTA-ZON
370
13
100
AcDbLine
 10
575.6875
 20
10.0
 30
0.0
 11
575.6875
 21
15.0
 31
0.0
  0
LINE
  5
D14
330
CDE
100
AcDbEntity
 67
1
  8
G-PAFTA-ZON
370
13
100
AcDbLine
 10
575.6875
 20
579.0
 30
0.0
 11
575.6875
 21
584.0
 31
0.0
  0
TEXT
  5
D15
330
CDE
100
AcDbEntity
 67
1
  8
G-PAFTA-ZON
100
AcDbText
 10
600.71875
 20
12.5
 30
0.0
 40
3.5
  1
12
  7
GYM
 72
1
 11
600.71875
 21
12.5
 31
0.0
100
AcDbText
 73
2
  0
TEXT
  5
D16
330
CDE
100
AcDbEntity
 67
1
  8
G-PAFTA-ZON
100
AcDbText
 10
600.71875
 20
581.5
 30
0.0
 40
3.5
  1
12
  7
GYM
 72
1
 11
600.71875
 21
581.5
 31
0.0
100
AcDbText
 73
2
  0
LINE
  5
D17
330
CDE
100
AcDbEntity
 67
1
  8
G-PAFTA-ZON
370
13
100
AcDbLine
 10
625.75
 20
10.0
 30
0.0
 11
625.75
 21
15.0
 31
0.0
  0
LINE
  5
D18
330
CDE
100
AcDbEntity
 67
1
  8
G-PAFTA-ZON
370
13
100
AcDbLine
 10
625.75
 20
579.0
 30
0.0
 11
625.75
 21
584.0
 31
0.0
  0
TEXT
  5
D19
330
CDE
100
AcDbEntity
 67
1
  8
G-PAFTA-ZON
100
AcDbText
 10
650.78125
 20
12.5
 30
0.0
 40
3.5
  1
13
  7
GYM
 72
1
 11
650.78125
 21
12.5
 31
0.0
100
AcDbText
 73
2
  0
TEXT
  5
D1A
330
CDE
100
AcDbEntity
 67
1
  8
G-PAFTA-ZON
100
AcDbText
 10
650.78125
 20
581.5
 30
0.0
 40
3.5
  1
13
  7
GYM
 72
1
 11
650.78125
 21
581.5
 31
0.0
100
AcDbText
 73
2
  0
LINE
  5
D1B
330
CDE
100
AcDbEntity
 67
1
  8
G-PAFTA-ZON
370
13
100
AcDbLine
 10
675.8125
 20
10.0
 30
0.0
 11
675.8125
 21
15.0
 31
0.0
  0
LINE
  5
D1C
330
CDE
100
AcDbEntity
 67
1
  8
G-PAFTA-ZON
370
13
100
AcDbLine
 10
675.8125
 20
579.0
 30
0.0
 11
675.8125
 21
584.0
 31
0.0
  0
TEXT
  5
D1D
330
CDE
100
AcDbEntity
 67
1
  8
G-PAFTA-ZON
100
AcDbText
 10
700.84375
 20
12.5
 30
0.0
 40
3.5
  1
14
  7
GYM
 72
1
 11
700.84375
 21
12.5
 31
0.0
100
AcDbText
 73
2
  0
TEXT
  5
D1E
330
CDE
100
AcDbEntity
 67
1
  8
G-PAFTA-ZON
100
AcDbText
 10
700.84375
 20
581.5
 30
0.0
 40
3.5
  1
14
  7
GYM
 72
1
 11
700.84375
 21
581.5
 31
0.0
100
AcDbText
 73
2
  0
LINE
  5
D1F
330
CDE
100
AcDbEntity
 67
1
  8
G-PAFTA-ZON
370
13
100
AcDbLine
 10
725.875
 20
10.0
 30
0.0
 11
725.875
 21
15.0
 31
0.0
  0
LINE
  5
D20
330
CDE
100
AcDbEntity
 67
1
  8
G-PAFTA-ZON
370
13
100
AcDbLine
 10
725.875
 20
579.0
 30
0.0
 11
725.875
 21
584.0
 31
0.0
  0
TEXT
  5
D21
330
CDE
100
AcDbEntity
 67
1
  8
G-PAFTA-ZON
100
AcDbText
 10
750.90625
 20
12.5
 30
0.0
 40
3.5
  1
15
  7
GYM
 72
1
 11
750.90625
 21
12.5
 31
0.0
100
AcDbText
 73
2
  0
TEXT
  5
D22
330
CDE
100
AcDbEntity
 67
1
  8
G-PAFTA-ZON
100
AcDbText
 10
750.90625
 20
581.5
 30
0.0
 40
3.5
  1
15
  7
GYM
 72
1
 11
750.90625
 21
581.5
 31
0.0
100
AcDbText
 73
2
  0
LINE
  5
D23
330
CDE
100
AcDbEntity
 67
1
  8
G-PAFTA-ZON
370
13
100
AcDbLine
 10
775.9375
 20
10.0
 30
0.0
 11
775.9375
 21
15.0
 31
0.0
  0
LINE
  5
D24
330
CDE
100
AcDbEntity
 67
1
  8
G-PAFTA-ZON
370
13
100
AcDbLine
 10
775.9375
 20
579.0
 30
0.0
 11
775.9375
 21
584.0
 31
0.0
  0
TEXT
  5
D25
330
CDE
100
AcDbEntity
 67
1
  8
G-PAFTA-ZON
100
AcDbText
 10
800.96875
 20
12.5
 30
0.0
 40
3.5
  1
16
  7
GYM
 72
1
 11
800.96875
 21
12.5
 31
0.0
100
AcDbText
 73
2
  0
TEXT
  5
D26
330
CDE
100
AcDbEntity
 67
1
  8
G-PAFTA-ZON
100
AcDbText
 10
800.96875
 20
581.5
 30
0.0
 40
3.5
  1
16
  7
GYM
 72
1
 11
800.96875
 21
581.5
 31
0.0
100
AcDbText
 73
2
  0
TEXT
  5
D27
330
CDE
100
AcDbEntity
 67
1
  8
G-PAFTA-ZON
100
AcDbText
 10
22.5
 20
40.63636363636364
 30
0.0
 40
3.5
  1
A
  7
GYM
 72
1
 11
22.5
 21
40.63636363636364
 31
0.0
100
AcDbText
 73
2
  0
TEXT
  5
D28
330
CDE
100
AcDbEntity
 67
1
  8
G-PAFTA-ZON
100
AcDbText
 10
828.5
 20
40.63636363636364
 30
0.0
 40
3.5
  1
A
  7
GYM
 72
1
 11
828.5
 21
40.63636363636364
 31
0.0
100
AcDbText
 73
2
  0
LINE
  5
D29
330
CDE
100
AcDbEntity
 67
1
  8
G-PAFTA-ZON
370
13
100
AcDbLine
 10
20.0
 20
66.27272727272728
 30
0.0
 11
25.0
 21
66.27272727272728
 31
0.0
  0
LINE
  5
D2A
330
CDE
100
AcDbEntity
 67
1
  8
G-PAFTA-ZON
370
13
100
AcDbLine
 10
826.0
 20
66.27272727272728
 30
0.0
 11
831.0
 21
66.27272727272728
 31
0.0
  0
TEXT
  5
D2B
330
CDE
100
AcDbEntity
 67
1
  8
G-PAFTA-ZON
100
AcDbText
 10
22.5
 20
91.90909090909092
 30
0.0
 40
3.5
  1
B
  7
GYM
 72
1
 11
22.5
 21
91.90909090909092
 31
0.0
100
AcDbText
 73
2
  0
TEXT
  5
D2C
330
CDE
100
AcDbEntity
 67
1
  8
G-PAFTA-ZON
100
AcDbText
 10
828.5
 20
91.90909090909092
 30
0.0
 40
3.5
  1
B
  7
GYM
 72
1
 11
828.5
 21
91.90909090909092
 31
0.0
100
AcDbText
 73
2
  0
LINE
  5
D2D
330
CDE
100
AcDbEntity
 67
1
  8
G-PAFTA-ZON
370
13
100
AcDbLine
 10
20.0
 20
117.54545454545455
 30
0.0
 11
25.0
 21
117.54545454545455
 31
0.0
  0
LINE
  5
D2E
330
CDE
100
AcDbEntity
 67
1
  8
G-PAFTA-ZON
370
13
100
AcDbLine
 10
826.0
 20
117.54545454545455
 30
0.0
 11
831.0
 21
117.54545454545455
 31
0.0
  0
TEXT
  5
D2F
330
CDE
100
AcDbEntity
 67
1
  8
G-PAFTA-ZON
100
AcDbText
 10
22.5
 20
143.1818181818182
 30
0.0
 40
3.5
  1
C
  7
GYM
 72
1
 11
22.5
 21
143.1818181818182
 31
0.0
100
AcDbText
 73
2
  0
TEXT
  5
D30
330
CDE
100
AcDbEntity
 67
1
  8
G-PAFTA-ZON
100
AcDbText
 10
828.5
 20
143.1818181818182
 30
0.0
 40
3.5
  1
C
  7
GYM
 72
1
 11
828.5
 21
143.1818181818182
 31
0.0
100
AcDbText
 73
2
  0
LINE
  5
D31
330
CDE
100
AcDbEntity
 67
1
  8
G-PAFTA-ZON
370
13
100
AcDbLine
 10
20.0
 20
168.8181818181818
 30
0.0
 11
25.0
 21
168.8181818181818
 31
0.0
  0
LINE
  5
D32
330
CDE
100
AcDbEntity
 67
1
  8
G-PAFTA-ZON
370
13
100
AcDbLine
 10
826.0
 20
168.8181818181818
 30
0.0
 11
831.0
 21
168.8181818181818
 31
0.0
  0
TEXT
  5
D33
330
CDE
100
AcDbEntity
 67
1
  8
G-PAFTA-ZON
100
AcDbText
 10
22.5
 20
194.45454545454544
 30
0.0
 40
3.5
  1
D
  7
GYM
 72
1
 11
22.5
 21
194.45454545454544
 31
0.0
100
AcDbText
 73
2
  0
TEXT
  5
D34
330
CDE
100
AcDbEntity
 67
1
  8
G-PAFTA-ZON
100
AcDbText
 10
828.5
 20
194.45454545454544
 30
0.0
 40
3.5
  1
D
  7
GYM
 72
1
 11
828.5
 21
194.45454545454544
 31
0.0
100
AcDbText
 73
2
  0
LINE
  5
D35
330
CDE
100
AcDbEntity
 67
1
  8
G-PAFTA-ZON
370
13
100
AcDbLine
 10
20.0
 20
220.0909090909091
 30
0.0
 11
25.0
 21
220.0909090909091
 31
0.0
  0
LINE
  5
D36
330
CDE
100
AcDbEntity
 67
1
  8
G-PAFTA-ZON
370
13
100
AcDbLine
 10
826.0
 20
220.0909090909091
 30
0.0
 11
831.0
 21
220.0909090909091
 31
0.0
  0
TEXT
  5
D37
330
CDE
100
AcDbEntity
 67
1
  8
G-PAFTA-ZON
100
AcDbText
 10
22.5
 20
245.72727272727272
 30
0.0
 40
3.5
  1
E
  7
GYM
 72
1
 11
22.5
 21
245.72727272727272
 31
0.0
100
AcDbText
 73
2
  0
TEXT
  5
D38
330
CDE
100
AcDbEntity
 67
1
  8
G-PAFTA-ZON
100
AcDbText
 10
828.5
 20
245.72727272727272
 30
0.0
 40
3.5
  1
E
  7
GYM
 72
1
 11
828.5
 21
245.72727272727272
 31
0.0
100
AcDbText
 73
2
  0
LINE
  5
D39
330
CDE
100
AcDbEntity
 67
1
  8
G-PAFTA-ZON
370
13
100
AcDbLine
 10
20.0
 20
271.3636363636364
 30
0.0
 11
25.0
 21
271.3636363636364
 31
0.0
  0
LINE
  5
D3A
330
CDE
100
AcDbEntity
 67
1
  8
G-PAFTA-ZON
370
13
100
AcDbLine
 10
826.0
 20
271.3636363636364
 30
0.0
 11
831.0
 21
271.3636363636364
 31
0.0
  0
TEXT
  5
D3B
330
CDE
100
AcDbEntity
 67
1
  8
G-PAFTA-ZON
100
AcDbText
 10
22.5
 20
297.0
 30
0.0
 40
3.5
  1
F
  7
GYM
 72
1
 11
22.5
 21
297.0
 31
0.0
100
AcDbText
 73
2
  0
TEXT
  5
D3C
330
CDE
100
AcDbEntity
 67
1
  8
G-PAFTA-ZON
100
AcDbText
 10
828.5
 20
297.0
 30
0.0
 40
3.5
  1
F
  7
GYM
 72
1
 11
828.5
 21
297.0
 31
0.0
100
AcDbText
 73
2
  0
LINE
  5
D3D
330
CDE
100
AcDbEntity
 67
1
  8
G-PAFTA-ZON
370
13
100
AcDbLine
 10
20.0
 20
322.6363636363636
 30
0.0
 11
25.0
 21
322.6363636363636
 31
0.0
  0
LINE
  5
D3E
330
CDE
100
AcDbEntity
 67
1
  8
G-PAFTA-ZON
370
13
100
AcDbLine
 10
826.0
 20
322.6363636363636
 30
0.0
 11
831.0
 21
322.6363636363636
 31
0.0
  0
TEXT
  5
D3F
330
CDE
100
AcDbEntity
 67
1
  8
G-PAFTA-ZON
100
AcDbText
 10
22.5
 20
348.27272727272725
 30
0.0
 40
3.5
  1
G
  7
GYM
 72
1
 11
22.5
 21
348.27272727272725
 31
0.0
100
AcDbText
 73
2
  0
TEXT
  5
D40
330
CDE
100
AcDbEntity
 67
1
  8
G-PAFTA-ZON
100
AcDbText
 10
828.5
 20
348.27272727272725
 30
0.0
 40
3.5
  1
G
  7
GYM
 72
1
 11
828.5
 21
348.27272727272725
 31
0.0
100
AcDbText
 73
2
  0
LINE
  5
D41
330
CDE
100
AcDbEntity
 67
1
  8
G-PAFTA-ZON
370
13
100
AcDbLine
 10
20.0
 20
373.90909090909093
 30
0.0
 11
25.0
 21
373.90909090909093
 31
0.0
  0
LINE
  5
D42
330
CDE
100
AcDbEntity
 67
1
  8
G-PAFTA-ZON
370
13
100
AcDbLine
 10
826.0
 20
373.90909090909093
 30
0.0
 11
831.0
 21
373.90909090909093
 31
0.0
  0
TEXT
  5
D43
330
CDE
100
AcDbEntity
 67
1
  8
G-PAFTA-ZON
100
AcDbText
 10
22.5
 20
399.54545454545456
 30
0.0
 40
3.5
  1
H
  7
GYM
 72
1
 11
22.5
 21
399.54545454545456
 31
0.0
100
AcDbText
 73
2
  0
TEXT
  5
D44
330
CDE
100
AcDbEntity
 67
1
  8
G-PAFTA-ZON
100
AcDbText
 10
828.5
 20
399.54545454545456
 30
0.0
 40
3.5
  1
H
  7
GYM
 72
1
 11
828.5
 21
399.54545454545456
 31
0.0
100
AcDbText
 73
2
  0
LINE
  5
D45
330
CDE
100
AcDbEntity
 67
1
  8
G-PAFTA-ZON
370
13
100
AcDbLine
 10
20.0
 20
425.1818181818182
 30
0.0
 11
25.0
 21
425.1818181818182
 31
0.0
  0
LINE
  5
D46
330
CDE
100
AcDbEntity
 67
1
  8
G-PAFTA-ZON
370
13
100
AcDbLine
 10
826.0
 20
425.1818181818182
 30
0.0
 11
831.0
 21
425.1818181818182
 31
0.0
  0
TEXT
  5
D47
330
CDE
100
AcDbEntity
 67
1
  8
G-PAFTA-ZON
100
AcDbText
 10
22.5
 20
450.8181818181818
 30
0.0
 40
3.5
  1
J
  7
GYM
 72
1
 11
22.5
 21
450.8181818181818
 31
0.0
100
AcDbText
 73
2
  0
TEXT
  5
D48
330
CDE
100
AcDbEntity
 67
1
  8
G-PAFTA-ZON
100
AcDbText
 10
828.5
 20
450.8181818181818
 30
0.0
 40
3.5
  1
J
  7
GYM
 72
1
 11
828.5
 21
450.8181818181818
 31
0.0
100
AcDbText
 73
2
  0
LINE
  5
D49
330
CDE
100
AcDbEntity
 67
1
  8
G-PAFTA-ZON
370
13
100
AcDbLine
 10
20.0
 20
476.45454545454544
 30
0.0
 11
25.0
 21
476.45454545454544
 31
0.0
  0
LINE
  5
D4A
330
CDE
100
AcDbEntity
 67
1
  8
G-PAFTA-ZON
370
13
100
AcDbLine
 10
826.0
 20
476.45454545454544
 30
0.0
 11
831.0
 21
476.45454545454544
 31
0.0
  0
TEXT
  5
D4B
330
CDE
100
AcDbEntity
 67
1
  8
G-PAFTA-ZON
100
AcDbText
 10
22.5
 20
502.09090909090907
 30
0.0
 40
3.5
  1
K
  7
GYM
 72
1
 11
22.5
 21
502.09090909090907
 31
0.0
100
AcDbText
 73
2
  0
TEXT
  5
D4C
330
CDE
100
AcDbEntity
 67
1
  8
G-PAFTA-ZON
100
AcDbText
 10
828.5
 20
502.09090909090907
 30
0.0
 40
3.5
  1
K
  7
GYM
 72
1
 11
828.5
 21
502.09090909090907
 31
0.0
100
AcDbText
 73
2
  0
LINE
  5
D4D
330
CDE
100
AcDbEntity
 67
1
  8
G-PAFTA-ZON
370
13
100
AcDbLine
 10
20.0
 20
527.7272727272727
 30
0.0
 11
25.0
 21
527.7272727272727
 31
0.0
  0
LINE
  5
D4E
330
CDE
100
AcDbEntity
 67
1
  8
G-PAFTA-ZON
370
13
100
AcDbLine
 10
826.0
 20
527.7272727272727
 30
0.0
 11
831.0
 21
527.7272727272727
 31
0.0
  0
TEXT
  5
D4F
330
CDE
100
AcDbEntity
 67
1
  8
G-PAFTA-ZON
100
AcDbText
 10
22.5
 20
553.3636363636364
 30
0.0
 40
3.5
  1
L
  7
GYM
 72
1
 11
22.5
 21
553.3636363636364
 31
0.0
100
AcDbText
 73
2
  0
TEXT
  5
D50
330
CDE
100
AcDbEntity
 67
1
  8
G-PAFTA-ZON
100
AcDbText
 10
828.5
 20
553.3636363636364
 30
0.0
 40
3.5
  1
L
  7
GYM
 72
1
 11
828.5
 21
553.3636363636364
 31
0.0
100
AcDbText
 73
2
  0
LINE
  5
D51
330
CDE
100
AcDbEntity
 67
1
  8
G-CERCEVE
370
70
100
AcDbLine
 10
420.5
 20
0.0
 30
0.0
 11
420.5
 21
20.0
 31
0.0
  0
LINE
  5
D52
330
CDE
100
AcDbEntity
 67
1
  8
G-CERCEVE
370
70
100
AcDbLine
 10
420.5
 20
574.0
 30
0.0
 11
420.5
 21
594.0
 31
0.0
  0
LWPOLYLINE
  5
D53
330
CDE
100
AcDbEntity
 67
1
  8
G-CERCEVE
370
70
100
AcDbPolyline
 90
3
 70
1
 10
420.5
 20
593.0
 10
417.9
 20
586.0
 10
423.1
 20
586.0
  0
LINE
  5
D54
330
CDE
100
AcDbEntity
 67
1
  8
G-CERCEVE
370
70
100
AcDbLine
 10
0.0
 20
297.0
 30
0.0
 11
30.0
 21
297.0
 31
0.0
  0
LINE
  5
D55
330
CDE
100
AcDbEntity
 67
1
  8
G-CERCEVE
370
70
100
AcDbLine
 10
821.0
 20
297.0
 30
0.0
 11
841.0
 21
297.0
 31
0.0
  0
LWPOLYLINE
  5
D56
330
CDE
100
AcDbEntity
 67
1
  8
G-CERCEVE
370
70
100
AcDbPolyline
 90
3
 70
1
 10
1.0
 20
297.0
 10
8.0
 20
294.4
 10
8.0
 20
299.6
  0
TEXT
  5
D57
330
CDE
100
AcDbEntity
 67
1
  8
G-CERCEVE
100
AcDbText
 10
829.0
 20
5.0
 30
0.0
 40
2.5
  1
A1
  7
GYM
 72
2
 11
829.0
 21
5.0
 31
0.0
100
AcDbText
 73
2
  0
LWPOLYLINE
  5
D58
330
CDE
100
AcDbEntity
 67
1
  8
G-CERCEVE
370
35
100
AcDbPolyline
 90
4
 70
1
 10
450.5
 20
2.0
 10
550.5
 20
2.0
 10
550.5
 20
6.0
 10
450.5
 20
6.0
  0
LINE
  5
D59
330
CDE
100
AcDbEntity
 67
1
  8
G-CERCEVE
370
35
100
AcDbLine
 10
450.5
 20
2.0
 30
0.0
 11
450.5
 21
6.0
 31
0.0
  0
LINE
  5
D5A
330
CDE
100
AcDbEntity
 67
1
  8
G-CERCEVE
370
35
100
AcDbLine
 10
460.5
 20
2.0
 30
0.0
 11
460.5
 21
6.0
 31
0.0
  0
LINE
  5
D5B
330
CDE
100
AcDbEntity
 67
1
  8
G-CERCEVE
370
35
100
AcDbLine
 10
470.5
 20
2.0
 30
0.0
 11
470.5
 21
6.0
 31
0.0
  0
LINE
  5
D5C
330
CDE
100
AcDbEntity
 67
1
  8
G-CERCEVE
370
35
100
AcDbLine
 10
480.5
 20
2.0
 30
0.0
 11
480.5
 21
6.0
 31
0.0
  0
LINE
  5
D5D
330
CDE
100
AcDbEntity
 67
1
  8
G-CERCEVE
370
35
100
AcDbLine
 10
490.5
 20
2.0
 30
0.0
 11
490.5
 21
6.0
 31
0.0
  0
LINE
  5
D5E
330
CDE
100
AcDbEntity
 67
1
  8
G-CERCEVE
370
35
100
AcDbLine
 10
500.5
 20
2.0
 30
0.0
 11
500.5
 21
6.0
 31
0.0
  0
LINE
  5
D5F
330
CDE
100
AcDbEntity
 67
1
  8
G-CERCEVE
370
35
100
AcDbLine
 10
510.5
 20
2.0
 30
0.0
 11
510.5
 21
6.0
 31
0.0
  0
LINE
  5
D60
330
CDE
100
AcDbEntity
 67
1
  8
G-CERCEVE
370
35
100
AcDbLine
 10
520.5
 20
2.0
 30
0.0
 11
520.5
 21
6.0
 31
0.0
  0
LINE
  5
D61
330
CDE
100
AcDbEntity
 67
1
  8
G-CERCEVE
370
35
100
AcDbLine
 10
530.5
 20
2.0
 30
0.0
 11
530.5
 21
6.0
 31
0.0
  0
LINE
  5
D62
330
CDE
100
AcDbEntity
 67
1
  8
G-CERCEVE
370
35
100
AcDbLine
 10
540.5
 20
2.0
 30
0.0
 11
540.5
 21
6.0
 31
0.0
  0
LINE
  5
D63
330
CDE
100
AcDbEntity
 67
1
  8
G-CERCEVE
370
35
100
AcDbLine
 10
550.5
 20
2.0
 30
0.0
 11
550.5
 21
6.0
 31
0.0
  0
TEXT
  5
D64
330
CDE
100
AcDbEntity
 67
1
  8
G-CERCEVE
100
AcDbText
 10
554.5
 20
4.0
 30
0.0
 40
1.8
  1
100 mm
  7
GYM
 11
554.5
 21
4.0
 31
0.0
100
AcDbText
 73
2
  0
LWPOLYLINE
  5
D65
330
CDE
100
AcDbEntity
 67
1
  8
G-ANTET
370
100
100
AcDbPolyline
 90
4
 70
1
 10
651.0
 20
15.0
 10
831.0
 20
15.0
 10
831.0
 20
107.0
 10
651.0
 20
107.0
  0
LINE
  5
D66
330
CDE
100
AcDbEntity
 67
1
  8
G-ANTET
370
35
100
AcDbLine
 10
651.0
 20
25.0
 30
0.0
 11
831.0
 21
25.0
 31
0.0
  0
LINE
  5
D67
330
CDE
100
AcDbEntity
 67
1
  8
G-ANTET
370
35
100
AcDbLine
 10
651.0
 20
35.0
 30
0.0
 11
831.0
 21
35.0
 31
0.0
  0
LINE
  5
D68
330
CDE
100
AcDbEntity
 67
1
  8
G-ANTET
370
35
100
AcDbLine
 10
651.0
 20
45.0
 30
0.0
 11
831.0
 21
45.0
 31
0.0
  0
LINE
  5
D69
330
CDE
100
AcDbEntity
 67
1
  8
G-ANTET
370
35
100
AcDbLine
 10
651.0
 20
57.0
 30
0.0
 11
831.0
 21
57.0
 31
0.0
  0
LINE
  5
D6A
330
CDE
100
AcDbEntity
 67
1
  8
G-ANTET
370
35
100
AcDbLine
 10
651.0
 20
69.0
 30
0.0
 11
831.0
 21
69.0
 31
0.0
  0
LINE
  5
D6B
330
CDE
100
AcDbEntity
 67
1
  8
G-ANTET
370
35
100
AcDbLine
 10
651.0
 20
83.0
 30
0.0
 11
831.0
 21
83.0
 31
0.0
  0
LINE
  5
D6C
330
CDE
100
AcDbEntity
 67
1
  8
G-ANTET
370
35
100
AcDbLine
 10
711.0
 20
15.0
 30
0.0
 11
711.0
 21
45.0
 31
0.0
  0
LINE
  5
D6D
330
CDE
100
AcDbEntity
 67
1
  8
G-ANTET
370
35
100
AcDbLine
 10
771.0
 20
15.0
 30
0.0
 11
771.0
 21
45.0
 31
0.0
  0
LINE
  5
D6E
330
CDE
100
AcDbEntity
 67
1
  8
G-ANTET
370
35
100
AcDbLine
 10
769.0
 20
45.0
 30
0.0
 11
769.0
 21
69.0
 31
0.0
  0
TEXT
  5
D6F
330
CDE
100
AcDbEntity
 67
1
  8
G-ANTET
100
AcDbText
 10
652.6
 20
103.0
 30
0.0
 40
1.8
  1
İŞVEREN
  7
GYM
 11
652.6
 21
103.0
 31
0.0
100
AcDbText
 73
2
  0
TEXT
  5
D70
330
CDE
100
AcDbEntity
 67
1
  8
G-ANTET
100
AcDbText
 10
652.6
 20
98.0
 30
0.0
 40
2.5
  1
ÖZEL — MALTEPE / İDEALTEPE
  7
GYM
 11
652.6
 21
98.0
 31
0.0
100
AcDbText
 73
2
  0
TEXT
  5
D71
330
CDE
100
AcDbEntity
 67
1
  8
G-ANTET
100
AcDbText
 10
652.6
 20
93.0
 30
0.0
 40
1.8
  1
PROJE
  7
GYM
 11
652.6
 21
93.0
 31
0.0
100
AcDbText
 73
2
  0
TEXT
  5
D72
330
CDE
100
AcDbEntity
 67
1
  8
G-ANTET
100
AcDbText
 10
652.6
 20
87.2
 30
0.0
 40
3.5
  1
MOBİLYA MAĞAZASI → FONKSİYONEL ANTRENMAN STÜDYOSU
  7
GYM
 11
652.6
 21
87.2
 31
0.0
100
AcDbText
 73
2
  0
TEXT
  5
D73
330
CDE
100
AcDbEntity
 67
1
  8
G-ANTET
100
AcDbText
 10
652.6
 20
78.0
 30
0.0
 40
1.8
  1
YAPI / MAHAL
  7
GYM
 11
652.6
 21
78.0
 31
0.0
100
AcDbText
 73
2
  0
TEXT
  5
D74
330
CDE
100
AcDbEntity
 67
1
  8
G-ANTET
100
AcDbText
 10
652.6
 20
72.0
 30
0.0
 40
2.5
  1
İdealtepe Mah. · zemin kat dükkân · 103,78 m² iç alan
  7
GYM
 11
652.6
 21
72.0
 31
0.0
100
AcDbText
 73
2
  0
TEXT
  5
D75
330
CDE
100
AcDbEntity
 67
1
  8
G-ANTET
100
AcDbText
 10
771.4
 20
78.0
 30
0.0
 40
1.8
  1
DİSİPLİN
  7
GYM
 11
771.4
 21
78.0
 31
0.0
100
AcDbText
 73
2
  0
TEXT
  5
D76
330
CDE
100
AcDbEntity
 67
1
  8
G-ANTET
100
AcDbText
 10
771.4
 20
72.0
 30
0.0
 40
2.5
  1
ELEKTRİK
  7
GYM
 11
771.4
 21
72.0
 31
0.0
100
AcDbText
 73
2
  0
LINE
  5
D77
330
CDE
100
AcDbEntity
 67
1
  8
G-ANTET
370
35
100
AcDbLine
 10
769.0
 20
69.0
 30
0.0
 11
769.0
 21
83.0
 31
0.0
  0
TEXT
  5
D78
330
CDE
100
AcDbEntity
 67
1
  8
G-ANTET
100
AcDbText
 10
652.6
 20
65.0
 30
0.0
 40
1.8
  1
PAFTA ADI
  7
GYM
 11
652.6
 21
65.0
 31
0.0
100
AcDbText
 73
2
  0
TEXT
  5
D79
330
CDE
100
AcDbEntity
 67
1
  8
G-ANTET
100
AcDbText
 10
652.6
 20
59.8
 30
0.0
 40
3.5
  1
ADP TEK HAT ŞEMASI
  7
GYM
 11
652.6
 21
59.8
 31
0.0
100
AcDbText
 73
2
  0
TEXT
  5
D7A
330
CDE
100
AcDbEntity
 67
1
  8
G-ANTET
100
AcDbText
 10
771.4
 20
59.8
 30
0.0
 40
1.8
  1
ADP tek hat şeması
  7
GYM
 11
771.4
 21
59.8
 31
0.0
100
AcDbText
 73
2
  0
TEXT
  5
D7B
330
CDE
100
AcDbEntity
 67
1
  8
G-ANTET
100
AcDbText
 10
652.6
 20
53.0
 30
0.0
 40
1.8
  1
PROJE MÜELLİFİ · ODA SİCİL NO
  7
GYM
 11
652.6
 21
53.0
 31
0.0
100
AcDbText
 73
2
  0
TEXT
  5
D7C
330
CDE
100
AcDbEntity
 67
1
  8
G-ANTET
100
AcDbText
 10
652.6
 20
47.8
 30
0.0
 40
2.5
  1
—   Oda sicil no: —
  7
GYM
 11
652.6
 21
47.8
 31
0.0
100
AcDbText
 73
2
  0
TEXT
  5
D7D
330
CDE
100
AcDbEntity
 67
1
  8
G-ANTET
100
AcDbText
 10
652.6
 20
42.0
 30
0.0
 40
1.8
  1
ÇİZEN
  7
GYM
 11
652.6
 21
42.0
 31
0.0
100
AcDbText
 73
2
  0
TEXT
  5
D7E
330
CDE
100
AcDbEntity
 67
1
  8
G-ANTET
100
AcDbText
 10
652.6
 20
37.6
 30
0.0
 40
2.5
  1
CC
  7
GYM
 11
652.6
 21
37.6
 31
0.0
100
AcDbText
 73
2
  0
TEXT
  5
D7F
330
CDE
100
AcDbEntity
 67
1
  8
G-ANTET
100
AcDbText
 10
712.6
 20
42.0
 30
0.0
 40
1.8
  1
KONTROL
  7
GYM
 11
712.6
 21
42.0
 31
0.0
100
AcDbText
 73
2
  0
TEXT
  5
D80
330
CDE
100
AcDbEntity
 67
1
  8
G-ANTET
100
AcDbText
 10
712.6
 20
37.6
 30
0.0
 40
2.5
  1
—
  7
GYM
 11
712.6
 21
37.6
 31
0.0
100
AcDbText
 73
2
  0
TEXT
  5
D81
330
CDE
100
AcDbEntity
 67
1
  8
G-ANTET
100
AcDbText
 10
772.6
 20
42.0
 30
0.0
 40
1.8
  1
ONAY
  7
GYM
 11
772.6
 21
42.0
 31
0.0
100
AcDbText
 73
2
  0
TEXT
  5
D82
330
CDE
100
AcDbEntity
 67
1
  8
G-ANTET
100
AcDbText
 10
772.6
 20
37.6
 30
0.0
 40
2.5
  1
—
  7
GYM
 11
772.6
 21
37.6
 31
0.0
100
AcDbText
 73
2
  0
TEXT
  5
D83
330
CDE
100
AcDbEntity
 67
1
  8
G-ANTET
100
AcDbText
 10
652.6
 20
32.0
 30
0.0
 40
1.8
  1
TARİH
  7
GYM
 11
652.6
 21
32.0
 31
0.0
100
AcDbText
 73
2
  0
TEXT
  5
D84
330
CDE
100
AcDbEntity
 67
1
  8
G-ANTET
100
AcDbText
 10
652.6
 20
27.6
 30
0.0
 40
2.5
  1
17 Eylül 2026
  7
GYM
 11
652.6
 21
27.6
 31
0.0
100
AcDbText
 73
2
  0
TEXT
  5
D85
330
CDE
100
AcDbEntity
 67
1
  8
G-ANTET
100
AcDbText
 10
712.6
 20
32.0
 30
0.0
 40
1.8
  1
ÖLÇEK
  7
GYM
 11
712.6
 21
32.0
 31
0.0
100
AcDbText
 73
2
  0
TEXT
  5
D86
330
CDE
100
AcDbEntity
 67
1
  8
G-ANTET
100
AcDbText
 10
712.6
 20
27.6
 30
0.0
 40
3.5
  1
ÖLÇEKSİZ
  7
GYM
 11
712.6
 21
27.6
 31
0.0
100
AcDbText
 73
2
  0
TEXT
  5
D87
330
CDE
100
AcDbEntity
 67
1
  8
G-ANTET
100
AcDbText
 10
772.6
 20
32.0
 30
0.0
 40
1.8
  1
BİRİM
  7
GYM
 11
772.6
 21
32.0
 31
0.0
100
AcDbText
 73
2
  0
TEXT
  5
D88
330
CDE
100
AcDbEntity
 67
1
  8
G-ANTET
100
AcDbText
 10
772.6
 20
27.6
 30
0.0
 40
2.5
  1
milimetre (mm)
  7
GYM
 11
772.6
 21
27.6
 31
0.0
100
AcDbText
 73
2
  0
TEXT
  5
D89
330
CDE
100
AcDbEntity
 67
1
  8
G-ANTET
100
AcDbText
 10
652.6
 20
22.0
 30
0.0
 40
1.8
  1
DURUM
  7
GYM
 11
652.6
 21
22.0
 31
0.0
100
AcDbText
 73
2
  0
TEXT
  5
D8A
330
CDE
100
AcDbEntity
 67
1
  8
G-ANTET
100
AcDbText
 10
652.6
 20
17.6
 30
0.0
 40
2.5
  1
ÖN TASARIM
  7
GYM
 11
652.6
 21
17.6
 31
0.0
100
AcDbText
 73
2
  0
TEXT
  5
D8B
330
CDE
100
AcDbEntity
 67
1
  8
G-ANTET
100
AcDbText
 10
712.6
 20
22.0
 30
0.0
 40
1.8
  1
PAFTA NO
  7
GYM
 11
712.6
 21
22.0
 31
0.0
100
AcDbText
 73
2
  0
TEXT
  5
D8C
330
CDE
100
AcDbEntity
 67
1
  8
G-ANTET
100
AcDbText
 10
712.6
 20
17.6
 30
0.0
 40
5.0
  1
E-06
  7
GYM
 11
712.6
 21
17.6
 31
0.0
100
AcDbText
 73
2
  0
TEXT
  5
D8D
330
CDE
100
AcDbEntity
 67
1
  8
G-ANTET
100
AcDbText
 10
772.6
 20
22.0
 30
0.0
 40
1.8
  1
REV
  7
GYM
 11
772.6
 21
22.0
 31
0.0
100
AcDbText
 73
2
  0
TEXT
  5
D8E
330
CDE
100
AcDbEntity
 67
1
  8
G-ANTET
100
AcDbText
 10
772.6
 20
17.6
 30
0.0
 40
5.0
  1
G
  7
GYM
 11
772.6
 21
17.6
 31
0.0
100
AcDbText
 73
2
  0
LWPOLYLINE
  5
D8F
330
CDE
100
AcDbEntity
 67
1
  8
G-ANTET
370
50
100
AcDbPolyline
 90
4
 70
1
 10
651.0
 20
107.0
 10
831.0
 20
107.0
 10
831.0
 20
143.0
 10
651.0
 20
143.0
  0
LINE
  5
D90
330
CDE
100
AcDbEntity
 67
1
  8
G-ANTET
370
18
100
AcDbLine
 10
651.0
 20
107.0
 30
0.0
 11
831.0
 21
107.0
 31
0.0
  0
LINE
  5
D91
330
CDE
100
AcDbEntity
 67
1
  8
G-ANTET
370
18
100
AcDbLine
 10
651.0
 20
113.0
 30
0.0
 11
831.0
 21
113.0
 31
0.0
  0
LINE
  5
D92
330
CDE
100
AcDbEntity
 67
1
  8
G-ANTET
370
18
100
AcDbLine
 10
651.0
 20
119.0
 30
0.0
 11
831.0
 21
119.0
 31
0.0
  0
LINE
  5
D93
330
CDE
100
AcDbEntity
 67
1
  8
G-ANTET
370
18
100
AcDbLine
 10
651.0
 20
125.0
 30
0.0
 11
831.0
 21
125.0
 31
0.0
  0
LINE
  5
D94
330
CDE
100
AcDbEntity
 67
1
  8
G-ANTET
370
18
100
AcDbLine
 10
651.0
 20
131.0
 30
0.0
 11
831.0
 21
131.0
 31
0.0
  0
LINE
  5
D95
330
CDE
100
AcDbEntity
 67
1
  8
G-ANTET
370
18
100
AcDbLine
 10
651.0
 20
137.0
 30
0.0
 11
831.0
 21
137.0
 31
0.0
  0
LINE
  5
D96
330
CDE
100
AcDbEntity
 67
1
  8
G-ANTET
370
18
100
AcDbLine
 10
663.0
 20
107.0
 30
0.0
 11
663.0
 21
143.0
 31
0.0
  0
LINE
  5
D97
330
CDE
100
AcDbEntity
 67
1
  8
G-ANTET
370
18
100
AcDbLine
 10
687.0
 20
107.0
 30
0.0
 11
687.0
 21
143.0
 31
0.0
  0
LINE
  5
D98
330
CDE
100
AcDbEntity
 67
1
  8
G-ANTET
370
18
100
AcDbLine
 10
777.0
 20
107.0
 30
0.0
 11
777.0
 21
143.0
 31
0.0
  0
LINE
  5
D99
330
CDE
100
AcDbEntity
 67
1
  8
G-ANTET
370
18
100
AcDbLine
 10
795.0
 20
107.0
 30
0.0
 11
795.0
 21
143.0
 31
0.0
  0
LINE
  5
D9A
330
CDE
100
AcDbEntity
 67
1
  8
G-ANTET
370
18
100
AcDbLine
 10
813.0
 20
107.0
 30
0.0
 11
813.0
 21
143.0
 31
0.0
  0
TEXT
  5
D9B
330
CDE
100
AcDbEntity
 67
1
  8
G-ANTET
100
AcDbText
 10
652.2
 20
140.0
 30
0.0
 40
1.8
  1
REV
  7
GYM
 11
652.2
 21
140.0
 31
0.0
100
AcDbText
 73
2
  0
TEXT
  5
D9C
330
CDE
100
AcDbEntity
 67
1
  8
G-ANTET
100
AcDbText
 10
664.2
 20
140.0
 30
0.0
 40
1.8
  1
TARİH
  7
GYM
 11
664.2
 21
140.0
 31
0.0
100
AcDbText
 73
2
  0
TEXT
  5
D9D
330
CDE
100
AcDbEntity
 67
1
  8
G-ANTET
100
AcDbText
 10
688.2
 20
140.0
 30
0.0
 40
1.8
  1
AÇIKLAMA
  7
GYM
 11
688.2
 21
140.0
 31
0.0
100
AcDbText
 73
2
  0
TEXT
  5
D9E
330
CDE
100
AcDbEntity
 67
1
  8
G-ANTET
100
AcDbText
 10
778.2
 20
140.0
 30
0.0
 40
1.8
  1
ÇZ
  7
GYM
 11
778.2
 21
140.0
 31
0.0
100
AcDbText
 73
2
  0
TEXT
  5
D9F
330
CDE
100
AcDbEntity
 67
1
  8
G-ANTET
100
AcDbText
 10
796.2
 20
140.0
 30
0.0
 40
1.8
  1
KT
  7
GYM
 11
796.2
 21
140.0
 31
0.0
100
AcDbText
 73
2
  0
TEXT
  5
DA0
330
CDE
100
AcDbEntity
 67
1
  8
G-ANTET
100
AcDbText
 10
814.2
 20
140.0
 30
0.0
 40
1.8
  1
ON
  7
GYM
 11
814.2
 21
140.0
 31
0.0
100
AcDbText
 73
2
  0
TEXT
  5
DA1
330
CDE
100
AcDbEntity
 67
1
  8
G-ANTET
100
AcDbText
 10
652.2
 20
134.0
 30
0.0
 40
1.8
  1
A
  7
GYM
 11
652.2
 21
134.0
 31
0.0
100
AcDbText
 73
2
  0
TEXT
  5
DA2
330
CDE
100
AcDbEntity
 67
1
  8
G-ANTET
100
AcDbText
 10
664.2
 20
134.0
 30
0.0
 40
1.8
  1
17.09.2026
  7
GYM
 11
664.2
 21
134.0
 31
0.0
100
AcDbText
 73
2
  0
TEXT
  5
DA3
330
CDE
100
AcDbEntity
 67
1
  8
G-ANTET
100
AcDbText
 10
688.2
 20
134.0
 30
0.0
 40
1.8
  1
İlk yayın — ön tasarım
  7
GYM
 11
688.2
 21
134.0
 31
0.0
100
AcDbText
 73
2
  0
TEXT
  5
DA4
330
CDE
100
AcDbEntity
 67
1
  8
G-ANTET
100
AcDbText
 10
778.2
 20
134.0
 30
0.0
 40
1.8
  1
CC
  7
GYM
 11
778.2
 21
134.0
 31
0.0
100
AcDbText
 73
2
  0
TEXT
  5
DA5
330
CDE
100
AcDbEntity
 67
1
  8
G-ANTET
100
AcDbText
 10
796.2
 20
134.0
 30
0.0
 40
1.8
  1
—
  7
GYM
 11
796.2
 21
134.0
 31
0.0
100
AcDbText
 73
2
  0
TEXT
  5
DA6
330
CDE
100
AcDbEntity
 67
1
  8
G-ANTET
100
AcDbText
 10
814.2
 20
134.0
 30
0.0
 40
1.8
  1
—
  7
GYM
 11
814.2
 21
134.0
 31
0.0
100
AcDbText
 73
2
  0
TEXT
  5
DA7
330
CDE
100
AcDbEntity
 67
1
  8
G-ANTET
100
AcDbText
 10
652.2
 20
128.0
 30
0.0
 40
1.8
  1
B
  7
GYM
 11
652.2
 21
128.0
 31
0.0
100
AcDbText
 73
2
  0
TEXT
  5
DA8
330
CDE
100
AcDbEntity
 67
1
  8
G-ANTET
100
AcDbText
 10
664.2
 20
128.0
 30
0.0
 40
1.8
  1
18.09.2026
  7
GYM
 11
664.2
 21
128.0
 31
0.0
100
AcDbText
 73
2
  0
TEXT
  5
DA9
330
CDE
100
AcDbEntity
 67
1
  8
G-ANTET
100
AcDbText
 10
688.2
 20
128.0
 30
0.0
 40
1.8
  1
Aks sistemi, zincir ölçü, ISO 5457/7200 pafta
  7
GYM
 11
688.2
 21
128.0
 31
0.0
100
AcDbText
 73
2
  0
TEXT
  5
DAA
330
CDE
100
AcDbEntity
 67
1
  8
G-ANTET
100
AcDbText
 10
778.2
 20
128.0
 30
0.0
 40
1.8
  1
CC
  7
GYM
 11
778.2
 21
128.0
 31
0.0
100
AcDbText
 73
2
  0
TEXT
  5
DAB
330
CDE
100
AcDbEntity
 67
1
  8
G-ANTET
100
AcDbText
 10
796.2
 20
128.0
 30
0.0
 40
1.8
  1
—
  7
GYM
 11
796.2
 21
128.0
 31
0.0
100
AcDbText
 73
2
  0
TEXT
  5
DAC
330
CDE
100
AcDbEntity
 67
1
  8
G-ANTET
100
AcDbText
 10
814.2
 20
128.0
 30
0.0
 40
1.8
  1
—
  7
GYM
 11
814.2
 21
128.0
 31
0.0
100
AcDbText
 73
2
  0
TEXT
  5
DAD
330
CDE
100
AcDbEntity
 67
1
  8
G-ANTET
100
AcDbText
 10
652.2
 20
122.0
 30
0.0
 40
1.8
  1
C
  7
GYM
 11
652.2
 21
122.0
 31
0.0
100
AcDbText
 73
2
  0
TEXT
  5
DAE
330
CDE
100
AcDbEntity
 67
1
  8
G-ANTET
100
AcDbText
 10
664.2
 20
122.0
 30
0.0
 40
1.8
  1
18.09.2026
  7
GYM
 11
664.2
 21
122.0
 31
0.0
100
AcDbText
 73
2
  0
TEXT
  5
DAF
330
CDE
100
AcDbEntity
 67
1
  8
G-ANTET
100
AcDbText
 10
688.2
 20
122.0
 30
0.0
 40
1.8
  1
A1 pafta, tekil DXF, ADP tek hat şeması CAD'de
  7
GYM
 11
688.2
 21
122.0
 31
0.0
100
AcDbText
 73
2
  0
TEXT
  5
DB0
330
CDE
100
AcDbEntity
 67
1
  8
G-ANTET
100
AcDbText
 10
778.2
 20
122.0
 30
0.0
 40
1.8
  1
CC
  7
GYM
 11
778.2
 21
122.0
 31
0.0
100
AcDbText
 73
2
  0
TEXT
  5
DB1
330
CDE
100
AcDbEntity
 67
1
  8
G-ANTET
100
AcDbText
 10
796.2
 20
122.0
 30
0.0
 40
1.8
  1
—
  7
GYM
 11
796.2
 21
122.0
 31
0.0
100
AcDbText
 73
2
  0
TEXT
  5
DB2
330
CDE
100
AcDbEntity
 67
1
  8
G-ANTET
100
AcDbText
 10
814.2
 20
122.0
 30
0.0
 40
1.8
  1
—
  7
GYM
 11
814.2
 21
122.0
 31
0.0
100
AcDbText
 73
2
  0
TEXT
  5
DB3
330
CDE
100
AcDbEntity
 67
1
  8
E-TEKHAT-YAZI
100
AcDbText
 10
78.0
 20
566.0
 30
0.0
 40
7.0
  1
ADP — ANA DAĞITIM PANOSU · TEK HAT ŞEMASI
  7
GYM-B
 11
78.0
 21
566.0
 31
0.0
100
AcDbText
 73
2
  0
TEXT
  5
DB4
330
CDE
100
AcDbEntity
 67
1
  8
E-TEKHAT-YAZI
100
AcDbText
 10
78.0
 20
558.0
 30
0.0
 40
2.5
  1
IEC 60617 sembolleri · IEC 81346-2 referans işaretleri · ölçeksiz · TN-S sistem
  7
GYM
 11
78.0
 21
558.0
 31
0.0
100
AcDbText
 73
2
  0
TEXT
  5
DB5
330
CDE
100
AcDbEntity
 67
1
  8
E-TEKHAT-YAZI
100
AcDbText
 10
64.0
 20
556.5
 30
0.0
 40
2.5
  1
ŞEBEKE / SAYAÇ PANOSU
  7
GYM-B
 72
1
 11
64.0
 21
556.5
 31
0.0
100
AcDbText
 73
2
  0
LINE
  5
DB6
330
CDE
100
AcDbEntity
 67
1
  8
E-TEKHAT-TEL
370
35
100
AcDbLine
 10
64.0
 20
550.5
 30
0.0
 11
64.0
 21
548.0
 31
0.0
  0
CIRCLE
  5
DB7
330
CDE
100
AcDbEntity
 67
1
  8
E-TEKHAT-SEMBOL
370
35
100
AcDbCircle
 10
64.0
 20
538.0
 30
0.0
 40
6.0
  0
LINE
  5
DB8
330
CDE
100
AcDbEntity
 67
1
  8
E-TEKHAT-TEL
370
35
100
AcDbLine
 10
64.0
 20
528.0
 30
0.0
 11
64.0
 21
532.0
 31
0.0
  0
LINE
  5
DB9
330
CDE
100
AcDbEntity
 67
1
  8
E-TEKHAT-TEL
370
35
100
AcDbLine
 10
64.0
 20
544.0
 30
0.0
 11
64.0
 21
548.0
 31
0.0
  0
TEXT
  5
DBA
330
CDE
100
AcDbEntity
 67
1
  8
E-TEKHAT-SEMBOL
100
AcDbText
 10
64.0
 20
538.0
 30
0.0
 40
2.5
  1
kWh
  7
GYM
 72
1
 11
64.0
 21
538.0
 31
0.0
100
AcDbText
 73
2
  0
TEXT
  5
DBB
330
CDE
100
AcDbEntity
 67
1
  8
E-TEKHAT-YAZI
100
AcDbText
 10
72.0
 20
538.0
 30
0.0
 40
2.0
  1
-P1  3F kWh sayacı
  7
GYM
 11
72.0
 21
538.0
 31
0.0
100
AcDbText
 73
2
  0
LINE
  5
DBC
330
CDE
100
AcDbEntity
 67
1
  8
E-TEKHAT-TEL
370
35
100
AcDbLine
 10
64.0
 20
528.0
 30
0.0
 11
64.0
 21
514.0
 31
0.0
  0
LINE
  5
DBD
330
CDE
100
AcDbEntity
 67
1
  8
E-TEKHAT-SEMBOL
370
25
100
AcDbLine
 10
58.5
 20
515.5
 30
0.0
 11
63.5
 21
520.5
 31
0.0
  0
LINE
  5
DBE
330
CDE
100
AcDbEntity
 67
1
  8
E-TEKHAT-SEMBOL
370
25
100
AcDbLine
 10
60.0
 20
517.0
 30
0.0
 11
65.0
 21
522.0
 31
0.0
  0
LINE
  5
DBF
330
CDE
100
AcDbEntity
 67
1
  8
E-TEKHAT-SEMBOL
370
25
100
AcDbLine
 10
61.5
 20
518.5
 30
0.0
 11
66.5
 21
523.5
 31
0.0
  0
LINE
  5
DC0
330
CDE
100
AcDbEntity
 67
1
  8
E-TEKHAT-SEMBOL
370
25
100
AcDbLine
 10
63.0
 20
520.0
 30
0.0
 11
68.0
 21
525.0
 31
0.0
  0
LINE
  5
DC1
330
CDE
100
AcDbEntity
 67
1
  8
E-TEKHAT-SEMBOL
370
25
100
AcDbLine
 10
64.5
 20
521.5
 30
0.0
 11
69.5
 21
526.5
 31
0.0
  0
TEXT
  5
DC2
330
CDE
100
AcDbEntity
 67
1
  8
E-TEKHAT-YAZI
100
AcDbText
 10
70.0
 20
521.0
 30
0.0
 40
1.8
  1
NYY 5×10 mm² · 25 m · ΔU %0,52
 50
90.0
  7
GYM
 11
70.0
 21
521.0
 31
0.0
100
AcDbText
 73
2
  0
LINE
  5
DC3
330
CDE
100
AcDbEntity
 67
1
  8
E-TEKHAT-SEMBOL
370
35
100
AcDbLine
 10
56.5
 20
494.0
 30
0.0
 11
56.5
 21
499.0
 31
0.0
  0
HATCH
  5
DC4
330
CDE
100
AcDbEntity
 67
1
  8
E-TEKHAT-SEMBOL
 62
7
100
AcDbHatch
 10
0.0
 20
0.0
 30
0.0
210
0.0
220
0.0
230
1.0
  2
SOLID
 70
1
 71
0
 91
1
 92
1
 93
1
 72
2
 10
56.5
 20
499.0
 40
0.5
 50
0.0
 51
360.0
 73
1
 97
0
 75
0
 76
1
 98
0
  0
LINE
  5
DC5
330
CDE
100
AcDbEntity
 67
1
  8
E-TEKHAT-SEMBOL
370
35
100
AcDbLine
 10
56.5
 20
499.0
 30
0.0
 11
61.5
 21
507.66025403784437
 31
0.0
  0
LINE
  5
DC6
330
CDE
100
AcDbEntity
 67
1
  8
E-TEKHAT-SEMBOL
370
35
100
AcDbLine
 10
56.5
 20
509.0
 30
0.0
 11
56.5
 21
514.0
 31
0.0
  0
LINE
  5
DC7
330
CDE
100
AcDbEntity
 67
1
  8
E-TEKHAT-SEMBOL
370
35
100
AcDbLine
 10
53.5
 20
509.0
 30
0.0
 11
59.5
 21
509.0
 31
0.0
  0
LINE
  5
DC8
330
CDE
100
AcDbEntity
 67
1
  8
E-TEKHAT-SEMBOL
370
35
100
AcDbLine
 10
61.5
 20
494.0
 30
0.0
 11
61.5
 21
499.0
 31
0.0
  0
HATCH
  5
DC9
330
CDE
100
AcDbEntity
 67
1
  8
E-TEKHAT-SEMBOL
 62
7
100
AcDbHatch
 10
0.0
 20
0.0
 30
0.0
210
0.0
220
0.0
230
1.0
  2
SOLID
 70
1
 71
0
 91
1
 92
1
 93
1
 72
2
 10
61.5
 20
499.0
 40
0.5
 50
0.0
 51
360.0
 73
1
 97
0
 75
0
 76
1
 98
0
  0
LINE
  5
DCA
330
CDE
100
AcDbEntity
 67
1
  8
E-TEKHAT-SEMBOL
370
35
100
AcDbLine
 10
61.5
 20
499.0
 30
0.0
 11
66.5
 21
507.66025403784437
 31
0.0
  0
LINE
  5
DCB
330
CDE
100
AcDbEntity
 67
1
  8
E-TEKHAT-SEMBOL
370
35
100
AcDbLine
 10
61.5
 20
509.0
 30
0.0
 11
61.5
 21
514.0
 31
0.0
  0
LINE
  5
DCC
330
CDE
100
AcDbEntity
 67
1
  8
E-TEKHAT-SEMBOL
370
35
100
AcDbLine
 10
58.5
 20
509.0
 30
0.0
 11
64.5
 21
509.0
 31
0.0
  0
LINE
  5
DCD
330
CDE
100
AcDbEntity
 67
1
  8
E-TEKHAT-SEMBOL
370
35
100
AcDbLine
 10
66.5
 20
494.0
 30
0.0
 11
66.5
 21
499.0
 31
0.0
  0
HATCH
  5
DCE
330
CDE
100
AcDbEntity
 67
1
  8
E-TEKHAT-SEMBOL
 62
7
100
AcDbHatch
 10
0.0
 20
0.0
 30
0.0
210
0.0
220
0.0
230
1.0
  2
SOLID
 70
1
 71
0
 91
1
 92
1
 93
1
 72
2
 10
66.5
 20
499.0
 40
0.5
 50
0.0
 51
360.0
 73
1
 97
0
 75
0
 76
1
 98
0
  0
LINE
  5
DCF
330
CDE
100
AcDbEntity
 67
1
  8
E-TEKHAT-SEMBOL
370
35
100
AcDbLine
 10
66.5
 20
499.0
 30
0.0
 11
71.5
 21
507.66025403784437
 31
0.0
  0
LINE
  5
DD0
330
CDE
100
AcDbEntity
 67
1
  8
E-TEKHAT-SEMBOL
370
35
100
AcDbLine
 10
66.5
 20
509.0
 30
0.0
 11
66.5
 21
514.0
 31
0.0
  0
LINE
  5
DD1
330
CDE
100
AcDbEntity
 67
1
  8
E-TEKHAT-SEMBOL
370
35
100
AcDbLine
 10
63.5
 20
509.0
 30
0.0
 11
69.5
 21
509.0
 31
0.0
  0
LINE
  5
DD2
330
CDE
100
AcDbEntity
 67
1
  8
E-TEKHAT-SEMBOL
370
35
100
AcDbLine
 10
71.5
 20
494.0
 30
0.0
 11
71.5
 21
499.0
 31
0.0
  0
HATCH
  5
DD3
330
CDE
100
AcDbEntity
 67
1
  8
E-TEKHAT-SEMBOL
 62
7
100
AcDbHatch
 10
0.0
 20
0.0
 30
0.0
210
0.0
220
0.0
230
1.0
  2
SOLID
 70
1
 71
0
 91
1
 92
1
 93
1
 72
2
 10
71.5
 20
499.0
 40
0.5
 50
0.0
 51
360.0
 73
1
 97
0
 75
0
 76
1
 98
0
  0
LINE
  5
DD4
330
CDE
100
AcDbEntity
 67
1
  8
E-TEKHAT-SEMBOL
370
35
100
AcDbLine
 10
71.5
 20
499.0
 30
0.0
 11
76.5
 21
507.66025403784437
 31
0.0
  0
LINE
  5
DD5
330
CDE
100
AcDbEntity
 67
1
  8
E-TEKHAT-SEMBOL
370
35
100
AcDbLine
 10
71.5
 20
509.0
 30
0.0
 11
71.5
 21
514.0
 31
0.0
  0
LINE
  5
DD6
330
CDE
100
AcDbEntity
 67
1
  8
E-TEKHAT-SEMBOL
370
35
100
AcDbLine
 10
68.5
 20
509.0
 30
0.0
 11
74.5
 21
509.0
 31
0.0
  0
LWPOLYLINE
  5
DD7
330
CDE
100
AcDbEntity
 67
1
  8
E-TEKHAT-SEMBOL
  6
DASHED
370
25
100
AcDbPolyline
 90
2
 70
0
 10
56.5
 20
499.0
 10
71.5
 20
499.0
  0
TEXT
  5
DD8
330
CDE
100
AcDbEntity
 67
1
  8
E-TEKHAT-YAZI
100
AcDbText
 10
52.5
 20
504.0
 30
0.0
 40
2.5
  1
-Q1
  7
GYM-B
 72
2
 11
52.5
 21
504.0
 31
0.0
100
AcDbText
 73
2
  0
TEXT
  5
DD9
330
CDE
100
AcDbEntity
 67
1
  8
E-TEKHAT-YAZI
100
AcDbText
 10
81.5
 20
507.0
 30
0.0
 40
2.0
  1
ANA ŞALTER 4×32 A
  7
GYM
 11
81.5
 21
507.0
 31
0.0
100
AcDbText
 73
2
  0
TEXT
  5
DDA
330
CDE
100
AcDbEntity
 67
1
  8
E-TEKHAT-YAZI
100
AcDbText
 10
81.5
 20
500.5
 30
0.0
 40
2.0
  1
4×63 A / 300 mA, S tipi (seçicilik) — ana giriş
  7
GYM
 11
81.5
 21
500.5
 31
0.0
100
AcDbText
 73
2
  0
LINE
  5
DDB
330
CDE
100
AcDbEntity
 67
1
  8
E-TEKHAT-TEL
370
50
100
AcDbLine
 10
64.0
 20
494.0
 30
0.0
 11
64.0
 21
446.0
 31
0.0
  0
LINE
  5
DDC
330
CDE
100
AcDbEntity
 67
1
  8
E-TEKHAT-TEL
370
35
100
AcDbLine
 10
64.0
 20
466.0
 30
0.0
 11
94.0
 21
466.0
 31
0.0
  0
LINE
  5
DDD
330
CDE
100
AcDbEntity
 67
1
  8
E-TEKHAT-TEL
370
35
100
AcDbLine
 10
94.0
 20
466.0
 30
0.0
 11
94.0
 21
481.0
 31
0.0
  0
LWPOLYLINE
  5
DDE
330
CDE
100
AcDbEntity
 67
1
  8
E-TEKHAT-SEMBOL
370
35
100
AcDbPolyline
 90
4
 70
1
 10
90.0
 20
455.0
 10
98.0
 20
455.0
 10
98.0
 20
462.0
 10
90.0
 20
462.0
  0
LINE
  5
DDF
330
CDE
100
AcDbEntity
 67
1
  8
E-TEKHAT-TEL
370
35
100
AcDbLine
 10
94.0
 20
462.0
 30
0.0
 11
94.0
 21
466.0
 31
0.0
  0
LINE
  5
DE0
330
CDE
100
AcDbEntity
 67
1
  8
E-TEKHAT-TEL
370
35
100
AcDbLine
 10
94.0
 20
451.0
 30
0.0
 11
94.0
 21
455.0
 31
0.0
  0
LINE
  5
DE1
330
CDE
100
AcDbEntity
 67
1
  8
E-TEKHAT-SEMBOL
370
35
100
AcDbLine
 10
91.5
 20
456.5
 30
0.0
 11
96.5
 21
460.5
 31
0.0
  0
HATCH
  5
DE2
330
CDE
100
AcDbEntity
 67
1
  8
E-TEKHAT-SEMBOL
 62
7
100
AcDbHatch
 10
0.0
 20
0.0
 30
0.0
210
0.0
220
0.0
230
1.0
  2
SOLID
 70
1
 71
0
 91
1
 92
3
 72
0
 73
1
 93
3
 10
96.5
 20
460.5
 10
94.56454278129574
 20
459.9960105610575
 10
95.58344652375519
 20
458.7223808829832
 97
0
 75
0
 76
1
 98
0
  0
LINE
  5
DE3
330
CDE
100
AcDbEntity
 67
1
  8
E-TEKHAT-TEL
370
35
100
AcDbLine
 10
94.0
 20
451.0
 30
0.0
 11
94.0
 21
446.0
 31
0.0
  0
LINE
  5
DE4
330
CDE
100
AcDbEntity
 67
1
  8
E-TEKHAT-SEMBOL
370
35
100
AcDbLine
 10
89.0
 20
446.0
 30
0.0
 11
99.0
 21
446.0
 31
0.0
  0
LINE
  5
DE5
330
CDE
100
AcDbEntity
 67
1
  8
E-TEKHAT-SEMBOL
370
35
100
AcDbLine
 10
91.0
 20
444.0
 30
0.0
 11
97.0
 21
444.0
 31
0.0
  0
LINE
  5
DE6
330
CDE
100
AcDbEntity
 67
1
  8
E-TEKHAT-SEMBOL
370
35
100
AcDbLine
 10
92.5
 20
442.0
 30
0.0
 11
95.5
 21
442.0
 31
0.0
  0
TEXT
  5
DE7
330
CDE
100
AcDbEntity
 67
1
  8
E-TEKHAT-YAZI
100
AcDbText
 10
100.0
 20
458.5
 30
0.0
 40
2.0
  1
-F0  SPD Tip 2
  7
GYM
 11
100.0
 21
458.5
 31
0.0
100
AcDbText
 73
2
  0
TEXT
  5
DE8
330
CDE
100
AcDbEntity
 67
1
  8
E-TEKHAT-YAZI
100
AcDbText
 10
100.0
 20
453.5
 30
0.0
 40
1.8
  1
Up 1,4 kV · In 20 kA · Imax 40 kA
  7
GYM
 11
100.0
 21
453.5
 31
0.0
100
AcDbText
 73
2
  0
HATCH
  5
DE9
330
CDE
100
AcDbEntity
 67
1
  8
E-TEKHAT-BARA
 62
7
100
AcDbHatch
 10
0.0
 20
0.0
 30
0.0
210
0.0
220
0.0
230
1.0
  2
SOLID
 70
1
 71
0
 91
1
 92
1
 93
1
 72
2
 10
64.0
 20
466.0
 40
0.5
 50
0.0
 51
360.0
 73
1
 97
0
 75
0
 76
1
 98
0
  0
LWPOLYLINE
  5
DEA
330
CDE
100
AcDbEntity
 67
1
  8
E-TEKHAT-BARA
370
70
100
AcDbPolyline
 90
2
 70
0
 10
60.0
 20
446.0
 10
764.0
 20
446.0
  0
LWPOLYLINE
  5
DEB
330
CDE
100
AcDbEntity
 67
1
  8
E-TEKHAT-BARA
370
35
100
AcDbPolyline
 90
2
 70
0
 10
60.0
 20
440.0
 10
764.0
 20
440.0
  0
LWPOLYLINE
  5
DEC
330
CDE
100
AcDbEntity
 67
1
  8
E-TEKHAT-BARA
370
35
100
AcDbPolyline
 90
2
 70
0
 10
60.0
 20
434.0
 10
764.0
 20
434.0
  0
TEXT
  5
DED
330
CDE
100
AcDbEntity
 67
1
  8
E-TEKHAT-YAZI
100
AcDbText
 10
58.0
 20
446.0
 30
0.0
 40
2.0
  1
L1·L2·L3
  7
GYM-B
 72
2
 11
58.0
 21
446.0
 31
0.0
100
AcDbText
 73
2
  0
TEXT
  5
DEE
330
CDE
100
AcDbEntity
 67
1
  8
E-TEKHAT-YAZI
100
AcDbText
 10
58.0
 20
440.0
 30
0.0
 40
2.0
  1
N
  7
GYM-B
 72
2
 11
58.0
 21
440.0
 31
0.0
100
AcDbText
 73
2
  0
TEXT
  5
DEF
330
CDE
100
AcDbEntity
 67
1
  8
E-TEKHAT-YAZI
100
AcDbText
 10
58.0
 20
434.0
 30
0.0
 40
2.0
  1
PE
  7
GYM-B
 72
2
 11
58.0
 21
434.0
 31
0.0
100
AcDbText
 73
2
  0
LINE
  5
DF0
330
CDE
100
AcDbEntity
 67
1
  8
E-TEKHAT-TEL
370
35
100
AcDbLine
 10
52.0
 20
434.0
 30
0.0
 11
52.0
 21
429.0
 31
0.0
  0
LINE
  5
DF1
330
CDE
100
AcDbEntity
 67
1
  8
E-TEKHAT-SEMBOL
370
35
100
AcDbLine
 10
47.0
 20
429.0
 30
0.0
 11
57.0
 21
429.0
 31
0.0
  0
LINE
  5
DF2
330
CDE
100
AcDbEntity
 67
1
  8
E-TEKHAT-SEMBOL
370
35
100
AcDbLine
 10
49.0
 20
427.0
 30
0.0
 11
55.0
 21
427.0
 31
0.0
  0
LINE
  5
DF3
330
CDE
100
AcDbEntity
 67
1
  8
E-TEKHAT-SEMBOL
370
35
100
AcDbLine
 10
50.5
 20
425.0
 30
0.0
 11
53.5
 21
425.0
 31
0.0
  0
CIRCLE
  5
DF4
330
CDE
100
AcDbEntity
 67
1
  8
E-TEKHAT-SEMBOL
370
25
100
AcDbCircle
 10
52.0
 20
427.0
 30
0.0
 40
6.5
  0
TEXT
  5
DF5
330
CDE
100
AcDbEntity
 67
1
  8
E-TEKHAT-YAZI
100
AcDbText
 10
762.0
 20
453.0
 30
0.0
 40
2.5
  1
ANA BARA  3L+N+PE  400/230 V  50 Hz  ·  Cu  ·  In 32 A  ·  Icu 6 kA
  7
GYM-B
 72
2
 11
762.0
 21
453.0
 31
0.0
100
AcDbText
 73
2
  0
LINE
  5
DF6
330
CDE
100
AcDbEntity
 67
1
  8
E-TEKHAT-TEL
370
35
100
AcDbLine
 10
143.0
 20
446.0
 30
0.0
 11
143.0
 21
426.0
 31
0.0
  0
HATCH
  5
DF7
330
CDE
100
AcDbEntity
 67
1
  8
E-TEKHAT-BARA
 62
7
100
AcDbHatch
 10
0.0
 20
0.0
 30
0.0
210
0.0
220
0.0
230
1.0
  2
SOLID
 70
1
 71
0
 91
1
 92
1
 93
1
 72
2
 10
143.0
 20
446.0
 40
0.5
 50
0.0
 51
360.0
 73
1
 97
0
 75
0
 76
1
 98
0
  0
LINE
  5
DF8
330
CDE
100
AcDbEntity
 67
1
  8
E-TEKHAT-SEMBOL
370
35
100
AcDbLine
 10
135.5
 20
406.0
 30
0.0
 11
135.5
 21
411.0
 31
0.0
  0
HATCH
  5
DF9
330
CDE
100
AcDbEntity
 67
1
  8
E-TEKHAT-SEMBOL
 62
7
100
AcDbHatch
 10
0.0
 20
0.0
 30
0.0
210
0.0
220
0.0
230
1.0
  2
SOLID
 70
1
 71
0
 91
1
 92
1
 93
1
 72
2
 10
135.5
 20
411.0
 40
0.5
 50
0.0
 51
360.0
 73
1
 97
0
 75
0
 76
1
 98
0
  0
LINE
  5
DFA
330
CDE
100
AcDbEntity
 67
1
  8
E-TEKHAT-SEMBOL
370
35
100
AcDbLine
 10
135.5
 20
411.0
 30
0.0
 11
140.5
 21
419.66025403784437
 31
0.0
  0
LINE
  5
DFB
330
CDE
100
AcDbEntity
 67
1
  8
E-TEKHAT-SEMBOL
370
35
100
AcDbLine
 10
135.5
 20
421.0
 30
0.0
 11
135.5
 21
426.0
 31
0.0
  0
LINE
  5
DFC
330
CDE
100
AcDbEntity
 67
1
  8
E-TEKHAT-SEMBOL
370
35
100
AcDbLine
 10
140.5
 20
406.0
 30
0.0
 11
140.5
 21
411.0
 31
0.0
  0
HATCH
  5
DFD
330
CDE
100
AcDbEntity
 67
1
  8
E-TEKHAT-SEMBOL
 62
7
100
AcDbHatch
 10
0.0
 20
0.0
 30
0.0
210
0.0
220
0.0
230
1.0
  2
SOLID
 70
1
 71
0
 91
1
 92
1
 93
1
 72
2
 10
140.5
 20
411.0
 40
0.5
 50
0.0
 51
360.0
 73
1
 97
0
 75
0
 76
1
 98
0
  0
LINE
  5
DFE
330
CDE
100
AcDbEntity
 67
1
  8
E-TEKHAT-SEMBOL
370
35
100
AcDbLine
 10
140.5
 20
411.0
 30
0.0
 11
145.5
 21
419.66025403784437
 31
0.0
  0
LINE
  5
DFF
330
CDE
100
AcDbEntity
 67
1
  8
E-TEKHAT-SEMBOL
370
35
100
AcDbLine
 10
140.5
 20
421.0
 30
0.0
 11
140.5
 21
426.0
 31
0.0
  0
LINE
  5
E00
330
CDE
100
AcDbEntity
 67
1
  8
E-TEKHAT-SEMBOL
370
35
100
AcDbLine
 10
145.5
 20
406.0
 30
0.0
 11
145.5
 21
411.0
 31
0.0
  0
HATCH
  5
E01
330
CDE
100
AcDbEntity
 67
1
  8
E-TEKHAT-SEMBOL
 62
7
100
AcDbHatch
 10
0.0
 20
0.0
 30
0.0
210
0.0
220
0.0
230
1.0
  2
SOLID
 70
1
 71
0
 91
1
 92
1
 93
1
 72
2
 10
145.5
 20
411.0
 40
0.5
 50
0.0
 51
360.0
 73
1
 97
0
 75
0
 76
1
 98
0
  0
LINE
  5
E02
330
CDE
100
AcDbEntity
 67
1
  8
E-TEKHAT-SEMBOL
370
35
100
AcDbLine
 10
145.5
 20
411.0
 30
0.0
 11
150.5
 21
419.66025403784437
 31
0.0
  0
LINE
  5
E03
330
CDE
100
AcDbEntity
 67
1
  8
E-TEKHAT-SEMBOL
370
35
100
AcDbLine
 10
145.5
 20
421.0
 30
0.0
 11
145.5
 21
426.0
 31
0.0
  0
LINE
  5
E04
330
CDE
100
AcDbEntity
 67
1
  8
E-TEKHAT-SEMBOL
370
35
100
AcDbLine
 10
150.5
 20
406.0
 30
0.0
 11
150.5
 21
411.0
 31
0.0
  0
HATCH
  5
E05
330
CDE
100
AcDbEntity
 67
1
  8
E-TEKHAT-SEMBOL
 62
7
100
AcDbHatch
 10
0.0
 20
0.0
 30
0.0
210
0.0
220
0.0
230
1.0
  2
SOLID
 70
1
 71
0
 91
1
 92
1
 93
1
 72
2
 10
150.5
 20
411.0
 40
0.5
 50
0.0
 51
360.0
 73
1
 97
0
 75
0
 76
1
 98
0
  0
LINE
  5
E06
330
CDE
100
AcDbEntity
 67
1
  8
E-TEKHAT-SEMBOL
370
35
100
AcDbLine
 10
150.5
 20
411.0
 30
0.0
 11
155.5
 21
419.66025403784437
 31
0.0
  0
LINE
  5
E07
330
CDE
100
AcDbEntity
 67
1
  8
E-TEKHAT-SEMBOL
370
35
100
AcDbLine
 10
150.5
 20
421.0
 30
0.0
 11
150.5
 21
426.0
 31
0.0
  0
LWPOLYLINE
  5
E08
330
CDE
100
AcDbEntity
 67
1
  8
E-TEKHAT-SEMBOL
  6
DASHED
370
25
100
AcDbPolyline
 90
2
 70
0
 10
135.5
 20
411.0
 10
150.5
 20
411.0
  0
ELLIPSE
  5
E09
330
CDE
100
AcDbEntity
 67
1
  8
E-TEKHAT-SEMBOL
370
35
100
AcDbEllipse
 10
143.0
 20
416.0
 30
0.0
 11
11.25
 21
0.0
 31
0.0
 40
0.26666666666666666
 41
0.0
 42
6.283185307179586
  0
LINE
  5
E0A
330
CDE
100
AcDbEntity
 67
1
  8
E-TEKHAT-SEMBOL
370
25
100
AcDbLine
 10
154.25
 20
416.0
 30
0.0
 11
160.25
 21
416.0
 31
0.0
  0
LWPOLYLINE
  5
E0B
330
CDE
100
AcDbEntity
 67
1
  8
E-TEKHAT-SEMBOL
370
35
100
AcDbPolyline
 90
4
 70
1
 10
160.25
 20
413.0
 10
168.25
 20
413.0
 10
168.25
 20
419.0
 10
160.25
 20
419.0
  0
TEXT
  5
E0C
330
CDE
100
AcDbEntity
 67
1
  8
E-TEKHAT-SEMBOL
100
AcDbText
 10
164.25
 20
416.0
 30
0.0
 40
2.0
  1
I∆n
  7
GYM
 72
1
 11
164.25
 21
416.0
 31
0.0
100
AcDbText
 73
2
  0
TEXT
  5
E0D
330
CDE
100
AcDbEntity
 67
1
  8
E-TEKHAT-YAZI
100
AcDbText
 10
128.0
 20
416.0
 30
0.0
 40
2.5
  1
-F1
  7
GYM-B
 72
2
 11
128.0
 21
416.0
 31
0.0
100
AcDbText
 73
2
  0
LINE
  5
E0E
330
CDE
100
AcDbEntity
 67
1
  8
E-TEKHAT-TEL
370
35
100
AcDbLine
 10
143.0
 20
406.0
 30
0.0
 11
143.0
 21
386.0
 31
0.0
  0
LWPOLYLINE
  5
E0F
330
CDE
100
AcDbEntity
 67
1
  8
E-TEKHAT-BARA
370
50
100
AcDbPolyline
 90
2
 70
0
 10
81.64
 20
386.0
 10
204.36
 20
386.0
  0
LWPOLYLINE
  5
E10
330
CDE
100
AcDbEntity
 67
1
  8
E-TEKHAT-GRUP
370
25
100
AcDbPolyline
 90
4
 70
0
 10
80.08
 20
389.0
 10
80.08
 20
392.0
 10
205.92
 20
392.0
 10
205.92
 20
389.0
  0
TEXT
  5
E11
330
CDE
100
AcDbEntity
 67
1
  8
E-TEKHAT-GRUP
100
AcDbText
 10
143.0
 20
395.0
 30
0.0
 40
2.0
  1
RCD-1  ·  4×40 A / 30 mA, A tipi
  7
GYM
 72
1
 11
143.0
 21
395.0
 31
0.0
100
AcDbText
 73
2
  0
LINE
  5
E12
330
CDE
100
AcDbEntity
 67
1
  8
E-TEKHAT-TEL
370
35
100
AcDbLine
 10
286.0
 20
446.0
 30
0.0
 11
286.0
 21
426.0
 31
0.0
  0
HATCH
  5
E13
330
CDE
100
AcDbEntity
 67
1
  8
E-TEKHAT-BARA
 62
7
100
AcDbHatch
 10
0.0
 20
0.0
 30
0.0
210
0.0
220
0.0
230
1.0
  2
SOLID
 70
1
 71
0
 91
1
 92
1
 93
1
 72
2
 10
286.0
 20
446.0
 40
0.5
 50
0.0
 51
360.0
 73
1
 97
0
 75
0
 76
1
 98
0
  0
LINE
  5
E14
330
CDE
100
AcDbEntity
 67
1
  8
E-TEKHAT-SEMBOL
370
35
100
AcDbLine
 10
278.5
 20
406.0
 30
0.0
 11
278.5
 21
411.0
 31
0.0
  0
HATCH
  5
E15
330
CDE
100
AcDbEntity
 67
1
  8
E-TEKHAT-SEMBOL
 62
7
100
AcDbHatch
 10
0.0
 20
0.0
 30
0.0
210
0.0
220
0.0
230
1.0
  2
SOLID
 70
1
 71
0
 91
1
 92
1
 93
1
 72
2
 10
278.5
 20
411.0
 40
0.5
 50
0.0
 51
360.0
 73
1
 97
0
 75
0
 76
1
 98
0
  0
LINE
  5
E16
330
CDE
100
AcDbEntity
 67
1
  8
E-TEKHAT-SEMBOL
370
35
100
AcDbLine
 10
278.5
 20
411.0
 30
0.0
 11
283.5
 21
419.66025403784437
 31
0.0
  0
LINE
  5
E17
330
CDE
100
AcDbEntity
 67
1
  8
E-TEKHAT-SEMBOL
370
35
100
AcDbLine
 10
278.5
 20
421.0
 30
0.0
 11
278.5
 21
426.0
 31
0.0
  0
LINE
  5
E18
330
CDE
100
AcDbEntity
 67
1
  8
E-TEKHAT-SEMBOL
370
35
100
AcDbLine
 10
283.5
 20
406.0
 30
0.0
 11
283.5
 21
411.0
 31
0.0
  0
HATCH
  5
E19
330
CDE
100
AcDbEntity
 67
1
  8
E-TEKHAT-SEMBOL
 62
7
100
AcDbHatch
 10
0.0
 20
0.0
 30
0.0
210
0.0
220
0.0
230
1.0
  2
SOLID
 70
1
 71
0
 91
1
 92
1
 93
1
 72
2
 10
283.5
 20
411.0
 40
0.5
 50
0.0
 51
360.0
 73
1
 97
0
 75
0
 76
1
 98
0
  0
LINE
  5
E1A
330
CDE
100
AcDbEntity
 67
1
  8
E-TEKHAT-SEMBOL
370
35
100
AcDbLine
 10
283.5
 20
411.0
 30
0.0
 11
288.5
 21
419.66025403784437
 31
0.0
  0
LINE
  5
E1B
330
CDE
100
AcDbEntity
 67
1
  8
E-TEKHAT-SEMBOL
370
35
100
AcDbLine
 10
283.5
 20
421.0
 30
0.0
 11
283.5
 21
426.0
 31
0.0
  0
LINE
  5
E1C
330
CDE
100
AcDbEntity
 67
1
  8
E-TEKHAT-SEMBOL
370
35
100
AcDbLine
 10
288.5
 20
406.0
 30
0.0
 11
288.5
 21
411.0
 31
0.0
  0
HATCH
  5
E1D
330
CDE
100
AcDbEntity
 67
1
  8
E-TEKHAT-SEMBOL
 62
7
100
AcDbHatch
 10
0.0
 20
0.0
 30
0.0
210
0.0
220
0.0
230
1.0
  2
SOLID
 70
1
 71
0
 91
1
 92
1
 93
1
 72
2
 10
288.5
 20
411.0
 40
0.5
 50
0.0
 51
360.0
 73
1
 97
0
 75
0
 76
1
 98
0
  0
LINE
  5
E1E
330
CDE
100
AcDbEntity
 67
1
  8
E-TEKHAT-SEMBOL
370
35
100
AcDbLine
 10
288.5
 20
411.0
 30
0.0
 11
293.5
 21
419.66025403784437
 31
0.0
  0
LINE
  5
E1F
330
CDE
100
AcDbEntity
 67
1
  8
E-TEKHAT-SEMBOL
370
35
100
AcDbLine
 10
288.5
 20
421.0
 30
0.0
 11
288.5
 21
426.0
 31
0.0
  0
LINE
  5
E20
330
CDE
100
AcDbEntity
 67
1
  8
E-TEKHAT-SEMBOL
370
35
100
AcDbLine
 10
293.5
 20
406.0
 30
0.0
 11
293.5
 21
411.0
 31
0.0
  0
HATCH
  5
E21
330
CDE
100
AcDbEntity
 67
1
  8
E-TEKHAT-SEMBOL
 62
7
100
AcDbHatch
 10
0.0
 20
0.0
 30
0.0
210
0.0
220
0.0
230
1.0
  2
SOLID
 70
1
 71
0
 91
1
 92
1
 93
1
 72
2
 10
293.5
 20
411.0
 40
0.5
 50
0.0
 51
360.0
 73
1
 97
0
 75
0
 76
1
 98
0
  0
LINE
  5
E22
330
CDE
100
AcDbEntity
 67
1
  8
E-TEKHAT-SEMBOL
370
35
100
AcDbLine
 10
293.5
 20
411.0
 30
0.0
 11
298.5
 21
419.66025403784437
 31
0.0
  0
LINE
  5
E23
330
CDE
100
AcDbEntity
 67
1
  8
E-TEKHAT-SEMBOL
370
35
100
AcDbLine
 10
293.5
 20
421.0
 30
0.0
 11
293.5
 21
426.0
 31
0.0
  0
LWPOLYLINE
  5
E24
330
CDE
100
AcDbEntity
 67
1
  8
E-TEKHAT-SEMBOL
  6
DASHED
370
25
100
AcDbPolyline
 90
2
 70
0
 10
278.5
 20
411.0
 10
293.5
 20
411.0
  0
ELLIPSE
  5
E25
330
CDE
100
AcDbEntity
 67
1
  8
E-TEKHAT-SEMBOL
370
35
100
AcDbEllipse
 10
286.0
 20
416.0
 30
0.0
 11
11.25
 21
0.0
 31
0.0
 40
0.26666666666666666
 41
0.0
 42
6.283185307179586
  0
LINE
  5
E26
330
CDE
100
AcDbEntity
 67
1
  8
E-TEKHAT-SEMBOL
370
25
100
AcDbLine
 10
297.25
 20
416.0
 30
0.0
 11
303.25
 21
416.0
 31
0.0
  0
LWPOLYLINE
  5
E27
330
CDE
100
AcDbEntity
 67
1
  8
E-TEKHAT-SEMBOL
370
35
100
AcDbPolyline
 90
4
 70
1
 10
303.25
 20
413.0
 10
311.25
 20
413.0
 10
311.25
 20
419.0
 10
303.25
 20
419.0
  0
TEXT
  5
E28
330
CDE
100
AcDbEntity
 67
1
  8
E-TEKHAT-SEMBOL
100
AcDbText
 10
307.25
 20
416.0
 30
0.0
 40
2.0
  1
I∆n
  7
GYM
 72
1
 11
307.25
 21
416.0
 31
0.0
100
AcDbText
 73
2
  0
TEXT
  5
E29
330
CDE
100
AcDbEntity
 67
1
  8
E-TEKHAT-YAZI
100
AcDbText
 10
271.0
 20
416.0
 30
0.0
 40
2.5
  1
-F2
  7
GYM-B
 72
2
 11
271.0
 21
416.0
 31
0.0
100
AcDbText
 73
2
  0
LINE
  5
E2A
330
CDE
100
AcDbEntity
 67
1
  8
E-TEKHAT-TEL
370
35
100
AcDbLine
 10
286.0
 20
406.0
 30
0.0
 11
286.0
 21
386.0
 31
0.0
  0
LWPOLYLINE
  5
E2B
330
CDE
100
AcDbEntity
 67
1
  8
E-TEKHAT-BARA
370
50
100
AcDbPolyline
 90
2
 70
0
 10
211.64
 20
386.0
 10
360.36
 20
386.0
  0
LWPOLYLINE
  5
E2C
330
CDE
100
AcDbEntity
 67
1
  8
E-TEKHAT-GRUP
370
25
100
AcDbPolyline
 90
4
 70
0
 10
210.08
 20
389.0
 10
210.08
 20
392.0
 10
361.92
 20
392.0
 10
361.92
 20
389.0
  0
TEXT
  5
E2D
330
CDE
100
AcDbEntity
 67
1
  8
E-TEKHAT-GRUP
100
AcDbText
 10
286.0
 20
395.0
 30
0.0
 40
2.0
  1
RCD-2  ·  4×40 A / 30 mA, A tipi
  7
GYM
 72
1
 11
286.0
 21
395.0
 31
0.0
100
AcDbText
 73
2
  0
LINE
  5
E2E
330
CDE
100
AcDbEntity
 67
1
  8
E-TEKHAT-TEL
370
35
100
AcDbLine
 10
390.0
 20
446.0
 30
0.0
 11
390.0
 21
426.0
 31
0.0
  0
HATCH
  5
E2F
330
CDE
100
AcDbEntity
 67
1
  8
E-TEKHAT-BARA
 62
7
100
AcDbHatch
 10
0.0
 20
0.0
 30
0.0
210
0.0
220
0.0
230
1.0
  2
SOLID
 70
1
 71
0
 91
1
 92
1
 93
1
 72
2
 10
390.0
 20
446.0
 40
0.5
 50
0.0
 51
360.0
 73
1
 97
0
 75
0
 76
1
 98
0
  0
LINE
  5
E30
330
CDE
100
AcDbEntity
 67
1
  8
E-TEKHAT-SEMBOL
370
35
100
AcDbLine
 10
387.5
 20
406.0
 30
0.0
 11
387.5
 21
411.0
 31
0.0
  0
HATCH
  5
E31
330
CDE
100
AcDbEntity
 67
1
  8
E-TEKHAT-SEMBOL
 62
7
100
AcDbHatch
 10
0.0
 20
0.0
 30
0.0
210
0.0
220
0.0
230
1.0
  2
SOLID
 70
1
 71
0
 91
1
 92
1
 93
1
 72
2
 10
387.5
 20
411.0
 40
0.5
 50
0.0
 51
360.0
 73
1
 97
0
 75
0
 76
1
 98
0
  0
LINE
  5
E32
330
CDE
100
AcDbEntity
 67
1
  8
E-TEKHAT-SEMBOL
370
35
100
AcDbLine
 10
387.5
 20
411.0
 30
0.0
 11
392.5
 21
419.66025403784437
 31
0.0
  0
LINE
  5
E33
330
CDE
100
AcDbEntity
 67
1
  8
E-TEKHAT-SEMBOL
370
35
100
AcDbLine
 10
387.5
 20
421.0
 30
0.0
 11
387.5
 21
426.0
 31
0.0
  0
LINE
  5
E34
330
CDE
100
AcDbEntity
 67
1
  8
E-TEKHAT-SEMBOL
370
35
100
AcDbLine
 10
392.5
 20
406.0
 30
0.0
 11
392.5
 21
411.0
 31
0.0
  0
HATCH
  5
E35
330
CDE
100
AcDbEntity
 67
1
  8
E-TEKHAT-SEMBOL
 62
7
100
AcDbHatch
 10
0.0
 20
0.0
 30
0.0
210
0.0
220
0.0
230
1.0
  2
SOLID
 70
1
 71
0
 91
1
 92
1
 93
1
 72
2
 10
392.5
 20
411.0
 40
0.5
 50
0.0
 51
360.0
 73
1
 97
0
 75
0
 76
1
 98
0
  0
LINE
  5
E36
330
CDE
100
AcDbEntity
 67
1
  8
E-TEKHAT-SEMBOL
370
35
100
AcDbLine
 10
392.5
 20
411.0
 30
0.0
 11
397.5
 21
419.66025403784437
 31
0.0
  0
LINE
  5
E37
330
CDE
100
AcDbEntity
 67
1
  8
E-TEKHAT-SEMBOL
370
35
100
AcDbLine
 10
392.5
 20
421.0
 30
0.0
 11
392.5
 21
426.0
 31
0.0
  0
LWPOLYLINE
  5
E38
330
CDE
100
AcDbEntity
 67
1
  8
E-TEKHAT-SEMBOL
  6
DASHED
370
25
100
AcDbPolyline
 90
2
 70
0
 10
387.5
 20
411.0
 10
392.5
 20
411.0
  0
ELLIPSE
  5
E39
330
CDE
100
AcDbEntity
 67
1
  8
E-TEKHAT-SEMBOL
370
35
100
AcDbEllipse
 10
390.0
 20
416.0
 30
0.0
 11
6.25
 21
0.0
 31
0.0
 40
0.48
 41
0.0
 42
6.283185307179586
  0
LINE
  5
E3A
330
CDE
100
AcDbEntity
 67
1
  8
E-TEKHAT-SEMBOL
370
25
100
AcDbLine
 10
396.25
 20
416.0
 30
0.0
 11
402.25
 21
416.0
 31
0.0
  0
LWPOLYLINE
  5
E3B
330
CDE
100
AcDbEntity
 67
1
  8
E-TEKHAT-SEMBOL
370
35
100
AcDbPolyline
 90
4
 70
1
 10
402.25
 20
413.0
 10
410.25
 20
413.0
 10
410.25
 20
419.0
 10
402.25
 20
419.0
  0
TEXT
  5
E3C
330
CDE
100
AcDbEntity
 67
1
  8
E-TEKHAT-SEMBOL
100
AcDbText
 10
406.25
 20
416.0
 30
0.0
 40
2.0
  1
I∆n
  7
GYM
 72
1
 11
406.25
 21
416.0
 31
0.0
100
AcDbText
 73
2
  0
TEXT
  5
E3D
330
CDE
100
AcDbEntity
 67
1
  8
E-TEKHAT-YAZI
100
AcDbText
 10
380.0
 20
416.0
 30
0.0
 40
2.5
  1
-F3
  7
GYM-B
 72
2
 11
380.0
 21
416.0
 31
0.0
100
AcDbText
 73
2
  0
LINE
  5
E3E
330
CDE
100
AcDbEntity
 67
1
  8
E-TEKHAT-TEL
370
35
100
AcDbLine
 10
390.0
 20
406.0
 30
0.0
 11
390.0
 21
386.0
 31
0.0
  0
LWPOLYLINE
  5
E3F
330
CDE
100
AcDbEntity
 67
1
  8
E-TEKHAT-BARA
370
50
100
AcDbPolyline
 90
2
 70
0
 10
367.64
 20
386.0
 10
412.36
 20
386.0
  0
LWPOLYLINE
  5
E40
330
CDE
100
AcDbEntity
 67
1
  8
E-TEKHAT-GRUP
370
25
100
AcDbPolyline
 90
4
 70
0
 10
366.08
 20
389.0
 10
366.08
 20
392.0
 10
413.92
 20
392.0
 10
413.92
 20
389.0
  0
TEXT
  5
E41
330
CDE
100
AcDbEntity
 67
1
  8
E-TEKHAT-GRUP
100
AcDbText
 10
390.0
 20
395.0
 30
0.0
 40
2.0
  1
RCD-3  ·  2×40 A / 30 mA, A tipi
  7
GYM
 72
1
 11
390.0
 21
395.0
 31
0.0
100
AcDbText
 73
2
  0
LINE
  5
E42
330
CDE
100
AcDbEntity
 67
1
  8
E-TEKHAT-TEL
370
35
100
AcDbLine
 10
442.0
 20
446.0
 30
0.0
 11
442.0
 21
426.0
 31
0.0
  0
HATCH
  5
E43
330
CDE
100
AcDbEntity
 67
1
  8
E-TEKHAT-BARA
 62
7
100
AcDbHatch
 10
0.0
 20
0.0
 30
0.0
210
0.0
220
0.0
230
1.0
  2
SOLID
 70
1
 71
0
 91
1
 92
1
 93
1
 72
2
 10
442.0
 20
446.0
 40
0.5
 50
0.0
 51
360.0
 73
1
 97
0
 75
0
 76
1
 98
0
  0
LINE
  5
E44
330
CDE
100
AcDbEntity
 67
1
  8
E-TEKHAT-SEMBOL
370
35
100
AcDbLine
 10
439.5
 20
406.0
 30
0.0
 11
439.5
 21
411.0
 31
0.0
  0
HATCH
  5
E45
330
CDE
100
AcDbEntity
 67
1
  8
E-TEKHAT-SEMBOL
 62
7
100
AcDbHatch
 10
0.0
 20
0.0
 30
0.0
210
0.0
220
0.0
230
1.0
  2
SOLID
 70
1
 71
0
 91
1
 92
1
 93
1
 72
2
 10
439.5
 20
411.0
 40
0.5
 50
0.0
 51
360.0
 73
1
 97
0
 75
0
 76
1
 98
0
  0
LINE
  5
E46
330
CDE
100
AcDbEntity
 67
1
  8
E-TEKHAT-SEMBOL
370
35
100
AcDbLine
 10
439.5
 20
411.0
 30
0.0
 11
444.5
 21
419.66025403784437
 31
0.0
  0
LINE
  5
E47
330
CDE
100
AcDbEntity
 67
1
  8
E-TEKHAT-SEMBOL
370
35
100
AcDbLine
 10
439.5
 20
421.0
 30
0.0
 11
439.5
 21
426.0
 31
0.0
  0
LINE
  5
E48
330
CDE
100
AcDbEntity
 67
1
  8
E-TEKHAT-SEMBOL
370
35
100
AcDbLine
 10
444.5
 20
406.0
 30
0.0
 11
444.5
 21
411.0
 31
0.0
  0
HATCH
  5
E49
330
CDE
100
AcDbEntity
 67
1
  8
E-TEKHAT-SEMBOL
 62
7
100
AcDbHatch
 10
0.0
 20
0.0
 30
0.0
210
0.0
220
0.0
230
1.0
  2
SOLID
 70
1
 71
0
 91
1
 92
1
 93
1
 72
2
 10
444.5
 20
411.0
 40
0.5
 50
0.0
 51
360.0
 73
1
 97
0
 75
0
 76
1
 98
0
  0
LINE
  5
E4A
330
CDE
100
AcDbEntity
 67
1
  8
E-TEKHAT-SEMBOL
370
35
100
AcDbLine
 10
444.5
 20
411.0
 30
0.0
 11
449.5
 21
419.66025403784437
 31
0.0
  0
LINE
  5
E4B
330
CDE
100
AcDbEntity
 67
1
  8
E-TEKHAT-SEMBOL
370
35
100
AcDbLine
 10
444.5
 20
421.0
 30
0.0
 11
444.5
 21
426.0
 31
0.0
  0
LWPOLYLINE
  5
E4C
330
CDE
100
AcDbEntity
 67
1
  8
E-TEKHAT-SEMBOL
  6
DASHED
370
25
100
AcDbPolyline
 90
2
 70
0
 10
439.5
 20
411.0
 10
444.5
 20
411.0
  0
ELLIPSE
  5
E4D
330
CDE
100
AcDbEntity
 67
1
  8
E-TEKHAT-SEMBOL
370
35
100
AcDbEllipse
 10
442.0
 20
416.0
 30
0.0
 11
6.25
 21
0.0
 31
0.0
 40
0.48
 41
0.0
 42
6.283185307179586
  0
LINE
  5
E4E
330
CDE
100
AcDbEntity
 67
1
  8
E-TEKHAT-SEMBOL
370
25
100
AcDbLine
 10
448.25
 20
416.0
 30
0.0
 11
454.25
 21
416.0
 31
0.0
  0
LWPOLYLINE
  5
E4F
330
CDE
100
AcDbEntity
 67
1
  8
E-TEKHAT-SEMBOL
370
35
100
AcDbPolyline
 90
4
 70
1
 10
454.25
 20
413.0
 10
462.25
 20
413.0
 10
462.25
 20
419.0
 10
454.25
 20
419.0
  0
TEXT
  5
E50
330
CDE
100
AcDbEntity
 67
1
  8
E-TEKHAT-SEMBOL
100
AcDbText
 10
458.25
 20
416.0
 30
0.0
 40
2.0
  1
I∆n
  7
GYM
 72
1
 11
458.25
 21
416.0
 31
0.0
100
AcDbText
 73
2
  0
TEXT
  5
E51
330
CDE
100
AcDbEntity
 67
1
  8
E-TEKHAT-YAZI
100
AcDbText
 10
432.0
 20
416.0
 30
0.0
 40
2.5
  1
-F4
  7
GYM-B
 72
2
 11
432.0
 21
416.0
 31
0.0
100
AcDbText
 73
2
  0
LINE
  5
E52
330
CDE
100
AcDbEntity
 67
1
  8
E-TEKHAT-TEL
370
35
100
AcDbLine
 10
442.0
 20
406.0
 30
0.0
 11
442.0
 21
386.0
 31
0.0
  0
LWPOLYLINE
  5
E53
330
CDE
100
AcDbEntity
 67
1
  8
E-TEKHAT-BARA
370
50
100
AcDbPolyline
 90
2
 70
0
 10
419.64
 20
386.0
 10
464.36
 20
386.0
  0
LWPOLYLINE
  5
E54
330
CDE
100
AcDbEntity
 67
1
  8
E-TEKHAT-GRUP
370
25
100
AcDbPolyline
 90
4
 70
0
 10
418.08
 20
389.0
 10
418.08
 20
392.0
 10
465.92
 20
392.0
 10
465.92
 20
389.0
  0
TEXT
  5
E55
330
CDE
100
AcDbEntity
 67
1
  8
E-TEKHAT-GRUP
100
AcDbText
 10
442.0
 20
395.0
 30
0.0
 40
2.0
  1
RCD-4  ·  2×40 A / 30 mA, A tipi
  7
GYM
 72
1
 11
442.0
 21
395.0
 31
0.0
100
AcDbText
 73
2
  0
LINE
  5
E56
330
CDE
100
AcDbEntity
 67
1
  8
E-TEKHAT-TEL
370
35
100
AcDbLine
 10
546.0
 20
446.0
 30
0.0
 11
546.0
 21
426.0
 31
0.0
  0
HATCH
  5
E57
330
CDE
100
AcDbEntity
 67
1
  8
E-TEKHAT-BARA
 62
7
100
AcDbHatch
 10
0.0
 20
0.0
 30
0.0
210
0.0
220
0.0
230
1.0
  2
SOLID
 70
1
 71
0
 91
1
 92
1
 93
1
 72
2
 10
546.0
 20
446.0
 40
0.5
 50
0.0
 51
360.0
 73
1
 97
0
 75
0
 76
1
 98
0
  0
LINE
  5
E58
330
CDE
100
AcDbEntity
 67
1
  8
E-TEKHAT-SEMBOL
370
35
100
AcDbLine
 10
538.5
 20
406.0
 30
0.0
 11
538.5
 21
411.0
 31
0.0
  0
HATCH
  5
E59
330
CDE
100
AcDbEntity
 67
1
  8
E-TEKHAT-SEMBOL
 62
7
100
AcDbHatch
 10
0.0
 20
0.0
 30
0.0
210
0.0
220
0.0
230
1.0
  2
SOLID
 70
1
 71
0
 91
1
 92
1
 93
1
 72
2
 10
538.5
 20
411.0
 40
0.5
 50
0.0
 51
360.0
 73
1
 97
0
 75
0
 76
1
 98
0
  0
LINE
  5
E5A
330
CDE
100
AcDbEntity
 67
1
  8
E-TEKHAT-SEMBOL
370
35
100
AcDbLine
 10
538.5
 20
411.0
 30
0.0
 11
543.5
 21
419.66025403784437
 31
0.0
  0
LINE
  5
E5B
330
CDE
100
AcDbEntity
 67
1
  8
E-TEKHAT-SEMBOL
370
35
100
AcDbLine
 10
538.5
 20
421.0
 30
0.0
 11
538.5
 21
426.0
 31
0.0
  0
LINE
  5
E5C
330
CDE
100
AcDbEntity
 67
1
  8
E-TEKHAT-SEMBOL
370
35
100
AcDbLine
 10
543.5
 20
406.0
 30
0.0
 11
543.5
 21
411.0
 31
0.0
  0
HATCH
  5
E5D
330
CDE
100
AcDbEntity
 67
1
  8
E-TEKHAT-SEMBOL
 62
7
100
AcDbHatch
 10
0.0
 20
0.0
 30
0.0
210
0.0
220
0.0
230
1.0
  2
SOLID
 70
1
 71
0
 91
1
 92
1
 93
1
 72
2
 10
543.5
 20
411.0
 40
0.5
 50
0.0
 51
360.0
 73
1
 97
0
 75
0
 76
1
 98
0
  0
LINE
  5
E5E
330
CDE
100
AcDbEntity
 67
1
  8
E-TEKHAT-SEMBOL
370
35
100
AcDbLine
 10
543.5
 20
411.0
 30
0.0
 11
548.5
 21
419.66025403784437
 31
0.0
  0
LINE
  5
E5F
330
CDE
100
AcDbEntity
 67
1
  8
E-TEKHAT-SEMBOL
370
35
100
AcDbLine
 10
543.5
 20
421.0
 30
0.0
 11
543.5
 21
426.0
 31
0.0
  0
LINE
  5
E60
330
CDE
100
AcDbEntity
 67
1
  8
E-TEKHAT-SEMBOL
370
35
100
AcDbLine
 10
548.5
 20
406.0
 30
0.0
 11
548.5
 21
411.0
 31
0.0
  0
HATCH
  5
E61
330
CDE
100
AcDbEntity
 67
1
  8
E-TEKHAT-SEMBOL
 62
7
100
AcDbHatch
 10
0.0
 20
0.0
 30
0.0
210
0.0
220
0.0
230
1.0
  2
SOLID
 70
1
 71
0
 91
1
 92
1
 93
1
 72
2
 10
548.5
 20
411.0
 40
0.5
 50
0.0
 51
360.0
 73
1
 97
0
 75
0
 76
1
 98
0
  0
LINE
  5
E62
330
CDE
100
AcDbEntity
 67
1
  8
E-TEKHAT-SEMBOL
370
35
100
AcDbLine
 10
548.5
 20
411.0
 30
0.0
 11
553.5
 21
419.66025403784437
 31
0.0
  0
LINE
  5
E63
330
CDE
100
AcDbEntity
 67
1
  8
E-TEKHAT-SEMBOL
370
35
100
AcDbLine
 10
548.5
 20
421.0
 30
0.0
 11
548.5
 21
426.0
 31
0.0
  0
LINE
  5
E64
330
CDE
100
AcDbEntity
 67
1
  8
E-TEKHAT-SEMBOL
370
35
100
AcDbLine
 10
553.5
 20
406.0
 30
0.0
 11
553.5
 21
411.0
 31
0.0
  0
HATCH
  5
E65
330
CDE
100
AcDbEntity
 67
1
  8
E-TEKHAT-SEMBOL
 62
7
100
AcDbHatch
 10
0.0
 20
0.0
 30
0.0
210
0.0
220
0.0
230
1.0
  2
SOLID
 70
1
 71
0
 91
1
 92
1
 93
1
 72
2
 10
553.5
 20
411.0
 40
0.5
 50
0.0
 51
360.0
 73
1
 97
0
 75
0
 76
1
 98
0
  0
LINE
  5
E66
330
CDE
100
AcDbEntity
 67
1
  8
E-TEKHAT-SEMBOL
370
35
100
AcDbLine
 10
553.5
 20
411.0
 30
0.0
 11
558.5
 21
419.66025403784437
 31
0.0
  0
LINE
  5
E67
330
CDE
100
AcDbEntity
 67
1
  8
E-TEKHAT-SEMBOL
370
35
100
AcDbLine
 10
553.5
 20
421.0
 30
0.0
 11
553.5
 21
426.0
 31
0.0
  0
LWPOLYLINE
  5
E68
330
CDE
100
AcDbEntity
 67
1
  8
E-TEKHAT-SEMBOL
  6
DASHED
370
25
100
AcDbPolyline
 90
2
 70
0
 10
538.5
 20
411.0
 10
553.5
 20
411.0
  0
ELLIPSE
  5
E69
330
CDE
100
AcDbEntity
 67
1
  8
E-TEKHAT-SEMBOL
370
35
100
AcDbEllipse
 10
546.0
 20
416.0
 30
0.0
 11
11.25
 21
0.0
 31
0.0
 40
0.26666666666666666
 41
0.0
 42
6.283185307179586
  0
LINE
  5
E6A
330
CDE
100
AcDbEntity
 67
1
  8
E-TEKHAT-SEMBOL
370
25
100
AcDbLine
 10
557.25
 20
416.0
 30
0.0
 11
563.25
 21
416.0
 31
0.0
  0
LWPOLYLINE
  5
E6B
330
CDE
100
AcDbEntity
 67
1
  8
E-TEKHAT-SEMBOL
370
35
100
AcDbPolyline
 90
4
 70
1
 10
563.25
 20
413.0
 10
571.25
 20
413.0
 10
571.25
 20
419.0
 10
563.25
 20
419.0
  0
TEXT
  5
E6C
330
CDE
100
AcDbEntity
 67
1
  8
E-TEKHAT-SEMBOL
100
AcDbText
 10
567.25
 20
416.0
 30
0.0
 40
2.0
  1
I∆n
  7
GYM
 72
1
 11
567.25
 21
416.0
 31
0.0
100
AcDbText
 73
2
  0
TEXT
  5
E6D
330
CDE
100
AcDbEntity
 67
1
  8
E-TEKHAT-YAZI
100
AcDbText
 10
531.0
 20
416.0
 30
0.0
 40
2.5
  1
-F5
  7
GYM-B
 72
2
 11
531.0
 21
416.0
 31
0.0
100
AcDbText
 73
2
  0
LINE
  5
E6E
330
CDE
100
AcDbEntity
 67
1
  8
E-TEKHAT-TEL
370
35
100
AcDbLine
 10
546.0
 20
406.0
 30
0.0
 11
546.0
 21
386.0
 31
0.0
  0
LWPOLYLINE
  5
E6F
330
CDE
100
AcDbEntity
 67
1
  8
E-TEKHAT-BARA
370
50
100
AcDbPolyline
 90
2
 70
0
 10
471.64
 20
386.0
 10
620.36
 20
386.0
  0
LWPOLYLINE
  5
E70
330
CDE
100
AcDbEntity
 67
1
  8
E-TEKHAT-GRUP
370
25
100
AcDbPolyline
 90
4
 70
0
 10
470.08
 20
389.0
 10
470.08
 20
392.0
 10
621.92
 20
392.0
 10
621.92
 20
389.0
  0
TEXT
  5
E71
330
CDE
100
AcDbEntity
 67
1
  8
E-TEKHAT-GRUP
100
AcDbText
 10
546.0
 20
395.0
 30
0.0
 40
2.0
  1
RCD-5  ·  4×40 A / 30 mA, A tipi
  7
GYM
 72
1
 11
546.0
 21
395.0
 31
0.0
100
AcDbText
 73
2
  0
LINE
  5
E72
330
CDE
100
AcDbEntity
 67
1
  8
E-TEKHAT-TEL
370
35
100
AcDbLine
 10
637.0
 20
446.0
 30
0.0
 11
637.0
 21
386.0
 31
0.0
  0
HATCH
  5
E73
330
CDE
100
AcDbEntity
 67
1
  8
E-TEKHAT-BARA
 62
7
100
AcDbHatch
 10
0.0
 20
0.0
 30
0.0
210
0.0
220
0.0
230
1.0
  2
SOLID
 70
1
 71
0
 91
1
 92
1
 93
1
 72
2
 10
637.0
 20
446.0
 40
0.5
 50
0.0
 51
360.0
 73
1
 97
0
 75
0
 76
1
 98
0
  0
TEXT
  5
E74
330
CDE
100
AcDbEntity
 67
1
  8
E-TEKHAT-YAZI
100
AcDbText
 10
640.2
 20
416.0
 30
0.0
 40
1.8
  1
KAÇAK AKIM RÖLESİ ARKASINA ALINMAZ
 50
90.0
  7
GYM
 11
640.2
 21
416.0
 31
0.0
100
AcDbText
 73
2
  0
LINE
  5
E75
330
CDE
100
AcDbEntity
 67
1
  8
E-TEKHAT-TEL
370
35
100
AcDbLine
 10
663.0
 20
446.0
 30
0.0
 11
663.0
 21
386.0
 31
0.0
  0
HATCH
  5
E76
330
CDE
100
AcDbEntity
 67
1
  8
E-TEKHAT-BARA
 62
7
100
AcDbHatch
 10
0.0
 20
0.0
 30
0.0
210
0.0
220
0.0
230
1.0
  2
SOLID
 70
1
 71
0
 91
1
 92
1
 93
1
 72
2
 10
663.0
 20
446.0
 40
0.5
 50
0.0
 51
360.0
 73
1
 97
0
 75
0
 76
1
 98
0
  0
LINE
  5
E77
330
CDE
100
AcDbEntity
 67
1
  8
E-TEKHAT-TEL
370
35
100
AcDbLine
 10
689.0
 20
446.0
 30
0.0
 11
689.0
 21
386.0
 31
0.0
  0
HATCH
  5
E78
330
CDE
100
AcDbEntity
 67
1
  8
E-TEKHAT-BARA
 62
7
100
AcDbHatch
 10
0.0
 20
0.0
 30
0.0
210
0.0
220
0.0
230
1.0
  2
SOLID
 70
1
 71
0
 91
1
 92
1
 93
1
 72
2
 10
689.0
 20
446.0
 40
0.5
 50
0.0
 51
360.0
 73
1
 97
0
 75
0
 76
1
 98
0
  0
LINE
  5
E79
330
CDE
100
AcDbEntity
 67
1
  8
E-TEKHAT-TEL
370
35
100
AcDbLine
 10
715.0
 20
446.0
 30
0.0
 11
715.0
 21
386.0
 31
0.0
  0
HATCH
  5
E7A
330
CDE
100
AcDbEntity
 67
1
  8
E-TEKHAT-BARA
 62
7
100
AcDbHatch
 10
0.0
 20
0.0
 30
0.0
210
0.0
220
0.0
230
1.0
  2
SOLID
 70
1
 71
0
 91
1
 92
1
 93
1
 72
2
 10
715.0
 20
446.0
 40
0.5
 50
0.0
 51
360.0
 73
1
 97
0
 75
0
 76
1
 98
0
  0
LINE
  5
E7B
330
CDE
100
AcDbEntity
 67
1
  8
E-TEKHAT-TEL
370
35
100
AcDbLine
 10
741.0
 20
446.0
 30
0.0
 11
741.0
 21
386.0
 31
0.0
  0
HATCH
  5
E7C
330
CDE
100
AcDbEntity
 67
1
  8
E-TEKHAT-BARA
 62
7
100
AcDbHatch
 10
0.0
 20
0.0
 30
0.0
210
0.0
220
0.0
230
1.0
  2
SOLID
 70
1
 71
0
 91
1
 92
1
 93
1
 72
2
 10
741.0
 20
446.0
 40
0.5
 50
0.0
 51
360.0
 73
1
 97
0
 75
0
 76
1
 98
0
  0
LINE
  5
E7D
330
CDE
100
AcDbEntity
 67
1
  8
E-TEKHAT-TEL
370
35
100
AcDbLine
 10
91.0
 20
386.0
 30
0.0
 11
91.0
 21
370.0
 31
0.0
  0
HATCH
  5
E7E
330
CDE
100
AcDbEntity
 67
1
  8
E-TEKHAT-BARA
 62
7
100
AcDbHatch
 10
0.0
 20
0.0
 30
0.0
210
0.0
220
0.0
230
1.0
  2
SOLID
 70
1
 71
0
 91
1
 92
1
 93
1
 72
2
 10
91.0
 20
386.0
 40
0.5
 50
0.0
 51
360.0
 73
1
 97
0
 75
0
 76
1
 98
0
  0
LINE
  5
E7F
330
CDE
100
AcDbEntity
 67
1
  8
E-TEKHAT-SEMBOL
370
35
100
AcDbLine
 10
88.5
 20
350.0
 30
0.0
 11
88.5
 21
355.0
 31
0.0
  0
HATCH
  5
E80
330
CDE
100
AcDbEntity
 67
1
  8
E-TEKHAT-SEMBOL
 62
7
100
AcDbHatch
 10
0.0
 20
0.0
 30
0.0
210
0.0
220
0.0
230
1.0
  2
SOLID
 70
1
 71
0
 91
1
 92
1
 93
1
 72
2
 10
88.5
 20
355.0
 40
0.5
 50
0.0
 51
360.0
 73
1
 97
0
 75
0
 76
1
 98
0
  0
LINE
  5
E81
330
CDE
100
AcDbEntity
 67
1
  8
E-TEKHAT-SEMBOL
370
35
100
AcDbLine
 10
88.5
 20
355.0
 30
0.0
 11
93.5
 21
363.66025403784437
 31
0.0
  0
LINE
  5
E82
330
CDE
100
AcDbEntity
 67
1
  8
E-TEKHAT-SEMBOL
370
35
100
AcDbLine
 10
88.5
 20
365.0
 30
0.0
 11
88.5
 21
370.0
 31
0.0
  0
LINE
  5
E83
330
CDE
100
AcDbEntity
 67
1
  8
E-TEKHAT-SEMBOL
370
35
100
AcDbLine
 10
86.0
 20
362.5
 30
0.0
 11
91.0
 21
367.5
 31
0.0
  0
LINE
  5
E84
330
CDE
100
AcDbEntity
 67
1
  8
E-TEKHAT-SEMBOL
370
35
100
AcDbLine
 10
86.0
 20
367.5
 30
0.0
 11
91.0
 21
362.5
 31
0.0
  0
LINE
  5
E85
330
CDE
100
AcDbEntity
 67
1
  8
E-TEKHAT-SEMBOL
370
35
100
AcDbLine
 10
93.5
 20
350.0
 30
0.0
 11
93.5
 21
355.0
 31
0.0
  0
HATCH
  5
E86
330
CDE
100
AcDbEntity
 67
1
  8
E-TEKHAT-SEMBOL
 62
7
100
AcDbHatch
 10
0.0
 20
0.0
 30
0.0
210
0.0
220
0.0
230
1.0
  2
SOLID
 70
1
 71
0
 91
1
 92
1
 93
1
 72
2
 10
93.5
 20
355.0
 40
0.5
 50
0.0
 51
360.0
 73
1
 97
0
 75
0
 76
1
 98
0
  0
LINE
  5
E87
330
CDE
100
AcDbEntity
 67
1
  8
E-TEKHAT-SEMBOL
370
35
100
AcDbLine
 10
93.5
 20
355.0
 30
0.0
 11
98.5
 21
363.66025403784437
 31
0.0
  0
LINE
  5
E88
330
CDE
100
AcDbEntity
 67
1
  8
E-TEKHAT-SEMBOL
370
35
100
AcDbLine
 10
93.5
 20
365.0
 30
0.0
 11
93.5
 21
370.0
 31
0.0
  0
LINE
  5
E89
330
CDE
100
AcDbEntity
 67
1
  8
E-TEKHAT-SEMBOL
370
35
100
AcDbLine
 10
91.0
 20
362.5
 30
0.0
 11
96.0
 21
367.5
 31
0.0
  0
LINE
  5
E8A
330
CDE
100
AcDbEntity
 67
1
  8
E-TEKHAT-SEMBOL
370
35
100
AcDbLine
 10
91.0
 20
367.5
 30
0.0
 11
96.0
 21
362.5
 31
0.0
  0
LWPOLYLINE
  5
E8B
330
CDE
100
AcDbEntity
 67
1
  8
E-TEKHAT-SEMBOL
  6
DASHED
370
25
100
AcDbPolyline
 90
2
 70
0
 10
88.5
 20
355.0
 10
93.5
 20
355.0
  0
TEXT
  5
E8C
330
CDE
100
AcDbEntity
 67
1
  8
E-TEKHAT-YAZI
100
AcDbText
 10
97.5
 20
366.5
 30
0.0
 40
2.0
  1
-Q101
  7
GYM-B
 11
97.5
 21
366.5
 31
0.0
100
AcDbText
 73
2
  0
TEXT
  5
E8D
330
CDE
100
AcDbEntity
 67
1
  8
E-TEKHAT-YAZI
100
AcDbText
 10
97.5
 20
358.5
 30
0.0
 40
1.8
  1
1×10 A · C
  7
GYM
 11
97.5
 21
358.5
 31
0.0
100
AcDbText
 73
2
  0
LINE
  5
E8E
330
CDE
100
AcDbEntity
 67
1
  8
E-TEKHAT-TEL
370
35
100
AcDbLine
 10
91.0
 20
350.0
 30
0.0
 11
91.0
 21
312.0
 31
0.0
  0
CIRCLE
  5
E8F
330
CDE
100
AcDbEntity
 67
1
  8
E-TEKHAT-SEMBOL
370
25
100
AcDbCircle
 10
91.0
 20
312.0
 30
0.0
 40
1.0
  0
LINE
  5
E90
330
CDE
100
AcDbEntity
 67
1
  8
E-TEKHAT-TEL
370
35
100
AcDbLine
 10
91.0
 20
311.0
 30
0.0
 11
91.0
 21
296.0
 31
0.0
  0
LINE
  5
E91
330
CDE
100
AcDbEntity
 67
1
  8
E-TEKHAT-SEMBOL
370
25
100
AcDbLine
 10
87.0
 20
298.0
 30
0.0
 11
92.0
 21
303.0
 31
0.0
  0
LINE
  5
E92
330
CDE
100
AcDbEntity
 67
1
  8
E-TEKHAT-SEMBOL
370
25
100
AcDbLine
 10
88.5
 20
299.5
 30
0.0
 11
93.5
 21
304.5
 31
0.0
  0
LINE
  5
E93
330
CDE
100
AcDbEntity
 67
1
  8
E-TEKHAT-SEMBOL
370
25
100
AcDbLine
 10
90.0
 20
301.0
 30
0.0
 11
95.0
 21
306.0
 31
0.0
  0
LINE
  5
E94
330
CDE
100
AcDbEntity
 67
1
  8
E-TEKHAT-SEMBOL
370
25
100
AcDbLine
 10
91.0
 20
294.0
 30
0.0
 11
88.25
 21
299.5
 31
0.0
  0
LINE
  5
E95
330
CDE
100
AcDbEntity
 67
1
  8
E-TEKHAT-SEMBOL
370
25
100
AcDbLine
 10
91.0
 20
294.0
 30
0.0
 11
93.75
 21
299.5
 31
0.0
  0
LINE
  5
E96
330
CDE
100
AcDbEntity
 67
1
  8
E-TEKHAT-TEL
370
35
100
AcDbLine
 10
117.0
 20
386.0
 30
0.0
 11
117.0
 21
370.0
 31
0.0
  0
HATCH
  5
E97
330
CDE
100
AcDbEntity
 67
1
  8
E-TEKHAT-BARA
 62
7
100
AcDbHatch
 10
0.0
 20
0.0
 30
0.0
210
0.0
220
0.0
230
1.0
  2
SOLID
 70
1
 71
0
 91
1
 92
1
 93
1
 72
2
 10
117.0
 20
386.0
 40
0.5
 50
0.0
 51
360.0
 73
1
 97
0
 75
0
 76
1
 98
0
  0
LINE
  5
E98
330
CDE
100
AcDbEntity
 67
1
  8
E-TEKHAT-SEMBOL
370
35
100
AcDbLine
 10
114.5
 20
350.0
 30
0.0
 11
114.5
 21
355.0
 31
0.0
  0
HATCH
  5
E99
330
CDE
100
AcDbEntity
 67
1
  8
E-TEKHAT-SEMBOL
 62
7
100
AcDbHatch
 10
0.0
 20
0.0
 30
0.0
210
0.0
220
0.0
230
1.0
  2
SOLID
 70
1
 71
0
 91
1
 92
1
 93
1
 72
2
 10
114.5
 20
355.0
 40
0.5
 50
0.0
 51
360.0
 73
1
 97
0
 75
0
 76
1
 98
0
  0
LINE
  5
E9A
330
CDE
100
AcDbEntity
 67
1
  8
E-TEKHAT-SEMBOL
370
35
100
AcDbLine
 10
114.5
 20
355.0
 30
0.0
 11
119.5
 21
363.66025403784437
 31
0.0
  0
LINE
  5
E9B
330
CDE
100
AcDbEntity
 67
1
  8
E-TEKHAT-SEMBOL
370
35
100
AcDbLine
 10
114.5
 20
365.0
 30
0.0
 11
114.5
 21
370.0
 31
0.0
  0
LINE
  5
E9C
330
CDE
100
AcDbEntity
 67
1
  8
E-TEKHAT-SEMBOL
370
35
100
AcDbLine
 10
112.0
 20
362.5
 30
0.0
 11
117.0
 21
367.5
 31
0.0
  0
LINE
  5
E9D
330
CDE
100
AcDbEntity
 67
1
  8
E-TEKHAT-SEMBOL
370
35
100
AcDbLine
 10
112.0
 20
367.5
 30
0.0
 11
117.0
 21
362.5
 31
0.0
  0
LINE
  5
E9E
330
CDE
100
AcDbEntity
 67
1
  8
E-TEKHAT-SEMBOL
370
35
100
AcDbLine
 10
119.5
 20
350.0
 30
0.0
 11
119.5
 21
355.0
 31
0.0
  0
HATCH
  5
E9F
330
CDE
100
AcDbEntity
 67
1
  8
E-TEKHAT-SEMBOL
 62
7
100
AcDbHatch
 10
0.0
 20
0.0
 30
0.0
210
0.0
220
0.0
230
1.0
  2
SOLID
 70
1
 71
0
 91
1
 92
1
 93
1
 72
2
 10
119.5
 20
355.0
 40
0.5
 50
0.0
 51
360.0
 73
1
 97
0
 75
0
 76
1
 98
0
  0
LINE
  5
EA0
330
CDE
100
AcDbEntity
 67
1
  8
E-TEKHAT-SEMBOL
370
35
100
AcDbLine
 10
119.5
 20
355.0
 30
0.0
 11
124.5
 21
363.66025403784437
 31
0.0
  0
LINE
  5
EA1
330
CDE
100
AcDbEntity
 67
1
  8
E-TEKHAT-SEMBOL
370
35
100
AcDbLine
 10
119.5
 20
365.0
 30
0.0
 11
119.5
 21
370.0
 31
0.0
  0
LINE
  5
EA2
330
CDE
100
AcDbEntity
 67
1
  8
E-TEKHAT-SEMBOL
370
35
100
AcDbLine
 10
117.0
 20
362.5
 30
0.0
 11
122.0
 21
367.5
 31
0.0
  0
LINE
  5
EA3
330
CDE
100
AcDbEntity
 67
1
  8
E-TEKHAT-SEMBOL
370
35
100
AcDbLine
 10
117.0
 20
367.5
 30
0.0
 11
122.0
 21
362.5
 31
0.0
  0
LWPOLYLINE
  5
EA4
330
CDE
100
AcDbEntity
 67
1
  8
E-TEKHAT-SEMBOL
  6
DASHED
370
25
100
AcDbPolyline
 90
2
 70
0
 10
114.5
 20
355.0
 10
119.5
 20
355.0
  0
TEXT
  5
EA5
330
CDE
100
AcDbEntity
 67
1
  8
E-TEKHAT-YAZI
100
AcDbText
 10
123.5
 20
366.5
 30
0.0
 40
2.0
  1
-Q102
  7
GYM-B
 11
123.5
 21
366.5
 31
0.0
100
AcDbText
 73
2
  0
TEXT
  5
EA6
330
CDE
100
AcDbEntity
 67
1
  8
E-TEKHAT-YAZI
100
AcDbText
 10
123.5
 20
358.5
 30
0.0
 40
1.8
  1
1×10 A · C
  7
GYM
 11
123.5
 21
358.5
 31
0.0
100
AcDbText
 73
2
  0
LINE
  5
EA7
330
CDE
100
AcDbEntity
 67
1
  8
E-TEKHAT-TEL
370
35
100
AcDbLine
 10
117.0
 20
350.0
 30
0.0
 11
117.0
 21
312.0
 31
0.0
  0
CIRCLE
  5
EA8
330
CDE
100
AcDbEntity
 67
1
  8
E-TEKHAT-SEMBOL
370
25
100
AcDbCircle
 10
117.0
 20
312.0
 30
0.0
 40
1.0
  0
LINE
  5
EA9
330
CDE
100
AcDbEntity
 67
1
  8
E-TEKHAT-TEL
370
35
100
AcDbLine
 10
117.0
 20
311.0
 30
0.0
 11
117.0
 21
296.0
 31
0.0
  0
LINE
  5
EAA
330
CDE
100
AcDbEntity
 67
1
  8
E-TEKHAT-SEMBOL
370
25
100
AcDbLine
 10
113.0
 20
298.0
 30
0.0
 11
118.0
 21
303.0
 31
0.0
  0
LINE
  5
EAB
330
CDE
100
AcDbEntity
 67
1
  8
E-TEKHAT-SEMBOL
370
25
100
AcDbLine
 10
114.5
 20
299.5
 30
0.0
 11
119.5
 21
304.5
 31
0.0
  0
LINE
  5
EAC
330
CDE
100
AcDbEntity
 67
1
  8
E-TEKHAT-SEMBOL
370
25
100
AcDbLine
 10
116.0
 20
301.0
 30
0.0
 11
121.0
 21
306.0
 31
0.0
  0
LINE
  5
EAD
330
CDE
100
AcDbEntity
 67
1
  8
E-TEKHAT-SEMBOL
370
25
100
AcDbLine
 10
117.0
 20
294.0
 30
0.0
 11
114.25
 21
299.5
 31
0.0
  0
LINE
  5
EAE
330
CDE
100
AcDbEntity
 67
1
  8
E-TEKHAT-SEMBOL
370
25
100
AcDbLine
 10
117.0
 20
294.0
 30
0.0
 11
119.75
 21
299.5
 31
0.0
  0
LINE
  5
EAF
330
CDE
100
AcDbEntity
 67
1
  8
E-TEKHAT-TEL
370
35
100
AcDbLine
 10
143.0
 20
386.0
 30
0.0
 11
143.0
 21
370.0
 31
0.0
  0
HATCH
  5
EB0
330
CDE
100
AcDbEntity
 67
1
  8
E-TEKHAT-BARA
 62
7
100
AcDbHatch
 10
0.0
 20
0.0
 30
0.0
210
0.0
220
0.0
230
1.0
  2
SOLID
 70
1
 71
0
 91
1
 92
1
 93
1
 72
2
 10
143.0
 20
386.0
 40
0.5
 50
0.0
 51
360.0
 73
1
 97
0
 75
0
 76
1
 98
0
  0
LINE
  5
EB1
330
CDE
100
AcDbEntity
 67
1
  8
E-TEKHAT-SEMBOL
370
35
100
AcDbLine
 10
140.5
 20
350.0
 30
0.0
 11
140.5
 21
355.0
 31
0.0
  0
HATCH
  5
EB2
330
CDE
100
AcDbEntity
 67
1
  8
E-TEKHAT-SEMBOL
 62
7
100
AcDbHatch
 10
0.0
 20
0.0
 30
0.0
210
0.0
220
0.0
230
1.0
  2
SOLID
 70
1
 71
0
 91
1
 92
1
 93
1
 72
2
 10
140.5
 20
355.0
 40
0.5
 50
0.0
 51
360.0
 73
1
 97
0
 75
0
 76
1
 98
0
  0
LINE
  5
EB3
330
CDE
100
AcDbEntity
 67
1
  8
E-TEKHAT-SEMBOL
370
35
100
AcDbLine
 10
140.5
 20
355.0
 30
0.0
 11
145.5
 21
363.66025403784437
 31
0.0
  0
LINE
  5
EB4
330
CDE
100
AcDbEntity
 67
1
  8
E-TEKHAT-SEMBOL
370
35
100
AcDbLine
 10
140.5
 20
365.0
 30
0.0
 11
140.5
 21
370.0
 31
0.0
  0
LINE
  5
EB5
330
CDE
100
AcDbEntity
 67
1
  8
E-TEKHAT-SEMBOL
370
35
100
AcDbLine
 10
138.0
 20
362.5
 30
0.0
 11
143.0
 21
367.5
 31
0.0
  0
LINE
  5
EB6
330
CDE
100
AcDbEntity
 67
1
  8
E-TEKHAT-SEMBOL
370
35
100
AcDbLine
 10
138.0
 20
367.5
 30
0.0
 11
143.0
 21
362.5
 31
0.0
  0
LINE
  5
EB7
330
CDE
100
AcDbEntity
 67
1
  8
E-TEKHAT-SEMBOL
370
35
100
AcDbLine
 10
145.5
 20
350.0
 30
0.0
 11
145.5
 21
355.0
 31
0.0
  0
HATCH
  5
EB8
330
CDE
100
AcDbEntity
 67
1
  8
E-TEKHAT-SEMBOL
 62
7
100
AcDbHatch
 10
0.0
 20
0.0
 30
0.0
210
0.0
220
0.0
230
1.0
  2
SOLID
 70
1
 71
0
 91
1
 92
1
 93
1
 72
2
 10
145.5
 20
355.0
 40
0.5
 50
0.0
 51
360.0
 73
1
 97
0
 75
0
 76
1
 98
0
  0
LINE
  5
EB9
330
CDE
100
AcDbEntity
 67
1
  8
E-TEKHAT-SEMBOL
370
35
100
AcDbLine
 10
145.5
 20
355.0
 30
0.0
 11
150.5
 21
363.66025403784437
 31
0.0
  0
LINE
  5
EBA
330
CDE
100
AcDbEntity
 67
1
  8
E-TEKHAT-SEMBOL
370
35
100
AcDbLine
 10
145.5
 20
365.0
 30
0.0
 11
145.5
 21
370.0
 31
0.0
  0
LINE
  5
EBB
330
CDE
100
AcDbEntity
 67
1
  8
E-TEKHAT-SEMBOL
370
35
100
AcDbLine
 10
143.0
 20
362.5
 30
0.0
 11
148.0
 21
367.5
 31
0.0
  0
LINE
  5
EBC
330
CDE
100
AcDbEntity
 67
1
  8
E-TEKHAT-SEMBOL
370
35
100
AcDbLine
 10
143.0
 20
367.5
 30
0.0
 11
148.0
 21
362.5
 31
0.0
  0
LWPOLYLINE
  5
EBD
330
CDE
100
AcDbEntity
 67
1
  8
E-TEKHAT-SEMBOL
  6
DASHED
370
25
100
AcDbPolyline
 90
2
 70
0
 10
140.5
 20
355.0
 10
145.5
 20
355.0
  0
TEXT
  5
EBE
330
CDE
100
AcDbEntity
 67
1
  8
E-TEKHAT-YAZI
100
AcDbText
 10
149.5
 20
366.5
 30
0.0
 40
2.0
  1
-Q103
  7
GYM-B
 11
149.5
 21
366.5
 31
0.0
100
AcDbText
 73
2
  0
TEXT
  5
EBF
330
CDE
100
AcDbEntity
 67
1
  8
E-TEKHAT-YAZI
100
AcDbText
 10
149.5
 20
358.5
 30
0.0
 40
1.8
  1
1×10 A · C
  7
GYM
 11
149.5
 21
358.5
 31
0.0
100
AcDbText
 73
2
  0
LINE
  5
EC0
330
CDE
100
AcDbEntity
 67
1
  8
E-TEKHAT-TEL
370
35
100
AcDbLine
 10
143.0
 20
350.0
 30
0.0
 11
143.0
 21
312.0
 31
0.0
  0
CIRCLE
  5
EC1
330
CDE
100
AcDbEntity
 67
1
  8
E-TEKHAT-SEMBOL
370
25
100
AcDbCircle
 10
143.0
 20
312.0
 30
0.0
 40
1.0
  0
LINE
  5
EC2
330
CDE
100
AcDbEntity
 67
1
  8
E-TEKHAT-TEL
370
35
100
AcDbLine
 10
143.0
 20
311.0
 30
0.0
 11
143.0
 21
296.0
 31
0.0
  0
LINE
  5
EC3
330
CDE
100
AcDbEntity
 67
1
  8
E-TEKHAT-SEMBOL
370
25
100
AcDbLine
 10
139.0
 20
298.0
 30
0.0
 11
144.0
 21
303.0
 31
0.0
  0
LINE
  5
EC4
330
CDE
100
AcDbEntity
 67
1
  8
E-TEKHAT-SEMBOL
370
25
100
AcDbLine
 10
140.5
 20
299.5
 30
0.0
 11
145.5
 21
304.5
 31
0.0
  0
LINE
  5
EC5
330
CDE
100
AcDbEntity
 67
1
  8
E-TEKHAT-SEMBOL
370
25
100
AcDbLine
 10
142.0
 20
301.0
 30
0.0
 11
147.0
 21
306.0
 31
0.0
  0
LINE
  5
EC6
330
CDE
100
AcDbEntity
 67
1
  8
E-TEKHAT-SEMBOL
370
25
100
AcDbLine
 10
143.0
 20
294.0
 30
0.0
 11
140.25
 21
299.5
 31
0.0
  0
LINE
  5
EC7
330
CDE
100
AcDbEntity
 67
1
  8
E-TEKHAT-SEMBOL
370
25
100
AcDbLine
 10
143.0
 20
294.0
 30
0.0
 11
145.75
 21
299.5
 31
0.0
  0
LINE
  5
EC8
330
CDE
100
AcDbEntity
 67
1
  8
E-TEKHAT-TEL
370
35
100
AcDbLine
 10
169.0
 20
386.0
 30
0.0
 11
169.0
 21
370.0
 31
0.0
  0
HATCH
  5
EC9
330
CDE
100
AcDbEntity
 67
1
  8
E-TEKHAT-BARA
 62
7
100
AcDbHatch
 10
0.0
 20
0.0
 30
0.0
210
0.0
220
0.0
230
1.0
  2
SOLID
 70
1
 71
0
 91
1
 92
1
 93
1
 72
2
 10
169.0
 20
386.0
 40
0.5
 50
0.0
 51
360.0
 73
1
 97
0
 75
0
 76
1
 98
0
  0
LINE
  5
ECA
330
CDE
100
AcDbEntity
 67
1
  8
E-TEKHAT-SEMBOL
370
35
100
AcDbLine
 10
166.5
 20
350.0
 30
0.0
 11
166.5
 21
355.0
 31
0.0
  0
HATCH
  5
ECB
330
CDE
100
AcDbEntity
 67
1
  8
E-TEKHAT-SEMBOL
 62
7
100
AcDbHatch
 10
0.0
 20
0.0
 30
0.0
210
0.0
220
0.0
230
1.0
  2
SOLID
 70
1
 71
0
 91
1
 92
1
 93
1
 72
2
 10
166.5
 20
355.0
 40
0.5
 50
0.0
 51
360.0
 73
1
 97
0
 75
0
 76
1
 98
0
  0
LINE
  5
ECC
330
CDE
100
AcDbEntity
 67
1
  8
E-TEKHAT-SEMBOL
370
35
100
AcDbLine
 10
166.5
 20
355.0
 30
0.0
 11
171.5
 21
363.66025403784437
 31
0.0
  0
LINE
  5
ECD
330
CDE
100
AcDbEntity
 67
1
  8
E-TEKHAT-SEMBOL
370
35
100
AcDbLine
 10
166.5
 20
365.0
 30
0.0
 11
166.5
 21
370.0
 31
0.0
  0
LINE
  5
ECE
330
CDE
100
AcDbEntity
 67
1
  8
E-TEKHAT-SEMBOL
370
35
100
AcDbLine
 10
164.0
 20
362.5
 30
0.0
 11
169.0
 21
367.5
 31
0.0
  0
LINE
  5
ECF
330
CDE
100
AcDbEntity
 67
1
  8
E-TEKHAT-SEMBOL
370
35
100
AcDbLine
 10
164.0
 20
367.5
 30
0.0
 11
169.0
 21
362.5
 31
0.0
  0
LINE
  5
ED0
330
CDE
100
AcDbEntity
 67
1
  8
E-TEKHAT-SEMBOL
370
35
100
AcDbLine
 10
171.5
 20
350.0
 30
0.0
 11
171.5
 21
355.0
 31
0.0
  0
HATCH
  5
ED1
330
CDE
100
AcDbEntity
 67
1
  8
E-TEKHAT-SEMBOL
 62
7
100
AcDbHatch
 10
0.0
 20
0.0
 30
0.0
210
0.0
220
0.0
230
1.0
  2
SOLID
 70
1
 71
0
 91
1
 92
1
 93
1
 72
2
 10
171.5
 20
355.0
 40
0.5
 50
0.0
 51
360.0
 73
1
 97
0
 75
0
 76
1
 98
0
  0
LINE
  5
ED2
330
CDE
100
AcDbEntity
 67
1
  8
E-TEKHAT-SEMBOL
370
35
100
AcDbLine
 10
171.5
 20
355.0
 30
0.0
 11
176.5
 21
363.66025403784437
 31
0.0
  0
LINE
  5
ED3
330
CDE
100
AcDbEntity
 67
1
  8
E-TEKHAT-SEMBOL
370
35
100
AcDbLine
 10
171.5
 20
365.0
 30
0.0
 11
171.5
 21
370.0
 31
0.0
  0
LINE
  5
ED4
330
CDE
100
AcDbEntity
 67
1
  8
E-TEKHAT-SEMBOL
370
35
100
AcDbLine
 10
169.0
 20
362.5
 30
0.0
 11
174.0
 21
367.5
 31
0.0
  0
LINE
  5
ED5
330
CDE
100
AcDbEntity
 67
1
  8
E-TEKHAT-SEMBOL
370
35
100
AcDbLine
 10
169.0
 20
367.5
 30
0.0
 11
174.0
 21
362.5
 31
0.0
  0
LWPOLYLINE
  5
ED6
330
CDE
100
AcDbEntity
 67
1
  8
E-TEKHAT-SEMBOL
  6
DASHED
370
25
100
AcDbPolyline
 90
2
 70
0
 10
166.5
 20
355.0
 10
171.5
 20
355.0
  0
TEXT
  5
ED7
330
CDE
100
AcDbEntity
 67
1
  8
E-TEKHAT-YAZI
100
AcDbText
 10
175.5
 20
366.5
 30
0.0
 40
2.0
  1
-Q104
  7
GYM-B
 11
175.5
 21
366.5
 31
0.0
100
AcDbText
 73
2
  0
TEXT
  5
ED8
330
CDE
100
AcDbEntity
 67
1
  8
E-TEKHAT-YAZI
100
AcDbText
 10
175.5
 20
358.5
 30
0.0
 40
1.8
  1
1×10 A · C
  7
GYM
 11
175.5
 21
358.5
 31
0.0
100
AcDbText
 73
2
  0
LINE
  5
ED9
330
CDE
100
AcDbEntity
 67
1
  8
E-TEKHAT-TEL
370
35
100
AcDbLine
 10
169.0
 20
350.0
 30
0.0
 11
169.0
 21
312.0
 31
0.0
  0
CIRCLE
  5
EDA
330
CDE
100
AcDbEntity
 67
1
  8
E-TEKHAT-SEMBOL
370
25
100
AcDbCircle
 10
169.0
 20
312.0
 30
0.0
 40
1.0
  0
LINE
  5
EDB
330
CDE
100
AcDbEntity
 67
1
  8
E-TEKHAT-TEL
370
35
100
AcDbLine
 10
169.0
 20
311.0
 30
0.0
 11
169.0
 21
296.0
 31
0.0
  0
LINE
  5
EDC
330
CDE
100
AcDbEntity
 67
1
  8
E-TEKHAT-SEMBOL
370
25
100
AcDbLine
 10
165.0
 20
298.0
 30
0.0
 11
170.0
 21
303.0
 31
0.0
  0
LINE
  5
EDD
330
CDE
100
AcDbEntity
 67
1
  8
E-TEKHAT-SEMBOL
370
25
100
AcDbLine
 10
166.5
 20
299.5
 30
0.0
 11
171.5
 21
304.5
 31
0.0
  0
LINE
  5
EDE
330
CDE
100
AcDbEntity
 67
1
  8
E-TEKHAT-SEMBOL
370
25
100
AcDbLine
 10
168.0
 20
301.0
 30
0.0
 11
173.0
 21
306.0
 31
0.0
  0
LINE
  5
EDF
330
CDE
100
AcDbEntity
 67
1
  8
E-TEKHAT-SEMBOL
370
25
100
AcDbLine
 10
169.0
 20
294.0
 30
0.0
 11
166.25
 21
299.5
 31
0.0
  0
LINE
  5
EE0
330
CDE
100
AcDbEntity
 67
1
  8
E-TEKHAT-SEMBOL
370
25
100
AcDbLine
 10
169.0
 20
294.0
 30
0.0
 11
171.75
 21
299.5
 31
0.0
  0
LINE
  5
EE1
330
CDE
100
AcDbEntity
 67
1
  8
E-TEKHAT-TEL
370
35
100
AcDbLine
 10
195.0
 20
386.0
 30
0.0
 11
195.0
 21
370.0
 31
0.0
  0
HATCH
  5
EE2
330
CDE
100
AcDbEntity
 67
1
  8
E-TEKHAT-BARA
 62
7
100
AcDbHatch
 10
0.0
 20
0.0
 30
0.0
210
0.0
220
0.0
230
1.0
  2
SOLID
 70
1
 71
0
 91
1
 92
1
 93
1
 72
2
 10
195.0
 20
386.0
 40
0.5
 50
0.0
 51
360.0
 73
1
 97
0
 75
0
 76
1
 98
0
  0
LINE
  5
EE3
330
CDE
100
AcDbEntity
 67
1
  8
E-TEKHAT-SEMBOL
370
35
100
AcDbLine
 10
192.5
 20
350.0
 30
0.0
 11
192.5
 21
355.0
 31
0.0
  0
HATCH
  5
EE4
330
CDE
100
AcDbEntity
 67
1
  8
E-TEKHAT-SEMBOL
 62
7
100
AcDbHatch
 10
0.0
 20
0.0
 30
0.0
210
0.0
220
0.0
230
1.0
  2
SOLID
 70
1
 71
0
 91
1
 92
1
 93
1
 72
2
 10
192.5
 20
355.0
 40
0.5
 50
0.0
 51
360.0
 73
1
 97
0
 75
0
 76
1
 98
0
  0
LINE
  5
EE5
330
CDE
100
AcDbEntity
 67
1
  8
E-TEKHAT-SEMBOL
370
35
100
AcDbLine
 10
192.5
 20
355.0
 30
0.0
 11
197.5
 21
363.66025403784437
 31
0.0
  0
LINE
  5
EE6
330
CDE
100
AcDbEntity
 67
1
  8
E-TEKHAT-SEMBOL
370
35
100
AcDbLine
 10
192.5
 20
365.0
 30
0.0
 11
192.5
 21
370.0
 31
0.0
  0
LINE
  5
EE7
330
CDE
100
AcDbEntity
 67
1
  8
E-TEKHAT-SEMBOL
370
35
100
AcDbLine
 10
190.0
 20
362.5
 30
0.0
 11
195.0
 21
367.5
 31
0.0
  0
LINE
  5
EE8
330
CDE
100
AcDbEntity
 67
1
  8
E-TEKHAT-SEMBOL
370
35
100
AcDbLine
 10
190.0
 20
367.5
 30
0.0
 11
195.0
 21
362.5
 31
0.0
  0
LINE
  5
EE9
330
CDE
100
AcDbEntity
 67
1
  8
E-TEKHAT-SEMBOL
370
35
100
AcDbLine
 10
197.5
 20
350.0
 30
0.0
 11
197.5
 21
355.0
 31
0.0
  0
HATCH
  5
EEA
330
CDE
100
AcDbEntity
 67
1
  8
E-TEKHAT-SEMBOL
 62
7
100
AcDbHatch
 10
0.0
 20
0.0
 30
0.0
210
0.0
220
0.0
230
1.0
  2
SOLID
 70
1
 71
0
 91
1
 92
1
 93
1
 72
2
 10
197.5
 20
355.0
 40
0.5
 50
0.0
 51
360.0
 73
1
 97
0
 75
0
 76
1
 98
0
  0
LINE
  5
EEB
330
CDE
100
AcDbEntity
 67
1
  8
E-TEKHAT-SEMBOL
370
35
100
AcDbLine
 10
197.5
 20
355.0
 30
0.0
 11
202.5
 21
363.66025403784437
 31
0.0
  0
LINE
  5
EEC
330
CDE
100
AcDbEntity
 67
1
  8
E-TEKHAT-SEMBOL
370
35
100
AcDbLine
 10
197.5
 20
365.0
 30
0.0
 11
197.5
 21
370.0
 31
0.0
  0
LINE
  5
EED
330
CDE
100
AcDbEntity
 67
1
  8
E-TEKHAT-SEMBOL
370
35
100
AcDbLine
 10
195.0
 20
362.5
 30
0.0
 11
200.0
 21
367.5
 31
0.0
  0
LINE
  5
EEE
330
CDE
100
AcDbEntity
 67
1
  8
E-TEKHAT-SEMBOL
370
35
100
AcDbLine
 10
195.0
 20
367.5
 30
0.0
 11
200.0
 21
362.5
 31
0.0
  0
LWPOLYLINE
  5
EEF
330
CDE
100
AcDbEntity
 67
1
  8
E-TEKHAT-SEMBOL
  6
DASHED
370
25
100
AcDbPolyline
 90
2
 70
0
 10
192.5
 20
355.0
 10
197.5
 20
355.0
  0
TEXT
  5
EF0
330
CDE
100
AcDbEntity
 67
1
  8
E-TEKHAT-YAZI
100
AcDbText
 10
201.5
 20
366.5
 30
0.0
 40
2.0
  1
-Q105
  7
GYM-B
 11
201.5
 21
366.5
 31
0.0
100
AcDbText
 73
2
  0
TEXT
  5
EF1
330
CDE
100
AcDbEntity
 67
1
  8
E-TEKHAT-YAZI
100
AcDbText
 10
201.5
 20
358.5
 30
0.0
 40
1.8
  1
1×6 A · C
  7
GYM
 11
201.5
 21
358.5
 31
0.0
100
AcDbText
 73
2
  0
LINE
  5
EF2
330
CDE
100
AcDbEntity
 67
1
  8
E-TEKHAT-TEL
370
35
100
AcDbLine
 10
195.0
 20
350.0
 30
0.0
 11
195.0
 21
312.0
 31
0.0
  0
CIRCLE
  5
EF3
330
CDE
100
AcDbEntity
 67
1
  8
E-TEKHAT-SEMBOL
370
25
100
AcDbCircle
 10
195.0
 20
312.0
 30
0.0
 40
1.0
  0
LINE
  5
EF4
330
CDE
100
AcDbEntity
 67
1
  8
E-TEKHAT-TEL
370
35
100
AcDbLine
 10
195.0
 20
311.0
 30
0.0
 11
195.0
 21
296.0
 31
0.0
  0
LINE
  5
EF5
330
CDE
100
AcDbEntity
 67
1
  8
E-TEKHAT-SEMBOL
370
25
100
AcDbLine
 10
191.0
 20
298.0
 30
0.0
 11
196.0
 21
303.0
 31
0.0
  0
LINE
  5
EF6
330
CDE
100
AcDbEntity
 67
1
  8
E-TEKHAT-SEMBOL
370
25
100
AcDbLine
 10
192.5
 20
299.5
 30
0.0
 11
197.5
 21
304.5
 31
0.0
  0
LINE
  5
EF7
330
CDE
100
AcDbEntity
 67
1
  8
E-TEKHAT-SEMBOL
370
25
100
AcDbLine
 10
194.0
 20
301.0
 30
0.0
 11
199.0
 21
306.0
 31
0.0
  0
LINE
  5
EF8
330
CDE
100
AcDbEntity
 67
1
  8
E-TEKHAT-SEMBOL
370
25
100
AcDbLine
 10
195.0
 20
294.0
 30
0.0
 11
192.25
 21
299.5
 31
0.0
  0
LINE
  5
EF9
330
CDE
100
AcDbEntity
 67
1
  8
E-TEKHAT-SEMBOL
370
25
100
AcDbLine
 10
195.0
 20
294.0
 30
0.0
 11
197.75
 21
299.5
 31
0.0
  0
LINE
  5
EFA
330
CDE
100
AcDbEntity
 67
1
  8
E-TEKHAT-TEL
370
35
100
AcDbLine
 10
221.0
 20
386.0
 30
0.0
 11
221.0
 21
370.0
 31
0.0
  0
HATCH
  5
EFB
330
CDE
100
AcDbEntity
 67
1
  8
E-TEKHAT-BARA
 62
7
100
AcDbHatch
 10
0.0
 20
0.0
 30
0.0
210
0.0
220
0.0
230
1.0
  2
SOLID
 70
1
 71
0
 91
1
 92
1
 93
1
 72
2
 10
221.0
 20
386.0
 40
0.5
 50
0.0
 51
360.0
 73
1
 97
0
 75
0
 76
1
 98
0
  0
LINE
  5
EFC
330
CDE
100
AcDbEntity
 67
1
  8
E-TEKHAT-SEMBOL
370
35
100
AcDbLine
 10
218.5
 20
350.0
 30
0.0
 11
218.5
 21
355.0
 31
0.0
  0
HATCH
  5
EFD
330
CDE
100
AcDbEntity
 67
1
  8
E-TEKHAT-SEMBOL
 62
7
100
AcDbHatch
 10
0.0
 20
0.0
 30
0.0
210
0.0
220
0.0
230
1.0
  2
SOLID
 70
1
 71
0
 91
1
 92
1
 93
1
 72
2
 10
218.5
 20
355.0
 40
0.5
 50
0.0
 51
360.0
 73
1
 97
0
 75
0
 76
1
 98
0
  0
LINE
  5
EFE
330
CDE
100
AcDbEntity
 67
1
  8
E-TEKHAT-SEMBOL
370
35
100
AcDbLine
 10
218.5
 20
355.0
 30
0.0
 11
223.5
 21
363.66025403784437
 31
0.0
  0
LINE
  5
EFF
330
CDE
100
AcDbEntity
 67
1
  8
E-TEKHAT-SEMBOL
370
35
100
AcDbLine
 10
218.5
 20
365.0
 30
0.0
 11
218.5
 21
370.0
 31
0.0
  0
LINE
  5
F00
330
CDE
100
AcDbEntity
 67
1
  8
E-TEKHAT-SEMBOL
370
35
100
AcDbLine
 10
216.0
 20
362.5
 30
0.0
 11
221.0
 21
367.5
 31
0.0
  0
LINE
  5
F01
330
CDE
100
AcDbEntity
 67
1
  8
E-TEKHAT-SEMBOL
370
35
100
AcDbLine
 10
216.0
 20
367.5
 30
0.0
 11
221.0
 21
362.5
 31
0.0
  0
LINE
  5
F02
330
CDE
100
AcDbEntity
 67
1
  8
E-TEKHAT-SEMBOL
370
35
100
AcDbLine
 10
223.5
 20
350.0
 30
0.0
 11
223.5
 21
355.0
 31
0.0
  0
HATCH
  5
F03
330
CDE
100
AcDbEntity
 67
1
  8
E-TEKHAT-SEMBOL
 62
7
100
AcDbHatch
 10
0.0
 20
0.0
 30
0.0
210
0.0
220
0.0
230
1.0
  2
SOLID
 70
1
 71
0
 91
1
 92
1
 93
1
 72
2
 10
223.5
 20
355.0
 40
0.5
 50
0.0
 51
360.0
 73
1
 97
0
 75
0
 76
1
 98
0
  0
LINE
  5
F04
330
CDE
100
AcDbEntity
 67
1
  8
E-TEKHAT-SEMBOL
370
35
100
AcDbLine
 10
223.5
 20
355.0
 30
0.0
 11
228.5
 21
363.66025403784437
 31
0.0
  0
LINE
  5
F05
330
CDE
100
AcDbEntity
 67
1
  8
E-TEKHAT-SEMBOL
370
35
100
AcDbLine
 10
223.5
 20
365.0
 30
0.0
 11
223.5
 21
370.0
 31
0.0
  0
LINE
  5
F06
330
CDE
100
AcDbEntity
 67
1
  8
E-TEKHAT-SEMBOL
370
35
100
AcDbLine
 10
221.0
 20
362.5
 30
0.0
 11
226.0
 21
367.5
 31
0.0
  0
LINE
  5
F07
330
CDE
100
AcDbEntity
 67
1
  8
E-TEKHAT-SEMBOL
370
35
100
AcDbLine
 10
221.0
 20
367.5
 30
0.0
 11
226.0
 21
362.5
 31
0.0
  0
LWPOLYLINE
  5
F08
330
CDE
100
AcDbEntity
 67
1
  8
E-TEKHAT-SEMBOL
  6
DASHED
370
25
100
AcDbPolyline
 90
2
 70
0
 10
218.5
 20
355.0
 10
223.5
 20
355.0
  0
TEXT
  5
F09
330
CDE
100
AcDbEntity
 67
1
  8
E-TEKHAT-YAZI
100
AcDbText
 10
227.5
 20
366.5
 30
0.0
 40
2.0
  1
-Q106
  7
GYM-B
 11
227.5
 21
366.5
 31
0.0
100
AcDbText
 73
2
  0
TEXT
  5
F0A
330
CDE
100
AcDbEntity
 67
1
  8
E-TEKHAT-YAZI
100
AcDbText
 10
227.5
 20
358.5
 30
0.0
 40
1.8
  1
1×16 A · C
  7
GYM
 11
227.5
 21
358.5
 31
0.0
100
AcDbText
 73
2
  0
LINE
  5
F0B
330
CDE
100
AcDbEntity
 67
1
  8
E-TEKHAT-TEL
370
35
100
AcDbLine
 10
221.0
 20
350.0
 30
0.0
 11
221.0
 21
312.0
 31
0.0
  0
CIRCLE
  5
F0C
330
CDE
100
AcDbEntity
 67
1
  8
E-TEKHAT-SEMBOL
370
25
100
AcDbCircle
 10
221.0
 20
312.0
 30
0.0
 40
1.0
  0
LINE
  5
F0D
330
CDE
100
AcDbEntity
 67
1
  8
E-TEKHAT-TEL
370
35
100
AcDbLine
 10
221.0
 20
311.0
 30
0.0
 11
221.0
 21
296.0
 31
0.0
  0
LINE
  5
F0E
330
CDE
100
AcDbEntity
 67
1
  8
E-TEKHAT-SEMBOL
370
25
100
AcDbLine
 10
217.0
 20
298.0
 30
0.0
 11
222.0
 21
303.0
 31
0.0
  0
LINE
  5
F0F
330
CDE
100
AcDbEntity
 67
1
  8
E-TEKHAT-SEMBOL
370
25
100
AcDbLine
 10
218.5
 20
299.5
 30
0.0
 11
223.5
 21
304.5
 31
0.0
  0
LINE
  5
F10
330
CDE
100
AcDbEntity
 67
1
  8
E-TEKHAT-SEMBOL
370
25
100
AcDbLine
 10
220.0
 20
301.0
 30
0.0
 11
225.0
 21
306.0
 31
0.0
  0
LINE
  5
F11
330
CDE
100
AcDbEntity
 67
1
  8
E-TEKHAT-SEMBOL
370
25
100
AcDbLine
 10
221.0
 20
294.0
 30
0.0
 11
218.25
 21
299.5
 31
0.0
  0
LINE
  5
F12
330
CDE
100
AcDbEntity
 67
1
  8
E-TEKHAT-SEMBOL
370
25
100
AcDbLine
 10
221.0
 20
294.0
 30
0.0
 11
223.75
 21
299.5
 31
0.0
  0
LINE
  5
F13
330
CDE
100
AcDbEntity
 67
1
  8
E-TEKHAT-TEL
370
35
100
AcDbLine
 10
247.0
 20
386.0
 30
0.0
 11
247.0
 21
370.0
 31
0.0
  0
HATCH
  5
F14
330
CDE
100
AcDbEntity
 67
1
  8
E-TEKHAT-BARA
 62
7
100
AcDbHatch
 10
0.0
 20
0.0
 30
0.0
210
0.0
220
0.0
230
1.0
  2
SOLID
 70
1
 71
0
 91
1
 92
1
 93
1
 72
2
 10
247.0
 20
386.0
 40
0.5
 50
0.0
 51
360.0
 73
1
 97
0
 75
0
 76
1
 98
0
  0
LINE
  5
F15
330
CDE
100
AcDbEntity
 67
1
  8
E-TEKHAT-SEMBOL
370
35
100
AcDbLine
 10
244.5
 20
350.0
 30
0.0
 11
244.5
 21
355.0
 31
0.0
  0
HATCH
  5
F16
330
CDE
100
AcDbEntity
 67
1
  8
E-TEKHAT-SEMBOL
 62
7
100
AcDbHatch
 10
0.0
 20
0.0
 30
0.0
210
0.0
220
0.0
230
1.0
  2
SOLID
 70
1
 71
0
 91
1
 92
1
 93
1
 72
2
 10
244.5
 20
355.0
 40
0.5
 50
0.0
 51
360.0
 73
1
 97
0
 75
0
 76
1
 98
0
  0
LINE
  5
F17
330
CDE
100
AcDbEntity
 67
1
  8
E-TEKHAT-SEMBOL
370
35
100
AcDbLine
 10
244.5
 20
355.0
 30
0.0
 11
249.5
 21
363.66025403784437
 31
0.0
  0
LINE
  5
F18
330
CDE
100
AcDbEntity
 67
1
  8
E-TEKHAT-SEMBOL
370
35
100
AcDbLine
 10
244.5
 20
365.0
 30
0.0
 11
244.5
 21
370.0
 31
0.0
  0
LINE
  5
F19
330
CDE
100
AcDbEntity
 67
1
  8
E-TEKHAT-SEMBOL
370
35
100
AcDbLine
 10
242.0
 20
362.5
 30
0.0
 11
247.0
 21
367.5
 31
0.0
  0
LINE
  5
F1A
330
CDE
100
AcDbEntity
 67
1
  8
E-TEKHAT-SEMBOL
370
35
100
AcDbLine
 10
242.0
 20
367.5
 30
0.0
 11
247.0
 21
362.5
 31
0.0
  0
LINE
  5
F1B
330
CDE
100
AcDbEntity
 67
1
  8
E-TEKHAT-SEMBOL
370
35
100
AcDbLine
 10
249.5
 20
350.0
 30
0.0
 11
249.5
 21
355.0
 31
0.0
  0
HATCH
  5
F1C
330
CDE
100
AcDbEntity
 67
1
  8
E-TEKHAT-SEMBOL
 62
7
100
AcDbHatch
 10
0.0
 20
0.0
 30
0.0
210
0.0
220
0.0
230
1.0
  2
SOLID
 70
1
 71
0
 91
1
 92
1
 93
1
 72
2
 10
249.5
 20
355.0
 40
0.5
 50
0.0
 51
360.0
 73
1
 97
0
 75
0
 76
1
 98
0
  0
LINE
  5
F1D
330
CDE
100
AcDbEntity
 67
1
  8
E-TEKHAT-SEMBOL
370
35
100
AcDbLine
 10
249.5
 20
355.0
 30
0.0
 11
254.5
 21
363.66025403784437
 31
0.0
  0
LINE
  5
F1E
330
CDE
100
AcDbEntity
 67
1
  8
E-TEKHAT-SEMBOL
370
35
100
AcDbLine
 10
249.5
 20
365.0
 30
0.0
 11
249.5
 21
370.0
 31
0.0
  0
LINE
  5
F1F
330
CDE
100
AcDbEntity
 67
1
  8
E-TEKHAT-SEMBOL
370
35
100
AcDbLine
 10
247.0
 20
362.5
 30
0.0
 11
252.0
 21
367.5
 31
0.0
  0
LINE
  5
F20
330
CDE
100
AcDbEntity
 67
1
  8
E-TEKHAT-SEMBOL
370
35
100
AcDbLine
 10
247.0
 20
367.5
 30
0.0
 11
252.0
 21
362.5
 31
0.0
  0
LWPOLYLINE
  5
F21
330
CDE
100
AcDbEntity
 67
1
  8
E-TEKHAT-SEMBOL
  6
DASHED
370
25
100
AcDbPolyline
 90
2
 70
0
 10
244.5
 20
355.0
 10
249.5
 20
355.0
  0
TEXT
  5
F22
330
CDE
100
AcDbEntity
 67
1
  8
E-TEKHAT-YAZI
100
AcDbText
 10
253.5
 20
366.5
 30
0.0
 40
2.0
  1
-Q107
  7
GYM-B
 11
253.5
 21
366.5
 31
0.0
100
AcDbText
 73
2
  0
TEXT
  5
F23
330
CDE
100
AcDbEntity
 67
1
  8
E-TEKHAT-YAZI
100
AcDbText
 10
253.5
 20
358.5
 30
0.0
 40
1.8
  1
1×16 A · C
  7
GYM
 11
253.5
 21
358.5
 31
0.0
100
AcDbText
 73
2
  0
LINE
  5
F24
330
CDE
100
AcDbEntity
 67
1
  8
E-TEKHAT-TEL
370
35
100
AcDbLine
 10
247.0
 20
350.0
 30
0.0
 11
247.0
 21
312.0
 31
0.0
  0
CIRCLE
  5
F25
330
CDE
100
AcDbEntity
 67
1
  8
E-TEKHAT-SEMBOL
370
25
100
AcDbCircle
 10
247.0
 20
312.0
 30
0.0
 40
1.0
  0
LINE
  5
F26
330
CDE
100
AcDbEntity
 67
1
  8
E-TEKHAT-TEL
370
35
100
AcDbLine
 10
247.0
 20
311.0
 30
0.0
 11
247.0
 21
296.0
 31
0.0
  0
LINE
  5
F27
330
CDE
100
AcDbEntity
 67
1
  8
E-TEKHAT-SEMBOL
370
25
100
AcDbLine
 10
243.0
 20
298.0
 30
0.0
 11
248.0
 21
303.0
 31
0.0
  0
LINE
  5
F28
330
CDE
100
AcDbEntity
 67
1
  8
E-TEKHAT-SEMBOL
370
25
100
AcDbLine
 10
244.5
 20
299.5
 30
0.0
 11
249.5
 21
304.5
 31
0.0
  0
LINE
  5
F29
330
CDE
100
AcDbEntity
 67
1
  8
E-TEKHAT-SEMBOL
370
25
100
AcDbLine
 10
246.0
 20
301.0
 30
0.0
 11
251.0
 21
306.0
 31
0.0
  0
LINE
  5
F2A
330
CDE
100
AcDbEntity
 67
1
  8
E-TEKHAT-SEMBOL
370
25
100
AcDbLine
 10
247.0
 20
294.0
 30
0.0
 11
244.25
 21
299.5
 31
0.0
  0
LINE
  5
F2B
330
CDE
100
AcDbEntity
 67
1
  8
E-TEKHAT-SEMBOL
370
25
100
AcDbLine
 10
247.0
 20
294.0
 30
0.0
 11
249.75
 21
299.5
 31
0.0
  0
LINE
  5
F2C
330
CDE
100
AcDbEntity
 67
1
  8
E-TEKHAT-TEL
370
35
100
AcDbLine
 10
273.0
 20
386.0
 30
0.0
 11
273.0
 21
370.0
 31
0.0
  0
HATCH
  5
F2D
330
CDE
100
AcDbEntity
 67
1
  8
E-TEKHAT-BARA
 62
7
100
AcDbHatch
 10
0.0
 20
0.0
 30
0.0
210
0.0
220
0.0
230
1.0
  2
SOLID
 70
1
 71
0
 91
1
 92
1
 93
1
 72
2
 10
273.0
 20
386.0
 40
0.5
 50
0.0
 51
360.0
 73
1
 97
0
 75
0
 76
1
 98
0
  0
LINE
  5
F2E
330
CDE
100
AcDbEntity
 67
1
  8
E-TEKHAT-SEMBOL
370
35
100
AcDbLine
 10
270.5
 20
350.0
 30
0.0
 11
270.5
 21
355.0
 31
0.0
  0
HATCH
  5
F2F
330
CDE
100
AcDbEntity
 67
1
  8
E-TEKHAT-SEMBOL
 62
7
100
AcDbHatch
 10
0.0
 20
0.0
 30
0.0
210
0.0
220
0.0
230
1.0
  2
SOLID
 70
1
 71
0
 91
1
 92
1
 93
1
 72
2
 10
270.5
 20
355.0
 40
0.5
 50
0.0
 51
360.0
 73
1
 97
0
 75
0
 76
1
 98
0
  0
LINE
  5
F30
330
CDE
100
AcDbEntity
 67
1
  8
E-TEKHAT-SEMBOL
370
35
100
AcDbLine
 10
270.5
 20
355.0
 30
0.0
 11
275.5
 21
363.66025403784437
 31
0.0
  0
LINE
  5
F31
330
CDE
100
AcDbEntity
 67
1
  8
E-TEKHAT-SEMBOL
370
35
100
AcDbLine
 10
270.5
 20
365.0
 30
0.0
 11
270.5
 21
370.0
 31
0.0
  0
LINE
  5
F32
330
CDE
100
AcDbEntity
 67
1
  8
E-TEKHAT-SEMBOL
370
35
100
AcDbLine
 10
268.0
 20
362.5
 30
0.0
 11
273.0
 21
367.5
 31
0.0
  0
LINE
  5
F33
330
CDE
100
AcDbEntity
 67
1
  8
E-TEKHAT-SEMBOL
370
35
100
AcDbLine
 10
268.0
 20
367.5
 30
0.0
 11
273.0
 21
362.5
 31
0.0
  0
LINE
  5
F34
330
CDE
100
AcDbEntity
 67
1
  8
E-TEKHAT-SEMBOL
370
35
100
AcDbLine
 10
275.5
 20
350.0
 30
0.0
 11
275.5
 21
355.0
 31
0.0
  0
HATCH
  5
F35
330
CDE
100
AcDbEntity
 67
1
  8
E-TEKHAT-SEMBOL
 62
7
100
AcDbHatch
 10
0.0
 20
0.0
 30
0.0
210
0.0
220
0.0
230
1.0
  2
SOLID
 70
1
 71
0
 91
1
 92
1
 93
1
 72
2
 10
275.5
 20
355.0
 40
0.5
 50
0.0
 51
360.0
 73
1
 97
0
 75
0
 76
1
 98
0
  0
LINE
  5
F36
330
CDE
100
AcDbEntity
 67
1
  8
E-TEKHAT-SEMBOL
370
35
100
AcDbLine
 10
275.5
 20
355.0
 30
0.0
 11
280.5
 21
363.66025403784437
 31
0.0
  0
LINE
  5
F37
330
CDE
100
AcDbEntity
 67
1
  8
E-TEKHAT-SEMBOL
370
35
100
AcDbLine
 10
275.5
 20
365.0
 30
0.0
 11
275.5
 21
370.0
 31
0.0
  0
LINE
  5
F38
330
CDE
100
AcDbEntity
 67
1
  8
E-TEKHAT-SEMBOL
370
35
100
AcDbLine
 10
273.0
 20
362.5
 30
0.0
 11
278.0
 21
367.5
 31
0.0
  0
LINE
  5
F39
330
CDE
100
AcDbEntity
 67
1
  8
E-TEKHAT-SEMBOL
370
35
100
AcDbLine
 10
273.0
 20
367.5
 30
0.0
 11
278.0
 21
362.5
 31
0.0
  0
LWPOLYLINE
  5
F3A
330
CDE
100
AcDbEntity
 67
1
  8
E-TEKHAT-SEMBOL
  6
DASHED
370
25
100
AcDbPolyline
 90
2
 70
0
 10
270.5
 20
355.0
 10
275.5
 20
355.0
  0
TEXT
  5
F3B
330
CDE
100
AcDbEntity
 67
1
  8
E-TEKHAT-YAZI
100
AcDbText
 10
279.5
 20
366.5
 30
0.0
 40
2.0
  1
-Q108
  7
GYM-B
 11
279.5
 21
366.5
 31
0.0
100
AcDbText
 73
2
  0
TEXT
  5
F3C
330
CDE
100
AcDbEntity
 67
1
  8
E-TEKHAT-YAZI
100
AcDbText
 10
279.5
 20
358.5
 30
0.0
 40
1.8
  1
1×16 A · C
  7
GYM
 11
279.5
 21
358.5
 31
0.0
100
AcDbText
 73
2
  0
LINE
  5
F3D
330
CDE
100
AcDbEntity
 67
1
  8
E-TEKHAT-TEL
370
35
100
AcDbLine
 10
273.0
 20
350.0
 30
0.0
 11
273.0
 21
312.0
 31
0.0
  0
CIRCLE
  5
F3E
330
CDE
100
AcDbEntity
 67
1
  8
E-TEKHAT-SEMBOL
370
25
100
AcDbCircle
 10
273.0
 20
312.0
 30
0.0
 40
1.0
  0
LINE
  5
F3F
330
CDE
100
AcDbEntity
 67
1
  8
E-TEKHAT-TEL
370
35
100
AcDbLine
 10
273.0
 20
311.0
 30
0.0
 11
273.0
 21
296.0
 31
0.0
  0
LINE
  5
F40
330
CDE
100
AcDbEntity
 67
1
  8
E-TEKHAT-SEMBOL
370
25
100
AcDbLine
 10
269.0
 20
298.0
 30
0.0
 11
274.0
 21
303.0
 31
0.0
  0
LINE
  5
F41
330
CDE
100
AcDbEntity
 67
1
  8
E-TEKHAT-SEMBOL
370
25
100
AcDbLine
 10
270.5
 20
299.5
 30
0.0
 11
275.5
 21
304.5
 31
0.0
  0
LINE
  5
F42
330
CDE
100
AcDbEntity
 67
1
  8
E-TEKHAT-SEMBOL
370
25
100
AcDbLine
 10
272.0
 20
301.0
 30
0.0
 11
277.0
 21
306.0
 31
0.0
  0
LINE
  5
F43
330
CDE
100
AcDbEntity
 67
1
  8
E-TEKHAT-SEMBOL
370
25
100
AcDbLine
 10
273.0
 20
294.0
 30
0.0
 11
270.25
 21
299.5
 31
0.0
  0
LINE
  5
F44
330
CDE
100
AcDbEntity
 67
1
  8
E-TEKHAT-SEMBOL
370
25
100
AcDbLine
 10
273.0
 20
294.0
 30
0.0
 11
275.75
 21
299.5
 31
0.0
  0
LINE
  5
F45
330
CDE
100
AcDbEntity
 67
1
  8
E-TEKHAT-TEL
370
35
100
AcDbLine
 10
299.0
 20
386.0
 30
0.0
 11
299.0
 21
370.0
 31
0.0
  0
HATCH
  5
F46
330
CDE
100
AcDbEntity
 67
1
  8
E-TEKHAT-BARA
 62
7
100
AcDbHatch
 10
0.0
 20
0.0
 30
0.0
210
0.0
220
0.0
230
1.0
  2
SOLID
 70
1
 71
0
 91
1
 92
1
 93
1
 72
2
 10
299.0
 20
386.0
 40
0.5
 50
0.0
 51
360.0
 73
1
 97
0
 75
0
 76
1
 98
0
  0
LINE
  5
F47
330
CDE
100
AcDbEntity
 67
1
  8
E-TEKHAT-SEMBOL
370
35
100
AcDbLine
 10
296.5
 20
350.0
 30
0.0
 11
296.5
 21
355.0
 31
0.0
  0
HATCH
  5
F48
330
CDE
100
AcDbEntity
 67
1
  8
E-TEKHAT-SEMBOL
 62
7
100
AcDbHatch
 10
0.0
 20
0.0
 30
0.0
210
0.0
220
0.0
230
1.0
  2
SOLID
 70
1
 71
0
 91
1
 92
1
 93
1
 72
2
 10
296.5
 20
355.0
 40
0.5
 50
0.0
 51
360.0
 73
1
 97
0
 75
0
 76
1
 98
0
  0
LINE
  5
F49
330
CDE
100
AcDbEntity
 67
1
  8
E-TEKHAT-SEMBOL
370
35
100
AcDbLine
 10
296.5
 20
355.0
 30
0.0
 11
301.5
 21
363.66025403784437
 31
0.0
  0
LINE
  5
F4A
330
CDE
100
AcDbEntity
 67
1
  8
E-TEKHAT-SEMBOL
370
35
100
AcDbLine
 10
296.5
 20
365.0
 30
0.0
 11
296.5
 21
370.0
 31
0.0
  0
LINE
  5
F4B
330
CDE
100
AcDbEntity
 67
1
  8
E-TEKHAT-SEMBOL
370
35
100
AcDbLine
 10
294.0
 20
362.5
 30
0.0
 11
299.0
 21
367.5
 31
0.0
  0
LINE
  5
F4C
330
CDE
100
AcDbEntity
 67
1
  8
E-TEKHAT-SEMBOL
370
35
100
AcDbLine
 10
294.0
 20
367.5
 30
0.0
 11
299.0
 21
362.5
 31
0.0
  0
LINE
  5
F4D
330
CDE
100
AcDbEntity
 67
1
  8
E-TEKHAT-SEMBOL
370
35
100
AcDbLine
 10
301.5
 20
350.0
 30
0.0
 11
301.5
 21
355.0
 31
0.0
  0
HATCH
  5
F4E
330
CDE
100
AcDbEntity
 67
1
  8
E-TEKHAT-SEMBOL
 62
7
100
AcDbHatch
 10
0.0
 20
0.0
 30
0.0
210
0.0
220
0.0
230
1.0
  2
SOLID
 70
1
 71
0
 91
1
 92
1
 93
1
 72
2
 10
301.5
 20
355.0
 40
0.5
 50
0.0
 51
360.0
 73
1
 97
0
 75
0
 76
1
 98
0
  0
LINE
  5
F4F
330
CDE
100
AcDbEntity
 67
1
  8
E-TEKHAT-SEMBOL
370
35
100
AcDbLine
 10
301.5
 20
355.0
 30
0.0
 11
306.5
 21
363.66025403784437
 31
0.0
  0
LINE
  5
F50
330
CDE
100
AcDbEntity
 67
1
  8
E-TEKHAT-SEMBOL
370
35
100
AcDbLine
 10
301.5
 20
365.0
 30
0.0
 11
301.5
 21
370.0
 31
0.0
  0
LINE
  5
F51
330
CDE
100
AcDbEntity
 67
1
  8
E-TEKHAT-SEMBOL
370
35
100
AcDbLine
 10
299.0
 20
362.5
 30
0.0
 11
304.0
 21
367.5
 31
0.0
  0
LINE
  5
F52
330
CDE
100
AcDbEntity
 67
1
  8
E-TEKHAT-SEMBOL
370
35
100
AcDbLine
 10
299.0
 20
367.5
 30
0.0
 11
304.0
 21
362.5
 31
0.0
  0
LWPOLYLINE
  5
F53
330
CDE
100
AcDbEntity
 67
1
  8
E-TEKHAT-SEMBOL
  6
DASHED
370
25
100
AcDbPolyline
 90
2
 70
0
 10
296.5
 20
355.0
 10
301.5
 20
355.0
  0
TEXT
  5
F54
330
CDE
100
AcDbEntity
 67
1
  8
E-TEKHAT-YAZI
100
AcDbText
 10
305.5
 20
366.5
 30
0.0
 40
2.0
  1
-Q109
  7
GYM-B
 11
305.5
 21
366.5
 31
0.0
100
AcDbText
 73
2
  0
TEXT
  5
F55
330
CDE
100
AcDbEntity
 67
1
  8
E-TEKHAT-YAZI
100
AcDbText
 10
305.5
 20
358.5
 30
0.0
 40
1.8
  1
1×16 A · C
  7
GYM
 11
305.5
 21
358.5
 31
0.0
100
AcDbText
 73
2
  0
LINE
  5
F56
330
CDE
100
AcDbEntity
 67
1
  8
E-TEKHAT-TEL
370
35
100
AcDbLine
 10
299.0
 20
350.0
 30
0.0
 11
299.0
 21
312.0
 31
0.0
  0
CIRCLE
  5
F57
330
CDE
100
AcDbEntity
 67
1
  8
E-TEKHAT-SEMBOL
370
25
100
AcDbCircle
 10
299.0
 20
312.0
 30
0.0
 40
1.0
  0
LINE
  5
F58
330
CDE
100
AcDbEntity
 67
1
  8
E-TEKHAT-TEL
370
35
100
AcDbLine
 10
299.0
 20
311.0
 30
0.0
 11
299.0
 21
296.0
 31
0.0
  0
LINE
  5
F59
330
CDE
100
AcDbEntity
 67
1
  8
E-TEKHAT-SEMBOL
370
25
100
AcDbLine
 10
295.0
 20
298.0
 30
0.0
 11
300.0
 21
303.0
 31
0.0
  0
LINE
  5
F5A
330
CDE
100
AcDbEntity
 67
1
  8
E-TEKHAT-SEMBOL
370
25
100
AcDbLine
 10
296.5
 20
299.5
 30
0.0
 11
301.5
 21
304.5
 31
0.0
  0
LINE
  5
F5B
330
CDE
100
AcDbEntity
 67
1
  8
E-TEKHAT-SEMBOL
370
25
100
AcDbLine
 10
298.0
 20
301.0
 30
0.0
 11
303.0
 21
306.0
 31
0.0
  0
LINE
  5
F5C
330
CDE
100
AcDbEntity
 67
1
  8
E-TEKHAT-SEMBOL
370
25
100
AcDbLine
 10
299.0
 20
294.0
 30
0.0
 11
296.25
 21
299.5
 31
0.0
  0
LINE
  5
F5D
330
CDE
100
AcDbEntity
 67
1
  8
E-TEKHAT-SEMBOL
370
25
100
AcDbLine
 10
299.0
 20
294.0
 30
0.0
 11
301.75
 21
299.5
 31
0.0
  0
LINE
  5
F5E
330
CDE
100
AcDbEntity
 67
1
  8
E-TEKHAT-TEL
370
35
100
AcDbLine
 10
325.0
 20
386.0
 30
0.0
 11
325.0
 21
370.0
 31
0.0
  0
HATCH
  5
F5F
330
CDE
100
AcDbEntity
 67
1
  8
E-TEKHAT-BARA
 62
7
100
AcDbHatch
 10
0.0
 20
0.0
 30
0.0
210
0.0
220
0.0
230
1.0
  2
SOLID
 70
1
 71
0
 91
1
 92
1
 93
1
 72
2
 10
325.0
 20
386.0
 40
0.5
 50
0.0
 51
360.0
 73
1
 97
0
 75
0
 76
1
 98
0
  0
LINE
  5
F60
330
CDE
100
AcDbEntity
 67
1
  8
E-TEKHAT-SEMBOL
370
35
100
AcDbLine
 10
322.5
 20
350.0
 30
0.0
 11
322.5
 21
355.0
 31
0.0
  0
HATCH
  5
F61
330
CDE
100
AcDbEntity
 67
1
  8
E-TEKHAT-SEMBOL
 62
7
100
AcDbHatch
 10
0.0
 20
0.0
 30
0.0
210
0.0
220
0.0
230
1.0
  2
SOLID
 70
1
 71
0
 91
1
 92
1
 93
1
 72
2
 10
322.5
 20
355.0
 40
0.5
 50
0.0
 51
360.0
 73
1
 97
0
 75
0
 76
1
 98
0
  0
LINE
  5
F62
330
CDE
100
AcDbEntity
 67
1
  8
E-TEKHAT-SEMBOL
370
35
100
AcDbLine
 10
322.5
 20
355.0
 30
0.0
 11
327.5
 21
363.66025403784437
 31
0.0
  0
LINE
  5
F63
330
CDE
100
AcDbEntity
 67
1
  8
E-TEKHAT-SEMBOL
370
35
100
AcDbLine
 10
322.5
 20
365.0
 30
0.0
 11
322.5
 21
370.0
 31
0.0
  0
LINE
  5
F64
330
CDE
100
AcDbEntity
 67
1
  8
E-TEKHAT-SEMBOL
370
35
100
AcDbLine
 10
320.0
 20
362.5
 30
0.0
 11
325.0
 21
367.5
 31
0.0
  0
LINE
  5
F65
330
CDE
100
AcDbEntity
 67
1
  8
E-TEKHAT-SEMBOL
370
35
100
AcDbLine
 10
320.0
 20
367.5
 30
0.0
 11
325.0
 21
362.5
 31
0.0
  0
LINE
  5
F66
330
CDE
100
AcDbEntity
 67
1
  8
E-TEKHAT-SEMBOL
370
35
100
AcDbLine
 10
327.5
 20
350.0
 30
0.0
 11
327.5
 21
355.0
 31
0.0
  0
HATCH
  5
F67
330
CDE
100
AcDbEntity
 67
1
  8
E-TEKHAT-SEMBOL
 62
7
100
AcDbHatch
 10
0.0
 20
0.0
 30
0.0
210
0.0
220
0.0
230
1.0
  2
SOLID
 70
1
 71
0
 91
1
 92
1
 93
1
 72
2
 10
327.5
 20
355.0
 40
0.5
 50
0.0
 51
360.0
 73
1
 97
0
 75
0
 76
1
 98
0
  0
LINE
  5
F68
330
CDE
100
AcDbEntity
 67
1
  8
E-TEKHAT-SEMBOL
370
35
100
AcDbLine
 10
327.5
 20
355.0
 30
0.0
 11
332.5
 21
363.66025403784437
 31
0.0
  0
LINE
  5
F69
330
CDE
100
AcDbEntity
 67
1
  8
E-TEKHAT-SEMBOL
370
35
100
AcDbLine
 10
327.5
 20
365.0
 30
0.0
 11
327.5
 21
370.0
 31
0.0
  0
LINE
  5
F6A
330
CDE
100
AcDbEntity
 67
1
  8
E-TEKHAT-SEMBOL
370
35
100
AcDbLine
 10
325.0
 20
362.5
 30
0.0
 11
330.0
 21
367.5
 31
0.0
  0
LINE
  5
F6B
330
CDE
100
AcDbEntity
 67
1
  8
E-TEKHAT-SEMBOL
370
35
100
AcDbLine
 10
325.0
 20
367.5
 30
0.0
 11
330.0
 21
362.5
 31
0.0
  0
LWPOLYLINE
  5
F6C
330
CDE
100
AcDbEntity
 67
1
  8
E-TEKHAT-SEMBOL
  6
DASHED
370
25
100
AcDbPolyline
 90
2
 70
0
 10
322.5
 20
355.0
 10
327.5
 20
355.0
  0
TEXT
  5
F6D
330
CDE
100
AcDbEntity
 67
1
  8
E-TEKHAT-YAZI
100
AcDbText
 10
331.5
 20
366.5
 30
0.0
 40
2.0
  1
-Q110
  7
GYM-B
 11
331.5
 21
366.5
 31
0.0
100
AcDbText
 73
2
  0
TEXT
  5
F6E
330
CDE
100
AcDbEntity
 67
1
  8
E-TEKHAT-YAZI
100
AcDbText
 10
331.5
 20
358.5
 30
0.0
 40
1.8
  1
1×16 A · C
  7
GYM
 11
331.5
 21
358.5
 31
0.0
100
AcDbText
 73
2
  0
LINE
  5
F6F
330
CDE
100
AcDbEntity
 67
1
  8
E-TEKHAT-TEL
370
35
100
AcDbLine
 10
325.0
 20
350.0
 30
0.0
 11
325.0
 21
312.0
 31
0.0
  0
CIRCLE
  5
F70
330
CDE
100
AcDbEntity
 67
1
  8
E-TEKHAT-SEMBOL
370
25
100
AcDbCircle
 10
325.0
 20
312.0
 30
0.0
 40
1.0
  0
LINE
  5
F71
330
CDE
100
AcDbEntity
 67
1
  8
E-TEKHAT-TEL
370
35
100
AcDbLine
 10
325.0
 20
311.0
 30
0.0
 11
325.0
 21
296.0
 31
0.0
  0
LINE
  5
F72
330
CDE
100
AcDbEntity
 67
1
  8
E-TEKHAT-SEMBOL
370
25
100
AcDbLine
 10
321.0
 20
298.0
 30
0.0
 11
326.0
 21
303.0
 31
0.0
  0
LINE
  5
F73
330
CDE
100
AcDbEntity
 67
1
  8
E-TEKHAT-SEMBOL
370
25
100
AcDbLine
 10
322.5
 20
299.5
 30
0.0
 11
327.5
 21
304.5
 31
0.0
  0
LINE
  5
F74
330
CDE
100
AcDbEntity
 67
1
  8
E-TEKHAT-SEMBOL
370
25
100
AcDbLine
 10
324.0
 20
301.0
 30
0.0
 11
329.0
 21
306.0
 31
0.0
  0
LINE
  5
F75
330
CDE
100
AcDbEntity
 67
1
  8
E-TEKHAT-SEMBOL
370
25
100
AcDbLine
 10
325.0
 20
294.0
 30
0.0
 11
322.25
 21
299.5
 31
0.0
  0
LINE
  5
F76
330
CDE
100
AcDbEntity
 67
1
  8
E-TEKHAT-SEMBOL
370
25
100
AcDbLine
 10
325.0
 20
294.0
 30
0.0
 11
327.75
 21
299.5
 31
0.0
  0
LINE
  5
F77
330
CDE
100
AcDbEntity
 67
1
  8
E-TEKHAT-TEL
370
35
100
AcDbLine
 10
351.0
 20
386.0
 30
0.0
 11
351.0
 21
370.0
 31
0.0
  0
HATCH
  5
F78
330
CDE
100
AcDbEntity
 67
1
  8
E-TEKHAT-BARA
 62
7
100
AcDbHatch
 10
0.0
 20
0.0
 30
0.0
210
0.0
220
0.0
230
1.0
  2
SOLID
 70
1
 71
0
 91
1
 92
1
 93
1
 72
2
 10
351.0
 20
386.0
 40
0.5
 50
0.0
 51
360.0
 73
1
 97
0
 75
0
 76
1
 98
0
  0
LINE
  5
F79
330
CDE
100
AcDbEntity
 67
1
  8
E-TEKHAT-SEMBOL
370
35
100
AcDbLine
 10
348.5
 20
350.0
 30
0.0
 11
348.5
 21
355.0
 31
0.0
  0
HATCH
  5
F7A
330
CDE
100
AcDbEntity
 67
1
  8
E-TEKHAT-SEMBOL
 62
7
100
AcDbHatch
 10
0.0
 20
0.0
 30
0.0
210
0.0
220
0.0
230
1.0
  2
SOLID
 70
1
 71
0
 91
1
 92
1
 93
1
 72
2
 10
348.5
 20
355.0
 40
0.5
 50
0.0
 51
360.0
 73
1
 97
0
 75
0
 76
1
 98
0
  0
LINE
  5
F7B
330
CDE
100
AcDbEntity
 67
1
  8
E-TEKHAT-SEMBOL
370
35
100
AcDbLine
 10
348.5
 20
355.0
 30
0.0
 11
353.5
 21
363.66025403784437
 31
0.0
  0
LINE
  5
F7C
330
CDE
100
AcDbEntity
 67
1
  8
E-TEKHAT-SEMBOL
370
35
100
AcDbLine
 10
348.5
 20
365.0
 30
0.0
 11
348.5
 21
370.0
 31
0.0
  0
LINE
  5
F7D
330
CDE
100
AcDbEntity
 67
1
  8
E-TEKHAT-SEMBOL
370
35
100
AcDbLine
 10
346.0
 20
362.5
 30
0.0
 11
351.0
 21
367.5
 31
0.0
  0
LINE
  5
F7E
330
CDE
100
AcDbEntity
 67
1
  8
E-TEKHAT-SEMBOL
370
35
100
AcDbLine
 10
346.0
 20
367.5
 30
0.0
 11
351.0
 21
362.5
 31
0.0
  0
LINE
  5
F7F
330
CDE
100
AcDbEntity
 67
1
  8
E-TEKHAT-SEMBOL
370
35
100
AcDbLine
 10
353.5
 20
350.0
 30
0.0
 11
353.5
 21
355.0
 31
0.0
  0
HATCH
  5
F80
330
CDE
100
AcDbEntity
 67
1
  8
E-TEKHAT-SEMBOL
 62
7
100
AcDbHatch
 10
0.0
 20
0.0
 30
0.0
210
0.0
220
0.0
230
1.0
  2
SOLID
 70
1
 71
0
 91
1
 92
1
 93
1
 72
2
 10
353.5
 20
355.0
 40
0.5
 50
0.0
 51
360.0
 73
1
 97
0
 75
0
 76
1
 98
0
  0
LINE
  5
F81
330
CDE
100
AcDbEntity
 67
1
  8
E-TEKHAT-SEMBOL
370
35
100
AcDbLine
 10
353.5
 20
355.0
 30
0.0
 11
358.5
 21
363.66025403784437
 31
0.0
  0
LINE
  5
F82
330
CDE
100
AcDbEntity
 67
1
  8
E-TEKHAT-SEMBOL
370
35
100
AcDbLine
 10
353.5
 20
365.0
 30
0.0
 11
353.5
 21
370.0
 31
0.0
  0
LINE
  5
F83
330
CDE
100
AcDbEntity
 67
1
  8
E-TEKHAT-SEMBOL
370
35
100
AcDbLine
 10
351.0
 20
362.5
 30
0.0
 11
356.0
 21
367.5
 31
0.0
  0
LINE
  5
F84
330
CDE
100
AcDbEntity
 67
1
  8
E-TEKHAT-SEMBOL
370
35
100
AcDbLine
 10
351.0
 20
367.5
 30
0.0
 11
356.0
 21
362.5
 31
0.0
  0
LWPOLYLINE
  5
F85
330
CDE
100
AcDbEntity
 67
1
  8
E-TEKHAT-SEMBOL
  6
DASHED
370
25
100
AcDbPolyline
 90
2
 70
0
 10
348.5
 20
355.0
 10
353.5
 20
355.0
  0
TEXT
  5
F86
330
CDE
100
AcDbEntity
 67
1
  8
E-TEKHAT-YAZI
100
AcDbText
 10
357.5
 20
366.5
 30
0.0
 40
2.0
  1
-Q111
  7
GYM-B
 11
357.5
 21
366.5
 31
0.0
100
AcDbText
 73
2
  0
TEXT
  5
F87
330
CDE
100
AcDbEntity
 67
1
  8
E-TEKHAT-YAZI
100
AcDbText
 10
357.5
 20
358.5
 30
0.0
 40
1.8
  1
1×10 A · C
  7
GYM
 11
357.5
 21
358.5
 31
0.0
100
AcDbText
 73
2
  0
LINE
  5
F88
330
CDE
100
AcDbEntity
 67
1
  8
E-TEKHAT-TEL
370
35
100
AcDbLine
 10
351.0
 20
350.0
 30
0.0
 11
351.0
 21
312.0
 31
0.0
  0
CIRCLE
  5
F89
330
CDE
100
AcDbEntity
 67
1
  8
E-TEKHAT-SEMBOL
370
25
100
AcDbCircle
 10
351.0
 20
312.0
 30
0.0
 40
1.0
  0
LINE
  5
F8A
330
CDE
100
AcDbEntity
 67
1
  8
E-TEKHAT-TEL
370
35
100
AcDbLine
 10
351.0
 20
311.0
 30
0.0
 11
351.0
 21
296.0
 31
0.0
  0
LINE
  5
F8B
330
CDE
100
AcDbEntity
 67
1
  8
E-TEKHAT-SEMBOL
370
25
100
AcDbLine
 10
347.0
 20
298.0
 30
0.0
 11
352.0
 21
303.0
 31
0.0
  0
LINE
  5
F8C
330
CDE
100
AcDbEntity
 67
1
  8
E-TEKHAT-SEMBOL
370
25
100
AcDbLine
 10
348.5
 20
299.5
 30
0.0
 11
353.5
 21
304.5
 31
0.0
  0
LINE
  5
F8D
330
CDE
100
AcDbEntity
 67
1
  8
E-TEKHAT-SEMBOL
370
25
100
AcDbLine
 10
350.0
 20
301.0
 30
0.0
 11
355.0
 21
306.0
 31
0.0
  0
LINE
  5
F8E
330
CDE
100
AcDbEntity
 67
1
  8
E-TEKHAT-SEMBOL
370
25
100
AcDbLine
 10
351.0
 20
294.0
 30
0.0
 11
348.25
 21
299.5
 31
0.0
  0
LINE
  5
F8F
330
CDE
100
AcDbEntity
 67
1
  8
E-TEKHAT-SEMBOL
370
25
100
AcDbLine
 10
351.0
 20
294.0
 30
0.0
 11
353.75
 21
299.5
 31
0.0
  0
LINE
  5
F90
330
CDE
100
AcDbEntity
 67
1
  8
E-TEKHAT-TEL
370
35
100
AcDbLine
 10
377.0
 20
386.0
 30
0.0
 11
377.0
 21
370.0
 31
0.0
  0
HATCH
  5
F91
330
CDE
100
AcDbEntity
 67
1
  8
E-TEKHAT-BARA
 62
7
100
AcDbHatch
 10
0.0
 20
0.0
 30
0.0
210
0.0
220
0.0
230
1.0
  2
SOLID
 70
1
 71
0
 91
1
 92
1
 93
1
 72
2
 10
377.0
 20
386.0
 40
0.5
 50
0.0
 51
360.0
 73
1
 97
0
 75
0
 76
1
 98
0
  0
LINE
  5
F92
330
CDE
100
AcDbEntity
 67
1
  8
E-TEKHAT-SEMBOL
370
35
100
AcDbLine
 10
374.5
 20
350.0
 30
0.0
 11
374.5
 21
355.0
 31
0.0
  0
HATCH
  5
F93
330
CDE
100
AcDbEntity
 67
1
  8
E-TEKHAT-SEMBOL
 62
7
100
AcDbHatch
 10
0.0
 20
0.0
 30
0.0
210
0.0
220
0.0
230
1.0
  2
SOLID
 70
1
 71
0
 91
1
 92
1
 93
1
 72
2
 10
374.5
 20
355.0
 40
0.5
 50
0.0
 51
360.0
 73
1
 97
0
 75
0
 76
1
 98
0
  0
LINE
  5
F94
330
CDE
100
AcDbEntity
 67
1
  8
E-TEKHAT-SEMBOL
370
35
100
AcDbLine
 10
374.5
 20
355.0
 30
0.0
 11
379.5
 21
363.66025403784437
 31
0.0
  0
LINE
  5
F95
330
CDE
100
AcDbEntity
 67
1
  8
E-TEKHAT-SEMBOL
370
35
100
AcDbLine
 10
374.5
 20
365.0
 30
0.0
 11
374.5
 21
370.0
 31
0.0
  0
LINE
  5
F96
330
CDE
100
AcDbEntity
 67
1
  8
E-TEKHAT-SEMBOL
370
35
100
AcDbLine
 10
372.0
 20
362.5
 30
0.0
 11
377.0
 21
367.5
 31
0.0
  0
LINE
  5
F97
330
CDE
100
AcDbEntity
 67
1
  8
E-TEKHAT-SEMBOL
370
35
100
AcDbLine
 10
372.0
 20
367.5
 30
0.0
 11
377.0
 21
362.5
 31
0.0
  0
LINE
  5
F98
330
CDE
100
AcDbEntity
 67
1
  8
E-TEKHAT-SEMBOL
370
35
100
AcDbLine
 10
379.5
 20
350.0
 30
0.0
 11
379.5
 21
355.0
 31
0.0
  0
HATCH
  5
F99
330
CDE
100
AcDbEntity
 67
1
  8
E-TEKHAT-SEMBOL
 62
7
100
AcDbHatch
 10
0.0
 20
0.0
 30
0.0
210
0.0
220
0.0
230
1.0
  2
SOLID
 70
1
 71
0
 91
1
 92
1
 93
1
 72
2
 10
379.5
 20
355.0
 40
0.5
 50
0.0
 51
360.0
 73
1
 97
0
 75
0
 76
1
 98
0
  0
LINE
  5
F9A
330
CDE
100
AcDbEntity
 67
1
  8
E-TEKHAT-SEMBOL
370
35
100
AcDbLine
 10
379.5
 20
355.0
 30
0.0
 11
384.5
 21
363.66025403784437
 31
0.0
  0
LINE
  5
F9B
330
CDE
100
AcDbEntity
 67
1
  8
E-TEKHAT-SEMBOL
370
35
100
AcDbLine
 10
379.5
 20
365.0
 30
0.0
 11
379.5
 21
370.0
 31
0.0
  0
LINE
  5
F9C
330
CDE
100
AcDbEntity
 67
1
  8
E-TEKHAT-SEMBOL
370
35
100
AcDbLine
 10
377.0
 20
362.5
 30
0.0
 11
382.0
 21
367.5
 31
0.0
  0
LINE
  5
F9D
330
CDE
100
AcDbEntity
 67
1
  8
E-TEKHAT-SEMBOL
370
35
100
AcDbLine
 10
377.0
 20
367.5
 30
0.0
 11
382.0
 21
362.5
 31
0.0
  0
LWPOLYLINE
  5
F9E
330
CDE
100
AcDbEntity
 67
1
  8
E-TEKHAT-SEMBOL
  6
DASHED
370
25
100
AcDbPolyline
 90
2
 70
0
 10
374.5
 20
355.0
 10
379.5
 20
355.0
  0
TEXT
  5
F9F
330
CDE
100
AcDbEntity
 67
1
  8
E-TEKHAT-YAZI
100
AcDbText
 10
383.5
 20
366.5
 30
0.0
 40
2.0
  1
-Q112
  7
GYM-B
 11
383.5
 21
366.5
 31
0.0
100
AcDbText
 73
2
  0
TEXT
  5
FA0
330
CDE
100
AcDbEntity
 67
1
  8
E-TEKHAT-YAZI
100
AcDbText
 10
383.5
 20
358.5
 30
0.0
 40
1.8
  1
1×10 A · C
  7
GYM
 11
383.5
 21
358.5
 31
0.0
100
AcDbText
 73
2
  0
LINE
  5
FA1
330
CDE
100
AcDbEntity
 67
1
  8
E-TEKHAT-TEL
370
35
100
AcDbLine
 10
377.0
 20
350.0
 30
0.0
 11
377.0
 21
312.0
 31
0.0
  0
CIRCLE
  5
FA2
330
CDE
100
AcDbEntity
 67
1
  8
E-TEKHAT-SEMBOL
370
25
100
AcDbCircle
 10
377.0
 20
312.0
 30
0.0
 40
1.0
  0
LINE
  5
FA3
330
CDE
100
AcDbEntity
 67
1
  8
E-TEKHAT-TEL
370
35
100
AcDbLine
 10
377.0
 20
311.0
 30
0.0
 11
377.0
 21
296.0
 31
0.0
  0
LINE
  5
FA4
330
CDE
100
AcDbEntity
 67
1
  8
E-TEKHAT-SEMBOL
370
25
100
AcDbLine
 10
373.0
 20
298.0
 30
0.0
 11
378.0
 21
303.0
 31
0.0
  0
LINE
  5
FA5
330
CDE
100
AcDbEntity
 67
1
  8
E-TEKHAT-SEMBOL
370
25
100
AcDbLine
 10
374.5
 20
299.5
 30
0.0
 11
379.5
 21
304.5
 31
0.0
  0
LINE
  5
FA6
330
CDE
100
AcDbEntity
 67
1
  8
E-TEKHAT-SEMBOL
370
25
100
AcDbLine
 10
376.0
 20
301.0
 30
0.0
 11
381.0
 21
306.0
 31
0.0
  0
LINE
  5
FA7
330
CDE
100
AcDbEntity
 67
1
  8
E-TEKHAT-SEMBOL
370
25
100
AcDbLine
 10
377.0
 20
294.0
 30
0.0
 11
374.25
 21
299.5
 31
0.0
  0
LINE
  5
FA8
330
CDE
100
AcDbEntity
 67
1
  8
E-TEKHAT-SEMBOL
370
25
100
AcDbLine
 10
377.0
 20
294.0
 30
0.0
 11
379.75
 21
299.5
 31
0.0
  0
LINE
  5
FA9
330
CDE
100
AcDbEntity
 67
1
  8
E-TEKHAT-TEL
370
35
100
AcDbLine
 10
403.0
 20
386.0
 30
0.0
 11
403.0
 21
370.0
 31
0.0
  0
HATCH
  5
FAA
330
CDE
100
AcDbEntity
 67
1
  8
E-TEKHAT-BARA
 62
7
100
AcDbHatch
 10
0.0
 20
0.0
 30
0.0
210
0.0
220
0.0
230
1.0
  2
SOLID
 70
1
 71
0
 91
1
 92
1
 93
1
 72
2
 10
403.0
 20
386.0
 40
0.5
 50
0.0
 51
360.0
 73
1
 97
0
 75
0
 76
1
 98
0
  0
LINE
  5
FAB
330
CDE
100
AcDbEntity
 67
1
  8
E-TEKHAT-SEMBOL
370
35
100
AcDbLine
 10
400.5
 20
350.0
 30
0.0
 11
400.5
 21
355.0
 31
0.0
  0
HATCH
  5
FAC
330
CDE
100
AcDbEntity
 67
1
  8
E-TEKHAT-SEMBOL
 62
7
100
AcDbHatch
 10
0.0
 20
0.0
 30
0.0
210
0.0
220
0.0
230
1.0
  2
SOLID
 70
1
 71
0
 91
1
 92
1
 93
1
 72
2
 10
400.5
 20
355.0
 40
0.5
 50
0.0
 51
360.0
 73
1
 97
0
 75
0
 76
1
 98
0
  0
LINE
  5
FAD
330
CDE
100
AcDbEntity
 67
1
  8
E-TEKHAT-SEMBOL
370
35
100
AcDbLine
 10
400.5
 20
355.0
 30
0.0
 11
405.5
 21
363.66025403784437
 31
0.0
  0
LINE
  5
FAE
330
CDE
100
AcDbEntity
 67
1
  8
E-TEKHAT-SEMBOL
370
35
100
AcDbLine
 10
400.5
 20
365.0
 30
0.0
 11
400.5
 21
370.0
 31
0.0
  0
LINE
  5
FAF
330
CDE
100
AcDbEntity
 67
1
  8
E-TEKHAT-SEMBOL
370
35
100
AcDbLine
 10
398.0
 20
362.5
 30
0.0
 11
403.0
 21
367.5
 31
0.0
  0
LINE
  5
FB0
330
CDE
100
AcDbEntity
 67
1
  8
E-TEKHAT-SEMBOL
370
35
100
AcDbLine
 10
398.0
 20
367.5
 30
0.0
 11
403.0
 21
362.5
 31
0.0
  0
LINE
  5
FB1
330
CDE
100
AcDbEntity
 67
1
  8
E-TEKHAT-SEMBOL
370
35
100
AcDbLine
 10
405.5
 20
350.0
 30
0.0
 11
405.5
 21
355.0
 31
0.0
  0
HATCH
  5
FB2
330
CDE
100
AcDbEntity
 67
1
  8
E-TEKHAT-SEMBOL
 62
7
100
AcDbHatch
 10
0.0
 20
0.0
 30
0.0
210
0.0
220
0.0
230
1.0
  2
SOLID
 70
1
 71
0
 91
1
 92
1
 93
1
 72
2
 10
405.5
 20
355.0
 40
0.5
 50
0.0
 51
360.0
 73
1
 97
0
 75
0
 76
1
 98
0
  0
LINE
  5
FB3
330
CDE
100
AcDbEntity
 67
1
  8
E-TEKHAT-SEMBOL
370
35
100
AcDbLine
 10
405.5
 20
355.0
 30
0.0
 11
410.5
 21
363.66025403784437
 31
0.0
  0
LINE
  5
FB4
330
CDE
100
AcDbEntity
 67
1
  8
E-TEKHAT-SEMBOL
370
35
100
AcDbLine
 10
405.5
 20
365.0
 30
0.0
 11
405.5
 21
370.0
 31
0.0
  0
LINE
  5
FB5
330
CDE
100
AcDbEntity
 67
1
  8
E-TEKHAT-SEMBOL
370
35
100
AcDbLine
 10
403.0
 20
362.5
 30
0.0
 11
408.0
 21
367.5
 31
0.0
  0
LINE
  5
FB6
330
CDE
100
AcDbEntity
 67
1
  8
E-TEKHAT-SEMBOL
370
35
100
AcDbLine
 10
403.0
 20
367.5
 30
0.0
 11
408.0
 21
362.5
 31
0.0
  0
LWPOLYLINE
  5
FB7
330
CDE
100
AcDbEntity
 67
1
  8
E-TEKHAT-SEMBOL
  6
DASHED
370
25
100
AcDbPolyline
 90
2
 70
0
 10
400.5
 20
355.0
 10
405.5
 20
355.0
  0
TEXT
  5
FB8
330
CDE
100
AcDbEntity
 67
1
  8
E-TEKHAT-YAZI
100
AcDbText
 10
409.5
 20
366.5
 30
0.0
 40
2.0
  1
-Q113
  7
GYM-B
 11
409.5
 21
366.5
 31
0.0
100
AcDbText
 73
2
  0
TEXT
  5
FB9
330
CDE
100
AcDbEntity
 67
1
  8
E-TEKHAT-YAZI
100
AcDbText
 10
409.5
 20
358.5
 30
0.0
 40
1.8
  1
1×16 A · C
  7
GYM
 11
409.5
 21
358.5
 31
0.0
100
AcDbText
 73
2
  0
LINE
  5
FBA
330
CDE
100
AcDbEntity
 67
1
  8
E-TEKHAT-TEL
370
35
100
AcDbLine
 10
403.0
 20
350.0
 30
0.0
 11
403.0
 21
312.0
 31
0.0
  0
CIRCLE
  5
FBB
330
CDE
100
AcDbEntity
 67
1
  8
E-TEKHAT-SEMBOL
370
25
100
AcDbCircle
 10
403.0
 20
312.0
 30
0.0
 40
1.0
  0
LINE
  5
FBC
330
CDE
100
AcDbEntity
 67
1
  8
E-TEKHAT-TEL
370
35
100
AcDbLine
 10
403.0
 20
311.0
 30
0.0
 11
403.0
 21
296.0
 31
0.0
  0
LINE
  5
FBD
330
CDE
100
AcDbEntity
 67
1
  8
E-TEKHAT-SEMBOL
370
25
100
AcDbLine
 10
399.0
 20
298.0
 30
0.0
 11
404.0
 21
303.0
 31
0.0
  0
LINE
  5
FBE
330
CDE
100
AcDbEntity
 67
1
  8
E-TEKHAT-SEMBOL
370
25
100
AcDbLine
 10
400.5
 20
299.5
 30
0.0
 11
405.5
 21
304.5
 31
0.0
  0
LINE
  5
FBF
330
CDE
100
AcDbEntity
 67
1
  8
E-TEKHAT-SEMBOL
370
25
100
AcDbLine
 10
402.0
 20
301.0
 30
0.0
 11
407.0
 21
306.0
 31
0.0
  0
LINE
  5
FC0
330
CDE
100
AcDbEntity
 67
1
  8
E-TEKHAT-SEMBOL
370
25
100
AcDbLine
 10
403.0
 20
294.0
 30
0.0
 11
400.25
 21
299.5
 31
0.0
  0
LINE
  5
FC1
330
CDE
100
AcDbEntity
 67
1
  8
E-TEKHAT-SEMBOL
370
25
100
AcDbLine
 10
403.0
 20
294.0
 30
0.0
 11
405.75
 21
299.5
 31
0.0
  0
LINE
  5
FC2
330
CDE
100
AcDbEntity
 67
1
  8
E-TEKHAT-TEL
370
35
100
AcDbLine
 10
429.0
 20
386.0
 30
0.0
 11
429.0
 21
370.0
 31
0.0
  0
HATCH
  5
FC3
330
CDE
100
AcDbEntity
 67
1
  8
E-TEKHAT-BARA
 62
7
100
AcDbHatch
 10
0.0
 20
0.0
 30
0.0
210
0.0
220
0.0
230
1.0
  2
SOLID
 70
1
 71
0
 91
1
 92
1
 93
1
 72
2
 10
429.0
 20
386.0
 40
0.5
 50
0.0
 51
360.0
 73
1
 97
0
 75
0
 76
1
 98
0
  0
LINE
  5
FC4
330
CDE
100
AcDbEntity
 67
1
  8
E-TEKHAT-SEMBOL
370
35
100
AcDbLine
 10
426.5
 20
350.0
 30
0.0
 11
426.5
 21
355.0
 31
0.0
  0
HATCH
  5
FC5
330
CDE
100
AcDbEntity
 67
1
  8
E-TEKHAT-SEMBOL
 62
7
100
AcDbHatch
 10
0.0
 20
0.0
 30
0.0
210
0.0
220
0.0
230
1.0
  2
SOLID
 70
1
 71
0
 91
1
 92
1
 93
1
 72
2
 10
426.5
 20
355.0
 40
0.5
 50
0.0
 51
360.0
 73
1
 97
0
 75
0
 76
1
 98
0
  0
LINE
  5
FC6
330
CDE
100
AcDbEntity
 67
1
  8
E-TEKHAT-SEMBOL
370
35
100
AcDbLine
 10
426.5
 20
355.0
 30
0.0
 11
431.5
 21
363.66025403784437
 31
0.0
  0
LINE
  5
FC7
330
CDE
100
AcDbEntity
 67
1
  8
E-TEKHAT-SEMBOL
370
35
100
AcDbLine
 10
426.5
 20
365.0
 30
0.0
 11
426.5
 21
370.0
 31
0.0
  0
LINE
  5
FC8
330
CDE
100
AcDbEntity
 67
1
  8
E-TEKHAT-SEMBOL
370
35
100
AcDbLine
 10
424.0
 20
362.5
 30
0.0
 11
429.0
 21
367.5
 31
0.0
  0
LINE
  5
FC9
330
CDE
100
AcDbEntity
 67
1
  8
E-TEKHAT-SEMBOL
370
35
100
AcDbLine
 10
424.0
 20
367.5
 30
0.0
 11
429.0
 21
362.5
 31
0.0
  0
LINE
  5
FCA
330
CDE
100
AcDbEntity
 67
1
  8
E-TEKHAT-SEMBOL
370
35
100
AcDbLine
 10
431.5
 20
350.0
 30
0.0
 11
431.5
 21
355.0
 31
0.0
  0
HATCH
  5
FCB
330
CDE
100
AcDbEntity
 67
1
  8
E-TEKHAT-SEMBOL
 62
7
100
AcDbHatch
 10
0.0
 20
0.0
 30
0.0
210
0.0
220
0.0
230
1.0
  2
SOLID
 70
1
 71
0
 91
1
 92
1
 93
1
 72
2
 10
431.5
 20
355.0
 40
0.5
 50
0.0
 51
360.0
 73
1
 97
0
 75
0
 76
1
 98
0
  0
LINE
  5
FCC
330
CDE
100
AcDbEntity
 67
1
  8
E-TEKHAT-SEMBOL
370
35
100
AcDbLine
 10
431.5
 20
355.0
 30
0.0
 11
436.5
 21
363.66025403784437
 31
0.0
  0
LINE
  5
FCD
330
CDE
100
AcDbEntity
 67
1
  8
E-TEKHAT-SEMBOL
370
35
100
AcDbLine
 10
431.5
 20
365.0
 30
0.0
 11
431.5
 21
370.0
 31
0.0
  0
LINE
  5
FCE
330
CDE
100
AcDbEntity
 67
1
  8
E-TEKHAT-SEMBOL
370
35
100
AcDbLine
 10
429.0
 20
362.5
 30
0.0
 11
434.0
 21
367.5
 31
0.0
  0
LINE
  5
FCF
330
CDE
100
AcDbEntity
 67
1
  8
E-TEKHAT-SEMBOL
370
35
100
AcDbLine
 10
429.0
 20
367.5
 30
0.0
 11
434.0
 21
362.5
 31
0.0
  0
LWPOLYLINE
  5
FD0
330
CDE
100
AcDbEntity
 67
1
  8
E-TEKHAT-SEMBOL
  6
DASHED
370
25
100
AcDbPolyline
 90
2
 70
0
 10
426.5
 20
355.0
 10
431.5
 20
355.0
  0
TEXT
  5
FD1
330
CDE
100
AcDbEntity
 67
1
  8
E-TEKHAT-YAZI
100
AcDbText
 10
435.5
 20
366.5
 30
0.0
 40
2.0
  1
-Q114
  7
GYM-B
 11
435.5
 21
366.5
 31
0.0
100
AcDbText
 73
2
  0
TEXT
  5
FD2
330
CDE
100
AcDbEntity
 67
1
  8
E-TEKHAT-YAZI
100
AcDbText
 10
435.5
 20
358.5
 30
0.0
 40
1.8
  1
1×20 A · C
  7
GYM
 11
435.5
 21
358.5
 31
0.0
100
AcDbText
 73
2
  0
LINE
  5
FD3
330
CDE
100
AcDbEntity
 67
1
  8
E-TEKHAT-TEL
370
35
100
AcDbLine
 10
429.0
 20
350.0
 30
0.0
 11
429.0
 21
312.0
 31
0.0
  0
CIRCLE
  5
FD4
330
CDE
100
AcDbEntity
 67
1
  8
E-TEKHAT-SEMBOL
370
25
100
AcDbCircle
 10
429.0
 20
312.0
 30
0.0
 40
1.0
  0
LINE
  5
FD5
330
CDE
100
AcDbEntity
 67
1
  8
E-TEKHAT-TEL
370
35
100
AcDbLine
 10
429.0
 20
311.0
 30
0.0
 11
429.0
 21
296.0
 31
0.0
  0
LINE
  5
FD6
330
CDE
100
AcDbEntity
 67
1
  8
E-TEKHAT-SEMBOL
370
25
100
AcDbLine
 10
425.0
 20
298.0
 30
0.0
 11
430.0
 21
303.0
 31
0.0
  0
LINE
  5
FD7
330
CDE
100
AcDbEntity
 67
1
  8
E-TEKHAT-SEMBOL
370
25
100
AcDbLine
 10
426.5
 20
299.5
 30
0.0
 11
431.5
 21
304.5
 31
0.0
  0
LINE
  5
FD8
330
CDE
100
AcDbEntity
 67
1
  8
E-TEKHAT-SEMBOL
370
25
100
AcDbLine
 10
428.0
 20
301.0
 30
0.0
 11
433.0
 21
306.0
 31
0.0
  0
LINE
  5
FD9
330
CDE
100
AcDbEntity
 67
1
  8
E-TEKHAT-SEMBOL
370
25
100
AcDbLine
 10
429.0
 20
294.0
 30
0.0
 11
426.25
 21
299.5
 31
0.0
  0
LINE
  5
FDA
330
CDE
100
AcDbEntity
 67
1
  8
E-TEKHAT-SEMBOL
370
25
100
AcDbLine
 10
429.0
 20
294.0
 30
0.0
 11
431.75
 21
299.5
 31
0.0
  0
LINE
  5
FDB
330
CDE
100
AcDbEntity
 67
1
  8
E-TEKHAT-TEL
370
35
100
AcDbLine
 10
455.0
 20
386.0
 30
0.0
 11
455.0
 21
370.0
 31
0.0
  0
HATCH
  5
FDC
330
CDE
100
AcDbEntity
 67
1
  8
E-TEKHAT-BARA
 62
7
100
AcDbHatch
 10
0.0
 20
0.0
 30
0.0
210
0.0
220
0.0
230
1.0
  2
SOLID
 70
1
 71
0
 91
1
 92
1
 93
1
 72
2
 10
455.0
 20
386.0
 40
0.5
 50
0.0
 51
360.0
 73
1
 97
0
 75
0
 76
1
 98
0
  0
LINE
  5
FDD
330
CDE
100
AcDbEntity
 67
1
  8
E-TEKHAT-SEMBOL
370
35
100
AcDbLine
 10
452.5
 20
350.0
 30
0.0
 11
452.5
 21
355.0
 31
0.0
  0
HATCH
  5
FDE
330
CDE
100
AcDbEntity
 67
1
  8
E-TEKHAT-SEMBOL
 62
7
100
AcDbHatch
 10
0.0
 20
0.0
 30
0.0
210
0.0
220
0.0
230
1.0
  2
SOLID
 70
1
 71
0
 91
1
 92
1
 93
1
 72
2
 10
452.5
 20
355.0
 40
0.5
 50
0.0
 51
360.0
 73
1
 97
0
 75
0
 76
1
 98
0
  0
LINE
  5
FDF
330
CDE
100
AcDbEntity
 67
1
  8
E-TEKHAT-SEMBOL
370
35
100
AcDbLine
 10
452.5
 20
355.0
 30
0.0
 11
457.5
 21
363.66025403784437
 31
0.0
  0
LINE
  5
FE0
330
CDE
100
AcDbEntity
 67
1
  8
E-TEKHAT-SEMBOL
370
35
100
AcDbLine
 10
452.5
 20
365.0
 30
0.0
 11
452.5
 21
370.0
 31
0.0
  0
LINE
  5
FE1
330
CDE
100
AcDbEntity
 67
1
  8
E-TEKHAT-SEMBOL
370
35
100
AcDbLine
 10
450.0
 20
362.5
 30
0.0
 11
455.0
 21
367.5
 31
0.0
  0
LINE
  5
FE2
330
CDE
100
AcDbEntity
 67
1
  8
E-TEKHAT-SEMBOL
370
35
100
AcDbLine
 10
450.0
 20
367.5
 30
0.0
 11
455.0
 21
362.5
 31
0.0
  0
LINE
  5
FE3
330
CDE
100
AcDbEntity
 67
1
  8
E-TEKHAT-SEMBOL
370
35
100
AcDbLine
 10
457.5
 20
350.0
 30
0.0
 11
457.5
 21
355.0
 31
0.0
  0
HATCH
  5
FE4
330
CDE
100
AcDbEntity
 67
1
  8
E-TEKHAT-SEMBOL
 62
7
100
AcDbHatch
 10
0.0
 20
0.0
 30
0.0
210
0.0
220
0.0
230
1.0
  2
SOLID
 70
1
 71
0
 91
1
 92
1
 93
1
 72
2
 10
457.5
 20
355.0
 40
0.5
 50
0.0
 51
360.0
 73
1
 97
0
 75
0
 76
1
 98
0
  0
LINE
  5
FE5
330
CDE
100
AcDbEntity
 67
1
  8
E-TEKHAT-SEMBOL
370
35
100
AcDbLine
 10
457.5
 20
355.0
 30
0.0
 11
462.5
 21
363.66025403784437
 31
0.0
  0
LINE
  5
FE6
330
CDE
100
AcDbEntity
 67
1
  8
E-TEKHAT-SEMBOL
370
35
100
AcDbLine
 10
457.5
 20
365.0
 30
0.0
 11
457.5
 21
370.0
 31
0.0
  0
LINE
  5
FE7
330
CDE
100
AcDbEntity
 67
1
  8
E-TEKHAT-SEMBOL
370
35
100
AcDbLine
 10
455.0
 20
362.5
 30
0.0
 11
460.0
 21
367.5
 31
0.0
  0
LINE
  5
FE8
330
CDE
100
AcDbEntity
 67
1
  8
E-TEKHAT-SEMBOL
370
35
100
AcDbLine
 10
455.0
 20
367.5
 30
0.0
 11
460.0
 21
362.5
 31
0.0
  0
LWPOLYLINE
  5
FE9
330
CDE
100
AcDbEntity
 67
1
  8
E-TEKHAT-SEMBOL
  6
DASHED
370
25
100
AcDbPolyline
 90
2
 70
0
 10
452.5
 20
355.0
 10
457.5
 20
355.0
  0
TEXT
  5
FEA
330
CDE
100
AcDbEntity
 67
1
  8
E-TEKHAT-YAZI
100
AcDbText
 10
461.5
 20
366.5
 30
0.0
 40
2.0
  1
-Q115
  7
GYM-B
 11
461.5
 21
366.5
 31
0.0
100
AcDbText
 73
2
  0
TEXT
  5
FEB
330
CDE
100
AcDbEntity
 67
1
  8
E-TEKHAT-YAZI
100
AcDbText
 10
461.5
 20
358.5
 30
0.0
 40
1.8
  1
1×20 A · C
  7
GYM
 11
461.5
 21
358.5
 31
0.0
100
AcDbText
 73
2
  0
LINE
  5
FEC
330
CDE
100
AcDbEntity
 67
1
  8
E-TEKHAT-TEL
370
35
100
AcDbLine
 10
455.0
 20
350.0
 30
0.0
 11
455.0
 21
312.0
 31
0.0
  0
CIRCLE
  5
FED
330
CDE
100
AcDbEntity
 67
1
  8
E-TEKHAT-SEMBOL
370
25
100
AcDbCircle
 10
455.0
 20
312.0
 30
0.0
 40
1.0
  0
LINE
  5
FEE
330
CDE
100
AcDbEntity
 67
1
  8
E-TEKHAT-TEL
370
35
100
AcDbLine
 10
455.0
 20
311.0
 30
0.0
 11
455.0
 21
296.0
 31
0.0
  0
LINE
  5
FEF
330
CDE
100
AcDbEntity
 67
1
  8
E-TEKHAT-SEMBOL
370
25
100
AcDbLine
 10
451.0
 20
298.0
 30
0.0
 11
456.0
 21
303.0
 31
0.0
  0
LINE
  5
FF0
330
CDE
100
AcDbEntity
 67
1
  8
E-TEKHAT-SEMBOL
370
25
100
AcDbLine
 10
452.5
 20
299.5
 30
0.0
 11
457.5
 21
304.5
 31
0.0
  0
LINE
  5
FF1
330
CDE
100
AcDbEntity
 67
1
  8
E-TEKHAT-SEMBOL
370
25
100
AcDbLine
 10
454.0
 20
301.0
 30
0.0
 11
459.0
 21
306.0
 31
0.0
  0
LINE
  5
FF2
330
CDE
100
AcDbEntity
 67
1
  8
E-TEKHAT-SEMBOL
370
25
100
AcDbLine
 10
455.0
 20
294.0
 30
0.0
 11
452.25
 21
299.5
 31
0.0
  0
LINE
  5
FF3
330
CDE
100
AcDbEntity
 67
1
  8
E-TEKHAT-SEMBOL
370
25
100
AcDbLine
 10
455.0
 20
294.0
 30
0.0
 11
457.75
 21
299.5
 31
0.0
  0
LINE
  5
FF4
330
CDE
100
AcDbEntity
 67
1
  8
E-TEKHAT-TEL
370
35
100
AcDbLine
 10
481.0
 20
386.0
 30
0.0
 11
481.0
 21
370.0
 31
0.0
  0
HATCH
  5
FF5
330
CDE
100
AcDbEntity
 67
1
  8
E-TEKHAT-BARA
 62
7
100
AcDbHatch
 10
0.0
 20
0.0
 30
0.0
210
0.0
220
0.0
230
1.0
  2
SOLID
 70
1
 71
0
 91
1
 92
1
 93
1
 72
2
 10
481.0
 20
386.0
 40
0.5
 50
0.0
 51
360.0
 73
1
 97
0
 75
0
 76
1
 98
0
  0
LINE
  5
FF6
330
CDE
100
AcDbEntity
 67
1
  8
E-TEKHAT-SEMBOL
370
35
100
AcDbLine
 10
478.5
 20
350.0
 30
0.0
 11
478.5
 21
355.0
 31
0.0
  0
HATCH
  5
FF7
330
CDE
100
AcDbEntity
 67
1
  8
E-TEKHAT-SEMBOL
 62
7
100
AcDbHatch
 10
0.0
 20
0.0
 30
0.0
210
0.0
220
0.0
230
1.0
  2
SOLID
 70
1
 71
0
 91
1
 92
1
 93
1
 72
2
 10
478.5
 20
355.0
 40
0.5
 50
0.0
 51
360.0
 73
1
 97
0
 75
0
 76
1
 98
0
  0
LINE
  5
FF8
330
CDE
100
AcDbEntity
 67
1
  8
E-TEKHAT-SEMBOL
370
35
100
AcDbLine
 10
478.5
 20
355.0
 30
0.0
 11
483.5
 21
363.66025403784437
 31
0.0
  0
LINE
  5
FF9
330
CDE
100
AcDbEntity
 67
1
  8
E-TEKHAT-SEMBOL
370
35
100
AcDbLine
 10
478.5
 20
365.0
 30
0.0
 11
478.5
 21
370.0
 31
0.0
  0
LINE
  5
FFA
330
CDE
100
AcDbEntity
 67
1
  8
E-TEKHAT-SEMBOL
370
35
100
AcDbLine
 10
476.0
 20
362.5
 30
0.0
 11
481.0
 21
367.5
 31
0.0
  0
LINE
  5
FFB
330
CDE
100
AcDbEntity
 67
1
  8
E-TEKHAT-SEMBOL
370
35
100
AcDbLine
 10
476.0
 20
367.5
 30
0.0
 11
481.0
 21
362.5
 31
0.0
  0
LINE
  5
FFC
330
CDE
100
AcDbEntity
 67
1
  8
E-TEKHAT-SEMBOL
370
35
100
AcDbLine
 10
483.5
 20
350.0
 30
0.0
 11
483.5
 21
355.0
 31
0.0
  0
HATCH
  5
FFD
330
CDE
100
AcDbEntity
 67
1
  8
E-TEKHAT-SEMBOL
 62
7
100
AcDbHatch
 10
0.0
 20
0.0
 30
0.0
210
0.0
220
0.0
230
1.0
  2
SOLID
 70
1
 71
0
 91
1
 92
1
 93
1
 72
2
 10
483.5
 20
355.0
 40
0.5
 50
0.0
 51
360.0
 73
1
 97
0
 75
0
 76
1
 98
0
  0
LINE
  5
FFE
330
CDE
100
AcDbEntity
 67
1
  8
E-TEKHAT-SEMBOL
370
35
100
AcDbLine
 10
483.5
 20
355.0
 30
0.0
 11
488.5
 21
363.66025403784437
 31
0.0
  0
LINE
  5
FFF
330
CDE
100
AcDbEntity
 67
1
  8
E-TEKHAT-SEMBOL
370
35
100
AcDbLine
 10
483.5
 20
365.0
 30
0.0
 11
483.5
 21
370.0
 31
0.0
  0
LINE
  5
1000
330
CDE
100
AcDbEntity
 67
1
  8
E-TEKHAT-SEMBOL
370
35
100
AcDbLine
 10
481.0
 20
362.5
 30
0.0
 11
486.0
 21
367.5
 31
0.0
  0
LINE
  5
1001
330
CDE
100
AcDbEntity
 67
1
  8
E-TEKHAT-SEMBOL
370
35
100
AcDbLine
 10
481.0
 20
367.5
 30
0.0
 11
486.0
 21
362.5
 31
0.0
  0
LWPOLYLINE
  5
1002
330
CDE
100
AcDbEntity
 67
1
  8
E-TEKHAT-SEMBOL
  6
DASHED
370
25
100
AcDbPolyline
 90
2
 70
0
 10
478.5
 20
355.0
 10
483.5
 20
355.0
  0
TEXT
  5
1003
330
CDE
100
AcDbEntity
 67
1
  8
E-TEKHAT-YAZI
100
AcDbText
 10
487.5
 20
366.5
 30
0.0
 40
2.0
  1
-Q116
  7
GYM-B
 11
487.5
 21
366.5
 31
0.0
100
AcDbText
 73
2
  0
TEXT
  5
1004
330
CDE
100
AcDbEntity
 67
1
  8
E-TEKHAT-YAZI
100
AcDbText
 10
487.5
 20
358.5
 30
0.0
 40
1.8
  1
1×16 A · C
  7
GYM
 11
487.5
 21
358.5
 31
0.0
100
AcDbText
 73
2
  0
LINE
  5
1005
330
CDE
100
AcDbEntity
 67
1
  8
E-TEKHAT-TEL
370
35
100
AcDbLine
 10
481.0
 20
350.0
 30
0.0
 11
481.0
 21
312.0
 31
0.0
  0
CIRCLE
  5
1006
330
CDE
100
AcDbEntity
 67
1
  8
E-TEKHAT-SEMBOL
370
25
100
AcDbCircle
 10
481.0
 20
312.0
 30
0.0
 40
1.0
  0
LINE
  5
1007
330
CDE
100
AcDbEntity
 67
1
  8
E-TEKHAT-TEL
370
35
100
AcDbLine
 10
481.0
 20
311.0
 30
0.0
 11
481.0
 21
296.0
 31
0.0
  0
LINE
  5
1008
330
CDE
100
AcDbEntity
 67
1
  8
E-TEKHAT-SEMBOL
370
25
100
AcDbLine
 10
477.0
 20
298.0
 30
0.0
 11
482.0
 21
303.0
 31
0.0
  0
LINE
  5
1009
330
CDE
100
AcDbEntity
 67
1
  8
E-TEKHAT-SEMBOL
370
25
100
AcDbLine
 10
478.5
 20
299.5
 30
0.0
 11
483.5
 21
304.5
 31
0.0
  0
LINE
  5
100A
330
CDE
100
AcDbEntity
 67
1
  8
E-TEKHAT-SEMBOL
370
25
100
AcDbLine
 10
480.0
 20
301.0
 30
0.0
 11
485.0
 21
306.0
 31
0.0
  0
LINE
  5
100B
330
CDE
100
AcDbEntity
 67
1
  8
E-TEKHAT-SEMBOL
370
25
100
AcDbLine
 10
481.0
 20
294.0
 30
0.0
 11
478.25
 21
299.5
 31
0.0
  0
LINE
  5
100C
330
CDE
100
AcDbEntity
 67
1
  8
E-TEKHAT-SEMBOL
370
25
100
AcDbLine
 10
481.0
 20
294.0
 30
0.0
 11
483.75
 21
299.5
 31
0.0
  0
LINE
  5
100D
330
CDE
100
AcDbEntity
 67
1
  8
E-TEKHAT-TEL
370
35
100
AcDbLine
 10
507.0
 20
386.0
 30
0.0
 11
507.0
 21
370.0
 31
0.0
  0
HATCH
  5
100E
330
CDE
100
AcDbEntity
 67
1
  8
E-TEKHAT-BARA
 62
7
100
AcDbHatch
 10
0.0
 20
0.0
 30
0.0
210
0.0
220
0.0
230
1.0
  2
SOLID
 70
1
 71
0
 91
1
 92
1
 93
1
 72
2
 10
507.0
 20
386.0
 40
0.5
 50
0.0
 51
360.0
 73
1
 97
0
 75
0
 76
1
 98
0
  0
LINE
  5
100F
330
CDE
100
AcDbEntity
 67
1
  8
E-TEKHAT-SEMBOL
370
35
100
AcDbLine
 10
504.5
 20
350.0
 30
0.0
 11
504.5
 21
355.0
 31
0.0
  0
HATCH
  5
1010
330
CDE
100
AcDbEntity
 67
1
  8
E-TEKHAT-SEMBOL
 62
7
100
AcDbHatch
 10
0.0
 20
0.0
 30
0.0
210
0.0
220
0.0
230
1.0
  2
SOLID
 70
1
 71
0
 91
1
 92
1
 93
1
 72
2
 10
504.5
 20
355.0
 40
0.5
 50
0.0
 51
360.0
 73
1
 97
0
 75
0
 76
1
 98
0
  0
LINE
  5
1011
330
CDE
100
AcDbEntity
 67
1
  8
E-TEKHAT-SEMBOL
370
35
100
AcDbLine
 10
504.5
 20
355.0
 30
0.0
 11
509.5
 21
363.66025403784437
 31
0.0
  0
LINE
  5
1012
330
CDE
100
AcDbEntity
 67
1
  8
E-TEKHAT-SEMBOL
370
35
100
AcDbLine
 10
504.5
 20
365.0
 30
0.0
 11
504.5
 21
370.0
 31
0.0
  0
LINE
  5
1013
330
CDE
100
AcDbEntity
 67
1
  8
E-TEKHAT-SEMBOL
370
35
100
AcDbLine
 10
502.0
 20
362.5
 30
0.0
 11
507.0
 21
367.5
 31
0.0
  0
LINE
  5
1014
330
CDE
100
AcDbEntity
 67
1
  8
E-TEKHAT-SEMBOL
370
35
100
AcDbLine
 10
502.0
 20
367.5
 30
0.0
 11
507.0
 21
362.5
 31
0.0
  0
LINE
  5
1015
330
CDE
100
AcDbEntity
 67
1
  8
E-TEKHAT-SEMBOL
370
35
100
AcDbLine
 10
509.5
 20
350.0
 30
0.0
 11
509.5
 21
355.0
 31
0.0
  0
HATCH
  5
1016
330
CDE
100
AcDbEntity
 67
1
  8
E-TEKHAT-SEMBOL
 62
7
100
AcDbHatch
 10
0.0
 20
0.0
 30
0.0
210
0.0
220
0.0
230
1.0
  2
SOLID
 70
1
 71
0
 91
1
 92
1
 93
1
 72
2
 10
509.5
 20
355.0
 40
0.5
 50
0.0
 51
360.0
 73
1
 97
0
 75
0
 76
1
 98
0
  0
LINE
  5
1017
330
CDE
100
AcDbEntity
 67
1
  8
E-TEKHAT-SEMBOL
370
35
100
AcDbLine
 10
509.5
 20
355.0
 30
0.0
 11
514.5
 21
363.66025403784437
 31
0.0
  0
LINE
  5
1018
330
CDE
100
AcDbEntity
 67
1
  8
E-TEKHAT-SEMBOL
370
35
100
AcDbLine
 10
509.5
 20
365.0
 30
0.0
 11
509.5
 21
370.0
 31
0.0
  0
LINE
  5
1019
330
CDE
100
AcDbEntity
 67
1
  8
E-TEKHAT-SEMBOL
370
35
100
AcDbLine
 10
507.0
 20
362.5
 30
0.0
 11
512.0
 21
367.5
 31
0.0
  0
LINE
  5
101A
330
CDE
100
AcDbEntity
 67
1
  8
E-TEKHAT-SEMBOL
370
35
100
AcDbLine
 10
507.0
 20
367.5
 30
0.0
 11
512.0
 21
362.5
 31
0.0
  0
LWPOLYLINE
  5
101B
330
CDE
100
AcDbEntity
 67
1
  8
E-TEKHAT-SEMBOL
  6
DASHED
370
25
100
AcDbPolyline
 90
2
 70
0
 10
504.5
 20
355.0
 10
509.5
 20
355.0
  0
TEXT
  5
101C
330
CDE
100
AcDbEntity
 67
1
  8
E-TEKHAT-YAZI
100
AcDbText
 10
513.5
 20
366.5
 30
0.0
 40
2.0
  1
-Q117
  7
GYM-B
 11
513.5
 21
366.5
 31
0.0
100
AcDbText
 73
2
  0
TEXT
  5
101D
330
CDE
100
AcDbEntity
 67
1
  8
E-TEKHAT-YAZI
100
AcDbText
 10
513.5
 20
358.5
 30
0.0
 40
1.8
  1
1×16 A · C
  7
GYM
 11
513.5
 21
358.5
 31
0.0
100
AcDbText
 73
2
  0
LINE
  5
101E
330
CDE
100
AcDbEntity
 67
1
  8
E-TEKHAT-TEL
370
35
100
AcDbLine
 10
507.0
 20
350.0
 30
0.0
 11
507.0
 21
312.0
 31
0.0
  0
CIRCLE
  5
101F
330
CDE
100
AcDbEntity
 67
1
  8
E-TEKHAT-SEMBOL
370
25
100
AcDbCircle
 10
507.0
 20
312.0
 30
0.0
 40
1.0
  0
LINE
  5
1020
330
CDE
100
AcDbEntity
 67
1
  8
E-TEKHAT-TEL
370
35
100
AcDbLine
 10
507.0
 20
311.0
 30
0.0
 11
507.0
 21
296.0
 31
0.0
  0
LINE
  5
1021
330
CDE
100
AcDbEntity
 67
1
  8
E-TEKHAT-SEMBOL
370
25
100
AcDbLine
 10
503.0
 20
298.0
 30
0.0
 11
508.0
 21
303.0
 31
0.0
  0
LINE
  5
1022
330
CDE
100
AcDbEntity
 67
1
  8
E-TEKHAT-SEMBOL
370
25
100
AcDbLine
 10
504.5
 20
299.5
 30
0.0
 11
509.5
 21
304.5
 31
0.0
  0
LINE
  5
1023
330
CDE
100
AcDbEntity
 67
1
  8
E-TEKHAT-SEMBOL
370
25
100
AcDbLine
 10
506.0
 20
301.0
 30
0.0
 11
511.0
 21
306.0
 31
0.0
  0
LINE
  5
1024
330
CDE
100
AcDbEntity
 67
1
  8
E-TEKHAT-SEMBOL
370
25
100
AcDbLine
 10
507.0
 20
294.0
 30
0.0
 11
504.25
 21
299.5
 31
0.0
  0
LINE
  5
1025
330
CDE
100
AcDbEntity
 67
1
  8
E-TEKHAT-SEMBOL
370
25
100
AcDbLine
 10
507.0
 20
294.0
 30
0.0
 11
509.75
 21
299.5
 31
0.0
  0
LINE
  5
1026
330
CDE
100
AcDbEntity
 67
1
  8
E-TEKHAT-TEL
370
35
100
AcDbLine
 10
533.0
 20
386.0
 30
0.0
 11
533.0
 21
370.0
 31
0.0
  0
HATCH
  5
1027
330
CDE
100
AcDbEntity
 67
1
  8
E-TEKHAT-BARA
 62
7
100
AcDbHatch
 10
0.0
 20
0.0
 30
0.0
210
0.0
220
0.0
230
1.0
  2
SOLID
 70
1
 71
0
 91
1
 92
1
 93
1
 72
2
 10
533.0
 20
386.0
 40
0.5
 50
0.0
 51
360.0
 73
1
 97
0
 75
0
 76
1
 98
0
  0
LINE
  5
1028
330
CDE
100
AcDbEntity
 67
1
  8
E-TEKHAT-SEMBOL
370
35
100
AcDbLine
 10
530.5
 20
350.0
 30
0.0
 11
530.5
 21
355.0
 31
0.0
  0
HATCH
  5
1029
330
CDE
100
AcDbEntity
 67
1
  8
E-TEKHAT-SEMBOL
 62
7
100
AcDbHatch
 10
0.0
 20
0.0
 30
0.0
210
0.0
220
0.0
230
1.0
  2
SOLID
 70
1
 71
0
 91
1
 92
1
 93
1
 72
2
 10
530.5
 20
355.0
 40
0.5
 50
0.0
 51
360.0
 73
1
 97
0
 75
0
 76
1
 98
0
  0
LINE
  5
102A
330
CDE
100
AcDbEntity
 67
1
  8
E-TEKHAT-SEMBOL
370
35
100
AcDbLine
 10
530.5
 20
355.0
 30
0.0
 11
535.5
 21
363.66025403784437
 31
0.0
  0
LINE
  5
102B
330
CDE
100
AcDbEntity
 67
1
  8
E-TEKHAT-SEMBOL
370
35
100
AcDbLine
 10
530.5
 20
365.0
 30
0.0
 11
530.5
 21
370.0
 31
0.0
  0
LINE
  5
102C
330
CDE
100
AcDbEntity
 67
1
  8
E-TEKHAT-SEMBOL
370
35
100
AcDbLine
 10
528.0
 20
362.5
 30
0.0
 11
533.0
 21
367.5
 31
0.0
  0
LINE
  5
102D
330
CDE
100
AcDbEntity
 67
1
  8
E-TEKHAT-SEMBOL
370
35
100
AcDbLine
 10
528.0
 20
367.5
 30
0.0
 11
533.0
 21
362.5
 31
0.0
  0
LINE
  5
102E
330
CDE
100
AcDbEntity
 67
1
  8
E-TEKHAT-SEMBOL
370
35
100
AcDbLine
 10
535.5
 20
350.0
 30
0.0
 11
535.5
 21
355.0
 31
0.0
  0
HATCH
  5
102F
330
CDE
100
AcDbEntity
 67
1
  8
E-TEKHAT-SEMBOL
 62
7
100
AcDbHatch
 10
0.0
 20
0.0
 30
0.0
210
0.0
220
0.0
230
1.0
  2
SOLID
 70
1
 71
0
 91
1
 92
1
 93
1
 72
2
 10
535.5
 20
355.0
 40
0.5
 50
0.0
 51
360.0
 73
1
 97
0
 75
0
 76
1
 98
0
  0
LINE
  5
1030
330
CDE
100
AcDbEntity
 67
1
  8
E-TEKHAT-SEMBOL
370
35
100
AcDbLine
 10
535.5
 20
355.0
 30
0.0
 11
540.5
 21
363.66025403784437
 31
0.0
  0
LINE
  5
1031
330
CDE
100
AcDbEntity
 67
1
  8
E-TEKHAT-SEMBOL
370
35
100
AcDbLine
 10
535.5
 20
365.0
 30
0.0
 11
535.5
 21
370.0
 31
0.0
  0
LINE
  5
1032
330
CDE
100
AcDbEntity
 67
1
  8
E-TEKHAT-SEMBOL
370
35
100
AcDbLine
 10
533.0
 20
362.5
 30
0.0
 11
538.0
 21
367.5
 31
0.0
  0
LINE
  5
1033
330
CDE
100
AcDbEntity
 67
1
  8
E-TEKHAT-SEMBOL
370
35
100
AcDbLine
 10
533.0
 20
367.5
 30
0.0
 11
538.0
 21
362.5
 31
0.0
  0
LWPOLYLINE
  5
1034
330
CDE
100
AcDbEntity
 67
1
  8
E-TEKHAT-SEMBOL
  6
DASHED
370
25
100
AcDbPolyline
 90
2
 70
0
 10
530.5
 20
355.0
 10
535.5
 20
355.0
  0
TEXT
  5
1035
330
CDE
100
AcDbEntity
 67
1
  8
E-TEKHAT-YAZI
100
AcDbText
 10
539.5
 20
366.5
 30
0.0
 40
2.0
  1
-Q118
  7
GYM-B
 11
539.5
 21
366.5
 31
0.0
100
AcDbText
 73
2
  0
TEXT
  5
1036
330
CDE
100
AcDbEntity
 67
1
  8
E-TEKHAT-YAZI
100
AcDbText
 10
539.5
 20
358.5
 30
0.0
 40
1.8
  1
1×16 A · C
  7
GYM
 11
539.5
 21
358.5
 31
0.0
100
AcDbText
 73
2
  0
LINE
  5
1037
330
CDE
100
AcDbEntity
 67
1
  8
E-TEKHAT-TEL
370
35
100
AcDbLine
 10
533.0
 20
350.0
 30
0.0
 11
533.0
 21
312.0
 31
0.0
  0
CIRCLE
  5
1038
330
CDE
100
AcDbEntity
 67
1
  8
E-TEKHAT-SEMBOL
370
25
100
AcDbCircle
 10
533.0
 20
312.0
 30
0.0
 40
1.0
  0
LINE
  5
1039
330
CDE
100
AcDbEntity
 67
1
  8
E-TEKHAT-TEL
370
35
100
AcDbLine
 10
533.0
 20
311.0
 30
0.0
 11
533.0
 21
296.0
 31
0.0
  0
LINE
  5
103A
330
CDE
100
AcDbEntity
 67
1
  8
E-TEKHAT-SEMBOL
370
25
100
AcDbLine
 10
529.0
 20
298.0
 30
0.0
 11
534.0
 21
303.0
 31
0.0
  0
LINE
  5
103B
330
CDE
100
AcDbEntity
 67
1
  8
E-TEKHAT-SEMBOL
370
25
100
AcDbLine
 10
530.5
 20
299.5
 30
0.0
 11
535.5
 21
304.5
 31
0.0
  0
LINE
  5
103C
330
CDE
100
AcDbEntity
 67
1
  8
E-TEKHAT-SEMBOL
370
25
100
AcDbLine
 10
532.0
 20
301.0
 30
0.0
 11
537.0
 21
306.0
 31
0.0
  0
LINE
  5
103D
330
CDE
100
AcDbEntity
 67
1
  8
E-TEKHAT-SEMBOL
370
25
100
AcDbLine
 10
533.0
 20
294.0
 30
0.0
 11
530.25
 21
299.5
 31
0.0
  0
LINE
  5
103E
330
CDE
100
AcDbEntity
 67
1
  8
E-TEKHAT-SEMBOL
370
25
100
AcDbLine
 10
533.0
 20
294.0
 30
0.0
 11
535.75
 21
299.5
 31
0.0
  0
LINE
  5
103F
330
CDE
100
AcDbEntity
 67
1
  8
E-TEKHAT-TEL
370
35
100
AcDbLine
 10
559.0
 20
386.0
 30
0.0
 11
559.0
 21
370.0
 31
0.0
  0
HATCH
  5
1040
330
CDE
100
AcDbEntity
 67
1
  8
E-TEKHAT-BARA
 62
7
100
AcDbHatch
 10
0.0
 20
0.0
 30
0.0
210
0.0
220
0.0
230
1.0
  2
SOLID
 70
1
 71
0
 91
1
 92
1
 93
1
 72
2
 10
559.0
 20
386.0
 40
0.5
 50
0.0
 51
360.0
 73
1
 97
0
 75
0
 76
1
 98
0
  0
LINE
  5
1041
330
CDE
100
AcDbEntity
 67
1
  8
E-TEKHAT-SEMBOL
370
35
100
AcDbLine
 10
556.5
 20
350.0
 30
0.0
 11
556.5
 21
355.0
 31
0.0
  0
HATCH
  5
1042
330
CDE
100
AcDbEntity
 67
1
  8
E-TEKHAT-SEMBOL
 62
7
100
AcDbHatch
 10
0.0
 20
0.0
 30
0.0
210
0.0
220
0.0
230
1.0
  2
SOLID
 70
1
 71
0
 91
1
 92
1
 93
1
 72
2
 10
556.5
 20
355.0
 40
0.5
 50
0.0
 51
360.0
 73
1
 97
0
 75
0
 76
1
 98
0
  0
LINE
  5
1043
330
CDE
100
AcDbEntity
 67
1
  8
E-TEKHAT-SEMBOL
370
35
100
AcDbLine
 10
556.5
 20
355.0
 30
0.0
 11
561.5
 21
363.66025403784437
 31
0.0
  0
LINE
  5
1044
330
CDE
100
AcDbEntity
 67
1
  8
E-TEKHAT-SEMBOL
370
35
100
AcDbLine
 10
556.5
 20
365.0
 30
0.0
 11
556.5
 21
370.0
 31
0.0
  0
LINE
  5
1045
330
CDE
100
AcDbEntity
 67
1
  8
E-TEKHAT-SEMBOL
370
35
100
AcDbLine
 10
554.0
 20
362.5
 30
0.0
 11
559.0
 21
367.5
 31
0.0
  0
LINE
  5
1046
330
CDE
100
AcDbEntity
 67
1
  8
E-TEKHAT-SEMBOL
370
35
100
AcDbLine
 10
554.0
 20
367.5
 30
0.0
 11
559.0
 21
362.5
 31
0.0
  0
LINE
  5
1047
330
CDE
100
AcDbEntity
 67
1
  8
E-TEKHAT-SEMBOL
370
35
100
AcDbLine
 10
561.5
 20
350.0
 30
0.0
 11
561.5
 21
355.0
 31
0.0
  0
HATCH
  5
1048
330
CDE
100
AcDbEntity
 67
1
  8
E-TEKHAT-SEMBOL
 62
7
100
AcDbHatch
 10
0.0
 20
0.0
 30
0.0
210
0.0
220
0.0
230
1.0
  2
SOLID
 70
1
 71
0
 91
1
 92
1
 93
1
 72
2
 10
561.5
 20
355.0
 40
0.5
 50
0.0
 51
360.0
 73
1
 97
0
 75
0
 76
1
 98
0
  0
LINE
  5
1049
330
CDE
100
AcDbEntity
 67
1
  8
E-TEKHAT-SEMBOL
370
35
100
AcDbLine
 10
561.5
 20
355.0
 30
0.0
 11
566.5
 21
363.66025403784437
 31
0.0
  0
LINE
  5
104A
330
CDE
100
AcDbEntity
 67
1
  8
E-TEKHAT-SEMBOL
370
35
100
AcDbLine
 10
561.5
 20
365.0
 30
0.0
 11
561.5
 21
370.0
 31
0.0
  0
LINE
  5
104B
330
CDE
100
AcDbEntity
 67
1
  8
E-TEKHAT-SEMBOL
370
35
100
AcDbLine
 10
559.0
 20
362.5
 30
0.0
 11
564.0
 21
367.5
 31
0.0
  0
LINE
  5
104C
330
CDE
100
AcDbEntity
 67
1
  8
E-TEKHAT-SEMBOL
370
35
100
AcDbLine
 10
559.0
 20
367.5
 30
0.0
 11
564.0
 21
362.5
 31
0.0
  0
LWPOLYLINE
  5
104D
330
CDE
100
AcDbEntity
 67
1
  8
E-TEKHAT-SEMBOL
  6
DASHED
370
25
100
AcDbPolyline
 90
2
 70
0
 10
556.5
 20
355.0
 10
561.5
 20
355.0
  0
TEXT
  5
104E
330
CDE
100
AcDbEntity
 67
1
  8
E-TEKHAT-YAZI
100
AcDbText
 10
565.5
 20
366.5
 30
0.0
 40
2.0
  1
-Q119
  7
GYM-B
 11
565.5
 21
366.5
 31
0.0
100
AcDbText
 73
2
  0
TEXT
  5
104F
330
CDE
100
AcDbEntity
 67
1
  8
E-TEKHAT-YAZI
100
AcDbText
 10
565.5
 20
358.5
 30
0.0
 40
1.8
  1
1×16 A · C
  7
GYM
 11
565.5
 21
358.5
 31
0.0
100
AcDbText
 73
2
  0
LINE
  5
1050
330
CDE
100
AcDbEntity
 67
1
  8
E-TEKHAT-TEL
370
35
100
AcDbLine
 10
559.0
 20
350.0
 30
0.0
 11
559.0
 21
312.0
 31
0.0
  0
CIRCLE
  5
1051
330
CDE
100
AcDbEntity
 67
1
  8
E-TEKHAT-SEMBOL
370
25
100
AcDbCircle
 10
559.0
 20
312.0
 30
0.0
 40
1.0
  0
LINE
  5
1052
330
CDE
100
AcDbEntity
 67
1
  8
E-TEKHAT-TEL
370
35
100
AcDbLine
 10
559.0
 20
311.0
 30
0.0
 11
559.0
 21
296.0
 31
0.0
  0
LINE
  5
1053
330
CDE
100
AcDbEntity
 67
1
  8
E-TEKHAT-SEMBOL
370
25
100
AcDbLine
 10
555.0
 20
298.0
 30
0.0
 11
560.0
 21
303.0
 31
0.0
  0
LINE
  5
1054
330
CDE
100
AcDbEntity
 67
1
  8
E-TEKHAT-SEMBOL
370
25
100
AcDbLine
 10
556.5
 20
299.5
 30
0.0
 11
561.5
 21
304.5
 31
0.0
  0
LINE
  5
1055
330
CDE
100
AcDbEntity
 67
1
  8
E-TEKHAT-SEMBOL
370
25
100
AcDbLine
 10
558.0
 20
301.0
 30
0.0
 11
563.0
 21
306.0
 31
0.0
  0
LINE
  5
1056
330
CDE
100
AcDbEntity
 67
1
  8
E-TEKHAT-SEMBOL
370
25
100
AcDbLine
 10
559.0
 20
294.0
 30
0.0
 11
556.25
 21
299.5
 31
0.0
  0
LINE
  5
1057
330
CDE
100
AcDbEntity
 67
1
  8
E-TEKHAT-SEMBOL
370
25
100
AcDbLine
 10
559.0
 20
294.0
 30
0.0
 11
561.75
 21
299.5
 31
0.0
  0
LINE
  5
1058
330
CDE
100
AcDbEntity
 67
1
  8
E-TEKHAT-TEL
370
35
100
AcDbLine
 10
585.0
 20
386.0
 30
0.0
 11
585.0
 21
370.0
 31
0.0
  0
HATCH
  5
1059
330
CDE
100
AcDbEntity
 67
1
  8
E-TEKHAT-BARA
 62
7
100
AcDbHatch
 10
0.0
 20
0.0
 30
0.0
210
0.0
220
0.0
230
1.0
  2
SOLID
 70
1
 71
0
 91
1
 92
1
 93
1
 72
2
 10
585.0
 20
386.0
 40
0.5
 50
0.0
 51
360.0
 73
1
 97
0
 75
0
 76
1
 98
0
  0
LINE
  5
105A
330
CDE
100
AcDbEntity
 67
1
  8
E-TEKHAT-SEMBOL
370
35
100
AcDbLine
 10
582.5
 20
350.0
 30
0.0
 11
582.5
 21
355.0
 31
0.0
  0
HATCH
  5
105B
330
CDE
100
AcDbEntity
 67
1
  8
E-TEKHAT-SEMBOL
 62
7
100
AcDbHatch
 10
0.0
 20
0.0
 30
0.0
210
0.0
220
0.0
230
1.0
  2
SOLID
 70
1
 71
0
 91
1
 92
1
 93
1
 72
2
 10
582.5
 20
355.0
 40
0.5
 50
0.0
 51
360.0
 73
1
 97
0
 75
0
 76
1
 98
0
  0
LINE
  5
105C
330
CDE
100
AcDbEntity
 67
1
  8
E-TEKHAT-SEMBOL
370
35
100
AcDbLine
 10
582.5
 20
355.0
 30
0.0
 11
587.5
 21
363.66025403784437
 31
0.0
  0
LINE
  5
105D
330
CDE
100
AcDbEntity
 67
1
  8
E-TEKHAT-SEMBOL
370
35
100
AcDbLine
 10
582.5
 20
365.0
 30
0.0
 11
582.5
 21
370.0
 31
0.0
  0
LINE
  5
105E
330
CDE
100
AcDbEntity
 67
1
  8
E-TEKHAT-SEMBOL
370
35
100
AcDbLine
 10
580.0
 20
362.5
 30
0.0
 11
585.0
 21
367.5
 31
0.0
  0
LINE
  5
105F
330
CDE
100
AcDbEntity
 67
1
  8
E-TEKHAT-SEMBOL
370
35
100
AcDbLine
 10
580.0
 20
367.5
 30
0.0
 11
585.0
 21
362.5
 31
0.0
  0
LINE
  5
1060
330
CDE
100
AcDbEntity
 67
1
  8
E-TEKHAT-SEMBOL
370
35
100
AcDbLine
 10
587.5
 20
350.0
 30
0.0
 11
587.5
 21
355.0
 31
0.0
  0
HATCH
  5
1061
330
CDE
100
AcDbEntity
 67
1
  8
E-TEKHAT-SEMBOL
 62
7
100
AcDbHatch
 10
0.0
 20
0.0
 30
0.0
210
0.0
220
0.0
230
1.0
  2
SOLID
 70
1
 71
0
 91
1
 92
1
 93
1
 72
2
 10
587.5
 20
355.0
 40
0.5
 50
0.0
 51
360.0
 73
1
 97
0
 75
0
 76
1
 98
0
  0
LINE
  5
1062
330
CDE
100
AcDbEntity
 67
1
  8
E-TEKHAT-SEMBOL
370
35
100
AcDbLine
 10
587.5
 20
355.0
 30
0.0
 11
592.5
 21
363.66025403784437
 31
0.0
  0
LINE
  5
1063
330
CDE
100
AcDbEntity
 67
1
  8
E-TEKHAT-SEMBOL
370
35
100
AcDbLine
 10
587.5
 20
365.0
 30
0.0
 11
587.5
 21
370.0
 31
0.0
  0
LINE
  5
1064
330
CDE
100
AcDbEntity
 67
1
  8
E-TEKHAT-SEMBOL
370
35
100
AcDbLine
 10
585.0
 20
362.5
 30
0.0
 11
590.0
 21
367.5
 31
0.0
  0
LINE
  5
1065
330
CDE
100
AcDbEntity
 67
1
  8
E-TEKHAT-SEMBOL
370
35
100
AcDbLine
 10
585.0
 20
367.5
 30
0.0
 11
590.0
 21
362.5
 31
0.0
  0
LWPOLYLINE
  5
1066
330
CDE
100
AcDbEntity
 67
1
  8
E-TEKHAT-SEMBOL
  6
DASHED
370
25
100
AcDbPolyline
 90
2
 70
0
 10
582.5
 20
355.0
 10
587.5
 20
355.0
  0
TEXT
  5
1067
330
CDE
100
AcDbEntity
 67
1
  8
E-TEKHAT-YAZI
100
AcDbText
 10
591.5
 20
366.5
 30
0.0
 40
2.0
  1
-Q120
  7
GYM-B
 11
591.5
 21
366.5
 31
0.0
100
AcDbText
 73
2
  0
TEXT
  5
1068
330
CDE
100
AcDbEntity
 67
1
  8
E-TEKHAT-YAZI
100
AcDbText
 10
591.5
 20
358.5
 30
0.0
 40
1.8
  1
1×10 A · C
  7
GYM
 11
591.5
 21
358.5
 31
0.0
100
AcDbText
 73
2
  0
LINE
  5
1069
330
CDE
100
AcDbEntity
 67
1
  8
E-TEKHAT-TEL
370
35
100
AcDbLine
 10
585.0
 20
350.0
 30
0.0
 11
585.0
 21
312.0
 31
0.0
  0
CIRCLE
  5
106A
330
CDE
100
AcDbEntity
 67
1
  8
E-TEKHAT-SEMBOL
370
25
100
AcDbCircle
 10
585.0
 20
312.0
 30
0.0
 40
1.0
  0
LINE
  5
106B
330
CDE
100
AcDbEntity
 67
1
  8
E-TEKHAT-TEL
370
35
100
AcDbLine
 10
585.0
 20
311.0
 30
0.0
 11
585.0
 21
296.0
 31
0.0
  0
LINE
  5
106C
330
CDE
100
AcDbEntity
 67
1
  8
E-TEKHAT-SEMBOL
370
25
100
AcDbLine
 10
581.0
 20
298.0
 30
0.0
 11
586.0
 21
303.0
 31
0.0
  0
LINE
  5
106D
330
CDE
100
AcDbEntity
 67
1
  8
E-TEKHAT-SEMBOL
370
25
100
AcDbLine
 10
582.5
 20
299.5
 30
0.0
 11
587.5
 21
304.5
 31
0.0
  0
LINE
  5
106E
330
CDE
100
AcDbEntity
 67
1
  8
E-TEKHAT-SEMBOL
370
25
100
AcDbLine
 10
584.0
 20
301.0
 30
0.0
 11
589.0
 21
306.0
 31
0.0
  0
LINE
  5
106F
330
CDE
100
AcDbEntity
 67
1
  8
E-TEKHAT-SEMBOL
370
25
100
AcDbLine
 10
585.0
 20
294.0
 30
0.0
 11
582.25
 21
299.5
 31
0.0
  0
LINE
  5
1070
330
CDE
100
AcDbEntity
 67
1
  8
E-TEKHAT-SEMBOL
370
25
100
AcDbLine
 10
585.0
 20
294.0
 30
0.0
 11
587.75
 21
299.5
 31
0.0
  0
LINE
  5
1071
330
CDE
100
AcDbEntity
 67
1
  8
E-TEKHAT-TEL
370
35
100
AcDbLine
 10
611.0
 20
386.0
 30
0.0
 11
611.0
 21
370.0
 31
0.0
  0
HATCH
  5
1072
330
CDE
100
AcDbEntity
 67
1
  8
E-TEKHAT-BARA
 62
7
100
AcDbHatch
 10
0.0
 20
0.0
 30
0.0
210
0.0
220
0.0
230
1.0
  2
SOLID
 70
1
 71
0
 91
1
 92
1
 93
1
 72
2
 10
611.0
 20
386.0
 40
0.5
 50
0.0
 51
360.0
 73
1
 97
0
 75
0
 76
1
 98
0
  0
LINE
  5
1073
330
CDE
100
AcDbEntity
 67
1
  8
E-TEKHAT-SEMBOL
370
35
100
AcDbLine
 10
608.5
 20
350.0
 30
0.0
 11
608.5
 21
355.0
 31
0.0
  0
HATCH
  5
1074
330
CDE
100
AcDbEntity
 67
1
  8
E-TEKHAT-SEMBOL
 62
7
100
AcDbHatch
 10
0.0
 20
0.0
 30
0.0
210
0.0
220
0.0
230
1.0
  2
SOLID
 70
1
 71
0
 91
1
 92
1
 93
1
 72
2
 10
608.5
 20
355.0
 40
0.5
 50
0.0
 51
360.0
 73
1
 97
0
 75
0
 76
1
 98
0
  0
LINE
  5
1075
330
CDE
100
AcDbEntity
 67
1
  8
E-TEKHAT-SEMBOL
370
35
100
AcDbLine
 10
608.5
 20
355.0
 30
0.0
 11
613.5
 21
363.66025403784437
 31
0.0
  0
LINE
  5
1076
330
CDE
100
AcDbEntity
 67
1
  8
E-TEKHAT-SEMBOL
370
35
100
AcDbLine
 10
608.5
 20
365.0
 30
0.0
 11
608.5
 21
370.0
 31
0.0
  0
LINE
  5
1077
330
CDE
100
AcDbEntity
 67
1
  8
E-TEKHAT-SEMBOL
370
35
100
AcDbLine
 10
606.0
 20
362.5
 30
0.0
 11
611.0
 21
367.5
 31
0.0
  0
LINE
  5
1078
330
CDE
100
AcDbEntity
 67
1
  8
E-TEKHAT-SEMBOL
370
35
100
AcDbLine
 10
606.0
 20
367.5
 30
0.0
 11
611.0
 21
362.5
 31
0.0
  0
LINE
  5
1079
330
CDE
100
AcDbEntity
 67
1
  8
E-TEKHAT-SEMBOL
370
35
100
AcDbLine
 10
613.5
 20
350.0
 30
0.0
 11
613.5
 21
355.0
 31
0.0
  0
HATCH
  5
107A
330
CDE
100
AcDbEntity
 67
1
  8
E-TEKHAT-SEMBOL
 62
7
100
AcDbHatch
 10
0.0
 20
0.0
 30
0.0
210
0.0
220
0.0
230
1.0
  2
SOLID
 70
1
 71
0
 91
1
 92
1
 93
1
 72
2
 10
613.5
 20
355.0
 40
0.5
 50
0.0
 51
360.0
 73
1
 97
0
 75
0
 76
1
 98
0
  0
LINE
  5
107B
330
CDE
100
AcDbEntity
 67
1
  8
E-TEKHAT-SEMBOL
370
35
100
AcDbLine
 10
613.5
 20
355.0
 30
0.0
 11
618.5
 21
363.66025403784437
 31
0.0
  0
LINE
  5
107C
330
CDE
100
AcDbEntity
 67
1
  8
E-TEKHAT-SEMBOL
370
35
100
AcDbLine
 10
613.5
 20
365.0
 30
0.0
 11
613.5
 21
370.0
 31
0.0
  0
LINE
  5
107D
330
CDE
100
AcDbEntity
 67
1
  8
E-TEKHAT-SEMBOL
370
35
100
AcDbLine
 10
611.0
 20
362.5
 30
0.0
 11
616.0
 21
367.5
 31
0.0
  0
LINE
  5
107E
330
CDE
100
AcDbEntity
 67
1
  8
E-TEKHAT-SEMBOL
370
35
100
AcDbLine
 10
611.0
 20
367.5
 30
0.0
 11
616.0
 21
362.5
 31
0.0
  0
LWPOLYLINE
  5
107F
330
CDE
100
AcDbEntity
 67
1
  8
E-TEKHAT-SEMBOL
  6
DASHED
370
25
100
AcDbPolyline
 90
2
 70
0
 10
608.5
 20
355.0
 10
613.5
 20
355.0
  0
TEXT
  5
1080
330
CDE
100
AcDbEntity
 67
1
  8
E-TEKHAT-YAZI
100
AcDbText
 10
617.5
 20
366.5
 30
0.0
 40
2.0
  1
-Q121
  7
GYM-B
 11
617.5
 21
366.5
 31
0.0
100
AcDbText
 73
2
  0
TEXT
  5
1081
330
CDE
100
AcDbEntity
 67
1
  8
E-TEKHAT-YAZI
100
AcDbText
 10
617.5
 20
358.5
 30
0.0
 40
1.8
  1
1×6 A · C
  7
GYM
 11
617.5
 21
358.5
 31
0.0
100
AcDbText
 73
2
  0
LINE
  5
1082
330
CDE
100
AcDbEntity
 67
1
  8
E-TEKHAT-TEL
370
35
100
AcDbLine
 10
611.0
 20
350.0
 30
0.0
 11
611.0
 21
312.0
 31
0.0
  0
CIRCLE
  5
1083
330
CDE
100
AcDbEntity
 67
1
  8
E-TEKHAT-SEMBOL
370
25
100
AcDbCircle
 10
611.0
 20
312.0
 30
0.0
 40
1.0
  0
LINE
  5
1084
330
CDE
100
AcDbEntity
 67
1
  8
E-TEKHAT-TEL
370
35
100
AcDbLine
 10
611.0
 20
311.0
 30
0.0
 11
611.0
 21
296.0
 31
0.0
  0
LINE
  5
1085
330
CDE
100
AcDbEntity
 67
1
  8
E-TEKHAT-SEMBOL
370
25
100
AcDbLine
 10
607.0
 20
298.0
 30
0.0
 11
612.0
 21
303.0
 31
0.0
  0
LINE
  5
1086
330
CDE
100
AcDbEntity
 67
1
  8
E-TEKHAT-SEMBOL
370
25
100
AcDbLine
 10
608.5
 20
299.5
 30
0.0
 11
613.5
 21
304.5
 31
0.0
  0
LINE
  5
1087
330
CDE
100
AcDbEntity
 67
1
  8
E-TEKHAT-SEMBOL
370
25
100
AcDbLine
 10
610.0
 20
301.0
 30
0.0
 11
615.0
 21
306.0
 31
0.0
  0
LINE
  5
1088
330
CDE
100
AcDbEntity
 67
1
  8
E-TEKHAT-SEMBOL
370
25
100
AcDbLine
 10
611.0
 20
294.0
 30
0.0
 11
608.25
 21
299.5
 31
0.0
  0
LINE
  5
1089
330
CDE
100
AcDbEntity
 67
1
  8
E-TEKHAT-SEMBOL
370
25
100
AcDbLine
 10
611.0
 20
294.0
 30
0.0
 11
613.75
 21
299.5
 31
0.0
  0
LINE
  5
108A
330
CDE
100
AcDbEntity
 67
1
  8
E-TEKHAT-TEL
370
35
100
AcDbLine
 10
637.0
 20
386.0
 30
0.0
 11
637.0
 21
370.0
 31
0.0
  0
HATCH
  5
108B
330
CDE
100
AcDbEntity
 67
1
  8
E-TEKHAT-BARA
 62
7
100
AcDbHatch
 10
0.0
 20
0.0
 30
0.0
210
0.0
220
0.0
230
1.0
  2
SOLID
 70
1
 71
0
 91
1
 92
1
 93
1
 72
2
 10
637.0
 20
386.0
 40
0.5
 50
0.0
 51
360.0
 73
1
 97
0
 75
0
 76
1
 98
0
  0
LINE
  5
108C
330
CDE
100
AcDbEntity
 67
1
  8
E-TEKHAT-SEMBOL
370
35
100
AcDbLine
 10
634.5
 20
350.0
 30
0.0
 11
634.5
 21
355.0
 31
0.0
  0
HATCH
  5
108D
330
CDE
100
AcDbEntity
 67
1
  8
E-TEKHAT-SEMBOL
 62
7
100
AcDbHatch
 10
0.0
 20
0.0
 30
0.0
210
0.0
220
0.0
230
1.0
  2
SOLID
 70
1
 71
0
 91
1
 92
1
 93
1
 72
2
 10
634.5
 20
355.0
 40
0.5
 50
0.0
 51
360.0
 73
1
 97
0
 75
0
 76
1
 98
0
  0
LINE
  5
108E
330
CDE
100
AcDbEntity
 67
1
  8
E-TEKHAT-SEMBOL
370
35
100
AcDbLine
 10
634.5
 20
355.0
 30
0.0
 11
639.5
 21
363.66025403784437
 31
0.0
  0
LINE
  5
108F
330
CDE
100
AcDbEntity
 67
1
  8
E-TEKHAT-SEMBOL
370
35
100
AcDbLine
 10
634.5
 20
365.0
 30
0.0
 11
634.5
 21
370.0
 31
0.0
  0
LINE
  5
1090
330
CDE
100
AcDbEntity
 67
1
  8
E-TEKHAT-SEMBOL
370
35
100
AcDbLine
 10
632.0
 20
362.5
 30
0.0
 11
637.0
 21
367.5
 31
0.0
  0
LINE
  5
1091
330
CDE
100
AcDbEntity
 67
1
  8
E-TEKHAT-SEMBOL
370
35
100
AcDbLine
 10
632.0
 20
367.5
 30
0.0
 11
637.0
 21
362.5
 31
0.0
  0
LINE
  5
1092
330
CDE
100
AcDbEntity
 67
1
  8
E-TEKHAT-SEMBOL
370
35
100
AcDbLine
 10
639.5
 20
350.0
 30
0.0
 11
639.5
 21
355.0
 31
0.0
  0
HATCH
  5
1093
330
CDE
100
AcDbEntity
 67
1
  8
E-TEKHAT-SEMBOL
 62
7
100
AcDbHatch
 10
0.0
 20
0.0
 30
0.0
210
0.0
220
0.0
230
1.0
  2
SOLID
 70
1
 71
0
 91
1
 92
1
 93
1
 72
2
 10
639.5
 20
355.0
 40
0.5
 50
0.0
 51
360.0
 73
1
 97
0
 75
0
 76
1
 98
0
  0
LINE
  5
1094
330
CDE
100
AcDbEntity
 67
1
  8
E-TEKHAT-SEMBOL
370
35
100
AcDbLine
 10
639.5
 20
355.0
 30
0.0
 11
644.5
 21
363.66025403784437
 31
0.0
  0
LINE
  5
1095
330
CDE
100
AcDbEntity
 67
1
  8
E-TEKHAT-SEMBOL
370
35
100
AcDbLine
 10
639.5
 20
365.0
 30
0.0
 11
639.5
 21
370.0
 31
0.0
  0
LINE
  5
1096
330
CDE
100
AcDbEntity
 67
1
  8
E-TEKHAT-SEMBOL
370
35
100
AcDbLine
 10
637.0
 20
362.5
 30
0.0
 11
642.0
 21
367.5
 31
0.0
  0
LINE
  5
1097
330
CDE
100
AcDbEntity
 67
1
  8
E-TEKHAT-SEMBOL
370
35
100
AcDbLine
 10
637.0
 20
367.5
 30
0.0
 11
642.0
 21
362.5
 31
0.0
  0
LWPOLYLINE
  5
1098
330
CDE
100
AcDbEntity
 67
1
  8
E-TEKHAT-SEMBOL
  6
DASHED
370
25
100
AcDbPolyline
 90
2
 70
0
 10
634.5
 20
355.0
 10
639.5
 20
355.0
  0
TEXT
  5
1099
330
CDE
100
AcDbEntity
 67
1
  8
E-TEKHAT-YAZI
100
AcDbText
 10
643.5
 20
366.5
 30
0.0
 40
2.0
  1
-Q122
  7
GYM-B
 11
643.5
 21
366.5
 31
0.0
100
AcDbText
 73
2
  0
TEXT
  5
109A
330
CDE
100
AcDbEntity
 67
1
  8
E-TEKHAT-YAZI
100
AcDbText
 10
643.5
 20
358.5
 30
0.0
 40
1.8
  1
1×6 A · C
  7
GYM
 11
643.5
 21
358.5
 31
0.0
100
AcDbText
 73
2
  0
LINE
  5
109B
330
CDE
100
AcDbEntity
 67
1
  8
E-TEKHAT-TEL
370
35
100
AcDbLine
 10
637.0
 20
350.0
 30
0.0
 11
637.0
 21
312.0
 31
0.0
  0
CIRCLE
  5
109C
330
CDE
100
AcDbEntity
 67
1
  8
E-TEKHAT-SEMBOL
370
25
100
AcDbCircle
 10
637.0
 20
312.0
 30
0.0
 40
1.0
  0
LINE
  5
109D
330
CDE
100
AcDbEntity
 67
1
  8
E-TEKHAT-TEL
370
35
100
AcDbLine
 10
637.0
 20
311.0
 30
0.0
 11
637.0
 21
296.0
 31
0.0
  0
LINE
  5
109E
330
CDE
100
AcDbEntity
 67
1
  8
E-TEKHAT-SEMBOL
370
25
100
AcDbLine
 10
633.0
 20
298.0
 30
0.0
 11
638.0
 21
303.0
 31
0.0
  0
LINE
  5
109F
330
CDE
100
AcDbEntity
 67
1
  8
E-TEKHAT-SEMBOL
370
25
100
AcDbLine
 10
634.5
 20
299.5
 30
0.0
 11
639.5
 21
304.5
 31
0.0
  0
LINE
  5
10A0
330
CDE
100
AcDbEntity
 67
1
  8
E-TEKHAT-SEMBOL
370
25
100
AcDbLine
 10
636.0
 20
301.0
 30
0.0
 11
641.0
 21
306.0
 31
0.0
  0
LINE
  5
10A1
330
CDE
100
AcDbEntity
 67
1
  8
E-TEKHAT-SEMBOL
370
25
100
AcDbLine
 10
637.0
 20
294.0
 30
0.0
 11
634.25
 21
299.5
 31
0.0
  0
LINE
  5
10A2
330
CDE
100
AcDbEntity
 67
1
  8
E-TEKHAT-SEMBOL
370
25
100
AcDbLine
 10
637.0
 20
294.0
 30
0.0
 11
639.75
 21
299.5
 31
0.0
  0
LINE
  5
10A3
330
CDE
100
AcDbEntity
 67
1
  8
E-TEKHAT-TEL
370
35
100
AcDbLine
 10
663.0
 20
386.0
 30
0.0
 11
663.0
 21
370.0
 31
0.0
  0
HATCH
  5
10A4
330
CDE
100
AcDbEntity
 67
1
  8
E-TEKHAT-BARA
 62
7
100
AcDbHatch
 10
0.0
 20
0.0
 30
0.0
210
0.0
220
0.0
230
1.0
  2
SOLID
 70
1
 71
0
 91
1
 92
1
 93
1
 72
2
 10
663.0
 20
386.0
 40
0.5
 50
0.0
 51
360.0
 73
1
 97
0
 75
0
 76
1
 98
0
  0
LINE
  5
10A5
330
CDE
100
AcDbEntity
 67
1
  8
E-TEKHAT-SEMBOL
370
35
100
AcDbLine
 10
663.0
 20
350.0
 30
0.0
 11
663.0
 21
355.0
 31
0.0
  0
HATCH
  5
10A6
330
CDE
100
AcDbEntity
 67
1
  8
E-TEKHAT-SEMBOL
 62
7
100
AcDbHatch
 10
0.0
 20
0.0
 30
0.0
210
0.0
220
0.0
230
1.0
  2
SOLID
 70
1
 71
0
 91
1
 92
1
 93
1
 72
2
 10
663.0
 20
355.0
 40
0.5
 50
0.0
 51
360.0
 73
1
 97
0
 75
0
 76
1
 98
0
  0
LINE
  5
10A7
330
CDE
100
AcDbEntity
 67
1
  8
E-TEKHAT-SEMBOL
370
35
100
AcDbLine
 10
663.0
 20
355.0
 30
0.0
 11
668.0
 21
363.66025403784437
 31
0.0
  0
LINE
  5
10A8
330
CDE
100
AcDbEntity
 67
1
  8
E-TEKHAT-SEMBOL
370
35
100
AcDbLine
 10
663.0
 20
365.0
 30
0.0
 11
663.0
 21
370.0
 31
0.0
  0
LINE
  5
10A9
330
CDE
100
AcDbEntity
 67
1
  8
E-TEKHAT-SEMBOL
370
35
100
AcDbLine
 10
660.5
 20
362.5
 30
0.0
 11
665.5
 21
367.5
 31
0.0
  0
LINE
  5
10AA
330
CDE
100
AcDbEntity
 67
1
  8
E-TEKHAT-SEMBOL
370
35
100
AcDbLine
 10
660.5
 20
367.5
 30
0.0
 11
665.5
 21
362.5
 31
0.0
  0
TEXT
  5
10AB
330
CDE
100
AcDbEntity
 67
1
  8
E-TEKHAT-YAZI
100
AcDbText
 10
669.5
 20
366.5
 30
0.0
 40
2.0
  1
-Q123
  7
GYM-B
 11
669.5
 21
366.5
 31
0.0
100
AcDbText
 73
2
  0
TEXT
  5
10AC
330
CDE
100
AcDbEntity
 67
1
  8
E-TEKHAT-YAZI
100
AcDbText
 10
669.5
 20
358.5
 30
0.0
 40
1.8
  1
1×16 A · C
  7
GYM
 11
669.5
 21
358.5
 31
0.0
100
AcDbText
 73
2
  0
LINE
  5
10AD
330
CDE
100
AcDbEntity
 67
1
  8
E-TEKHAT-TEL
370
35
100
AcDbLine
 10
663.0
 20
350.0
 30
0.0
 11
663.0
 21
342.0
 31
0.0
  0
LINE
  5
10AE
330
CDE
100
AcDbEntity
 67
1
  8
E-TEKHAT-SEMBOL
370
35
100
AcDbLine
 10
660.5
 20
342.0
 30
0.0
 11
665.5
 21
342.0
 31
0.0
  0
TEXT
  5
10AF
330
CDE
100
AcDbEntity
 67
1
  8
E-TEKHAT-YAZI
100
AcDbText
 10
663.0
 20
337.0
 30
0.0
 40
1.8
  1
YEDEK
  7
GYM
 72
1
 11
663.0
 21
337.0
 31
0.0
100
AcDbText
 73
2
  0
LINE
  5
10B0
330
CDE
100
AcDbEntity
 67
1
  8
E-TEKHAT-TEL
370
35
100
AcDbLine
 10
689.0
 20
386.0
 30
0.0
 11
689.0
 21
370.0
 31
0.0
  0
HATCH
  5
10B1
330
CDE
100
AcDbEntity
 67
1
  8
E-TEKHAT-BARA
 62
7
100
AcDbHatch
 10
0.0
 20
0.0
 30
0.0
210
0.0
220
0.0
230
1.0
  2
SOLID
 70
1
 71
0
 91
1
 92
1
 93
1
 72
2
 10
689.0
 20
386.0
 40
0.5
 50
0.0
 51
360.0
 73
1
 97
0
 75
0
 76
1
 98
0
  0
LINE
  5
10B2
330
CDE
100
AcDbEntity
 67
1
  8
E-TEKHAT-SEMBOL
370
35
100
AcDbLine
 10
689.0
 20
350.0
 30
0.0
 11
689.0
 21
355.0
 31
0.0
  0
HATCH
  5
10B3
330
CDE
100
AcDbEntity
 67
1
  8
E-TEKHAT-SEMBOL
 62
7
100
AcDbHatch
 10
0.0
 20
0.0
 30
0.0
210
0.0
220
0.0
230
1.0
  2
SOLID
 70
1
 71
0
 91
1
 92
1
 93
1
 72
2
 10
689.0
 20
355.0
 40
0.5
 50
0.0
 51
360.0
 73
1
 97
0
 75
0
 76
1
 98
0
  0
LINE
  5
10B4
330
CDE
100
AcDbEntity
 67
1
  8
E-TEKHAT-SEMBOL
370
35
100
AcDbLine
 10
689.0
 20
355.0
 30
0.0
 11
694.0
 21
363.66025403784437
 31
0.0
  0
LINE
  5
10B5
330
CDE
100
AcDbEntity
 67
1
  8
E-TEKHAT-SEMBOL
370
35
100
AcDbLine
 10
689.0
 20
365.0
 30
0.0
 11
689.0
 21
370.0
 31
0.0
  0
LINE
  5
10B6
330
CDE
100
AcDbEntity
 67
1
  8
E-TEKHAT-SEMBOL
370
35
100
AcDbLine
 10
686.5
 20
362.5
 30
0.0
 11
691.5
 21
367.5
 31
0.0
  0
LINE
  5
10B7
330
CDE
100
AcDbEntity
 67
1
  8
E-TEKHAT-SEMBOL
370
35
100
AcDbLine
 10
686.5
 20
367.5
 30
0.0
 11
691.5
 21
362.5
 31
0.0
  0
TEXT
  5
10B8
330
CDE
100
AcDbEntity
 67
1
  8
E-TEKHAT-YAZI
100
AcDbText
 10
695.5
 20
366.5
 30
0.0
 40
2.0
  1
-Q124
  7
GYM-B
 11
695.5
 21
366.5
 31
0.0
100
AcDbText
 73
2
  0
TEXT
  5
10B9
330
CDE
100
AcDbEntity
 67
1
  8
E-TEKHAT-YAZI
100
AcDbText
 10
695.5
 20
358.5
 30
0.0
 40
1.8
  1
1×16 A · C
  7
GYM
 11
695.5
 21
358.5
 31
0.0
100
AcDbText
 73
2
  0
LINE
  5
10BA
330
CDE
100
AcDbEntity
 67
1
  8
E-TEKHAT-TEL
370
35
100
AcDbLine
 10
689.0
 20
350.0
 30
0.0
 11
689.0
 21
342.0
 31
0.0
  0
LINE
  5
10BB
330
CDE
100
AcDbEntity
 67
1
  8
E-TEKHAT-SEMBOL
370
35
100
AcDbLine
 10
686.5
 20
342.0
 30
0.0
 11
691.5
 21
342.0
 31
0.0
  0
TEXT
  5
10BC
330
CDE
100
AcDbEntity
 67
1
  8
E-TEKHAT-YAZI
100
AcDbText
 10
689.0
 20
337.0
 30
0.0
 40
1.8
  1
YEDEK
  7
GYM
 72
1
 11
689.0
 21
337.0
 31
0.0
100
AcDbText
 73
2
  0
LINE
  5
10BD
330
CDE
100
AcDbEntity
 67
1
  8
E-TEKHAT-TEL
370
35
100
AcDbLine
 10
715.0
 20
386.0
 30
0.0
 11
715.0
 21
370.0
 31
0.0
  0
HATCH
  5
10BE
330
CDE
100
AcDbEntity
 67
1
  8
E-TEKHAT-BARA
 62
7
100
AcDbHatch
 10
0.0
 20
0.0
 30
0.0
210
0.0
220
0.0
230
1.0
  2
SOLID
 70
1
 71
0
 91
1
 92
1
 93
1
 72
2
 10
715.0
 20
386.0
 40
0.5
 50
0.0
 51
360.0
 73
1
 97
0
 75
0
 76
1
 98
0
  0
LINE
  5
10BF
330
CDE
100
AcDbEntity
 67
1
  8
E-TEKHAT-SEMBOL
370
35
100
AcDbLine
 10
715.0
 20
350.0
 30
0.0
 11
715.0
 21
355.0
 31
0.0
  0
HATCH
  5
10C0
330
CDE
100
AcDbEntity
 67
1
  8
E-TEKHAT-SEMBOL
 62
7
100
AcDbHatch
 10
0.0
 20
0.0
 30
0.0
210
0.0
220
0.0
230
1.0
  2
SOLID
 70
1
 71
0
 91
1
 92
1
 93
1
 72
2
 10
715.0
 20
355.0
 40
0.5
 50
0.0
 51
360.0
 73
1
 97
0
 75
0
 76
1
 98
0
  0
LINE
  5
10C1
330
CDE
100
AcDbEntity
 67
1
  8
E-TEKHAT-SEMBOL
370
35
100
AcDbLine
 10
715.0
 20
355.0
 30
0.0
 11
720.0
 21
363.66025403784437
 31
0.0
  0
LINE
  5
10C2
330
CDE
100
AcDbEntity
 67
1
  8
E-TEKHAT-SEMBOL
370
35
100
AcDbLine
 10
715.0
 20
365.0
 30
0.0
 11
715.0
 21
370.0
 31
0.0
  0
LINE
  5
10C3
330
CDE
100
AcDbEntity
 67
1
  8
E-TEKHAT-SEMBOL
370
35
100
AcDbLine
 10
712.5
 20
362.5
 30
0.0
 11
717.5
 21
367.5
 31
0.0
  0
LINE
  5
10C4
330
CDE
100
AcDbEntity
 67
1
  8
E-TEKHAT-SEMBOL
370
35
100
AcDbLine
 10
712.5
 20
367.5
 30
0.0
 11
717.5
 21
362.5
 31
0.0
  0
TEXT
  5
10C5
330
CDE
100
AcDbEntity
 67
1
  8
E-TEKHAT-YAZI
100
AcDbText
 10
721.5
 20
366.5
 30
0.0
 40
2.0
  1
-Q125
  7
GYM-B
 11
721.5
 21
366.5
 31
0.0
100
AcDbText
 73
2
  0
TEXT
  5
10C6
330
CDE
100
AcDbEntity
 67
1
  8
E-TEKHAT-YAZI
100
AcDbText
 10
721.5
 20
358.5
 30
0.0
 40
1.8
  1
1×16 A · C
  7
GYM
 11
721.5
 21
358.5
 31
0.0
100
AcDbText
 73
2
  0
LINE
  5
10C7
330
CDE
100
AcDbEntity
 67
1
  8
E-TEKHAT-TEL
370
35
100
AcDbLine
 10
715.0
 20
350.0
 30
0.0
 11
715.0
 21
342.0
 31
0.0
  0
LINE
  5
10C8
330
CDE
100
AcDbEntity
 67
1
  8
E-TEKHAT-SEMBOL
370
35
100
AcDbLine
 10
712.5
 20
342.0
 30
0.0
 11
717.5
 21
342.0
 31
0.0
  0
TEXT
  5
10C9
330
CDE
100
AcDbEntity
 67
1
  8
E-TEKHAT-YAZI
100
AcDbText
 10
715.0
 20
337.0
 30
0.0
 40
1.8
  1
YEDEK
  7
GYM
 72
1
 11
715.0
 21
337.0
 31
0.0
100
AcDbText
 73
2
  0
LINE
  5
10CA
330
CDE
100
AcDbEntity
 67
1
  8
E-TEKHAT-TEL
370
35
100
AcDbLine
 10
741.0
 20
386.0
 30
0.0
 11
741.0
 21
370.0
 31
0.0
  0
HATCH
  5
10CB
330
CDE
100
AcDbEntity
 67
1
  8
E-TEKHAT-BARA
 62
7
100
AcDbHatch
 10
0.0
 20
0.0
 30
0.0
210
0.0
220
0.0
230
1.0
  2
SOLID
 70
1
 71
0
 91
1
 92
1
 93
1
 72
2
 10
741.0
 20
386.0
 40
0.5
 50
0.0
 51
360.0
 73
1
 97
0
 75
0
 76
1
 98
0
  0
LINE
  5
10CC
330
CDE
100
AcDbEntity
 67
1
  8
E-TEKHAT-SEMBOL
370
35
100
AcDbLine
 10
741.0
 20
350.0
 30
0.0
 11
741.0
 21
355.0
 31
0.0
  0
HATCH
  5
10CD
330
CDE
100
AcDbEntity
 67
1
  8
E-TEKHAT-SEMBOL
 62
7
100
AcDbHatch
 10
0.0
 20
0.0
 30
0.0
210
0.0
220
0.0
230
1.0
  2
SOLID
 70
1
 71
0
 91
1
 92
1
 93
1
 72
2
 10
741.0
 20
355.0
 40
0.5
 50
0.0
 51
360.0
 73
1
 97
0
 75
0
 76
1
 98
0
  0
LINE
  5
10CE
330
CDE
100
AcDbEntity
 67
1
  8
E-TEKHAT-SEMBOL
370
35
100
AcDbLine
 10
741.0
 20
355.0
 30
0.0
 11
746.0
 21
363.66025403784437
 31
0.0
  0
LINE
  5
10CF
330
CDE
100
AcDbEntity
 67
1
  8
E-TEKHAT-SEMBOL
370
35
100
AcDbLine
 10
741.0
 20
365.0
 30
0.0
 11
741.0
 21
370.0
 31
0.0
  0
LINE
  5
10D0
330
CDE
100
AcDbEntity
 67
1
  8
E-TEKHAT-SEMBOL
370
35
100
AcDbLine
 10
738.5
 20
362.5
 30
0.0
 11
743.5
 21
367.5
 31
0.0
  0
LINE
  5
10D1
330
CDE
100
AcDbEntity
 67
1
  8
E-TEKHAT-SEMBOL
370
35
100
AcDbLine
 10
738.5
 20
367.5
 30
0.0
 11
743.5
 21
362.5
 31
0.0
  0
TEXT
  5
10D2
330
CDE
100
AcDbEntity
 67
1
  8
E-TEKHAT-YAZI
100
AcDbText
 10
747.5
 20
366.5
 30
0.0
 40
2.0
  1
-Q126
  7
GYM-B
 11
747.5
 21
366.5
 31
0.0
100
AcDbText
 73
2
  0
TEXT
  5
10D3
330
CDE
100
AcDbEntity
 67
1
  8
E-TEKHAT-YAZI
100
AcDbText
 10
747.5
 20
358.5
 30
0.0
 40
1.8
  1
1×16 A · C
  7
GYM
 11
747.5
 21
358.5
 31
0.0
100
AcDbText
 73
2
  0
LINE
  5
10D4
330
CDE
100
AcDbEntity
 67
1
  8
E-TEKHAT-TEL
370
35
100
AcDbLine
 10
741.0
 20
350.0
 30
0.0
 11
741.0
 21
342.0
 31
0.0
  0
LINE
  5
10D5
330
CDE
100
AcDbEntity
 67
1
  8
E-TEKHAT-SEMBOL
370
35
100
AcDbLine
 10
738.5
 20
342.0
 30
0.0
 11
743.5
 21
342.0
 31
0.0
  0
TEXT
  5
10D6
330
CDE
100
AcDbEntity
 67
1
  8
E-TEKHAT-YAZI
100
AcDbText
 10
741.0
 20
337.0
 30
0.0
 40
1.8
  1
YEDEK
  7
GYM
 72
1
 11
741.0
 21
337.0
 31
0.0
100
AcDbText
 73
2
  0
LWPOLYLINE
  5
10D7
330
CDE
100
AcDbEntity
 67
1
  8
E-TEKHAT-SINIR
  6
DASHDOT
370
35
100
AcDbPolyline
 90
4
 70
0
 10
44.0
 20
322.0
 10
44.0
 20
528.0
 10
770.0
 20
528.0
 10
770.0
 20
322.0
  0
LWPOLYLINE
  5
10D8
330
CDE
100
AcDbEntity
 67
1
  8
E-TEKHAT-SINIR
  6
DASHDOT
370
35
100
AcDbPolyline
 90
2
 70
0
 10
44.0
 20
322.0
 10
770.0
 20
322.0
  0
TEXT
  5
10D9
330
CDE
100
AcDbEntity
 67
1
  8
E-TEKHAT-YAZI
100
AcDbText
 10
46.0
 20
326.0
 30
0.0
 40
2.0
  1
PANO: ADP · IP54 · Form 2b · sac gövde · Icw 6 kA 1 s  —  ÜSTÜ PANO İÇİ, ALTI SAHA KABLOLAMASI
  7
GYM-B
 11
46.0
 21
326.0
 31
0.0
100
AcDbText
 73
2
  0
TEXT
  5
10DA
330
CDE
100
AcDbEntity
 67
1
  8
E-TEKHAT-YAZI
100
AcDbText
 10
46.0
 20
312.0
 30
0.0
 40
2.5
  1
-X1
  7
GYM-B
 72
2
 11
46.0
 21
312.0
 31
0.0
100
AcDbText
 73
2
  0
TEXT
  5
10DB
330
CDE
100
AcDbEntity
 67
1
  8
E-TEKHAT-YAZI
100
AcDbText
 10
48.0
 20
312.0
 30
0.0
 40
1.8
  1
klemens sırası
  7
GYM
 11
48.0
 21
312.0
 31
0.0
100
AcDbText
 73
2
  0
LWPOLYLINE
  5
10DC
330
CDE
100
AcDbEntity
 67
1
  8
E-TEKHAT-TABLO
370
50
100
AcDbPolyline
 90
4
 70
1
 10
26.0
 20
173.60000000000002
 10
754.0
 20
173.60000000000002
 10
754.0
 20
294.0
 10
26.0
 20
294.0
  0
LWPOLYLINE
  5
10DD
330
CDE
100
AcDbEntity
 67
1
  8
E-TEKHAT-TABLO
370
18
100
AcDbPolyline
 90
2
 70
0
 10
26.0
 20
294.0
 10
754.0
 20
294.0
  0
LWPOLYLINE
  5
10DE
330
CDE
100
AcDbEntity
 67
1
  8
E-TEKHAT-TABLO
370
18
100
AcDbPolyline
 90
2
 70
0
 10
26.0
 20
285.4
 10
754.0
 20
285.4
  0
LWPOLYLINE
  5
10DF
330
CDE
100
AcDbEntity
 67
1
  8
E-TEKHAT-TABLO
370
18
100
AcDbPolyline
 90
2
 70
0
 10
26.0
 20
276.8
 10
754.0
 20
276.8
  0
LWPOLYLINE
  5
10E0
330
CDE
100
AcDbEntity
 67
1
  8
E-TEKHAT-TABLO
370
18
100
AcDbPolyline
 90
2
 70
0
 10
26.0
 20
268.2
 10
754.0
 20
268.2
  0
LWPOLYLINE
  5
10E1
330
CDE
100
AcDbEntity
 67
1
  8
E-TEKHAT-TABLO
370
18
100
AcDbPolyline
 90
2
 70
0
 10
26.0
 20
259.6
 10
754.0
 20
259.6
  0
LWPOLYLINE
  5
10E2
330
CDE
100
AcDbEntity
 67
1
  8
E-TEKHAT-TABLO
370
18
100
AcDbPolyline
 90
2
 70
0
 10
26.0
 20
251.0
 10
754.0
 20
251.0
  0
LWPOLYLINE
  5
10E3
330
CDE
100
AcDbEntity
 67
1
  8
E-TEKHAT-TABLO
370
18
100
AcDbPolyline
 90
2
 70
0
 10
26.0
 20
242.4
 10
754.0
 20
242.4
  0
LWPOLYLINE
  5
10E4
330
CDE
100
AcDbEntity
 67
1
  8
E-TEKHAT-TABLO
370
18
100
AcDbPolyline
 90
2
 70
0
 10
26.0
 20
233.8
 10
754.0
 20
233.8
  0
LWPOLYLINE
  5
10E5
330
CDE
100
AcDbEntity
 67
1
  8
E-TEKHAT-TABLO
370
18
100
AcDbPolyline
 90
2
 70
0
 10
26.0
 20
225.2
 10
754.0
 20
225.2
  0
LWPOLYLINE
  5
10E6
330
CDE
100
AcDbEntity
 67
1
  8
E-TEKHAT-TABLO
370
18
100
AcDbPolyline
 90
2
 70
0
 10
26.0
 20
216.60000000000002
 10
754.0
 20
216.60000000000002
  0
LWPOLYLINE
  5
10E7
330
CDE
100
AcDbEntity
 67
1
  8
E-TEKHAT-TABLO
370
18
100
AcDbPolyline
 90
2
 70
0
 10
26.0
 20
208.0
 10
754.0
 20
208.0
  0
LWPOLYLINE
  5
10E8
330
CDE
100
AcDbEntity
 67
1
  8
E-TEKHAT-TABLO
370
18
100
AcDbPolyline
 90
2
 70
0
 10
26.0
 20
199.4
 10
754.0
 20
199.4
  0
LWPOLYLINE
  5
10E9
330
CDE
100
AcDbEntity
 67
1
  8
E-TEKHAT-TABLO
370
18
100
AcDbPolyline
 90
2
 70
0
 10
26.0
 20
190.8
 10
754.0
 20
190.8
  0
LWPOLYLINE
  5
10EA
330
CDE
100
AcDbEntity
 67
1
  8
E-TEKHAT-TABLO
370
18
100
AcDbPolyline
 90
2
 70
0
 10
26.0
 20
182.2
 10
754.0
 20
182.2
  0
LWPOLYLINE
  5
10EB
330
CDE
100
AcDbEntity
 67
1
  8
E-TEKHAT-TABLO
370
18
100
AcDbPolyline
 90
2
 70
0
 10
26.0
 20
173.60000000000002
 10
754.0
 20
173.60000000000002
  0
LWPOLYLINE
  5
10EC
330
CDE
100
AcDbEntity
 67
1
  8
E-TEKHAT-TABLO
370
50
100
AcDbPolyline
 90
2
 70
0
 10
78.0
 20
173.60000000000002
 10
78.0
 20
294.0
  0
LWPOLYLINE
  5
10ED
330
CDE
100
AcDbEntity
 67
1
  8
E-TEKHAT-TABLO
370
18
100
AcDbPolyline
 90
2
 70
0
 10
104.0
 20
173.60000000000002
 10
104.0
 20
294.0
  0
LWPOLYLINE
  5
10EE
330
CDE
100
AcDbEntity
 67
1
  8
E-TEKHAT-TABLO
370
18
100
AcDbPolyline
 90
2
 70
0
 10
130.0
 20
173.60000000000002
 10
130.0
 20
294.0
  0
LWPOLYLINE
  5
10EF
330
CDE
100
AcDbEntity
 67
1
  8
E-TEKHAT-TABLO
370
18
100
AcDbPolyline
 90
2
 70
0
 10
156.0
 20
173.60000000000002
 10
156.0
 20
294.0
  0
LWPOLYLINE
  5
10F0
330
CDE
100
AcDbEntity
 67
1
  8
E-TEKHAT-TABLO
370
18
100
AcDbPolyline
 90
2
 70
0
 10
182.0
 20
173.60000000000002
 10
182.0
 20
294.0
  0
LWPOLYLINE
  5
10F1
330
CDE
100
AcDbEntity
 67
1
  8
E-TEKHAT-TABLO
370
18
100
AcDbPolyline
 90
2
 70
0
 10
208.0
 20
173.60000000000002
 10
208.0
 20
294.0
  0
LWPOLYLINE
  5
10F2
330
CDE
100
AcDbEntity
 67
1
  8
E-TEKHAT-TABLO
370
18
100
AcDbPolyline
 90
2
 70
0
 10
234.0
 20
173.60000000000002
 10
234.0
 20
294.0
  0
LWPOLYLINE
  5
10F3
330
CDE
100
AcDbEntity
 67
1
  8
E-TEKHAT-TABLO
370
18
100
AcDbPolyline
 90
2
 70
0
 10
260.0
 20
173.60000000000002
 10
260.0
 20
294.0
  0
LWPOLYLINE
  5
10F4
330
CDE
100
AcDbEntity
 67
1
  8
E-TEKHAT-TABLO
370
18
100
AcDbPolyline
 90
2
 70
0
 10
286.0
 20
173.60000000000002
 10
286.0
 20
294.0
  0
LWPOLYLINE
  5
10F5
330
CDE
100
AcDbEntity
 67
1
  8
E-TEKHAT-TABLO
370
18
100
AcDbPolyline
 90
2
 70
0
 10
312.0
 20
173.60000000000002
 10
312.0
 20
294.0
  0
LWPOLYLINE
  5
10F6
330
CDE
100
AcDbEntity
 67
1
  8
E-TEKHAT-TABLO
370
18
100
AcDbPolyline
 90
2
 70
0
 10
338.0
 20
173.60000000000002
 10
338.0
 20
294.0
  0
LWPOLYLINE
  5
10F7
330
CDE
100
AcDbEntity
 67
1
  8
E-TEKHAT-TABLO
370
18
100
AcDbPolyline
 90
2
 70
0
 10
364.0
 20
173.60000000000002
 10
364.0
 20
294.0
  0
LWPOLYLINE
  5
10F8
330
CDE
100
AcDbEntity
 67
1
  8
E-TEKHAT-TABLO
370
18
100
AcDbPolyline
 90
2
 70
0
 10
390.0
 20
173.60000000000002
 10
390.0
 20
294.0
  0
LWPOLYLINE
  5
10F9
330
CDE
100
AcDbEntity
 67
1
  8
E-TEKHAT-TABLO
370
18
100
AcDbPolyline
 90
2
 70
0
 10
416.0
 20
173.60000000000002
 10
416.0
 20
294.0
  0
LWPOLYLINE
  5
10FA
330
CDE
100
AcDbEntity
 67
1
  8
E-TEKHAT-TABLO
370
18
100
AcDbPolyline
 90
2
 70
0
 10
442.0
 20
173.60000000000002
 10
442.0
 20
294.0
  0
LWPOLYLINE
  5
10FB
330
CDE
100
AcDbEntity
 67
1
  8
E-TEKHAT-TABLO
370
18
100
AcDbPolyline
 90
2
 70
0
 10
468.0
 20
173.60000000000002
 10
468.0
 20
294.0
  0
LWPOLYLINE
  5
10FC
330
CDE
100
AcDbEntity
 67
1
  8
E-TEKHAT-TABLO
370
18
100
AcDbPolyline
 90
2
 70
0
 10
494.0
 20
173.60000000000002
 10
494.0
 20
294.0
  0
LWPOLYLINE
  5
10FD
330
CDE
100
AcDbEntity
 67
1
  8
E-TEKHAT-TABLO
370
18
100
AcDbPolyline
 90
2
 70
0
 10
520.0
 20
173.60000000000002
 10
520.0
 20
294.0
  0
LWPOLYLINE
  5
10FE
330
CDE
100
AcDbEntity
 67
1
  8
E-TEKHAT-TABLO
370
18
100
AcDbPolyline
 90
2
 70
0
 10
546.0
 20
173.60000000000002
 10
546.0
 20
294.0
  0
LWPOLYLINE
  5
10FF
330
CDE
100
AcDbEntity
 67
1
  8
E-TEKHAT-TABLO
370
18
100
AcDbPolyline
 90
2
 70
0
 10
572.0
 20
173.60000000000002
 10
572.0
 20
294.0
  0
LWPOLYLINE
  5
1100
330
CDE
100
AcDbEntity
 67
1
  8
E-TEKHAT-TABLO
370
18
100
AcDbPolyline
 90
2
 70
0
 10
598.0
 20
173.60000000000002
 10
598.0
 20
294.0
  0
LWPOLYLINE
  5
1101
330
CDE
100
AcDbEntity
 67
1
  8
E-TEKHAT-TABLO
370
18
100
AcDbPolyline
 90
2
 70
0
 10
624.0
 20
173.60000000000002
 10
624.0
 20
294.0
  0
LWPOLYLINE
  5
1102
330
CDE
100
AcDbEntity
 67
1
  8
E-TEKHAT-TABLO
370
18
100
AcDbPolyline
 90
2
 70
0
 10
650.0
 20
173.60000000000002
 10
650.0
 20
294.0
  0
LWPOLYLINE
  5
1103
330
CDE
100
AcDbEntity
 67
1
  8
E-TEKHAT-TABLO
370
18
100
AcDbPolyline
 90
2
 70
0
 10
676.0
 20
173.60000000000002
 10
676.0
 20
294.0
  0
LWPOLYLINE
  5
1104
330
CDE
100
AcDbEntity
 67
1
  8
E-TEKHAT-TABLO
370
18
100
AcDbPolyline
 90
2
 70
0
 10
702.0
 20
173.60000000000002
 10
702.0
 20
294.0
  0
LWPOLYLINE
  5
1105
330
CDE
100
AcDbEntity
 67
1
  8
E-TEKHAT-TABLO
370
18
100
AcDbPolyline
 90
2
 70
0
 10
728.0
 20
173.60000000000002
 10
728.0
 20
294.0
  0
TEXT
  5
1106
330
CDE
100
AcDbEntity
 67
1
  8
E-TEKHAT-TABLO
100
AcDbText
 10
28.0
 20
289.7
 30
0.0
 40
2.0
  1
ÇIKIŞ NO
  7
GYM-B
 11
28.0
 21
289.7
 31
0.0
100
AcDbText
 73
2
  0
TEXT
  5
1107
330
CDE
100
AcDbEntity
 67
1
  8
E-TEKHAT-TABLO
100
AcDbText
 10
91.0
 20
289.7
 30
0.0
 40
1.8
  1
1
  7
GYM
 72
1
 11
91.0
 21
289.7
 31
0.0
100
AcDbText
 73
2
  0
TEXT
  5
1108
330
CDE
100
AcDbEntity
 67
1
  8
E-TEKHAT-TABLO
100
AcDbText
 10
117.0
 20
289.7
 30
0.0
 40
1.8
  1
2
  7
GYM
 72
1
 11
117.0
 21
289.7
 31
0.0
100
AcDbText
 73
2
  0
TEXT
  5
1109
330
CDE
100
AcDbEntity
 67
1
  8
E-TEKHAT-TABLO
100
AcDbText
 10
143.0
 20
289.7
 30
0.0
 40
1.8
  1
3
  7
GYM
 72
1
 11
143.0
 21
289.7
 31
0.0
100
AcDbText
 73
2
  0
TEXT
  5
110A
330
CDE
100
AcDbEntity
 67
1
  8
E-TEKHAT-TABLO
100
AcDbText
 10
169.0
 20
289.7
 30
0.0
 40
1.8
  1
4
  7
GYM
 72
1
 11
169.0
 21
289.7
 31
0.0
100
AcDbText
 73
2
  0
TEXT
  5
110B
330
CDE
100
AcDbEntity
 67
1
  8
E-TEKHAT-TABLO
100
AcDbText
 10
195.0
 20
289.7
 30
0.0
 40
1.8
  1
5
  7
GYM
 72
1
 11
195.0
 21
289.7
 31
0.0
100
AcDbText
 73
2
  0
TEXT
  5
110C
330
CDE
100
AcDbEntity
 67
1
  8
E-TEKHAT-TABLO
100
AcDbText
 10
221.0
 20
289.7
 30
0.0
 40
1.8
  1
6
  7
GYM
 72
1
 11
221.0
 21
289.7
 31
0.0
100
AcDbText
 73
2
  0
TEXT
  5
110D
330
CDE
100
AcDbEntity
 67
1
  8
E-TEKHAT-TABLO
100
AcDbText
 10
247.0
 20
289.7
 30
0.0
 40
1.8
  1
7
  7
GYM
 72
1
 11
247.0
 21
289.7
 31
0.0
100
AcDbText
 73
2
  0
TEXT
  5
110E
330
CDE
100
AcDbEntity
 67
1
  8
E-TEKHAT-TABLO
100
AcDbText
 10
273.0
 20
289.7
 30
0.0
 40
1.8
  1
8
  7
GYM
 72
1
 11
273.0
 21
289.7
 31
0.0
100
AcDbText
 73
2
  0
TEXT
  5
110F
330
CDE
100
AcDbEntity
 67
1
  8
E-TEKHAT-TABLO
100
AcDbText
 10
299.0
 20
289.7
 30
0.0
 40
1.8
  1
9
  7
GYM
 72
1
 11
299.0
 21
289.7
 31
0.0
100
AcDbText
 73
2
  0
TEXT
  5
1110
330
CDE
100
AcDbEntity
 67
1
  8
E-TEKHAT-TABLO
100
AcDbText
 10
325.0
 20
289.7
 30
0.0
 40
1.8
  1
10
  7
GYM
 72
1
 11
325.0
 21
289.7
 31
0.0
100
AcDbText
 73
2
  0
TEXT
  5
1111
330
CDE
100
AcDbEntity
 67
1
  8
E-TEKHAT-TABLO
100
AcDbText
 10
351.0
 20
289.7
 30
0.0
 40
1.8
  1
11
  7
GYM
 72
1
 11
351.0
 21
289.7
 31
0.0
100
AcDbText
 73
2
  0
TEXT
  5
1112
330
CDE
100
AcDbEntity
 67
1
  8
E-TEKHAT-TABLO
100
AcDbText
 10
377.0
 20
289.7
 30
0.0
 40
1.8
  1
12
  7
GYM
 72
1
 11
377.0
 21
289.7
 31
0.0
100
AcDbText
 73
2
  0
TEXT
  5
1113
330
CDE
100
AcDbEntity
 67
1
  8
E-TEKHAT-TABLO
100
AcDbText
 10
403.0
 20
289.7
 30
0.0
 40
1.8
  1
13
  7
GYM
 72
1
 11
403.0
 21
289.7
 31
0.0
100
AcDbText
 73
2
  0
TEXT
  5
1114
330
CDE
100
AcDbEntity
 67
1
  8
E-TEKHAT-TABLO
100
AcDbText
 10
429.0
 20
289.7
 30
0.0
 40
1.8
  1
14
  7
GYM
 72
1
 11
429.0
 21
289.7
 31
0.0
100
AcDbText
 73
2
  0
TEXT
  5
1115
330
CDE
100
AcDbEntity
 67
1
  8
E-TEKHAT-TABLO
100
AcDbText
 10
455.0
 20
289.7
 30
0.0
 40
1.8
  1
15
  7
GYM
 72
1
 11
455.0
 21
289.7
 31
0.0
100
AcDbText
 73
2
  0
TEXT
  5
1116
330
CDE
100
AcDbEntity
 67
1
  8
E-TEKHAT-TABLO
100
AcDbText
 10
481.0
 20
289.7
 30
0.0
 40
1.8
  1
16
  7
GYM
 72
1
 11
481.0
 21
289.7
 31
0.0
100
AcDbText
 73
2
  0
TEXT
  5
1117
330
CDE
100
AcDbEntity
 67
1
  8
E-TEKHAT-TABLO
100
AcDbText
 10
507.0
 20
289.7
 30
0.0
 40
1.8
  1
17
  7
GYM
 72
1
 11
507.0
 21
289.7
 31
0.0
100
AcDbText
 73
2
  0
TEXT
  5
1118
330
CDE
100
AcDbEntity
 67
1
  8
E-TEKHAT-TABLO
100
AcDbText
 10
533.0
 20
289.7
 30
0.0
 40
1.8
  1
18
  7
GYM
 72
1
 11
533.0
 21
289.7
 31
0.0
100
AcDbText
 73
2
  0
TEXT
  5
1119
330
CDE
100
AcDbEntity
 67
1
  8
E-TEKHAT-TABLO
100
AcDbText
 10
559.0
 20
289.7
 30
0.0
 40
1.8
  1
19
  7
GYM
 72
1
 11
559.0
 21
289.7
 31
0.0
100
AcDbText
 73
2
  0
TEXT
  5
111A
330
CDE
100
AcDbEntity
 67
1
  8
E-TEKHAT-TABLO
100
AcDbText
 10
585.0
 20
289.7
 30
0.0
 40
1.8
  1
20
  7
GYM
 72
1
 11
585.0
 21
289.7
 31
0.0
100
AcDbText
 73
2
  0
TEXT
  5
111B
330
CDE
100
AcDbEntity
 67
1
  8
E-TEKHAT-TABLO
100
AcDbText
 10
611.0
 20
289.7
 30
0.0
 40
1.8
  1
21
  7
GYM
 72
1
 11
611.0
 21
289.7
 31
0.0
100
AcDbText
 73
2
  0
TEXT
  5
111C
330
CDE
100
AcDbEntity
 67
1
  8
E-TEKHAT-TABLO
100
AcDbText
 10
637.0
 20
289.7
 30
0.0
 40
1.8
  1
22
  7
GYM
 72
1
 11
637.0
 21
289.7
 31
0.0
100
AcDbText
 73
2
  0
TEXT
  5
111D
330
CDE
100
AcDbEntity
 67
1
  8
E-TEKHAT-TABLO
100
AcDbText
 10
663.0
 20
289.7
 30
0.0
 40
1.8
  1
23
  7
GYM
 72
1
 11
663.0
 21
289.7
 31
0.0
100
AcDbText
 73
2
  0
TEXT
  5
111E
330
CDE
100
AcDbEntity
 67
1
  8
E-TEKHAT-TABLO
100
AcDbText
 10
689.0
 20
289.7
 30
0.0
 40
1.8
  1
24
  7
GYM
 72
1
 11
689.0
 21
289.7
 31
0.0
100
AcDbText
 73
2
  0
TEXT
  5
111F
330
CDE
100
AcDbEntity
 67
1
  8
E-TEKHAT-TABLO
100
AcDbText
 10
715.0
 20
289.7
 30
0.0
 40
1.8
  1
25
  7
GYM
 72
1
 11
715.0
 21
289.7
 31
0.0
100
AcDbText
 73
2
  0
TEXT
  5
1120
330
CDE
100
AcDbEntity
 67
1
  8
E-TEKHAT-TABLO
100
AcDbText
 10
741.0
 20
289.7
 30
0.0
 40
1.8
  1
26
  7
GYM
 72
1
 11
741.0
 21
289.7
 31
0.0
100
AcDbText
 73
2
  0
TEXT
  5
1121
330
CDE
100
AcDbEntity
 67
1
  8
E-TEKHAT-TABLO
100
AcDbText
 10
28.0
 20
281.1
 30
0.0
 40
2.0
  1
LİNYE / TANIM
  7
GYM-B
 11
28.0
 21
281.1
 31
0.0
100
AcDbText
 73
2
  0
TEXT
  5
1122
330
CDE
100
AcDbEntity
 67
1
  8
E-TEKHAT-TABLO
100
AcDbText
 10
91.0
 20
281.1
 30
0.0
 40
1.8
  1
L1
  7
GYM
 72
1
 11
91.0
 21
281.1
 31
0.0
100
AcDbText
 73
2
  0
TEXT
  5
1123
330
CDE
100
AcDbEntity
 67
1
  8
E-TEKHAT-TABLO
100
AcDbText
 10
117.0
 20
281.1
 30
0.0
 40
1.8
  1
L2
  7
GYM
 72
1
 11
117.0
 21
281.1
 31
0.0
100
AcDbText
 73
2
  0
TEXT
  5
1124
330
CDE
100
AcDbEntity
 67
1
  8
E-TEKHAT-TABLO
100
AcDbText
 10
143.0
 20
281.1
 30
0.0
 40
1.8
  1
L3
  7
GYM
 72
1
 11
143.0
 21
281.1
 31
0.0
100
AcDbText
 73
2
  0
TEXT
  5
1125
330
CDE
100
AcDbEntity
 67
1
  8
E-TEKHAT-TABLO
100
AcDbText
 10
169.0
 20
281.1
 30
0.0
 40
1.8
  1
L4
  7
GYM
 72
1
 11
169.0
 21
281.1
 31
0.0
100
AcDbText
 73
2
  0
TEXT
  5
1126
330
CDE
100
AcDbEntity
 67
1
  8
E-TEKHAT-TABLO
100
AcDbText
 10
195.0
 20
281.1
 30
0.0
 40
1.8
  1
L6
  7
GYM
 72
1
 11
195.0
 21
281.1
 31
0.0
100
AcDbText
 73
2
  0
TEXT
  5
1127
330
CDE
100
AcDbEntity
 67
1
  8
E-TEKHAT-TABLO
100
AcDbText
 10
221.0
 20
281.1
 30
0.0
 40
1.8
  1
P1
  7
GYM
 72
1
 11
221.0
 21
281.1
 31
0.0
100
AcDbText
 73
2
  0
TEXT
  5
1128
330
CDE
100
AcDbEntity
 67
1
  8
E-TEKHAT-TABLO
100
AcDbText
 10
247.0
 20
281.1
 30
0.0
 40
1.8
  1
P2
  7
GYM
 72
1
 11
247.0
 21
281.1
 31
0.0
100
AcDbText
 73
2
  0
TEXT
  5
1129
330
CDE
100
AcDbEntity
 67
1
  8
E-TEKHAT-TABLO
100
AcDbText
 10
273.0
 20
281.1
 30
0.0
 40
1.8
  1
P3
  7
GYM
 72
1
 11
273.0
 21
281.1
 31
0.0
100
AcDbText
 73
2
  0
TEXT
  5
112A
330
CDE
100
AcDbEntity
 67
1
  8
E-TEKHAT-TABLO
100
AcDbText
 10
299.0
 20
281.1
 30
0.0
 40
1.8
  1
P4
  7
GYM
 72
1
 11
299.0
 21
281.1
 31
0.0
100
AcDbText
 73
2
  0
TEXT
  5
112B
330
CDE
100
AcDbEntity
 67
1
  8
E-TEKHAT-TABLO
100
AcDbText
 10
325.0
 20
281.1
 30
0.0
 40
1.8
  1
P6
  7
GYM
 72
1
 11
325.0
 21
281.1
 31
0.0
100
AcDbText
 73
2
  0
TEXT
  5
112C
330
CDE
100
AcDbEntity
 67
1
  8
E-TEKHAT-TABLO
100
AcDbText
 10
351.0
 20
281.1
 30
0.0
 40
1.8
  1
Z1
  7
GYM
 72
1
 11
351.0
 21
281.1
 31
0.0
100
AcDbText
 73
2
  0
TEXT
  5
112D
330
CDE
100
AcDbEntity
 67
1
  8
E-TEKHAT-TABLO
100
AcDbText
 10
377.0
 20
281.1
 30
0.0
 40
1.8
  1
L5
  7
GYM
 72
1
 11
377.0
 21
281.1
 31
0.0
100
AcDbText
 73
2
  0
TEXT
  5
112E
330
CDE
100
AcDbEntity
 67
1
  8
E-TEKHAT-TABLO
100
AcDbText
 10
403.0
 20
281.1
 30
0.0
 40
1.8
  1
P5
  7
GYM
 72
1
 11
403.0
 21
281.1
 31
0.0
100
AcDbText
 73
2
  0
TEXT
  5
112F
330
CDE
100
AcDbEntity
 67
1
  8
E-TEKHAT-TABLO
100
AcDbText
 10
429.0
 20
281.1
 30
0.0
 40
1.8
  1
W1
  7
GYM
 72
1
 11
429.0
 21
281.1
 31
0.0
100
AcDbText
 73
2
  0
TEXT
  5
1130
330
CDE
100
AcDbEntity
 67
1
  8
E-TEKHAT-TABLO
100
AcDbText
 10
455.0
 20
281.1
 30
0.0
 40
1.8
  1
W2
  7
GYM
 72
1
 11
455.0
 21
281.1
 31
0.0
100
AcDbText
 73
2
  0
TEXT
  5
1131
330
CDE
100
AcDbEntity
 67
1
  8
E-TEKHAT-TABLO
100
AcDbText
 10
481.0
 20
281.1
 30
0.0
 40
1.8
  1
K1
  7
GYM
 72
1
 11
481.0
 21
281.1
 31
0.0
100
AcDbText
 73
2
  0
TEXT
  5
1132
330
CDE
100
AcDbEntity
 67
1
  8
E-TEKHAT-TABLO
100
AcDbText
 10
507.0
 20
281.1
 30
0.0
 40
1.8
  1
K2
  7
GYM
 72
1
 11
507.0
 21
281.1
 31
0.0
100
AcDbText
 73
2
  0
TEXT
  5
1133
330
CDE
100
AcDbEntity
 67
1
  8
E-TEKHAT-TABLO
100
AcDbText
 10
533.0
 20
281.1
 30
0.0
 40
1.8
  1
K3
  7
GYM
 72
1
 11
533.0
 21
281.1
 31
0.0
100
AcDbText
 73
2
  0
TEXT
  5
1134
330
CDE
100
AcDbEntity
 67
1
  8
E-TEKHAT-TABLO
100
AcDbText
 10
559.0
 20
281.1
 30
0.0
 40
1.8
  1
K4
  7
GYM
 72
1
 11
559.0
 21
281.1
 31
0.0
100
AcDbText
 73
2
  0
TEXT
  5
1135
330
CDE
100
AcDbEntity
 67
1
  8
E-TEKHAT-TABLO
100
AcDbText
 10
585.0
 20
281.1
 30
0.0
 40
1.8
  1
V1
  7
GYM
 72
1
 11
585.0
 21
281.1
 31
0.0
100
AcDbText
 73
2
  0
TEXT
  5
1136
330
CDE
100
AcDbEntity
 67
1
  8
E-TEKHAT-TABLO
100
AcDbText
 10
611.0
 20
281.1
 30
0.0
 40
1.8
  1
V2
  7
GYM
 72
1
 11
611.0
 21
281.1
 31
0.0
100
AcDbText
 73
2
  0
TEXT
  5
1137
330
CDE
100
AcDbEntity
 67
1
  8
E-TEKHAT-TABLO
100
AcDbText
 10
637.0
 20
281.1
 30
0.0
 40
1.8
  1
Z2
  7
GYM
 72
1
 11
637.0
 21
281.1
 31
0.0
100
AcDbText
 73
2
  0
TEXT
  5
1138
330
CDE
100
AcDbEntity
 67
1
  8
E-TEKHAT-TABLO
100
AcDbText
 10
663.0
 20
281.1
 30
0.0
 40
1.8
  1
-Q123
  7
GYM
 72
1
 11
663.0
 21
281.1
 31
0.0
100
AcDbText
 73
2
  0
TEXT
  5
1139
330
CDE
100
AcDbEntity
 67
1
  8
E-TEKHAT-TABLO
100
AcDbText
 10
689.0
 20
281.1
 30
0.0
 40
1.8
  1
-Q124
  7
GYM
 72
1
 11
689.0
 21
281.1
 31
0.0
100
AcDbText
 73
2
  0
TEXT
  5
113A
330
CDE
100
AcDbEntity
 67
1
  8
E-TEKHAT-TABLO
100
AcDbText
 10
715.0
 20
281.1
 30
0.0
 40
1.8
  1
-Q125
  7
GYM
 72
1
 11
715.0
 21
281.1
 31
0.0
100
AcDbText
 73
2
  0
TEXT
  5
113B
330
CDE
100
AcDbEntity
 67
1
  8
E-TEKHAT-TABLO
100
AcDbText
 10
741.0
 20
281.1
 30
0.0
 40
1.8
  1
-Q126
  7
GYM
 72
1
 11
741.0
 21
281.1
 31
0.0
100
AcDbText
 73
2
  0
TEXT
  5
113C
330
CDE
100
AcDbEntity
 67
1
  8
E-TEKHAT-TABLO
100
AcDbText
 10
28.0
 20
272.5
 30
0.0
 40
2.0
  1
MAHAL · YÜK
  7
GYM-B
 11
28.0
 21
272.5
 31
0.0
100
AcDbText
 73
2
  0
TEXT
  5
113D
330
CDE
100
AcDbEntity
 67
1
  8
E-TEKHAT-TABLO
100
AcDbText
 10
91.0
 20
274.4
 30
0.0
 40
1.5
  1
arena / serbest
  7
GYM
 72
1
 11
91.0
 21
274.4
 31
0.0
100
AcDbText
 73
2
  0
TEXT
  5
113E
330
CDE
100
AcDbEntity
 67
1
  8
E-TEKHAT-TABLO
100
AcDbText
 10
91.0
 20
270.6
 30
0.0
 40
1.5
  1
ağırlık
  7
GYM
 72
1
 11
91.0
 21
270.6
 31
0.0
100
AcDbText
 73
2
  0
TEXT
  5
113F
330
CDE
100
AcDbEntity
 67
1
  8
E-TEKHAT-TABLO
100
AcDbText
 10
117.0
 20
272.5
 30
0.0
 40
1.5
  1
fonksiyonel / kardiyo
  7
GYM
 72
1
 11
117.0
 21
272.5
 31
0.0
100
AcDbText
 73
2
  0
TEXT
  5
1140
330
CDE
100
AcDbEntity
 67
1
  8
E-TEKHAT-TABLO
100
AcDbText
 10
143.0
 20
272.5
 30
0.0
 40
1.5
  1
dinlenme salonu
  7
GYM
 72
1
 11
143.0
 21
272.5
 31
0.0
100
AcDbText
 73
2
  0
TEXT
  5
1141
330
CDE
100
AcDbEntity
 67
1
  8
E-TEKHAT-TABLO
100
AcDbText
 10
169.0
 20
272.5
 30
0.0
 40
1.5
  1
giriş / banko
  7
GYM
 72
1
 11
169.0
 21
272.5
 31
0.0
100
AcDbText
 73
2
  0
TEXT
  5
1142
330
CDE
100
AcDbEntity
 67
1
  8
E-TEKHAT-TABLO
100
AcDbText
 10
195.0
 20
274.4
 30
0.0
 40
1.5
  1
Acil aydınlatma ve
  7
GYM
 72
1
 11
195.0
 21
274.4
 31
0.0
100
AcDbText
 73
2
  0
TEXT
  5
1143
330
CDE
100
AcDbEntity
 67
1
  8
E-TEKHAT-TABLO
100
AcDbText
 10
195.0
 20
270.6
 30
0.0
 40
1.5
  1
yönlendirme
  7
GYM
 72
1
 11
195.0
 21
270.6
 31
0.0
100
AcDbText
 73
2
  0
TEXT
  5
1144
330
CDE
100
AcDbEntity
 67
1
  8
E-TEKHAT-TABLO
100
AcDbText
 10
221.0
 20
274.4
 30
0.0
 40
1.5
  1
salon kuzey
  7
GYM
 72
1
 11
221.0
 21
274.4
 31
0.0
100
AcDbText
 73
2
  0
TEXT
  5
1145
330
CDE
100
AcDbEntity
 67
1
  8
E-TEKHAT-TABLO
100
AcDbText
 10
221.0
 20
270.6
 30
0.0
 40
1.5
  1
(PR12–PR16, PR1)
  7
GYM
 72
1
 11
221.0
 21
270.6
 31
0.0
100
AcDbText
 73
2
  0
TEXT
  5
1146
330
CDE
100
AcDbEntity
 67
1
  8
E-TEKHAT-TABLO
100
AcDbText
 10
247.0
 20
272.5
 30
0.0
 40
1.5
  1
salon güney (PR5–PR9)
  7
GYM
 72
1
 11
247.0
 21
272.5
 31
0.0
100
AcDbText
 73
2
  0
TEXT
  5
1147
330
CDE
100
AcDbEntity
 67
1
  8
E-TEKHAT-TABLO
100
AcDbText
 10
273.0
 20
272.5
 30
0.0
 40
1.5
  1
banko, POS, veri
  7
GYM
 72
1
 11
273.0
 21
272.5
 31
0.0
100
AcDbText
 73
2
  0
TEXT
  5
1148
330
CDE
100
AcDbEntity
 67
1
  8
E-TEKHAT-TABLO
100
AcDbText
 10
299.0
 20
274.4
 30
0.0
 40
1.5
  1
kardiyo ekipmanı (ayrı
  7
GYM
 72
1
 11
299.0
 21
274.4
 31
0.0
100
AcDbText
 73
2
  0
TEXT
  5
1149
330
CDE
100
AcDbEntity
 67
1
  8
E-TEKHAT-TABLO
100
AcDbText
 10
299.0
 20
270.6
 30
0.0
 40
1.5
  1
linye)
  7
GYM
 72
1
 11
299.0
 21
270.6
 31
0.0
100
AcDbText
 73
2
  0
TEXT
  5
114A
330
CDE
100
AcDbEntity
 67
1
  8
E-TEKHAT-TABLO
100
AcDbText
 10
325.0
 20
274.4
 30
0.0
 40
1.5
  1
salon batı ve doğu
  7
GYM
 72
1
 11
325.0
 21
274.4
 31
0.0
100
AcDbText
 73
2
  0
TEXT
  5
114B
330
CDE
100
AcDbEntity
 67
1
  8
E-TEKHAT-TABLO
100
AcDbText
 10
325.0
 20
270.6
 30
0.0
 40
1.5
  1
(PR2–PR4, PR10, PR1
  7
GYM
 72
1
 11
325.0
 21
270.6
 31
0.0
100
AcDbText
 73
2
  0
TEXT
  5
114C
330
CDE
100
AcDbEntity
 67
1
  8
E-TEKHAT-TABLO
100
AcDbText
 10
351.0
 20
274.4
 30
0.0
 40
1.5
  1
rack, CCTV, ses, geçiş
  7
GYM
 72
1
 11
351.0
 21
274.4
 31
0.0
100
AcDbText
 73
2
  0
TEXT
  5
114D
330
CDE
100
AcDbEntity
 67
1
  8
E-TEKHAT-TABLO
100
AcDbText
 10
351.0
 20
270.6
 30
0.0
 40
1.5
  1
kontrol
  7
GYM
 72
1
 11
351.0
 21
270.6
 31
0.0
100
AcDbText
 73
2
  0
TEXT
  5
114E
330
CDE
100
AcDbEntity
 67
1
  8
E-TEKHAT-TABLO
100
AcDbText
 10
377.0
 20
272.5
 30
0.0
 40
1.5
  1
ıslak hacim (IP44)
  7
GYM
 72
1
 11
377.0
 21
272.5
 31
0.0
100
AcDbText
 73
2
  0
TEXT
  5
114F
330
CDE
100
AcDbEntity
 67
1
  8
E-TEKHAT-TABLO
100
AcDbText
 10
403.0
 20
274.4
 30
0.0
 40
1.5
  1
ıslak hacim IP44 (ayrı
  7
GYM
 72
1
 11
403.0
 21
274.4
 31
0.0
100
AcDbText
 73
2
  0
TEXT
  5
1150
330
CDE
100
AcDbEntity
 67
1
  8
E-TEKHAT-TABLO
100
AcDbText
 10
403.0
 20
270.6
 30
0.0
 40
1.5
  1
kaçak akım)
  7
GYM
 72
1
 11
403.0
 21
270.6
 31
0.0
100
AcDbText
 73
2
  0
TEXT
  5
1151
330
CDE
100
AcDbEntity
 67
1
  8
E-TEKHAT-TABLO
100
AcDbText
 10
429.0
 20
274.4
 30
0.0
 40
1.5
  1
erkek bloğu, boyler 3
  7
GYM
 72
1
 11
429.0
 21
274.4
 31
0.0
100
AcDbText
 73
2
  0
TEXT
  5
1152
330
CDE
100
AcDbEntity
 67
1
  8
E-TEKHAT-TABLO
100
AcDbText
 10
429.0
 20
270.6
 30
0.0
 40
1.5
  1
kW
  7
GYM
 72
1
 11
429.0
 21
270.6
 31
0.0
100
AcDbText
 73
2
  0
TEXT
  5
1153
330
CDE
100
AcDbEntity
 67
1
  8
E-TEKHAT-TABLO
100
AcDbText
 10
455.0
 20
274.4
 30
0.0
 40
1.5
  1
kadın bloğu, boyler 3
  7
GYM
 72
1
 11
455.0
 21
274.4
 31
0.0
100
AcDbText
 73
2
  0
TEXT
  5
1154
330
CDE
100
AcDbEntity
 67
1
  8
E-TEKHAT-TABLO
100
AcDbText
 10
455.0
 20
270.6
 30
0.0
 40
1.5
  1
kW
  7
GYM
 72
1
 11
455.0
 21
270.6
 31
0.0
100
AcDbText
 73
2
  0
TEXT
  5
1155
330
CDE
100
AcDbEntity
 67
1
  8
E-TEKHAT-TABLO
100
AcDbText
 10
481.0
 20
272.5
 30
0.0
 40
1.5
  1
arena 24.000 BTU
  7
GYM
 72
1
 11
481.0
 21
272.5
 31
0.0
100
AcDbText
 73
2
  0
TEXT
  5
1156
330
CDE
100
AcDbEntity
 67
1
  8
E-TEKHAT-TABLO
100
AcDbText
 10
507.0
 20
272.5
 30
0.0
 40
1.5
  1
fonksiyonel 18.000 BTU
  7
GYM
 72
1
 11
507.0
 21
272.5
 31
0.0
100
AcDbText
 73
2
  0
TEXT
  5
1157
330
CDE
100
AcDbEntity
 67
1
  8
E-TEKHAT-TABLO
100
AcDbText
 10
533.0
 20
272.5
 30
0.0
 40
1.5
  1
giriş 12.000 BTU
  7
GYM
 72
1
 11
533.0
 21
272.5
 31
0.0
100
AcDbText
 73
2
  0
TEXT
  5
1158
330
CDE
100
AcDbEntity
 67
1
  8
E-TEKHAT-TABLO
100
AcDbText
 10
559.0
 20
272.5
 30
0.0
 40
1.5
  1
dinlenme 12.000 BTU
  7
GYM
 72
1
 11
559.0
 21
272.5
 31
0.0
100
AcDbText
 73
2
  0
TEXT
  5
1159
330
CDE
100
AcDbEntity
 67
1
  8
E-TEKHAT-TABLO
100
AcDbText
 10
585.0
 20
272.5
 30
0.0
 40
1.5
  1
taze hava + egzoz fanı
  7
GYM
 72
1
 11
585.0
 21
272.5
 31
0.0
100
AcDbText
 73
2
  0
TEXT
  5
115A
330
CDE
100
AcDbEntity
 67
1
  8
E-TEKHAT-TABLO
100
AcDbText
 10
611.0
 20
272.5
 30
0.0
 40
1.5
  1
Islak hacim egzoz fanı
  7
GYM
 72
1
 11
611.0
 21
272.5
 31
0.0
100
AcDbText
 73
2
  0
TEXT
  5
115B
330
CDE
100
AcDbEntity
 67
1
  8
E-TEKHAT-TABLO
100
AcDbText
 10
637.0
 20
274.4
 30
0.0
 40
1.5
  1
Yangın algılama paneli
  7
GYM
 72
1
 11
637.0
 21
274.4
 31
0.0
100
AcDbText
 73
2
  0
TEXT
  5
115C
330
CDE
100
AcDbEntity
 67
1
  8
E-TEKHAT-TABLO
100
AcDbText
 10
637.0
 20
270.6
 30
0.0
 40
1.5
  1
(kesintisiz)
  7
GYM
 72
1
 11
637.0
 21
270.6
 31
0.0
100
AcDbText
 73
2
  0
TEXT
  5
115D
330
CDE
100
AcDbEntity
 67
1
  8
E-TEKHAT-TABLO
100
AcDbText
 10
663.0
 20
272.5
 30
0.0
 40
1.8
  1
YEDEK
  7
GYM
 72
1
 11
663.0
 21
272.5
 31
0.0
100
AcDbText
 73
2
  0
TEXT
  5
115E
330
CDE
100
AcDbEntity
 67
1
  8
E-TEKHAT-TABLO
100
AcDbText
 10
689.0
 20
272.5
 30
0.0
 40
1.8
  1
YEDEK
  7
GYM
 72
1
 11
689.0
 21
272.5
 31
0.0
100
AcDbText
 73
2
  0
TEXT
  5
115F
330
CDE
100
AcDbEntity
 67
1
  8
E-TEKHAT-TABLO
100
AcDbText
 10
715.0
 20
272.5
 30
0.0
 40
1.8
  1
YEDEK
  7
GYM
 72
1
 11
715.0
 21
272.5
 31
0.0
100
AcDbText
 73
2
  0
TEXT
  5
1160
330
CDE
100
AcDbEntity
 67
1
  8
E-TEKHAT-TABLO
100
AcDbText
 10
741.0
 20
272.5
 30
0.0
 40
1.8
  1
YEDEK
  7
GYM
 72
1
 11
741.0
 21
272.5
 31
0.0
100
AcDbText
 73
2
  0
TEXT
  5
1161
330
CDE
100
AcDbEntity
 67
1
  8
E-TEKHAT-TABLO
100
AcDbText
 10
28.0
 20
263.9
 30
0.0
 40
2.0
  1
FAZ
  7
GYM-B
 11
28.0
 21
263.9
 31
0.0
100
AcDbText
 73
2
  0
TEXT
  5
1162
330
CDE
100
AcDbEntity
 67
1
  8
E-TEKHAT-TABLO
100
AcDbText
 10
91.0
 20
263.9
 30
0.0
 40
1.8
  1
L2
  7
GYM
 72
1
 11
91.0
 21
263.9
 31
0.0
100
AcDbText
 73
2
  0
TEXT
  5
1163
330
CDE
100
AcDbEntity
 67
1
  8
E-TEKHAT-TABLO
100
AcDbText
 10
117.0
 20
263.9
 30
0.0
 40
1.8
  1
L3
  7
GYM
 72
1
 11
117.0
 21
263.9
 31
0.0
100
AcDbText
 73
2
  0
TEXT
  5
1164
330
CDE
100
AcDbEntity
 67
1
  8
E-TEKHAT-TABLO
100
AcDbText
 10
143.0
 20
263.9
 30
0.0
 40
1.8
  1
L1
  7
GYM
 72
1
 11
143.0
 21
263.9
 31
0.0
100
AcDbText
 73
2
  0
TEXT
  5
1165
330
CDE
100
AcDbEntity
 67
1
  8
E-TEKHAT-TABLO
100
AcDbText
 10
169.0
 20
263.9
 30
0.0
 40
1.8
  1
L3
  7
GYM
 72
1
 11
169.0
 21
263.9
 31
0.0
100
AcDbText
 73
2
  0
TEXT
  5
1166
330
CDE
100
AcDbEntity
 67
1
  8
E-TEKHAT-TABLO
100
AcDbText
 10
195.0
 20
263.9
 30
0.0
 40
1.8
  1
L2
  7
GYM
 72
1
 11
195.0
 21
263.9
 31
0.0
100
AcDbText
 73
2
  0
TEXT
  5
1167
330
CDE
100
AcDbEntity
 67
1
  8
E-TEKHAT-TABLO
100
AcDbText
 10
221.0
 20
263.9
 30
0.0
 40
1.8
  1
L1
  7
GYM
 72
1
 11
221.0
 21
263.9
 31
0.0
100
AcDbText
 73
2
  0
TEXT
  5
1168
330
CDE
100
AcDbEntity
 67
1
  8
E-TEKHAT-TABLO
100
AcDbText
 10
247.0
 20
263.9
 30
0.0
 40
1.8
  1
L3
  7
GYM
 72
1
 11
247.0
 21
263.9
 31
0.0
100
AcDbText
 73
2
  0
TEXT
  5
1169
330
CDE
100
AcDbEntity
 67
1
  8
E-TEKHAT-TABLO
100
AcDbText
 10
273.0
 20
263.9
 30
0.0
 40
1.8
  1
L2
  7
GYM
 72
1
 11
273.0
 21
263.9
 31
0.0
100
AcDbText
 73
2
  0
TEXT
  5
116A
330
CDE
100
AcDbEntity
 67
1
  8
E-TEKHAT-TABLO
100
AcDbText
 10
299.0
 20
263.9
 30
0.0
 40
1.8
  1
L1
  7
GYM
 72
1
 11
299.0
 21
263.9
 31
0.0
100
AcDbText
 73
2
  0
TEXT
  5
116B
330
CDE
100
AcDbEntity
 67
1
  8
E-TEKHAT-TABLO
100
AcDbText
 10
325.0
 20
263.9
 30
0.0
 40
1.8
  1
L1
  7
GYM
 72
1
 11
325.0
 21
263.9
 31
0.0
100
AcDbText
 73
2
  0
TEXT
  5
116C
330
CDE
100
AcDbEntity
 67
1
  8
E-TEKHAT-TABLO
100
AcDbText
 10
351.0
 20
263.9
 30
0.0
 40
1.8
  1
L3
  7
GYM
 72
1
 11
351.0
 21
263.9
 31
0.0
100
AcDbText
 73
2
  0
TEXT
  5
116D
330
CDE
100
AcDbEntity
 67
1
  8
E-TEKHAT-TABLO
100
AcDbText
 10
377.0
 20
263.9
 30
0.0
 40
1.8
  1
L1
  7
GYM
 72
1
 11
377.0
 21
263.9
 31
0.0
100
AcDbText
 73
2
  0
TEXT
  5
116E
330
CDE
100
AcDbEntity
 67
1
  8
E-TEKHAT-TABLO
100
AcDbText
 10
403.0
 20
263.9
 30
0.0
 40
1.8
  1
L3
  7
GYM
 72
1
 11
403.0
 21
263.9
 31
0.0
100
AcDbText
 73
2
  0
TEXT
  5
116F
330
CDE
100
AcDbEntity
 67
1
  8
E-TEKHAT-TABLO
100
AcDbText
 10
429.0
 20
263.9
 30
0.0
 40
1.8
  1
L3
  7
GYM
 72
1
 11
429.0
 21
263.9
 31
0.0
100
AcDbText
 73
2
  0
TEXT
  5
1170
330
CDE
100
AcDbEntity
 67
1
  8
E-TEKHAT-TABLO
100
AcDbText
 10
455.0
 20
263.9
 30
0.0
 40
1.8
  1
L3
  7
GYM
 72
1
 11
455.0
 21
263.9
 31
0.0
100
AcDbText
 73
2
  0
TEXT
  5
1171
330
CDE
100
AcDbEntity
 67
1
  8
E-TEKHAT-TABLO
100
AcDbText
 10
481.0
 20
263.9
 30
0.0
 40
1.8
  1
L2
  7
GYM
 72
1
 11
481.0
 21
263.9
 31
0.0
100
AcDbText
 73
2
  0
TEXT
  5
1172
330
CDE
100
AcDbEntity
 67
1
  8
E-TEKHAT-TABLO
100
AcDbText
 10
507.0
 20
263.9
 30
0.0
 40
1.8
  1
L2
  7
GYM
 72
1
 11
507.0
 21
263.9
 31
0.0
100
AcDbText
 73
2
  0
TEXT
  5
1173
330
CDE
100
AcDbEntity
 67
1
  8
E-TEKHAT-TABLO
100
AcDbText
 10
533.0
 20
263.9
 30
0.0
 40
1.8
  1
L1
  7
GYM
 72
1
 11
533.0
 21
263.9
 31
0.0
100
AcDbText
 73
2
  0
TEXT
  5
1174
330
CDE
100
AcDbEntity
 67
1
  8
E-TEKHAT-TABLO
100
AcDbText
 10
559.0
 20
263.9
 30
0.0
 40
1.8
  1
L1
  7
GYM
 72
1
 11
559.0
 21
263.9
 31
0.0
100
AcDbText
 73
2
  0
TEXT
  5
1175
330
CDE
100
AcDbEntity
 67
1
  8
E-TEKHAT-TABLO
100
AcDbText
 10
585.0
 20
263.9
 30
0.0
 40
1.8
  1
L2
  7
GYM
 72
1
 11
585.0
 21
263.9
 31
0.0
100
AcDbText
 73
2
  0
TEXT
  5
1176
330
CDE
100
AcDbEntity
 67
1
  8
E-TEKHAT-TABLO
100
AcDbText
 10
611.0
 20
263.9
 30
0.0
 40
1.8
  1
L2
  7
GYM
 72
1
 11
611.0
 21
263.9
 31
0.0
100
AcDbText
 73
2
  0
TEXT
  5
1177
330
CDE
100
AcDbEntity
 67
1
  8
E-TEKHAT-TABLO
100
AcDbText
 10
637.0
 20
263.9
 30
0.0
 40
1.8
  1
L1
  7
GYM
 72
1
 11
637.0
 21
263.9
 31
0.0
100
AcDbText
 73
2
  0
TEXT
  5
1178
330
CDE
100
AcDbEntity
 67
1
  8
E-TEKHAT-TABLO
100
AcDbText
 10
663.0
 20
263.9
 30
0.0
 40
1.8
  1
—
  7
GYM
 72
1
 11
663.0
 21
263.9
 31
0.0
100
AcDbText
 73
2
  0
TEXT
  5
1179
330
CDE
100
AcDbEntity
 67
1
  8
E-TEKHAT-TABLO
100
AcDbText
 10
689.0
 20
263.9
 30
0.0
 40
1.8
  1
—
  7
GYM
 72
1
 11
689.0
 21
263.9
 31
0.0
100
AcDbText
 73
2
  0
TEXT
  5
117A
330
CDE
100
AcDbEntity
 67
1
  8
E-TEKHAT-TABLO
100
AcDbText
 10
715.0
 20
263.9
 30
0.0
 40
1.8
  1
—
  7
GYM
 72
1
 11
715.0
 21
263.9
 31
0.0
100
AcDbText
 73
2
  0
TEXT
  5
117B
330
CDE
100
AcDbEntity
 67
1
  8
E-TEKHAT-TABLO
100
AcDbText
 10
741.0
 20
263.9
 30
0.0
 40
1.8
  1
—
  7
GYM
 72
1
 11
741.0
 21
263.9
 31
0.0
100
AcDbText
 73
2
  0
TEXT
  5
117C
330
CDE
100
AcDbEntity
 67
1
  8
E-TEKHAT-TABLO
100
AcDbText
 10
28.0
 20
255.3
 30
0.0
 40
2.0
  1
KORUMA
  7
GYM-B
 11
28.0
 21
255.3
 31
0.0
100
AcDbText
 73
2
  0
TEXT
  5
117D
330
CDE
100
AcDbEntity
 67
1
  8
E-TEKHAT-TABLO
100
AcDbText
 10
91.0
 20
255.3
 30
0.0
 40
1.5
  1
MCB 1×10 A · C
  7
GYM
 72
1
 11
91.0
 21
255.3
 31
0.0
100
AcDbText
 73
2
  0
TEXT
  5
117E
330
CDE
100
AcDbEntity
 67
1
  8
E-TEKHAT-TABLO
100
AcDbText
 10
117.0
 20
255.3
 30
0.0
 40
1.5
  1
MCB 1×10 A · C
  7
GYM
 72
1
 11
117.0
 21
255.3
 31
0.0
100
AcDbText
 73
2
  0
TEXT
  5
117F
330
CDE
100
AcDbEntity
 67
1
  8
E-TEKHAT-TABLO
100
AcDbText
 10
143.0
 20
255.3
 30
0.0
 40
1.5
  1
MCB 1×10 A · C
  7
GYM
 72
1
 11
143.0
 21
255.3
 31
0.0
100
AcDbText
 73
2
  0
TEXT
  5
1180
330
CDE
100
AcDbEntity
 67
1
  8
E-TEKHAT-TABLO
100
AcDbText
 10
169.0
 20
255.3
 30
0.0
 40
1.5
  1
MCB 1×10 A · C
  7
GYM
 72
1
 11
169.0
 21
255.3
 31
0.0
100
AcDbText
 73
2
  0
TEXT
  5
1181
330
CDE
100
AcDbEntity
 67
1
  8
E-TEKHAT-TABLO
100
AcDbText
 10
195.0
 20
255.3
 30
0.0
 40
1.5
  1
MCB 1×6 A · C
  7
GYM
 72
1
 11
195.0
 21
255.3
 31
0.0
100
AcDbText
 73
2
  0
TEXT
  5
1182
330
CDE
100
AcDbEntity
 67
1
  8
E-TEKHAT-TABLO
100
AcDbText
 10
221.0
 20
255.3
 30
0.0
 40
1.5
  1
MCB 1×16 A · C
  7
GYM
 72
1
 11
221.0
 21
255.3
 31
0.0
100
AcDbText
 73
2
  0
TEXT
  5
1183
330
CDE
100
AcDbEntity
 67
1
  8
E-TEKHAT-TABLO
100
AcDbText
 10
247.0
 20
255.3
 30
0.0
 40
1.5
  1
MCB 1×16 A · C
  7
GYM
 72
1
 11
247.0
 21
255.3
 31
0.0
100
AcDbText
 73
2
  0
TEXT
  5
1184
330
CDE
100
AcDbEntity
 67
1
  8
E-TEKHAT-TABLO
100
AcDbText
 10
273.0
 20
255.3
 30
0.0
 40
1.5
  1
MCB 1×16 A · C
  7
GYM
 72
1
 11
273.0
 21
255.3
 31
0.0
100
AcDbText
 73
2
  0
TEXT
  5
1185
330
CDE
100
AcDbEntity
 67
1
  8
E-TEKHAT-TABLO
100
AcDbText
 10
299.0
 20
255.3
 30
0.0
 40
1.5
  1
MCB 1×16 A · C
  7
GYM
 72
1
 11
299.0
 21
255.3
 31
0.0
100
AcDbText
 73
2
  0
TEXT
  5
1186
330
CDE
100
AcDbEntity
 67
1
  8
E-TEKHAT-TABLO
100
AcDbText
 10
325.0
 20
255.3
 30
0.0
 40
1.5
  1
MCB 1×16 A · C
  7
GYM
 72
1
 11
325.0
 21
255.3
 31
0.0
100
AcDbText
 73
2
  0
TEXT
  5
1187
330
CDE
100
AcDbEntity
 67
1
  8
E-TEKHAT-TABLO
100
AcDbText
 10
351.0
 20
255.3
 30
0.0
 40
1.5
  1
MCB 1×10 A · C
  7
GYM
 72
1
 11
351.0
 21
255.3
 31
0.0
100
AcDbText
 73
2
  0
TEXT
  5
1188
330
CDE
100
AcDbEntity
 67
1
  8
E-TEKHAT-TABLO
100
AcDbText
 10
377.0
 20
255.3
 30
0.0
 40
1.5
  1
MCB 1×10 A · C
  7
GYM
 72
1
 11
377.0
 21
255.3
 31
0.0
100
AcDbText
 73
2
  0
TEXT
  5
1189
330
CDE
100
AcDbEntity
 67
1
  8
E-TEKHAT-TABLO
100
AcDbText
 10
403.0
 20
255.3
 30
0.0
 40
1.5
  1
MCB 1×16 A · C
  7
GYM
 72
1
 11
403.0
 21
255.3
 31
0.0
100
AcDbText
 73
2
  0
TEXT
  5
118A
330
CDE
100
AcDbEntity
 67
1
  8
E-TEKHAT-TABLO
100
AcDbText
 10
429.0
 20
255.3
 30
0.0
 40
1.5
  1
MCB 1×20 A · C
  7
GYM
 72
1
 11
429.0
 21
255.3
 31
0.0
100
AcDbText
 73
2
  0
TEXT
  5
118B
330
CDE
100
AcDbEntity
 67
1
  8
E-TEKHAT-TABLO
100
AcDbText
 10
455.0
 20
255.3
 30
0.0
 40
1.5
  1
MCB 1×20 A · C
  7
GYM
 72
1
 11
455.0
 21
255.3
 31
0.0
100
AcDbText
 73
2
  0
TEXT
  5
118C
330
CDE
100
AcDbEntity
 67
1
  8
E-TEKHAT-TABLO
100
AcDbText
 10
481.0
 20
255.3
 30
0.0
 40
1.5
  1
MCB 1×16 A · C
  7
GYM
 72
1
 11
481.0
 21
255.3
 31
0.0
100
AcDbText
 73
2
  0
TEXT
  5
118D
330
CDE
100
AcDbEntity
 67
1
  8
E-TEKHAT-TABLO
100
AcDbText
 10
507.0
 20
255.3
 30
0.0
 40
1.5
  1
MCB 1×16 A · C
  7
GYM
 72
1
 11
507.0
 21
255.3
 31
0.0
100
AcDbText
 73
2
  0
TEXT
  5
118E
330
CDE
100
AcDbEntity
 67
1
  8
E-TEKHAT-TABLO
100
AcDbText
 10
533.0
 20
255.3
 30
0.0
 40
1.5
  1
MCB 1×16 A · C
  7
GYM
 72
1
 11
533.0
 21
255.3
 31
0.0
100
AcDbText
 73
2
  0
TEXT
  5
118F
330
CDE
100
AcDbEntity
 67
1
  8
E-TEKHAT-TABLO
100
AcDbText
 10
559.0
 20
255.3
 30
0.0
 40
1.5
  1
MCB 1×16 A · C
  7
GYM
 72
1
 11
559.0
 21
255.3
 31
0.0
100
AcDbText
 73
2
  0
TEXT
  5
1190
330
CDE
100
AcDbEntity
 67
1
  8
E-TEKHAT-TABLO
100
AcDbText
 10
585.0
 20
255.3
 30
0.0
 40
1.5
  1
MCB 1×10 A · C
  7
GYM
 72
1
 11
585.0
 21
255.3
 31
0.0
100
AcDbText
 73
2
  0
TEXT
  5
1191
330
CDE
100
AcDbEntity
 67
1
  8
E-TEKHAT-TABLO
100
AcDbText
 10
611.0
 20
255.3
 30
0.0
 40
1.5
  1
MCB 1×6 A · C
  7
GYM
 72
1
 11
611.0
 21
255.3
 31
0.0
100
AcDbText
 73
2
  0
TEXT
  5
1192
330
CDE
100
AcDbEntity
 67
1
  8
E-TEKHAT-TABLO
100
AcDbText
 10
637.0
 20
255.3
 30
0.0
 40
1.5
  1
MCB 1×6 A · C
  7
GYM
 72
1
 11
637.0
 21
255.3
 31
0.0
100
AcDbText
 73
2
  0
TEXT
  5
1193
330
CDE
100
AcDbEntity
 67
1
  8
E-TEKHAT-TABLO
100
AcDbText
 10
663.0
 20
255.3
 30
0.0
 40
1.5
  1
MCB 1×16 A · C
  7
GYM
 72
1
 11
663.0
 21
255.3
 31
0.0
100
AcDbText
 73
2
  0
TEXT
  5
1194
330
CDE
100
AcDbEntity
 67
1
  8
E-TEKHAT-TABLO
100
AcDbText
 10
689.0
 20
255.3
 30
0.0
 40
1.5
  1
MCB 1×16 A · C
  7
GYM
 72
1
 11
689.0
 21
255.3
 31
0.0
100
AcDbText
 73
2
  0
TEXT
  5
1195
330
CDE
100
AcDbEntity
 67
1
  8
E-TEKHAT-TABLO
100
AcDbText
 10
715.0
 20
255.3
 30
0.0
 40
1.5
  1
MCB 1×16 A · C
  7
GYM
 72
1
 11
715.0
 21
255.3
 31
0.0
100
AcDbText
 73
2
  0
TEXT
  5
1196
330
CDE
100
AcDbEntity
 67
1
  8
E-TEKHAT-TABLO
100
AcDbText
 10
741.0
 20
255.3
 30
0.0
 40
1.5
  1
MCB 1×16 A · C
  7
GYM
 72
1
 11
741.0
 21
255.3
 31
0.0
100
AcDbText
 73
2
  0
TEXT
  5
1197
330
CDE
100
AcDbEntity
 67
1
  8
E-TEKHAT-TABLO
100
AcDbText
 10
28.0
 20
246.7
 30
0.0
 40
2.0
  1
KESME KAP.
  7
GYM-B
 11
28.0
 21
246.7
 31
0.0
100
AcDbText
 73
2
  0
TEXT
  5
1198
330
CDE
100
AcDbEntity
 67
1
  8
E-TEKHAT-TABLO
100
AcDbText
 10
91.0
 20
246.7
 30
0.0
 40
1.8
  1
6 kA
  7
GYM
 72
1
 11
91.0
 21
246.7
 31
0.0
100
AcDbText
 73
2
  0
TEXT
  5
1199
330
CDE
100
AcDbEntity
 67
1
  8
E-TEKHAT-TABLO
100
AcDbText
 10
117.0
 20
246.7
 30
0.0
 40
1.8
  1
6 kA
  7
GYM
 72
1
 11
117.0
 21
246.7
 31
0.0
100
AcDbText
 73
2
  0
TEXT
  5
119A
330
CDE
100
AcDbEntity
 67
1
  8
E-TEKHAT-TABLO
100
AcDbText
 10
143.0
 20
246.7
 30
0.0
 40
1.8
  1
6 kA
  7
GYM
 72
1
 11
143.0
 21
246.7
 31
0.0
100
AcDbText
 73
2
  0
TEXT
  5
119B
330
CDE
100
AcDbEntity
 67
1
  8
E-TEKHAT-TABLO
100
AcDbText
 10
169.0
 20
246.7
 30
0.0
 40
1.8
  1
6 kA
  7
GYM
 72
1
 11
169.0
 21
246.7
 31
0.0
100
AcDbText
 73
2
  0
TEXT
  5
119C
330
CDE
100
AcDbEntity
 67
1
  8
E-TEKHAT-TABLO
100
AcDbText
 10
195.0
 20
246.7
 30
0.0
 40
1.8
  1
6 kA
  7
GYM
 72
1
 11
195.0
 21
246.7
 31
0.0
100
AcDbText
 73
2
  0
TEXT
  5
119D
330
CDE
100
AcDbEntity
 67
1
  8
E-TEKHAT-TABLO
100
AcDbText
 10
221.0
 20
246.7
 30
0.0
 40
1.8
  1
6 kA
  7
GYM
 72
1
 11
221.0
 21
246.7
 31
0.0
100
AcDbText
 73
2
  0
TEXT
  5
119E
330
CDE
100
AcDbEntity
 67
1
  8
E-TEKHAT-TABLO
100
AcDbText
 10
247.0
 20
246.7
 30
0.0
 40
1.8
  1
6 kA
  7
GYM
 72
1
 11
247.0
 21
246.7
 31
0.0
100
AcDbText
 73
2
  0
TEXT
  5
119F
330
CDE
100
AcDbEntity
 67
1
  8
E-TEKHAT-TABLO
100
AcDbText
 10
273.0
 20
246.7
 30
0.0
 40
1.8
  1
6 kA
  7
GYM
 72
1
 11
273.0
 21
246.7
 31
0.0
100
AcDbText
 73
2
  0
TEXT
  5
11A0
330
CDE
100
AcDbEntity
 67
1
  8
E-TEKHAT-TABLO
100
AcDbText
 10
299.0
 20
246.7
 30
0.0
 40
1.8
  1
6 kA
  7
GYM
 72
1
 11
299.0
 21
246.7
 31
0.0
100
AcDbText
 73
2
  0
TEXT
  5
11A1
330
CDE
100
AcDbEntity
 67
1
  8
E-TEKHAT-TABLO
100
AcDbText
 10
325.0
 20
246.7
 30
0.0
 40
1.8
  1
6 kA
  7
GYM
 72
1
 11
325.0
 21
246.7
 31
0.0
100
AcDbText
 73
2
  0
TEXT
  5
11A2
330
CDE
100
AcDbEntity
 67
1
  8
E-TEKHAT-TABLO
100
AcDbText
 10
351.0
 20
246.7
 30
0.0
 40
1.8
  1
6 kA
  7
GYM
 72
1
 11
351.0
 21
246.7
 31
0.0
100
AcDbText
 73
2
  0
TEXT
  5
11A3
330
CDE
100
AcDbEntity
 67
1
  8
E-TEKHAT-TABLO
100
AcDbText
 10
377.0
 20
246.7
 30
0.0
 40
1.8
  1
6 kA
  7
GYM
 72
1
 11
377.0
 21
246.7
 31
0.0
100
AcDbText
 73
2
  0
TEXT
  5
11A4
330
CDE
100
AcDbEntity
 67
1
  8
E-TEKHAT-TABLO
100
AcDbText
 10
403.0
 20
246.7
 30
0.0
 40
1.8
  1
6 kA
  7
GYM
 72
1
 11
403.0
 21
246.7
 31
0.0
100
AcDbText
 73
2
  0
TEXT
  5
11A5
330
CDE
100
AcDbEntity
 67
1
  8
E-TEKHAT-TABLO
100
AcDbText
 10
429.0
 20
246.7
 30
0.0
 40
1.8
  1
6 kA
  7
GYM
 72
1
 11
429.0
 21
246.7
 31
0.0
100
AcDbText
 73
2
  0
TEXT
  5
11A6
330
CDE
100
AcDbEntity
 67
1
  8
E-TEKHAT-TABLO
100
AcDbText
 10
455.0
 20
246.7
 30
0.0
 40
1.8
  1
6 kA
  7
GYM
 72
1
 11
455.0
 21
246.7
 31
0.0
100
AcDbText
 73
2
  0
TEXT
  5
11A7
330
CDE
100
AcDbEntity
 67
1
  8
E-TEKHAT-TABLO
100
AcDbText
 10
481.0
 20
246.7
 30
0.0
 40
1.8
  1
6 kA
  7
GYM
 72
1
 11
481.0
 21
246.7
 31
0.0
100
AcDbText
 73
2
  0
TEXT
  5
11A8
330
CDE
100
AcDbEntity
 67
1
  8
E-TEKHAT-TABLO
100
AcDbText
 10
507.0
 20
246.7
 30
0.0
 40
1.8
  1
6 kA
  7
GYM
 72
1
 11
507.0
 21
246.7
 31
0.0
100
AcDbText
 73
2
  0
TEXT
  5
11A9
330
CDE
100
AcDbEntity
 67
1
  8
E-TEKHAT-TABLO
100
AcDbText
 10
533.0
 20
246.7
 30
0.0
 40
1.8
  1
6 kA
  7
GYM
 72
1
 11
533.0
 21
246.7
 31
0.0
100
AcDbText
 73
2
  0
TEXT
  5
11AA
330
CDE
100
AcDbEntity
 67
1
  8
E-TEKHAT-TABLO
100
AcDbText
 10
559.0
 20
246.7
 30
0.0
 40
1.8
  1
6 kA
  7
GYM
 72
1
 11
559.0
 21
246.7
 31
0.0
100
AcDbText
 73
2
  0
TEXT
  5
11AB
330
CDE
100
AcDbEntity
 67
1
  8
E-TEKHAT-TABLO
100
AcDbText
 10
585.0
 20
246.7
 30
0.0
 40
1.8
  1
6 kA
  7
GYM
 72
1
 11
585.0
 21
246.7
 31
0.0
100
AcDbText
 73
2
  0
TEXT
  5
11AC
330
CDE
100
AcDbEntity
 67
1
  8
E-TEKHAT-TABLO
100
AcDbText
 10
611.0
 20
246.7
 30
0.0
 40
1.8
  1
6 kA
  7
GYM
 72
1
 11
611.0
 21
246.7
 31
0.0
100
AcDbText
 73
2
  0
TEXT
  5
11AD
330
CDE
100
AcDbEntity
 67
1
  8
E-TEKHAT-TABLO
100
AcDbText
 10
637.0
 20
246.7
 30
0.0
 40
1.8
  1
6 kA
  7
GYM
 72
1
 11
637.0
 21
246.7
 31
0.0
100
AcDbText
 73
2
  0
TEXT
  5
11AE
330
CDE
100
AcDbEntity
 67
1
  8
E-TEKHAT-TABLO
100
AcDbText
 10
663.0
 20
246.7
 30
0.0
 40
1.8
  1
6 kA
  7
GYM
 72
1
 11
663.0
 21
246.7
 31
0.0
100
AcDbText
 73
2
  0
TEXT
  5
11AF
330
CDE
100
AcDbEntity
 67
1
  8
E-TEKHAT-TABLO
100
AcDbText
 10
689.0
 20
246.7
 30
0.0
 40
1.8
  1
6 kA
  7
GYM
 72
1
 11
689.0
 21
246.7
 31
0.0
100
AcDbText
 73
2
  0
TEXT
  5
11B0
330
CDE
100
AcDbEntity
 67
1
  8
E-TEKHAT-TABLO
100
AcDbText
 10
715.0
 20
246.7
 30
0.0
 40
1.8
  1
6 kA
  7
GYM
 72
1
 11
715.0
 21
246.7
 31
0.0
100
AcDbText
 73
2
  0
TEXT
  5
11B1
330
CDE
100
AcDbEntity
 67
1
  8
E-TEKHAT-TABLO
100
AcDbText
 10
741.0
 20
246.7
 30
0.0
 40
1.8
  1
6 kA
  7
GYM
 72
1
 11
741.0
 21
246.7
 31
0.0
100
AcDbText
 73
2
  0
TEXT
  5
11B2
330
CDE
100
AcDbEntity
 67
1
  8
E-TEKHAT-TABLO
100
AcDbText
 10
28.0
 20
238.1
 30
0.0
 40
2.0
  1
KAÇAK AKIM
  7
GYM-B
 11
28.0
 21
238.1
 31
0.0
100
AcDbText
 73
2
  0
TEXT
  5
11B3
330
CDE
100
AcDbEntity
 67
1
  8
E-TEKHAT-TABLO
100
AcDbText
 10
91.0
 20
238.1
 30
0.0
 40
1.5
  1
4×40 A / 30 mA A tipi
  7
GYM
 72
1
 11
91.0
 21
238.1
 31
0.0
100
AcDbText
 73
2
  0
TEXT
  5
11B4
330
CDE
100
AcDbEntity
 67
1
  8
E-TEKHAT-TABLO
100
AcDbText
 10
117.0
 20
238.1
 30
0.0
 40
1.5
  1
4×40 A / 30 mA A tipi
  7
GYM
 72
1
 11
117.0
 21
238.1
 31
0.0
100
AcDbText
 73
2
  0
TEXT
  5
11B5
330
CDE
100
AcDbEntity
 67
1
  8
E-TEKHAT-TABLO
100
AcDbText
 10
143.0
 20
238.1
 30
0.0
 40
1.5
  1
4×40 A / 30 mA A tipi
  7
GYM
 72
1
 11
143.0
 21
238.1
 31
0.0
100
AcDbText
 73
2
  0
TEXT
  5
11B6
330
CDE
100
AcDbEntity
 67
1
  8
E-TEKHAT-TABLO
100
AcDbText
 10
169.0
 20
238.1
 30
0.0
 40
1.5
  1
4×40 A / 30 mA A tipi
  7
GYM
 72
1
 11
169.0
 21
238.1
 31
0.0
100
AcDbText
 73
2
  0
TEXT
  5
11B7
330
CDE
100
AcDbEntity
 67
1
  8
E-TEKHAT-TABLO
100
AcDbText
 10
195.0
 20
238.1
 30
0.0
 40
1.5
  1
4×40 A / 30 mA A tipi
  7
GYM
 72
1
 11
195.0
 21
238.1
 31
0.0
100
AcDbText
 73
2
  0
TEXT
  5
11B8
330
CDE
100
AcDbEntity
 67
1
  8
E-TEKHAT-TABLO
100
AcDbText
 10
221.0
 20
238.1
 30
0.0
 40
1.5
  1
4×40 A / 30 mA A tipi
  7
GYM
 72
1
 11
221.0
 21
238.1
 31
0.0
100
AcDbText
 73
2
  0
TEXT
  5
11B9
330
CDE
100
AcDbEntity
 67
1
  8
E-TEKHAT-TABLO
100
AcDbText
 10
247.0
 20
238.1
 30
0.0
 40
1.5
  1
4×40 A / 30 mA A tipi
  7
GYM
 72
1
 11
247.0
 21
238.1
 31
0.0
100
AcDbText
 73
2
  0
TEXT
  5
11BA
330
CDE
100
AcDbEntity
 67
1
  8
E-TEKHAT-TABLO
100
AcDbText
 10
273.0
 20
238.1
 30
0.0
 40
1.5
  1
4×40 A / 30 mA A tipi
  7
GYM
 72
1
 11
273.0
 21
238.1
 31
0.0
100
AcDbText
 73
2
  0
TEXT
  5
11BB
330
CDE
100
AcDbEntity
 67
1
  8
E-TEKHAT-TABLO
100
AcDbText
 10
299.0
 20
238.1
 30
0.0
 40
1.5
  1
4×40 A / 30 mA A tipi
  7
GYM
 72
1
 11
299.0
 21
238.1
 31
0.0
100
AcDbText
 73
2
  0
TEXT
  5
11BC
330
CDE
100
AcDbEntity
 67
1
  8
E-TEKHAT-TABLO
100
AcDbText
 10
325.0
 20
238.1
 30
0.0
 40
1.5
  1
4×40 A / 30 mA A tipi
  7
GYM
 72
1
 11
325.0
 21
238.1
 31
0.0
100
AcDbText
 73
2
  0
TEXT
  5
11BD
330
CDE
100
AcDbEntity
 67
1
  8
E-TEKHAT-TABLO
100
AcDbText
 10
351.0
 20
238.1
 30
0.0
 40
1.5
  1
4×40 A / 30 mA A tipi
  7
GYM
 72
1
 11
351.0
 21
238.1
 31
0.0
100
AcDbText
 73
2
  0
TEXT
  5
11BE
330
CDE
100
AcDbEntity
 67
1
  8
E-TEKHAT-TABLO
100
AcDbText
 10
377.0
 20
238.1
 30
0.0
 40
1.5
  1
2×40 A / 30 mA A tipi
  7
GYM
 72
1
 11
377.0
 21
238.1
 31
0.0
100
AcDbText
 73
2
  0
TEXT
  5
11BF
330
CDE
100
AcDbEntity
 67
1
  8
E-TEKHAT-TABLO
100
AcDbText
 10
403.0
 20
238.1
 30
0.0
 40
1.5
  1
2×40 A / 30 mA A tipi
  7
GYM
 72
1
 11
403.0
 21
238.1
 31
0.0
100
AcDbText
 73
2
  0
TEXT
  5
11C0
330
CDE
100
AcDbEntity
 67
1
  8
E-TEKHAT-TABLO
100
AcDbText
 10
429.0
 20
238.1
 30
0.0
 40
1.5
  1
2×40 A / 30 mA A tipi
  7
GYM
 72
1
 11
429.0
 21
238.1
 31
0.0
100
AcDbText
 73
2
  0
TEXT
  5
11C1
330
CDE
100
AcDbEntity
 67
1
  8
E-TEKHAT-TABLO
100
AcDbText
 10
455.0
 20
238.1
 30
0.0
 40
1.5
  1
2×40 A / 30 mA A tipi
  7
GYM
 72
1
 11
455.0
 21
238.1
 31
0.0
100
AcDbText
 73
2
  0
TEXT
  5
11C2
330
CDE
100
AcDbEntity
 67
1
  8
E-TEKHAT-TABLO
100
AcDbText
 10
481.0
 20
238.1
 30
0.0
 40
1.5
  1
4×40 A / 30 mA A tipi
  7
GYM
 72
1
 11
481.0
 21
238.1
 31
0.0
100
AcDbText
 73
2
  0
TEXT
  5
11C3
330
CDE
100
AcDbEntity
 67
1
  8
E-TEKHAT-TABLO
100
AcDbText
 10
507.0
 20
238.1
 30
0.0
 40
1.5
  1
4×40 A / 30 mA A tipi
  7
GYM
 72
1
 11
507.0
 21
238.1
 31
0.0
100
AcDbText
 73
2
  0
TEXT
  5
11C4
330
CDE
100
AcDbEntity
 67
1
  8
E-TEKHAT-TABLO
100
AcDbText
 10
533.0
 20
238.1
 30
0.0
 40
1.5
  1
4×40 A / 30 mA A tipi
  7
GYM
 72
1
 11
533.0
 21
238.1
 31
0.0
100
AcDbText
 73
2
  0
TEXT
  5
11C5
330
CDE
100
AcDbEntity
 67
1
  8
E-TEKHAT-TABLO
100
AcDbText
 10
559.0
 20
238.1
 30
0.0
 40
1.5
  1
4×40 A / 30 mA A tipi
  7
GYM
 72
1
 11
559.0
 21
238.1
 31
0.0
100
AcDbText
 73
2
  0
TEXT
  5
11C6
330
CDE
100
AcDbEntity
 67
1
  8
E-TEKHAT-TABLO
100
AcDbText
 10
585.0
 20
238.1
 30
0.0
 40
1.5
  1
4×40 A / 30 mA A tipi
  7
GYM
 72
1
 11
585.0
 21
238.1
 31
0.0
100
AcDbText
 73
2
  0
TEXT
  5
11C7
330
CDE
100
AcDbEntity
 67
1
  8
E-TEKHAT-TABLO
100
AcDbText
 10
611.0
 20
238.1
 30
0.0
 40
1.5
  1
4×40 A / 30 mA A tipi
  7
GYM
 72
1
 11
611.0
 21
238.1
 31
0.0
100
AcDbText
 73
2
  0
TEXT
  5
11C8
330
CDE
100
AcDbEntity
 67
1
  8
E-TEKHAT-TABLO
100
AcDbText
 10
637.0
 20
238.1
 30
0.0
 40
1.8
  1
—
  7
GYM
 72
1
 11
637.0
 21
238.1
 31
0.0
100
AcDbText
 73
2
  0
TEXT
  5
11C9
330
CDE
100
AcDbEntity
 67
1
  8
E-TEKHAT-TABLO
100
AcDbText
 10
663.0
 20
238.1
 30
0.0
 40
1.8
  1
—
  7
GYM
 72
1
 11
663.0
 21
238.1
 31
0.0
100
AcDbText
 73
2
  0
TEXT
  5
11CA
330
CDE
100
AcDbEntity
 67
1
  8
E-TEKHAT-TABLO
100
AcDbText
 10
689.0
 20
238.1
 30
0.0
 40
1.8
  1
—
  7
GYM
 72
1
 11
689.0
 21
238.1
 31
0.0
100
AcDbText
 73
2
  0
TEXT
  5
11CB
330
CDE
100
AcDbEntity
 67
1
  8
E-TEKHAT-TABLO
100
AcDbText
 10
715.0
 20
238.1
 30
0.0
 40
1.8
  1
—
  7
GYM
 72
1
 11
715.0
 21
238.1
 31
0.0
100
AcDbText
 73
2
  0
TEXT
  5
11CC
330
CDE
100
AcDbEntity
 67
1
  8
E-TEKHAT-TABLO
100
AcDbText
 10
741.0
 20
238.1
 30
0.0
 40
1.8
  1
—
  7
GYM
 72
1
 11
741.0
 21
238.1
 31
0.0
100
AcDbText
 73
2
  0
TEXT
  5
11CD
330
CDE
100
AcDbEntity
 67
1
  8
E-TEKHAT-TABLO
100
AcDbText
 10
28.0
 20
229.5
 30
0.0
 40
2.0
  1
KABLO
  7
GYM-B
 11
28.0
 21
229.5
 31
0.0
100
AcDbText
 73
2
  0
TEXT
  5
11CE
330
CDE
100
AcDbEntity
 67
1
  8
E-TEKHAT-TABLO
100
AcDbText
 10
91.0
 20
229.5
 30
0.0
 40
1.5
  1
NHXMH-J 3×2,5 mm²
  7
GYM
 72
1
 11
91.0
 21
229.5
 31
0.0
100
AcDbText
 73
2
  0
TEXT
  5
11CF
330
CDE
100
AcDbEntity
 67
1
  8
E-TEKHAT-TABLO
100
AcDbText
 10
117.0
 20
229.5
 30
0.0
 40
1.5
  1
NHXMH-J 3×2,5 mm²
  7
GYM
 72
1
 11
117.0
 21
229.5
 31
0.0
100
AcDbText
 73
2
  0
TEXT
  5
11D0
330
CDE
100
AcDbEntity
 67
1
  8
E-TEKHAT-TABLO
100
AcDbText
 10
143.0
 20
229.5
 30
0.0
 40
1.5
  1
NHXMH-J 3×2,5 mm²
  7
GYM
 72
1
 11
143.0
 21
229.5
 31
0.0
100
AcDbText
 73
2
  0
TEXT
  5
11D1
330
CDE
100
AcDbEntity
 67
1
  8
E-TEKHAT-TABLO
100
AcDbText
 10
169.0
 20
229.5
 30
0.0
 40
1.5
  1
NHXMH-J 3×2,5 mm²
  7
GYM
 72
1
 11
169.0
 21
229.5
 31
0.0
100
AcDbText
 73
2
  0
TEXT
  5
11D2
330
CDE
100
AcDbEntity
 67
1
  8
E-TEKHAT-TABLO
100
AcDbText
 10
195.0
 20
229.5
 30
0.0
 40
1.5
  1
NHXMH-J 3×2,5 mm²
  7
GYM
 72
1
 11
195.0
 21
229.5
 31
0.0
100
AcDbText
 73
2
  0
TEXT
  5
11D3
330
CDE
100
AcDbEntity
 67
1
  8
E-TEKHAT-TABLO
100
AcDbText
 10
221.0
 20
229.5
 30
0.0
 40
1.5
  1
NHXMH-J 3×2,5 mm²
  7
GYM
 72
1
 11
221.0
 21
229.5
 31
0.0
100
AcDbText
 73
2
  0
TEXT
  5
11D4
330
CDE
100
AcDbEntity
 67
1
  8
E-TEKHAT-TABLO
100
AcDbText
 10
247.0
 20
229.5
 30
0.0
 40
1.5
  1
NHXMH-J 3×2,5 mm²
  7
GYM
 72
1
 11
247.0
 21
229.5
 31
0.0
100
AcDbText
 73
2
  0
TEXT
  5
11D5
330
CDE
100
AcDbEntity
 67
1
  8
E-TEKHAT-TABLO
100
AcDbText
 10
273.0
 20
229.5
 30
0.0
 40
1.5
  1
NHXMH-J 3×2,5 mm²
  7
GYM
 72
1
 11
273.0
 21
229.5
 31
0.0
100
AcDbText
 73
2
  0
TEXT
  5
11D6
330
CDE
100
AcDbEntity
 67
1
  8
E-TEKHAT-TABLO
100
AcDbText
 10
299.0
 20
229.5
 30
0.0
 40
1.5
  1
NHXMH-J 3×2,5 mm²
  7
GYM
 72
1
 11
299.0
 21
229.5
 31
0.0
100
AcDbText
 73
2
  0
TEXT
  5
11D7
330
CDE
100
AcDbEntity
 67
1
  8
E-TEKHAT-TABLO
100
AcDbText
 10
325.0
 20
229.5
 30
0.0
 40
1.5
  1
NHXMH-J 3×2,5 mm²
  7
GYM
 72
1
 11
325.0
 21
229.5
 31
0.0
100
AcDbText
 73
2
  0
TEXT
  5
11D8
330
CDE
100
AcDbEntity
 67
1
  8
E-TEKHAT-TABLO
100
AcDbText
 10
351.0
 20
229.5
 30
0.0
 40
1.5
  1
JE-H(St)H 3×2,5 mm²
  7
GYM
 72
1
 11
351.0
 21
229.5
 31
0.0
100
AcDbText
 73
2
  0
TEXT
  5
11D9
330
CDE
100
AcDbEntity
 67
1
  8
E-TEKHAT-TABLO
100
AcDbText
 10
377.0
 20
229.5
 30
0.0
 40
1.5
  1
NHXMH-J 3×2,5 mm²
  7
GYM
 72
1
 11
377.0
 21
229.5
 31
0.0
100
AcDbText
 73
2
  0
TEXT
  5
11DA
330
CDE
100
AcDbEntity
 67
1
  8
E-TEKHAT-TABLO
100
AcDbText
 10
403.0
 20
229.5
 30
0.0
 40
1.5
  1
NHXMH-J 3×2,5 mm²
  7
GYM
 72
1
 11
403.0
 21
229.5
 31
0.0
100
AcDbText
 73
2
  0
TEXT
  5
11DB
330
CDE
100
AcDbEntity
 67
1
  8
E-TEKHAT-TABLO
100
AcDbText
 10
429.0
 20
229.5
 30
0.0
 40
1.5
  1
NHXMH-J 3×2,5 mm²
  7
GYM
 72
1
 11
429.0
 21
229.5
 31
0.0
100
AcDbText
 73
2
  0
TEXT
  5
11DC
330
CDE
100
AcDbEntity
 67
1
  8
E-TEKHAT-TABLO
100
AcDbText
 10
455.0
 20
229.5
 30
0.0
 40
1.5
  1
NHXMH-J 3×2,5 mm²
  7
GYM
 72
1
 11
455.0
 21
229.5
 31
0.0
100
AcDbText
 73
2
  0
TEXT
  5
11DD
330
CDE
100
AcDbEntity
 67
1
  8
E-TEKHAT-TABLO
100
AcDbText
 10
481.0
 20
229.5
 30
0.0
 40
1.5
  1
NHXMH-J 3×2,5 mm²
  7
GYM
 72
1
 11
481.0
 21
229.5
 31
0.0
100
AcDbText
 73
2
  0
TEXT
  5
11DE
330
CDE
100
AcDbEntity
 67
1
  8
E-TEKHAT-TABLO
100
AcDbText
 10
507.0
 20
229.5
 30
0.0
 40
1.5
  1
NHXMH-J 3×2,5 mm²
  7
GYM
 72
1
 11
507.0
 21
229.5
 31
0.0
100
AcDbText
 73
2
  0
TEXT
  5
11DF
330
CDE
100
AcDbEntity
 67
1
  8
E-TEKHAT-TABLO
100
AcDbText
 10
533.0
 20
229.5
 30
0.0
 40
1.5
  1
NHXMH-J 3×2,5 mm²
  7
GYM
 72
1
 11
533.0
 21
229.5
 31
0.0
100
AcDbText
 73
2
  0
TEXT
  5
11E0
330
CDE
100
AcDbEntity
 67
1
  8
E-TEKHAT-TABLO
100
AcDbText
 10
559.0
 20
229.5
 30
0.0
 40
1.5
  1
NHXMH-J 3×2,5 mm²
  7
GYM
 72
1
 11
559.0
 21
229.5
 31
0.0
100
AcDbText
 73
2
  0
TEXT
  5
11E1
330
CDE
100
AcDbEntity
 67
1
  8
E-TEKHAT-TABLO
100
AcDbText
 10
585.0
 20
229.5
 30
0.0
 40
1.5
  1
NHXMH-J 3×2,5 mm²
  7
GYM
 72
1
 11
585.0
 21
229.5
 31
0.0
100
AcDbText
 73
2
  0
TEXT
  5
11E2
330
CDE
100
AcDbEntity
 67
1
  8
E-TEKHAT-TABLO
100
AcDbText
 10
611.0
 20
229.5
 30
0.0
 40
1.5
  1
NHXMH-J 3×2,5 mm²
  7
GYM
 72
1
 11
611.0
 21
229.5
 31
0.0
100
AcDbText
 73
2
  0
TEXT
  5
11E3
330
CDE
100
AcDbEntity
 67
1
  8
E-TEKHAT-TABLO
100
AcDbText
 10
637.0
 20
229.5
 30
0.0
 40
1.5
  1
JE-H(St)H 3×2,5 mm²
  7
GYM
 72
1
 11
637.0
 21
229.5
 31
0.0
100
AcDbText
 73
2
  0
TEXT
  5
11E4
330
CDE
100
AcDbEntity
 67
1
  8
E-TEKHAT-TABLO
100
AcDbText
 10
663.0
 20
229.5
 30
0.0
 40
1.8
  1
YEDEK
  7
GYM
 72
1
 11
663.0
 21
229.5
 31
0.0
100
AcDbText
 73
2
  0
TEXT
  5
11E5
330
CDE
100
AcDbEntity
 67
1
  8
E-TEKHAT-TABLO
100
AcDbText
 10
689.0
 20
229.5
 30
0.0
 40
1.8
  1
YEDEK
  7
GYM
 72
1
 11
689.0
 21
229.5
 31
0.0
100
AcDbText
 73
2
  0
TEXT
  5
11E6
330
CDE
100
AcDbEntity
 67
1
  8
E-TEKHAT-TABLO
100
AcDbText
 10
715.0
 20
229.5
 30
0.0
 40
1.8
  1
YEDEK
  7
GYM
 72
1
 11
715.0
 21
229.5
 31
0.0
100
AcDbText
 73
2
  0
TEXT
  5
11E7
330
CDE
100
AcDbEntity
 67
1
  8
E-TEKHAT-TABLO
100
AcDbText
 10
741.0
 20
229.5
 30
0.0
 40
1.8
  1
YEDEK
  7
GYM
 72
1
 11
741.0
 21
229.5
 31
0.0
100
AcDbText
 73
2
  0
TEXT
  5
11E8
330
CDE
100
AcDbEntity
 67
1
  8
E-TEKHAT-TABLO
100
AcDbText
 10
28.0
 20
220.9
 30
0.0
 40
2.0
  1
BORU / KANAL
  7
GYM-B
 11
28.0
 21
220.9
 31
0.0
100
AcDbText
 73
2
  0
TEXT
  5
11E9
330
CDE
100
AcDbEntity
 67
1
  8
E-TEKHAT-TABLO
100
AcDbText
 10
91.0
 20
220.9
 30
0.0
 40
1.8
  1
Ø20 PVC
  7
GYM
 72
1
 11
91.0
 21
220.9
 31
0.0
100
AcDbText
 73
2
  0
TEXT
  5
11EA
330
CDE
100
AcDbEntity
 67
1
  8
E-TEKHAT-TABLO
100
AcDbText
 10
117.0
 20
220.9
 30
0.0
 40
1.8
  1
Ø20 PVC
  7
GYM
 72
1
 11
117.0
 21
220.9
 31
0.0
100
AcDbText
 73
2
  0
TEXT
  5
11EB
330
CDE
100
AcDbEntity
 67
1
  8
E-TEKHAT-TABLO
100
AcDbText
 10
143.0
 20
220.9
 30
0.0
 40
1.8
  1
Ø20 PVC
  7
GYM
 72
1
 11
143.0
 21
220.9
 31
0.0
100
AcDbText
 73
2
  0
TEXT
  5
11EC
330
CDE
100
AcDbEntity
 67
1
  8
E-TEKHAT-TABLO
100
AcDbText
 10
169.0
 20
220.9
 30
0.0
 40
1.8
  1
Ø20 PVC
  7
GYM
 72
1
 11
169.0
 21
220.9
 31
0.0
100
AcDbText
 73
2
  0
TEXT
  5
11ED
330
CDE
100
AcDbEntity
 67
1
  8
E-TEKHAT-TABLO
100
AcDbText
 10
195.0
 20
220.9
 30
0.0
 40
1.8
  1
Ø20 PVC
  7
GYM
 72
1
 11
195.0
 21
220.9
 31
0.0
100
AcDbText
 73
2
  0
TEXT
  5
11EE
330
CDE
100
AcDbEntity
 67
1
  8
E-TEKHAT-TABLO
100
AcDbText
 10
221.0
 20
220.9
 30
0.0
 40
1.8
  1
Ø20 PVC
  7
GYM
 72
1
 11
221.0
 21
220.9
 31
0.0
100
AcDbText
 73
2
  0
TEXT
  5
11EF
330
CDE
100
AcDbEntity
 67
1
  8
E-TEKHAT-TABLO
100
AcDbText
 10
247.0
 20
220.9
 30
0.0
 40
1.8
  1
Ø20 PVC
  7
GYM
 72
1
 11
247.0
 21
220.9
 31
0.0
100
AcDbText
 73
2
  0
TEXT
  5
11F0
330
CDE
100
AcDbEntity
 67
1
  8
E-TEKHAT-TABLO
100
AcDbText
 10
273.0
 20
220.9
 30
0.0
 40
1.8
  1
Ø20 PVC
  7
GYM
 72
1
 11
273.0
 21
220.9
 31
0.0
100
AcDbText
 73
2
  0
TEXT
  5
11F1
330
CDE
100
AcDbEntity
 67
1
  8
E-TEKHAT-TABLO
100
AcDbText
 10
299.0
 20
220.9
 30
0.0
 40
1.8
  1
Ø20 PVC
  7
GYM
 72
1
 11
299.0
 21
220.9
 31
0.0
100
AcDbText
 73
2
  0
TEXT
  5
11F2
330
CDE
100
AcDbEntity
 67
1
  8
E-TEKHAT-TABLO
100
AcDbText
 10
325.0
 20
220.9
 30
0.0
 40
1.8
  1
Ø20 PVC
  7
GYM
 72
1
 11
325.0
 21
220.9
 31
0.0
100
AcDbText
 73
2
  0
TEXT
  5
11F3
330
CDE
100
AcDbEntity
 67
1
  8
E-TEKHAT-TABLO
100
AcDbText
 10
351.0
 20
220.9
 30
0.0
 40
1.8
  1
Ø20 PVC
  7
GYM
 72
1
 11
351.0
 21
220.9
 31
0.0
100
AcDbText
 73
2
  0
TEXT
  5
11F4
330
CDE
100
AcDbEntity
 67
1
  8
E-TEKHAT-TABLO
100
AcDbText
 10
377.0
 20
220.9
 30
0.0
 40
1.8
  1
Ø20 PVC
  7
GYM
 72
1
 11
377.0
 21
220.9
 31
0.0
100
AcDbText
 73
2
  0
TEXT
  5
11F5
330
CDE
100
AcDbEntity
 67
1
  8
E-TEKHAT-TABLO
100
AcDbText
 10
403.0
 20
220.9
 30
0.0
 40
1.8
  1
Ø20 PVC
  7
GYM
 72
1
 11
403.0
 21
220.9
 31
0.0
100
AcDbText
 73
2
  0
TEXT
  5
11F6
330
CDE
100
AcDbEntity
 67
1
  8
E-TEKHAT-TABLO
100
AcDbText
 10
429.0
 20
220.9
 30
0.0
 40
1.8
  1
Ø20 PVC
  7
GYM
 72
1
 11
429.0
 21
220.9
 31
0.0
100
AcDbText
 73
2
  0
TEXT
  5
11F7
330
CDE
100
AcDbEntity
 67
1
  8
E-TEKHAT-TABLO
100
AcDbText
 10
455.0
 20
220.9
 30
0.0
 40
1.8
  1
Ø20 PVC
  7
GYM
 72
1
 11
455.0
 21
220.9
 31
0.0
100
AcDbText
 73
2
  0
TEXT
  5
11F8
330
CDE
100
AcDbEntity
 67
1
  8
E-TEKHAT-TABLO
100
AcDbText
 10
481.0
 20
220.9
 30
0.0
 40
1.8
  1
Ø20 PVC
  7
GYM
 72
1
 11
481.0
 21
220.9
 31
0.0
100
AcDbText
 73
2
  0
TEXT
  5
11F9
330
CDE
100
AcDbEntity
 67
1
  8
E-TEKHAT-TABLO
100
AcDbText
 10
507.0
 20
220.9
 30
0.0
 40
1.8
  1
Ø20 PVC
  7
GYM
 72
1
 11
507.0
 21
220.9
 31
0.0
100
AcDbText
 73
2
  0
TEXT
  5
11FA
330
CDE
100
AcDbEntity
 67
1
  8
E-TEKHAT-TABLO
100
AcDbText
 10
533.0
 20
220.9
 30
0.0
 40
1.8
  1
Ø20 PVC
  7
GYM
 72
1
 11
533.0
 21
220.9
 31
0.0
100
AcDbText
 73
2
  0
TEXT
  5
11FB
330
CDE
100
AcDbEntity
 67
1
  8
E-TEKHAT-TABLO
100
AcDbText
 10
559.0
 20
220.9
 30
0.0
 40
1.8
  1
Ø20 PVC
  7
GYM
 72
1
 11
559.0
 21
220.9
 31
0.0
100
AcDbText
 73
2
  0
TEXT
  5
11FC
330
CDE
100
AcDbEntity
 67
1
  8
E-TEKHAT-TABLO
100
AcDbText
 10
585.0
 20
220.9
 30
0.0
 40
1.8
  1
Ø20 PVC
  7
GYM
 72
1
 11
585.0
 21
220.9
 31
0.0
100
AcDbText
 73
2
  0
TEXT
  5
11FD
330
CDE
100
AcDbEntity
 67
1
  8
E-TEKHAT-TABLO
100
AcDbText
 10
611.0
 20
220.9
 30
0.0
 40
1.8
  1
Ø20 PVC
  7
GYM
 72
1
 11
611.0
 21
220.9
 31
0.0
100
AcDbText
 73
2
  0
TEXT
  5
11FE
330
CDE
100
AcDbEntity
 67
1
  8
E-TEKHAT-TABLO
100
AcDbText
 10
637.0
 20
220.9
 30
0.0
 40
1.8
  1
Ø20 PVC
  7
GYM
 72
1
 11
637.0
 21
220.9
 31
0.0
100
AcDbText
 73
2
  0
TEXT
  5
11FF
330
CDE
100
AcDbEntity
 67
1
  8
E-TEKHAT-TABLO
100
AcDbText
 10
663.0
 20
220.9
 30
0.0
 40
1.8
  1
YEDEK
  7
GYM
 72
1
 11
663.0
 21
220.9
 31
0.0
100
AcDbText
 73
2
  0
TEXT
  5
1200
330
CDE
100
AcDbEntity
 67
1
  8
E-TEKHAT-TABLO
100
AcDbText
 10
689.0
 20
220.9
 30
0.0
 40
1.8
  1
YEDEK
  7
GYM
 72
1
 11
689.0
 21
220.9
 31
0.0
100
AcDbText
 73
2
  0
TEXT
  5
1201
330
CDE
100
AcDbEntity
 67
1
  8
E-TEKHAT-TABLO
100
AcDbText
 10
715.0
 20
220.9
 30
0.0
 40
1.8
  1
YEDEK
  7
GYM
 72
1
 11
715.0
 21
220.9
 31
0.0
100
AcDbText
 73
2
  0
TEXT
  5
1202
330
CDE
100
AcDbEntity
 67
1
  8
E-TEKHAT-TABLO
100
AcDbText
 10
741.0
 20
220.9
 30
0.0
 40
1.8
  1
YEDEK
  7
GYM
 72
1
 11
741.0
 21
220.9
 31
0.0
100
AcDbText
 73
2
  0
TEXT
  5
1203
330
CDE
100
AcDbEntity
 67
1
  8
E-TEKHAT-TABLO
100
AcDbText
 10
28.0
 20
212.3
 30
0.0
 40
2.0
  1
UZUNLUK
  7
GYM-B
 11
28.0
 21
212.3
 31
0.0
100
AcDbText
 73
2
  0
TEXT
  5
1204
330
CDE
100
AcDbEntity
 67
1
  8
E-TEKHAT-TABLO
100
AcDbText
 10
91.0
 20
212.3
 30
0.0
 40
1.8
  1
14 m
  7
GYM
 72
1
 11
91.0
 21
212.3
 31
0.0
100
AcDbText
 73
2
  0
TEXT
  5
1205
330
CDE
100
AcDbEntity
 67
1
  8
E-TEKHAT-TABLO
100
AcDbText
 10
117.0
 20
212.3
 30
0.0
 40
1.8
  1
11 m
  7
GYM
 72
1
 11
117.0
 21
212.3
 31
0.0
100
AcDbText
 73
2
  0
TEXT
  5
1206
330
CDE
100
AcDbEntity
 67
1
  8
E-TEKHAT-TABLO
100
AcDbText
 10
143.0
 20
212.3
 30
0.0
 40
1.8
  1
14 m
  7
GYM
 72
1
 11
143.0
 21
212.3
 31
0.0
100
AcDbText
 73
2
  0
TEXT
  5
1207
330
CDE
100
AcDbEntity
 67
1
  8
E-TEKHAT-TABLO
100
AcDbText
 10
169.0
 20
212.3
 30
0.0
 40
1.8
  1
12 m
  7
GYM
 72
1
 11
169.0
 21
212.3
 31
0.0
100
AcDbText
 73
2
  0
TEXT
  5
1208
330
CDE
100
AcDbEntity
 67
1
  8
E-TEKHAT-TABLO
100
AcDbText
 10
195.0
 20
212.3
 30
0.0
 40
1.8
  1
10 m
  7
GYM
 72
1
 11
195.0
 21
212.3
 31
0.0
100
AcDbText
 73
2
  0
TEXT
  5
1209
330
CDE
100
AcDbEntity
 67
1
  8
E-TEKHAT-TABLO
100
AcDbText
 10
221.0
 20
212.3
 30
0.0
 40
1.8
  1
8 m
  7
GYM
 72
1
 11
221.0
 21
212.3
 31
0.0
100
AcDbText
 73
2
  0
TEXT
  5
120A
330
CDE
100
AcDbEntity
 67
1
  8
E-TEKHAT-TABLO
100
AcDbText
 10
247.0
 20
212.3
 30
0.0
 40
1.8
  1
16 m
  7
GYM
 72
1
 11
247.0
 21
212.3
 31
0.0
100
AcDbText
 73
2
  0
TEXT
  5
120B
330
CDE
100
AcDbEntity
 67
1
  8
E-TEKHAT-TABLO
100
AcDbText
 10
273.0
 20
212.3
 30
0.0
 40
1.8
  1
9 m
  7
GYM
 72
1
 11
273.0
 21
212.3
 31
0.0
100
AcDbText
 73
2
  0
TEXT
  5
120C
330
CDE
100
AcDbEntity
 67
1
  8
E-TEKHAT-TABLO
100
AcDbText
 10
299.0
 20
212.3
 30
0.0
 40
1.8
  1
17 m
  7
GYM
 72
1
 11
299.0
 21
212.3
 31
0.0
100
AcDbText
 73
2
  0
TEXT
  5
120D
330
CDE
100
AcDbEntity
 67
1
  8
E-TEKHAT-TABLO
100
AcDbText
 10
325.0
 20
212.3
 30
0.0
 40
1.8
  1
10 m
  7
GYM
 72
1
 11
325.0
 21
212.3
 31
0.0
100
AcDbText
 73
2
  0
TEXT
  5
120E
330
CDE
100
AcDbEntity
 67
1
  8
E-TEKHAT-TABLO
100
AcDbText
 10
351.0
 20
212.3
 30
0.0
 40
1.8
  1
9 m
  7
GYM
 72
1
 11
351.0
 21
212.3
 31
0.0
100
AcDbText
 73
2
  0
TEXT
  5
120F
330
CDE
100
AcDbEntity
 67
1
  8
E-TEKHAT-TABLO
100
AcDbText
 10
377.0
 20
212.3
 30
0.0
 40
1.8
  1
16 m
  7
GYM
 72
1
 11
377.0
 21
212.3
 31
0.0
100
AcDbText
 73
2
  0
TEXT
  5
1210
330
CDE
100
AcDbEntity
 67
1
  8
E-TEKHAT-TABLO
100
AcDbText
 10
403.0
 20
212.3
 30
0.0
 40
1.8
  1
16 m
  7
GYM
 72
1
 11
403.0
 21
212.3
 31
0.0
100
AcDbText
 73
2
  0
TEXT
  5
1211
330
CDE
100
AcDbEntity
 67
1
  8
E-TEKHAT-TABLO
100
AcDbText
 10
429.0
 20
212.3
 30
0.0
 40
1.8
  1
16 m
  7
GYM
 72
1
 11
429.0
 21
212.3
 31
0.0
100
AcDbText
 73
2
  0
TEXT
  5
1212
330
CDE
100
AcDbEntity
 67
1
  8
E-TEKHAT-TABLO
100
AcDbText
 10
455.0
 20
212.3
 30
0.0
 40
1.8
  1
19 m
  7
GYM
 72
1
 11
455.0
 21
212.3
 31
0.0
100
AcDbText
 73
2
  0
TEXT
  5
1213
330
CDE
100
AcDbEntity
 67
1
  8
E-TEKHAT-TABLO
100
AcDbText
 10
481.0
 20
212.3
 30
0.0
 40
1.8
  1
18 m
  7
GYM
 72
1
 11
481.0
 21
212.3
 31
0.0
100
AcDbText
 73
2
  0
TEXT
  5
1214
330
CDE
100
AcDbEntity
 67
1
  8
E-TEKHAT-TABLO
100
AcDbText
 10
507.0
 20
212.3
 30
0.0
 40
1.8
  1
13 m
  7
GYM
 72
1
 11
507.0
 21
212.3
 31
0.0
100
AcDbText
 73
2
  0
TEXT
  5
1215
330
CDE
100
AcDbEntity
 67
1
  8
E-TEKHAT-TABLO
100
AcDbText
 10
533.0
 20
212.3
 30
0.0
 40
1.8
  1
12 m
  7
GYM
 72
1
 11
533.0
 21
212.3
 31
0.0
100
AcDbText
 73
2
  0
TEXT
  5
1216
330
CDE
100
AcDbEntity
 67
1
  8
E-TEKHAT-TABLO
100
AcDbText
 10
559.0
 20
212.3
 30
0.0
 40
1.8
  1
15 m
  7
GYM
 72
1
 11
559.0
 21
212.3
 31
0.0
100
AcDbText
 73
2
  0
TEXT
  5
1217
330
CDE
100
AcDbEntity
 67
1
  8
E-TEKHAT-TABLO
100
AcDbText
 10
585.0
 20
212.3
 30
0.0
 40
1.8
  1
14 m
  7
GYM
 72
1
 11
585.0
 21
212.3
 31
0.0
100
AcDbText
 73
2
  0
TEXT
  5
1218
330
CDE
100
AcDbEntity
 67
1
  8
E-TEKHAT-TABLO
100
AcDbText
 10
611.0
 20
212.3
 30
0.0
 40
1.8
  1
16 m
  7
GYM
 72
1
 11
611.0
 21
212.3
 31
0.0
100
AcDbText
 73
2
  0
TEXT
  5
1219
330
CDE
100
AcDbEntity
 67
1
  8
E-TEKHAT-TABLO
100
AcDbText
 10
637.0
 20
212.3
 30
0.0
 40
1.8
  1
10 m
  7
GYM
 72
1
 11
637.0
 21
212.3
 31
0.0
100
AcDbText
 73
2
  0
TEXT
  5
121A
330
CDE
100
AcDbEntity
 67
1
  8
E-TEKHAT-TABLO
100
AcDbText
 10
663.0
 20
212.3
 30
0.0
 40
1.8
  1
—
  7
GYM
 72
1
 11
663.0
 21
212.3
 31
0.0
100
AcDbText
 73
2
  0
TEXT
  5
121B
330
CDE
100
AcDbEntity
 67
1
  8
E-TEKHAT-TABLO
100
AcDbText
 10
689.0
 20
212.3
 30
0.0
 40
1.8
  1
—
  7
GYM
 72
1
 11
689.0
 21
212.3
 31
0.0
100
AcDbText
 73
2
  0
TEXT
  5
121C
330
CDE
100
AcDbEntity
 67
1
  8
E-TEKHAT-TABLO
100
AcDbText
 10
715.0
 20
212.3
 30
0.0
 40
1.8
  1
—
  7
GYM
 72
1
 11
715.0
 21
212.3
 31
0.0
100
AcDbText
 73
2
  0
TEXT
  5
121D
330
CDE
100
AcDbEntity
 67
1
  8
E-TEKHAT-TABLO
100
AcDbText
 10
741.0
 20
212.3
 30
0.0
 40
1.8
  1
—
  7
GYM
 72
1
 11
741.0
 21
212.3
 31
0.0
100
AcDbText
 73
2
  0
TEXT
  5
121E
330
CDE
100
AcDbEntity
 67
1
  8
E-TEKHAT-TABLO
100
AcDbText
 10
28.0
 20
203.7
 30
0.0
 40
2.0
  1
KURULU GÜÇ
  7
GYM-B
 11
28.0
 21
203.7
 31
0.0
100
AcDbText
 73
2
  0
TEXT
  5
121F
330
CDE
100
AcDbEntity
 67
1
  8
E-TEKHAT-TABLO
100
AcDbText
 10
91.0
 20
203.7
 30
0.0
 40
1.8
  1
0,28 kW
  7
GYM
 72
1
 11
91.0
 21
203.7
 31
0.0
100
AcDbText
 73
2
  0
TEXT
  5
1220
330
CDE
100
AcDbEntity
 67
1
  8
E-TEKHAT-TABLO
100
AcDbText
 10
117.0
 20
203.7
 30
0.0
 40
1.8
  1
0,12 kW
  7
GYM
 72
1
 11
117.0
 21
203.7
 31
0.0
100
AcDbText
 73
2
  0
TEXT
  5
1221
330
CDE
100
AcDbEntity
 67
1
  8
E-TEKHAT-TABLO
100
AcDbText
 10
143.0
 20
203.7
 30
0.0
 40
1.8
  1
0,12 kW
  7
GYM
 72
1
 11
143.0
 21
203.7
 31
0.0
100
AcDbText
 73
2
  0
TEXT
  5
1222
330
CDE
100
AcDbEntity
 67
1
  8
E-TEKHAT-TABLO
100
AcDbText
 10
169.0
 20
203.7
 30
0.0
 40
1.8
  1
0,08 kW
  7
GYM
 72
1
 11
169.0
 21
203.7
 31
0.0
100
AcDbText
 73
2
  0
TEXT
  5
1223
330
CDE
100
AcDbEntity
 67
1
  8
E-TEKHAT-TABLO
100
AcDbText
 10
195.0
 20
203.7
 30
0.0
 40
1.8
  1
0,06 kW
  7
GYM
 72
1
 11
195.0
 21
203.7
 31
0.0
100
AcDbText
 73
2
  0
TEXT
  5
1224
330
CDE
100
AcDbEntity
 67
1
  8
E-TEKHAT-TABLO
100
AcDbText
 10
221.0
 20
203.7
 30
0.0
 40
1.8
  1
0,90 kW
  7
GYM
 72
1
 11
221.0
 21
203.7
 31
0.0
100
AcDbText
 73
2
  0
TEXT
  5
1225
330
CDE
100
AcDbEntity
 67
1
  8
E-TEKHAT-TABLO
100
AcDbText
 10
247.0
 20
203.7
 30
0.0
 40
1.8
  1
0,75 kW
  7
GYM
 72
1
 11
247.0
 21
203.7
 31
0.0
100
AcDbText
 73
2
  0
TEXT
  5
1226
330
CDE
100
AcDbEntity
 67
1
  8
E-TEKHAT-TABLO
100
AcDbText
 10
273.0
 20
203.7
 30
0.0
 40
1.8
  1
1,00 kW
  7
GYM
 72
1
 11
273.0
 21
203.7
 31
0.0
100
AcDbText
 73
2
  0
TEXT
  5
1227
330
CDE
100
AcDbEntity
 67
1
  8
E-TEKHAT-TABLO
100
AcDbText
 10
299.0
 20
203.7
 30
0.0
 40
1.8
  1
2,40 kW
  7
GYM
 72
1
 11
299.0
 21
203.7
 31
0.0
100
AcDbText
 73
2
  0
TEXT
  5
1228
330
CDE
100
AcDbEntity
 67
1
  8
E-TEKHAT-TABLO
100
AcDbText
 10
325.0
 20
203.7
 30
0.0
 40
1.8
  1
0,75 kW
  7
GYM
 72
1
 11
325.0
 21
203.7
 31
0.0
100
AcDbText
 73
2
  0
TEXT
  5
1229
330
CDE
100
AcDbEntity
 67
1
  8
E-TEKHAT-TABLO
100
AcDbText
 10
351.0
 20
203.7
 30
0.0
 40
1.8
  1
0,60 kW
  7
GYM
 72
1
 11
351.0
 21
203.7
 31
0.0
100
AcDbText
 73
2
  0
TEXT
  5
122A
330
CDE
100
AcDbEntity
 67
1
  8
E-TEKHAT-TABLO
100
AcDbText
 10
377.0
 20
203.7
 30
0.0
 40
1.8
  1
0,11 kW
  7
GYM
 72
1
 11
377.0
 21
203.7
 31
0.0
100
AcDbText
 73
2
  0
TEXT
  5
122B
330
CDE
100
AcDbEntity
 67
1
  8
E-TEKHAT-TABLO
100
AcDbText
 10
403.0
 20
203.7
 30
0.0
 40
1.8
  1
0,50 kW
  7
GYM
 72
1
 11
403.0
 21
203.7
 31
0.0
100
AcDbText
 73
2
  0
TEXT
  5
122C
330
CDE
100
AcDbEntity
 67
1
  8
E-TEKHAT-TABLO
100
AcDbText
 10
429.0
 20
203.7
 30
0.0
 40
1.8
  1
3,00 kW
  7
GYM
 72
1
 11
429.0
 21
203.7
 31
0.0
100
AcDbText
 73
2
  0
TEXT
  5
122D
330
CDE
100
AcDbEntity
 67
1
  8
E-TEKHAT-TABLO
100
AcDbText
 10
455.0
 20
203.7
 30
0.0
 40
1.8
  1
3,00 kW
  7
GYM
 72
1
 11
455.0
 21
203.7
 31
0.0
100
AcDbText
 73
2
  0
TEXT
  5
122E
330
CDE
100
AcDbEntity
 67
1
  8
E-TEKHAT-TABLO
100
AcDbText
 10
481.0
 20
203.7
 30
0.0
 40
1.8
  1
2,20 kW
  7
GYM
 72
1
 11
481.0
 21
203.7
 31
0.0
100
AcDbText
 73
2
  0
TEXT
  5
122F
330
CDE
100
AcDbEntity
 67
1
  8
E-TEKHAT-TABLO
100
AcDbText
 10
507.0
 20
203.7
 30
0.0
 40
1.8
  1
1,70 kW
  7
GYM
 72
1
 11
507.0
 21
203.7
 31
0.0
100
AcDbText
 73
2
  0
TEXT
  5
1230
330
CDE
100
AcDbEntity
 67
1
  8
E-TEKHAT-TABLO
100
AcDbText
 10
533.0
 20
203.7
 30
0.0
 40
1.8
  1
1,15 kW
  7
GYM
 72
1
 11
533.0
 21
203.7
 31
0.0
100
AcDbText
 73
2
  0
TEXT
  5
1231
330
CDE
100
AcDbEntity
 67
1
  8
E-TEKHAT-TABLO
100
AcDbText
 10
559.0
 20
203.7
 30
0.0
 40
1.8
  1
1,15 kW
  7
GYM
 72
1
 11
559.0
 21
203.7
 31
0.0
100
AcDbText
 73
2
  0
TEXT
  5
1232
330
CDE
100
AcDbEntity
 67
1
  8
E-TEKHAT-TABLO
100
AcDbText
 10
585.0
 20
203.7
 30
0.0
 40
1.8
  1
0,45 kW
  7
GYM
 72
1
 11
585.0
 21
203.7
 31
0.0
100
AcDbText
 73
2
  0
TEXT
  5
1233
330
CDE
100
AcDbEntity
 67
1
  8
E-TEKHAT-TABLO
100
AcDbText
 10
611.0
 20
203.7
 30
0.0
 40
1.8
  1
0,12 kW
  7
GYM
 72
1
 11
611.0
 21
203.7
 31
0.0
100
AcDbText
 73
2
  0
TEXT
  5
1234
330
CDE
100
AcDbEntity
 67
1
  8
E-TEKHAT-TABLO
100
AcDbText
 10
637.0
 20
203.7
 30
0.0
 40
1.8
  1
0,15 kW
  7
GYM
 72
1
 11
637.0
 21
203.7
 31
0.0
100
AcDbText
 73
2
  0
TEXT
  5
1235
330
CDE
100
AcDbEntity
 67
1
  8
E-TEKHAT-TABLO
100
AcDbText
 10
663.0
 20
203.7
 30
0.0
 40
1.8
  1
—
  7
GYM
 72
1
 11
663.0
 21
203.7
 31
0.0
100
AcDbText
 73
2
  0
TEXT
  5
1236
330
CDE
100
AcDbEntity
 67
1
  8
E-TEKHAT-TABLO
100
AcDbText
 10
689.0
 20
203.7
 30
0.0
 40
1.8
  1
—
  7
GYM
 72
1
 11
689.0
 21
203.7
 31
0.0
100
AcDbText
 73
2
  0
TEXT
  5
1237
330
CDE
100
AcDbEntity
 67
1
  8
E-TEKHAT-TABLO
100
AcDbText
 10
715.0
 20
203.7
 30
0.0
 40
1.8
  1
—
  7
GYM
 72
1
 11
715.0
 21
203.7
 31
0.0
100
AcDbText
 73
2
  0
TEXT
  5
1238
330
CDE
100
AcDbEntity
 67
1
  8
E-TEKHAT-TABLO
100
AcDbText
 10
741.0
 20
203.7
 30
0.0
 40
1.8
  1
—
  7
GYM
 72
1
 11
741.0
 21
203.7
 31
0.0
100
AcDbText
 73
2
  0
TEXT
  5
1239
330
CDE
100
AcDbEntity
 67
1
  8
E-TEKHAT-TABLO
100
AcDbText
 10
28.0
 20
195.10000000000002
 30
0.0
 40
2.0
  1
cos φ
  7
GYM-B
 11
28.0
 21
195.10000000000002
 31
0.0
100
AcDbText
 73
2
  0
TEXT
  5
123A
330
CDE
100
AcDbEntity
 67
1
  8
E-TEKHAT-TABLO
100
AcDbText
 10
91.0
 20
195.10000000000002
 30
0.0
 40
1.8
  1
0,95
  7
GYM
 72
1
 11
91.0
 21
195.10000000000002
 31
0.0
100
AcDbText
 73
2
  0
TEXT
  5
123B
330
CDE
100
AcDbEntity
 67
1
  8
E-TEKHAT-TABLO
100
AcDbText
 10
117.0
 20
195.10000000000002
 30
0.0
 40
1.8
  1
0,95
  7
GYM
 72
1
 11
117.0
 21
195.10000000000002
 31
0.0
100
AcDbText
 73
2
  0
TEXT
  5
123C
330
CDE
100
AcDbEntity
 67
1
  8
E-TEKHAT-TABLO
100
AcDbText
 10
143.0
 20
195.10000000000002
 30
0.0
 40
1.8
  1
0,95
  7
GYM
 72
1
 11
143.0
 21
195.10000000000002
 31
0.0
100
AcDbText
 73
2
  0
TEXT
  5
123D
330
CDE
100
AcDbEntity
 67
1
  8
E-TEKHAT-TABLO
100
AcDbText
 10
169.0
 20
195.10000000000002
 30
0.0
 40
1.8
  1
0,95
  7
GYM
 72
1
 11
169.0
 21
195.10000000000002
 31
0.0
100
AcDbText
 73
2
  0
TEXT
  5
123E
330
CDE
100
AcDbEntity
 67
1
  8
E-TEKHAT-TABLO
100
AcDbText
 10
195.0
 20
195.10000000000002
 30
0.0
 40
1.8
  1
0,95
  7
GYM
 72
1
 11
195.0
 21
195.10000000000002
 31
0.0
100
AcDbText
 73
2
  0
TEXT
  5
123F
330
CDE
100
AcDbEntity
 67
1
  8
E-TEKHAT-TABLO
100
AcDbText
 10
221.0
 20
195.10000000000002
 30
0.0
 40
1.8
  1
0,90
  7
GYM
 72
1
 11
221.0
 21
195.10000000000002
 31
0.0
100
AcDbText
 73
2
  0
TEXT
  5
1240
330
CDE
100
AcDbEntity
 67
1
  8
E-TEKHAT-TABLO
100
AcDbText
 10
247.0
 20
195.10000000000002
 30
0.0
 40
1.8
  1
0,90
  7
GYM
 72
1
 11
247.0
 21
195.10000000000002
 31
0.0
100
AcDbText
 73
2
  0
TEXT
  5
1241
330
CDE
100
AcDbEntity
 67
1
  8
E-TEKHAT-TABLO
100
AcDbText
 10
273.0
 20
195.10000000000002
 30
0.0
 40
1.8
  1
0,90
  7
GYM
 72
1
 11
273.0
 21
195.10000000000002
 31
0.0
100
AcDbText
 73
2
  0
TEXT
  5
1242
330
CDE
100
AcDbEntity
 67
1
  8
E-TEKHAT-TABLO
100
AcDbText
 10
299.0
 20
195.10000000000002
 30
0.0
 40
1.8
  1
0,90
  7
GYM
 72
1
 11
299.0
 21
195.10000000000002
 31
0.0
100
AcDbText
 73
2
  0
TEXT
  5
1243
330
CDE
100
AcDbEntity
 67
1
  8
E-TEKHAT-TABLO
100
AcDbText
 10
325.0
 20
195.10000000000002
 30
0.0
 40
1.8
  1
0,90
  7
GYM
 72
1
 11
325.0
 21
195.10000000000002
 31
0.0
100
AcDbText
 73
2
  0
TEXT
  5
1244
330
CDE
100
AcDbEntity
 67
1
  8
E-TEKHAT-TABLO
100
AcDbText
 10
351.0
 20
195.10000000000002
 30
0.0
 40
1.8
  1
0,90
  7
GYM
 72
1
 11
351.0
 21
195.10000000000002
 31
0.0
100
AcDbText
 73
2
  0
TEXT
  5
1245
330
CDE
100
AcDbEntity
 67
1
  8
E-TEKHAT-TABLO
100
AcDbText
 10
377.0
 20
195.10000000000002
 30
0.0
 40
1.8
  1
0,95
  7
GYM
 72
1
 11
377.0
 21
195.10000000000002
 31
0.0
100
AcDbText
 73
2
  0
TEXT
  5
1246
330
CDE
100
AcDbEntity
 67
1
  8
E-TEKHAT-TABLO
100
AcDbText
 10
403.0
 20
195.10000000000002
 30
0.0
 40
1.8
  1
0,90
  7
GYM
 72
1
 11
403.0
 21
195.10000000000002
 31
0.0
100
AcDbText
 73
2
  0
TEXT
  5
1247
330
CDE
100
AcDbEntity
 67
1
  8
E-TEKHAT-TABLO
100
AcDbText
 10
429.0
 20
195.10000000000002
 30
0.0
 40
1.8
  1
1,00
  7
GYM
 72
1
 11
429.0
 21
195.10000000000002
 31
0.0
100
AcDbText
 73
2
  0
TEXT
  5
1248
330
CDE
100
AcDbEntity
 67
1
  8
E-TEKHAT-TABLO
100
AcDbText
 10
455.0
 20
195.10000000000002
 30
0.0
 40
1.8
  1
1,00
  7
GYM
 72
1
 11
455.0
 21
195.10000000000002
 31
0.0
100
AcDbText
 73
2
  0
TEXT
  5
1249
330
CDE
100
AcDbEntity
 67
1
  8
E-TEKHAT-TABLO
100
AcDbText
 10
481.0
 20
195.10000000000002
 30
0.0
 40
1.8
  1
0,85
  7
GYM
 72
1
 11
481.0
 21
195.10000000000002
 31
0.0
100
AcDbText
 73
2
  0
TEXT
  5
124A
330
CDE
100
AcDbEntity
 67
1
  8
E-TEKHAT-TABLO
100
AcDbText
 10
507.0
 20
195.10000000000002
 30
0.0
 40
1.8
  1
0,85
  7
GYM
 72
1
 11
507.0
 21
195.10000000000002
 31
0.0
100
AcDbText
 73
2
  0
TEXT
  5
124B
330
CDE
100
AcDbEntity
 67
1
  8
E-TEKHAT-TABLO
100
AcDbText
 10
533.0
 20
195.10000000000002
 30
0.0
 40
1.8
  1
0,85
  7
GYM
 72
1
 11
533.0
 21
195.10000000000002
 31
0.0
100
AcDbText
 73
2
  0
TEXT
  5
124C
330
CDE
100
AcDbEntity
 67
1
  8
E-TEKHAT-TABLO
100
AcDbText
 10
559.0
 20
195.10000000000002
 30
0.0
 40
1.8
  1
0,85
  7
GYM
 72
1
 11
559.0
 21
195.10000000000002
 31
0.0
100
AcDbText
 73
2
  0
TEXT
  5
124D
330
CDE
100
AcDbEntity
 67
1
  8
E-TEKHAT-TABLO
100
AcDbText
 10
585.0
 20
195.10000000000002
 30
0.0
 40
1.8
  1
0,85
  7
GYM
 72
1
 11
585.0
 21
195.10000000000002
 31
0.0
100
AcDbText
 73
2
  0
TEXT
  5
124E
330
CDE
100
AcDbEntity
 67
1
  8
E-TEKHAT-TABLO
100
AcDbText
 10
611.0
 20
195.10000000000002
 30
0.0
 40
1.8
  1
0,85
  7
GYM
 72
1
 11
611.0
 21
195.10000000000002
 31
0.0
100
AcDbText
 73
2
  0
TEXT
  5
124F
330
CDE
100
AcDbEntity
 67
1
  8
E-TEKHAT-TABLO
100
AcDbText
 10
637.0
 20
195.10000000000002
 30
0.0
 40
1.8
  1
0,90
  7
GYM
 72
1
 11
637.0
 21
195.10000000000002
 31
0.0
100
AcDbText
 73
2
  0
TEXT
  5
1250
330
CDE
100
AcDbEntity
 67
1
  8
E-TEKHAT-TABLO
100
AcDbText
 10
663.0
 20
195.10000000000002
 30
0.0
 40
1.8
  1
—
  7
GYM
 72
1
 11
663.0
 21
195.10000000000002
 31
0.0
100
AcDbText
 73
2
  0
TEXT
  5
1251
330
CDE
100
AcDbEntity
 67
1
  8
E-TEKHAT-TABLO
100
AcDbText
 10
689.0
 20
195.10000000000002
 30
0.0
 40
1.8
  1
—
  7
GYM
 72
1
 11
689.0
 21
195.10000000000002
 31
0.0
100
AcDbText
 73
2
  0
TEXT
  5
1252
330
CDE
100
AcDbEntity
 67
1
  8
E-TEKHAT-TABLO
100
AcDbText
 10
715.0
 20
195.10000000000002
 30
0.0
 40
1.8
  1
—
  7
GYM
 72
1
 11
715.0
 21
195.10000000000002
 31
0.0
100
AcDbText
 73
2
  0
TEXT
  5
1253
330
CDE
100
AcDbEntity
 67
1
  8
E-TEKHAT-TABLO
100
AcDbText
 10
741.0
 20
195.10000000000002
 30
0.0
 40
1.8
  1
—
  7
GYM
 72
1
 11
741.0
 21
195.10000000000002
 31
0.0
100
AcDbText
 73
2
  0
TEXT
  5
1254
330
CDE
100
AcDbEntity
 67
1
  8
E-TEKHAT-TABLO
100
AcDbText
 10
28.0
 20
186.5
 30
0.0
 40
2.0
  1
HESAP AKIMI Ib
  7
GYM-B
 11
28.0
 21
186.5
 31
0.0
100
AcDbText
 73
2
  0
TEXT
  5
1255
330
CDE
100
AcDbEntity
 67
1
  8
E-TEKHAT-TABLO
100
AcDbText
 10
91.0
 20
186.5
 30
0.0
 40
1.8
  1
1,3 A
  7
GYM
 72
1
 11
91.0
 21
186.5
 31
0.0
100
AcDbText
 73
2
  0
TEXT
  5
1256
330
CDE
100
AcDbEntity
 67
1
  8
E-TEKHAT-TABLO
100
AcDbText
 10
117.0
 20
186.5
 30
0.0
 40
1.8
  1
0,5 A
  7
GYM
 72
1
 11
117.0
 21
186.5
 31
0.0
100
AcDbText
 73
2
  0
TEXT
  5
1257
330
CDE
100
AcDbEntity
 67
1
  8
E-TEKHAT-TABLO
100
AcDbText
 10
143.0
 20
186.5
 30
0.0
 40
1.8
  1
0,5 A
  7
GYM
 72
1
 11
143.0
 21
186.5
 31
0.0
100
AcDbText
 73
2
  0
TEXT
  5
1258
330
CDE
100
AcDbEntity
 67
1
  8
E-TEKHAT-TABLO
100
AcDbText
 10
169.0
 20
186.5
 30
0.0
 40
1.8
  1
0,4 A
  7
GYM
 72
1
 11
169.0
 21
186.5
 31
0.0
100
AcDbText
 73
2
  0
TEXT
  5
1259
330
CDE
100
AcDbEntity
 67
1
  8
E-TEKHAT-TABLO
100
AcDbText
 10
195.0
 20
186.5
 30
0.0
 40
1.8
  1
0,3 A
  7
GYM
 72
1
 11
195.0
 21
186.5
 31
0.0
100
AcDbText
 73
2
  0
TEXT
  5
125A
330
CDE
100
AcDbEntity
 67
1
  8
E-TEKHAT-TABLO
100
AcDbText
 10
221.0
 20
186.5
 30
0.0
 40
1.8
  1
4,3 A
  7
GYM
 72
1
 11
221.0
 21
186.5
 31
0.0
100
AcDbText
 73
2
  0
TEXT
  5
125B
330
CDE
100
AcDbEntity
 67
1
  8
E-TEKHAT-TABLO
100
AcDbText
 10
247.0
 20
186.5
 30
0.0
 40
1.8
  1
3,6 A
  7
GYM
 72
1
 11
247.0
 21
186.5
 31
0.0
100
AcDbText
 73
2
  0
TEXT
  5
125C
330
CDE
100
AcDbEntity
 67
1
  8
E-TEKHAT-TABLO
100
AcDbText
 10
273.0
 20
186.5
 30
0.0
 40
1.8
  1
4,8 A
  7
GYM
 72
1
 11
273.0
 21
186.5
 31
0.0
100
AcDbText
 73
2
  0
TEXT
  5
125D
330
CDE
100
AcDbEntity
 67
1
  8
E-TEKHAT-TABLO
100
AcDbText
 10
299.0
 20
186.5
 30
0.0
 40
1.8
  1
11,6 A
  7
GYM
 72
1
 11
299.0
 21
186.5
 31
0.0
100
AcDbText
 73
2
  0
TEXT
  5
125E
330
CDE
100
AcDbEntity
 67
1
  8
E-TEKHAT-TABLO
100
AcDbText
 10
325.0
 20
186.5
 30
0.0
 40
1.8
  1
3,6 A
  7
GYM
 72
1
 11
325.0
 21
186.5
 31
0.0
100
AcDbText
 73
2
  0
TEXT
  5
125F
330
CDE
100
AcDbEntity
 67
1
  8
E-TEKHAT-TABLO
100
AcDbText
 10
351.0
 20
186.5
 30
0.0
 40
1.8
  1
2,9 A
  7
GYM
 72
1
 11
351.0
 21
186.5
 31
0.0
100
AcDbText
 73
2
  0
TEXT
  5
1260
330
CDE
100
AcDbEntity
 67
1
  8
E-TEKHAT-TABLO
100
AcDbText
 10
377.0
 20
186.5
 30
0.0
 40
1.8
  1
0,5 A
  7
GYM
 72
1
 11
377.0
 21
186.5
 31
0.0
100
AcDbText
 73
2
  0
TEXT
  5
1261
330
CDE
100
AcDbEntity
 67
1
  8
E-TEKHAT-TABLO
100
AcDbText
 10
403.0
 20
186.5
 30
0.0
 40
1.8
  1
2,4 A
  7
GYM
 72
1
 11
403.0
 21
186.5
 31
0.0
100
AcDbText
 73
2
  0
TEXT
  5
1262
330
CDE
100
AcDbEntity
 67
1
  8
E-TEKHAT-TABLO
100
AcDbText
 10
429.0
 20
186.5
 30
0.0
 40
1.8
  1
13,0 A
  7
GYM
 72
1
 11
429.0
 21
186.5
 31
0.0
100
AcDbText
 73
2
  0
TEXT
  5
1263
330
CDE
100
AcDbEntity
 67
1
  8
E-TEKHAT-TABLO
100
AcDbText
 10
455.0
 20
186.5
 30
0.0
 40
1.8
  1
13,0 A
  7
GYM
 72
1
 11
455.0
 21
186.5
 31
0.0
100
AcDbText
 73
2
  0
TEXT
  5
1264
330
CDE
100
AcDbEntity
 67
1
  8
E-TEKHAT-TABLO
100
AcDbText
 10
481.0
 20
186.5
 30
0.0
 40
1.8
  1
11,3 A
  7
GYM
 72
1
 11
481.0
 21
186.5
 31
0.0
100
AcDbText
 73
2
  0
TEXT
  5
1265
330
CDE
100
AcDbEntity
 67
1
  8
E-TEKHAT-TABLO
100
AcDbText
 10
507.0
 20
186.5
 30
0.0
 40
1.8
  1
8,7 A
  7
GYM
 72
1
 11
507.0
 21
186.5
 31
0.0
100
AcDbText
 73
2
  0
TEXT
  5
1266
330
CDE
100
AcDbEntity
 67
1
  8
E-TEKHAT-TABLO
100
AcDbText
 10
533.0
 20
186.5
 30
0.0
 40
1.8
  1
5,9 A
  7
GYM
 72
1
 11
533.0
 21
186.5
 31
0.0
100
AcDbText
 73
2
  0
TEXT
  5
1267
330
CDE
100
AcDbEntity
 67
1
  8
E-TEKHAT-TABLO
100
AcDbText
 10
559.0
 20
186.5
 30
0.0
 40
1.8
  1
5,9 A
  7
GYM
 72
1
 11
559.0
 21
186.5
 31
0.0
100
AcDbText
 73
2
  0
TEXT
  5
1268
330
CDE
100
AcDbEntity
 67
1
  8
E-TEKHAT-TABLO
100
AcDbText
 10
585.0
 20
186.5
 30
0.0
 40
1.8
  1
2,3 A
  7
GYM
 72
1
 11
585.0
 21
186.5
 31
0.0
100
AcDbText
 73
2
  0
TEXT
  5
1269
330
CDE
100
AcDbEntity
 67
1
  8
E-TEKHAT-TABLO
100
AcDbText
 10
611.0
 20
186.5
 30
0.0
 40
1.8
  1
0,6 A
  7
GYM
 72
1
 11
611.0
 21
186.5
 31
0.0
100
AcDbText
 73
2
  0
TEXT
  5
126A
330
CDE
100
AcDbEntity
 67
1
  8
E-TEKHAT-TABLO
100
AcDbText
 10
637.0
 20
186.5
 30
0.0
 40
1.8
  1
0,7 A
  7
GYM
 72
1
 11
637.0
 21
186.5
 31
0.0
100
AcDbText
 73
2
  0
TEXT
  5
126B
330
CDE
100
AcDbEntity
 67
1
  8
E-TEKHAT-TABLO
100
AcDbText
 10
663.0
 20
186.5
 30
0.0
 40
1.8
  1
—
  7
GYM
 72
1
 11
663.0
 21
186.5
 31
0.0
100
AcDbText
 73
2
  0
TEXT
  5
126C
330
CDE
100
AcDbEntity
 67
1
  8
E-TEKHAT-TABLO
100
AcDbText
 10
689.0
 20
186.5
 30
0.0
 40
1.8
  1
—
  7
GYM
 72
1
 11
689.0
 21
186.5
 31
0.0
100
AcDbText
 73
2
  0
TEXT
  5
126D
330
CDE
100
AcDbEntity
 67
1
  8
E-TEKHAT-TABLO
100
AcDbText
 10
715.0
 20
186.5
 30
0.0
 40
1.8
  1
—
  7
GYM
 72
1
 11
715.0
 21
186.5
 31
0.0
100
AcDbText
 73
2
  0
TEXT
  5
126E
330
CDE
100
AcDbEntity
 67
1
  8
E-TEKHAT-TABLO
100
AcDbText
 10
741.0
 20
186.5
 30
0.0
 40
1.8
  1
—
  7
GYM
 72
1
 11
741.0
 21
186.5
 31
0.0
100
AcDbText
 73
2
  0
TEXT
  5
126F
330
CDE
100
AcDbEntity
 67
1
  8
E-TEKHAT-TABLO
100
AcDbText
 10
28.0
 20
177.9
 30
0.0
 40
2.0
  1
GERİLİM DÜŞÜMÜ
  7
GYM-B
 11
28.0
 21
177.9
 31
0.0
100
AcDbText
 73
2
  0
TEXT
  5
1270
330
CDE
100
AcDbEntity
 67
1
  8
E-TEKHAT-TABLO
100
AcDbText
 10
91.0
 20
177.9
 30
0.0
 40
1.8
  1
%0,13
  7
GYM
 72
1
 11
91.0
 21
177.9
 31
0.0
100
AcDbText
 73
2
  0
TEXT
  5
1271
330
CDE
100
AcDbEntity
 67
1
  8
E-TEKHAT-TABLO
100
AcDbText
 10
117.0
 20
177.9
 30
0.0
 40
1.8
  1
%0,05
  7
GYM
 72
1
 11
117.0
 21
177.9
 31
0.0
100
AcDbText
 73
2
  0
TEXT
  5
1272
330
CDE
100
AcDbEntity
 67
1
  8
E-TEKHAT-TABLO
100
AcDbText
 10
143.0
 20
177.9
 30
0.0
 40
1.8
  1
%0,06
  7
GYM
 72
1
 11
143.0
 21
177.9
 31
0.0
100
AcDbText
 73
2
  0
TEXT
  5
1273
330
CDE
100
AcDbEntity
 67
1
  8
E-TEKHAT-TABLO
100
AcDbText
 10
169.0
 20
177.9
 30
0.0
 40
1.8
  1
%0,03
  7
GYM
 72
1
 11
169.0
 21
177.9
 31
0.0
100
AcDbText
 73
2
  0
TEXT
  5
1274
330
CDE
100
AcDbEntity
 67
1
  8
E-TEKHAT-TABLO
100
AcDbText
 10
195.0
 20
177.9
 30
0.0
 40
1.8
  1
%0,02
  7
GYM
 72
1
 11
195.0
 21
177.9
 31
0.0
100
AcDbText
 73
2
  0
TEXT
  5
1275
330
CDE
100
AcDbEntity
 67
1
  8
E-TEKHAT-TABLO
100
AcDbText
 10
221.0
 20
177.9
 30
0.0
 40
1.8
  1
%0,24
  7
GYM
 72
1
 11
221.0
 21
177.9
 31
0.0
100
AcDbText
 73
2
  0
TEXT
  5
1276
330
CDE
100
AcDbEntity
 67
1
  8
E-TEKHAT-TABLO
100
AcDbText
 10
247.0
 20
177.9
 30
0.0
 40
1.8
  1
%0,42
  7
GYM
 72
1
 11
247.0
 21
177.9
 31
0.0
100
AcDbText
 73
2
  0
TEXT
  5
1277
330
CDE
100
AcDbEntity
 67
1
  8
E-TEKHAT-TABLO
100
AcDbText
 10
273.0
 20
177.9
 30
0.0
 40
1.8
  1
%0,30
  7
GYM
 72
1
 11
273.0
 21
177.9
 31
0.0
100
AcDbText
 73
2
  0
TEXT
  5
1278
330
CDE
100
AcDbEntity
 67
1
  8
E-TEKHAT-TABLO
100
AcDbText
 10
299.0
 20
177.9
 30
0.0
 40
1.8
  1
%1,40
  7
GYM
 72
1
 11
299.0
 21
177.9
 31
0.0
100
AcDbText
 73
2
  0
TEXT
  5
1279
330
CDE
100
AcDbEntity
 67
1
  8
E-TEKHAT-TABLO
100
AcDbText
 10
325.0
 20
177.9
 30
0.0
 40
1.8
  1
%0,27
  7
GYM
 72
1
 11
325.0
 21
177.9
 31
0.0
100
AcDbText
 73
2
  0
TEXT
  5
127A
330
CDE
100
AcDbEntity
 67
1
  8
E-TEKHAT-TABLO
100
AcDbText
 10
351.0
 20
177.9
 30
0.0
 40
1.8
  1
%0,18
  7
GYM
 72
1
 11
351.0
 21
177.9
 31
0.0
100
AcDbText
 73
2
  0
TEXT
  5
127B
330
CDE
100
AcDbEntity
 67
1
  8
E-TEKHAT-TABLO
100
AcDbText
 10
377.0
 20
177.9
 30
0.0
 40
1.8
  1
%0,06
  7
GYM
 72
1
 11
377.0
 21
177.9
 31
0.0
100
AcDbText
 73
2
  0
TEXT
  5
127C
330
CDE
100
AcDbEntity
 67
1
  8
E-TEKHAT-TABLO
100
AcDbText
 10
403.0
 20
177.9
 30
0.0
 40
1.8
  1
%0,27
  7
GYM
 72
1
 11
403.0
 21
177.9
 31
0.0
100
AcDbText
 73
2
  0
TEXT
  5
127D
330
CDE
100
AcDbEntity
 67
1
  8
E-TEKHAT-TABLO
100
AcDbText
 10
429.0
 20
177.9
 30
0.0
 40
1.8
  1
%1,65
  7
GYM
 72
1
 11
429.0
 21
177.9
 31
0.0
100
AcDbText
 73
2
  0
TEXT
  5
127E
330
CDE
100
AcDbEntity
 67
1
  8
E-TEKHAT-TABLO
100
AcDbText
 10
455.0
 20
177.9
 30
0.0
 40
1.8
  1
%1,97
  7
GYM
 72
1
 11
455.0
 21
177.9
 31
0.0
100
AcDbText
 73
2
  0
TEXT
  5
127F
330
CDE
100
AcDbEntity
 67
1
  8
E-TEKHAT-TABLO
100
AcDbText
 10
481.0
 20
177.9
 30
0.0
 40
1.8
  1
%1,32
  7
GYM
 72
1
 11
481.0
 21
177.9
 31
0.0
100
AcDbText
 73
2
  0
TEXT
  5
1280
330
CDE
100
AcDbEntity
 67
1
  8
E-TEKHAT-TABLO
100
AcDbText
 10
507.0
 20
177.9
 30
0.0
 40
1.8
  1
%0,73
  7
GYM
 72
1
 11
507.0
 21
177.9
 31
0.0
100
AcDbText
 73
2
  0
TEXT
  5
1281
330
CDE
100
AcDbEntity
 67
1
  8
E-TEKHAT-TABLO
100
AcDbText
 10
533.0
 20
177.9
 30
0.0
 40
1.8
  1
%0,48
  7
GYM
 72
1
 11
533.0
 21
177.9
 31
0.0
100
AcDbText
 73
2
  0
TEXT
  5
1282
330
CDE
100
AcDbEntity
 67
1
  8
E-TEKHAT-TABLO
100
AcDbText
 10
559.0
 20
177.9
 30
0.0
 40
1.8
  1
%0,58
  7
GYM
 72
1
 11
559.0
 21
177.9
 31
0.0
100
AcDbText
 73
2
  0
TEXT
  5
1283
330
CDE
100
AcDbEntity
 67
1
  8
E-TEKHAT-TABLO
100
AcDbText
 10
585.0
 20
177.9
 30
0.0
 40
1.8
  1
%0,21
  7
GYM
 72
1
 11
585.0
 21
177.9
 31
0.0
100
AcDbText
 73
2
  0
TEXT
  5
1284
330
CDE
100
AcDbEntity
 67
1
  8
E-TEKHAT-TABLO
100
AcDbText
 10
611.0
 20
177.9
 30
0.0
 40
1.8
  1
%0,07
  7
GYM
 72
1
 11
611.0
 21
177.9
 31
0.0
100
AcDbText
 73
2
  0
TEXT
  5
1285
330
CDE
100
AcDbEntity
 67
1
  8
E-TEKHAT-TABLO
100
AcDbText
 10
637.0
 20
177.9
 30
0.0
 40
1.8
  1
%0,05
  7
GYM
 72
1
 11
637.0
 21
177.9
 31
0.0
100
AcDbText
 73
2
  0
TEXT
  5
1286
330
CDE
100
AcDbEntity
 67
1
  8
E-TEKHAT-TABLO
100
AcDbText
 10
663.0
 20
177.9
 30
0.0
 40
1.8
  1
—
  7
GYM
 72
1
 11
663.0
 21
177.9
 31
0.0
100
AcDbText
 73
2
  0
TEXT
  5
1287
330
CDE
100
AcDbEntity
 67
1
  8
E-TEKHAT-TABLO
100
AcDbText
 10
689.0
 20
177.9
 30
0.0
 40
1.8
  1
—
  7
GYM
 72
1
 11
689.0
 21
177.9
 31
0.0
100
AcDbText
 73
2
  0
TEXT
  5
1288
330
CDE
100
AcDbEntity
 67
1
  8
E-TEKHAT-TABLO
100
AcDbText
 10
715.0
 20
177.9
 30
0.0
 40
1.8
  1
—
  7
GYM
 72
1
 11
715.0
 21
177.9
 31
0.0
100
AcDbText
 73
2
  0
TEXT
  5
1289
330
CDE
100
AcDbEntity
 67
1
  8
E-TEKHAT-TABLO
100
AcDbText
 10
741.0
 20
177.9
 30
0.0
 40
1.8
  1
—
  7
GYM
 72
1
 11
741.0
 21
177.9
 31
0.0
100
AcDbText
 73
2
  0
TEXT
  5
128A
330
CDE
100
AcDbEntity
 67
1
  8
E-TEKHAT-YAZI
100
AcDbText
 10
26.0
 20
161.60000000000002
 30
0.0
 40
2.5
  1
FAZ DENGESİ
  7
GYM-B
 11
26.0
 21
161.60000000000002
 31
0.0
100
AcDbText
 73
2
  0
LWPOLYLINE
  5
128B
330
CDE
100
AcDbEntity
 67
1
  8
E-TEKHAT-TABLO
370
35
100
AcDbPolyline
 90
2
 70
0
 10
26.0
 20
158.60000000000002
 10
175.25
 20
158.60000000000002
  0
TEXT
  5
128C
330
CDE
100
AcDbEntity
 67
1
  8
E-TEKHAT-TABLO
100
AcDbText
 10
26.0
 20
153.60000000000002
 30
0.0
 40
2.0
  1
L1 bağlı güç
  7
GYM
 11
26.0
 21
153.60000000000002
 31
0.0
100
AcDbText
 73
2
  0
TEXT
  5
128D
330
CDE
100
AcDbEntity
 67
1
  8
E-TEKHAT-TABLO
100
AcDbText
 10
174.25
 20
153.60000000000002
 30
0.0
 40
2.0
  1
4,86 kW
  7
GYM
 72
2
 11
174.25
 21
153.60000000000002
 31
0.0
100
AcDbText
 73
2
  0
TEXT
  5
128E
330
CDE
100
AcDbEntity
 67
1
  8
E-TEKHAT-TABLO
100
AcDbText
 10
26.0
 20
148.40000000000003
 30
0.0
 40
2.0
  1
L2 bağlı güç
  7
GYM
 11
26.0
 21
148.40000000000003
 31
0.0
100
AcDbText
 73
2
  0
TEXT
  5
128F
330
CDE
100
AcDbEntity
 67
1
  8
E-TEKHAT-TABLO
100
AcDbText
 10
174.25
 20
148.40000000000003
 30
0.0
 40
2.0
  1
4,91 kW
  7
GYM
 72
2
 11
174.25
 21
148.40000000000003
 31
0.0
100
AcDbText
 73
2
  0
TEXT
  5
1290
330
CDE
100
AcDbEntity
 67
1
  8
E-TEKHAT-TABLO
100
AcDbText
 10
26.0
 20
143.20000000000005
 30
0.0
 40
2.0
  1
L3 bağlı güç
  7
GYM
 11
26.0
 21
143.20000000000005
 31
0.0
100
AcDbText
 73
2
  0
TEXT
  5
1291
330
CDE
100
AcDbEntity
 67
1
  8
E-TEKHAT-TABLO
100
AcDbText
 10
174.25
 20
143.20000000000005
 30
0.0
 40
2.0
  1
4,87 kW
  7
GYM
 72
2
 11
174.25
 21
143.20000000000005
 31
0.0
100
AcDbText
 73
2
  0
TEXT
  5
1292
330
CDE
100
AcDbEntity
 67
1
  8
E-TEKHAT-TABLO
100
AcDbText
 10
26.0
 20
138.00000000000006
 30
0.0
 40
2.0
  1
L1 / L2 / L3 akımı
  7
GYM
 11
26.0
 21
138.00000000000006
 31
0.0
100
AcDbText
 73
2
  0
TEXT
  5
1293
330
CDE
100
AcDbEntity
 67
1
  8
E-TEKHAT-TABLO
100
AcDbText
 10
174.25
 20
138.00000000000006
 30
0.0
 40
2.0
  1
23 / 23 / 23 A
  7
GYM
 72
2
 11
174.25
 21
138.00000000000006
 31
0.0
100
AcDbText
 73
2
  0
TEXT
  5
1294
330
CDE
100
AcDbEntity
 67
1
  8
E-TEKHAT-TABLO
100
AcDbText
 10
26.0
 20
132.80000000000007
 30
0.0
 40
2.0
  1
Dengesizlik
  7
GYM
 11
26.0
 21
132.80000000000007
 31
0.0
100
AcDbText
 73
2
  0
TEXT
  5
1295
330
CDE
100
AcDbEntity
 67
1
  8
E-TEKHAT-TABLO
100
AcDbText
 10
174.25
 20
132.80000000000007
 30
0.0
 40
2.0
  1
%1,0
  7
GYM
 72
2
 11
174.25
 21
132.80000000000007
 31
0.0
100
AcDbText
 73
2
  0
TEXT
  5
1296
330
CDE
100
AcDbEntity
 67
1
  8
E-TEKHAT-TABLO
100
AcDbText
 10
26.0
 20
127.60000000000007
 30
0.0
 40
2.0
  1
Sınır (pratik)
  7
GYM
 11
26.0
 21
127.60000000000007
 31
0.0
100
AcDbText
 73
2
  0
TEXT
  5
1297
330
CDE
100
AcDbEntity
 67
1
  8
E-TEKHAT-TABLO
100
AcDbText
 10
174.25
 20
127.60000000000007
 30
0.0
 40
2.0
  1
%15
  7
GYM
 72
2
 11
174.25
 21
127.60000000000007
 31
0.0
100
AcDbText
 73
2
  0
TEXT
  5
1298
330
CDE
100
AcDbEntity
 67
1
  8
E-TEKHAT-YAZI
100
AcDbText
 10
180.25
 20
161.60000000000002
 30
0.0
 40
2.5
  1
GÜÇ ÖZETİ
  7
GYM-B
 11
180.25
 21
161.60000000000002
 31
0.0
100
AcDbText
 73
2
  0
LWPOLYLINE
  5
1299
330
CDE
100
AcDbEntity
 67
1
  8
E-TEKHAT-TABLO
370
35
100
AcDbPolyline
 90
2
 70
0
 10
180.25
 20
158.60000000000002
 10
329.5
 20
158.60000000000002
  0
TEXT
  5
129A
330
CDE
100
AcDbEntity
 67
1
  8
E-TEKHAT-TABLO
100
AcDbText
 10
180.25
 20
153.60000000000002
 30
0.0
 40
2.0
  1
Kurulu (bağlı) güç
  7
GYM
 11
180.25
 21
153.60000000000002
 31
0.0
100
AcDbText
 73
2
  0
TEXT
  5
129B
330
CDE
100
AcDbEntity
 67
1
  8
E-TEKHAT-TABLO
100
AcDbText
 10
328.5
 20
153.60000000000002
 30
0.0
 40
2.0
  1
20,59 kW
  7
GYM
 72
2
 11
328.5
 21
153.60000000000002
 31
0.0
100
AcDbText
 73
2
  0
TEXT
  5
129C
330
CDE
100
AcDbEntity
 67
1
  8
E-TEKHAT-TABLO
100
AcDbText
 10
180.25
 20
148.40000000000003
 30
0.0
 40
2.0
  1
Eşzamanlılık sonrası talep
  7
GYM
 11
180.25
 21
148.40000000000003
 31
0.0
100
AcDbText
 73
2
  0
TEXT
  5
129D
330
CDE
100
AcDbEntity
 67
1
  8
E-TEKHAT-TABLO
100
AcDbText
 10
328.5
 20
148.40000000000003
 30
0.0
 40
2.0
  1
14,63 kW
  7
GYM
 72
2
 11
328.5
 21
148.40000000000003
 31
0.0
100
AcDbText
 73
2
  0
TEXT
  5
129E
330
CDE
100
AcDbEntity
 67
1
  8
E-TEKHAT-TABLO
100
AcDbText
 10
180.25
 20
143.20000000000005
 30
0.0
 40
2.0
  1
Tasarım talep gücü
  7
GYM
 11
180.25
 21
143.20000000000005
 31
0.0
100
AcDbText
 73
2
  0
TEXT
  5
129F
330
CDE
100
AcDbEntity
 67
1
  8
E-TEKHAT-TABLO
100
AcDbText
 10
328.5
 20
143.20000000000005
 30
0.0
 40
2.0
  1
14,63 kW
  7
GYM
 72
2
 11
328.5
 21
143.20000000000005
 31
0.0
100
AcDbText
 73
2
  0
TEXT
  5
12A0
330
CDE
100
AcDbEntity
 67
1
  8
E-TEKHAT-TABLO
100
AcDbText
 10
180.25
 20
138.00000000000006
 30
0.0
 40
2.0
  1
Ana besleme akımı Ib
  7
GYM
 11
180.25
 21
138.00000000000006
 31
0.0
100
AcDbText
 73
2
  0
TEXT
  5
12A1
330
CDE
100
AcDbEntity
 67
1
  8
E-TEKHAT-TABLO
100
AcDbText
 10
328.5
 20
138.00000000000006
 30
0.0
 40
2.0
  1
23,0 A
  7
GYM
 72
2
 11
328.5
 21
138.00000000000006
 31
0.0
100
AcDbText
 73
2
  0
TEXT
  5
12A2
330
CDE
100
AcDbEntity
 67
1
  8
E-TEKHAT-TABLO
100
AcDbText
 10
180.25
 20
132.80000000000007
 30
0.0
 40
2.0
  1
Ana kesici In
  7
GYM
 11
180.25
 21
132.80000000000007
 31
0.0
100
AcDbText
 73
2
  0
TEXT
  5
12A3
330
CDE
100
AcDbEntity
 67
1
  8
E-TEKHAT-TABLO
100
AcDbText
 10
328.5
 20
132.80000000000007
 30
0.0
 40
2.0
  1
4×32 A
  7
GYM
 72
2
 11
328.5
 21
132.80000000000007
 31
0.0
100
AcDbText
 73
2
  0
TEXT
  5
12A4
330
CDE
100
AcDbEntity
 67
1
  8
E-TEKHAT-TABLO
100
AcDbText
 10
180.25
 20
127.60000000000007
 30
0.0
 40
2.0
  1
Linye sayısı
  7
GYM
 11
180.25
 21
127.60000000000007
 31
0.0
100
AcDbText
 73
2
  0
TEXT
  5
12A5
330
CDE
100
AcDbEntity
 67
1
  8
E-TEKHAT-TABLO
100
AcDbText
 10
328.5
 20
127.60000000000007
 30
0.0
 40
2.0
  1
22 + 4 yedek
  7
GYM
 72
2
 11
328.5
 21
127.60000000000007
 31
0.0
100
AcDbText
 73
2
  0
TEXT
  5
12A6
330
CDE
100
AcDbEntity
 67
1
  8
E-TEKHAT-YAZI
100
AcDbText
 10
334.5
 20
161.60000000000002
 30
0.0
 40
2.5
  1
HESAPLAR
  7
GYM-B
 11
334.5
 21
161.60000000000002
 31
0.0
100
AcDbText
 73
2
  0
LWPOLYLINE
  5
12A7
330
CDE
100
AcDbEntity
 67
1
  8
E-TEKHAT-TABLO
370
35
100
AcDbPolyline
 90
2
 70
0
 10
334.5
 20
158.60000000000002
 10
483.75
 20
158.60000000000002
  0
TEXT
  5
12A8
330
CDE
100
AcDbEntity
 67
1
  8
E-TEKHAT-TABLO
100
AcDbText
 10
334.5
 20
153.60000000000002
 30
0.0
 40
2.0
  1
Ana besleme kesiti
  7
GYM
 11
334.5
 21
153.60000000000002
 31
0.0
100
AcDbText
 73
2
  0
TEXT
  5
12A9
330
CDE
100
AcDbEntity
 67
1
  8
E-TEKHAT-TABLO
100
AcDbText
 10
482.75
 20
153.60000000000002
 30
0.0
 40
2.0
  1
NYY 5×10 mm²
  7
GYM
 72
2
 11
482.75
 21
153.60000000000002
 31
0.0
100
AcDbText
 73
2
  0
TEXT
  5
12AA
330
CDE
100
AcDbEntity
 67
1
  8
E-TEKHAT-TABLO
100
AcDbText
 10
334.5
 20
148.40000000000003
 30
0.0
 40
2.0
  1
Ana besleme ΔU
  7
GYM
 11
334.5
 21
148.40000000000003
 31
0.0
100
AcDbText
 73
2
  0
TEXT
  5
12AB
330
CDE
100
AcDbEntity
 67
1
  8
E-TEKHAT-TABLO
100
AcDbText
 10
482.75
 20
148.40000000000003
 30
0.0
 40
2.0
  1
%0,52
  7
GYM
 72
2
 11
482.75
 21
148.40000000000003
 31
0.0
100
AcDbText
 73
2
  0
TEXT
  5
12AC
330
CDE
100
AcDbEntity
 67
1
  8
E-TEKHAT-TABLO
100
AcDbText
 10
334.5
 20
143.20000000000005
 30
0.0
 40
2.0
  1
En yüksek son devre ΔU
  7
GYM
 11
334.5
 21
143.20000000000005
 31
0.0
100
AcDbText
 73
2
  0
TEXT
  5
12AD
330
CDE
100
AcDbEntity
 67
1
  8
E-TEKHAT-TABLO
100
AcDbText
 10
482.75
 20
143.20000000000005
 30
0.0
 40
2.0
  1
%1,97 (W2)
  7
GYM
 72
2
 11
482.75
 21
143.20000000000005
 31
0.0
100
AcDbText
 73
2
  0
TEXT
  5
12AE
330
CDE
100
AcDbEntity
 67
1
  8
E-TEKHAT-TABLO
100
AcDbText
 10
334.5
 20
138.00000000000006
 30
0.0
 40
2.0
  1
Toplam ΔU (en uzak tüketici)
  7
GYM
 11
334.5
 21
138.00000000000006
 31
0.0
100
AcDbText
 73
2
  0
TEXT
  5
12AF
330
CDE
100
AcDbEntity
 67
1
  8
E-TEKHAT-TABLO
100
AcDbText
 10
482.75
 20
138.00000000000006
 30
0.0
 40
2.0
  1
%2,49
  7
GYM
 72
2
 11
482.75
 21
138.00000000000006
 31
0.0
100
AcDbText
 73
2
  0
TEXT
  5
12B0
330
CDE
100
AcDbEntity
 67
1
  8
E-TEKHAT-TABLO
100
AcDbText
 10
334.5
 20
132.80000000000007
 30
0.0
 40
2.0
  1
Sınır — TS HD 60364-5-52
  7
GYM
 11
334.5
 21
132.80000000000007
 31
0.0
100
AcDbText
 73
2
  0
TEXT
  5
12B1
330
CDE
100
AcDbEntity
 67
1
  8
E-TEKHAT-TABLO
100
AcDbText
 10
482.75
 20
132.80000000000007
 30
0.0
 40
2.0
  1
%5
  7
GYM
 72
2
 11
482.75
 21
132.80000000000007
 31
0.0
100
AcDbText
 73
2
  0
TEXT
  5
12B2
330
CDE
100
AcDbEntity
 67
1
  8
E-TEKHAT-TABLO
100
AcDbText
 10
334.5
 20
127.60000000000007
 30
0.0
 40
2.0
  1
Uygunsuz linye
  7
GYM
 11
334.5
 21
127.60000000000007
 31
0.0
100
AcDbText
 73
2
  0
TEXT
  5
12B3
330
CDE
100
AcDbEntity
 67
1
  8
E-TEKHAT-TABLO
100
AcDbText
 10
482.75
 20
127.60000000000007
 30
0.0
 40
2.0
  1
0 adet
  7
GYM
 72
2
 11
482.75
 21
127.60000000000007
 31
0.0
100
AcDbText
 73
2
  0
TEXT
  5
12B4
330
CDE
100
AcDbEntity
 67
1
  8
E-TEKHAT-YAZI
100
AcDbText
 10
488.75
 20
161.60000000000002
 30
0.0
 40
2.5
  1
GENEL NOTLAR
  7
GYM-B
 11
488.75
 21
161.60000000000002
 31
0.0
100
AcDbText
 73
2
  0
LWPOLYLINE
  5
12B5
330
CDE
100
AcDbEntity
 67
1
  8
E-TEKHAT-TABLO
370
35
100
AcDbPolyline
 90
2
 70
0
 10
488.75
 20
158.60000000000002
 10
638.0
 20
158.60000000000002
  0
TEXT
  5
12B6
330
CDE
100
AcDbEntity
 67
1
  8
E-TEKHAT-TABLO
100
AcDbText
 10
488.75
 20
153.60000000000002
 30
0.0
 40
1.8
  1
1. Sistem TN-S; sayaç sonrası N ve PE ayrı çekilir, panoda birleştirilmez.
  7
GYM
 11
488.75
 21
153.60000000000002
 31
0.0
100
AcDbText
 73
2
  0
TEXT
  5
12B7
330
CDE
100
AcDbEntity
 67
1
  8
E-TEKHAT-TABLO
100
AcDbText
 10
488.75
 20
148.80000000000004
 30
0.0
 40
1.8
  1
2. Ana girişte 300 mA S tipi seçici kaçak akım rölesi, son devrelerde 30 mA A tipi koruma (Elektrik İç Tesisleri Yön. md.18).
  7
GYM
 11
488.75
 21
148.80000000000004
 31
0.0
100
AcDbText
 73
2
  0
TEXT
  5
12B8
330
CDE
100
AcDbEntity
 67
1
  8
E-TEKHAT-TABLO
100
AcDbText
 10
488.75
 20
144.00000000000006
 30
0.0
 40
1.8
  1
3. Kesici anma akımları kaynaktan yüke doğru azalır — seçicilik sağlanmıştır.
  7
GYM
 11
488.75
 21
144.00000000000006
 31
0.0
100
AcDbText
 73
2
  0
TEXT
  5
12B9
330
CDE
100
AcDbEntity
 67
1
  8
E-TEKHAT-TABLO
100
AcDbText
 10
488.75
 20
139.20000000000007
 30
0.0
 40
1.8
  1
4. Yangın algılama paneli (Z2) kaçak akım rölesi arkasına alınmaz; kendi aküsüyle 60 dakika beslenir.
  7
GYM
 11
488.75
 21
139.20000000000007
 31
0.0
100
AcDbText
 73
2
  0
TEXT
  5
12BA
330
CDE
100
AcDbEntity
 67
1
  8
E-TEKHAT-TABLO
100
AcDbText
 10
488.75
 20
134.4000000000001
 30
0.0
 40
1.8
  1
5. Tüm kesiciler C eğrili, Icn 6 kA. Pano IEC 61439-1/-2'ye göre tip testli tasarımdan türetilmiştir.
  7
GYM
 11
488.75
 21
134.4000000000001
 31
0.0
100
AcDbText
 73
2
  0
TEXT
  5
12BB
330
CDE
100
AcDbEntity
 67
1
  8
E-TEKHAT-TABLO
100
AcDbText
 10
488.75
 20
129.6000000000001
 30
0.0
 40
1.8
  1
6. Kablo kesitleri ısınma (Iz) ve gerilim düşümü koşullarının ikisini birden sağlar; hesap tablosu paftada verilmiştir.
  7
GYM
 11
488.75
 21
129.6000000000001
 31
0.0
100
AcDbText
 73
2
  0
TEXT
  5
12BC
330
CDE
100
AcDbEntity
 67
1
  8
E-TEKHAT-TABLO
100
AcDbText
 10
488.75
 20
124.80000000000011
 30
0.0
 40
1.8
  1
7. Pano üzerinde kalıcı tek hat şeması ve linye etiketleri bulunacaktır.
  7
GYM
 11
488.75
 21
124.80000000000011
 31
0.0
100
AcDbText
 73
2
  0
LWPOLYLINE
  5
12BD
330
CDE
100
AcDbEntity
 67
1
  8
G-ANTET
 62
1
370
50
100
AcDbPolyline
 90
4
 70
1
 10
575.0
 20
109.0
 10
645.0
 20
109.0
 10
645.0
 20
118.0
 10
575.0
 20
118.0
  0
TEXT
  5
12BE
330
CDE
100
AcDbEntity
 67
1
  8
G-ANTET
 62
1
100
AcDbText
 10
610.0
 20
113.5
 30
0.0
 40
1.8
  1
ÖN TASARIM — UYGULAMA İÇİN DEĞİLDİR
  7
GYM
 72
1
 11
610.0
 21
113.5
 31
0.0
100
AcDbText
 73
2
  0
ENDBLK
  5
CE0
330
CDE
100
AcDbEntity
  8
0
100
AcDbBlockEnd
  0
BLOCK
  5
6CF
330
6CE
100
AcDbEntity
  8
0
100
AcDbBlockBegin
  2
*Paper_Space
 70
0
 10
0.0
 20
0.0
 30
0.0
  3
*Paper_Space
  1

  0
ENDBLK
  5
6D0
330
6CE
100
AcDbEntity
  8
0
100
AcDbBlockEnd
  0
ENDSEC
  0
SECTION
  2
ENTITIES
  0
HATCH
  5
1CA
330
17
100
AcDbEntity
  8
A-DUVAR-MEVCUT
 62
7
100
AcDbHatch
 10
0.0
 20
0.0
 30
0.0
210
0.0
220
0.0
230
1.0
  2
ANSI31
 70
0
 71
0
 91
54
 92
3
 72
0
 73
1
 93
4
 10
11012.0
 20
4959.0
 10
11563.0
 20
1104.0
 10
11760.987843861418
 20
1132.2986516128772
 10
11209.987843861418
 20
4987.298651612877
 97
0
 92
3
 72
0
 73
1
 93
8
 10
11353.0
 20
1092.9972899728996
 10
11563.0
 20
1104.0
 10
11532.984435797665
 20
1314.0
 10
11735.017041536825
 20
1314.0
 10
11773.000000000002
 20
1048.2571599354897
 10
11773.000000000002
 20
914.7283865325666
 10
11377.373726007741
 20
894.0000000000001
 10
11353.0
 20
894.0000000000001
 97
0
 92
3
 72
0
 73
1
 93
4
 10
11563.0
 20
1104.0
 10
10456.0
 20
1046.0
 10
10466.464418275433
 20
846.2739477430229
 10
11573.464418275433
 20
904.273947743023
 97
0
 92
3
 72
0
 73
1
 93
8
 10
10432.290322580646
 20
1256.0
 10
10456.0
 20
1046.0
 10
10666.0
 20
1057.0027100271004
 10
10666.0
 20
856.7283865325664
 10
10278.391571086133
 20
836.4200858306655
 10
10275.474858017116
 20
862.2538301562389
 10
10245.999999999998
 20
838.7256540197681
 10
10245.999999999998
 20
1256.0
 97
0
 92
3
 72
0
 73
1
 93
4
 10
10456.0
 20
1046.0
 10
10400.0
 20
1542.0
 10
10201.26265515171
 20
1519.561912678419
 10
10257.262655151708
 20
1023.561912678419
 97
0
 92
3
 72
0
 73
1
 93
4
 10
10190.0
 20
1332.0
 10
10190.0
 20
1534.6056338028168
 10
10400.0
 20
1542.0
 10
10423.709677419354
 20
1332.0
 97
0
 92
3
 72
0
 73
1
 93
4
 10
10400.0
 20
1542.0
 10
10116.0
 20
1532.0
 10
10123.037891965963
 20
1332.1238681666184
 10
10407.037891965965
 20
1342.1238681666184
 97
0
 92
3
 72
0
 73
1
 93
4
 10
10326.0
 20
1322.0
 10
10129.891050583657
 20
1322.0
 10
10116.0
 20
1532.0
 10
10326.0
 20
1539.3943661971832
 97
0
 92
3
 72
0
 73
1
 93
4
 10
10116.0
 20
1532.0
 10
10150.0
 20
1018.0
 10
10349.563876747898
 20
1031.2007233646473
 10
10315.563876747896
 20
1545.2007233646473
 97
0
 92
3
 72
0
 73
1
 93
9
 10
9940.0
 20
850.3684210526313
 10
10150.0
 20
1018.0
 10
10136.108949416343
 20
1228.0
 10
10360.000000000002
 20
1228.0
 10
10360.000000000002
 20
840.6958662073632
 10
10278.391571086133
 20
836.4200858306655
 10
10275.474858017116
 20
862.2538301562389
 10
10207.508521337872
 20
808.0
 10
9940.0
 20
808.0
 97
0
 92
3
 72
0
 73
1
 93
4
 10
10150.0
 20
1018.0
 10
9527.474361478948
 20
521.0716394261786
 10
9652.246089880457
 20
364.7641994506611
 10
10274.771728401509
 20
861.6925600244824
 97
0
 92
3
 72
0
 73
1
 93
7
 10
9317.474361478948
 20
322.8175156779498
 10
9531.0
 20
498.0
 10
9527.474361478948
 20
521.0716394261786
 10
9737.47436147895
 20
688.7032183735473
 10
9737.47436147895
 20
408.70047795159434
 10
9618.476961910823
 20
311.0716394261786
 10
9317.474361478948
 20
311.0716394261786
 97
0
 92
3
 72
0
 73
1
 93
4
 10
9527.474361478948
 20
521.0716394261786
 10
9531.0
 20
498.0
 10
9728.704946926084
 20
528.2118182331842
 10
9725.17930840503
 20
551.2834576593629
 97
0
 92
3
 72
0
 73
1
 93
7
 10
9321.0
 20
325.71004942339334
 10
9531.0
 20
498.0
 10
9527.474361478948
 20
521.0716394261786
 10
9741.000000000002
 20
691.5175438596508
 10
9741.000000000002
 20
411.59301169703787
 10
9590.355505823089
 20
288.0
 10
9321.0
 20
288.0
 97
0
 92
3
 72
0
 73
1
 93
4
 10
9531.0
 20
498.0
 10
8924.0
 20
0.0
 10
9050.855515126294
 20
-154.62107968204927
 10
9657.855515126295
 20
343.3789203179507
 97
0
 92
3
 72
0
 73
1
 93
6
 10
9134.0
 20
-86.40698830296292
 10
8995.54426084317
 20
-200.0
 10
8713.999999999998
 20
-200.0
 10
8713.999999999998
 20
0.0
 10
8924.0
 20
0.0
 10
9134.0
 20
172.28995057660666
 97
0
 92
3
 72
0
 73
1
 93
4
 10
8924.0
 20
0.0
 10
3241.0
 20
0.0
 10
3241.0
 20
-200.0
 10
8924.0
 20
-200.0
 97
0
 92
3
 72
0
 73
1
 93
7
 10
3067.59807073955
 20
210.00000000000003
 10
3241.0
 20
0.0
 10
3451.0
 20
0.0
 10
3451.0
 20
-200.0
 10
3146.774746134474
 20
-200.0
 10
3031.0
 20
-59.7899297203219
 10
3031.0
 20
210.00000000000003
 97
0
 92
3
 72
0
 73
1
 93
4
 10
3241.0
 20
0.0
 10
1957.0
 20
1555.0
 10
1802.7801289360564
 20
1427.6570325105442
 10
3086.7801289360564
 20
-127.34296748945576
 97
0
 92
3
 72
0
 73
1
 93
3
 10
1858.5625000000002
 20
1345.0
 10
1957.0
 20
1555.0
 10
2130.4019292604503
 20
1345.0
 97
0
 92
3
 72
0
 73
1
 93
4
 10
1957.0
 20
1555.0
 10
1732.0
 20
1075.0
 10
1913.0917871917736
 20
990.113224753856
 10
2138.0917871917736
 20
1470.113224753856
 97
0
 92
3
 72
0
 73
1
 93
8
 10
1522.0
 20
904.1138679392159
 10
1522.0
 20
1106.3269731136168
 10
1732.0
 20
1075.0
 10
1830.4375
 20
1285.0
 10
1942.0
 20
1285.0
 10
1942.0
 20
1051.7840787447387
 10
1854.4449630884037
 20
865.0
 10
1784.1993589181156
 20
865.0
 97
0
 92
3
 72
0
 73
1
 93
4
 10
1732.0
 20
1075.0
 10
579.0
 20
1247.0
 10
549.4913166103382
 20
1049.1888840216288
 10
1702.4913166103383
 20
877.1888840216285
 97
0
 92
3
 72
0
 73
1
 93
8
 10
557.2603254067584
 20
1457.0
 10
579.0
 20
1247.0
 10
788.9999999999999
 20
1215.6730268863832
 10
788.9999999999999
 20
1037.0000000000002
 10
631.1993589181169
 20
1037.0000000000002
 10
396.03925716451874
 20
1072.0802580239542
 10
368.99999999999994
 20
1333.2729442435636
 10
368.99999999999994
 20
1457.0
 97
0
 92
3
 72
0
 73
1
 93
4
 10
579.0
 20
1247.0
 10
0.0
 20
6840.0
 10
-198.93685178484313
 20
6819.405607512351
 10
380.06314821515684
 20
1226.4056075123506
 97
0
 92
3
 72
0
 73
1
 93
8
 10
210.00000000000003
 20
6856.822183098591
 10
0.0
 20
6840.0
 10
21.739674593241546
 20
6630.0
 10
-179.32915524458733
 20
6630.0
 10
-210.00000000000003
 20
6926.272944243563
 10
-210.00000000000003
 20
7023.818482028591
 10
116.8374111595709
 20
7050.0
 10
210.00000000000003
 20
7050.0
 97
0
 92
3
 72
0
 73
1
 93
4
 10
0.0
 20
6840.0
 10
1136.0
 20
6931.0
 10
1120.030030252932
 20
7130.361380578782
 10
-15.969969747067918
 20
7039.361380578782
 97
0
 92
3
 72
0
 73
1
 93
4
 10
1094.7578070784177
 20
7141.0
 10
1136.0
 20
6931.0
 10
925.9999999999999
 20
6914.177816901409
 10
925.9999999999999
 20
7141.0
 97
0
 92
3
 72
0
 73
1
 93
4
 10
1136.0
 20
6931.0
 10
853.0
 20
8372.0
 10
656.7488561317356
 20
8333.457964111924
 10
939.7488561317356
 20
6892.457964111923
 97
0
 92
3
 72
0
 73
1
 93
8
 10
1063.0
 20
8394.482397544683
 10
853.0
 20
8372.0
 10
894.2421929215824
 20
8161.999999999999
 10
690.4217248643342
 20
8161.999999999999
 10
643.0
 20
8403.465390563622
 10
643.0
 20
8550.660500632073
 10
935.7310067435882
 20
8582.0
 10
1063.0
 20
8582.0
 97
0
 92
3
 72
0
 73
1
 93
4
 10
853.0
 20
8372.0
 10
6392.0
 20
8965.0
 10
6370.709855153229
 20
9163.863595794714
 10
831.7098551532288
 20
8570.863595794714
 97
0
 92
3
 72
0
 73
1
 93
4
 10
6359.198641765704
 20
9175.0
 10
6392.0
 20
8965.0
 10
6182.0
 20
8942.517602455317
 10
6182.0
 20
9175.0
 97
0
 92
3
 72
0
 73
1
 93
4
 10
6392.0
 20
8965.0
 10
5840.0
 20
12499.0
 10
5642.395994417228
 20
12468.13485821118
 10
6194.395994417228
 20
8934.13485821118
 97
0
 92
3
 72
0
 73
1
 93
8
 10
6050.0
 20
12524.490729295429
 10
5840.0
 20
12499.0
 10
5872.801358234296
 20
12289.0
 10
5670.3763118288225
 20
12289.0
 10
5630.0
 20
12547.496170295395
 10
5630.0
 20
12674.977300792238
 10
5910.288835632195
 20
12709.000000000002
 10
6050.0
 20
12709.000000000002
 97
0
 92
3
 72
0
 73
1
 93
4
 10
5840.0
 20
12499.0
 10
9885.0
 20
12990.0
 10
9860.900012490618
 20
13188.542666956117
 10
5815.900012490618
 20
12697.542666956117
 97
0
 92
3
 72
0
 73
1
 93
8
 10
9915.163545863948
 20
12780.0
 10
9885.0
 20
12990.0
 10
9674.999999999998
 20
12964.509270704573
 10
9674.999999999998
 20
13165.977300792238
 10
9955.28883563219
 20
13200.000000000002
 10
10056.889049383766
 20
13200.000000000002
 10
10095.0
 20
12934.669800907774
 10
10095.0
 20
12780.0
 97
0
 92
3
 72
0
 73
1
 93
4
 10
9885.0
 20
12990.0
 10
10491.0
 20
8771.0
 10
10688.968256487675
 20
8799.435355162725
 10
10082.968256487675
 20
13018.435355162725
 97
0
 92
3
 72
0
 73
1
 93
12
 10
10500.33895997822
 20
8561.0
 10
10473.0
 20
8753.0
 10
10280.999999999998
 20
8725.328358208955
 10
10280.999999999998
 20
8741.192926045016
 10
10491.0
 20
8771.0
 10
10460.83645413605
 20
8981.000000000002
 10
10662.889049383766
 20
8981.000000000002
 10
10701.0
 20
8715.669800907763
 10
10701.0
 20
8598.802467784564
 10
10697.05334444655
 20
8598.242285622866
 10
10701.0
 20
8570.525142510405
 10
10701.0
 20
8561.0
 97
0
 92
3
 72
0
 73
1
 93
4
 10
10491.0
 20
8771.0
 10
8314.0
 20
8462.0
 10
8342.105982352688
 20
8263.984713327505
 10
10519.105982352688
 20
8572.984713327505
 97
0
 92
3
 72
0
 73
1
 93
6
 10
8524.0
 20
8472.104011194031
 10
8329.0
 20
8444.0
 10
8356.211774325431
 20
8251.999999999998
 10
8346.090657960824
 20
8251.999999999998
 10
8314.0
 20
8462.0
 10
8524.0
 20
8491.807073954984
 97
0
 92
3
 72
0
 73
1
 93
4
 10
8314.0
 20
8462.0
 10
8485.619871377283
 20
7338.926330609138
 10
8683.324818303365
 20
7369.138148842318
 10
8511.704946926082
 20
8492.21181823318
 97
0
 92
3
 72
0
 73
1
 93
3
 10
8455.856993208843
 20
7548.926330609138
 10
8485.619871377283
 20
7338.926330609138
 10
8453.52921341646
 20
7548.926330609138
 97
0
 92
3
 72
0
 73
1
 93
4
 10
8485.619871377283
 20
7338.926330609138
 10
8329.0
 20
8444.0
 10
8130.978919110447
 20
8415.934869974772
 10
8287.59879048773
 20
7310.861200583909
 97
0
 92
3
 72
0
 73
1
 93
6
 10
8539.000000000002
 20
8474.265858208955
 10
8329.0
 20
8444.0
 10
8358.76287816844
 20
8234.0
 10
8348.841285786037
 20
8234.0
 10
8314.0
 20
8462.0
 10
8539.000000000002
 20
8493.936150666053
 97
0
 92
3
 72
0
 73
1
 93
4
 10
8329.0
 20
8444.0
 10
10473.0
 20
8753.0
 10
10444.47015377885
 20
8950.954661159058
 10
8300.47015377885
 20
8641.954661159058
 97
0
 92
3
 72
0
 73
1
 93
9
 10
10502.901987476178
 20
8543.0
 10
10473.0
 20
8753.0
 10
10263.0
 20
8722.734141791045
 10
10263.0
 20
8738.638033991732
 10
10491.0
 20
8771.0
 10
10463.42190092439
 20
8963.000000000002
 10
10665.474496172104
 20
8963.000000000002
 10
10683.000000000002
 20
8840.986632590924
 10
10683.000000000002
 20
8543.0
 97
0
 92
3
 72
0
 73
1
 93
4
 10
10473.0
 20
8753.0
 10
10996.0
 20
5080.0
 10
11194.002815856207
 20
5108.193703428477
 10
10671.002815856207
 20
8781.193703428477
 97
0
 92
3
 72
0
 73
1
 93
9
 10
11024.720881971467
 20
4870.0
 10
11012.0
 20
4959.0
 10
10786.0
 20
4926.849813432836
 10
10786.0
 20
5050.167675826735
 10
10996.0
 20
5080.0
 10
10966.098012523822
 20
5290.0
 10
11168.115341555387
 20
5290.0
 10
11206.000000000002
 20
5023.9381444224355
 10
11206.000000000002
 20
4870.0
 97
0
 92
3
 72
0
 73
1
 93
4
 10
10996.0
 20
5080.0
 10
8876.816417249951
 20
4778.951563698759
 10
8904.945738004097
 20
4580.939591045814
 10
11024.129320754146
 20
4881.988027347056
 97
0
 92
3
 72
0
 73
1
 93
4
 10
9086.816417249953
 20
4685.128268312143
 10
8895.31676560147
 20
4657.886013763268
 10
8876.816417249951
 20
4778.951563698759
 10
9086.816417249953
 20
4808.783887872024
 97
0
 92
3
 72
0
 73
1
 93
4
 10
8876.816417249951
 20
4778.951563698759
 10
8895.31676560147
 20
4657.886013763268
 10
9093.021712527552
 20
4688.097831996447
 10
9074.521364176037
 20
4809.163381931938
 97
0
 92
3
 72
0
 73
1
 93
4
 10
9105.31676560147
 20
4687.760080927448
 10
8895.31676560147
 20
4657.886013763268
 10
8876.816417249951
 20
4778.951563698759
 10
9105.31676560147
 20
4811.412023059362
 97
0
 92
3
 72
0
 73
1
 93
4
 10
8895.31676560147
 20
4657.886013763268
 10
11012.0
 20
4959.0
 10
10983.83209939104
 20
5157.006488215118
 10
8867.14886499251
 20
4855.8925019783865
 97
0
 92
3
 72
0
 73
1
 93
12
 10
11042.015564202336
 20
4749.0
 10
11012.0
 20
4959.0
 10
10802.0
 20
4929.12593283582
 10
10802.0
 20
5052.440614811364
 10
10996.0
 20
5080.0
 10
10983.327252926763
 20
5169.0
 10
11185.344581958327
 20
5169.0
 10
11222.000000000002
 20
4911.571031611727
 10
11222.000000000002
 20
4910.097276145374
 10
11221.041789687317
 20
4909.961154046925
 10
11222.000000000002
 20
4903.257159935488
 10
11222.000000000002
 20
4749.0
 97
0
 75
1
 76
1
 52
0.0
 41
40.0
 77
0
 78
1
 53
45.0
 43
0.0
 44
0.0
 45
-89.802561212
 46
89.802561212
 79
0
 98
0
  0
LWPOLYLINE
  5
1CB
330
17
100
AcDbEntity
  8
A-DUVAR-MEVCUT
100
AcDbPolyline
 90
20
 70
1
 10
11221.041789687317
 20
4909.961154046925
 10
11791.94357246707
 20
915.7209133646261
 10
10278.391571086133
 20
836.4200858306655
 10
10275.474858017116
 20
862.2538301562389
 10
9742.65370688754
 20
436.93168320192984
 10
9745.910178518421
 20
415.6214612887566
 10
8995.54426084317
 20
-200.0
 10
3146.774746134474
 20
-200.0
 10
2003.9752161359186
 20
1183.997873168032
 10
1849.8539797375236
 20
855.2059021847891
 10
396.03925716451874
 20
1072.0802580239542
 10
-220.01508228569227
 20
7023.016217514508
 10
896.5425895206677
 20
7112.458777491954
 10
614.6874321583966
 20
8547.629384414333
 10
6162.003123047353
 20
9141.519654263971
 10
5610.458344374851
 20
12672.605248156402
 10
10055.147988562738
 20
13212.121345881063
 10
10717.450955181876
 20
8601.137490821404
 10
10697.05334444655
 20
8598.242285622866
 10
11222.20568803915
 20
4910.126495918052
  0
LWPOLYLINE
  5
1CC
330
17
100
AcDbEntity
  8
A-DUVAR-MEVCUT
100
AcDbPolyline
 90
27
 70
1
 10
11012.0
 20
4959.0
 10
11563.0
 20
1104.0
 10
10456.0
 20
1046.0
 10
10400.0
 20
1542.0
 10
10116.0
 20
1532.0
 10
10150.0
 20
1018.0
 10
9527.474361478948
 20
521.0716394261786
 10
9531.0
 20
498.0
 10
8924.0
 20
0.0
 10
3241.0
 20
0.0
 10
1957.0
 20
1555.0
 10
1732.0
 20
1075.0
 10
579.0
 20
1247.0
 10
0.0
 20
6840.0
 10
1136.0
 20
6931.0
 10
853.0
 20
8372.0
 10
6392.0
 20
8965.0
 10
5840.0
 20
12499.0
 10
9885.0
 20
12990.0
 10
10491.0
 20
8771.0
 10
8314.0
 20
8462.0
 10
8485.619871377283
 20
7338.926330609138
 10
8329.0
 20
8444.0
 10
10473.0
 20
8753.0
 10
10996.0
 20
5080.0
 10
8876.816417249951
 20
4778.951563698759
 10
8895.31676560147
 20
4657.886013763268
  0
LWPOLYLINE
  5
1CD
330
17
100
AcDbEntity
  8
A-DUVAR-YENI
100
AcDbPolyline
 90
4
 70
1
 10
9403.2945233589
 20
8580.48245868865
 10
9631.663521129563
 20
6976.659650253371
 10
8558.618017955989
 20
6823.868254075919
 10
8331.290416828891
 20
8427.839347413073
  0
LWPOLYLINE
  5
1CE
330
17
100
AcDbEntity
  8
A-DUVAR-YENI
100
AcDbPolyline
 90
4
 70
1
 10
10475.81937034285
 20
8733.19971841438
 10
10704.188368113513
 20
7129.376909979101
 10
9632.653535208845
 20
6976.800618770513
 10
9404.284537438181
 20
8580.623427205792
  0
LWPOLYLINE
  5
1CF
330
17
100
AcDbEntity
  8
A-DUVAR-YENI
100
AcDbPolyline
 90
6
 70
1
 10
11377.47369286883
 20
2402.010733195394
 10
11563.0
 20
1104.0
 10
10456.0
 20
1046.0
 10
10400.0
 20
1542.0
 10
10381.784184140935
 20
1541.3585980331316
 10
10281.133393026086
 20
2245.2408863981773
  0
LWPOLYLINE
  5
1D0
330
17
100
AcDbEntity
  8
A-DUVAR-YENI
100
AcDbPolyline
 90
7
 70
1
 10
10280.14346247828
 20
2245.099332484359
 10
10380.77907299047
 20
1541.323206795439
 10
10116.0
 20
1532.0
 10
10150.0
 20
1018.0
 10
9496.833088269086
 20
496.61237747795593
 10
9463.168921723629
 20
491.7986109561521
 10
9233.851581337667
 20
2095.4860984044726
  0
LWPOLYLINE
  5
1D1
330
17
100
AcDbEntity
  8
A-DUVAR-YENI
100
AcDbPolyline
 90
4
 70
1
 10
10473.0
 20
8753.0
 10
8329.0
 20
8444.0
 10
8849.0
 20
4775.0
 10
10996.0
 20
5080.0
  0
LWPOLYLINE
  5
1D2
330
17
100
AcDbEntity
  8
A-DUVAR-YENI
100
AcDbPolyline
 90
8
 70
1
 10
11012.0
 20
4959.0
 10
8868.0
 20
4654.0
 10
9466.0
 20
472.0
 10
10150.0
 20
1018.0
 10
10116.0
 20
1532.0
 10
10400.0
 20
1542.0
 10
10456.0
 20
1046.0
 10
11563.0
 20
1104.0
  0
LWPOLYLINE
  5
1D3
330
17
100
AcDbEntity
  8
A-CEPHE
100
AcDbPolyline
 90
4
 70
1
 10
-44.75971561960937
 20
6835.355879238037
 10
44.75971561960937
 20
6844.644120761963
 10
624.7597156196093
 20
1254.644120761963
 10
535.2402843803906
 20
1245.355879238037
  0
LWPOLYLINE
  5
1D4
330
17
100
AcDbEntity
  8
A-CEPHE
100
AcDbPolyline
 90
4
 70
1
 10
3274.788301671717
 20
28.544247525511032
 10
3205.2116983282835
 20
-28.544247525511032
 10
1925.2116983282833
 20
1531.455752474489
 10
1994.7883016717165
 20
1588.544247525511
  0
LINE
  5
1D5
330
17
100
AcDbEntity
  8
A-KAPI
100
AcDbLine
 10
239.99999999999994
 20
3500.0
 30
0.0
 11
240.00000000000006
 21
5100.0
 31
0.0
  0
ARC
  5
1D6
330
17
100
AcDbEntity
  8
A-KAPI
100
AcDbCircle
 10
239.99999999999994
 20
3500.0
 30
0.0
 40
1600.0
100
AcDbArc
 50
0.0
 51
88.0
  0
LINE
  5
1D7
330
17
100
AcDbEntity
  8
A-KAPI
100
AcDbLine
 10
8787.37210456797
 20
6654.379369066292
 30
0.0
 11
8912.62789543203
 21
7545.620630933707
 31
0.0
  0
ARC
  5
1D8
330
17
100
AcDbEntity
  8
A-KAPI
100
AcDbCircle
 10
8787.37210456797
 20
6654.379369066292
 30
0.0
 40
900.0
100
AcDbArc
 50
-8.0
 51
80.0
  0
LINE
  5
1D9
330
17
100
AcDbEntity
  8
A-KAPI
100
AcDbLine
 10
9037.37210456797
 20
2954.3793690662933
 30
0.0
 11
9162.62789543203
 21
3845.6206309337063
 31
0.0
  0
ARC
  5
1DA
330
17
100
AcDbEntity
  8
A-KAPI
100
AcDbCircle
 10
9037.37210456797
 20
2954.3793690662933
 30
0.0
 40
900.0
100
AcDbArc
 50
-8.0
 51
80.0
  0
LINE
  5
1DB
330
17
100
AcDbEntity
  8
A-KAPI
100
AcDbLine
 10
2850.0
 20
100.0
 30
0.0
 11
3850.0
 21
100.0
 31
0.0
  0
ARC
  5
1DC
330
17
100
AcDbEntity
  8
A-KAPI
100
AcDbCircle
 10
2850.0
 20
100.0
 30
0.0
 40
1000.0
100
AcDbArc
 50
-90.0
 51
-2.0
  0
TEXT
  5
1DD
330
17
100
AcDbEntity
  8
A-YAZI
100
AcDbText
 10
8050.000000000001
 20
11100.0
 30
0.0
 40
260.0
  1
DİNLENME SALONU
  7
GYM-B
 72
1
 11
8050.000000000001
 21
11100.0
 31
0.0
100
AcDbText
 73
2
  0
TEXT
  5
1DE
330
17
100
AcDbEntity
  8
A-YAZI
100
AcDbText
 10
8050.000000000001
 20
10800.0
 30
0.0
 40
195.0
  1
17,33 m²
  7
GYM
 72
1
 11
8050.000000000001
 21
10800.0
 31
0.0
100
AcDbText
 73
2
  0
TEXT
  5
1DF
330
17
100
AcDbEntity
  8
A-YAZI
100
AcDbText
 10
1550.0
 20
2350.0
 30
0.0
 40
260.0
  1
GİRİŞ
  7
GYM-B
 72
1
 11
1550.0
 21
2350.0
 31
0.0
100
AcDbText
 73
2
  0
TEXT
  5
1E0
330
17
100
AcDbEntity
  8
A-YAZI
100
AcDbText
 10
1550.0
 20
2050.0
 30
0.0
 40
195.0
  1
15,65 m²
  7
GYM
 72
1
 11
1550.0
 21
2050.0
 31
0.0
100
AcDbText
 73
2
  0
TEXT
  5
1E1
330
17
100
AcDbEntity
  8
A-YAZI
100
AcDbText
 10
5300.0
 20
1620.0
 30
0.0
 40
260.0
  1
ARENA
  7
GYM-B
 72
1
 11
5300.0
 21
1620.0
 31
0.0
100
AcDbText
 73
2
  0
TEXT
  5
1E2
330
17
100
AcDbEntity
  8
A-YAZI
100
AcDbText
 10
5300.0
 20
1320.0
 30
0.0
 40
195.0
  1
31,76 m²
  7
GYM
 72
1
 11
5300.0
 21
1320.0
 31
0.0
100
AcDbText
 73
2
  0
TEXT
  5
1E3
330
17
100
AcDbEntity
  8
A-YAZI
100
AcDbText
 10
6400.0
 20
7450.0
 30
0.0
 40
260.0
  1
FONKSİYONEL
  7
GYM-B
 72
1
 11
6400.0
 21
7450.0
 31
0.0
100
AcDbText
 73
2
  0
TEXT
  5
1E4
330
17
100
AcDbEntity
  8
A-YAZI
100
AcDbText
 10
6400.0
 20
7150.0
 30
0.0
 40
195.0
  1
22,31 m²
  7
GYM
 72
1
 11
6400.0
 21
7150.0
 31
0.0
100
AcDbText
 73
2
  0
TEXT
  5
1E5
330
17
100
AcDbEntity
  8
A-YAZI
100
AcDbText
 10
9777.090537939453
 20
5951.439090029158
 30
0.0
 40
190.0
  1
ERKEK
  7
GYM-B
 72
1
 11
9777.090537939453
 21
5951.439090029158
 31
0.0
100
AcDbText
 73
2
  0
TEXT
  5
1E6
330
17
100
AcDbEntity
  8
A-YAZI
100
AcDbText
 10
9777.090537939453
 20
5721.439090029158
 30
0.0
 40
145.0
  1
4,48 m²
  7
GYM
 72
1
 11
9777.090537939453
 21
5721.439090029158
 31
0.0
100
AcDbText
 73
2
  0
TEXT
  5
1E7
330
17
100
AcDbEntity
  8
A-YAZI
100
AcDbText
 10
8981.236644451756
 20
7702.249498833222
 30
0.0
 40
190.0
  1
DUŞ
  7
GYM-B
 72
1
 11
8981.236644451756
 21
7702.249498833222
 31
0.0
100
AcDbText
 73
2
  0
TEXT
  5
1E8
330
17
100
AcDbEntity
  8
A-YAZI
100
AcDbText
 10
8981.236644451756
 20
7472.249498833222
 30
0.0
 40
145.0
  1
1,76 m²
  7
GYM
 72
1
 11
8981.236644451756
 21
7472.249498833222
 31
0.0
100
AcDbText
 73
2
  0
TEXT
  5
1E9
330
17
100
AcDbEntity
  8
A-YAZI
100
AcDbText
 10
10054.236452775847
 20
7855.000168592446
 30
0.0
 40
190.0
  1
WC
  7
GYM-B
 72
1
 11
10054.236452775847
 21
7855.000168592446
 31
0.0
100
AcDbText
 73
2
  0
TEXT
  5
1EA
330
17
100
AcDbEntity
  8
A-YAZI
100
AcDbText
 10
10054.236452775847
 20
7625.000168592446
 30
0.0
 40
145.0
  1
1,75 m²
  7
GYM
 72
1
 11
10054.236452775847
 21
7625.000168592446
 31
0.0
100
AcDbText
 73
2
  0
TEXT
  5
1EB
330
17
100
AcDbEntity
  8
A-YAZI
100
AcDbText
 10
10122.70128582356
 20
3528.5003347183065
 30
0.0
 40
190.0
  1
KADIN
  7
GYM-B
 72
1
 11
10122.70128582356
 21
3528.5003347183065
 31
0.0
100
AcDbText
 73
2
  0
TEXT
  5
1EC
330
17
100
AcDbEntity
  8
A-YAZI
100
AcDbText
 10
10122.70128582356
 20
3298.5003347183065
 30
0.0
 40
145.0
  1
5,59 m²
  7
GYM
 72
1
 11
10122.70128582356
 21
3298.5003347183065
 31
0.0
100
AcDbText
 73
2
  0
TEXT
  5
1ED
330
17
100
AcDbEntity
  8
A-YAZI
100
AcDbText
 10
10890.775743481887
 20
1893.6204431990889
 30
0.0
 40
190.0
  1
DUŞ
  7
GYM-B
 72
1
 11
10890.775743481887
 21
1893.6204431990889
 31
0.0
100
AcDbText
 73
2
  0
TEXT
  5
1EE
330
17
100
AcDbEntity
  8
A-YAZI
100
AcDbText
 10
10890.775743481887
 20
1663.6204431990889
 30
0.0
 40
145.0
  1
1,39 m²
  7
GYM
 72
1
 11
10890.775743481887
 21
1663.6204431990889
 31
0.0
100
AcDbText
 73
2
  0
TEXT
  5
1EF
330
17
100
AcDbEntity
  8
A-YAZI
100
AcDbText
 10
9742.08799617408
 20
1275.0
 30
0.0
 40
190.0
  1
WC
  7
GYM-B
 72
1
 11
9742.08799617408
 21
1275.0
 31
0.0
100
AcDbText
 73
2
  0
TEXT
  5
1F0
330
17
100
AcDbEntity
  8
A-YAZI
100
AcDbText
 10
9742.08799617408
 20
1045.0
 30
0.0
 40
145.0
  1
1,29 m²
  7
GYM
 72
1
 11
9742.08799617408
 21
1045.0
 31
0.0
100
AcDbText
 73
2
  0
LWPOLYLINE
  5
1F1
330
17
100
AcDbEntity
  8
A-EKIPMAN
100
AcDbPolyline
 90
6
 70
1
 10
5300.0
 20
6369.8866062908955
 10
3550.7268861881466
 20
5359.943303145447
 10
3550.726886188147
 20
3340.056696854551
 10
5300.0
 20
2330.113393709103
 10
7049.273113811852
 20
3340.056696854551
 10
7049.273113811852
 20
5359.943303145447
  0
TEXT
  5
1F2
330
17
100
AcDbEntity
  8
A-EKIPMAN
100
AcDbText
 10
5300.0
 20
6249.8866062908955
 30
0.0
 40
150.0
  1
A
  7
GYM-B
 72
1
 11
5300.0
 21
6249.8866062908955
 31
0.0
100
AcDbText
 73
2
  0
LWPOLYLINE
  5
1F3
330
17
100
AcDbEntity
  8
A-EKIPMAN
100
AcDbPolyline
 90
4
 70
1
 10
8301.894904209083
 20
7552.853396183233
 10
7689.028694387702
 20
7459.071687629958
 10
8058.105095790916
 20
5047.146603816769
 10
8670.971305612298
 20
5140.928312370045
  0
TEXT
  5
1F4
330
17
100
AcDbEntity
  8
A-EKIPMAN
100
AcDbText
 10
8180.0
 20
7432.853396183233
 30
0.0
 40
150.0
  1
B
  7
GYM-B
 72
1
 11
8180.0
 21
7432.853396183233
 31
0.0
100
AcDbText
 73
2
  0
LWPOLYLINE
  5
1F5
330
17
100
AcDbEntity
  8
A-EKIPMAN
100
AcDbPolyline
 90
4
 70
1
 10
4960.450952775313
 20
8673.312023866585
 10
2653.5869223862783
 20
8426.779378366522
 10
2839.549047224686
 20
6686.687976133415
 10
5146.413077613722
 20
6933.220621633476
  0
TEXT
  5
1F6
330
17
100
AcDbEntity
  8
A-EKIPMAN
100
AcDbText
 10
3900.0
 20
8553.312023866585
 30
0.0
 40
150.0
  1
C
  7
GYM-B
 72
1
 11
3900.0
 21
8553.312023866585
 31
0.0
100
AcDbText
 73
2
  0
LWPOLYLINE
  5
1F7
330
17
100
AcDbEntity
  8
A-EKIPMAN
100
AcDbPolyline
 90
4
 70
1
 10
6991.3334006138
 20
8468.458756179605
 10
6949.890412792668
 20
8856.250554391556
 10
5408.666599386201
 20
8691.541243820395
 10
5450.109587207332
 20
8303.749445608444
  0
TEXT
  5
1F8
330
17
100
AcDbEntity
  8
A-EKIPMAN
100
AcDbText
 10
6200.0
 20
8736.250554391556
 30
0.0
 40
150.0
  1
D1
  7
GYM-B
 72
1
 11
6200.0
 21
8736.250554391556
 31
0.0
100
AcDbText
 73
2
  0
LWPOLYLINE
  5
1F9
330
17
100
AcDbEntity
  8
A-EKIPMAN
100
AcDbPolyline
 90
4
 70
1
 10
8815.529172236098
 20
5045.578622224938
 10
8430.016556380711
 20
4986.586902328521
 10
8664.470827763902
 20
3454.421377775062
 10
9049.98344361929
 20
3513.413097671477
  0
TEXT
  5
1FA
330
17
100
AcDbEntity
  8
A-EKIPMAN
100
AcDbText
 10
8740.0
 20
4925.578622224938
 30
0.0
 40
150.0
  1
D2
  7
GYM-B
 72
1
 11
8740.0
 21
4925.578622224938
 31
0.0
100
AcDbText
 73
2
  0
LWPOLYLINE
  5
1FB
330
17
100
AcDbEntity
  8
A-EKIPMAN
100
AcDbPolyline
 90
4
 70
1
 10
9188.613047645062
 20
1272.1591293973195
 10
8961.721817274232
 20
2754.899959610345
 10
8131.386952354939
 20
2627.8408706026808
 10
8358.278182725768
 20
1145.100040389655
  0
TEXT
  5
1FC
330
17
100
AcDbEntity
  8
A-EKIPMAN
100
AcDbText
 10
8660.0
 20
2634.899959610345
 30
0.0
 40
150.0
  1
E
  7
GYM-B
 72
1
 11
8660.0
 21
2634.899959610345
 31
0.0
100
AcDbText
 73
2
  0
LWPOLYLINE
  5
1FD
330
17
100
AcDbEntity
  8
A-EKIPMAN
100
AcDbPolyline
 90
4
 70
1
 10
5925.000000000001
 20
90.00000000000003
 10
5925.000000000001
 20
830.0000000000001
 10
3475.0
 20
830.0000000000001
 10
3475.0
 20
90.00000000000003
  0
TEXT
  5
1FE
330
17
100
AcDbEntity
  8
A-EKIPMAN
100
AcDbText
 10
4700.0
 20
710.0000000000001
 30
0.0
 40
150.0
  1
F1
  7
GYM-B
 72
1
 11
4700.0
 21
710.0000000000001
 31
0.0
100
AcDbText
 73
2
  0
LWPOLYLINE
  5
1FF
330
17
100
AcDbEntity
  8
A-EKIPMAN
100
AcDbPolyline
 90
4
 70
1
 10
8525.0
 20
109.99999999999999
 10
8525.0
 20
850.0
 10
6074.999999999999
 20
850.0
 10
6074.999999999999
 20
109.99999999999999
  0
TEXT
  5
200
330
17
100
AcDbEntity
  8
A-EKIPMAN
100
AcDbText
 10
7300.0
 20
730.0
 30
0.0
 40
150.0
  1
F2
  7
GYM-B
 72
1
 11
7300.0
 21
730.0
 31
0.0
100
AcDbText
 73
2
  0
LWPOLYLINE
  5
201
330
17
100
AcDbEntity
  8
A-MOBILYA
100
AcDbPolyline
 90
4
 70
1
 10
1977.7854600735045
 20
7277.398025003915
 10
1331.3462280841266
 20
7209.454523879941
 10
1582.2145399264941
 20
4822.601974996084
 10
2228.653771915873
 20
4890.545476120059
  0
LWPOLYLINE
  5
202
330
17
100
AcDbEntity
  8
A-MOBILYA
100
AcDbPolyline
 90
4
 70
1
 10
8998.134742635326
 20
5391.342922434176
 10
9047.361053955077
 20
5044.821970291523
 10
10730.462821505105
 20
5283.921196701751
 10
10681.236510185354
 20
5630.442148844404
  0
LWPOLYLINE
  5
203
330
17
100
AcDbEntity
  8
A-MOBILYA
100
AcDbPolyline
 90
4
 70
1
 10
9058.451384514703
 20
6566.507550353343
 10
9103.458297721334
 20
6249.688394108631
 10
10341.033126802238
 20
6425.496648822033
 10
10296.026213595607
 20
6742.315805066745
  0
LWPOLYLINE
  5
204
330
17
100
AcDbEntity
  8
A-MOBILYA
100
AcDbPolyline
 90
4
 70
1
 10
9561.810316158433
 20
4306.568802701193
 10
9215.334624425772
 20
4257.02493286472
 10
9455.976277917214
 20
2574.143001591791
 10
9802.451969649876
 20
2623.686871428264
  0
LWPOLYLINE
  5
205
330
17
100
AcDbEntity
  8
A-MOBILYA
100
AcDbPolyline
 90
4
 70
1
 10
10737.02972948538
 20
4247.329199904846
 10
10420.251954186946
 20
4202.031947482927
 10
10597.194346460066
 20
2964.6187627234194
 10
10913.9721217585
 20
3009.916015145339
  0
INSERT
  5
206
330
17
100
AcDbEntity
  8
G-KUZEY
100
AcDbBlockReference
  2
G_KUZEY
 10
12550.0
 20
12100.0
 30
0.0
  0
LINE
  5
208
330
17
100
AcDbEntity
  8
G-AKS-HAT
100
AcDbLine
 10
1445.4493803095138
 20
-4181.507221263104
 30
0.0
 11
-1199.7539656843408
 21
14640.092576370971
 31
0.0
  0
CIRCLE
  5
209
330
17
100
AcDbEntity
  8
G-AKS-BALON
100
AcDbCircle
 10
1503.9020827127415
 20
-4597.419810134564
 30
0.0
 40
420.0
  0
TEXT
  5
20A
330
17
100
AcDbEntity
  8
G-AKS-BALON
100
AcDbText
 10
1503.9020827127415
 20
-4597.419810134564
 30
0.0
 40
399.0
  1
1
  7
GYM-B
 72
1
 11
1503.9020827127415
 21
-4597.419810134564
 31
0.0
100
AcDbText
 73
2
  0
CIRCLE
  5
20B
330
17
100
AcDbEntity
  8
G-AKS-BALON
100
AcDbCircle
 10
-1258.2066680875682
 20
15056.00516524243
 30
0.0
 40
420.0
  0
TEXT
  5
20C
330
17
100
AcDbEntity
  8
G-AKS-BALON
100
AcDbText
 10
-1258.2066680875682
 20
15056.00516524243
 30
0.0
 40
399.0
  1
1
  7
GYM-B
 72
1
 11
-1258.2066680875682
 21
15056.00516524243
 31
0.0
100
AcDbText
 73
2
  0
LINE
  5
20D
330
17
100
AcDbEntity
  8
G-AKS-HAT
100
AcDbLine
 10
8080.89524319282
 20
-3248.956121070954
 30
0.0
 11
5435.691897198966
 21
15572.64367656312
 31
0.0
  0
CIRCLE
  5
20E
330
17
100
AcDbEntity
  8
G-AKS-BALON
100
AcDbCircle
 10
8139.347945596049
 20
-3664.8687099424137
 30
0.0
 40
420.0
  0
TEXT
  5
20F
330
17
100
AcDbEntity
  8
G-AKS-BALON
100
AcDbText
 10
8139.347945596049
 20
-3664.8687099424137
 30
0.0
 40
399.0
  1
2
  7
GYM-B
 72
1
 11
8139.347945596049
 21
-3664.8687099424137
 31
0.0
100
AcDbText
 73
2
  0
CIRCLE
  5
210
330
17
100
AcDbEntity
  8
G-AKS-BALON
100
AcDbCircle
 10
5377.239194795739
 20
15988.55626543458
 30
0.0
 40
420.0
  0
TEXT
  5
211
330
17
100
AcDbEntity
  8
G-AKS-BALON
100
AcDbText
 10
5377.239194795739
 20
15988.55626543458
 30
0.0
 40
399.0
  1
2
  7
GYM-B
 72
1
 11
5377.239194795739
 21
15988.55626543458
 31
0.0
100
AcDbText
 73
2
  0
LINE
  5
212
330
17
100
AcDbEntity
  8
G-AKS-HAT
100
AcDbLine
 10
9933.2610962113
 20
-2988.6230779135294
 30
0.0
 11
7288.057750217445
 21
15832.976719720547
 31
0.0
  0
CIRCLE
  5
213
330
17
100
AcDbEntity
  8
G-AKS-BALON
100
AcDbCircle
 10
9991.713798614528
 20
-3404.535666784989
 30
0.0
 40
420.0
  0
TEXT
  5
214
330
17
100
AcDbEntity
  8
G-AKS-BALON
100
AcDbText
 10
9991.713798614528
 20
-3404.535666784989
 30
0.0
 40
399.0
  1
3
  7
GYM-B
 72
1
 11
9991.713798614528
 21
-3404.535666784989
 31
0.0
100
AcDbText
 73
2
  0
CIRCLE
  5
215
330
17
100
AcDbEntity
  8
G-AKS-BALON
100
AcDbCircle
 10
7229.605047814218
 20
16248.889308592006
 30
0.0
 40
420.0
  0
TEXT
  5
216
330
17
100
AcDbEntity
  8
G-AKS-BALON
100
AcDbText
 10
7229.605047814218
 20
16248.889308592006
 30
0.0
 40
399.0
  1
3
  7
GYM-B
 72
1
 11
7229.605047814218
 21
16248.889308592006
 31
0.0
100
AcDbText
 73
2
  0
LINE
  5
217
330
17
100
AcDbEntity
  8
G-AKS-HAT
100
AcDbLine
 10
12090.078939181847
 20
-2685.5020979614374
 30
0.0
 11
9444.875593187991
 21
16136.097699672639
 31
0.0
  0
CIRCLE
  5
218
330
17
100
AcDbEntity
  8
G-AKS-BALON
100
AcDbCircle
 10
12148.531641585076
 20
-3101.4146868328967
 30
0.0
 40
420.0
  0
TEXT
  5
219
330
17
100
AcDbEntity
  8
G-AKS-BALON
100
AcDbText
 10
12148.531641585076
 20
-3101.4146868328967
 30
0.0
 40
399.0
  1
4
  7
GYM-B
 72
1
 11
12148.531641585076
 21
-3101.4146868328967
 31
0.0
100
AcDbText
 73
2
  0
CIRCLE
  5
21A
330
17
100
AcDbEntity
  8
G-AKS-BALON
100
AcDbCircle
 10
9386.422890784763
 20
16552.0102885441
 30
0.0
 40
420.0
  0
TEXT
  5
21B
330
17
100
AcDbEntity
  8
G-AKS-BALON
100
AcDbText
 10
9386.422890784763
 20
16552.0102885441
 30
0.0
 40
399.0
  1
4
  7
GYM-B
 72
1
 11
9386.422890784763
 21
16552.0102885441
 31
0.0
100
AcDbText
 73
2
  0
LINE
  5
21C
330
17
100
AcDbEntity
  8
G-AKS-HAT
100
AcDbLine
 10
-2220.978537539913
 20
-1104.5367470788183
 30
0.0
 11
14675.644186311685
 21
1270.12871418268
 31
0.0
  0
CIRCLE
  5
21D
330
17
100
AcDbEntity
  8
G-AKS-BALON
100
AcDbCircle
 10
-2636.891126411372
 20
-1162.9894494820458
 30
0.0
 40
420.0
  0
TEXT
  5
21E
330
17
100
AcDbEntity
  8
G-AKS-BALON
100
AcDbText
 10
-2636.891126411372
 20
-1162.9894494820458
 30
0.0
 40
399.0
  1
A
  7
GYM-B
 72
1
 11
-2636.891126411372
 21
-1162.9894494820458
 31
0.0
100
AcDbText
 73
2
  0
CIRCLE
  5
21F
330
17
100
AcDbEntity
  8
G-AKS-BALON
100
AcDbCircle
 10
15091.556775183144
 20
1328.5814165859074
 30
0.0
 40
420.0
  0
TEXT
  5
220
330
17
100
AcDbEntity
  8
G-AKS-BALON
100
AcDbText
 10
15091.556775183144
 20
1328.5814165859074
 30
0.0
 40
399.0
  1
A
  7
GYM-B
 72
1
 11
15091.556775183144
 21
1328.5814165859074
 31
0.0
100
AcDbText
 73
2
  0
LINE
  5
221
330
17
100
AcDbEntity
  8
G-AKS-HAT
100
AcDbLine
 10
-2808.597449340076
 20
3076.5890662444203
 30
0.0
 11
14088.025274511521
 21
5451.254527505918
 31
0.0
  0
CIRCLE
  5
222
330
17
100
AcDbEntity
  8
G-AKS-BALON
100
AcDbCircle
 10
-3224.5100382115356
 20
3018.136363841193
 30
0.0
 40
420.0
  0
TEXT
  5
223
330
17
100
AcDbEntity
  8
G-AKS-BALON
100
AcDbText
 10
-3224.5100382115356
 20
3018.136363841193
 30
0.0
 40
399.0
  1
B
  7
GYM-B
 72
1
 11
-3224.5100382115356
 21
3018.136363841193
 31
0.0
100
AcDbText
 73
2
  0
CIRCLE
  5
224
330
17
100
AcDbEntity
  8
G-AKS-BALON
100
AcDbCircle
 10
14503.93786338298
 20
5509.707229909146
 30
0.0
 40
420.0
  0
TEXT
  5
225
330
17
100
AcDbEntity
  8
G-AKS-BALON
100
AcDbText
 10
14503.93786338298
 20
5509.707229909146
 30
0.0
 40
399.0
  1
B
  7
GYM-B
 72
1
 11
14503.93786338298
 21
5509.707229909146
 31
0.0
100
AcDbText
 73
2
  0
LINE
  5
226
330
17
100
AcDbEntity
  8
G-AKS-HAT
100
AcDbLine
 10
-3334.3653799888307
 20
6817.62228098317
 30
0.0
 11
13562.257343862766
 21
9192.287742244667
 31
0.0
  0
CIRCLE
  5
227
330
17
100
AcDbEntity
  8
G-AKS-BALON
100
AcDbCircle
 10
-3750.2779688602905
 20
6759.169578579943
 30
0.0
 40
420.0
  0
TEXT
  5
228
330
17
100
AcDbEntity
  8
G-AKS-BALON
100
AcDbText
 10
-3750.2779688602905
 20
6759.169578579943
 30
0.0
 40
399.0
  1
C
  7
GYM-B
 72
1
 11
-3750.2779688602905
 21
6759.169578579943
 31
0.0
100
AcDbText
 73
2
  0
CIRCLE
  5
229
330
17
100
AcDbEntity
  8
G-AKS-BALON
100
AcDbCircle
 10
13978.169932734225
 20
9250.740444647896
 30
0.0
 40
420.0
  0
TEXT
  5
22A
330
17
100
AcDbEntity
  8
G-AKS-BALON
100
AcDbText
 10
13978.169932734225
 20
9250.740444647896
 30
0.0
 40
399.0
  1
C
  7
GYM-B
 72
1
 11
13978.169932734225
 21
9250.740444647896
 31
0.0
100
AcDbText
 73
2
  0
LINE
  5
22B
330
17
100
AcDbEntity
  8
G-AKS-HAT
100
AcDbLine
 10
-3454.702316990934
 20
7673.864079012395
 30
0.0
 11
13441.920406860661
 21
10048.529540273894
 31
0.0
  0
CIRCLE
  5
22C
330
17
100
AcDbEntity
  8
G-AKS-BALON
100
AcDbCircle
 10
-3870.6149058623937
 20
7615.411376609169
 30
0.0
 40
420.0
  0
TEXT
  5
22D
330
17
100
AcDbEntity
  8
G-AKS-BALON
100
AcDbText
 10
-3870.6149058623937
 20
7615.411376609169
 30
0.0
 40
399.0
  1
D
  7
GYM-B
 72
1
 11
-3870.6149058623937
 21
7615.411376609169
 31
0.0
100
AcDbText
 73
2
  0
CIRCLE
  5
22E
330
17
100
AcDbEntity
  8
G-AKS-BALON
100
AcDbCircle
 10
13857.83299573212
 20
10106.98224267712
 30
0.0
 40
420.0
  0
TEXT
  5
22F
330
17
100
AcDbEntity
  8
G-AKS-BALON
100
AcDbText
 10
13857.83299573212
 20
10106.98224267712
 30
0.0
 40
399.0
  1
D
  7
GYM-B
 72
1
 11
13857.83299573212
 21
10106.98224267712
 31
0.0
100
AcDbText
 73
2
  0
LINE
  5
230
330
17
100
AcDbEntity
  8
G-AKS-HAT
100
AcDbLine
 10
-3934.326043535215
 20
11086.564221002654
 30
0.0
 11
12962.296680316382
 21
13461.229682264151
 31
0.0
  0
CIRCLE
  5
231
330
17
100
AcDbEntity
  8
G-AKS-BALON
100
AcDbCircle
 10
-4350.238632406675
 20
11028.111518599426
 30
0.0
 40
420.0
  0
TEXT
  5
232
330
17
100
AcDbEntity
  8
G-AKS-BALON
100
AcDbText
 10
-4350.238632406675
 20
11028.111518599426
 30
0.0
 40
399.0
  1
E
  7
GYM-B
 72
1
 11
-4350.238632406675
 21
11028.111518599426
 31
0.0
100
AcDbText
 73
2
  0
CIRCLE
  5
233
330
17
100
AcDbEntity
  8
G-AKS-BALON
100
AcDbCircle
 10
13378.20926918784
 20
13519.682384667378
 30
0.0
 40
420.0
  0
TEXT
  5
234
330
17
100
AcDbEntity
  8
G-AKS-BALON
100
AcDbText
 10
13378.20926918784
 20
13519.682384667378
 30
0.0
 40
399.0
  1
E
  7
GYM-B
 72
1
 11
13378.20926918784
 21
13519.682384667378
 31
0.0
100
AcDbText
 73
2
  0
DIMENSION
  5
235
330
17
100
AcDbEntity
  8
G-OLCU
100
AcDbDimension
280
0
  2
*D1
  3
GYM-50
 10
3240.0
 20
-1100.0
 30
0.0
 11
6080.0
 21
-992.5
 31
0.0
 70
32
 71
5
  1
<>
100
AcDbAlignedDimension
 13
3240.0
 23
0.0
 33
0.0
 14
8920.0
 24
0.0
 34
0.0
 50
0.0
100
AcDbRotatedDimension
  0
DIMENSION
  5
244
330
17
100
AcDbEntity
  8
G-OLCU
100
AcDbDimension
280
0
  2
*D2
  3
GYM-50
 10
-810.0
 20
6840.0
 30
0.0
 11
-702.5
 21
4045.0
 31
0.0
 70
32
 71
5
  1
<>
100
AcDbAlignedDimension
 13
0.0
 23
6840.0
 33
0.0
 14
580.0
 24
1250.0
 34
0.0
 50
90.0
100
AcDbRotatedDimension
  0
DIMENSION
  5
253
330
17
100
AcDbEntity
  8
G-OLCU
100
AcDbDimension
280
0
  2
*D3
  3
GYM-50
 10
12385.0
 20
1100.0
 30
0.0
 11
12277.5
 21
3030.0
 31
0.0
 70
32
 71
5
  1
<>
100
AcDbAlignedDimension
 13
11560.0
 23
1100.0
 33
0.0
 14
11010.0
 24
4960.0
 34
0.0
 50
90.0
100
AcDbRotatedDimension
  0
DIMENSION
  5
262
330
17
100
AcDbEntity
  8
G-OLCU
100
AcDbDimension
280
0
  2
*D4
  3
GYM-50
 10
11834.999999999998
 20
8750.0
 30
0.0
 11
11942.499999999998
 21
6915.0
 31
0.0
 70
32
 71
5
  1
<>
100
AcDbAlignedDimension
 13
10470.0
 23
8750.0
 33
0.0
 14
11000.0
 24
5080.0
 34
0.0
 50
90.0
100
AcDbRotatedDimension
  0
DIMENSION
  5
271
330
17
100
AcDbEntity
  8
G-OLCU
100
AcDbDimension
280
0
  2
*D5
  3
GYM-50
 10
5840.0
 20
13845.0
 30
0.0
 11
7865.0
 21
13952.5
 31
0.0
 70
32
 71
5
  1
<>
100
AcDbAlignedDimension
 13
5840.0
 23
12500.0
 33
0.0
 14
9890.0
 24
12990.0
 34
0.0
 50
0.0
100
AcDbRotatedDimension
  0
DIMENSION
  5
280
330
17
100
AcDbEntity
  8
G-OLCU-ZINCIR
100
AcDbDimension
280
0
  2
*D6
  3
EZDXF
 10
1229.731073821412
 20
-2646.5917147136697
 30
0.0
 11
4547.422691315351
 21
-2180.093354302128
 31
0.0
 70
32
 71
5
  1
<>
100
AcDbAlignedDimension
 13
1167.1031783893827
 23
-2200.971083779963
 33
0.0
 14
7802.54904127269
 24
-1268.419983587813
 34
0.0
 50
8.0
100
AcDbRotatedDimension
  0
DIMENSION
  5
28F
330
17
100
AcDbEntity
  8
G-OLCU-ZINCIR
100
AcDbDimension
280
0
  2
*D7
  3
EZDXF
 10
7865.17693670472
 20
-1714.0406145215197
 30
0.0
 11
8791.328549266243
 21
-1583.6512826273404
 31
0.0
 70
32
 71
5
  1
<>
100
AcDbAlignedDimension
 13
7802.54904127269
 23
-1268.419983587813
 33
0.0
 14
9654.914894291169
 24
-1008.0869404303885
 34
0.0
 50
8.000000000000007
100
AcDbRotatedDimension
  0
DIMENSION
  5
29E
330
17
100
AcDbEntity
  8
G-OLCU-ZINCIR
100
AcDbDimension
280
0
  2
*D8
  3
EZDXF
 10
9717.5427897232
 20
-1453.7075713640952
 30
0.0
 11
10795.920397260756
 21
-1301.9242710725825
 31
0.0
 70
32
 71
5
  1
<>
100
AcDbAlignedDimension
 13
9654.914894291169
 23
-1008.0869404303885
 33
0.0
 14
11811.732737261716
 24
-704.9659604782966
 34
0.0
 50
7.999999999999994
100
AcDbRotatedDimension
  0
DIMENSION
  5
2AD
330
17
100
AcDbEntity
  8
G-OLCU-ZINCIR
100
AcDbDimension
280
0
  2
*D9
  3
EZDXF
 10
1292.3589692534417
 20
-3092.2123456473764
 30
0.0
 11
6614.642434741892
 21
-2343.9869736810765
 31
0.0
 70
32
 71
5
  1
<>
100
AcDbAlignedDimension
 13
1167.1031783893827
 23
-2200.971083779963
 33
0.0
 14
11811.732737261716
 24
-704.9659604782966
 34
0.0
 50
8.0
100
AcDbRotatedDimension
  0
DIMENSION
  5
2BC
330
17
100
AcDbEntity
  8
G-OLCU-ZINCIR
100
AcDbDimension
280
0
  2
*D10
  3
EZDXF
 10
205.17823087693452
 20
-763.5626497266582
 30
0.0
 11
-88.85403533861378
 21
1326.9689429872458
 31
0.0
 70
32
 71
5
  1
<>
100
AcDbAlignedDimension
 13
-240.44240005677207
 23
-826.1905451586875
 33
0.0
 14
-828.0613118569353
 24
3354.9352681645514
 34
0.0
 50
98.0
100
AcDbRotatedDimension
  0
DIMENSION
  5
2CB
330
17
100
AcDbEntity
  8
G-OLCU-ZINCIR
100
AcDbDimension
280
0
  2
*D11
  3
EZDXF
 10
-382.4406809232286
 20
3417.563163596581
 30
0.0
 11
-645.5474565630727
 21
5288.048457018241
 31
0.0
 70
32
 71
5
  1
<>
100
AcDbAlignedDimension
 13
-828.0613118569353
 23
3354.9352681645514
 33
0.0
 14
-1353.82924250569
 24
7095.968482903301
 34
0.0
 50
98.0
100
AcDbRotatedDimension
  0
DIMENSION
  5
2DA
330
17
100
AcDbEntity
  8
G-OLCU-ZINCIR
100
AcDbDimension
280
0
  2
*D12
  3
EZDXF
 10
-908.2086115719832
 20
7158.59637833533
 30
0.0
 11
-968.599890388502
 21
7586.685963402228
 31
0.0
 70
32
 71
5
  1
<>
100
AcDbAlignedDimension
 13
-1353.82924250569
 23
7095.968482903301
 33
0.0
 14
-1474.166179507794
 24
7952.210280932527
 34
0.0
 50
98.00000000000001
100
AcDbRotatedDimension
  0
DIMENSION
  5
2E9
330
17
100
AcDbEntity
  8
G-OLCU-ZINCIR
100
AcDbDimension
280
0
  2
*D13
  3
EZDXF
 10
-1028.5455485740872
 20
8014.838176364557
 30
0.0
 11
-1268.580222161694
 21
9721.156933411969
 31
0.0
 70
32
 71
5
  1
<>
100
AcDbAlignedDimension
 13
-1474.166179507794
 23
7952.210280932527
 33
0.0
 14
-1953.7899060520742
 24
11364.910422922783
 34
0.0
 50
98.0
100
AcDbRotatedDimension
  0
DIMENSION
  5
2F8
330
17
100
AcDbEntity
  8
G-OLCU-ZINCIR
100
AcDbDimension
280
0
  2
*D14
  3
EZDXF
 10
650.7988618106413
 20
-700.9347542946289
 30
0.0
 11
-206.09770150247618
 21
5394.584415798392
 31
0.0
 70
32
 71
5
  1
<>
100
AcDbAlignedDimension
 13
-240.44240005677207
 23
-826.1905451586875
 33
0.0
 14
-1953.7899060520742
 24
11364.910422922783
 34
0.0
 50
98.0
100
AcDbRotatedDimension
  0
LINE
  5
307
330
17
100
AcDbEntity
  8
A-KESIT-HAT
100
AcDbLine
 10
-700.0
 20
7300.0
 30
0.0
 11
600.0000000000001
 21
7300.0
 31
0.0
  0
LINE
  5
308
330
17
100
AcDbEntity
  8
A-KESIT-HAT
100
AcDbLine
 10
600.0000000000001
 20
7300.0
 30
0.0
 11
600.0000000000001
 21
7920.0
 31
0.0
  0
LINE
  5
309
330
17
100
AcDbEntity
  8
A-KESIT-HAT
100
AcDbLine
 10
600.0000000000001
 20
7920.0
 30
0.0
 11
720.0000000000001
 21
7720.0
 31
0.0
  0
LINE
  5
30A
330
17
100
AcDbEntity
  8
A-KESIT-HAT
100
AcDbLine
 10
600.0000000000001
 20
7920.0
 30
0.0
 11
480.0000000000001
 21
7720.0
 31
0.0
  0
CIRCLE
  5
30B
330
17
100
AcDbEntity
  8
A-KESIT-HAT
100
AcDbCircle
 10
-1140.0
 20
7300.0
 30
0.0
 40
440.0
  0
LINE
  5
30C
330
17
100
AcDbEntity
  8
A-KESIT-HAT
100
AcDbLine
 10
-1579.9999999999998
 20
7300.0
 30
0.0
 11
-700.0
 21
7300.0
 31
0.0
  0
TEXT
  5
30D
330
17
100
AcDbEntity
  8
A-KESIT-HAT
100
AcDbText
 10
-1140.0
 20
7498.0
 30
0.0
 40
316.8
  1
A
  7
GYM-B
 72
1
 11
-1140.0
 21
7498.0
 31
0.0
100
AcDbText
 73
2
  0
TEXT
  5
30E
330
17
100
AcDbEntity
  8
A-KESIT-HAT
100
AcDbText
 10
-1140.0
 20
7102.0
 30
0.0
 40
228.8
  1
A-06
  7
GYM
 72
1
 11
-1140.0
 21
7102.0
 31
0.0
100
AcDbText
 73
2
  0
LINE
  5
30F
330
17
100
AcDbEntity
  8
A-KESIT-HAT
100
AcDbLine
 10
12300.0
 20
7300.0
 30
0.0
 11
11000.0
 21
7300.0
 31
0.0
  0
LINE
  5
310
330
17
100
AcDbEntity
  8
A-KESIT-HAT
100
AcDbLine
 10
11000.0
 20
7300.0
 30
0.0
 11
11000.0
 21
7920.0
 31
0.0
  0
LINE
  5
311
330
17
100
AcDbEntity
  8
A-KESIT-HAT
100
AcDbLine
 10
11000.0
 20
7920.0
 30
0.0
 11
11120.0
 21
7720.0
 31
0.0
  0
LINE
  5
312
330
17
100
AcDbEntity
  8
A-KESIT-HAT
100
AcDbLine
 10
11000.0
 20
7920.0
 30
0.0
 11
10880.0
 21
7720.0
 31
0.0
  0
CIRCLE
  5
313
330
17
100
AcDbEntity
  8
A-KESIT-HAT
100
AcDbCircle
 10
12740.0
 20
7300.0
 30
0.0
 40
440.0
  0
LINE
  5
314
330
17
100
AcDbEntity
  8
A-KESIT-HAT
100
AcDbLine
 10
12300.0
 20
7300.0
 30
0.0
 11
13180.0
 21
7300.0
 31
0.0
  0
TEXT
  5
315
330
17
100
AcDbEntity
  8
A-KESIT-HAT
100
AcDbText
 10
12740.0
 20
7498.0
 30
0.0
 40
316.8
  1
A
  7
GYM-B
 72
1
 11
12740.0
 21
7498.0
 31
0.0
100
AcDbText
 73
2
  0
TEXT
  5
316
330
17
100
AcDbEntity
  8
A-KESIT-HAT
100
AcDbText
 10
12740.0
 20
7102.0
 30
0.0
 40
228.8
  1
A-06
  7
GYM
 72
1
 11
12740.0
 21
7102.0
 31
0.0
100
AcDbText
 73
2
  0
LINE
  5
317
330
17
100
AcDbEntity
  8
A-KESIT-HAT
100
AcDbLine
 10
6600.0
 20
-700.0
 30
0.0
 11
6600.0
 21
600.0000000000001
 31
0.0
  0
LINE
  5
318
330
17
100
AcDbEntity
  8
A-KESIT-HAT
100
AcDbLine
 10
6600.0
 20
600.0000000000001
 30
0.0
 11
7220.0
 21
600.0000000000001
 31
0.0
  0
LINE
  5
319
330
17
100
AcDbEntity
  8
A-KESIT-HAT
100
AcDbLine
 10
7220.0
 20
600.0000000000001
 30
0.0
 11
7020.0
 21
720.0000000000001
 31
0.0
  0
LINE
  5
31A
330
17
100
AcDbEntity
  8
A-KESIT-HAT
100
AcDbLine
 10
7220.0
 20
600.0000000000001
 30
0.0
 11
7020.0
 21
480.0000000000001
 31
0.0
  0
CIRCLE
  5
31B
330
17
100
AcDbEntity
  8
A-KESIT-HAT
100
AcDbCircle
 10
6600.0
 20
-1140.0
 30
0.0
 40
440.0
  0
LINE
  5
31C
330
17
100
AcDbEntity
  8
A-KESIT-HAT
100
AcDbLine
 10
6159.999999999999
 20
-1140.0
 30
0.0
 11
7040.0
 21
-1140.0
 31
0.0
  0
TEXT
  5
31D
330
17
100
AcDbEntity
  8
A-KESIT-HAT
100
AcDbText
 10
6600.0
 20
-942.0
 30
0.0
 40
316.8
  1
B
  7
GYM-B
 72
1
 11
6600.0
 21
-942.0
 31
0.0
100
AcDbText
 73
2
  0
TEXT
  5
31E
330
17
100
AcDbEntity
  8
A-KESIT-HAT
100
AcDbText
 10
6600.0
 20
-1338.0
 30
0.0
 40
228.8
  1
A-06
  7
GYM
 72
1
 11
6600.0
 21
-1338.0
 31
0.0
100
AcDbText
 73
2
  0
LINE
  5
31F
330
17
100
AcDbEntity
  8
A-KESIT-HAT
100
AcDbLine
 10
6600.0
 20
13700.0
 30
0.0
 11
6600.0
 21
12399.999999999998
 31
0.0
  0
LINE
  5
320
330
17
100
AcDbEntity
  8
A-KESIT-HAT
100
AcDbLine
 10
6600.0
 20
12399.999999999998
 30
0.0
 11
7220.0
 21
12399.999999999998
 31
0.0
  0
LINE
  5
321
330
17
100
AcDbEntity
  8
A-KESIT-HAT
100
AcDbLine
 10
7220.0
 20
12399.999999999998
 30
0.0
 11
7020.0
 21
12519.999999999998
 31
0.0
  0
LINE
  5
322
330
17
100
AcDbEntity
  8
A-KESIT-HAT
100
AcDbLine
 10
7220.0
 20
12399.999999999998
 30
0.0
 11
7020.0
 21
12280.0
 31
0.0
  0
CIRCLE
  5
323
330
17
100
AcDbEntity
  8
A-KESIT-HAT
100
AcDbCircle
 10
6600.0
 20
14139.999999999998
 30
0.0
 40
440.0
  0
LINE
  5
324
330
17
100
AcDbEntity
  8
A-KESIT-HAT
100
AcDbLine
 10
6159.999999999999
 20
14139.999999999998
 30
0.0
 11
7040.0
 21
14139.999999999998
 31
0.0
  0
TEXT
  5
325
330
17
100
AcDbEntity
  8
A-KESIT-HAT
100
AcDbText
 10
6600.0
 20
14337.999999999998
 30
0.0
 40
316.8
  1
B
  7
GYM-B
 72
1
 11
6600.0
 21
14337.999999999998
 31
0.0
100
AcDbText
 73
2
  0
TEXT
  5
326
330
17
100
AcDbEntity
  8
A-KESIT-HAT
100
AcDbText
 10
6600.0
 20
13941.999999999998
 30
0.0
 40
228.8
  1
A-06
  7
GYM
 72
1
 11
6600.0
 21
13941.999999999998
 31
0.0
100
AcDbText
 73
2
  0
CIRCLE
  5
327
330
17
100
AcDbEntity
  8
A-MAHAL
100
AcDbCircle
 10
8050.000000000001
 20
9979.999999999998
 30
0.0
 40
320.0
  0
TEXT
  5
328
330
17
100
AcDbEntity
  8
A-MAHAL
100
AcDbText
 10
8050.000000000001
 20
9979.999999999998
 30
0.0
 40
256.0
  1
104
  7
GYM-B
 72
1
 11
8050.000000000001
 21
9979.999999999998
 31
0.0
100
AcDbText
 73
2
  0
CIRCLE
  5
329
330
17
100
AcDbEntity
  8
A-MAHAL
100
AcDbCircle
 10
1550.0
 20
3230.0000000000005
 30
0.0
 40
320.0
  0
TEXT
  5
32A
330
17
100
AcDbEntity
  8
A-MAHAL
100
AcDbText
 10
1550.0
 20
3230.0000000000005
 30
0.0
 40
256.0
  1
101
  7
GYM-B
 72
1
 11
1550.0
 21
3230.0000000000005
 31
0.0
100
AcDbText
 73
2
  0
LINE
  5
32B
330
17
100
AcDbEntity
  8
A-MAHAL
100
AcDbLine
 10
1550.0
 20
2350.0
 30
0.0
 11
1550.0
 21
3230.0000000000005
 31
0.0
  0
CIRCLE
  5
32C
330
17
100
AcDbEntity
  8
A-MAHAL
100
AcDbCircle
 10
6100.0
 20
900.0000000000001
 30
0.0
 40
320.0
  0
TEXT
  5
32D
330
17
100
AcDbEntity
  8
A-MAHAL
100
AcDbText
 10
6100.0
 20
900.0000000000001
 30
0.0
 40
256.0
  1
102
  7
GYM-B
 72
1
 11
6100.0
 21
900.0000000000001
 31
0.0
100
AcDbText
 73
2
  0
LINE
  5
32E
330
17
100
AcDbEntity
  8
A-MAHAL
100
AcDbLine
 10
5300.0
 20
1620.0
 30
0.0
 11
6100.0
 21
900.0000000000001
 31
0.0
  0
CIRCLE
  5
32F
330
17
100
AcDbEntity
  8
A-MAHAL
100
AcDbCircle
 10
7439.230484541326
 20
7330.0
 30
0.0
 40
320.0
  0
TEXT
  5
330
330
17
100
AcDbEntity
  8
A-MAHAL
100
AcDbText
 10
7439.230484541326
 20
7330.0
 30
0.0
 40
256.0
  1
103
  7
GYM-B
 72
1
 11
7439.230484541326
 21
7330.0
 31
0.0
100
AcDbText
 73
2
  0
LINE
  5
331
330
17
100
AcDbEntity
  8
A-MAHAL
100
AcDbLine
 10
6400.0
 20
7450.0
 30
0.0
 11
7439.230484541326
 21
7330.0
 31
0.0
  0
CIRCLE
  5
332
330
17
100
AcDbEntity
  8
A-MAHAL
100
AcDbCircle
 10
9777.090537939453
 20
6131.439090029158
 30
0.0
 40
320.0
  0
TEXT
  5
333
330
17
100
AcDbEntity
  8
A-MAHAL
100
AcDbText
 10
9777.090537939453
 20
6131.439090029158
 30
0.0
 40
256.0
  1
105
  7
GYM-B
 72
1
 11
9777.090537939453
 21
6131.439090029158
 31
0.0
100
AcDbText
 73
2
  0
LINE
  5
334
330
17
100
AcDbEntity
  8
A-MAHAL
100
AcDbLine
 10
9777.090537939453
 20
5951.439090029158
 30
0.0
 11
9777.090537939453
 21
6131.439090029158
 31
0.0
  0
CIRCLE
  5
335
330
17
100
AcDbEntity
  8
A-MAHAL
100
AcDbCircle
 10
8981.236644451756
 20
7882.249498833223
 30
0.0
 40
320.0
  0
TEXT
  5
336
330
17
100
AcDbEntity
  8
A-MAHAL
100
AcDbText
 10
8981.236644451756
 20
7882.249498833223
 30
0.0
 40
256.0
  1
106
  7
GYM-B
 72
1
 11
8981.236644451756
 21
7882.249498833223
 31
0.0
100
AcDbText
 73
2
  0
LINE
  5
337
330
17
100
AcDbEntity
  8
A-MAHAL
100
AcDbLine
 10
8981.236644451756
 20
7702.249498833222
 30
0.0
 11
8981.236644451756
 21
7882.249498833223
 31
0.0
  0
CIRCLE
  5
338
330
17
100
AcDbEntity
  8
A-MAHAL
100
AcDbCircle
 10
10054.236452775847
 20
8035.000168592447
 30
0.0
 40
320.0
  0
TEXT
  5
339
330
17
100
AcDbEntity
  8
A-MAHAL
100
AcDbText
 10
10054.236452775847
 20
8035.000168592447
 30
0.0
 40
256.0
  1
107
  7
GYM-B
 72
1
 11
10054.236452775847
 21
8035.000168592447
 31
0.0
100
AcDbText
 73
2
  0
LINE
  5
33A
330
17
100
AcDbEntity
  8
A-MAHAL
100
AcDbLine
 10
10054.236452775847
 20
7855.000168592446
 30
0.0
 11
10054.236452775847
 21
8035.000168592447
 31
0.0
  0
CIRCLE
  5
33B
330
17
100
AcDbEntity
  8
A-MAHAL
100
AcDbCircle
 10
10922.701285823561
 20
2808.500334718307
 30
0.0
 40
320.0
  0
TEXT
  5
33C
330
17
100
AcDbEntity
  8
A-MAHAL
100
AcDbText
 10
10922.701285823561
 20
2808.500334718307
 30
0.0
 40
256.0
  1
108
  7
GYM-B
 72
1
 11
10922.701285823561
 21
2808.500334718307
 31
0.0
100
AcDbText
 73
2
  0
LINE
  5
33D
330
17
100
AcDbEntity
  8
A-MAHAL
100
AcDbLine
 10
10122.70128582356
 20
3528.5003347183065
 30
0.0
 11
10922.701285823561
 21
2808.500334718307
 31
0.0
  0
CIRCLE
  5
33E
330
17
100
AcDbEntity
  8
A-MAHAL
100
AcDbCircle
 10
10890.775743481887
 20
2073.620443199089
 30
0.0
 40
320.0
  0
TEXT
  5
33F
330
17
100
AcDbEntity
  8
A-MAHAL
100
AcDbText
 10
10890.775743481887
 20
2073.620443199089
 30
0.0
 40
256.0
  1
109
  7
GYM-B
 72
1
 11
10890.775743481887
 21
2073.620443199089
 31
0.0
100
AcDbText
 73
2
  0
LINE
  5
340
330
17
100
AcDbEntity
  8
A-MAHAL
100
AcDbLine
 10
10890.775743481887
 20
1893.6204431990889
 30
0.0
 11
10890.775743481887
 21
2073.620443199089
 31
0.0
  0
CIRCLE
  5
341
330
17
100
AcDbEntity
  8
A-MAHAL
100
AcDbCircle
 10
9542.08799617408
 20
208.58983848622458
 30
0.0
 40
320.0
  0
TEXT
  5
342
330
17
100
AcDbEntity
  8
A-MAHAL
100
AcDbText
 10
9542.08799617408
 20
208.58983848622458
 30
0.0
 40
256.0
  1
110
  7
GYM-B
 72
1
 11
9542.08799617408
 21
208.58983848622458
 31
0.0
100
AcDbText
 73
2
  0
CIRCLE
  5
343
330
17
100
AcDbEntity
  8
A-MAHAL
100
AcDbCircle
 10
240.0
 20
4300.0
 30
0.0
 40
290.0
  0
TEXT
  5
344
330
17
100
AcDbEntity
  8
A-MAHAL
100
AcDbText
 10
240.0
 20
4300.0
 30
0.0
 40
232.0
  1
K01
  7
GYM-B
 72
1
 11
240.0
 21
4300.0
 31
0.0
100
AcDbText
 73
2
  0
LINE
  5
345
330
17
100
AcDbEntity
  8
A-MAHAL
100
AcDbLine
 10
240.0
 20
4300.0
 30
0.0
 11
240.0
 21
4300.0
 31
0.0
  0
CIRCLE
  5
346
330
17
100
AcDbEntity
  8
A-MAHAL
100
AcDbCircle
 10
8070.0
 20
8450.999629903723
 30
0.0
 40
290.0
  0
TEXT
  5
347
330
17
100
AcDbEntity
  8
A-MAHAL
100
AcDbText
 10
8070.0
 20
8450.999629903723
 30
0.0
 40
232.0
  1
K03
  7
GYM-B
 72
1
 11
8070.0
 21
8450.999629903723
 31
0.0
100
AcDbText
 73
2
  0
LINE
  5
348
330
17
100
AcDbEntity
  8
A-MAHAL
100
AcDbLine
 10
8850.0
 20
7100.0
 30
0.0
 11
8070.0
 21
8450.999629903723
 31
0.0
  0
CIRCLE
  5
349
330
17
100
AcDbEntity
  8
A-MAHAL
100
AcDbCircle
 10
9100.0
 20
3400.0
 30
0.0
 40
290.0
  0
TEXT
  5
34A
330
17
100
AcDbEntity
  8
A-MAHAL
100
AcDbText
 10
9100.0
 20
3400.0
 30
0.0
 40
232.0
  1
K04
  7
GYM-B
 72
1
 11
9100.0
 21
3400.0
 31
0.0
100
AcDbText
 73
2
  0
LINE
  5
34B
330
17
100
AcDbEntity
  8
A-MAHAL
100
AcDbLine
 10
9100.0
 20
3400.0
 30
0.0
 11
9100.0
 21
3400.0
 31
0.0
  0
CIRCLE
  5
34C
330
17
100
AcDbEntity
  8
A-MAHAL
100
AcDbCircle
 10
3350.0
 20
100.0
 30
0.0
 40
290.0
  0
TEXT
  5
34D
330
17
100
AcDbEntity
  8
A-MAHAL
100
AcDbText
 10
3350.0
 20
100.0
 30
0.0
 40
232.0
  1
K02
  7
GYM-B
 72
1
 11
3350.0
 21
100.0
 31
0.0
100
AcDbText
 73
2
  0
LINE
  5
34E
330
17
100
AcDbEntity
  8
A-MAHAL
100
AcDbLine
 10
3350.0
 20
100.0
 30
0.0
 11
3350.0
 21
100.0
 31
0.0
  0
CIRCLE
  5
34F
330
17
100
AcDbEntity
  8
A-MAHAL
100
AcDbCircle
 10
10673.538290724797
 20
8709.999999999998
 30
0.0
 40
290.0
  0
TEXT
  5
350
330
17
100
AcDbEntity
  8
A-MAHAL
100
AcDbText
 10
10673.538290724797
 20
8709.999999999998
 30
0.0
 40
232.0
  1
K05
  7
GYM-B
 72
1
 11
10673.538290724797
 21
8709.999999999998
 31
0.0
100
AcDbText
 73
2
  0
LINE
  5
351
330
17
100
AcDbEntity
  8
A-MAHAL
100
AcDbLine
 10
10050.0
 20
8350.0
 30
0.0
 11
10673.538290724797
 21
8709.999999999998
 31
0.0
  0
CIRCLE
  5
352
330
17
100
AcDbEntity
  8
A-MAHAL
100
AcDbCircle
 10
8899.999999999998
 20
920.0000000000001
 30
0.0
 40
290.0
  0
TEXT
  5
353
330
17
100
AcDbEntity
  8
A-MAHAL
100
AcDbText
 10
8899.999999999998
 20
920.0000000000001
 30
0.0
 40
232.0
  1
K06
  7
GYM-B
 72
1
 11
8899.999999999998
 21
920.0000000000001
 31
0.0
100
AcDbText
 73
2
  0
LINE
  5
354
330
17
100
AcDbEntity
  8
A-MAHAL
100
AcDbLine
 10
9620.0
 20
920.0
 30
0.0
 11
8899.999999999998
 21
920.0000000000001
 31
0.0
  0
CIRCLE
  5
355
330
17
100
AcDbEntity
  8
A-MAHAL
100
AcDbCircle
 10
9399.999999999998
 20
8800.999629903725
 30
0.0
 40
290.0
  0
TEXT
  5
356
330
17
100
AcDbEntity
  8
A-MAHAL
100
AcDbText
 10
9399.999999999998
 20
8800.999629903725
 30
0.0
 40
232.0
  1
K07
  7
GYM-B
 72
1
 11
9399.999999999998
 21
8800.999629903725
 31
0.0
100
AcDbText
 73
2
  0
LINE
  5
357
330
17
100
AcDbEntity
  8
A-MAHAL
100
AcDbLine
 10
8620.0
 20
7450.0
 30
0.0
 11
9399.999999999998
 21
8800.999629903725
 31
0.0
  0
CIRCLE
  5
358
330
17
100
AcDbEntity
  8
A-MAHAL
100
AcDbCircle
 10
11770.000000000002
 20
1780.0
 30
0.0
 40
290.0
  0
TEXT
  5
359
330
17
100
AcDbEntity
  8
A-MAHAL
100
AcDbText
 10
11770.000000000002
 20
1780.0
 30
0.0
 40
232.0
  1
K08
  7
GYM-B
 72
1
 11
11770.000000000002
 21
1780.0
 31
0.0
100
AcDbText
 73
2
  0
LINE
  5
35A
330
17
100
AcDbEntity
  8
A-MAHAL
100
AcDbLine
 10
11050.0
 20
1780.0
 30
0.0
 11
11770.000000000002
 21
1780.0
 31
0.0
  0
CIRCLE
  5
35B
330
17
100
AcDbEntity
  8
A-MAHAL
100
AcDbCircle
 10
2550.0
 20
7050.0
 30
0.0
 40
290.0
  0
TEXT
  5
35C
330
17
100
AcDbEntity
  8
A-MAHAL
100
AcDbText
 10
2550.0
 20
7050.0
 30
0.0
 40
232.0
  1
K09
  7
GYM-B
 72
1
 11
2550.0
 21
7050.0
 31
0.0
100
AcDbText
 73
2
  0
LINE
  5
35D
330
17
100
AcDbEntity
  8
A-MAHAL
100
AcDbLine
 10
2550.0
 20
7050.0
 30
0.0
 11
2550.0
 21
7050.0
 31
0.0
  0
LWPOLYLINE
  5
35E
330
17
100
AcDbEntity
  8
A-MAHAL
100
AcDbPolyline
 90
4
 70
1
 10
8109.999999999999
 20
5310.0
 10
8590.0
 20
5310.0
 10
8590.0
 20
5610.0
 10
8109.999999999999
 20
5610.0
  0
TEXT
  5
35F
330
17
100
AcDbEntity
  8
A-MAHAL
100
AcDbText
 10
8350.0
 20
5460.0
 30
0.0
 40
200.0
  1
D2
  7
GYM-B
 72
1
 11
8350.0
 21
5460.0
 31
0.0
100
AcDbText
 73
2
  0
LWPOLYLINE
  5
360
330
17
100
AcDbEntity
  8
A-MAHAL
100
AcDbPolyline
 90
4
 70
1
 10
10207.461339178928
 20
6569.999999999999
 10
10687.46133917893
 20
6569.999999999999
 10
10687.46133917893
 20
6870.0
 10
10207.461339178928
 20
6870.0
  0
TEXT
  5
361
330
17
100
AcDbEntity
  8
A-MAHAL
100
AcDbText
 10
10447.46133917893
 20
6720.0
 30
0.0
 40
200.0
  1
D3
  7
GYM-B
 72
1
 11
10447.46133917893
 21
6720.0
 31
0.0
100
AcDbText
 73
2
  0
LWPOLYLINE
  5
362
330
17
100
AcDbEntity
  8
A-MAHAL
100
AcDbPolyline
 90
4
 70
1
 10
7949.999999999999
 20
270.0
 10
8430.0
 20
270.0
 10
8430.0
 20
570.0
 10
7949.999999999999
 20
570.0
  0
TEXT
  5
363
330
17
100
AcDbEntity
  8
A-MAHAL
100
AcDbText
 10
8189.999999999999
 20
420.0
 30
0.0
 40
200.0
  1
D4
  7
GYM-B
 72
1
 11
8189.999999999999
 21
420.0
 31
0.0
100
AcDbText
 73
2
  0
LWPOLYLINE
  5
364
330
17
100
AcDbEntity
  8
A-MAHAL
100
AcDbPolyline
 90
4
 70
1
 10
5660.0
 20
11150.0
 10
6140.000000000001
 20
11150.0
 10
6140.000000000001
 20
11450.000000000002
 10
5660.0
 20
11450.000000000002
  0
TEXT
  5
365
330
17
100
AcDbEntity
  8
A-MAHAL
100
AcDbText
 10
5900.0
 20
11300.0
 30
0.0
 40
200.0
  1
D1
  7
GYM-B
 72
1
 11
5900.0
 21
11300.0
 31
0.0
100
AcDbText
 73
2
  0
LWPOLYLINE
  5
366
330
17
100
AcDbEntity
  8
A-MAHAL
100
AcDbPolyline
 90
4
 70
1
 10
4810.0
 20
-570.0
 10
5290.0
 20
-570.0
 10
5290.0
 20
-270.0
 10
4810.0
 20
-270.0
  0
TEXT
  5
367
330
17
100
AcDbEntity
  8
A-MAHAL
100
AcDbText
 10
5050.0
 20
-420.0
 30
0.0
 40
200.0
  1
D6
  7
GYM-B
 72
1
 11
5050.0
 21
-420.0
 31
0.0
100
AcDbText
 73
2
  0
LWPOLYLINE
  5
368
330
17
100
AcDbEntity
  8
A-MAHAL
100
AcDbPolyline
 90
4
 70
1
 10
9640.0
 20
2150.0
 10
10120.000000000002
 20
2150.0
 10
10120.000000000002
 20
2449.9999999999995
 10
9640.0
 20
2449.9999999999995
  0
TEXT
  5
369
330
17
100
AcDbEntity
  8
A-MAHAL
100
AcDbText
 10
9880.0
 20
2300.0
 30
0.0
 40
200.0
  1
D5
  7
GYM-B
 72
1
 11
9880.0
 21
2300.0
 31
0.0
100
AcDbText
 73
2
  0
LWPOLYLINE
  5
36A
330
17
100
AcDbEntity
  8
A-ZEMIN-SINIR
100
AcDbPolyline
 90
7
 70
1
 10
5550.0
 20
8520.0
 10
5550.0
 20
8874.856291749413
 10
6392.0
 20
8965.0
 10
5840.0
 20
12499.0
 10
9885.0
 20
12990.0
 10
10491.0
 20
8771.0
 10
8722.627831715208
 20
8520.0
  0
TEXT
  5
36B
330
17
100
AcDbEntity
  8
A-ZEMIN-YAZI
100
AcDbText
 10
8050.000000000001
 20
10680.0
 30
0.0
 40
220.0
  1
Z3  ±0,00
  7
GYM-B
 72
1
 11
8050.000000000001
 21
10680.0
 31
0.0
100
AcDbText
 73
2
  0
LWPOLYLINE
  5
36C
330
17
100
AcDbEntity
  8
A-ZEMIN-SINIR
100
AcDbPolyline
 90
8
 70
1
 10
1957.0
 20
1555.0
 10
1732.0
 20
1075.0
 10
579.0
 20
1247.0
 10
0.0
 20
6840.0
 10
1136.0
 20
6931.0
 10
853.0
 20
8372.0
 10
2600.0
 20
8559.032135764579
 10
2600.0
 20
776.2889408099688
  0
TEXT
  5
36D
330
17
100
AcDbEntity
  8
A-ZEMIN-YAZI
100
AcDbText
 10
1550.0
 20
1930.0
 30
0.0
 40
220.0
  1
Z3  ±0,00
  7
GYM-B
 72
1
 11
1550.0
 21
1930.0
 31
0.0
100
AcDbText
 73
2
  0
LWPOLYLINE
  5
36E
330
17
100
AcDbEntity
  8
A-ZEMIN-SINIR
100
AcDbPolyline
 90
5
 70
1
 10
7400.0
 20
6700.0
 10
7400.0
 20
0.0
 10
3241.0
 20
0.0
 10
2600.0
 20
776.2889408099688
 10
2600.0
 20
6700.0
  0
TEXT
  5
36F
330
17
100
AcDbEntity
  8
A-ZEMIN-YAZI
100
AcDbText
 10
5300.0
 20
1200.0
 30
0.0
 40
220.0
  1
Z1  ±0,00
  7
GYM-B
 72
1
 11
5300.0
 21
1200.0
 31
0.0
100
AcDbText
 73
2
  0
LWPOLYLINE
  5
370
330
17
100
AcDbEntity
  8
A-ZEMIN-SINIR
100
AcDbPolyline
 90
10
 70
1
 10
8924.0
 20
0.0
 10
7400.0
 20
0.0
 10
7400.0
 20
6700.0
 10
2600.0
 20
6700.0
 10
2600.0
 20
8559.032135764579
 10
5550.0
 20
8874.856291749413
 10
5550.0
 20
8520.0
 10
8722.627831715208
 20
8520.0
 10
8314.0
 20
8462.0
 10
9531.0
 20
498.0
  0
TEXT
  5
371
330
17
100
AcDbEntity
  8
A-ZEMIN-YAZI
100
AcDbText
 10
6400.0
 20
7030.0
 30
0.0
 40
220.0
  1
Z2  ±0,00
  7
GYM-B
 72
1
 11
6400.0
 21
7030.0
 31
0.0
100
AcDbText
 73
2
  0
LWPOLYLINE
  5
372
330
17
100
AcDbEntity
  8
A-ZEMIN-SINIR
100
AcDbPolyline
 90
5
 70
1
 10
10996.0
 20
5080.0
 10
8849.0
 20
4775.0
 10
8558.758339157721
 20
6822.878180058316
 10
8558.758986473133
 20
6822.8782399966385
 10
10704.329336630655
 20
7128.38689589982
  0
TEXT
  5
373
330
17
100
AcDbEntity
  8
A-ZEMIN-YAZI
100
AcDbText
 10
9777.090537939453
 20
5531.439090029158
 30
0.0
 40
220.0
  1
Z5  ±0,00
  7
GYM-B
 72
1
 11
9777.090537939453
 21
5531.439090029158
 31
0.0
100
AcDbText
 73
2
  0
LWPOLYLINE
  5
374
330
17
100
AcDbEntity
  8
A-ZEMIN-SINIR
100
AcDbPolyline
 90
4
 70
1
 10
9403.2945233589
 20
8580.48245868865
 10
9631.663521129563
 20
6976.659650253371
 10
8558.618017955989
 20
6823.868254075919
 10
8331.290416828891
 20
8427.839347413073
  0
TEXT
  5
375
330
17
100
AcDbEntity
  8
A-ZEMIN-YAZI
100
AcDbText
 10
8981.236644451756
 20
7282.249498833222
 30
0.0
 40
220.0
  1
Z4  −0,02
  7
GYM-B
 72
1
 11
8981.236644451756
 21
7282.249498833222
 31
0.0
100
AcDbText
 73
2
  0
LWPOLYLINE
  5
376
330
17
100
AcDbEntity
  8
A-ZEMIN-SINIR
100
AcDbPolyline
 90
4
 70
1
 10
10475.81937034285
 20
8733.19971841438
 10
10704.188368113513
 20
7129.376909979101
 10
9632.653535208845
 20
6976.800618770513
 10
9404.284537438181
 20
8580.623427205792
  0
TEXT
  5
377
330
17
100
AcDbEntity
  8
A-ZEMIN-YAZI
100
AcDbText
 10
10054.236452775847
 20
7435.000168592446
 30
0.0
 40
220.0
  1
Z4  −0,02
  7
GYM-B
 72
1
 11
10054.236452775847
 21
7435.000168592446
 31
0.0
100
AcDbText
 73
2
  0
LWPOLYLINE
  5
378
330
17
100
AcDbEntity
  8
A-ZEMIN-SINIR
100
AcDbPolyline
 90
5
 70
1
 10
8868.0
 20
4654.0
 10
11012.0
 20
4959.0
 10
11377.332200036428
 20
2403.000669436613
 10
11377.332138955011
 20
2403.0006637432016
 10
9233.71002742385
 20
2096.4760289522806
  0
TEXT
  5
379
330
17
100
AcDbEntity
  8
A-ZEMIN-YAZI
100
AcDbText
 10
10122.70128582356
 20
3108.5003347183065
 30
0.0
 40
220.0
  1
Z5  ±0,00
  7
GYM-B
 72
1
 11
10122.70128582356
 21
3108.5003347183065
 31
0.0
100
AcDbText
 73
2
  0
LWPOLYLINE
  5
37A
330
17
100
AcDbEntity
  8
A-ZEMIN-SINIR
100
AcDbPolyline
 90
6
 70
1
 10
11377.47369286883
 20
2402.010733195394
 10
11563.0
 20
1104.0
 10
10456.0
 20
1046.0
 10
10400.0
 20
1542.0
 10
10381.784184140935
 20
1541.3585980331316
 10
10281.133393026086
 20
2245.2408863981773
  0
TEXT
  5
37B
330
17
100
AcDbEntity
  8
A-ZEMIN-YAZI
100
AcDbText
 10
10890.775743481887
 20
1473.6204431990889
 30
0.0
 40
220.0
  1
Z4  −0,02
  7
GYM-B
 72
1
 11
10890.775743481887
 21
1473.6204431990889
 31
0.0
100
AcDbText
 73
2
  0
LWPOLYLINE
  5
37C
330
17
100
AcDbEntity
  8
A-ZEMIN-SINIR
100
AcDbPolyline
 90
7
 70
1
 10
10280.14346247828
 20
2245.099332484359
 10
10380.77907299047
 20
1541.323206795439
 10
10116.0
 20
1532.0
 10
10150.0
 20
1018.0
 10
9496.833088269086
 20
496.61237747795593
 10
9463.168921723629
 20
491.7986109561521
 10
9233.851581337667
 20
2095.4860984044726
  0
TEXT
  5
37D
330
17
100
AcDbEntity
  8
A-ZEMIN-YAZI
100
AcDbText
 10
9742.08799617408
 20
855.0
 30
0.0
 40
220.0
  1
Z4  −0,02
  7
GYM-B
 72
1
 11
9742.08799617408
 21
855.0
 31
0.0
100
AcDbText
 73
2
  0
LWPOLYLINE
  5
37E
330
17
100
AcDbEntity
  8
A-ZEMIN-SINIR
100
AcDbPolyline
 90
6
 70
1
 10
5300.0
 20
6369.8866062908955
 10
3550.7268861881466
 20
5359.943303145447
 10
3550.726886188147
 20
3340.056696854551
 10
5300.0
 20
2330.113393709103
 10
7049.273113811852
 20
3340.056696854551
 10
7049.273113811852
 20
5359.943303145447
  0
TEXT
  5
37F
330
17
100
AcDbEntity
  8
A-ZEMIN-YAZI
100
AcDbText
 10
5300.0
 20
4350.0
 30
0.0
 40
220.0
  1
Z6  +0,30
  7
GYM-B
 72
1
 11
5300.0
 21
4350.0
 31
0.0
100
AcDbText
 73
2
  0
LINE
  5
380
330
17
100
AcDbEntity
  8
A-ZEMIN-DERZ
100
AcDbLine
 10
3000.0
 20
291.8652647975079
 30
0.0
 11
3000.0
 21
6700.0
 31
0.0
  0
LINE
  5
381
330
17
100
AcDbEntity
  8
A-ZEMIN-DERZ
100
AcDbLine
 10
4000.0
 20
0.0
 30
0.0
 11
4000.0
 21
6700.0
 31
0.0
  0
LINE
  5
382
330
17
100
AcDbEntity
  8
A-ZEMIN-DERZ
100
AcDbLine
 10
5000.0
 20
0.0
 30
0.0
 11
5000.0
 21
6700.0
 31
0.0
  0
LINE
  5
383
330
17
100
AcDbEntity
  8
A-ZEMIN-DERZ
100
AcDbLine
 10
6000.0
 20
0.0
 30
0.0
 11
6000.0
 21
6700.0
 31
0.0
  0
LINE
  5
384
330
17
100
AcDbEntity
  8
A-ZEMIN-DERZ
100
AcDbLine
 10
7000.0
 20
0.0
 30
0.0
 11
7000.0
 21
6700.0
 31
0.0
  0
LINE
  5
385
330
17
100
AcDbEntity
  8
A-ZEMIN-DERZ
100
AcDbLine
 10
3241.0
 20
0.0
 30
0.0
 11
7400.0
 21
0.0
 31
0.0
  0
LINE
  5
386
330
17
100
AcDbEntity
  8
A-ZEMIN-DERZ
100
AcDbLine
 10
2600.0
 20
1000.0
 30
0.0
 11
7400.0
 21
1000.0
 31
0.0
  0
LINE
  5
387
330
17
100
AcDbEntity
  8
A-ZEMIN-DERZ
100
AcDbLine
 10
2600.0
 20
2000.0
 30
0.0
 11
7400.0
 21
2000.0
 31
0.0
  0
LINE
  5
388
330
17
100
AcDbEntity
  8
A-ZEMIN-DERZ
100
AcDbLine
 10
2600.0
 20
3000.0
 30
0.0
 11
7400.0
 21
3000.0
 31
0.0
  0
LINE
  5
389
330
17
100
AcDbEntity
  8
A-ZEMIN-DERZ
100
AcDbLine
 10
2600.0
 20
4000.0
 30
0.0
 11
7400.0
 21
4000.0
 31
0.0
  0
LINE
  5
38A
330
17
100
AcDbEntity
  8
A-ZEMIN-DERZ
100
AcDbLine
 10
2600.0
 20
5000.0
 30
0.0
 11
7400.0
 21
5000.0
 31
0.0
  0
LINE
  5
38B
330
17
100
AcDbEntity
  8
A-ZEMIN-DERZ
100
AcDbLine
 10
2600.0
 20
6000.0
 30
0.0
 11
7400.0
 21
6000.0
 31
0.0
  0
LINE
  5
38C
330
17
100
AcDbEntity
  8
A-ZEMIN-DERZ
100
AcDbLine
 10
3000.0
 20
6700.0
 30
0.0
 11
3000.0
 21
8601.855750135403
 31
0.0
  0
LINE
  5
38D
330
17
100
AcDbEntity
  8
A-ZEMIN-DERZ
100
AcDbLine
 10
4000.0
 20
6700.0
 30
0.0
 11
4000.0
 21
8708.914786062467
 31
0.0
  0
LINE
  5
38E
330
17
100
AcDbEntity
  8
A-ZEMIN-DERZ
100
AcDbLine
 10
5000.0
 20
6700.0
 30
0.0
 11
5000.0
 21
8815.973821989528
 31
0.0
  0
LINE
  5
38F
330
17
100
AcDbEntity
  8
A-ZEMIN-DERZ
100
AcDbLine
 10
6000.0
 20
6700.0
 30
0.0
 11
6000.0
 21
8520.0
 31
0.0
  0
LINE
  5
390
330
17
100
AcDbEntity
  8
A-ZEMIN-DERZ
100
AcDbLine
 10
7000.0
 20
6700.0
 30
0.0
 11
7000.0
 21
8520.0
 31
0.0
  0
LINE
  5
391
330
17
100
AcDbEntity
  8
A-ZEMIN-DERZ
100
AcDbLine
 10
8000.0
 20
0.0
 30
0.0
 11
8000.0
 21
8520.0
 31
0.0
  0
LINE
  5
392
330
17
100
AcDbEntity
  8
A-ZEMIN-DERZ
100
AcDbLine
 10
9000.0
 20
62.35255354201019
 30
0.0
 11
9000.0
 21
3972.8430566967977
 31
0.0
  0
LINE
  5
393
330
17
100
AcDbEntity
  8
A-ZEMIN-DERZ
100
AcDbLine
 10
7400.0
 20
0.0
 30
0.0
 11
8924.0
 21
0.0
 31
0.0
  0
LINE
  5
394
330
17
100
AcDbEntity
  8
A-ZEMIN-DERZ
100
AcDbLine
 10
7400.0
 20
1000.0
 30
0.0
 11
9454.288046207937
 21
1000.0
 31
0.0
  0
LINE
  5
395
330
17
100
AcDbEntity
  8
A-ZEMIN-DERZ
100
AcDbLine
 10
7400.0
 20
2000.0
 30
0.0
 11
9301.475389251633
 21
2000.0
 31
0.0
  0
LINE
  5
396
330
17
100
AcDbEntity
  8
A-ZEMIN-DERZ
100
AcDbLine
 10
7400.0
 20
3000.0
 30
0.0
 11
9148.66273229533
 21
3000.0
 31
0.0
  0
LINE
  5
397
330
17
100
AcDbEntity
  8
A-ZEMIN-DERZ
100
AcDbLine
 10
7400.0
 20
4000.0
 30
0.0
 11
8995.850075339027
 21
4000.0
 31
0.0
  0
LINE
  5
398
330
17
100
AcDbEntity
  8
A-ZEMIN-DERZ
100
AcDbLine
 10
7400.0
 20
5000.0
 30
0.0
 11
8843.037418382723
 21
5000.0
 31
0.0
  0
LINE
  5
399
330
17
100
AcDbEntity
  8
A-ZEMIN-DERZ
100
AcDbLine
 10
7400.0
 20
6000.0
 30
0.0
 11
8690.22476142642
 21
6000.0
 31
0.0
  0
LINE
  5
39A
330
17
100
AcDbEntity
  8
A-ZEMIN-DERZ
100
AcDbLine
 10
2600.0
 20
7000.0
 30
0.0
 11
8537.412104470115
 21
7000.0
 31
0.0
  0
LINE
  5
39B
330
17
100
AcDbEntity
  8
A-ZEMIN-DERZ
100
AcDbLine
 10
2600.0
 20
8000.0
 30
0.0
 11
8384.599447513812
 21
8000.0
 31
0.0
  0
LINE
  5
39C
330
17
100
AcDbEntity
  8
A-ZEMIN-SINIR
100
AcDbLine
 10
8451.290416828891
 20
6943.868254075919
 30
0.0
 11
8981.236644451756
 21
7702.249498833222
 31
0.0
  0
TEXT
  5
39D
330
17
100
AcDbEntity
  8
A-ZEMIN-YAZI
100
AcDbText
 10
8981.236644451756
 20
7962.249498833222
 30
0.0
 40
150.0
  1
%1,5
  7
GYM
 72
1
 11
8981.236644451756
 21
7962.249498833222
 31
0.0
100
AcDbText
 73
2
  0
LINE
  5
39E
330
17
100
AcDbEntity
  8
A-ZEMIN-SINIR
100
AcDbLine
 10
9524.284537438181
 20
7096.800618770513
 30
0.0
 11
10054.236452775847
 21
7855.000168592446
 31
0.0
  0
TEXT
  5
39F
330
17
100
AcDbEntity
  8
A-ZEMIN-YAZI
100
AcDbText
 10
10054.236452775847
 20
8115.000168592446
 30
0.0
 40
150.0
  1
%1,5
  7
GYM
 72
1
 11
10054.236452775847
 21
8115.000168592446
 31
0.0
100
AcDbText
 73
2
  0
LINE
  5
3A0
330
17
100
AcDbEntity
  8
A-ZEMIN-SINIR
100
AcDbLine
 10
10401.133393026086
 20
1166.0
 30
0.0
 11
10890.775743481887
 21
1893.6204431990889
 31
0.0
  0
TEXT
  5
3A1
330
17
100
AcDbEntity
  8
A-ZEMIN-YAZI
100
AcDbText
 10
10890.775743481887
 20
2153.620443199089
 30
0.0
 40
150.0
  1
%1,5
  7
GYM
 72
1
 11
10890.775743481887
 21
2153.620443199089
 31
0.0
100
AcDbText
 73
2
  0
LINE
  5
3A2
330
17
100
AcDbEntity
  8
A-ZEMIN-SINIR
100
AcDbLine
 10
9353.851581337667
 20
611.7986109561522
 30
0.0
 11
9742.08799617408
 21
1275.0
 31
0.0
  0
TEXT
  5
3A3
330
17
100
AcDbEntity
  8
A-ZEMIN-YAZI
100
AcDbText
 10
9742.08799617408
 20
1535.0
 30
0.0
 40
150.0
  1
%1,5
  7
GYM
 72
1
 11
9742.08799617408
 21
1535.0
 31
0.0
100
AcDbText
 73
2
  0
LWPOLYLINE
  5
3A4
330
17
100
AcDbEntity
  8
A-TAVAN-SINIR
100
AcDbPolyline
 90
7
 70
1
 10
5550.0
 20
8520.0
 10
5550.0
 20
8874.856291749413
 10
6392.0
 20
8965.0
 10
5840.0
 20
12499.0
 10
9885.0
 20
12990.0
 10
10491.0
 20
8771.0
 10
8722.627831715208
 20
8520.0
  0
TEXT
  5
3A5
330
17
100
AcDbEntity
  8
A-TAVAN-YAZI
100
AcDbText
 10
8050.000000000001
 20
10680.0
 30
0.0
 40
220.0
  1
T2  +2,75
  7
GYM-B
 72
1
 11
8050.000000000001
 21
10680.0
 31
0.0
100
AcDbText
 73
2
  0
LWPOLYLINE
  5
3A6
330
17
100
AcDbEntity
  8
A-TAVAN-SINIR
100
AcDbPolyline
 90
8
 70
1
 10
1957.0
 20
1555.0
 10
1732.0
 20
1075.0
 10
579.0
 20
1247.0
 10
0.0
 20
6840.0
 10
1136.0
 20
6931.0
 10
853.0
 20
8372.0
 10
2600.0
 20
8559.032135764579
 10
2600.0
 20
776.2889408099688
  0
TEXT
  5
3A7
330
17
100
AcDbEntity
  8
A-TAVAN-YAZI
100
AcDbText
 10
1550.0
 20
1930.0
 30
0.0
 40
220.0
  1
T2  +2,75
  7
GYM-B
 72
1
 11
1550.0
 21
1930.0
 31
0.0
100
AcDbText
 73
2
  0
LWPOLYLINE
  5
3A8
330
17
100
AcDbEntity
  8
A-TAVAN-SINIR
100
AcDbPolyline
 90
5
 70
1
 10
7400.0
 20
6700.0
 10
7400.0
 20
0.0
 10
3241.0
 20
0.0
 10
2600.0
 20
776.2889408099688
 10
2600.0
 20
6700.0
  0
TEXT
  5
3A9
330
17
100
AcDbEntity
  8
A-TAVAN-YAZI
100
AcDbText
 10
5300.0
 20
1200.0
 30
0.0
 40
220.0
  1
T1  +3,20
  7
GYM-B
 72
1
 11
5300.0
 21
1200.0
 31
0.0
100
AcDbText
 73
2
  0
LWPOLYLINE
  5
3AA
330
17
100
AcDbEntity
  8
A-TAVAN-SINIR
100
AcDbPolyline
 90
10
 70
1
 10
8924.0
 20
0.0
 10
7400.0
 20
0.0
 10
7400.0
 20
6700.0
 10
2600.0
 20
6700.0
 10
2600.0
 20
8559.032135764579
 10
5550.0
 20
8874.856291749413
 10
5550.0
 20
8520.0
 10
8722.627831715208
 20
8520.0
 10
8314.0
 20
8462.0
 10
9531.0
 20
498.0
  0
TEXT
  5
3AB
330
17
100
AcDbEntity
  8
A-TAVAN-YAZI
100
AcDbText
 10
6400.0
 20
7030.0
 30
0.0
 40
220.0
  1
T1  +3,20
  7
GYM-B
 72
1
 11
6400.0
 21
7030.0
 31
0.0
100
AcDbText
 73
2
  0
LWPOLYLINE
  5
3AC
330
17
100
AcDbEntity
  8
A-TAVAN-SINIR
100
AcDbPolyline
 90
5
 70
1
 10
10996.0
 20
5080.0
 10
8849.0
 20
4775.0
 10
8558.758339157721
 20
6822.878180058316
 10
8558.758986473133
 20
6822.8782399966385
 10
10704.329336630655
 20
7128.38689589982
  0
TEXT
  5
3AD
330
17
100
AcDbEntity
  8
A-TAVAN-YAZI
100
AcDbText
 10
9777.090537939453
 20
5531.439090029158
 30
0.0
 40
220.0
  1
T4  +2,60
  7
GYM-B
 72
1
 11
9777.090537939453
 21
5531.439090029158
 31
0.0
100
AcDbText
 73
2
  0
LWPOLYLINE
  5
3AE
330
17
100
AcDbEntity
  8
A-TAVAN-SINIR
100
AcDbPolyline
 90
4
 70
1
 10
9403.2945233589
 20
8580.48245868865
 10
9631.663521129563
 20
6976.659650253371
 10
8558.618017955989
 20
6823.868254075919
 10
8331.290416828891
 20
8427.839347413073
  0
TEXT
  5
3AF
330
17
100
AcDbEntity
  8
A-TAVAN-YAZI
100
AcDbText
 10
8981.236644451756
 20
7282.249498833222
 30
0.0
 40
220.0
  1
T3  +2,40
  7
GYM-B
 72
1
 11
8981.236644451756
 21
7282.249498833222
 31
0.0
100
AcDbText
 73
2
  0
LWPOLYLINE
  5
3B0
330
17
100
AcDbEntity
  8
A-TAVAN-SINIR
100
AcDbPolyline
 90
4
 70
1
 10
10475.81937034285
 20
8733.19971841438
 10
10704.188368113513
 20
7129.376909979101
 10
9632.653535208845
 20
6976.800618770513
 10
9404.284537438181
 20
8580.623427205792
  0
TEXT
  5
3B1
330
17
100
AcDbEntity
  8
A-TAVAN-YAZI
100
AcDbText
 10
10054.236452775847
 20
7435.000168592446
 30
0.0
 40
220.0
  1
T3  +2,40
  7
GYM-B
 72
1
 11
10054.236452775847
 21
7435.000168592446
 31
0.0
100
AcDbText
 73
2
  0
LWPOLYLINE
  5
3B2
330
17
100
AcDbEntity
  8
A-TAVAN-SINIR
100
AcDbPolyline
 90
5
 70
1
 10
8868.0
 20
4654.0
 10
11012.0
 20
4959.0
 10
11377.332200036428
 20
2403.000669436613
 10
11377.332138955011
 20
2403.0006637432016
 10
9233.71002742385
 20
2096.4760289522806
  0
TEXT
  5
3B3
330
17
100
AcDbEntity
  8
A-TAVAN-YAZI
100
AcDbText
 10
10122.70128582356
 20
3108.5003347183065
 30
0.0
 40
220.0
  1
T4  +2,60
  7
GYM-B
 72
1
 11
10122.70128582356
 21
3108.5003347183065
 31
0.0
100
AcDbText
 73
2
  0
LWPOLYLINE
  5
3B4
330
17
100
AcDbEntity
  8
A-TAVAN-SINIR
100
AcDbPolyline
 90
6
 70
1
 10
11377.47369286883
 20
2402.010733195394
 10
11563.0
 20
1104.0
 10
10456.0
 20
1046.0
 10
10400.0
 20
1542.0
 10
10381.784184140935
 20
1541.3585980331316
 10
10281.133393026086
 20
2245.2408863981773
  0
TEXT
  5
3B5
330
17
100
AcDbEntity
  8
A-TAVAN-YAZI
100
AcDbText
 10
10890.775743481887
 20
1473.6204431990889
 30
0.0
 40
220.0
  1
T3  +2,40
  7
GYM-B
 72
1
 11
10890.775743481887
 21
1473.6204431990889
 31
0.0
100
AcDbText
 73
2
  0
LWPOLYLINE
  5
3B6
330
17
100
AcDbEntity
  8
A-TAVAN-SINIR
100
AcDbPolyline
 90
7
 70
1
 10
10280.14346247828
 20
2245.099332484359
 10
10380.77907299047
 20
1541.323206795439
 10
10116.0
 20
1532.0
 10
10150.0
 20
1018.0
 10
9496.833088269086
 20
496.61237747795593
 10
9463.168921723629
 20
491.7986109561521
 10
9233.851581337667
 20
2095.4860984044726
  0
TEXT
  5
3B7
330
17
100
AcDbEntity
  8
A-TAVAN-YAZI
100
AcDbText
 10
9742.08799617408
 20
855.0
 30
0.0
 40
220.0
  1
T3  +2,40
  7
GYM-B
 72
1
 11
9742.08799617408
 21
855.0
 31
0.0
100
AcDbText
 73
2
  0
LWPOLYLINE
  5
3B8
330
17
100
AcDbEntity
  8
A-TAVAN-KAPAK
100
AcDbPolyline
 90
4
 70
1
 10
8461.290416828891
 20
8150.48245868865
 10
8761.290416828891
 20
8150.48245868865
 10
8761.290416828891
 20
8450.48245868865
 10
8461.290416828891
 20
8450.48245868865
  0
LINE
  5
3B9
330
17
100
AcDbEntity
  8
A-TAVAN-KAPAK
100
AcDbLine
 10
8461.290416828891
 20
8150.48245868865
 30
0.0
 11
8761.290416828891
 21
8450.48245868865
 31
0.0
  0
LWPOLYLINE
  5
3BA
330
17
100
AcDbEntity
  8
A-TAVAN-KAPAK
100
AcDbPolyline
 90
4
 70
1
 10
9534.284537438181
 20
8303.19971841438
 10
9834.284537438181
 20
8303.19971841438
 10
9834.284537438181
 20
8603.19971841438
 10
9534.284537438181
 20
8603.19971841438
  0
LINE
  5
3BB
330
17
100
AcDbEntity
  8
A-TAVAN-KAPAK
100
AcDbLine
 10
9534.284537438181
 20
8303.19971841438
 30
0.0
 11
9834.284537438181
 21
8603.19971841438
 31
0.0
  0
LWPOLYLINE
  5
3BC
330
17
100
AcDbEntity
  8
A-TAVAN-KAPAK
100
AcDbPolyline
 90
4
 70
1
 10
10411.133393026086
 20
1972.0107331953939
 10
10711.133393026086
 20
1972.0107331953939
 10
10711.133393026086
 20
2272.0107331953936
 10
10411.133393026086
 20
2272.0107331953936
  0
LINE
  5
3BD
330
17
100
AcDbEntity
  8
A-TAVAN-KAPAK
100
AcDbLine
 10
10411.133393026086
 20
1972.0107331953939
 30
0.0
 11
10711.133393026086
 21
2272.0107331953936
 31
0.0
  0
LWPOLYLINE
  5
3BE
330
17
100
AcDbEntity
  8
A-TAVAN-KAPAK
100
AcDbPolyline
 90
4
 70
1
 10
9363.851581337667
 20
1815.099332484359
 10
9663.851581337667
 20
1815.099332484359
 10
9663.851581337667
 20
2115.099332484359
 10
9363.851581337667
 20
2115.099332484359
  0
LINE
  5
3BF
330
17
100
AcDbEntity
  8
A-TAVAN-KAPAK
100
AcDbLine
 10
9363.851581337667
 20
1815.099332484359
 30
0.0
 11
9663.851581337667
 21
2115.099332484359
 31
0.0
  0
LWPOLYLINE
  5
3C0
330
17
100
AcDbEntity
  8
A-YANGIN-KACIS
100
AcDbPolyline
 90
6
 70
0
 10
8050.000000000001
 20
11100.0
 10
7050.0
 20
9700.0
 10
6550.0
 20
8880.0
 10
5000.0
 20
8100.0
 10
2600.0
 20
6500.0
 10
450.0
 20
4350.0
  0
LINE
  5
3C1
330
17
100
AcDbEntity
  8
A-YANGIN-KACIS
100
AcDbLine
 10
7445.377125130563
 20
10253.527975182786
 30
0.0
 11
7702.424333320375
 21
10448.65000114943
 31
0.0
  0
LINE
  5
3C2
330
17
100
AcDbEntity
  8
A-YANGIN-KACIS
100
AcDbLine
 10
7445.377125130563
 20
10253.527975182786
 30
0.0
 11
7546.585352442855
 21
10559.963558919088
 31
0.0
  0
LINE
  5
3C3
330
17
100
AcDbEntity
  8
A-YANGIN-KACIS
100
AcDbLine
 10
6706.290663632361
 20
9136.316688357074
 30
0.0
 11
6948.488726737788
 21
9349.591090204747
 31
0.0
  0
LINE
  5
3C4
330
17
100
AcDbEntity
  8
A-YANGIN-KACIS
100
AcDbLine
 10
6706.290663632361
 20
9136.316688357074
 30
0.0
 11
6784.97729379212
 21
9449.2931834643
 31
0.0
  0
LINE
  5
3C5
330
17
100
AcDbEntity
  8
A-YANGIN-KACIS
100
AcDbLine
 10
5614.211109870078
 20
8409.08688109591
 30
0.0
 11
5932.545991586787
 21
8462.084761599868
 31
0.0
  0
LINE
  5
3C6
330
17
100
AcDbEntity
  8
A-YANGIN-KACIS
100
AcDbLine
 10
5614.211109870078
 20
8409.08688109591
 30
0.0
 11
5846.458440019375
 21
8633.156178176137
 31
0.0
  0
LINE
  5
3C7
330
17
100
AcDbEntity
  8
A-YANGIN-KACIS
100
AcDbLine
 10
3650.230947019188
 20
7200.153964679458
 30
0.0
 11
3959.770303502801
 21
7291.429695535004
 31
0.0
  0
LINE
  5
3C8
330
17
100
AcDbEntity
  8
A-YANGIN-KACIS
100
AcDbLine
 10
3650.230947019188
 20
7200.153964679458
 30
0.0
 11
3853.5390664564657
 21
7450.776551104507
 31
0.0
  0
LINE
  5
3C9
330
17
100
AcDbEntity
  8
A-YANGIN-KACIS
100
AcDbLine
 10
1397.7207793864218
 20
5297.720779386421
 30
0.0
 11
1683.3484471527531
 21
5447.929659489661
 31
0.0
  0
LINE
  5
3CA
330
17
100
AcDbEntity
  8
A-YANGIN-KACIS
100
AcDbLine
 10
1397.7207793864218
 20
5297.720779386421
 30
0.0
 11
1547.9296594896616
 21
5583.348447152753
 31
0.0
  0
TEXT
  5
3CB
330
17
100
AcDbEntity
  8
A-YANGIN-KACIS
100
AcDbText
 10
8050.000000000001
 20
11520.0
 30
0.0
 40
170.0
  1
10,3 m → Ç1
  7
GYM-B
 72
1
 11
8050.000000000001
 21
11520.0
 31
0.0
100
AcDbText
 73
2
  0
LWPOLYLINE
  5
3CC
330
17
100
AcDbEntity
  8
A-YANGIN-KACIS
100
AcDbPolyline
 90
4
 70
0
 10
6400.0
 20
7450.0
 10
4600.0
 20
7300.0
 10
2400.0
 20
6300.0
 10
450.0
 20
4350.0
  0
LINE
  5
3CD
330
17
100
AcDbEntity
  8
A-YANGIN-KACIS
100
AcDbLine
 10
5320.621763515922
 20
7360.051813626326
 30
0.0
 11
5635.692268512716
 21
7290.220236696055
 31
0.0
  0
LINE
  5
3CE
330
17
100
AcDbEntity
  8
A-YANGIN-KACIS
100
AcDbLine
 10
5320.621763515922
 20
7360.051813626326
 30
0.0
 11
5619.788138469128
 21
7481.069797219099
 31
0.0
  0
LINE
  5
3CF
330
17
100
AcDbEntity
  8
A-YANGIN-KACIS
100
AcDbLine
 10
3336.1340340567313
 20
6725.515470025787
 30
0.0
 11
3656.3174122463324
 21
6765.869857477441
 31
0.0
  0
LINE
  5
3D0
330
17
100
AcDbEntity
  8
A-YANGIN-KACIS
100
AcDbLine
 10
3336.1340340567313
 20
6725.515470025787
 30
0.0
 11
3577.069560946345
 21
6940.215130337412
 31
0.0
  0
LINE
  5
3D1
330
17
100
AcDbEntity
  8
A-YANGIN-KACIS
100
AcDbLine
 10
1297.7207793864216
 20
5197.720779386421
 30
0.0
 11
1583.3484471527531
 21
5347.9296594896605
 31
0.0
  0
LINE
  5
3D2
330
17
100
AcDbEntity
  8
A-YANGIN-KACIS
100
AcDbLine
 10
1297.7207793864216
 20
5197.720779386421
 30
0.0
 11
1447.9296594896616
 21
5483.348447152753
 31
0.0
  0
TEXT
  5
3D3
330
17
100
AcDbEntity
  8
A-YANGIN-KACIS
100
AcDbText
 10
6400.0
 20
7870.0
 30
0.0
 40
170.0
  1
7,0 m → Ç1
  7
GYM-B
 72
1
 11
6400.0
 21
7870.0
 31
0.0
100
AcDbText
 73
2
  0
LWPOLYLINE
  5
3D4
330
17
100
AcDbEntity
  8
A-YANGIN-KACIS
100
AcDbPolyline
 90
3
 70
0
 10
5300.0
 20
1620.0
 10
4300.0
 20
950.0
 10
3400.0
 20
400.0
  0
LINE
  5
3D5
330
17
100
AcDbEntity
  8
A-YANGIN-KACIS
100
AcDbLine
 10
4650.461403965226
 20
1184.8091406567016
 30
0.0
 11
4959.789626579478
 21
1276.7978516478381
 31
0.0
  0
LINE
  5
3D6
330
17
100
AcDbEntity
  8
A-YANGIN-KACIS
100
AcDbLine
 10
4650.461403965226
 20
1184.8091406567016
 30
0.0
 11
4853.191513849164
 21
1435.8995124393523
 31
0.0
  0
LINE
  5
3D7
330
17
100
AcDbEntity
  8
A-YANGIN-KACIS
100
AcDbLine
 10
3696.409269942647
 20
581.1389982982845
 30
0.0
 11
4009.307935758943
 21
660.1345499824475
 31
0.0
  0
LINE
  5
3D8
330
17
100
AcDbEntity
  8
A-YANGIN-KACIS
100
AcDbLine
 10
3696.409269942647
 20
581.1389982982845
 30
0.0
 11
3909.4444780946396
 21
823.5474807058533
 31
0.0
  0
TEXT
  5
3D9
330
17
100
AcDbEntity
  8
A-YANGIN-KACIS
100
AcDbText
 10
5300.0
 20
2040.0
 30
0.0
 40
170.0
  1
2,3 m → Ç2
  7
GYM-B
 72
1
 11
5300.0
 21
2040.0
 31
0.0
100
AcDbText
 73
2
  0
LWPOLYLINE
  5
3DA
330
17
100
AcDbEntity
  8
A-YANGIN-KACIS
100
AcDbPolyline
 90
7
 70
0
 10
9800.0
 20
6300.0
 10
8950.0
 20
7050.0
 10
8400.0
 20
7280.0
 10
6800.0
 20
7550.0
 10
4200.0
 20
6700.0
 10
2000.0
 20
5700.0
 10
450.0
 20
4350.0
  0
LINE
  5
3DB
330
17
100
AcDbEntity
  8
A-YANGIN-KACIS
100
AcDbLine
 10
9240.029186034282
 20
6794.091894675632
 30
0.0
 11
9407.762510526114
 21
6518.390236881521
 31
0.0
  0
LINE
  5
3DC
330
17
100
AcDbEntity
  8
A-YANGIN-KACIS
100
AcDbLine
 10
9240.029186034282
 20
6794.091894675632
 30
0.0
 11
9534.470388840653
 21
6661.992498971332
 31
0.0
  0
LINE
  5
3DD
330
17
100
AcDbEntity
  8
A-YANGIN-KACIS
100
AcDbLine
 10
8508.93562211389
 20
7234.4451034796475
 30
0.0
 11
8756.315961009997
 21
7027.204083931995
 31
0.0
  0
LINE
  5
3DE
330
17
100
AcDbEntity
  8
A-YANGIN-KACIS
100
AcDbLine
 10
8508.93562211389
 20
7234.4451034796475
 30
0.0
 11
8830.202112080195
 21
7203.888358230289
 31
0.0
  0
LINE
  5
3DF
330
17
100
AcDbEntity
  8
A-YANGIN-KACIS
100
AcDbLine
 10
7422.509421260118
 20
7444.951535162355
 30
0.0
 11
7710.462475119437
 21
7299.2500903219025
 31
0.0
  0
LINE
  5
3E0
330
17
100
AcDbEntity
  8
A-YANGIN-KACIS
100
AcDbLine
 10
7422.509421260118
 20
7444.951535162355
 30
0.0
 11
7742.32942528445
 21
7488.091276484942
 31
0.0
  0
LINE
  5
3E1
330
17
100
AcDbEntity
  8
A-YANGIN-KACIS
100
AcDbLine
 10
5328.910841468383
 20
7069.067005864664
 30
0.0
 11
5651.592289753982
 21
7073.816236098302
 31
0.0
  0
LINE
  5
3E2
330
17
100
AcDbEntity
  8
A-YANGIN-KACIS
100
AcDbLine
 10
5328.910841468383
 20
7069.067005864664
 30
0.0
 11
5592.082353884954
 21
7255.846628168272
 31
0.0
  0
LINE
  5
3E3
330
17
100
AcDbEntity
  8
A-YANGIN-KACIS
100
AcDbLine
 10
2936.1340340567313
 20
6125.515470025787
 30
0.0
 11
3256.3174122463324
 21
6165.869857477441
 31
0.0
  0
LINE
  5
3E4
330
17
100
AcDbEntity
  8
A-YANGIN-KACIS
100
AcDbLine
 10
2936.1340340567313
 20
6125.515470025787
 30
0.0
 11
3177.0695609463455
 21
6340.215130337412
 31
0.0
  0
LINE
  5
3E5
330
17
100
AcDbEntity
  8
A-YANGIN-KACIS
100
AcDbLine
 10
1089.265312740465
 20
4906.779465935244
 30
0.0
 11
1384.5508218711875
 21
5036.980619359142
 31
0.0
  0
LINE
  5
3E6
330
17
100
AcDbEntity
  8
A-YANGIN-KACIS
100
AcDbLine
 10
1089.265312740465
 20
4906.779465935244
 30
0.0
 11
1258.7700280954548
 21
5181.395604805353
 31
0.0
  0
TEXT
  5
3E7
330
17
100
AcDbEntity
  8
A-YANGIN-KACIS
100
AcDbText
 10
9800.0
 20
6720.0
 30
0.0
 40
170.0
  1
10,6 m → Ç1
  7
GYM-B
 72
1
 11
9800.0
 21
6720.0
 31
0.0
100
AcDbText
 73
2
  0
LWPOLYLINE
  5
3E8
330
17
100
AcDbEntity
  8
A-YANGIN-KACIS
100
AcDbPolyline
 90
8
 70
0
 10
10100.0
 20
3300.0
 10
9350.0
 20
3380.0
 10
8600.0
 20
3500.0
 10
7850.0
 20
5300.0
 10
7550.0
 20
7000.0
 10
5000.0
 20
7500.0
 10
2200.0
 20
6100.0
 10
450.0
 20
4350.0
  0
LINE
  5
3E9
330
17
100
AcDbEntity
  8
A-YANGIN-KACIS
100
AcDbLine
 10
9546.015343900652
 20
3359.091696650597
 30
0.0
 11
9842.303614120701
 21
3231.1888695297152
 31
0.0
  0
LINE
  5
3EA
330
17
100
AcDbEntity
  8
A-YANGIN-KACIS
100
AcDbLine
 10
9546.015343900652
 20
3359.091696650597
 30
0.0
 11
9862.616233905706
 21
3421.6196800141342
 31
0.0
  0
LINE
  5
3EB
330
17
100
AcDbEntity
  8
A-YANGIN-KACIS
100
AcDbLine
 10
8797.260686254993
 20
3468.438290199201
 30
0.0
 11
9086.444615047412
 21
3325.1953930500435
 31
0.0
  0
LINE
  5
3EC
330
17
100
AcDbEntity
  8
A-YANGIN-KACIS
100
AcDbLine
 10
8797.260686254993
 20
3468.438290199201
 30
0.0
 11
9116.70154750993
 21
3514.301220940781
 31
0.0
  0
LINE
  5
3ED
330
17
100
AcDbEntity
  8
A-YANGIN-KACIS
100
AcDbLine
 10
8155.7692307692305
 20
4566.153846153847
 30
0.0
 11
8185.9114135198415
 21
4244.848195605133
 31
0.0
  0
LINE
  5
3EE
330
17
100
AcDbEntity
  8
A-YANGIN-KACIS
100
AcDbLine
 10
8155.7692307692305
 20
4566.153846153847
 30
0.0
 11
8362.690877624394
 21
4318.506305648697
 31
0.0
  0
LINE
  5
3EF
330
17
100
AcDbEntity
  8
A-YANGIN-KACIS
100
AcDbLine
 10
7668.71863989637
 20
6327.261040587228
 30
0.0
 11
7627.977837250052
 21
6007.126601241449
 31
0.0
  0
LINE
  5
3F0
330
17
100
AcDbEntity
  8
A-YANGIN-KACIS
100
AcDbLine
 10
7668.71863989637
 20
6327.261040587228
 30
0.0
 11
7816.574806185763
 21
6040.408419288928
 31
0.0
  0
LINE
  5
3F1
330
17
100
AcDbEntity
  8
A-YANGIN-KACIS
100
AcDbLine
 10
6098.363525058112
 20
7284.634602929782
 30
0.0
 11
6382.362968086075
 21
7131.369510311436
 31
0.0
  0
LINE
  5
3F2
330
17
100
AcDbEntity
  8
A-YANGIN-KACIS
100
AcDbLine
 10
6098.363525058112
 20
7284.634602929782
 30
0.0
 11
6419.212470442654
 21
7319.30197232999
 31
0.0
  0
LINE
  5
3F3
330
17
100
AcDbEntity
  8
A-YANGIN-KACIS
100
AcDbLine
 10
3439.0031056200155
 20
6719.5015528100075
 30
0.0
 11
3757.473522081994
 21
6771.678809292477
 31
0.0
  0
LINE
  5
3F4
330
17
100
AcDbEntity
  8
A-YANGIN-KACIS
100
AcDbLine
 10
3439.0031056200155
 20
6719.5015528100075
 30
0.0
 11
3671.8271606831777
 21
6942.971532090109
 31
0.0
  0
LINE
  5
3F5
330
17
100
AcDbEntity
  8
A-YANGIN-KACIS
100
AcDbLine
 10
1197.7207793864216
 20
5097.720779386421
 30
0.0
 11
1483.3484471527531
 21
5247.929659489661
 31
0.0
  0
LINE
  5
3F6
330
17
100
AcDbEntity
  8
A-YANGIN-KACIS
100
AcDbLine
 10
1197.7207793864216
 20
5097.720779386421
 30
0.0
 11
1347.9296594896616
 21
5383.348447152753
 31
0.0
  0
TEXT
  5
3F7
330
17
100
AcDbEntity
  8
A-YANGIN-KACIS
100
AcDbText
 10
10100.0
 20
3720.0
 30
0.0
 40
170.0
  1
13,4 m → Ç1
  7
GYM-B
 72
1
 11
10100.0
 21
3720.0
 31
0.0
100
AcDbText
 73
2
  0
CIRCLE
  5
3F8
330
17
100
AcDbEntity
  8
A-YANGIN-KACIS
100
AcDbCircle
 10
240.0
 20
4300.0
 30
0.0
 40
420.0
  0
TEXT
  5
3F9
330
17
100
AcDbEntity
  8
A-YANGIN-KACIS
100
AcDbText
 10
240.0
 20
4300.0
 30
0.0
 40
336.0
  1
Ç1
  7
GYM-B
 72
1
 11
240.0
 21
4300.0
 31
0.0
100
AcDbText
 73
2
  0
TEXT
  5
3FA
330
17
100
AcDbEntity
  8
A-YANGIN-KACIS
100
AcDbText
 10
240.0
 20
4920.0
 30
0.0
 40
160.0
  1
ANA ÇIKIŞ — batı cephe · 1,60 m
  7
GYM
 72
1
 11
240.0
 21
4920.0
 31
0.0
100
AcDbText
 73
2
  0
CIRCLE
  5
3FB
330
17
100
AcDbEntity
  8
A-YANGIN-KACIS
100
AcDbCircle
 10
3350.0
 20
100.0
 30
0.0
 40
420.0
  0
TEXT
  5
3FC
330
17
100
AcDbEntity
  8
A-YANGIN-KACIS
100
AcDbText
 10
3350.0
 20
100.0
 30
0.0
 40
336.0
  1
Ç2
  7
GYM-B
 72
1
 11
3350.0
 21
100.0
 31
0.0
100
AcDbText
 73
2
  0
TEXT
  5
3FD
330
17
100
AcDbEntity
  8
A-YANGIN-KACIS
100
AcDbText
 10
3350.0
 20
720.0
 30
0.0
 40
160.0
  1
ACİL ÇIKIŞ — güneybatı cephe · 1,00 m
  7
GYM
 72
1
 11
3350.0
 21
720.0
 31
0.0
100
AcDbText
 73
2
  0
LWPOLYLINE
  5
3FE
330
17
100
AcDbEntity
  8
A-YANGIN-EKIP
100
AcDbPolyline
 90
4
 70
1
 10
730.0
 20
7330.0
 10
1170.0
 20
7330.0
 10
1170.0
 20
7770.0
 10
730.0
 20
7770.0
  0
TEXT
  5
3FF
330
17
100
AcDbEntity
  8
A-YANGIN-EKIP
100
AcDbText
 10
950.0
 20
7550.0
 30
0.0
 40
150.0
  1
YD1
  7
GYM-B
 72
1
 11
950.0
 21
7550.0
 31
0.0
100
AcDbText
 73
2
  0
CIRCLE
  5
400
330
17
100
AcDbEntity
  8
A-YANGIN-EKIP
100
AcDbCircle
 10
700.0
 20
3900.0
 30
0.0
 40
220.0
  0
TEXT
  5
401
330
17
100
AcDbEntity
  8
A-YANGIN-EKIP
100
AcDbText
 10
700.0
 20
3900.0
 30
0.0
 40
150.0
  1
YT1
  7
GYM-B
 72
1
 11
700.0
 21
3900.0
 31
0.0
100
AcDbText
 73
2
  0
CIRCLE
  5
402
330
17
100
AcDbEntity
  8
A-YANGIN-EKIP
100
AcDbCircle
 10
8000.0
 20
9200.0
 30
0.0
 40
220.0
  0
TEXT
  5
403
330
17
100
AcDbEntity
  8
A-YANGIN-EKIP
100
AcDbText
 10
8000.0
 20
9200.0
 30
0.0
 40
150.0
  1
YT2
  7
GYM-B
 72
1
 11
8000.0
 21
9200.0
 31
0.0
100
AcDbText
 73
2
  0
CIRCLE
  5
404
330
17
100
AcDbEntity
  8
A-YANGIN-EKIP
100
AcDbCircle
 10
6600.0
 20
550.0
 30
0.0
 40
220.0
  0
TEXT
  5
405
330
17
100
AcDbEntity
  8
A-YANGIN-EKIP
100
AcDbText
 10
6600.0
 20
550.0
 30
0.0
 40
150.0
  1
YT3
  7
GYM-B
 72
1
 11
6600.0
 21
550.0
 31
0.0
100
AcDbText
 73
2
  0
LINE
  5
406
330
17
100
AcDbEntity
  8
E-AYD-SORTI
100
AcDbLine
 10
410.0
 20
4400.0
 30
0.0
 11
410.0
 21
3900.0
 31
0.0
  0
LINE
  5
407
330
17
100
AcDbEntity
  8
E-AYD-SORTI
100
AcDbLine
 10
410.0
 20
3900.0
 30
0.0
 11
810.0
 21
3900.0
 31
0.0
  0
LINE
  5
408
330
17
100
AcDbEntity
  8
E-AYD-SORTI
100
AcDbLine
 10
810.0
 20
3900.0
 30
0.0
 11
810.0
 21
3700.0
 31
0.0
  0
LINE
  5
409
330
17
100
AcDbEntity
  8
E-AYD-SORTI
100
AcDbLine
 10
810.0
 20
3700.0
 30
0.0
 11
1910.0
 21
3700.0
 31
0.0
  0
LINE
  5
40A
330
17
100
AcDbEntity
  8
E-AYD-SORTI
100
AcDbLine
 10
1110.0
 20
8000.0
 30
0.0
 11
2410.0
 21
8000.0
 31
0.0
  0
LINE
  5
40B
330
17
100
AcDbEntity
  8
E-AYD-SORTI
100
AcDbLine
 10
2410.0
 20
8000.0
 30
0.0
 11
2410.0
 21
7800.0
 31
0.0
  0
LINE
  5
40C
330
17
100
AcDbEntity
  8
E-AYD-SORTI
100
AcDbLine
 10
5610.0
 20
8700.0
 30
0.0
 11
5210.0
 21
8700.0
 31
0.0
  0
LINE
  5
40D
330
17
100
AcDbEntity
  8
E-AYD-SORTI
100
AcDbLine
 10
5210.0
 20
8700.0
 30
0.0
 11
5210.0
 21
7800.0
 31
0.0
  0
LINE
  5
40E
330
17
100
AcDbEntity
  8
E-AYD-SORTI
100
AcDbLine
 10
6410.0
 20
9900.0
 30
0.0
 11
6410.0
 21
11900.0
 31
0.0
  0
LINE
  5
40F
330
17
100
AcDbEntity
  8
E-AYD-SORTI
100
AcDbLine
 10
6410.0
 20
11900.0
 30
0.0
 11
6810.0
 21
11900.0
 31
0.0
  0
LINE
  5
410
330
17
100
AcDbEntity
  8
E-AYD-SORTI
100
AcDbLine
 10
4010.0
 20
200.0
 30
0.0
 11
6210.0
 21
200.0
 31
0.0
  0
LINE
  5
411
330
17
100
AcDbEntity
  8
E-AYD-SORTI
100
AcDbLine
 10
6210.0
 20
200.0
 30
0.0
 11
6210.0
 21
800.0
 31
0.0
  0
LINE
  5
412
330
17
100
AcDbEntity
  8
E-AYD-SORTI
100
AcDbLine
 10
8810.0
 20
8400.0
 30
0.0
 11
8810.0
 21
7200.0
 31
0.0
  0
LINE
  5
413
330
17
100
AcDbEntity
  8
E-AYD-SORTI
100
AcDbLine
 10
8810.0
 20
7200.0
 30
0.0
 11
8210.0
 21
7200.0
 31
0.0
  0
LINE
  5
414
330
17
100
AcDbEntity
  8
E-AYD-SORTI
100
AcDbLine
 10
8210.0
 20
7200.0
 30
0.0
 11
8210.0
 21
9000.0
 31
0.0
  0
LINE
  5
415
330
17
100
AcDbEntity
  8
E-AYD-SORTI
100
AcDbLine
 10
8210.0
 20
9000.0
 30
0.0
 11
9210.0
 21
9000.0
 31
0.0
  0
LINE
  5
416
330
17
100
AcDbEntity
  8
E-AYD-SORTI
100
AcDbLine
 10
9210.0
 20
9000.0
 30
0.0
 11
9210.0
 21
9600.0
 31
0.0
  0
LINE
  5
417
330
17
100
AcDbEntity
  8
E-AYD-SORTI
100
AcDbLine
 10
8810.0
 20
4400.0
 30
0.0
 11
8410.0
 21
4400.0
 31
0.0
  0
LINE
  5
418
330
17
100
AcDbEntity
  8
E-AYD-SORTI
100
AcDbLine
 10
8410.0
 20
4400.0
 30
0.0
 11
8410.0
 21
4200.0
 31
0.0
  0
LINE
  5
419
330
17
100
AcDbEntity
  8
E-AYD-SORTI
100
AcDbLine
 10
8410.0
 20
4200.0
 30
0.0
 11
6210.0
 21
4200.0
 31
0.0
  0
LINE
  5
41A
330
17
100
AcDbEntity
  8
E-AYD-LINYE
100
AcDbLine
 10
2310.0
 20
8400.0
 30
0.0
 11
3810.0
 21
8400.0
 31
0.0
  0
LINE
  5
41B
330
17
100
AcDbEntity
  8
E-AYD-LINYE
100
AcDbLine
 10
3810.0
 20
8400.0
 30
0.0
 11
3810.0
 21
5900.0
 31
0.0
  0
LINE
  5
41C
330
17
100
AcDbEntity
  8
E-AYD-LINYE
100
AcDbLine
 10
3810.0
 20
5900.0
 30
0.0
 11
3810.0
 21
4200.0
 31
0.0
  0
LINE
  5
41D
330
17
100
AcDbEntity
  8
E-AYD-LINYE
100
AcDbLine
 10
3810.0
 20
4200.0
 30
0.0
 11
3810.0
 21
2500.0
 31
0.0
  0
LINE
  5
41E
330
17
100
AcDbEntity
  8
E-AYD-LINYE
100
AcDbLine
 10
3810.0
 20
2500.0
 30
0.0
 11
6210.0
 21
2500.0
 31
0.0
  0
LINE
  5
41F
330
17
100
AcDbEntity
  8
E-AYD-LINYE
100
AcDbLine
 10
6210.0
 20
2500.0
 30
0.0
 11
6210.0
 21
4200.0
 31
0.0
  0
LINE
  5
420
330
17
100
AcDbEntity
  8
E-AYD-LINYE
100
AcDbLine
 10
6210.0
 20
4200.0
 30
0.0
 11
6210.0
 21
5900.0
 31
0.0
  0
LINE
  5
421
330
17
100
AcDbEntity
  8
E-AYD-LINYE
100
AcDbLine
 10
6210.0
 20
5900.0
 30
0.0
 11
6210.0
 21
800.0
 31
0.0
  0
TEXT
  5
422
330
17
100
AcDbEntity
  8
E-YAZI
100
AcDbText
 10
6210.0
 20
3470.0
 30
0.0
 40
150.0
  1
L1 · NHXMH 3×2,5 · Ø20
 50
90.0
  7
GYM
 72
1
 11
6210.0
 21
3470.0
 31
0.0
100
AcDbText
 73
2
  0
LINE
  5
423
330
17
100
AcDbEntity
  8
E-AYD-LINYE
100
AcDbLine
 10
2310.0
 20
8400.0
 30
0.0
 11
5210.0
 21
8400.0
 31
0.0
  0
LINE
  5
424
330
17
100
AcDbEntity
  8
E-AYD-LINYE
100
AcDbLine
 10
5210.0
 20
8400.0
 30
0.0
 11
5210.0
 21
7800.0
 31
0.0
  0
LINE
  5
425
330
17
100
AcDbEntity
  8
E-AYD-LINYE
100
AcDbLine
 10
5210.0
 20
7800.0
 30
0.0
 11
6910.0
 21
7800.0
 31
0.0
  0
TEXT
  5
426
330
17
100
AcDbEntity
  8
E-YAZI
100
AcDbText
 10
3760.0
 20
8520.0
 30
0.0
 40
150.0
  1
L2 · NHXMH 3×2,5 · Ø20
  7
GYM
 72
1
 11
3760.0
 21
8520.0
 31
0.0
100
AcDbText
 73
2
  0
LINE
  5
427
330
17
100
AcDbEntity
  8
E-AYD-LINYE
100
AcDbLine
 10
2310.0
 20
8400.0
 30
0.0
 11
6510.0
 21
8400.0
 31
0.0
  0
LINE
  5
428
330
17
100
AcDbEntity
  8
E-AYD-LINYE
100
AcDbLine
 10
6510.0
 20
8400.0
 30
0.0
 11
6510.0
 21
11900.0
 31
0.0
  0
LINE
  5
429
330
17
100
AcDbEntity
  8
E-AYD-LINYE
100
AcDbLine
 10
6510.0
 20
11900.0
 30
0.0
 11
6810.0
 21
11900.0
 31
0.0
  0
LINE
  5
42A
330
17
100
AcDbEntity
  8
E-AYD-LINYE
100
AcDbLine
 10
6810.0
 20
11900.0
 30
0.0
 11
6810.0
 21
12400.0
 31
0.0
  0
LINE
  5
42B
330
17
100
AcDbEntity
  8
E-AYD-LINYE
100
AcDbLine
 10
6810.0
 20
12400.0
 30
0.0
 11
9210.0
 21
12400.0
 31
0.0
  0
LINE
  5
42C
330
17
100
AcDbEntity
  8
E-AYD-LINYE
100
AcDbLine
 10
9210.0
 20
12400.0
 30
0.0
 11
9210.0
 21
11900.0
 31
0.0
  0
LINE
  5
42D
330
17
100
AcDbEntity
  8
E-AYD-LINYE
100
AcDbLine
 10
9210.0
 20
11900.0
 30
0.0
 11
9810.0
 21
11900.0
 31
0.0
  0
LINE
  5
42E
330
17
100
AcDbEntity
  8
E-AYD-LINYE
100
AcDbLine
 10
9810.0
 20
11900.0
 30
0.0
 11
9810.0
 21
9600.0
 31
0.0
  0
LINE
  5
42F
330
17
100
AcDbEntity
  8
E-AYD-LINYE
100
AcDbLine
 10
9810.0
 20
9600.0
 30
0.0
 11
9210.0
 21
9600.0
 31
0.0
  0
TEXT
  5
430
330
17
100
AcDbEntity
  8
E-YAZI
100
AcDbText
 10
4410.0
 20
8520.0
 30
0.0
 40
150.0
  1
L3 · NHXMH 3×2,5 · Ø20
  7
GYM
 72
1
 11
4410.0
 21
8520.0
 31
0.0
100
AcDbText
 73
2
  0
LINE
  5
431
330
17
100
AcDbEntity
  8
E-AYD-LINYE
100
AcDbLine
 10
2310.0
 20
8400.0
 30
0.0
 11
2310.0
 21
7800.0
 31
0.0
  0
LINE
  5
432
330
17
100
AcDbEntity
  8
E-AYD-LINYE
100
AcDbLine
 10
2310.0
 20
7800.0
 30
0.0
 11
2410.0
 21
7800.0
 31
0.0
  0
LINE
  5
433
330
17
100
AcDbEntity
  8
E-AYD-LINYE
100
AcDbLine
 10
2410.0
 20
7800.0
 30
0.0
 11
2410.0
 21
8000.0
 31
0.0
  0
LINE
  5
434
330
17
100
AcDbEntity
  8
E-AYD-LINYE
100
AcDbLine
 10
2410.0
 20
8000.0
 30
0.0
 11
1510.0
 21
8000.0
 31
0.0
  0
LINE
  5
435
330
17
100
AcDbEntity
  8
E-AYD-LINYE
100
AcDbLine
 10
1510.0
 20
8000.0
 30
0.0
 11
1510.0
 21
5600.0
 31
0.0
  0
LINE
  5
436
330
17
100
AcDbEntity
  8
E-AYD-LINYE
100
AcDbLine
 10
1510.0
 20
5600.0
 30
0.0
 11
1910.0
 21
5600.0
 31
0.0
  0
LINE
  5
437
330
17
100
AcDbEntity
  8
E-AYD-LINYE
100
AcDbLine
 10
1910.0
 20
5600.0
 30
0.0
 11
1910.0
 21
3700.0
 31
0.0
  0
TEXT
  5
438
330
17
100
AcDbEntity
  8
E-YAZI
100
AcDbText
 10
1510.0
 20
6920.0
 30
0.0
 40
150.0
  1
L4 · NHXMH 3×2,5 · Ø20
 50
90.0
  7
GYM
 72
1
 11
1510.0
 21
6920.0
 31
0.0
100
AcDbText
 73
2
  0
LINE
  5
439
330
17
100
AcDbEntity
  8
E-AYD-LINYE
100
AcDbLine
 10
2310.0
 20
8400.0
 30
0.0
 11
8210.0
 21
8400.0
 31
0.0
  0
LINE
  5
43A
330
17
100
AcDbEntity
  8
E-AYD-LINYE
100
AcDbLine
 10
8210.0
 20
8400.0
 30
0.0
 11
8210.0
 21
7200.0
 31
0.0
  0
LINE
  5
43B
330
17
100
AcDbEntity
  8
E-AYD-LINYE
100
AcDbLine
 10
8210.0
 20
7200.0
 30
0.0
 11
9010.0
 21
7200.0
 31
0.0
  0
LINE
  5
43C
330
17
100
AcDbEntity
  8
E-AYD-LINYE
100
AcDbLine
 10
9010.0
 20
7200.0
 30
0.0
 11
9010.0
 21
7700.0
 31
0.0
  0
LINE
  5
43D
330
17
100
AcDbEntity
  8
E-AYD-LINYE
100
AcDbLine
 10
9010.0
 20
7700.0
 30
0.0
 11
9010.0
 21
7500.0
 31
0.0
  0
LINE
  5
43E
330
17
100
AcDbEntity
  8
E-AYD-LINYE
100
AcDbLine
 10
9010.0
 20
7500.0
 30
0.0
 11
10110.0
 21
7500.0
 31
0.0
  0
LINE
  5
43F
330
17
100
AcDbEntity
  8
E-AYD-LINYE
100
AcDbLine
 10
10110.0
 20
7500.0
 30
0.0
 11
10110.0
 21
7900.0
 31
0.0
  0
LINE
  5
440
330
17
100
AcDbEntity
  8
E-AYD-LINYE
100
AcDbLine
 10
10110.0
 20
7900.0
 30
0.0
 11
10010.0
 21
7900.0
 31
0.0
  0
LINE
  5
441
330
17
100
AcDbEntity
  8
E-AYD-LINYE
100
AcDbLine
 10
10010.0
 20
7900.0
 30
0.0
 11
10010.0
 21
6000.0
 31
0.0
  0
LINE
  5
442
330
17
100
AcDbEntity
  8
E-AYD-LINYE
100
AcDbLine
 10
10010.0
 20
6000.0
 30
0.0
 11
9810.0
 21
6000.0
 31
0.0
  0
LINE
  5
443
330
17
100
AcDbEntity
  8
E-AYD-LINYE
100
AcDbLine
 10
9810.0
 20
6000.0
 30
0.0
 11
9810.0
 21
5100.0
 31
0.0
  0
LINE
  5
444
330
17
100
AcDbEntity
  8
E-AYD-LINYE
100
AcDbLine
 10
9810.0
 20
5100.0
 30
0.0
 11
8710.0
 21
5100.0
 31
0.0
  0
LINE
  5
445
330
17
100
AcDbEntity
  8
E-AYD-LINYE
100
AcDbLine
 10
8710.0
 20
5100.0
 30
0.0
 11
8710.0
 21
3500.0
 31
0.0
  0
LINE
  5
446
330
17
100
AcDbEntity
  8
E-AYD-LINYE
100
AcDbLine
 10
8710.0
 20
3500.0
 30
0.0
 11
10110.0
 21
3500.0
 31
0.0
  0
LINE
  5
447
330
17
100
AcDbEntity
  8
E-AYD-LINYE
100
AcDbLine
 10
10110.0
 20
3500.0
 30
0.0
 11
10910.0
 21
3500.0
 31
0.0
  0
LINE
  5
448
330
17
100
AcDbEntity
  8
E-AYD-LINYE
100
AcDbLine
 10
10910.0
 20
3500.0
 30
0.0
 11
10910.0
 21
1900.0
 31
0.0
  0
LINE
  5
449
330
17
100
AcDbEntity
  8
E-AYD-LINYE
100
AcDbLine
 10
10910.0
 20
1900.0
 30
0.0
 11
10910.0
 21
2500.0
 31
0.0
  0
LINE
  5
44A
330
17
100
AcDbEntity
  8
E-AYD-LINYE
100
AcDbLine
 10
10910.0
 20
2500.0
 30
0.0
 11
9710.0
 21
2500.0
 31
0.0
  0
LINE
  5
44B
330
17
100
AcDbEntity
  8
E-AYD-LINYE
100
AcDbLine
 10
9710.0
 20
2500.0
 30
0.0
 11
9710.0
 21
1300.0
 31
0.0
  0
TEXT
  5
44C
330
17
100
AcDbEntity
  8
E-YAZI
100
AcDbText
 10
5260.000000000001
 20
8520.0
 30
0.0
 40
150.0
  1
L5 · NHXMH 3×2,5 · Ø20
  7
GYM
 72
1
 11
5260.000000000001
 21
8520.0
 31
0.0
100
AcDbText
 73
2
  0
LINE
  5
44D
330
17
100
AcDbEntity
  8
E-AYD-LINYE
100
AcDbLine
 10
2310.0
 20
8400.0
 30
0.0
 11
6010.0
 21
8400.0
 31
0.0
  0
LINE
  5
44E
330
17
100
AcDbEntity
  8
E-AYD-LINYE
100
AcDbLine
 10
6010.0
 20
8400.0
 30
0.0
 11
6010.0
 21
8800.0
 31
0.0
  0
LINE
  5
44F
330
17
100
AcDbEntity
  8
E-AYD-LINYE
100
AcDbLine
 10
6010.0
 20
8800.0
 30
0.0
 11
6010.0
 21
8400.0
 31
0.0
  0
LINE
  5
450
330
17
100
AcDbEntity
  8
E-AYD-LINYE
100
AcDbLine
 10
6010.0
 20
8400.0
 30
0.0
 11
5610.0
 21
8400.0
 31
0.0
  0
LINE
  5
451
330
17
100
AcDbEntity
  8
E-AYD-LINYE
100
AcDbLine
 10
5610.0
 20
8400.0
 30
0.0
 11
5610.0
 21
7500.0
 31
0.0
  0
LINE
  5
452
330
17
100
AcDbEntity
  8
E-AYD-LINYE
100
AcDbLine
 10
5610.0
 20
7500.0
 30
0.0
 11
8310.0
 21
7500.0
 31
0.0
  0
LINE
  5
453
330
17
100
AcDbEntity
  8
E-AYD-LINYE
100
AcDbLine
 10
8310.0
 20
7500.0
 30
0.0
 11
8310.0
 21
6300.0
 31
0.0
  0
LINE
  5
454
330
17
100
AcDbEntity
  8
E-AYD-LINYE
100
AcDbLine
 10
8310.0
 20
6300.0
 30
0.0
 11
9210.0
 21
6300.0
 31
0.0
  0
LINE
  5
455
330
17
100
AcDbEntity
  8
E-AYD-LINYE
100
AcDbLine
 10
9210.0
 20
6300.0
 30
0.0
 11
9210.0
 21
5900.0
 31
0.0
  0
LINE
  5
456
330
17
100
AcDbEntity
  8
E-AYD-LINYE
100
AcDbLine
 10
9210.0
 20
5900.0
 30
0.0
 11
8810.0
 21
5900.0
 31
0.0
  0
LINE
  5
457
330
17
100
AcDbEntity
  8
E-AYD-LINYE
100
AcDbLine
 10
8810.0
 20
5900.0
 30
0.0
 11
8810.0
 21
7200.0
 31
0.0
  0
LINE
  5
458
330
17
100
AcDbEntity
  8
E-AYD-LINYE
100
AcDbLine
 10
8810.0
 20
7200.0
 30
0.0
 11
8210.0
 21
7200.0
 31
0.0
  0
LINE
  5
459
330
17
100
AcDbEntity
  8
E-AYD-LINYE
100
AcDbLine
 10
8210.0
 20
7200.0
 30
0.0
 11
8210.0
 21
9000.0
 31
0.0
  0
LINE
  5
45A
330
17
100
AcDbEntity
  8
E-AYD-LINYE
100
AcDbLine
 10
8210.0
 20
9000.0
 30
0.0
 11
8610.0
 21
9000.0
 31
0.0
  0
LINE
  5
45B
330
17
100
AcDbEntity
  8
E-AYD-LINYE
100
AcDbLine
 10
8610.0
 20
9000.0
 30
0.0
 11
8610.0
 21
10300.0
 31
0.0
  0
LINE
  5
45C
330
17
100
AcDbEntity
  8
E-AYD-LINYE
100
AcDbLine
 10
8610.0
 20
10300.0
 30
0.0
 11
6510.0
 21
10300.0
 31
0.0
  0
LINE
  5
45D
330
17
100
AcDbEntity
  8
E-AYD-LINYE
100
AcDbLine
 10
6510.0
 20
10300.0
 30
0.0
 11
6510.0
 21
8500.0
 31
0.0
  0
LINE
  5
45E
330
17
100
AcDbEntity
  8
E-AYD-LINYE
100
AcDbLine
 10
6510.0
 20
8500.0
 30
0.0
 11
3010.0
 21
8500.0
 31
0.0
  0
LINE
  5
45F
330
17
100
AcDbEntity
  8
E-AYD-LINYE
100
AcDbLine
 10
3010.0
 20
8500.0
 30
0.0
 11
3010.0
 21
8100.0
 31
0.0
  0
LINE
  5
460
330
17
100
AcDbEntity
  8
E-AYD-LINYE
100
AcDbLine
 10
3010.0
 20
8100.0
 30
0.0
 11
1310.0
 21
8100.0
 31
0.0
  0
LINE
  5
461
330
17
100
AcDbEntity
  8
E-AYD-LINYE
100
AcDbLine
 10
1310.0
 20
8100.0
 30
0.0
 11
1310.0
 21
6400.0
 31
0.0
  0
LINE
  5
462
330
17
100
AcDbEntity
  8
E-AYD-LINYE
100
AcDbLine
 10
1310.0
 20
6400.0
 30
0.0
 11
610.0
 21
6400.0
 31
0.0
  0
LINE
  5
463
330
17
100
AcDbEntity
  8
E-AYD-LINYE
100
AcDbLine
 10
610.0
 20
6400.0
 30
0.0
 11
610.0
 21
4000.0
 31
0.0
  0
LINE
  5
464
330
17
100
AcDbEntity
  8
E-AYD-LINYE
100
AcDbLine
 10
610.0
 20
4000.0
 30
0.0
 11
1510.0
 21
4000.0
 31
0.0
  0
LINE
  5
465
330
17
100
AcDbEntity
  8
E-AYD-LINYE
100
AcDbLine
 10
1510.0
 20
4000.0
 30
0.0
 11
410.0
 21
4000.0
 31
0.0
  0
LINE
  5
466
330
17
100
AcDbEntity
  8
E-AYD-LINYE
100
AcDbLine
 10
410.0
 20
4000.0
 30
0.0
 11
410.0
 21
4900.0
 31
0.0
  0
LINE
  5
467
330
17
100
AcDbEntity
  8
E-AYD-LINYE
100
AcDbLine
 10
410.0
 20
4900.0
 30
0.0
 11
310.0
 21
4900.0
 31
0.0
  0
LINE
  5
468
330
17
100
AcDbEntity
  8
E-AYD-LINYE
100
AcDbLine
 10
310.0
 20
4900.0
 30
0.0
 11
710.0
 21
4900.0
 31
0.0
  0
LINE
  5
469
330
17
100
AcDbEntity
  8
E-AYD-LINYE
100
AcDbLine
 10
710.0
 20
4900.0
 30
0.0
 11
710.0
 21
1700.0
 31
0.0
  0
LINE
  5
46A
330
17
100
AcDbEntity
  8
E-AYD-LINYE
100
AcDbLine
 10
710.0
 20
1700.0
 30
0.0
 11
2610.0
 21
1700.0
 31
0.0
  0
LINE
  5
46B
330
17
100
AcDbEntity
  8
E-AYD-LINYE
100
AcDbLine
 10
2610.0
 20
1700.0
 30
0.0
 11
2610.0
 21
1400.0
 31
0.0
  0
LINE
  5
46C
330
17
100
AcDbEntity
  8
E-AYD-LINYE
100
AcDbLine
 10
2610.0
 20
1400.0
 30
0.0
 11
4010.0
 21
1400.0
 31
0.0
  0
LINE
  5
46D
330
17
100
AcDbEntity
  8
E-AYD-LINYE
100
AcDbLine
 10
4010.0
 20
1400.0
 30
0.0
 11
4010.0
 21
200.0
 31
0.0
  0
LINE
  5
46E
330
17
100
AcDbEntity
  8
E-AYD-LINYE
100
AcDbLine
 10
4010.0
 20
200.0
 30
0.0
 11
3610.0
 21
200.0
 31
0.0
  0
TEXT
  5
46F
330
17
100
AcDbEntity
  8
E-YAZI
100
AcDbText
 10
4160.0
 20
8520.0
 30
0.0
 40
150.0
  1
L6 · NHXMH 3×2,5 · Ø20
  7
GYM
 72
1
 11
4160.0
 21
8520.0
 31
0.0
100
AcDbText
 73
2
  0
INSERT
  5
470
330
17
100
AcDbEntity
  8
E-AYD-ARMATUR
100
AcDbBlockReference
 66
1
  2
E_ARMATUR_LINEER
 10
9256.0
 20
9637.0
 30
0.0
  0
ATTRIB
  5
472
330
17
100
AcDbEntity
  8
0
100
AcDbText
 10
9256.0
 20
9822.0
 30
0.0
 40
105.0
  1
L3
  7
GYM
 11
9256.0
 21
9822.0
 31
0.0
100
AcDbAttribute
  2
LINYE
 70
0
  0
SEQEND
  5
471
330
470
100
AcDbEntity
  8
E-AYD-ARMATUR
  0
INSERT
  5
473
330
17
100
AcDbEntity
  8
E-AYD-ARMATUR
100
AcDbBlockReference
 66
1
  2
E_ARMATUR_LINEER
 10
9256.0
 20
11873.0
 30
0.0
  0
ATTRIB
  5
475
330
17
100
AcDbEntity
  8
0
100
AcDbText
 10
9256.0
 20
12058.0
 30
0.0
 40
105.0
  1
L3
  7
GYM
 11
9256.0
 21
12058.0
 31
0.0
100
AcDbAttribute
  2
LINYE
 70
0
  0
SEQEND
  5
474
330
473
100
AcDbEntity
  8
E-AYD-ARMATUR
  0
INSERT
  5
476
330
17
100
AcDbEntity
  8
E-AYD-ARMATUR
100
AcDbBlockReference
 66
1
  2
E_ARMATUR_LINEER
 10
6785.0
 20
11873.0
 30
0.0
  0
ATTRIB
  5
478
330
17
100
AcDbEntity
  8
0
100
AcDbText
 10
6785.0
 20
12058.0
 30
0.0
 40
105.0
  1
L3
  7
GYM
 11
6785.0
 21
12058.0
 31
0.0
100
AcDbAttribute
  2
LINYE
 70
0
  0
SEQEND
  5
477
330
476
100
AcDbEntity
  8
E-AYD-ARMATUR
  0
INSERT
  5
479
330
17
100
AcDbEntity
  8
E-AYD-ARMATUR
100
AcDbBlockReference
 66
1
  2
E_ARMATUR_LINEER
 10
1950.0
 20
5641.0
 30
0.0
  0
ATTRIB
  5
47B
330
17
100
AcDbEntity
  8
0
100
AcDbText
 10
1950.0
 20
5826.0
 30
0.0
 40
105.0
  1
L4
  7
GYM
 11
1950.0
 21
5826.0
 31
0.0
100
AcDbAttribute
  2
LINYE
 70
0
  0
SEQEND
  5
47A
330
479
100
AcDbEntity
  8
E-AYD-ARMATUR
  0
INSERT
  5
47C
330
17
100
AcDbEntity
  8
E-AYD-ARMATUR
100
AcDbBlockReference
 66
1
  2
E_ARMATUR_LINEER
 10
1950.0
 20
3695.0
 30
0.0
  0
ATTRIB
  5
47E
330
17
100
AcDbEntity
  8
0
100
AcDbText
 10
1950.0
 20
3880.0
 30
0.0
 40
105.0
  1
L4
  7
GYM
 11
1950.0
 21
3880.0
 31
0.0
100
AcDbAttribute
  2
LINYE
 70
0
  0
SEQEND
  5
47D
330
47C
100
AcDbEntity
  8
E-AYD-ARMATUR
  0
INSERT
  5
47F
330
17
100
AcDbEntity
  8
E-AYD-ARMATUR
100
AcDbBlockReference
 66
1
  2
E_ARMATUR_LINEER
 10
6200.0
 20
4188.0
 30
0.0
  0
ATTRIB
  5
481
330
17
100
AcDbEntity
  8
0
100
AcDbText
 10
6200.0
 20
4373.0
 30
0.0
 40
105.0
  1
L1
  7
GYM
 11
6200.0
 21
4373.0
 31
0.0
100
AcDbAttribute
  2
LINYE
 70
0
  0
SEQEND
  5
480
330
47F
100
AcDbEntity
  8
E-AYD-ARMATUR
  0
INSERT
  5
482
330
17
100
AcDbEntity
  8
E-AYD-ARMATUR
100
AcDbBlockReference
 66
1
  2
E_ARMATUR_LINEER
 10
6200.0
 20
2513.0
 30
0.0
  0
ATTRIB
  5
484
330
17
100
AcDbEntity
  8
0
100
AcDbText
 10
6200.0
 20
2698.0
 30
0.0
 40
105.0
  1
L1
  7
GYM
 11
6200.0
 21
2698.0
 31
0.0
100
AcDbAttribute
  2
LINYE
 70
0
  0
SEQEND
  5
483
330
482
100
AcDbEntity
  8
E-AYD-ARMATUR
  0
INSERT
  5
485
330
17
100
AcDbEntity
  8
E-AYD-ARMATUR
100
AcDbBlockReference
 66
1
  2
E_ARMATUR_LINEER
 10
3800.0
 20
4188.0
 30
0.0
  0
ATTRIB
  5
487
330
17
100
AcDbEntity
  8
0
100
AcDbText
 10
3800.0
 20
4373.0
 30
0.0
 40
105.0
  1
L1
  7
GYM
 11
3800.0
 21
4373.0
 31
0.0
100
AcDbAttribute
  2
LINYE
 70
0
  0
SEQEND
  5
486
330
485
100
AcDbEntity
  8
E-AYD-ARMATUR
  0
INSERT
  5
488
330
17
100
AcDbEntity
  8
E-AYD-ARMATUR
100
AcDbBlockReference
 66
1
  2
E_ARMATUR_LINEER
 10
3800.0
 20
2513.0
 30
0.0
  0
ATTRIB
  5
48A
330
17
100
AcDbEntity
  8
0
100
AcDbText
 10
3800.0
 20
2698.0
 30
0.0
 40
105.0
  1
L1
  7
GYM
 11
3800.0
 21
2698.0
 31
0.0
100
AcDbAttribute
  2
LINYE
 70
0
  0
SEQEND
  5
489
330
488
100
AcDbEntity
  8
E-AYD-ARMATUR
  0
INSERT
  5
48B
330
17
100
AcDbEntity
  8
E-AYD-ARMATUR
100
AcDbBlockReference
 66
1
  2
E_ARMATUR_LINEER
 10
6200.0
 20
5862.0
 30
0.0
  0
ATTRIB
  5
48D
330
17
100
AcDbEntity
  8
0
100
AcDbText
 10
6200.0
 20
6047.0
 30
0.0
 40
105.0
  1
L1
  7
GYM
 11
6200.0
 21
6047.0
 31
0.0
100
AcDbAttribute
  2
LINYE
 70
0
  0
SEQEND
  5
48C
330
48B
100
AcDbEntity
  8
E-AYD-ARMATUR
  0
INSERT
  5
48E
330
17
100
AcDbEntity
  8
E-AYD-ARMATUR
100
AcDbBlockReference
 66
1
  2
E_ARMATUR_LINEER
 10
3800.0
 20
5862.0
 30
0.0
  0
ATTRIB
  5
490
330
17
100
AcDbEntity
  8
0
100
AcDbText
 10
3800.0
 20
6047.0
 30
0.0
 40
105.0
  1
L1
  7
GYM
 11
3800.0
 21
6047.0
 31
0.0
100
AcDbAttribute
  2
LINYE
 70
0
  0
SEQEND
  5
48F
330
48E
100
AcDbEntity
  8
E-AYD-ARMATUR
  0
INSERT
  5
491
330
17
100
AcDbEntity
  8
E-AYD-ARMATUR
100
AcDbBlockReference
 66
1
  2
E_ARMATUR_LINEER
 10
6200.0
 20
838.0
 30
0.0
  0
ATTRIB
  5
493
330
17
100
AcDbEntity
  8
0
100
AcDbText
 10
6200.0
 20
1023.0
 30
0.0
 40
105.0
  1
L1
  7
GYM
 11
6200.0
 21
1023.0
 31
0.0
100
AcDbAttribute
  2
LINYE
 70
0
  0
SEQEND
  5
492
330
491
100
AcDbEntity
  8
E-AYD-ARMATUR
  0
INSERT
  5
494
330
17
100
AcDbEntity
  8
E-AYD-ARMATUR
100
AcDbBlockReference
 66
1
  2
E_ARMATUR_LINEER
 10
6932.0
 20
7765.0
 30
0.0
  0
ATTRIB
  5
496
330
17
100
AcDbEntity
  8
0
100
AcDbText
 10
6932.0
 20
7950.0
 30
0.0
 40
105.0
  1
L2
  7
GYM
 11
6932.0
 21
7950.0
 31
0.0
100
AcDbAttribute
  2
LINYE
 70
0
  0
SEQEND
  5
495
330
494
100
AcDbEntity
  8
E-AYD-ARMATUR
  0
INSERT
  5
497
330
17
100
AcDbEntity
  8
E-AYD-ARMATUR
100
AcDbBlockReference
 66
1
  2
E_ARMATUR_LINEER
 10
5199.0
 20
7765.0
 30
0.0
  0
ATTRIB
  5
499
330
17
100
AcDbEntity
  8
0
100
AcDbText
 10
5199.0
 20
7950.0
 30
0.0
 40
105.0
  1
L2
  7
GYM
 11
5199.0
 21
7950.0
 31
0.0
100
AcDbAttribute
  2
LINYE
 70
0
  0
SEQEND
  5
498
330
497
100
AcDbEntity
  8
E-AYD-ARMATUR
  0
INSERT
  5
49A
330
17
100
AcDbEntity
  8
E-AYD-ARMATUR
100
AcDbBlockReference
 66
1
  2
E_ARMATUR_LINEER
 10
2416.0
 20
7765.0
 30
0.0
  0
ATTRIB
  5
49C
330
17
100
AcDbEntity
  8
0
100
AcDbText
 10
2416.0
 20
7950.0
 30
0.0
 40
105.0
  1
L2
  7
GYM
 11
2416.0
 21
7950.0
 31
0.0
100
AcDbAttribute
  2
LINYE
 70
0
  0
SEQEND
  5
49B
330
49A
100
AcDbEntity
  8
E-AYD-ARMATUR
  0
INSERT
  5
49D
330
17
100
AcDbEntity
  8
E-AYD-DOWNLIGHT
100
AcDbBlockReference
 66
1
  2
E_DOWNLIGHT
 10
9777.090537939453
 20
5951.439090029158
 30
0.0
  0
ATTRIB
  5
49F
330
17
100
AcDbEntity
  8
0
100
AcDbText
 10
9777.090537939453
 20
6161.439090029158
 30
0.0
 40
105.0
  1
L5
  7
GYM
 11
9777.090537939453
 21
6161.439090029158
 31
0.0
100
AcDbAttribute
  2
LINYE
 70
0
  0
SEQEND
  5
49E
330
49D
100
AcDbEntity
  8
E-AYD-DOWNLIGHT
  0
INSERT
  5
4A0
330
17
100
AcDbEntity
  8
E-AYD-DOWNLIGHT
100
AcDbBlockReference
 66
1
  2
E_DOWNLIGHT
 10
8981.236644451756
 20
7702.249498833222
 30
0.0
  0
ATTRIB
  5
4A2
330
17
100
AcDbEntity
  8
0
100
AcDbText
 10
8981.236644451756
 20
7912.249498833222
 30
0.0
 40
105.0
  1
L5
  7
GYM
 11
8981.236644451756
 21
7912.249498833222
 31
0.0
100
AcDbAttribute
  2
LINYE
 70
0
  0
SEQEND
  5
4A1
330
4A0
100
AcDbEntity
  8
E-AYD-DOWNLIGHT
  0
INSERT
  5
4A3
330
17
100
AcDbEntity
  8
E-AYD-DOWNLIGHT
100
AcDbBlockReference
 66
1
  2
E_DOWNLIGHT
 10
10054.236452775847
 20
7855.000168592446
 30
0.0
  0
ATTRIB
  5
4A5
330
17
100
AcDbEntity
  8
0
100
AcDbText
 10
10054.236452775847
 20
8065.000168592446
 30
0.0
 40
105.0
  1
L5
  7
GYM
 11
10054.236452775847
 21
8065.000168592446
 31
0.0
100
AcDbAttribute
  2
LINYE
 70
0
  0
SEQEND
  5
4A4
330
4A3
100
AcDbEntity
  8
E-AYD-DOWNLIGHT
  0
INSERT
  5
4A6
330
17
100
AcDbEntity
  8
E-AYD-DOWNLIGHT
100
AcDbBlockReference
 66
1
  2
E_DOWNLIGHT
 10
10122.70128582356
 20
3528.5003347183065
 30
0.0
  0
ATTRIB
  5
4A8
330
17
100
AcDbEntity
  8
0
100
AcDbText
 10
10122.70128582356
 20
3738.5003347183065
 30
0.0
 40
105.0
  1
L5
  7
GYM
 11
10122.70128582356
 21
3738.5003347183065
 31
0.0
100
AcDbAttribute
  2
LINYE
 70
0
  0
SEQEND
  5
4A7
330
4A6
100
AcDbEntity
  8
E-AYD-DOWNLIGHT
  0
INSERT
  5
4A9
330
17
100
AcDbEntity
  8
E-AYD-DOWNLIGHT
100
AcDbBlockReference
 66
1
  2
E_DOWNLIGHT
 10
10890.775743481887
 20
1893.6204431990889
 30
0.0
  0
ATTRIB
  5
4AB
330
17
100
AcDbEntity
  8
0
100
AcDbText
 10
10890.775743481887
 20
2103.620443199089
 30
0.0
 40
105.0
  1
L5
  7
GYM
 11
10890.775743481887
 21
2103.620443199089
 31
0.0
100
AcDbAttribute
  2
LINYE
 70
0
  0
SEQEND
  5
4AA
330
4A9
100
AcDbEntity
  8
E-AYD-DOWNLIGHT
  0
INSERT
  5
4AC
330
17
100
AcDbEntity
  8
E-AYD-DOWNLIGHT
100
AcDbBlockReference
 66
1
  2
E_DOWNLIGHT
 10
9742.08799617408
 20
1275.0
 30
0.0
  0
ATTRIB
  5
4AE
330
17
100
AcDbEntity
  8
0
100
AcDbText
 10
9742.08799617408
 20
1485.0
 30
0.0
 40
105.0
  1
L5
  7
GYM
 11
9742.08799617408
 21
1485.0
 31
0.0
100
AcDbAttribute
  2
LINYE
 70
0
  0
SEQEND
  5
4AD
330
4AC
100
AcDbEntity
  8
E-AYD-DOWNLIGHT
  0
INSERT
  5
4AF
330
17
100
AcDbEntity
  8
E-AYD-ACIL
100
AcDbBlockReference
 66
1
  2
E_ACIL
 10
1500.0
 20
4050.0
 30
0.0
  0
ATTRIB
  5
4B1
330
17
100
AcDbEntity
  8
0
100
AcDbText
 10
1500.0
 20
4280.0
 30
0.0
 40
105.0
  1
AA1
  7
GYM
 11
1500.0
 21
4280.0
 31
0.0
100
AcDbAttribute
  2
KOD
 70
0
  0
SEQEND
  5
4B0
330
4AF
100
AcDbEntity
  8
E-AYD-ACIL
  0
INSERT
  5
4B2
330
17
100
AcDbEntity
  8
E-AYD-ACIL
100
AcDbBlockReference
 66
1
  2
E_ACIL
 10
4050.0
 20
1400.0
 30
0.0
  0
ATTRIB
  5
4B4
330
17
100
AcDbEntity
  8
0
100
AcDbText
 10
4050.0
 20
1630.0
 30
0.0
 40
105.0
  1
AA2
  7
GYM
 11
4050.0
 21
1630.0
 31
0.0
100
AcDbAttribute
  2
KOD
 70
0
  0
SEQEND
  5
4B3
330
4B2
100
AcDbEntity
  8
E-AYD-ACIL
  0
INSERT
  5
4B5
330
17
100
AcDbEntity
  8
E-AYD-ACIL
100
AcDbBlockReference
 66
1
  2
E_ACIL
 10
5650.0
 20
7550.0
 30
0.0
  0
ATTRIB
  5
4B7
330
17
100
AcDbEntity
  8
0
100
AcDbText
 10
5650.0
 20
7780.0
 30
0.0
 40
105.0
  1
AA3
  7
GYM
 11
5650.0
 21
7780.0
 31
0.0
100
AcDbAttribute
  2
KOD
 70
0
  0
SEQEND
  5
4B6
330
4B5
100
AcDbEntity
  8
E-AYD-ACIL
  0
INSERT
  5
4B8
330
17
100
AcDbEntity
  8
E-AYD-ACIL
100
AcDbBlockReference
 66
1
  2
E_ACIL
 10
8600.0
 20
10300.0
 30
0.0
  0
ATTRIB
  5
4BA
330
17
100
AcDbEntity
  8
0
100
AcDbText
 10
8600.0
 20
10530.0
 30
0.0
 40
105.0
  1
AA4
  7
GYM
 11
8600.0
 21
10530.0
 31
0.0
100
AcDbAttribute
  2
KOD
 70
0
  0
SEQEND
  5
4B9
330
4B8
100
AcDbEntity
  8
E-AYD-ACIL
  0
INSERT
  5
4BB
330
17
100
AcDbEntity
  8
E-AYD-ACIL
100
AcDbBlockReference
 66
1
  2
E_ACIL
 10
9200.0
 20
5950.0
 30
0.0
  0
ATTRIB
  5
4BD
330
17
100
AcDbEntity
  8
0
100
AcDbText
 10
9200.0
 20
6180.0
 30
0.0
 40
105.0
  1
AA5
  7
GYM
 11
9200.0
 21
6180.0
 31
0.0
100
AcDbAttribute
  2
KOD
 70
0
  0
SEQEND
  5
4BC
330
4BB
100
AcDbEntity
  8
E-AYD-ACIL
  0
INSERT
  5
4BE
330
17
100
AcDbEntity
  8
E-AYD-ACIL
100
AcDbBlockReference
 66
1
  2
E_YONLENDIRME
 10
359.0
 20
4930.0
 30
0.0
 50
275.9
  0
ATTRIB
  5
4C0
330
17
100
AcDbEntity
  8
0
100
AcDbText
 10
562.9140775090207
 20
4951.072470041386
 30
0.0
 40
105.0
  1
AY1
  7
GYM
 11
562.9140775090207
 21
4951.072470041386
 31
0.0
100
AcDbAttribute
  2
KOD
 70
0
  0
SEQEND
  5
4BF
330
4BE
100
AcDbEntity
  8
E-AYD-ACIL
  0
INSERT
  5
4C1
330
17
100
AcDbEntity
  8
E-AYD-ACIL
100
AcDbBlockReference
 66
1
  2
E_YONLENDIRME
 10
3600.0
 20
160.0
 30
0.0
  0
ATTRIB
  5
4C3
330
17
100
AcDbEntity
  8
0
100
AcDbText
 10
3600.0
 20
365.0
 30
0.0
 40
105.0
  1
AY2
  7
GYM
 11
3600.0
 21
365.0
 31
0.0
100
AcDbAttribute
  2
KOD
 70
0
  0
SEQEND
  5
4C2
330
4C1
100
AcDbEntity
  8
E-AYD-ACIL
  0
INSERT
  5
4C4
330
17
100
AcDbEntity
  8
E-AYD-ACIL
100
AcDbBlockReference
 66
1
  2
E_YONLENDIRME
 10
6024.0
 20
8765.0
 30
0.0
 50
186.1
  0
ATTRIB
  5
4C6
330
17
100
AcDbEntity
  8
0
100
AcDbText
 10
6045.7841346239275
 20
8561.160721452694
 30
0.0
 40
105.0
  1
AY3
  7
GYM
 11
6045.7841346239275
 21
8561.160721452694
 31
0.0
100
AcDbAttribute
  2
KOD
 70
0
  0
SEQEND
  5
4C5
330
4C4
100
AcDbEntity
  8
E-AYD-ACIL
  0
INSERT
  5
4C7
330
17
100
AcDbEntity
  8
E-AYD-ANAHTAR
100
AcDbBlockReference
 66
1
  2
E_ANAHTAR
 10
412.0
 20
4412.0
 30
0.0
 50
275.9
  0
ATTRIB
  5
4C9
330
17
100
AcDbEntity
  8
0
100
AcDbText
 10
650.7286761081218
 20
4436.670208828939
 30
0.0
 40
105.0
  1
A1
  7
GYM
 11
650.7286761081218
 21
4436.670208828939
 31
0.0
100
AcDbAttribute
  2
KOD
 70
0
  0
SEQEND
  5
4C8
330
4C7
100
AcDbEntity
  8
E-AYD-ANAHTAR
  0
INSERT
  5
4CA
330
17
100
AcDbEntity
  8
E-AYD-ANAHTAR
100
AcDbBlockReference
 66
1
  2
E_ANAHTAR
 10
1097.0
 20
7959.0
 30
0.0
 50
281.1
  0
ATTRIB
  5
4CC
330
17
100
AcDbEntity
  8
0
100
AcDbText
 10
1332.5102393581387
 20
8005.205271966218
 30
0.0
 40
105.0
  1
A2
  7
GYM
 11
1332.5102393581387
 21
8005.205271966218
 31
0.0
100
AcDbAttribute
  2
KOD
 70
0
  0
SEQEND
  5
4CB
330
4CA
100
AcDbEntity
  8
E-AYD-ANAHTAR
  0
INSERT
  5
4CD
330
17
100
AcDbEntity
  8
E-AYD-ANAHTAR
100
AcDbBlockReference
 66
1
  2
E_ANAHTAR
 10
5577.0
 20
8717.0
 30
0.0
 50
186.1
  0
ATTRIB
  5
4CF
330
17
100
AcDbEntity
  8
0
100
AcDbText
 10
5602.503377120696
 20
8478.35889340803
 30
0.0
 40
105.0
  1
A3
  7
GYM
 11
5602.503377120696
 21
8478.35889340803
 31
0.0
100
AcDbAttribute
  2
KOD
 70
0
  0
SEQEND
  5
4CE
330
4CD
100
AcDbEntity
  8
E-AYD-ANAHTAR
  0
INSERT
  5
4D0
330
17
100
AcDbEntity
  8
E-AYD-ANAHTAR
100
AcDbBlockReference
 66
1
  2
E_ANAHTAR
 10
6401.0
 20
9942.0
 30
0.0
 50
278.9
  0
ATTRIB
  5
4D2
330
17
100
AcDbEntity
  8
0
100
AcDbText
 10
6638.110367784653
 20
9979.130492711873
 30
0.0
 40
104.99999999999999
  1
A4
  7
GYM
 11
6638.110367784653
 21
9979.130492711873
 31
0.0
100
AcDbAttribute
  2
KOD
 70
0
  0
SEQEND
  5
4D1
330
4D0
100
AcDbEntity
  8
E-AYD-ANAHTAR
  0
INSERT
  5
4D3
330
17
100
AcDbEntity
  8
E-AYD-ANAHTAR
100
AcDbBlockReference
 66
1
  2
E_ANAHTAR
 10
4050.0
 20
160.0
 30
0.0
  0
ATTRIB
  5
4D5
330
17
100
AcDbEntity
  8
0
100
AcDbText
 10
4050.0
 20
400.0
 30
0.0
 40
105.0
  1
A5
  7
GYM
 11
4050.0
 21
400.0
 31
0.0
100
AcDbAttribute
  2
KOD
 70
0
  0
SEQEND
  5
4D4
330
4D3
100
AcDbEntity
  8
E-AYD-ANAHTAR
  0
INSERT
  5
4D6
330
17
100
AcDbEntity
  8
E-AYD-ANAHTAR
100
AcDbBlockReference
 66
1
  2
E_ANAHTAR
 10
8842.0
 20
8356.0
 30
0.0
 50
188.2
  0
ATTRIB
  5
4D8
330
17
100
AcDbEntity
  8
0
100
AcDbText
 10
8876.230944089322
 20
8118.453704582131
 30
0.0
 40
105.0
  1
A6
  7
GYM
 11
8876.230944089322
 21
8118.453704582131
 31
0.0
100
AcDbAttribute
  2
KOD
 70
0
  0
SEQEND
  5
4D7
330
4D6
100
AcDbEntity
  8
E-AYD-ANAHTAR
  0
INSERT
  5
4D9
330
17
100
AcDbEntity
  8
E-AYD-ANAHTAR
100
AcDbBlockReference
 66
1
  2
E_ANAHTAR
 10
8779.0
 20
4359.0
 30
0.0
 50
278.1
  0
ATTRIB
  5
4DB
330
17
100
AcDbEntity
  8
0
100
AcDbText
 10
9016.605677851974
 20
4392.816295665019
 30
0.0
 40
104.99999999999999
  1
A7
  7
GYM
 11
9016.605677851974
 21
4392.816295665019
 31
0.0
100
AcDbAttribute
  2
KOD
 70
0
  0
SEQEND
  5
4DA
330
4D9
100
AcDbEntity
  8
E-AYD-ANAHTAR
  0
INSERT
  5
4DC
330
17
100
AcDbEntity
  8
E-AYD-ANAHTAR
100
AcDbBlockReference
 66
1
  2
E_SENSOR
 10
9980.0
 20
7340.0
 30
0.0
  0
ATTRIB
  5
4DE
330
17
100
AcDbEntity
  8
0
100
AcDbText
 10
9980.0
 20
7570.0
 30
0.0
 40
105.0
  1
S1
  7
GYM
 11
9980.0
 21
7570.0
 31
0.0
100
AcDbAttribute
  2
KOD
 70
0
  0
SEQEND
  5
4DD
330
4DC
100
AcDbEntity
  8
E-AYD-ANAHTAR
  0
INSERT
  5
4DF
330
17
100
AcDbEntity
  8
E-AYD-ANAHTAR
100
AcDbBlockReference
 66
1
  2
E_SENSOR
 10
10250.0
 20
2050.0
 30
0.0
  0
ATTRIB
  5
4E1
330
17
100
AcDbEntity
  8
0
100
AcDbText
 10
10250.0
 20
2280.0
 30
0.0
 40
105.0
  1
S2
  7
GYM
 11
10250.0
 21
2280.0
 31
0.0
100
AcDbAttribute
  2
KOD
 70
0
  0
SEQEND
  5
4E0
330
4DF
100
AcDbEntity
  8
E-AYD-ANAHTAR
  0
INSERT
  5
4E2
330
17
100
AcDbEntity
  8
E-AYD-ANAHTAR
100
AcDbBlockReference
 66
1
  2
E_SENSOR
 10
7100.0
 20
9550.0
 30
0.0
  0
ATTRIB
  5
4E4
330
17
100
AcDbEntity
  8
0
100
AcDbText
 10
7100.0
 20
9780.0
 30
0.0
 40
105.0
  1
S3
  7
GYM
 11
7100.0
 21
9780.0
 31
0.0
100
AcDbAttribute
  2
KOD
 70
0
  0
SEQEND
  5
4E3
330
4E2
100
AcDbEntity
  8
E-AYD-ANAHTAR
  0
INSERT
  5
4E5
330
17
100
AcDbEntity
  8
E-PANO
100
AcDbBlockReference
 66
1
  2
E_PANO
 10
2327.0
 20
8369.0
 30
0.0
 50
186.1
  0
ATTRIB
  5
4E7
330
17
100
AcDbEntity
  8
0
100
AcDbText
 10
2367.3803471077686
 20
7991.151581229382
 30
0.0
 40
120.0
  1
ADP
  7
GYM
 11
2367.3803471077686
 21
7991.151581229382
 31
0.0
100
AcDbAttribute
  2
KOD
 70
0
  0
ATTRIB
  5
4E8
330
17
100
AcDbEntity
  8
0
100
AcDbText
 10
2277.0558864719706
 20
8836.338833742606
 30
0.0
 40
105.0
  1
3×32 A · 22 linye
  7
GYM
 11
2277.0558864719706
 21
8836.338833742606
 31
0.0
100
AcDbAttribute
  2
TANIM
 70
0
  0
SEQEND
  5
4E6
330
4E5
100
AcDbEntity
  8
E-PANO
  0
LINE
  5
4E9
330
17
100
AcDbEntity
  8
E-KUVVET-LINYE
100
AcDbLine
 10
2310.0
 20
8400.0
 30
0.0
 11
2110.0
 21
8400.0
 31
0.0
  0
LINE
  5
4EA
330
17
100
AcDbEntity
  8
E-KUVVET-LINYE
100
AcDbLine
 10
2110.0
 20
8400.0
 30
0.0
 11
2110.0
 21
8200.0
 31
0.0
  0
LINE
  5
4EB
330
17
100
AcDbEntity
  8
E-KUVVET-LINYE
100
AcDbLine
 10
2110.0
 20
8200.0
 30
0.0
 11
1110.0
 21
8200.0
 31
0.0
  0
LINE
  5
4EC
330
17
100
AcDbEntity
  8
E-KUVVET-LINYE
100
AcDbLine
 10
1110.0
 20
8200.0
 30
0.0
 11
4010.0
 21
8200.0
 31
0.0
  0
LINE
  5
4ED
330
17
100
AcDbEntity
  8
E-KUVVET-LINYE
100
AcDbLine
 10
4010.0
 20
8200.0
 30
0.0
 11
4010.0
 21
8600.0
 31
0.0
  0
LINE
  5
4EE
330
17
100
AcDbEntity
  8
E-KUVVET-LINYE
100
AcDbLine
 10
4010.0
 20
8600.0
 30
0.0
 11
6510.0
 21
8600.0
 31
0.0
  0
LINE
  5
4EF
330
17
100
AcDbEntity
  8
E-KUVVET-LINYE
100
AcDbLine
 10
6510.0
 20
8600.0
 30
0.0
 11
6510.0
 21
9100.0
 31
0.0
  0
LINE
  5
4F0
330
17
100
AcDbEntity
  8
E-KUVVET-LINYE
100
AcDbLine
 10
6510.0
 20
9100.0
 30
0.0
 11
6510.0
 21
11800.0
 31
0.0
  0
LINE
  5
4F1
330
17
100
AcDbEntity
  8
E-KUVVET-LINYE
100
AcDbLine
 10
6510.0
 20
11800.0
 30
0.0
 11
6110.0
 21
11800.0
 31
0.0
  0
LINE
  5
4F2
330
17
100
AcDbEntity
  8
E-KUVVET-LINYE
100
AcDbLine
 10
6110.0
 20
11800.0
 30
0.0
 11
6110.0
 21
12400.0
 31
0.0
  0
LINE
  5
4F3
330
17
100
AcDbEntity
  8
E-KUVVET-LINYE
100
AcDbLine
 10
6110.0
 20
12400.0
 30
0.0
 11
8310.0
 21
12400.0
 31
0.0
  0
LINE
  5
4F4
330
17
100
AcDbEntity
  8
E-KUVVET-LINYE
100
AcDbLine
 10
8310.0
 20
12400.0
 30
0.0
 11
8310.0
 21
12600.0
 31
0.0
  0
LINE
  5
4F5
330
17
100
AcDbEntity
  8
E-KUVVET-LINYE
100
AcDbLine
 10
8310.0
 20
12600.0
 30
0.0
 11
9810.0
 21
12600.0
 31
0.0
  0
LINE
  5
4F6
330
17
100
AcDbEntity
  8
E-KUVVET-LINYE
100
AcDbLine
 10
9810.0
 20
12600.0
 30
0.0
 11
9810.0
 21
11700.0
 31
0.0
  0
LINE
  5
4F7
330
17
100
AcDbEntity
  8
E-KUVVET-LINYE
100
AcDbLine
 10
9810.0
 20
11700.0
 30
0.0
 11
9910.0
 21
11700.0
 31
0.0
  0
TEXT
  5
4F8
330
17
100
AcDbEntity
  8
E-YAZI
100
AcDbText
 10
2560.0
 20
8320.0
 30
0.0
 40
150.0
  1
P1 · NHXMH 3×2,5 · Ø20
  7
GYM
 72
1
 11
2560.0
 21
8320.0
 31
0.0
100
AcDbText
 73
2
  0
LINE
  5
4F9
330
17
100
AcDbEntity
  8
E-KUVVET-LINYE
100
AcDbLine
 10
2310.0
 20
8400.0
 30
0.0
 11
2310.0
 21
8000.0
 31
0.0
  0
LINE
  5
4FA
330
17
100
AcDbEntity
  8
E-KUVVET-LINYE
100
AcDbLine
 10
2310.0
 20
8000.0
 30
0.0
 11
1310.0
 21
8000.0
 31
0.0
  0
LINE
  5
4FB
330
17
100
AcDbEntity
  8
E-KUVVET-LINYE
100
AcDbLine
 10
1310.0
 20
8000.0
 30
0.0
 11
1310.0
 21
6400.0
 31
0.0
  0
LINE
  5
4FC
330
17
100
AcDbEntity
  8
E-KUVVET-LINYE
100
AcDbLine
 10
1310.0
 20
6400.0
 30
0.0
 11
610.0
 21
6400.0
 31
0.0
  0
LINE
  5
4FD
330
17
100
AcDbEntity
  8
E-KUVVET-LINYE
100
AcDbLine
 10
610.0
 20
6400.0
 30
0.0
 11
610.0
 21
2000.0
 31
0.0
  0
LINE
  5
4FE
330
17
100
AcDbEntity
  8
E-KUVVET-LINYE
100
AcDbLine
 10
610.0
 20
2000.0
 30
0.0
 11
1010.0
 21
2000.0
 31
0.0
  0
LINE
  5
4FF
330
17
100
AcDbEntity
  8
E-KUVVET-LINYE
100
AcDbLine
 10
1010.0
 20
2000.0
 30
0.0
 11
1010.0
 21
1300.0
 31
0.0
  0
LINE
  5
500
330
17
100
AcDbEntity
  8
E-KUVVET-LINYE
100
AcDbLine
 10
1010.0
 20
1300.0
 30
0.0
 11
1110.0
 21
1300.0
 31
0.0
  0
LINE
  5
501
330
17
100
AcDbEntity
  8
E-KUVVET-LINYE
100
AcDbLine
 10
1110.0
 20
1300.0
 30
0.0
 11
1710.0
 21
1300.0
 31
0.0
  0
LINE
  5
502
330
17
100
AcDbEntity
  8
E-KUVVET-LINYE
100
AcDbLine
 10
1710.0
 20
1300.0
 30
0.0
 11
1710.0
 21
1700.0
 31
0.0
  0
LINE
  5
503
330
17
100
AcDbEntity
  8
E-KUVVET-LINYE
100
AcDbLine
 10
1710.0
 20
1700.0
 30
0.0
 11
2610.0
 21
1700.0
 31
0.0
  0
LINE
  5
504
330
17
100
AcDbEntity
  8
E-KUVVET-LINYE
100
AcDbLine
 10
2610.0
 20
1700.0
 30
0.0
 11
2610.0
 21
1000.0
 31
0.0
  0
LINE
  5
505
330
17
100
AcDbEntity
  8
E-KUVVET-LINYE
100
AcDbLine
 10
2610.0
 20
1000.0
 30
0.0
 11
3010.0
 21
1000.0
 31
0.0
  0
LINE
  5
506
330
17
100
AcDbEntity
  8
E-KUVVET-LINYE
100
AcDbLine
 10
3010.0
 20
1000.0
 30
0.0
 11
3010.0
 21
500.0
 31
0.0
  0
LINE
  5
507
330
17
100
AcDbEntity
  8
E-KUVVET-LINYE
100
AcDbLine
 10
3010.0
 20
500.0
 30
0.0
 11
6010.0
 21
500.0
 31
0.0
  0
LINE
  5
508
330
17
100
AcDbEntity
  8
E-KUVVET-LINYE
100
AcDbLine
 10
6010.0
 20
500.0
 30
0.0
 11
6010.0
 21
200.0
 31
0.0
  0
LINE
  5
509
330
17
100
AcDbEntity
  8
E-KUVVET-LINYE
100
AcDbLine
 10
6010.0
 20
200.0
 30
0.0
 11
8410.0
 21
200.0
 31
0.0
  0
LINE
  5
50A
330
17
100
AcDbEntity
  8
E-KUVVET-LINYE
100
AcDbLine
 10
8410.0
 20
200.0
 30
0.0
 11
8410.0
 21
500.0
 31
0.0
  0
LINE
  5
50B
330
17
100
AcDbEntity
  8
E-KUVVET-LINYE
100
AcDbLine
 10
8410.0
 20
500.0
 30
0.0
 11
9210.0
 21
500.0
 31
0.0
  0
LINE
  5
50C
330
17
100
AcDbEntity
  8
E-KUVVET-LINYE
100
AcDbLine
 10
9210.0
 20
500.0
 30
0.0
 11
9210.0
 21
2300.0
 31
0.0
  0
LINE
  5
50D
330
17
100
AcDbEntity
  8
E-KUVVET-LINYE
100
AcDbLine
 10
9210.0
 20
2300.0
 30
0.0
 11
9410.0
 21
2300.0
 31
0.0
  0
TEXT
  5
50E
330
17
100
AcDbEntity
  8
E-YAZI
100
AcDbText
 10
610.0
 20
4320.0
 30
0.0
 40
150.0
  1
P2 · NHXMH 3×2,5 · Ø20
 50
90.0
  7
GYM
 72
1
 11
610.0
 21
4320.0
 31
0.0
100
AcDbText
 73
2
  0
LINE
  5
50F
330
17
100
AcDbEntity
  8
E-KUVVET-LINYE
100
AcDbLine
 10
2310.0
 20
8400.0
 30
0.0
 11
2310.0
 21
8000.0
 31
0.0
  0
LINE
  5
510
330
17
100
AcDbEntity
  8
E-KUVVET-LINYE
100
AcDbLine
 10
2310.0
 20
8000.0
 30
0.0
 11
1310.0
 21
8000.0
 31
0.0
  0
LINE
  5
511
330
17
100
AcDbEntity
  8
E-KUVVET-LINYE
100
AcDbLine
 10
1310.0
 20
8000.0
 30
0.0
 11
1310.0
 21
6600.0
 31
0.0
  0
LINE
  5
512
330
17
100
AcDbEntity
  8
E-KUVVET-LINYE
100
AcDbLine
 10
1310.0
 20
6600.0
 30
0.0
 11
210.0
 21
6600.0
 31
0.0
  0
LINE
  5
513
330
17
100
AcDbEntity
  8
E-KUVVET-LINYE
100
AcDbLine
 10
210.0
 20
6600.0
 30
0.0
 11
210.0
 21
5800.0
 31
0.0
  0
LINE
  5
514
330
17
100
AcDbEntity
  8
E-KUVVET-LINYE
100
AcDbLine
 10
210.0
 20
5800.0
 30
0.0
 11
510.0
 21
5800.0
 31
0.0
  0
LINE
  5
515
330
17
100
AcDbEntity
  8
E-KUVVET-LINYE
100
AcDbLine
 10
510.0
 20
5800.0
 30
0.0
 11
510.0
 21
3900.0
 31
0.0
  0
LINE
  5
516
330
17
100
AcDbEntity
  8
E-KUVVET-LINYE
100
AcDbLine
 10
510.0
 20
3900.0
 30
0.0
 11
810.0
 21
3900.0
 31
0.0
  0
LINE
  5
517
330
17
100
AcDbEntity
  8
E-KUVVET-LINYE
100
AcDbLine
 10
810.0
 20
3900.0
 30
0.0
 11
810.0
 21
1700.0
 31
0.0
  0
LINE
  5
518
330
17
100
AcDbEntity
  8
E-KUVVET-LINYE
100
AcDbLine
 10
810.0
 20
1700.0
 30
0.0
 11
2610.0
 21
1700.0
 31
0.0
  0
LINE
  5
519
330
17
100
AcDbEntity
  8
E-KUVVET-LINYE
100
AcDbLine
 10
2610.0
 20
1700.0
 30
0.0
 11
2610.0
 21
1000.0
 31
0.0
  0
LINE
  5
51A
330
17
100
AcDbEntity
  8
E-KUVVET-LINYE
100
AcDbLine
 10
2610.0
 20
1000.0
 30
0.0
 11
3210.0
 21
1000.0
 31
0.0
  0
LINE
  5
51B
330
17
100
AcDbEntity
  8
E-KUVVET-LINYE
100
AcDbLine
 10
3210.0
 20
1000.0
 30
0.0
 11
3210.0
 21
500.0
 31
0.0
  0
LINE
  5
51C
330
17
100
AcDbEntity
  8
E-KUVVET-LINYE
100
AcDbLine
 10
3210.0
 20
500.0
 30
0.0
 11
8910.0
 21
500.0
 31
0.0
  0
LINE
  5
51D
330
17
100
AcDbEntity
  8
E-KUVVET-LINYE
100
AcDbLine
 10
8910.0
 20
500.0
 30
0.0
 11
8910.0
 21
3900.0
 31
0.0
  0
LINE
  5
51E
330
17
100
AcDbEntity
  8
E-KUVVET-LINYE
100
AcDbLine
 10
8910.0
 20
3900.0
 30
0.0
 11
8710.0
 21
3900.0
 31
0.0
  0
LINE
  5
51F
330
17
100
AcDbEntity
  8
E-KUVVET-LINYE
100
AcDbLine
 10
8710.0
 20
3900.0
 30
0.0
 11
8710.0
 21
5100.0
 31
0.0
  0
LINE
  5
520
330
17
100
AcDbEntity
  8
E-KUVVET-LINYE
100
AcDbLine
 10
8710.0
 20
5100.0
 30
0.0
 11
9010.0
 21
5100.0
 31
0.0
  0
LINE
  5
521
330
17
100
AcDbEntity
  8
E-KUVVET-LINYE
100
AcDbLine
 10
9010.0
 20
5100.0
 30
0.0
 11
9010.0
 21
7200.0
 31
0.0
  0
LINE
  5
522
330
17
100
AcDbEntity
  8
E-KUVVET-LINYE
100
AcDbLine
 10
9010.0
 20
7200.0
 30
0.0
 11
8210.0
 21
7200.0
 31
0.0
  0
LINE
  5
523
330
17
100
AcDbEntity
  8
E-KUVVET-LINYE
100
AcDbLine
 10
8210.0
 20
7200.0
 30
0.0
 11
8210.0
 21
7800.0
 31
0.0
  0
LINE
  5
524
330
17
100
AcDbEntity
  8
E-KUVVET-LINYE
100
AcDbLine
 10
8210.0
 20
7800.0
 30
0.0
 11
8210.0
 21
8900.0
 31
0.0
  0
LINE
  5
525
330
17
100
AcDbEntity
  8
E-KUVVET-LINYE
100
AcDbLine
 10
8210.0
 20
8900.0
 30
0.0
 11
10010.0
 21
8900.0
 31
0.0
  0
TEXT
  5
526
330
17
100
AcDbEntity
  8
E-YAZI
100
AcDbText
 10
6060.000000000001
 20
620.0
 30
0.0
 40
150.0
  1
P6 · NHXMH 3×2,5 · Ø20
  7
GYM
 72
1
 11
6060.000000000001
 21
620.0
 31
0.0
100
AcDbText
 73
2
  0
LINE
  5
527
330
17
100
AcDbEntity
  8
E-KUVVET-LINYE
100
AcDbLine
 10
2310.0
 20
8400.0
 30
0.0
 11
2310.0
 21
8000.0
 31
0.0
  0
LINE
  5
528
330
17
100
AcDbEntity
  8
E-KUVVET-LINYE
100
AcDbLine
 10
2310.0
 20
8000.0
 30
0.0
 11
1510.0
 21
8000.0
 31
0.0
  0
LINE
  5
529
330
17
100
AcDbEntity
  8
E-KUVVET-LINYE
100
AcDbLine
 10
1510.0
 20
8000.0
 30
0.0
 11
1510.0
 21
6200.0
 31
0.0
  0
LINE
  5
52A
330
17
100
AcDbEntity
  8
E-KUVVET-LINYE
100
AcDbLine
 10
1510.0
 20
6200.0
 30
0.0
 11
1910.0
 21
6200.0
 31
0.0
  0
LINE
  5
52B
330
17
100
AcDbEntity
  8
E-KUVVET-LINYE
100
AcDbLine
 10
1910.0
 20
6200.0
 30
0.0
 11
1910.0
 21
6100.0
 31
0.0
  0
LINE
  5
52C
330
17
100
AcDbEntity
  8
E-KUVVET-LINYE
100
AcDbLine
 10
1910.0
 20
6100.0
 30
0.0
 11
1910.0
 21
5500.0
 31
0.0
  0
LINE
  5
52D
330
17
100
AcDbEntity
  8
E-KUVVET-LINYE
100
AcDbLine
 10
1910.0
 20
5500.0
 30
0.0
 11
4610.0
 21
5500.0
 31
0.0
  0
LINE
  5
52E
330
17
100
AcDbEntity
  8
E-KUVVET-LINYE
100
AcDbLine
 10
4610.0
 20
5500.0
 30
0.0
 11
4610.0
 21
6100.0
 31
0.0
  0
LINE
  5
52F
330
17
100
AcDbEntity
  8
E-KUVVET-LINYE
100
AcDbLine
 10
4610.0
 20
6100.0
 30
0.0
 11
4610.0
 21
8600.0
 31
0.0
  0
LINE
  5
530
330
17
100
AcDbEntity
  8
E-KUVVET-LINYE
100
AcDbLine
 10
4610.0
 20
8600.0
 30
0.0
 11
6710.0
 21
8600.0
 31
0.0
  0
LINE
  5
531
330
17
100
AcDbEntity
  8
E-KUVVET-LINYE
100
AcDbLine
 10
6710.0
 20
8600.0
 30
0.0
 11
6710.0
 21
10300.0
 31
0.0
  0
LINE
  5
532
330
17
100
AcDbEntity
  8
E-KUVVET-LINYE
100
AcDbLine
 10
6710.0
 20
10300.0
 30
0.0
 11
7510.0
 21
10300.0
 31
0.0
  0
TEXT
  5
533
330
17
100
AcDbEntity
  8
E-YAZI
100
AcDbText
 10
3260.0000000000005
 20
5620.0
 30
0.0
 40
150.0
  1
P3 · NHXMH 3×2,5 · Ø20
  7
GYM
 72
1
 11
3260.0000000000005
 21
5620.0
 31
0.0
100
AcDbText
 73
2
  0
LINE
  5
534
330
17
100
AcDbEntity
  8
E-KUVVET-LINYE
100
AcDbLine
 10
2310.0
 20
8400.0
 30
0.0
 11
2310.0
 21
8000.0
 31
0.0
  0
LINE
  5
535
330
17
100
AcDbEntity
  8
E-KUVVET-LINYE
100
AcDbLine
 10
2310.0
 20
8000.0
 30
0.0
 11
1310.0
 21
8000.0
 31
0.0
  0
LINE
  5
536
330
17
100
AcDbEntity
  8
E-KUVVET-LINYE
100
AcDbLine
 10
1310.0
 20
8000.0
 30
0.0
 11
1310.0
 21
6400.0
 31
0.0
  0
LINE
  5
537
330
17
100
AcDbEntity
  8
E-KUVVET-LINYE
100
AcDbLine
 10
1310.0
 20
6400.0
 30
0.0
 11
610.0
 21
6400.0
 31
0.0
  0
LINE
  5
538
330
17
100
AcDbEntity
  8
E-KUVVET-LINYE
100
AcDbLine
 10
610.0
 20
6400.0
 30
0.0
 11
610.0
 21
2000.0
 31
0.0
  0
LINE
  5
539
330
17
100
AcDbEntity
  8
E-KUVVET-LINYE
100
AcDbLine
 10
610.0
 20
2000.0
 30
0.0
 11
1010.0
 21
2000.0
 31
0.0
  0
LINE
  5
53A
330
17
100
AcDbEntity
  8
E-KUVVET-LINYE
100
AcDbLine
 10
1010.0
 20
2000.0
 30
0.0
 11
1010.0
 21
1700.0
 31
0.0
  0
LINE
  5
53B
330
17
100
AcDbEntity
  8
E-KUVVET-LINYE
100
AcDbLine
 10
1010.0
 20
1700.0
 30
0.0
 11
2610.0
 21
1700.0
 31
0.0
  0
LINE
  5
53C
330
17
100
AcDbEntity
  8
E-KUVVET-LINYE
100
AcDbLine
 10
2610.0
 20
1700.0
 30
0.0
 11
2610.0
 21
1000.0
 31
0.0
  0
LINE
  5
53D
330
17
100
AcDbEntity
  8
E-KUVVET-LINYE
100
AcDbLine
 10
2610.0
 20
1000.0
 30
0.0
 11
3210.0
 21
1000.0
 31
0.0
  0
LINE
  5
53E
330
17
100
AcDbEntity
  8
E-KUVVET-LINYE
100
AcDbLine
 10
3210.0
 20
1000.0
 30
0.0
 11
3210.0
 21
500.0
 31
0.0
  0
LINE
  5
53F
330
17
100
AcDbEntity
  8
E-KUVVET-LINYE
100
AcDbLine
 10
3210.0
 20
500.0
 30
0.0
 11
4710.0
 21
500.0
 31
0.0
  0
LINE
  5
540
330
17
100
AcDbEntity
  8
E-KUVVET-LINYE
100
AcDbLine
 10
4710.0
 20
500.0
 30
0.0
 11
4710.0
 21
1000.0
 31
0.0
  0
LINE
  5
541
330
17
100
AcDbEntity
  8
E-KUVVET-LINYE
100
AcDbLine
 10
4710.0
 20
1000.0
 30
0.0
 11
4710.0
 21
500.0
 31
0.0
  0
LINE
  5
542
330
17
100
AcDbEntity
  8
E-KUVVET-LINYE
100
AcDbLine
 10
4710.0
 20
500.0
 30
0.0
 11
7310.0
 21
500.0
 31
0.0
  0
LINE
  5
543
330
17
100
AcDbEntity
  8
E-KUVVET-LINYE
100
AcDbLine
 10
7310.0
 20
500.0
 30
0.0
 11
7310.0
 21
1000.0
 31
0.0
  0
LINE
  5
544
330
17
100
AcDbEntity
  8
E-KUVVET-LINYE
100
AcDbLine
 10
7310.0
 20
1000.0
 30
0.0
 11
7310.0
 21
500.0
 31
0.0
  0
LINE
  5
545
330
17
100
AcDbEntity
  8
E-KUVVET-LINYE
100
AcDbLine
 10
7310.0
 20
500.0
 30
0.0
 11
8910.0
 21
500.0
 31
0.0
  0
LINE
  5
546
330
17
100
AcDbEntity
  8
E-KUVVET-LINYE
100
AcDbLine
 10
8910.0
 20
500.0
 30
0.0
 11
8910.0
 21
2600.0
 31
0.0
  0
LINE
  5
547
330
17
100
AcDbEntity
  8
E-KUVVET-LINYE
100
AcDbLine
 10
8910.0
 20
2600.0
 30
0.0
 11
8610.0
 21
2600.0
 31
0.0
  0
TEXT
  5
548
330
17
100
AcDbEntity
  8
E-YAZI
100
AcDbText
 10
610.0
 20
4320.0
 30
0.0
 40
150.0
  1
P4 · NHXMH 3×2,5 · Ø20
 50
90.0
  7
GYM
 72
1
 11
610.0
 21
4320.0
 31
0.0
100
AcDbText
 73
2
  0
LINE
  5
549
330
17
100
AcDbEntity
  8
E-KUVVET-LINYE
100
AcDbLine
 10
2310.0
 20
8400.0
 30
0.0
 11
8210.0
 21
8400.0
 31
0.0
  0
LINE
  5
54A
330
17
100
AcDbEntity
  8
E-KUVVET-LINYE
100
AcDbLine
 10
8210.0
 20
8400.0
 30
0.0
 11
8210.0
 21
7200.0
 31
0.0
  0
LINE
  5
54B
330
17
100
AcDbEntity
  8
E-KUVVET-LINYE
100
AcDbLine
 10
8210.0
 20
7200.0
 30
0.0
 11
10510.0
 21
7200.0
 31
0.0
  0
LINE
  5
54C
330
17
100
AcDbEntity
  8
E-KUVVET-LINYE
100
AcDbLine
 10
10510.0
 20
7200.0
 30
0.0
 11
10510.0
 21
7500.0
 31
0.0
  0
LINE
  5
54D
330
17
100
AcDbEntity
  8
E-KUVVET-LINYE
100
AcDbLine
 10
10510.0
 20
7500.0
 30
0.0
 11
8910.0
 21
7500.0
 31
0.0
  0
LINE
  5
54E
330
17
100
AcDbEntity
  8
E-KUVVET-LINYE
100
AcDbLine
 10
8910.0
 20
7500.0
 30
0.0
 11
8910.0
 21
4900.0
 31
0.0
  0
LINE
  5
54F
330
17
100
AcDbEntity
  8
E-KUVVET-LINYE
100
AcDbLine
 10
8910.0
 20
4900.0
 30
0.0
 11
8710.0
 21
4900.0
 31
0.0
  0
LINE
  5
550
330
17
100
AcDbEntity
  8
E-KUVVET-LINYE
100
AcDbLine
 10
8710.0
 20
4900.0
 30
0.0
 11
8710.0
 21
4400.0
 31
0.0
  0
LINE
  5
551
330
17
100
AcDbEntity
  8
E-KUVVET-LINYE
100
AcDbLine
 10
8710.0
 20
4400.0
 30
0.0
 11
10910.0
 21
4400.0
 31
0.0
  0
LINE
  5
552
330
17
100
AcDbEntity
  8
E-KUVVET-LINYE
100
AcDbLine
 10
10910.0
 20
4400.0
 30
0.0
 11
10910.0
 21
2900.0
 31
0.0
  0
LINE
  5
553
330
17
100
AcDbEntity
  8
E-KUVVET-LINYE
100
AcDbLine
 10
10910.0
 20
2900.0
 30
0.0
 11
11110.0
 21
2900.0
 31
0.0
  0
TEXT
  5
554
330
17
100
AcDbEntity
  8
E-YAZI
100
AcDbText
 10
5260.000000000001
 20
8520.0
 30
0.0
 40
150.0
  1
P5 · NHXMH 3×2,5 · Ø20
  7
GYM
 72
1
 11
5260.000000000001
 21
8520.0
 31
0.0
100
AcDbText
 73
2
  0
LINE
  5
555
330
17
100
AcDbEntity
  8
E-KUVVET-LINYE
100
AcDbLine
 10
2310.0
 20
8400.0
 30
0.0
 11
2310.0
 21
8000.0
 31
0.0
  0
LINE
  5
556
330
17
100
AcDbEntity
  8
E-KUVVET-LINYE
100
AcDbLine
 10
2310.0
 20
8000.0
 30
0.0
 11
1310.0
 21
8000.0
 31
0.0
  0
LINE
  5
557
330
17
100
AcDbEntity
  8
E-KUVVET-LINYE
100
AcDbLine
 10
1310.0
 20
8000.0
 30
0.0
 11
1310.0
 21
6400.0
 31
0.0
  0
LINE
  5
558
330
17
100
AcDbEntity
  8
E-KUVVET-LINYE
100
AcDbLine
 10
1310.0
 20
6400.0
 30
0.0
 11
610.0
 21
6400.0
 31
0.0
  0
LINE
  5
559
330
17
100
AcDbEntity
  8
E-KUVVET-LINYE
100
AcDbLine
 10
610.0
 20
6400.0
 30
0.0
 11
610.0
 21
2000.0
 31
0.0
  0
LINE
  5
55A
330
17
100
AcDbEntity
  8
E-KUVVET-LINYE
100
AcDbLine
 10
610.0
 20
2000.0
 30
0.0
 11
1010.0
 21
2000.0
 31
0.0
  0
LINE
  5
55B
330
17
100
AcDbEntity
  8
E-KUVVET-LINYE
100
AcDbLine
 10
1010.0
 20
2000.0
 30
0.0
 11
1010.0
 21
1700.0
 31
0.0
  0
LINE
  5
55C
330
17
100
AcDbEntity
  8
E-KUVVET-LINYE
100
AcDbLine
 10
1010.0
 20
1700.0
 30
0.0
 11
2610.0
 21
1700.0
 31
0.0
  0
LINE
  5
55D
330
17
100
AcDbEntity
  8
E-KUVVET-LINYE
100
AcDbLine
 10
2610.0
 20
1700.0
 30
0.0
 11
2610.0
 21
1000.0
 31
0.0
  0
LINE
  5
55E
330
17
100
AcDbEntity
  8
E-KUVVET-LINYE
100
AcDbLine
 10
2610.0
 20
1000.0
 30
0.0
 11
3210.0
 21
1000.0
 31
0.0
  0
LINE
  5
55F
330
17
100
AcDbEntity
  8
E-KUVVET-LINYE
100
AcDbLine
 10
3210.0
 20
1000.0
 30
0.0
 11
3210.0
 21
200.0
 31
0.0
  0
LINE
  5
560
330
17
100
AcDbEntity
  8
E-KUVVET-LINYE
100
AcDbLine
 10
3210.0
 20
200.0
 30
0.0
 11
6810.0
 21
200.0
 31
0.0
  0
TEXT
  5
561
330
17
100
AcDbEntity
  8
E-YAZI
100
AcDbText
 10
610.0
 20
4320.0
 30
0.0
 40
150.0
  1
K1 · NHXMH 3×2,5 · Ø20
 50
90.0
  7
GYM
 72
1
 11
610.0
 21
4320.0
 31
0.0
100
AcDbText
 73
2
  0
LINE
  5
562
330
17
100
AcDbEntity
  8
E-KUVVET-LINYE
100
AcDbLine
 10
2310.0
 20
8400.0
 30
0.0
 11
8210.0
 21
8400.0
 31
0.0
  0
LINE
  5
563
330
17
100
AcDbEntity
  8
E-KUVVET-LINYE
100
AcDbLine
 10
8210.0
 20
8400.0
 30
0.0
 11
8210.0
 21
7000.0
 31
0.0
  0
LINE
  5
564
330
17
100
AcDbEntity
  8
E-KUVVET-LINYE
100
AcDbLine
 10
8210.0
 20
7000.0
 30
0.0
 11
8310.0
 21
7000.0
 31
0.0
  0
TEXT
  5
565
330
17
100
AcDbEntity
  8
E-YAZI
100
AcDbText
 10
5260.000000000001
 20
8520.0
 30
0.0
 40
150.0
  1
K2 · NHXMH 3×2,5 · Ø20
  7
GYM
 72
1
 11
5260.000000000001
 21
8520.0
 31
0.0
100
AcDbText
 73
2
  0
LINE
  5
566
330
17
100
AcDbEntity
  8
E-KUVVET-LINYE
100
AcDbLine
 10
2310.0
 20
8400.0
 30
0.0
 11
2310.0
 21
8000.0
 31
0.0
  0
LINE
  5
567
330
17
100
AcDbEntity
  8
E-KUVVET-LINYE
100
AcDbLine
 10
2310.0
 20
8000.0
 30
0.0
 11
1210.0
 21
8000.0
 31
0.0
  0
LINE
  5
568
330
17
100
AcDbEntity
  8
E-KUVVET-LINYE
100
AcDbLine
 10
1210.0
 20
8000.0
 30
0.0
 11
1210.0
 21
7300.0
 31
0.0
  0
TEXT
  5
569
330
17
100
AcDbEntity
  8
E-YAZI
100
AcDbText
 10
1760.0
 20
8120.0
 30
0.0
 40
150.0
  1
K3 · NHXMH 3×2,5 · Ø20
  7
GYM
 72
1
 11
1760.0
 21
8120.0
 31
0.0
100
AcDbText
 73
2
  0
LINE
  5
56A
330
17
100
AcDbEntity
  8
E-KUVVET-LINYE
100
AcDbLine
 10
2310.0
 20
8400.0
 30
0.0
 11
6510.0
 21
8400.0
 31
0.0
  0
LINE
  5
56B
330
17
100
AcDbEntity
  8
E-KUVVET-LINYE
100
AcDbLine
 10
6510.0
 20
8400.0
 30
0.0
 11
6510.0
 21
12400.0
 31
0.0
  0
LINE
  5
56C
330
17
100
AcDbEntity
  8
E-KUVVET-LINYE
100
AcDbLine
 10
6510.0
 20
12400.0
 30
0.0
 11
7010.0
 21
12400.0
 31
0.0
  0
LINE
  5
56D
330
17
100
AcDbEntity
  8
E-KUVVET-LINYE
100
AcDbLine
 10
7010.0
 20
12400.0
 30
0.0
 11
7010.0
 21
12500.0
 31
0.0
  0
TEXT
  5
56E
330
17
100
AcDbEntity
  8
E-YAZI
100
AcDbText
 10
4410.0
 20
8520.0
 30
0.0
 40
150.0
  1
K4 · NHXMH 3×2,5 · Ø20
  7
GYM
 72
1
 11
4410.0
 21
8520.0
 31
0.0
100
AcDbText
 73
2
  0
LINE
  5
56F
330
17
100
AcDbEntity
  8
E-KUVVET-LINYE
100
AcDbLine
 10
2310.0
 20
8400.0
 30
0.0
 11
8210.0
 21
8400.0
 31
0.0
  0
LINE
  5
570
330
17
100
AcDbEntity
  8
E-KUVVET-LINYE
100
AcDbLine
 10
8210.0
 20
8400.0
 30
0.0
 11
8210.0
 21
7200.0
 31
0.0
  0
LINE
  5
571
330
17
100
AcDbEntity
  8
E-KUVVET-LINYE
100
AcDbLine
 10
8210.0
 20
7200.0
 30
0.0
 11
10510.0
 21
7200.0
 31
0.0
  0
LINE
  5
572
330
17
100
AcDbEntity
  8
E-KUVVET-LINYE
100
AcDbLine
 10
10510.0
 20
7200.0
 30
0.0
 11
10510.0
 21
7700.0
 31
0.0
  0
TEXT
  5
573
330
17
100
AcDbEntity
  8
E-YAZI
100
AcDbText
 10
5260.000000000001
 20
8520.0
 30
0.0
 40
150.0
  1
W1 · NHXMH 3×2,5 · Ø20
  7
GYM
 72
1
 11
5260.000000000001
 21
8520.0
 31
0.0
100
AcDbText
 73
2
  0
LINE
  5
574
330
17
100
AcDbEntity
  8
E-KUVVET-LINYE
100
AcDbLine
 10
2310.0
 20
8400.0
 30
0.0
 11
8210.0
 21
8400.0
 31
0.0
  0
LINE
  5
575
330
17
100
AcDbEntity
  8
E-KUVVET-LINYE
100
AcDbLine
 10
8210.0
 20
8400.0
 30
0.0
 11
8210.0
 21
4700.0
 31
0.0
  0
LINE
  5
576
330
17
100
AcDbEntity
  8
E-KUVVET-LINYE
100
AcDbLine
 10
8210.0
 20
4700.0
 30
0.0
 11
8710.0
 21
4700.0
 31
0.0
  0
LINE
  5
577
330
17
100
AcDbEntity
  8
E-KUVVET-LINYE
100
AcDbLine
 10
8710.0
 20
4700.0
 30
0.0
 11
8710.0
 21
4400.0
 31
0.0
  0
LINE
  5
578
330
17
100
AcDbEntity
  8
E-KUVVET-LINYE
100
AcDbLine
 10
8710.0
 20
4400.0
 30
0.0
 11
10910.0
 21
4400.0
 31
0.0
  0
LINE
  5
579
330
17
100
AcDbEntity
  8
E-KUVVET-LINYE
100
AcDbLine
 10
10910.0
 20
4400.0
 30
0.0
 11
10910.0
 21
1700.0
 31
0.0
  0
LINE
  5
57A
330
17
100
AcDbEntity
  8
E-KUVVET-LINYE
100
AcDbLine
 10
10910.0
 20
1700.0
 30
0.0
 11
10510.0
 21
1700.0
 31
0.0
  0
TEXT
  5
57B
330
17
100
AcDbEntity
  8
E-YAZI
100
AcDbText
 10
5260.000000000001
 20
8520.0
 30
0.0
 40
150.0
  1
W2 · NHXMH 3×2,5 · Ø20
  7
GYM
 72
1
 11
5260.000000000001
 21
8520.0
 31
0.0
100
AcDbText
 73
2
  0
LINE
  5
57C
330
17
100
AcDbEntity
  8
E-KUVVET-LINYE
100
AcDbLine
 10
2310.0
 20
8400.0
 30
0.0
 11
2310.0
 21
8000.0
 31
0.0
  0
LINE
  5
57D
330
17
100
AcDbEntity
  8
E-KUVVET-LINYE
100
AcDbLine
 10
2310.0
 20
8000.0
 30
0.0
 11
1210.0
 21
8000.0
 31
0.0
  0
LINE
  5
57E
330
17
100
AcDbEntity
  8
E-KUVVET-LINYE
100
AcDbLine
 10
1210.0
 20
8000.0
 30
0.0
 11
1210.0
 21
7100.0
 31
0.0
  0
LINE
  5
57F
330
17
100
AcDbEntity
  8
E-KUVVET-LINYE
100
AcDbLine
 10
1210.0
 20
7100.0
 30
0.0
 11
1310.0
 21
7100.0
 31
0.0
  0
LINE
  5
580
330
17
100
AcDbEntity
  8
E-KUVVET-LINYE
100
AcDbLine
 10
1310.0
 20
7100.0
 30
0.0
 11
1310.0
 21
6400.0
 31
0.0
  0
LINE
  5
581
330
17
100
AcDbEntity
  8
E-KUVVET-LINYE
100
AcDbLine
 10
1310.0
 20
6400.0
 30
0.0
 11
610.0
 21
6400.0
 31
0.0
  0
LINE
  5
582
330
17
100
AcDbEntity
  8
E-KUVVET-LINYE
100
AcDbLine
 10
610.0
 20
6400.0
 30
0.0
 11
610.0
 21
2000.0
 31
0.0
  0
LINE
  5
583
330
17
100
AcDbEntity
  8
E-KUVVET-LINYE
100
AcDbLine
 10
610.0
 20
2000.0
 30
0.0
 11
1210.0
 21
2000.0
 31
0.0
  0
LINE
  5
584
330
17
100
AcDbEntity
  8
E-KUVVET-LINYE
100
AcDbLine
 10
1210.0
 20
2000.0
 30
0.0
 11
1210.0
 21
1900.0
 31
0.0
  0
TEXT
  5
585
330
17
100
AcDbEntity
  8
E-YAZI
100
AcDbText
 10
610.0
 20
4320.0
 30
0.0
 40
150.0
  1
V1 · NHXMH 3×2,5 · Ø20
 50
90.0
  7
GYM
 72
1
 11
610.0
 21
4320.0
 31
0.0
100
AcDbText
 73
2
  0
LINE
  5
586
330
17
100
AcDbEntity
  8
E-KUVVET-LINYE
100
AcDbLine
 10
2310.0
 20
8400.0
 30
0.0
 11
8210.0
 21
8400.0
 31
0.0
  0
LINE
  5
587
330
17
100
AcDbEntity
  8
E-KUVVET-LINYE
100
AcDbLine
 10
8210.0
 20
8400.0
 30
0.0
 11
8210.0
 21
5300.0
 31
0.0
  0
LINE
  5
588
330
17
100
AcDbEntity
  8
E-KUVVET-LINYE
100
AcDbLine
 10
8210.0
 20
5300.0
 30
0.0
 11
9410.0
 21
5300.0
 31
0.0
  0
LINE
  5
589
330
17
100
AcDbEntity
  8
E-KUVVET-LINYE
100
AcDbLine
 10
9410.0
 20
5300.0
 30
0.0
 11
9410.0
 21
5400.0
 31
0.0
  0
TEXT
  5
58A
330
17
100
AcDbEntity
  8
E-YAZI
100
AcDbText
 10
5260.000000000001
 20
8520.0
 30
0.0
 40
150.0
  1
V2 · NHXMH 3×2,5 · Ø20
  7
GYM
 72
1
 11
5260.000000000001
 21
8520.0
 31
0.0
100
AcDbText
 73
2
  0
INSERT
  5
58B
330
17
100
AcDbEntity
  8
E-KUVVET-PRIZ
100
AcDbBlockReference
 66
1
  2
E_PRIZ
 10
9909.0
 20
11699.0
 30
0.0
 50
98.2
  0
ATTRIB
  5
58D
330
17
100
AcDbEntity
  8
0
100
AcDbText
 10
9802.005259454801
 20
11880.596050330578
 30
0.0
 40
105.0
  1
PR1
  7
GYM
 11
9802.005259454801
 21
11880.596050330578
 31
0.0
100
AcDbAttribute
  2
KOD
 70
0
  0
ATTRIB
  5
58E
330
17
100
AcDbEntity
  8
0
100
AcDbText
 10
9960.369456400049
 20
11903.41667972346
 30
0.0
 40
105.0
  1
P1
  7
GYM
 11
9960.369456400049
 21
11903.41667972346
 31
0.0
100
AcDbAttribute
  2
LINYE
 70
0
  0
SEQEND
  5
58C
330
58B
100
AcDbEntity
  8
E-KUVVET-PRIZ
  0
INSERT
  5
58F
330
17
100
AcDbEntity
  8
E-KUVVET-PRIZ
100
AcDbBlockReference
 66
1
  2
E_PRIZ
 10
10040.0
 20
8869.0
 30
0.0
 50
8.1
  0
ATTRIB
  5
591
330
17
100
AcDbEntity
  8
0
100
AcDbText
 10
10221.782514699722
 20
8975.677632845152
 30
0.0
 40
104.99999999999999
  1
PR2
  7
GYM
 11
10221.782514699722
 21
8975.677632845152
 31
0.0
100
AcDbAttribute
  2
KOD
 70
0
  0
ATTRIB
  5
592
330
17
100
AcDbEntity
  8
0
100
AcDbText
 10
10244.326711809736
 20
8817.273847610504
 30
0.0
 40
104.99999999999999
  1
P6
  7
GYM
 11
10244.326711809736
 21
8817.273847610504
 31
0.0
100
AcDbAttribute
  2
LINYE
 70
0
  0
SEQEND
  5
590
330
58F
100
AcDbEntity
  8
E-KUVVET-PRIZ
  0
INSERT
  5
593
330
17
100
AcDbEntity
  8
E-KUVVET-PRIZ
100
AcDbBlockReference
 66
1
  2
E_PRIZ
 10
8260.0
 20
7758.0
 30
0.0
 50
98.7
  0
ATTRIB
  5
595
330
17
100
AcDbEntity
  8
0
100
AcDbText
 10
8151.424629107098
 20
7938.655442307916
 30
0.0
 40
105.0
  1
PR3
  7
GYM
 11
8151.424629107098
 21
7938.655442307916
 31
0.0
100
AcDbAttribute
  2
KOD
 70
0
  0
ATTRIB
  5
596
330
17
100
AcDbEntity
  8
0
100
AcDbText
 10
8309.583650996487
 20
7962.857173547471
 30
0.0
 40
105.0
  1
P6
  7
GYM
 11
8309.583650996487
 21
7962.857173547471
 31
0.0
100
AcDbAttribute
  2
LINYE
 70
0
  0
SEQEND
  5
594
330
593
100
AcDbEntity
  8
E-KUVVET-PRIZ
  0
INSERT
  5
597
330
17
100
AcDbEntity
  8
E-KUVVET-PRIZ
100
AcDbBlockReference
 66
1
  2
E_PRIZ
 10
8970.0
 20
5062.0
 30
0.0
 50
98.7
  0
ATTRIB
  5
599
330
17
100
AcDbEntity
  8
0
100
AcDbText
 10
8861.424629107098
 20
5242.655442307916
 30
0.0
 40
105.0
  1
PR4
  7
GYM
 11
8861.424629107098
 21
5242.655442307916
 31
0.0
100
AcDbAttribute
  2
KOD
 70
0
  0
ATTRIB
  5
59A
330
17
100
AcDbEntity
  8
0
100
AcDbText
 10
9019.583650996487
 20
5266.857173547471
 30
0.0
 40
105.0
  1
P6
  7
GYM
 11
9019.583650996487
 21
5266.857173547471
 31
0.0
100
AcDbAttribute
  2
LINYE
 70
0
  0
SEQEND
  5
598
330
597
100
AcDbEntity
  8
E-KUVVET-PRIZ
  0
INSERT
  5
59B
330
17
100
AcDbEntity
  8
E-KUVVET-PRIZ
100
AcDbBlockReference
 66
1
  2
E_PRIZ
 10
9363.0
 20
2321.0
 30
0.0
 50
98.7
  0
ATTRIB
  5
59D
330
17
100
AcDbEntity
  8
0
100
AcDbText
 10
9254.424629107098
 20
2501.6554423079156
 30
0.0
 40
105.0
  1
PR5
  7
GYM
 11
9254.424629107098
 21
2501.6554423079156
 31
0.0
100
AcDbAttribute
  2
KOD
 70
0
  0
ATTRIB
  5
59E
330
17
100
AcDbEntity
  8
0
100
AcDbText
 10
9412.583650996487
 20
2525.8571735474707
 30
0.0
 40
105.0
  1
P2
  7
GYM
 11
9412.583650996487
 21
2525.8571735474707
 31
0.0
100
AcDbAttribute
  2
LINYE
 70
0
  0
SEQEND
  5
59C
330
59B
100
AcDbEntity
  8
E-KUVVET-PRIZ
  0
INSERT
  5
59F
330
17
100
AcDbEntity
  8
E-KUVVET-PRIZ
100
AcDbBlockReference
 66
1
  2
E_PRIZ
 10
8399.0
 20
160.0
 30
0.0
  0
ATTRIB
  5
5A1
330
17
100
AcDbEntity
  8
0
100
AcDbText
 10
8594.0
 20
240.0
 30
0.0
 40
105.0
  1
PR6
  7
GYM
 11
8594.0
 21
240.0
 31
0.0
100
AcDbAttribute
  2
KOD
 70
0
  0
ATTRIB
  5
5A2
330
17
100
AcDbEntity
  8
0
100
AcDbText
 10
8594.0
 20
80.0
 30
0.0
 40
105.0
  1
P2
  7
GYM
 11
8594.0
 21
80.0
 31
0.0
100
AcDbAttribute
  2
LINYE
 70
0
  0
SEQEND
  5
5A0
330
59F
100
AcDbEntity
  8
E-KUVVET-PRIZ
  0
INSERT
  5
5A3
330
17
100
AcDbEntity
  8
E-KUVVET-PRIZ
100
AcDbBlockReference
 66
1
  2
E_PRIZ
 10
6050.0
 20
160.0
 30
0.0
  0
ATTRIB
  5
5A5
330
17
100
AcDbEntity
  8
0
100
AcDbText
 10
6245.0
 20
240.0
 30
0.0
 40
105.0
  1
PR7
  7
GYM
 11
6245.0
 21
240.0
 31
0.0
100
AcDbAttribute
  2
KOD
 70
0
  0
ATTRIB
  5
5A6
330
17
100
AcDbEntity
  8
0
100
AcDbText
 10
6245.0
 20
80.0
 30
0.0
 40
105.0
  1
P2
  7
GYM
 11
6245.0
 21
80.0
 31
0.0
100
AcDbAttribute
  2
LINYE
 70
0
  0
SEQEND
  5
5A4
330
5A3
100
AcDbEntity
  8
E-KUVVET-PRIZ
  0
INSERT
  5
5A7
330
17
100
AcDbEntity
  8
E-KUVVET-PRIZ
100
AcDbBlockReference
 66
1
  2
E_PRIZ
 10
3002.0
 20
541.0
 30
0.0
 50
309.5
  0
ATTRIB
  5
5A9
330
17
100
AcDbEntity
  8
0
100
AcDbText
 10
3187.7652196251815
 20
441.41946386161567
 30
0.0
 40
105.0
  1
PR8
  7
GYM
 11
3187.7652196251815
 21
441.41946386161567
 31
0.0
100
AcDbAttribute
  2
KOD
 70
0
  0
ATTRIB
  5
5AA
330
17
100
AcDbEntity
  8
0
100
AcDbText
 10
3064.3052862831464
 20
339.6469486171735
 30
0.0
 40
105.0
  1
P2
  7
GYM
 11
3064.3052862831464
 21
339.6469486171735
 31
0.0
100
AcDbAttribute
  2
LINYE
 70
0
  0
SEQEND
  5
5A8
330
5A7
100
AcDbEntity
  8
E-KUVVET-PRIZ
  0
INSERT
  5
5AB
330
17
100
AcDbEntity
  8
E-KUVVET-PRIZ
100
AcDbBlockReference
 66
1
  2
E_PRIZ
 10
1076.0
 20
1335.0
 30
0.0
 50
351.5
  0
ATTRIB
  5
5AD
330
17
100
AcDbEntity
  8
0
100
AcDbText
 10
1280.6828462459425
 20
1385.2984338986794
 30
0.0
 40
105.0
  1
PR9
  7
GYM
 11
1280.6828462459425
 21
1385.2984338986794
 31
0.0
100
AcDbAttribute
  2
KOD
 70
0
  0
ATTRIB
  5
5AE
330
17
100
AcDbEntity
  8
0
100
AcDbText
 10
1257.033340465205
 20
1227.0558957607725
 30
0.0
 40
105.0
  1
P2
  7
GYM
 11
1257.033340465205
 21
1227.0558957607725
 31
0.0
100
AcDbAttribute
  2
LINYE
 70
0
  0
SEQEND
  5
5AC
330
5AB
100
AcDbEntity
  8
E-KUVVET-PRIZ
  0
INSERT
  5
5AF
330
17
100
AcDbEntity
  8
E-KUVVET-PRIZ
100
AcDbBlockReference
 66
1
  2
E_PRIZ
 10
470.0
 20
3851.0
 30
0.0
 50
275.9
  0
ATTRIB
  5
5B1
330
17
100
AcDbEntity
  8
0
100
AcDbText
 10
569.620770042887
 20
3665.2563536051307
 30
0.0
 40
105.0
  1
PR10
  7
GYM
 11
569.620770042887
 21
3665.2563536051307
 31
0.0
100
AcDbAttribute
  2
KOD
 70
0
  0
ATTRIB
  5
5B2
330
17
100
AcDbEntity
  8
0
100
AcDbText
 10
410.46831930413913
 20
3648.8095477191714
 30
0.0
 40
105.0
  1
P6
  7
GYM
 11
410.46831930413913
 21
3648.8095477191714
 31
0.0
100
AcDbAttribute
  2
LINYE
 70
0
  0
SEQEND
  5
5B0
330
5AF
100
AcDbEntity
  8
E-KUVVET-PRIZ
  0
INSERT
  5
5B3
330
17
100
AcDbEntity
  8
E-KUVVET-PRIZ
100
AcDbBlockReference
 66
1
  2
E_PRIZ
 10
185.0
 20
6606.0
 30
0.0
 50
275.9
  0
ATTRIB
  5
5B5
330
17
100
AcDbEntity
  8
0
100
AcDbText
 10
284.620770042887
 20
6420.256353605131
 30
0.0
 40
105.0
  1
PR11
  7
GYM
 11
284.620770042887
 21
6420.256353605131
 31
0.0
100
AcDbAttribute
  2
KOD
 70
0
  0
ATTRIB
  5
5B6
330
17
100
AcDbEntity
  8
0
100
AcDbText
 10
125.46831930413911
 20
6403.809547719171
 30
0.0
 40
105.0
  1
P6
  7
GYM
 11
125.46831930413911
 21
6403.809547719171
 31
0.0
100
AcDbAttribute
  2
LINYE
 70
0
  0
SEQEND
  5
5B4
330
5B3
100
AcDbEntity
  8
E-KUVVET-PRIZ
  0
INSERT
  5
5B7
330
17
100
AcDbEntity
  8
E-KUVVET-PRIZ
100
AcDbBlockReference
 66
1
  2
E_PRIZ
 10
1104.0
 20
8238.0
 30
0.0
 50
186.1
  0
ATTRIB
  5
5B9
330
17
100
AcDbEntity
  8
0
100
AcDbText
 10
918.6052266009237
 20
8137.731470558778
 30
0.0
 40
105.0
  1
PR12
  7
GYM
 11
918.6052266009237
 21
8137.731470558778
 31
0.0
100
AcDbAttribute
  2
KOD
 70
0
  0
ATTRIB
  5
5BA
330
17
100
AcDbEntity
  8
0
100
AcDbText
 10
901.6029751871265
 20
8296.825541620092
 30
0.0
 40
105.0
  1
P1
  7
GYM
 11
901.6029751871265
 21
8296.825541620092
 31
0.0
100
AcDbAttribute
  2
LINYE
 70
0
  0
SEQEND
  5
5B8
330
5B7
100
AcDbEntity
  8
E-KUVVET-PRIZ
  0
INSERT
  5
5BB
330
17
100
AcDbEntity
  8
E-KUVVET-PRIZ
100
AcDbBlockReference
 66
1
  2
E_PRIZ
 10
4040.0
 20
8552.0
 30
0.0
 50
186.1
  0
ATTRIB
  5
5BD
330
17
100
AcDbEntity
  8
0
100
AcDbText
 10
3854.6052266009237
 20
8451.731470558778
 30
0.0
 40
105.0
  1
PR13
  7
GYM
 11
3854.6052266009237
 21
8451.731470558778
 31
0.0
100
AcDbAttribute
  2
KOD
 70
0
  0
ATTRIB
  5
5BE
330
17
100
AcDbEntity
  8
0
100
AcDbText
 10
3837.6029751871265
 20
8610.825541620092
 30
0.0
 40
105.0
  1
P1
  7
GYM
 11
3837.6029751871265
 21
8610.825541620092
 31
0.0
100
AcDbAttribute
  2
LINYE
 70
0
  0
SEQEND
  5
5BC
330
5BB
100
AcDbEntity
  8
E-KUVVET-PRIZ
  0
INSERT
  5
5BF
330
17
100
AcDbEntity
  8
E-KUVVET-PRIZ
100
AcDbBlockReference
 66
1
  2
E_PRIZ
 10
6540.0
 20
9052.0
 30
0.0
 50
278.9
  0
ATTRIB
  5
5C1
330
17
100
AcDbEntity
  8
0
100
AcDbText
 10
6649.205314589947
 20
8871.724657078927
 30
0.0
 40
104.99999999999999
  1
PR14
  7
GYM
 11
6649.205314589947
 21
8871.724657078927
 31
0.0
100
AcDbAttribute
  2
KOD
 70
0
  0
ATTRIB
  5
5C2
330
17
100
AcDbEntity
  8
0
100
AcDbText
 10
6491.131736066845
 20
8846.97099527101
 30
0.0
 40
104.99999999999999
  1
P1
  7
GYM
 11
6491.131736066845
 21
8846.97099527101
 31
0.0
100
AcDbAttribute
  2
LINYE
 70
0
  0
SEQEND
  5
5C0
330
5BF
100
AcDbEntity
  8
E-KUVVET-PRIZ
  0
INSERT
  5
5C3
330
17
100
AcDbEntity
  8
E-KUVVET-PRIZ
100
AcDbBlockReference
 66
1
  2
E_PRIZ
 10
6113.0
 20
11788.0
 30
0.0
 50
278.9
  0
ATTRIB
  5
5C5
330
17
100
AcDbEntity
  8
0
100
AcDbText
 10
6222.205314589947
 20
11607.724657078927
 30
0.0
 40
104.99999999999999
  1
PR15
  7
GYM
 11
6222.205314589947
 21
11607.724657078927
 31
0.0
100
AcDbAttribute
  2
KOD
 70
0
  0
ATTRIB
  5
5C6
330
17
100
AcDbEntity
  8
0
100
AcDbText
 10
6064.131736066845
 20
11582.97099527101
 30
0.0
 40
104.99999999999999
  1
P1
  7
GYM
 11
6064.131736066845
 21
11582.97099527101
 31
0.0
100
AcDbAttribute
  2
LINYE
 70
0
  0
SEQEND
  5
5C4
330
5C3
100
AcDbEntity
  8
E-KUVVET-PRIZ
  0
INSERT
  5
5C7
330
17
100
AcDbEntity
  8
E-KUVVET-PRIZ
100
AcDbBlockReference
 66
1
  2
E_PRIZ
 10
8280.0
 20
12634.0
 30
0.0
 50
186.9
  0
ATTRIB
  5
5C9
330
17
100
AcDbEntity
  8
0
100
AcDbText
 10
8096.02326543053
 20
12531.152729072888
 30
0.0
 40
105.0
  1
PR16
  7
GYM
 11
8096.02326543053
 21
12531.152729072888
 31
0.0
100
AcDbAttribute
  2
KOD
 70
0
  0
ATTRIB
  5
5CA
330
17
100
AcDbEntity
  8
0
100
AcDbText
 10
8076.801371216987
 20
12689.9939037816
 30
0.0
 40
105.0
  1
P1
  7
GYM
 11
8076.801371216987
 21
12689.9939037816
 31
0.0
100
AcDbAttribute
  2
LINYE
 70
0
  0
SEQEND
  5
5C8
330
5C7
100
AcDbEntity
  8
E-KUVVET-PRIZ
  0
INSERT
  5
5CB
330
17
100
AcDbEntity
  8
E-KUVVET-PRIZ
100
AcDbBlockReference
 66
1
  2
E_PRIZ
 10
1920.0
 20
6200.0
 30
0.0
  0
ATTRIB
  5
5CD
330
17
100
AcDbEntity
  8
0
100
AcDbText
 10
2115.0
 20
6280.0
 30
0.0
 40
105.0
  1
PB1
  7
GYM
 11
2115.0
 21
6280.0
 31
0.0
100
AcDbAttribute
  2
KOD
 70
0
  0
ATTRIB
  5
5CE
330
17
100
AcDbEntity
  8
0
100
AcDbText
 10
2115.0
 20
6120.0
 30
0.0
 40
105.0
  1
P3
  7
GYM
 11
2115.0
 21
6120.0
 31
0.0
100
AcDbAttribute
  2
LINYE
 70
0
  0
SEQEND
  5
5CC
330
5CB
100
AcDbEntity
  8
E-KUVVET-PRIZ
  0
INSERT
  5
5CF
330
17
100
AcDbEntity
  8
E-KUVVET-PRIZ
100
AcDbBlockReference
 66
1
  2
E_PRIZ
 10
4700.0
 20
1020.0
 30
0.0
  0
ATTRIB
  5
5D1
330
17
100
AcDbEntity
  8
0
100
AcDbText
 10
4895.0
 20
1100.0
 30
0.0
 40
105.0
  1
PK1
  7
GYM
 11
4895.0
 21
1100.0
 31
0.0
100
AcDbAttribute
  2
KOD
 70
0
  0
ATTRIB
  5
5D2
330
17
100
AcDbEntity
  8
0
100
AcDbText
 10
4895.0
 20
940.0
 30
0.0
 40
105.0
  1
P4
  7
GYM
 11
4895.0
 21
940.0
 31
0.0
100
AcDbAttribute
  2
LINYE
 70
0
  0
SEQEND
  5
5D0
330
5CF
100
AcDbEntity
  8
E-KUVVET-PRIZ
  0
INSERT
  5
5D3
330
17
100
AcDbEntity
  8
E-KUVVET-PRIZ
100
AcDbBlockReference
 66
1
  2
E_PRIZ
 10
7300.0
 20
1020.0
 30
0.0
  0
ATTRIB
  5
5D5
330
17
100
AcDbEntity
  8
0
100
AcDbText
 10
7495.0
 20
1100.0
 30
0.0
 40
105.0
  1
PK2
  7
GYM
 11
7495.0
 21
1100.0
 31
0.0
100
AcDbAttribute
  2
KOD
 70
0
  0
ATTRIB
  5
5D6
330
17
100
AcDbEntity
  8
0
100
AcDbText
 10
7495.0
 20
940.0
 30
0.0
 40
105.0
  1
P4
  7
GYM
 11
7495.0
 21
940.0
 31
0.0
100
AcDbAttribute
  2
LINYE
 70
0
  0
SEQEND
  5
5D4
330
5D3
100
AcDbEntity
  8
E-KUVVET-PRIZ
  0
INSERT
  5
5D7
330
17
100
AcDbEntity
  8
E-KUVVET-PRIZ
100
AcDbBlockReference
 66
1
  2
E_PRIZ
 10
8620.0
 20
2620.0
 30
0.0
  0
ATTRIB
  5
5D9
330
17
100
AcDbEntity
  8
0
100
AcDbText
 10
8815.0
 20
2700.0
 30
0.0
 40
105.0
  1
PK3
  7
GYM
 11
8815.0
 21
2700.0
 31
0.0
100
AcDbAttribute
  2
KOD
 70
0
  0
ATTRIB
  5
5DA
330
17
100
AcDbEntity
  8
0
100
AcDbText
 10
8815.0
 20
2540.0
 30
0.0
 40
105.0
  1
P4
  7
GYM
 11
8815.0
 21
2540.0
 31
0.0
100
AcDbAttribute
  2
LINYE
 70
0
  0
SEQEND
  5
5D8
330
5D7
100
AcDbEntity
  8
E-KUVVET-PRIZ
  0
INSERT
  5
5DB
330
17
100
AcDbEntity
  8
E-KUVVET-PRIZ
100
AcDbBlockReference
 66
1
  2
E_PRIZ_IP44
 10
10483.0
 20
7547.0
 30
0.0
 50
98.1
  0
ATTRIB
  5
5DD
330
17
100
AcDbEntity
  8
0
100
AcDbText
 10
10374.913354835471
 20
7738.682751276888
 30
0.0
 40
105.0
  1
PI1
  7
GYM
 11
10374.913354835471
 21
7738.682751276888
 31
0.0
100
AcDbAttribute
  2
KOD
 70
0
  0
SEQEND
  5
5DC
330
5DB
100
AcDbEntity
  8
E-KUVVET-PRIZ
  0
INSERT
  5
5DE
330
17
100
AcDbEntity
  8
E-KUVVET-PRIZ
100
AcDbBlockReference
 66
1
  2
E_PRIZ_IP44
 10
11152.0
 20
2850.0
 30
0.0
 50
98.1
  0
ATTRIB
  5
5E0
330
17
100
AcDbEntity
  8
0
100
AcDbText
 10
11043.913354835471
 20
3041.6827512768878
 30
0.0
 40
105.0
  1
PI2
  7
GYM
 11
11043.913354835471
 21
3041.6827512768878
 31
0.0
100
AcDbAttribute
  2
KOD
 70
0
  0
SEQEND
  5
5DF
330
5DE
100
AcDbEntity
  8
E-KUVVET-PRIZ
  0
INSERT
  5
5E1
330
17
100
AcDbEntity
  8
E-KUVVET-CIHAZ
100
AcDbBlockReference
 66
1
  2
M_KLIMA_IC
 10
6850.0
 20
180.0
 30
0.0
  0
ATTRIB
  5
5E3
330
17
100
AcDbEntity
  8
0
100
AcDbText
 10
6850.0
 20
395.0
 30
0.0
 40
120.0
  1
K1
  7
GYM
 11
6850.0
 21
395.0
 31
0.0
100
AcDbAttribute
  2
KOD
 70
0
  0
ATTRIB
  5
5E4
330
17
100
AcDbEntity
  8
0
100
AcDbText
 10
6850.0
 20
-90.0
 30
0.0
 40
105.0
  1
1×16 A
  7
GYM
 11
6850.0
 21
-90.0
 31
0.0
100
AcDbAttribute
  2
KAPASITE
 70
0
  0
SEQEND
  5
5E2
330
5E1
100
AcDbEntity
  8
E-KUVVET-CIHAZ
  0
INSERT
  5
5E5
330
17
100
AcDbEntity
  8
E-KUVVET-CIHAZ
100
AcDbBlockReference
 66
1
  2
M_KLIMA_IC
 10
8354.0
 20
7012.0
 30
0.0
 50
98.7
  0
ATTRIB
  5
5E7
330
17
100
AcDbEntity
  8
0
100
AcDbText
 10
8141.473814336133
 20
6979.478923646848
 30
0.0
 40
120.0
  1
K2
  7
GYM
 11
8141.473814336133
 21
6979.478923646848
 31
0.0
100
AcDbAttribute
  2
KOD
 70
0
  0
ATTRIB
  5
5E8
330
17
100
AcDbEntity
  8
0
100
AcDbText
 10
8620.893349438345
 20
7052.840421466749
 30
0.0
 40
105.0
  1
1×16 A
  7
GYM
 11
8620.893349438345
 21
7052.840421466749
 31
0.0
100
AcDbAttribute
  2
KAPASITE
 70
0
  0
SEQEND
  5
5E6
330
5E5
100
AcDbEntity
  8
E-KUVVET-CIHAZ
  0
INSERT
  5
5E9
330
17
100
AcDbEntity
  8
E-KUVVET-CIHAZ
100
AcDbBlockReference
 66
1
  2
M_KLIMA_IC
 10
1239.0
 20
7338.0
 30
0.0
 50
281.1
  0
ATTRIB
  5
5EB
330
17
100
AcDbEntity
  8
0
100
AcDbText
 10
1449.9779227583326
 20
7379.392222803071
 30
0.0
 40
120.0
  1
K3
  7
GYM
 11
1449.9779227583326
 21
7379.392222803071
 31
0.0
100
AcDbAttribute
  2
KOD
 70
0
  0
ATTRIB
  5
5EC
330
17
100
AcDbEntity
  8
0
100
AcDbText
 10
974.0509807220938
 20
7286.019069038005
 30
0.0
 40
105.0
  1
1×16 A
  7
GYM
 11
974.0509807220938
 21
7286.019069038005
 31
0.0
100
AcDbAttribute
  2
KAPASITE
 70
0
  0
SEQEND
  5
5EA
330
5E9
100
AcDbEntity
  8
E-KUVVET-CIHAZ
  0
INSERT
  5
5ED
330
17
100
AcDbEntity
  8
E-KUVVET-CIHAZ
100
AcDbBlockReference
 66
1
  2
M_KLIMA_IC
 10
6982.0
 20
12456.0
 30
0.0
 50
186.9
  0
ATTRIB
  5
5EF
330
17
100
AcDbEntity
  8
0
100
AcDbText
 10
7007.829420349449
 20
12242.557171485169
 30
0.0
 40
120.0
  1
K4
  7
GYM
 11
7007.829420349449
 21
12242.557171485169
 31
0.0
100
AcDbAttribute
  2
KOD
 70
0
  0
ATTRIB
  5
5F0
330
17
100
AcDbEntity
  8
0
100
AcDbText
 10
6949.563053514646
 20
12724.044482320951
 30
0.0
 40
105.0
  1
1×16 A
  7
GYM
 11
6949.563053514646
 21
12724.044482320951
 31
0.0
100
AcDbAttribute
  2
KAPASITE
 70
0
  0
SEQEND
  5
5EE
330
5ED
100
AcDbEntity
  8
E-KUVVET-CIHAZ
  0
INSERT
  5
5F1
330
17
100
AcDbEntity
  8
E-KUVVET-CIHAZ
100
AcDbBlockReference
 66
1
  2
M_ISITICI
 10
10470.0
 20
7710.0
 30
0.0
 50
98.1
  0
ATTRIB
  5
5F3
330
17
100
AcDbEntity
  8
0
100
AcDbText
 10
10247.244677013774
 20
7678.297222814044
 30
0.0
 40
120.0
  1
SI-1
  7
GYM
 11
10247.244677013774
 21
7678.297222814044
 31
0.0
100
AcDbAttribute
  2
KOD
 70
0
  0
ATTRIB
  5
5F4
330
17
100
AcDbEntity
  8
0
100
AcDbText
 10
10752.156742449219
 20
7750.156851102211
 30
0.0
 40
105.0
  1
1×20 A
  7
GYM
 11
10752.156742449219
 21
7750.156851102211
 31
0.0
100
AcDbAttribute
  2
GUC
 70
0
  0
SEQEND
  5
5F2
330
5F1
100
AcDbEntity
  8
E-KUVVET-CIHAZ
  0
INSERT
  5
5F5
330
17
100
AcDbEntity
  8
E-KUVVET-CIHAZ
100
AcDbBlockReference
 66
1
  2
M_ISITICI
 10
10395.0
 20
1692.0
 30
0.0
 50
2.0
  0
ATTRIB
  5
5F7
330
17
100
AcDbEntity
  8
0
100
AcDbText
 10
10387.147613241938
 20
1916.8629360792966
 30
0.0
 40
120.0
  1
SI-2
  7
GYM
 11
10387.147613241938
 21
1916.8629360792966
 31
0.0
100
AcDbAttribute
  2
KOD
 70
0
  0
ATTRIB
  5
5F8
330
17
100
AcDbEntity
  8
0
100
AcDbText
 10
10404.946356560213
 20
1407.1736142995578
 30
0.0
 40
105.0
  1
1×20 A
  7
GYM
 11
10404.946356560213
 21
1407.1736142995578
 31
0.0
100
AcDbAttribute
  2
GUC
 70
0
  0
SEQEND
  5
5F6
330
5F5
100
AcDbEntity
  8
E-KUVVET-CIHAZ
  0
INSERT
  5
5F9
330
17
100
AcDbEntity
  8
E-KUVVET-CIHAZ
100
AcDbBlockReference
 66
1
  2
M_FAN
 10
1200.0
 20
7050.0
 30
0.0
 50
101.1
  0
ATTRIB
  5
5FB
330
17
100
AcDbEntity
  8
0
100
AcDbText
 10
993.9285405616286
 20
7009.570387029559
 30
0.0
 40
120.0
  1
F-TH
  7
GYM
 11
993.9285405616286
 21
7009.570387029559
 31
0.0
100
AcDbAttribute
  2
KOD
 70
0
  0
ATTRIB
  5
5FC
330
17
100
AcDbEntity
  8
0
100
AcDbText
 10
1464.9490192779062
 20
7101.980930961995
 30
0.0
 40
105.0
  1
1×10 A
  7
GYM
 11
1464.9490192779062
 21
7101.980930961995
 31
0.0
100
AcDbAttribute
  2
TANIM
 70
0
  0
SEQEND
  5
5FA
330
5F9
100
AcDbEntity
  8
E-KUVVET-CIHAZ
  0
INSERT
  5
5FD
330
17
100
AcDbEntity
  8
E-KUVVET-CIHAZ
100
AcDbBlockReference
 66
1
  2
M_FAN
 10
1250.0
 20
1950.0
 30
0.0
 50
95.9
  0
ATTRIB
  5
5FF
330
17
100
AcDbEntity
  8
0
100
AcDbText
 10
1041.1124084053934
 20
1928.4135672746781
 30
0.0
 40
120.0
  1
F-EG
  7
GYM
 11
1041.1124084053934
 21
1928.4135672746781
 31
0.0
100
AcDbAttribute
  2
KOD
 70
0
  0
ATTRIB
  5
600
330
17
100
AcDbEntity
  8
0
100
AcDbText
 10
1518.569760621637
 20
1977.7539849325567
 30
0.0
 40
105.0
  1
1×10 A
  7
GYM
 11
1518.569760621637
 21
1977.7539849325567
 31
0.0
100
AcDbAttribute
  2
TANIM
 70
0
  0
SEQEND
  5
5FE
330
5FD
100
AcDbEntity
  8
E-KUVVET-CIHAZ
  0
INSERT
  5
601
330
17
100
AcDbEntity
  8
E-KUVVET-CIHAZ
100
AcDbBlockReference
 66
1
  2
M_FAN
 10
9450.0
 20
5400.0
 30
0.0
 50
8.1
  0
ATTRIB
  5
603
330
17
100
AcDbEntity
  8
0
100
AcDbText
 10
9420.410741293108
 20
5607.904968120477
 30
0.0
 40
119.99999999999999
  1
F-IS
  7
GYM
 11
9420.410741293108
 21
5607.904968120477
 31
0.0
100
AcDbAttribute
  2
KOD
 70
0
  0
ATTRIB
  5
604
330
17
100
AcDbEntity
  8
0
100
AcDbText
 10
9488.043332623147
 20
5132.6936124165295
 30
0.0
 40
104.99999999999999
  1
1×10 A
  7
GYM
 11
9488.043332623147
 21
5132.6936124165295
 31
0.0
100
AcDbAttribute
  2
TANIM
 70
0
  0
SEQEND
  5
602
330
601
100
AcDbEntity
  8
E-KUVVET-CIHAZ
  0
INSERT
  5
605
330
17
100
AcDbEntity
  8
E-PANO
100
AcDbBlockReference
 66
1
  2
E_PANO
 10
2327.0
 20
8369.0
 30
0.0
 50
186.1
  0
ATTRIB
  5
607
330
17
100
AcDbEntity
  8
0
100
AcDbText
 10
2367.3803471077686
 20
7991.151581229382
 30
0.0
 40
120.0
  1
ADP
  7
GYM
 11
2367.3803471077686
 21
7991.151581229382
 31
0.0
100
AcDbAttribute
  2
KOD
 70
0
  0
ATTRIB
  5
608
330
17
100
AcDbEntity
  8
0
100
AcDbText
 10
2277.0558864719706
 20
8836.338833742606
 30
0.0
 40
105.0
  1
3×32 A · 22 linye
  7
GYM
 11
2277.0558864719706
 21
8836.338833742606
 31
0.0
100
AcDbAttribute
  2
TANIM
 70
0
  0
SEQEND
  5
606
330
605
100
AcDbEntity
  8
E-PANO
  0
LINE
  5
609
330
17
100
AcDbEntity
  8
E-ZAYIF-TAVA
100
AcDbLine
 10
2310.0
 20
8400.0
 30
0.0
 11
3110.0
 21
8400.0
 31
0.0
  0
LINE
  5
60A
330
17
100
AcDbEntity
  8
E-ZAYIF-TAVA
100
AcDbLine
 10
3110.0
 20
8400.0
 30
0.0
 11
5110.0
 21
8400.0
 31
0.0
  0
LINE
  5
60B
330
17
100
AcDbEntity
  8
E-ZAYIF-TAVA
100
AcDbLine
 10
5110.0
 20
8400.0
 30
0.0
 11
5110.0
 21
6900.0
 31
0.0
  0
LINE
  5
60C
330
17
100
AcDbEntity
  8
E-ZAYIF-TAVA
100
AcDbLine
 10
5110.0
 20
6900.0
 30
0.0
 11
4610.0
 21
6900.0
 31
0.0
  0
LINE
  5
60D
330
17
100
AcDbEntity
  8
E-ZAYIF-TAVA
100
AcDbLine
 10
4610.0
 20
6900.0
 30
0.0
 11
4610.0
 21
6100.0
 31
0.0
  0
LINE
  5
60E
330
17
100
AcDbEntity
  8
E-ZAYIF-TAVA
100
AcDbLine
 10
4610.0
 20
6100.0
 30
0.0
 11
1910.0
 21
6100.0
 31
0.0
  0
LINE
  5
60F
330
17
100
AcDbEntity
  8
E-ZAYIF-TAVA
100
AcDbLine
 10
1910.0
 20
6100.0
 30
0.0
 11
1910.0
 21
5500.0
 31
0.0
  0
LINE
  5
610
330
17
100
AcDbEntity
  8
E-ZAYIF-TAVA
100
AcDbLine
 10
1910.0
 20
5500.0
 30
0.0
 11
1910.0
 21
4600.0
 31
0.0
  0
LINE
  5
611
330
17
100
AcDbEntity
  8
E-ZAYIF-TAVA
100
AcDbLine
 10
1910.0
 20
4600.0
 30
0.0
 11
2310.0
 21
4600.0
 31
0.0
  0
LINE
  5
612
330
17
100
AcDbEntity
  8
E-ZAYIF-TAVA
100
AcDbLine
 10
2310.0
 20
4600.0
 30
0.0
 11
2310.0
 21
2200.0
 31
0.0
  0
LINE
  5
613
330
17
100
AcDbEntity
  8
E-ZAYIF-TAVA
100
AcDbLine
 10
2310.0
 20
2200.0
 30
0.0
 11
3610.0
 21
2200.0
 31
0.0
  0
LINE
  5
614
330
17
100
AcDbEntity
  8
E-ZAYIF-TAVA
100
AcDbLine
 10
3610.0
 20
2200.0
 30
0.0
 11
7310.0
 21
2200.0
 31
0.0
  0
LINE
  5
615
330
17
100
AcDbEntity
  8
E-ZAYIF-TAVA
100
AcDbLine
 10
7310.0
 20
2200.0
 30
0.0
 11
7310.0
 21
2000.0
 31
0.0
  0
LINE
  5
616
330
17
100
AcDbEntity
  8
E-ZAYIF-TAVA
100
AcDbLine
 10
7310.0
 20
2000.0
 30
0.0
 11
8710.0
 21
2000.0
 31
0.0
  0
LINE
  5
617
330
17
100
AcDbEntity
  8
E-ZAYIF-TAVA
100
AcDbLine
 10
8710.0
 20
2000.0
 30
0.0
 11
8710.0
 21
4900.0
 31
0.0
  0
LINE
  5
618
330
17
100
AcDbEntity
  8
E-ZAYIF-TAVA
100
AcDbLine
 10
8710.0
 20
4900.0
 30
0.0
 11
7810.0
 21
4900.0
 31
0.0
  0
LINE
  5
619
330
17
100
AcDbEntity
  8
E-ZAYIF-TAVA
100
AcDbLine
 10
7810.0
 20
4900.0
 30
0.0
 11
8510.0
 21
4900.0
 31
0.0
  0
LINE
  5
61A
330
17
100
AcDbEntity
  8
E-ZAYIF-TAVA
100
AcDbLine
 10
8510.0
 20
4900.0
 30
0.0
 11
8510.0
 21
6000.0
 31
0.0
  0
LINE
  5
61B
330
17
100
AcDbEntity
  8
E-ZAYIF-TAVA
100
AcDbLine
 10
8510.0
 20
6000.0
 30
0.0
 11
8510.0
 21
7200.0
 31
0.0
  0
LINE
  5
61C
330
17
100
AcDbEntity
  8
E-ZAYIF-TAVA
100
AcDbLine
 10
8510.0
 20
7200.0
 30
0.0
 11
8010.0
 21
7200.0
 31
0.0
  0
LINE
  5
61D
330
17
100
AcDbEntity
  8
E-ZAYIF-TAVA
100
AcDbLine
 10
8010.0
 20
7200.0
 30
0.0
 11
8010.0
 21
10300.0
 31
0.0
  0
LINE
  5
61E
330
17
100
AcDbEntity
  8
E-ZAYIF-TAVA
100
AcDbLine
 10
8010.0
 20
10300.0
 30
0.0
 11
7510.0
 21
10300.0
 31
0.0
  0
LINE
  5
61F
330
17
100
AcDbEntity
  8
E-ZAYIF-TAVA
100
AcDbLine
 10
7510.0
 20
10300.0
 30
0.0
 11
7510.0
 21
11300.0
 31
0.0
  0
LINE
  5
620
330
17
100
AcDbEntity
  8
E-ZAYIF-TAVA
100
AcDbLine
 10
7510.0
 20
11300.0
 30
0.0
 11
8310.0
 21
11300.0
 31
0.0
  0
LINE
  5
621
330
17
100
AcDbEntity
  8
E-ZAYIF-TAVA
100
AcDbLine
 10
8310.0
 20
11300.0
 30
0.0
 11
10010.0
 21
11300.0
 31
0.0
  0
LINE
  5
622
330
17
100
AcDbEntity
  8
E-ZAYIF-TAVA
100
AcDbLine
 10
10010.0
 20
11300.0
 30
0.0
 11
10010.0
 21
8900.0
 31
0.0
  0
LINE
  5
623
330
17
100
AcDbEntity
  8
E-ZAYIF-TAVA
100
AcDbLine
 10
10010.0
 20
8900.0
 30
0.0
 11
6510.0
 21
8900.0
 31
0.0
  0
LINE
  5
624
330
17
100
AcDbEntity
  8
E-ZAYIF-TAVA
100
AcDbLine
 10
6510.0
 20
8900.0
 30
0.0
 11
6510.0
 21
8500.0
 31
0.0
  0
LINE
  5
625
330
17
100
AcDbEntity
  8
E-ZAYIF-TAVA
100
AcDbLine
 10
6510.0
 20
8500.0
 30
0.0
 11
3010.0
 21
8500.0
 31
0.0
  0
LINE
  5
626
330
17
100
AcDbEntity
  8
E-ZAYIF-TAVA
100
AcDbLine
 10
3010.0
 20
8500.0
 30
0.0
 11
3010.0
 21
8100.0
 31
0.0
  0
LINE
  5
627
330
17
100
AcDbEntity
  8
E-ZAYIF-TAVA
100
AcDbLine
 10
3010.0
 20
8100.0
 30
0.0
 11
1310.0
 21
8100.0
 31
0.0
  0
LINE
  5
628
330
17
100
AcDbEntity
  8
E-ZAYIF-TAVA
100
AcDbLine
 10
1310.0
 20
8100.0
 30
0.0
 11
1310.0
 21
6700.0
 31
0.0
  0
LINE
  5
629
330
17
100
AcDbEntity
  8
E-ZAYIF-TAVA
100
AcDbLine
 10
1310.0
 20
6700.0
 30
0.0
 11
510.0
 21
6700.0
 31
0.0
  0
LINE
  5
62A
330
17
100
AcDbEntity
  8
E-ZAYIF-TAVA
100
AcDbLine
 10
510.0
 20
6700.0
 30
0.0
 11
510.0
 21
2900.0
 31
0.0
  0
LINE
  5
62B
330
17
100
AcDbEntity
  8
E-ZAYIF-TAVA
100
AcDbLine
 10
510.0
 20
2900.0
 30
0.0
 11
910.0
 21
2900.0
 31
0.0
  0
LINE
  5
62C
330
17
100
AcDbEntity
  8
E-ZAYIF-TAVA
100
AcDbLine
 10
910.0
 20
2900.0
 30
0.0
 11
910.0
 21
1700.0
 31
0.0
  0
LINE
  5
62D
330
17
100
AcDbEntity
  8
E-ZAYIF-TAVA
100
AcDbLine
 10
910.0
 20
1700.0
 30
0.0
 11
2610.0
 21
1700.0
 31
0.0
  0
LINE
  5
62E
330
17
100
AcDbEntity
  8
E-ZAYIF-TAVA
100
AcDbLine
 10
2610.0
 20
1700.0
 30
0.0
 11
2610.0
 21
1000.0
 31
0.0
  0
LINE
  5
62F
330
17
100
AcDbEntity
  8
E-ZAYIF-TAVA
100
AcDbLine
 10
2610.0
 20
1000.0
 30
0.0
 11
3210.0
 21
1000.0
 31
0.0
  0
LINE
  5
630
330
17
100
AcDbEntity
  8
E-ZAYIF-TAVA
100
AcDbLine
 10
3210.0
 20
1000.0
 30
0.0
 11
3210.0
 21
200.0
 31
0.0
  0
LINE
  5
631
330
17
100
AcDbEntity
  8
E-ZAYIF-TAVA
100
AcDbLine
 10
3210.0
 20
200.0
 30
0.0
 11
5610.0
 21
200.0
 31
0.0
  0
TEXT
  5
632
330
17
100
AcDbEntity
  8
E-YAZI
100
AcDbText
 10
510.0
 20
4920.0
 30
0.0
 40
150.0
  1
Z1 · U/UTP Cat6 + RG6 · kablo kanalı 50×50
 50
90.0
  7
GYM
 72
1
 11
510.0
 21
4920.0
 31
0.0
100
AcDbText
 73
2
  0
LINE
  5
633
330
17
100
AcDbEntity
  8
E-ZAYIF-LINYE
100
AcDbLine
 10
2310.0
 20
8400.0
 30
0.0
 11
2110.0
 21
8400.0
 31
0.0
  0
LINE
  5
634
330
17
100
AcDbEntity
  8
E-ZAYIF-LINYE
100
AcDbLine
 10
2110.0
 20
8400.0
 30
0.0
 11
2110.0
 21
8300.0
 31
0.0
  0
LINE
  5
635
330
17
100
AcDbEntity
  8
E-ZAYIF-LINYE
100
AcDbLine
 10
2110.0
 20
8300.0
 30
0.0
 11
1510.0
 21
8300.0
 31
0.0
  0
LINE
  5
636
330
17
100
AcDbEntity
  8
E-ZAYIF-LINYE
100
AcDbLine
 10
1510.0
 20
8300.0
 30
0.0
 11
1510.0
 21
5500.0
 31
0.0
  0
LINE
  5
637
330
17
100
AcDbEntity
  8
E-ZAYIF-LINYE
100
AcDbLine
 10
1510.0
 20
5500.0
 30
0.0
 11
2910.0
 21
5500.0
 31
0.0
  0
LINE
  5
638
330
17
100
AcDbEntity
  8
E-ZAYIF-LINYE
100
AcDbLine
 10
2910.0
 20
5500.0
 30
0.0
 11
5910.0
 21
5500.0
 31
0.0
  0
LINE
  5
639
330
17
100
AcDbEntity
  8
E-ZAYIF-LINYE
100
AcDbLine
 10
5910.0
 20
5500.0
 30
0.0
 11
5910.0
 21
7100.0
 31
0.0
  0
LINE
  5
63A
330
17
100
AcDbEntity
  8
E-ZAYIF-LINYE
100
AcDbLine
 10
5910.0
 20
7100.0
 30
0.0
 11
9010.0
 21
7100.0
 31
0.0
  0
LINE
  5
63B
330
17
100
AcDbEntity
  8
E-ZAYIF-LINYE
100
AcDbLine
 10
9010.0
 20
7100.0
 30
0.0
 11
9010.0
 21
6300.0
 31
0.0
  0
LINE
  5
63C
330
17
100
AcDbEntity
  8
E-ZAYIF-LINYE
100
AcDbLine
 10
9010.0
 20
6300.0
 30
0.0
 11
9810.0
 21
6300.0
 31
0.0
  0
LINE
  5
63D
330
17
100
AcDbEntity
  8
E-ZAYIF-LINYE
100
AcDbLine
 10
9810.0
 20
6300.0
 30
0.0
 11
8410.0
 21
6300.0
 31
0.0
  0
LINE
  5
63E
330
17
100
AcDbEntity
  8
E-ZAYIF-LINYE
100
AcDbLine
 10
8410.0
 20
6300.0
 30
0.0
 11
8410.0
 21
3900.0
 31
0.0
  0
LINE
  5
63F
330
17
100
AcDbEntity
  8
E-ZAYIF-LINYE
100
AcDbLine
 10
8410.0
 20
3900.0
 30
0.0
 11
7910.0
 21
3900.0
 31
0.0
  0
LINE
  5
640
330
17
100
AcDbEntity
  8
E-ZAYIF-LINYE
100
AcDbLine
 10
7910.0
 20
3900.0
 30
0.0
 11
8910.0
 21
3900.0
 31
0.0
  0
LINE
  5
641
330
17
100
AcDbEntity
  8
E-ZAYIF-LINYE
100
AcDbLine
 10
8910.0
 20
3900.0
 30
0.0
 11
8910.0
 21
500.0
 31
0.0
  0
LINE
  5
642
330
17
100
AcDbEntity
  8
E-ZAYIF-LINYE
100
AcDbLine
 10
8910.0
 20
500.0
 30
0.0
 11
4110.0
 21
500.0
 31
0.0
  0
LINE
  5
643
330
17
100
AcDbEntity
  8
E-ZAYIF-LINYE
100
AcDbLine
 10
4110.0
 20
500.0
 30
0.0
 11
4110.0
 21
1700.0
 31
0.0
  0
LINE
  5
644
330
17
100
AcDbEntity
  8
E-ZAYIF-LINYE
100
AcDbLine
 10
4110.0
 20
1700.0
 30
0.0
 11
4110.0
 21
200.0
 31
0.0
  0
LINE
  5
645
330
17
100
AcDbEntity
  8
E-ZAYIF-LINYE
100
AcDbLine
 10
4110.0
 20
200.0
 30
0.0
 11
3310.0
 21
200.0
 31
0.0
  0
LINE
  5
646
330
17
100
AcDbEntity
  8
E-ZAYIF-LINYE
100
AcDbLine
 10
3310.0
 20
200.0
 30
0.0
 11
3310.0
 21
900.0
 31
0.0
  0
LINE
  5
647
330
17
100
AcDbEntity
  8
E-ZAYIF-LINYE
100
AcDbLine
 10
3310.0
 20
900.0
 30
0.0
 11
2710.0
 21
900.0
 31
0.0
  0
LINE
  5
648
330
17
100
AcDbEntity
  8
E-ZAYIF-LINYE
100
AcDbLine
 10
2710.0
 20
900.0
 30
0.0
 11
2710.0
 21
1600.0
 31
0.0
  0
LINE
  5
649
330
17
100
AcDbEntity
  8
E-ZAYIF-LINYE
100
AcDbLine
 10
2710.0
 20
1600.0
 30
0.0
 11
2110.0
 21
1600.0
 31
0.0
  0
LINE
  5
64A
330
17
100
AcDbEntity
  8
E-ZAYIF-LINYE
100
AcDbLine
 10
2110.0
 20
1600.0
 30
0.0
 11
2110.0
 21
1700.0
 31
0.0
  0
LINE
  5
64B
330
17
100
AcDbEntity
  8
E-ZAYIF-LINYE
100
AcDbLine
 10
2110.0
 20
1700.0
 30
0.0
 11
710.0
 21
1700.0
 31
0.0
  0
LINE
  5
64C
330
17
100
AcDbEntity
  8
E-ZAYIF-LINYE
100
AcDbLine
 10
710.0
 20
1700.0
 30
0.0
 11
710.0
 21
3400.0
 31
0.0
  0
LINE
  5
64D
330
17
100
AcDbEntity
  8
E-ZAYIF-LINYE
100
AcDbLine
 10
710.0
 20
3400.0
 30
0.0
 11
510.0
 21
3400.0
 31
0.0
  0
LINE
  5
64E
330
17
100
AcDbEntity
  8
E-ZAYIF-LINYE
100
AcDbLine
 10
510.0
 20
3400.0
 30
0.0
 11
510.0
 21
6700.0
 31
0.0
  0
LINE
  5
64F
330
17
100
AcDbEntity
  8
E-ZAYIF-LINYE
100
AcDbLine
 10
510.0
 20
6700.0
 30
0.0
 11
1510.0
 21
6700.0
 31
0.0
  0
LINE
  5
650
330
17
100
AcDbEntity
  8
E-ZAYIF-LINYE
100
AcDbLine
 10
1510.0
 20
6700.0
 30
0.0
 11
1510.0
 21
8300.0
 31
0.0
  0
LINE
  5
651
330
17
100
AcDbEntity
  8
E-ZAYIF-LINYE
100
AcDbLine
 10
1510.0
 20
8300.0
 30
0.0
 11
6210.0
 21
8300.0
 31
0.0
  0
LINE
  5
652
330
17
100
AcDbEntity
  8
E-ZAYIF-LINYE
100
AcDbLine
 10
6210.0
 20
8300.0
 30
0.0
 11
6210.0
 21
8800.0
 31
0.0
  0
LINE
  5
653
330
17
100
AcDbEntity
  8
E-ZAYIF-LINYE
100
AcDbLine
 10
6210.0
 20
8800.0
 30
0.0
 11
6510.0
 21
8800.0
 31
0.0
  0
LINE
  5
654
330
17
100
AcDbEntity
  8
E-ZAYIF-LINYE
100
AcDbLine
 10
6510.0
 20
8800.0
 30
0.0
 11
6510.0
 21
11400.0
 31
0.0
  0
LINE
  5
655
330
17
100
AcDbEntity
  8
E-ZAYIF-LINYE
100
AcDbLine
 10
6510.0
 20
11400.0
 30
0.0
 11
7210.0
 21
11400.0
 31
0.0
  0
LINE
  5
656
330
17
100
AcDbEntity
  8
E-ZAYIF-LINYE
100
AcDbLine
 10
7210.0
 20
11400.0
 30
0.0
 11
6510.0
 21
11400.0
 31
0.0
  0
LINE
  5
657
330
17
100
AcDbEntity
  8
E-ZAYIF-LINYE
100
AcDbLine
 10
6510.0
 20
11400.0
 30
0.0
 11
6510.0
 21
8500.0
 31
0.0
  0
LINE
  5
658
330
17
100
AcDbEntity
  8
E-ZAYIF-LINYE
100
AcDbLine
 10
6510.0
 20
8500.0
 30
0.0
 11
3010.0
 21
8500.0
 31
0.0
  0
LINE
  5
659
330
17
100
AcDbEntity
  8
E-ZAYIF-LINYE
100
AcDbLine
 10
3010.0
 20
8500.0
 30
0.0
 11
3010.0
 21
8400.0
 31
0.0
  0
LINE
  5
65A
330
17
100
AcDbEntity
  8
E-ZAYIF-LINYE
100
AcDbLine
 10
3010.0
 20
8400.0
 30
0.0
 11
2310.0
 21
8400.0
 31
0.0
  0
TEXT
  5
65B
330
17
100
AcDbEntity
  8
E-YAZI
100
AcDbText
 10
6510.0
 20
620.0
 30
0.0
 40
150.0
  1
Z2 · JE-H(St)H 2×2×0,8 (FE180/E30) · yangın algılama çevrimi
  7
GYM
 72
1
 11
6510.0
 21
620.0
 31
0.0
100
AcDbText
 73
2
  0
INSERT
  5
65C
330
17
100
AcDbEntity
  8
E-ZAYIF-KAMERA
100
AcDbBlockReference
 66
1
  2
E_KAMERA
 10
540.0
 20
6723.0
 30
0.0
 50
274.6
  0
ATTRIB
  5
65E
330
17
100
AcDbEntity
  8
0
100
AcDbText
 10
749.323564475812
 20
6739.841774109061
 30
0.0
 40
105.0
  1
C1
  7
GYM
 11
749.323564475812
 21
6739.841774109061
 31
0.0
100
AcDbAttribute
  2
KOD
 70
0
  0
SEQEND
  5
65D
330
65C
100
AcDbEntity
  8
E-ZAYIF-KAMERA
  0
INSERT
  5
65F
330
17
100
AcDbEntity
  8
E-ZAYIF-KAMERA
100
AcDbBlockReference
 66
1
  2
E_KAMERA
 10
3061.0
 20
8447.0
 30
0.0
 50
276.1
  0
ATTRIB
  5
661
330
17
100
AcDbEntity
  8
0
100
AcDbText
 10
3269.810968267973
 20
8469.31545498061
 30
0.0
 40
104.99999999999999
  1
C2
  7
GYM
 11
3269.810968267973
 21
8469.31545498061
 31
0.0
100
AcDbAttribute
  2
KOD
 70
0
  0
SEQEND
  5
660
330
65F
100
AcDbEntity
  8
E-ZAYIF-KAMERA
  0
INSERT
  5
662
330
17
100
AcDbEntity
  8
E-ZAYIF-KAMERA
100
AcDbBlockReference
 66
1
  2
E_KAMERA
 10
8526.0
 20
6016.0
 30
0.0
 50
8.1
  0
ATTRIB
  5
664
330
17
100
AcDbEntity
  8
0
100
AcDbText
 10
8496.410741293108
 20
6223.904968120477
 30
0.0
 40
104.99999999999999
  1
C3
  7
GYM
 11
8496.410741293108
 21
6223.904968120477
 31
0.0
100
AcDbAttribute
  2
KOD
 70
0
  0
SEQEND
  5
663
330
662
100
AcDbEntity
  8
E-ZAYIF-KAMERA
  0
INSERT
  5
665
330
17
100
AcDbEntity
  8
E-ZAYIF-KAMERA
100
AcDbBlockReference
 66
1
  2
E_KAMERA
 10
5600.0
 20
160.0
 30
0.0
 50
90.0
  0
ATTRIB
  5
667
330
17
100
AcDbEntity
  8
0
100
AcDbText
 10
5390.0
 20
160.0
 30
0.0
 40
105.0
  1
C4
  7
GYM
 11
5390.0
 21
160.0
 31
0.0
100
AcDbAttribute
  2
KOD
 70
0
  0
SEQEND
  5
666
330
665
100
AcDbEntity
  8
E-ZAYIF-KAMERA
  0
INSERT
  5
668
330
17
100
AcDbEntity
  8
E-ZAYIF-KAMERA
100
AcDbBlockReference
 66
1
  2
E_KAMERA
 10
9973.0
 20
11253.0
 30
0.0
 50
188.2
  0
ATTRIB
  5
66A
330
17
100
AcDbEntity
  8
0
100
AcDbText
 10
10002.952076078158
 20
11045.146991509364
 30
0.0
 40
105.0
  1
C5
  7
GYM
 11
10002.952076078158
 21
11045.146991509364
 31
0.0
100
AcDbAttribute
  2
KOD
 70
0
  0
SEQEND
  5
669
330
668
100
AcDbEntity
  8
E-ZAYIF-KAMERA
  0
INSERT
  5
66B
330
17
100
AcDbEntity
  8
E-ZAYIF-SES
100
AcDbBlockReference
 66
1
  2
E_HOPARLOR
 10
2300.0
 20
4600.0
 30
0.0
  0
ATTRIB
  5
66D
330
17
100
AcDbEntity
  8
0
100
AcDbText
 10
2300.0
 20
4930.0
 30
0.0
 40
105.0
  1
H1
  7
GYM
 11
2300.0
 21
4930.0
 31
0.0
100
AcDbAttribute
  2
KOD
 70
0
  0
SEQEND
  5
66C
330
66B
100
AcDbEntity
  8
E-ZAYIF-SES
  0
INSERT
  5
66E
330
17
100
AcDbEntity
  8
E-ZAYIF-SES
100
AcDbBlockReference
 66
1
  2
E_HOPARLOR
 10
5100.0
 20
6950.0
 30
0.0
  0
ATTRIB
  5
670
330
17
100
AcDbEntity
  8
0
100
AcDbText
 10
5100.0
 20
7280.0
 30
0.0
 40
105.0
  1
H2
  7
GYM
 11
5100.0
 21
7280.0
 31
0.0
100
AcDbAttribute
  2
KOD
 70
0
  0
SEQEND
  5
66F
330
66E
100
AcDbEntity
  8
E-ZAYIF-SES
  0
INSERT
  5
671
330
17
100
AcDbEntity
  8
E-ZAYIF-SES
100
AcDbBlockReference
 66
1
  2
E_HOPARLOR
 10
7850.0
 20
4950.0
 30
0.0
  0
ATTRIB
  5
673
330
17
100
AcDbEntity
  8
0
100
AcDbText
 10
7850.0
 20
5280.0
 30
0.0
 40
105.0
  1
H3
  7
GYM
 11
7850.0
 21
5280.0
 31
0.0
100
AcDbAttribute
  2
KOD
 70
0
  0
SEQEND
  5
672
330
671
100
AcDbEntity
  8
E-ZAYIF-SES
  0
INSERT
  5
674
330
17
100
AcDbEntity
  8
E-ZAYIF-SES
100
AcDbBlockReference
 66
1
  2
E_HOPARLOR
 10
3600.0
 20
2200.0
 30
0.0
  0
ATTRIB
  5
676
330
17
100
AcDbEntity
  8
0
100
AcDbText
 10
3600.0
 20
2530.0
 30
0.0
 40
105.0
  1
H4
  7
GYM
 11
3600.0
 21
2530.0
 31
0.0
100
AcDbAttribute
  2
KOD
 70
0
  0
SEQEND
  5
675
330
674
100
AcDbEntity
  8
E-ZAYIF-SES
  0
INSERT
  5
677
330
17
100
AcDbEntity
  8
E-ZAYIF-SES
100
AcDbBlockReference
 66
1
  2
E_HOPARLOR
 10
7350.0
 20
2050.0
 30
0.0
  0
ATTRIB
  5
679
330
17
100
AcDbEntity
  8
0
100
AcDbText
 10
7350.0
 20
2380.0
 30
0.0
 40
105.0
  1
H5
  7
GYM
 11
7350.0
 21
2380.0
 31
0.0
100
AcDbAttribute
  2
KOD
 70
0
  0
SEQEND
  5
678
330
677
100
AcDbEntity
  8
E-ZAYIF-SES
  0
INSERT
  5
67A
330
17
100
AcDbEntity
  8
E-ZAYIF-SES
100
AcDbBlockReference
 66
1
  2
E_HOPARLOR
 10
8350.0
 20
11350.0
 30
0.0
  0
ATTRIB
  5
67C
330
17
100
AcDbEntity
  8
0
100
AcDbText
 10
8350.0
 20
11680.0
 30
0.0
 40
105.0
  1
H6
  7
GYM
 11
8350.0
 21
11680.0
 31
0.0
100
AcDbAttribute
  2
KOD
 70
0
  0
SEQEND
  5
67B
330
67A
100
AcDbEntity
  8
E-ZAYIF-SES
  0
INSERT
  5
67D
330
17
100
AcDbEntity
  8
E-ZAYIF-VERI
100
AcDbBlockReference
 66
1
  2
E_VERI
 10
1920.0
 20
6050.0
 30
0.0
  0
ATTRIB
  5
67F
330
17
100
AcDbEntity
  8
0
100
AcDbText
 10
1920.0
 20
6280.0
 30
0.0
 40
105.0
  1
D1
  7
GYM
 11
1920.0
 21
6280.0
 31
0.0
100
AcDbAttribute
  2
KOD
 70
0
  0
SEQEND
  5
67E
330
67D
100
AcDbEntity
  8
E-ZAYIF-VERI
  0
INSERT
  5
680
330
17
100
AcDbEntity
  8
E-ZAYIF-VERI
100
AcDbBlockReference
 66
1
  2
E_VERI
 10
1920.0
 20
5550.0
 30
0.0
  0
ATTRIB
  5
682
330
17
100
AcDbEntity
  8
0
100
AcDbText
 10
1920.0
 20
5780.0
 30
0.0
 40
105.0
  1
D2
  7
GYM
 11
1920.0
 21
5780.0
 31
0.0
100
AcDbAttribute
  2
KOD
 70
0
  0
SEQEND
  5
681
330
680
100
AcDbEntity
  8
E-ZAYIF-VERI
  0
INSERT
  5
683
330
17
100
AcDbEntity
  8
E-ZAYIF-VERI
100
AcDbBlockReference
 66
1
  2
E_VERI
 10
4600.0
 20
6100.0
 30
0.0
  0
ATTRIB
  5
685
330
17
100
AcDbEntity
  8
0
100
AcDbText
 10
4600.0
 20
6330.0
 30
0.0
 40
105.0
  1
AP1
  7
GYM
 11
4600.0
 21
6330.0
 31
0.0
100
AcDbAttribute
  2
KOD
 70
0
  0
SEQEND
  5
684
330
683
100
AcDbEntity
  8
E-ZAYIF-VERI
  0
INSERT
  5
686
330
17
100
AcDbEntity
  8
E-ZAYIF-VERI
100
AcDbBlockReference
 66
1
  2
E_VERI
 10
7550.0
 20
10350.0
 30
0.0
  0
ATTRIB
  5
688
330
17
100
AcDbEntity
  8
0
100
AcDbText
 10
7550.0
 20
10580.0
 30
0.0
 40
105.0
  1
AP2
  7
GYM
 11
7550.0
 21
10580.0
 31
0.0
100
AcDbAttribute
  2
KOD
 70
0
  0
SEQEND
  5
687
330
686
100
AcDbEntity
  8
E-ZAYIF-VERI
  0
INSERT
  5
689
330
17
100
AcDbEntity
  8
E-ZAYIF-YANGIN
100
AcDbBlockReference
 66
1
  2
E_DEDEKTOR
 10
2950.0
 20
5550.0
 30
0.0
  0
ATTRIB
  5
68B
330
17
100
AcDbEntity
  8
0
100
AcDbText
 10
2950.0
 20
5790.0
 30
0.0
 40
105.0
  1
Y1
  7
GYM
 11
2950.0
 21
5790.0
 31
0.0
100
AcDbAttribute
  2
KOD
 70
0
  0
SEQEND
  5
68A
330
689
100
AcDbEntity
  8
E-ZAYIF-YANGIN
  0
INSERT
  5
68C
330
17
100
AcDbEntity
  8
E-ZAYIF-YANGIN
100
AcDbBlockReference
 66
1
  2
E_DEDEKTOR
 10
5900.0
 20
7050.0
 30
0.0
  0
ATTRIB
  5
68E
330
17
100
AcDbEntity
  8
0
100
AcDbText
 10
5900.0
 20
7290.0
 30
0.0
 40
105.0
  1
Y2
  7
GYM
 11
5900.0
 21
7290.0
 31
0.0
100
AcDbAttribute
  2
KOD
 70
0
  0
SEQEND
  5
68D
330
68C
100
AcDbEntity
  8
E-ZAYIF-YANGIN
  0
INSERT
  5
68F
330
17
100
AcDbEntity
  8
E-ZAYIF-YANGIN
100
AcDbBlockReference
 66
1
  2
E_DEDEKTOR
 10
7950.0
 20
3850.0
 30
0.0
  0
ATTRIB
  5
691
330
17
100
AcDbEntity
  8
0
100
AcDbText
 10
7950.0
 20
4090.0
 30
0.0
 40
105.0
  1
Y3
  7
GYM
 11
7950.0
 21
4090.0
 31
0.0
100
AcDbAttribute
  2
KOD
 70
0
  0
SEQEND
  5
690
330
68F
100
AcDbEntity
  8
E-ZAYIF-YANGIN
  0
INSERT
  5
692
330
17
100
AcDbEntity
  8
E-ZAYIF-YANGIN
100
AcDbBlockReference
 66
1
  2
E_DEDEKTOR
 10
4100.0
 20
1700.0
 30
0.0
  0
ATTRIB
  5
694
330
17
100
AcDbEntity
  8
0
100
AcDbText
 10
4100.0
 20
1940.0
 30
0.0
 40
105.0
  1
Y4
  7
GYM
 11
4100.0
 21
1940.0
 31
0.0
100
AcDbAttribute
  2
KOD
 70
0
  0
SEQEND
  5
693
330
692
100
AcDbEntity
  8
E-ZAYIF-YANGIN
  0
INSERT
  5
695
330
17
100
AcDbEntity
  8
E-ZAYIF-YANGIN
100
AcDbBlockReference
 66
1
  2
E_DEDEKTOR
 10
7200.0
 20
11450.0
 30
0.0
  0
ATTRIB
  5
697
330
17
100
AcDbEntity
  8
0
100
AcDbText
 10
7200.0
 20
11690.0
 30
0.0
 40
105.0
  1
Y5
  7
GYM
 11
7200.0
 21
11690.0
 31
0.0
100
AcDbAttribute
  2
KOD
 70
0
  0
SEQEND
  5
696
330
695
100
AcDbEntity
  8
E-ZAYIF-YANGIN
  0
INSERT
  5
698
330
17
100
AcDbEntity
  8
E-ZAYIF-YANGIN
100
AcDbBlockReference
 66
1
  2
E_DEDEKTOR
 10
9850.0
 20
6350.0
 30
0.0
  0
ATTRIB
  5
69A
330
17
100
AcDbEntity
  8
0
100
AcDbText
 10
9850.0
 20
6590.0
 30
0.0
 40
105.0
  1
Y6
  7
GYM
 11
9850.0
 21
6590.0
 31
0.0
100
AcDbAttribute
  2
KOD
 70
0
  0
SEQEND
  5
699
330
698
100
AcDbEntity
  8
E-ZAYIF-YANGIN
  0
INSERT
  5
69B
330
17
100
AcDbEntity
  8
E-ZAYIF-YANGIN
100
AcDbBlockReference
 66
1
  2
E_YANGIN_BUTON
 10
517.0
 20
3403.0
 30
0.0
 50
275.9
  0
ATTRIB
  5
69D
330
17
100
AcDbEntity
  8
0
100
AcDbText
 10
745.7816479369501
 20
3426.6422834610667
 30
0.0
 40
105.0
  1
YB1
  7
GYM
 11
745.7816479369501
 21
3426.6422834610667
 31
0.0
100
AcDbAttribute
  2
KOD
 70
0
  0
SEQEND
  5
69C
330
69B
100
AcDbEntity
  8
E-ZAYIF-YANGIN
  0
INSERT
  5
69E
330
17
100
AcDbEntity
  8
E-ZAYIF-YANGIN
100
AcDbBlockReference
 66
1
  2
E_YANGIN_BUTON
 10
3289.0
 20
194.0
 30
0.0
 50
309.5
  0
ATTRIB
  5
6A0
330
17
100
AcDbEntity
  8
0
100
AcDbText
 10
3466.473654179176
 20
340.2979906638856
 30
0.0
 40
105.0
  1
YB2
  7
GYM
 11
3466.473654179176
 21
340.2979906638856
 31
0.0
100
AcDbAttribute
  2
KOD
 70
0
  0
SEQEND
  5
69F
330
69E
100
AcDbEntity
  8
E-ZAYIF-YANGIN
  0
INSERT
  5
6A1
330
17
100
AcDbEntity
  8
E-ZAYIF-YANGIN
100
AcDbBlockReference
 66
1
  2
E_YANGIN_BUTON
 10
1551.0
 20
8286.0
 30
0.0
 50
186.1
  0
ATTRIB
  5
6A3
330
17
100
AcDbEntity
  8
0
100
AcDbText
 10
1575.4407364073336
 20
8057.302272849363
 30
0.0
 40
105.0
  1
SR1
  7
GYM
 11
1575.4407364073336
 21
8057.302272849363
 31
0.0
100
AcDbAttribute
  2
KOD
 70
0
  0
SEQEND
  5
6A2
330
6A1
100
AcDbEntity
  8
E-ZAYIF-YANGIN
  0
TEXT
  5
6A4
330
17
100
AcDbEntity
  8
E-YAZI
100
AcDbText
 10
9661.942900343767
 20
6242.0
 30
0.0
 40
180.0
  1
KAMERA YOK
  7
GYM-B
 72
1
 11
9661.942900343767
 21
6242.0
 31
0.0
100
AcDbText
 73
2
  0
TEXT
  5
6A5
330
17
100
AcDbEntity
  8
E-YAZI
100
AcDbText
 10
10184.246698747831
 20
2578.0
 30
0.0
 40
180.0
  1
KAMERA YOK
  7
GYM-B
 72
1
 11
10184.246698747831
 21
2578.0
 31
0.0
100
AcDbText
 73
2
  0
INSERT
  5
6A6
330
17
100
AcDbEntity
  8
E-PANO
100
AcDbBlockReference
 66
1
  2
E_PANO
 10
2327.0
 20
8369.0
 30
0.0
 50
186.1
  0
ATTRIB
  5
6A8
330
17
100
AcDbEntity
  8
0
100
AcDbText
 10
2367.3803471077686
 20
7991.151581229382
 30
0.0
 40
120.0
  1
ADP
  7
GYM
 11
2367.3803471077686
 21
7991.151581229382
 31
0.0
100
AcDbAttribute
  2
KOD
 70
0
  0
ATTRIB
  5
6A9
330
17
100
AcDbEntity
  8
0
100
AcDbText
 10
2277.0558864719706
 20
8836.338833742606
 30
0.0
 40
105.0
  1
3×32 A · 22 linye
  7
GYM
 11
2277.0558864719706
 21
8836.338833742606
 31
0.0
100
AcDbAttribute
  2
TANIM
 70
0
  0
SEQEND
  5
6A7
330
6A6
100
AcDbEntity
  8
E-PANO
  0
LWPOLYLINE
  5
6AA
330
17
100
AcDbEntity
  8
E-TOPRAK-SERIT
100
AcDbPolyline
 90
4
 70
0
 10
11950.0
 20
10300.0
 10
11950.0
 20
7300.0
 10
11950.0
 20
4300.0
 10
11950.0
 20
1300.0
  0
CIRCLE
  5
6AB
330
17
100
AcDbEntity
  8
E-TOPRAK-ELEKTROT
100
AcDbCircle
 10
11950.0
 20
10300.0
 30
0.0
 40
200.0
  0
LINE
  5
6AC
330
17
100
AcDbEntity
  8
E-TOPRAK-ELEKTROT
100
AcDbLine
 10
11950.0
 20
10160.0
 30
0.0
 11
11950.0
 21
10440.000000000002
 31
0.0
  0
LINE
  5
6AD
330
17
100
AcDbEntity
  8
E-TOPRAK-ELEKTROT
100
AcDbLine
 10
11840.0
 20
10160.0
 30
0.0
 11
12059.999999999998
 21
10160.0
 31
0.0
  0
LINE
  5
6AE
330
17
100
AcDbEntity
  8
E-TOPRAK-ELEKTROT
100
AcDbLine
 10
11879.999999999998
 20
10090.0
 30
0.0
 11
12020.0
 21
10090.0
 31
0.0
  0
TEXT
  5
6AF
330
17
100
AcDbEntity
  8
E-TOPRAK-YAZI
100
AcDbText
 10
12250.0
 20
10300.0
 30
0.0
 40
170.0
  1
TE-1
  7
GYM-B
 72
1
 11
12250.0
 21
10300.0
 31
0.0
100
AcDbText
 73
2
  0
CIRCLE
  5
6B0
330
17
100
AcDbEntity
  8
E-TOPRAK-ELEKTROT
100
AcDbCircle
 10
11950.0
 20
7300.0
 30
0.0
 40
200.0
  0
LINE
  5
6B1
330
17
100
AcDbEntity
  8
E-TOPRAK-ELEKTROT
100
AcDbLine
 10
11950.0
 20
7160.0
 30
0.0
 11
11950.0
 21
7439.999999999999
 31
0.0
  0
LINE
  5
6B2
330
17
100
AcDbEntity
  8
E-TOPRAK-ELEKTROT
100
AcDbLine
 10
11840.0
 20
7160.0
 30
0.0
 11
12059.999999999998
 21
7160.0
 31
0.0
  0
LINE
  5
6B3
330
17
100
AcDbEntity
  8
E-TOPRAK-ELEKTROT
100
AcDbLine
 10
11879.999999999998
 20
7090.0
 30
0.0
 11
12020.0
 21
7090.0
 31
0.0
  0
TEXT
  5
6B4
330
17
100
AcDbEntity
  8
E-TOPRAK-YAZI
100
AcDbText
 10
12250.0
 20
7300.0
 30
0.0
 40
170.0
  1
TE-2
  7
GYM-B
 72
1
 11
12250.0
 21
7300.0
 31
0.0
100
AcDbText
 73
2
  0
CIRCLE
  5
6B5
330
17
100
AcDbEntity
  8
E-TOPRAK-ELEKTROT
100
AcDbCircle
 10
11950.0
 20
4300.0
 30
0.0
 40
200.0
  0
LINE
  5
6B6
330
17
100
AcDbEntity
  8
E-TOPRAK-ELEKTROT
100
AcDbLine
 10
11950.0
 20
4160.0
 30
0.0
 11
11950.0
 21
4439.999999999999
 31
0.0
  0
LINE
  5
6B7
330
17
100
AcDbEntity
  8
E-TOPRAK-ELEKTROT
100
AcDbLine
 10
11840.0
 20
4160.0
 30
0.0
 11
12059.999999999998
 21
4160.0
 31
0.0
  0
LINE
  5
6B8
330
17
100
AcDbEntity
  8
E-TOPRAK-ELEKTROT
100
AcDbLine
 10
11879.999999999998
 20
4090.0
 30
0.0
 11
12020.0
 21
4090.0
 31
0.0
  0
TEXT
  5
6B9
330
17
100
AcDbEntity
  8
E-TOPRAK-YAZI
100
AcDbText
 10
12250.0
 20
4300.0
 30
0.0
 40
170.0
  1
TE-3
  7
GYM-B
 72
1
 11
12250.0
 21
4300.0
 31
0.0
100
AcDbText
 73
2
  0
CIRCLE
  5
6BA
330
17
100
AcDbEntity
  8
E-TOPRAK-ELEKTROT
100
AcDbCircle
 10
11950.0
 20
1300.0
 30
0.0
 40
200.0
  0
LINE
  5
6BB
330
17
100
AcDbEntity
  8
E-TOPRAK-ELEKTROT
100
AcDbLine
 10
11950.0
 20
1160.0000000000002
 30
0.0
 11
11950.0
 21
1440.0
 31
0.0
  0
LINE
  5
6BC
330
17
100
AcDbEntity
  8
E-TOPRAK-ELEKTROT
100
AcDbLine
 10
11840.0
 20
1160.0000000000002
 30
0.0
 11
12059.999999999998
 21
1160.0000000000002
 31
0.0
  0
LINE
  5
6BD
330
17
100
AcDbEntity
  8
E-TOPRAK-ELEKTROT
100
AcDbLine
 10
11879.999999999998
 20
1090.0
 30
0.0
 11
12020.0
 21
1090.0
 31
0.0
  0
TEXT
  5
6BE
330
17
100
AcDbEntity
  8
E-TOPRAK-YAZI
100
AcDbText
 10
12250.0
 20
1300.0
 30
0.0
 40
170.0
  1
TE-4
  7
GYM-B
 72
1
 11
12250.0
 21
1300.0
 31
0.0
100
AcDbText
 73
2
  0
LINE
  5
6BF
330
17
100
AcDbEntity
  8
E-TOPRAK-ILETKEN
100
AcDbLine
 10
11950.0
 20
7300.0
 30
0.0
 11
10610.0
 21
7000.0
 31
0.0
  0
LWPOLYLINE
  5
6C0
330
17
100
AcDbEntity
  8
E-TOPRAK-ILETKEN
100
AcDbPolyline
 90
8
 70
0
 10
10610.0
 20
7000.0
 10
10510.0
 20
7000.0
 10
10510.0
 20
6900.0
 10
8010.0
 20
6900.0
 10
8010.0
 20
8500.0
 10
3010.0
 20
8500.0
 10
3010.0
 20
7700.0
 10
2910.0
 20
7700.0
  0
LWPOLYLINE
  5
6C1
330
17
100
AcDbEntity
  8
E-TOPRAK-ILETKEN
100
AcDbPolyline
 90
5
 70
0
 10
2910.0
 20
7700.0
 10
2910.0
 20
8400.0
 10
8210.0
 20
8400.0
 10
8210.0
 20
6900.0
 10
9610.0
 20
6900.0
  0
LWPOLYLINE
  5
6C2
330
17
100
AcDbEntity
  8
E-TOPRAK-BARA
100
AcDbPolyline
 90
4
 70
1
 10
9320.0
 20
6820.0
 10
9879.999999999998
 20
6820.0
 10
9879.999999999998
 20
7080.0
 10
9320.0
 20
7080.0
  0
TEXT
  5
6C3
330
17
100
AcDbEntity
  8
E-TOPRAK-YAZI
100
AcDbText
 10
9600.0
 20
6950.0
 30
0.0
 40
150.0
  1
EPDB-1
  7
GYM-B
 72
1
 11
9600.0
 21
6950.0
 31
0.0
100
AcDbText
 73
2
  0
LWPOLYLINE
  5
6C4
330
17
100
AcDbEntity
  8
E-TOPRAK-ILETKEN
100
AcDbPolyline
 90
7
 70
0
 10
2910.0
 20
7700.0
 10
2910.0
 20
8400.0
 10
8210.0
 20
8400.0
 10
8210.0
 20
4700.0
 10
8710.0
 20
4700.0
 10
8710.0
 20
2300.0
 10
10010.0
 20
2300.0
  0
LWPOLYLINE
  5
6C5
330
17
100
AcDbEntity
  8
E-TOPRAK-BARA
100
AcDbPolyline
 90
4
 70
1
 10
9770.000000000002
 20
2220.0
 10
10330.0
 20
2220.0
 10
10330.0
 20
2480.0
 10
9770.000000000002
 20
2480.0
  0
TEXT
  5
6C6
330
17
100
AcDbEntity
  8
E-TOPRAK-YAZI
100
AcDbText
 10
10050.0
 20
2350.0
 30
0.0
 40
150.0
  1
EPDB-2
  7
GYM-B
 72
1
 11
10050.0
 21
2350.0
 31
0.0
100
AcDbText
 73
2
  0
LWPOLYLINE
  5
6C7
330
17
100
AcDbEntity
  8
E-TOPRAK-BARA
100
AcDbPolyline
 90
4
 70
1
 10
2570.0000000000005
 20
7540.0
 10
3330.0
 20
7540.0
 10
3330.0
 20
7860.0
 10
2570.0000000000005
 20
7860.0
  0
TEXT
  5
6C8
330
17
100
AcDbEntity
  8
E-TOPRAK-YAZI
100
AcDbText
 10
2950.0
 20
7700.0
 30
0.0
 40
180.0
  1
ATB
  7
GYM-B
 72
1
 11
2950.0
 21
7700.0
 31
0.0
100
AcDbText
 73
2
  0
TEXT
  5
6C9
330
17
100
AcDbEntity
  8
E-TOPRAK-YAZI
100
AcDbText
 10
2950.0
 20
7300.0
 30
0.0
 40
150.0
  1
Ra = 15,5 Ω ≤ 20 Ω
  7
GYM
 72
1
 11
2950.0
 21
7300.0
 31
0.0
100
AcDbText
 73
2
  0
INSERT
  5
6CA
330
17
100
AcDbEntity
  8
E-PANO
100
AcDbBlockReference
 66
1
  2
E_PANO
 10
2327.0
 20
8369.0
 30
0.0
 50
186.1
  0
ATTRIB
  5
6CC
330
17
100
AcDbEntity
  8
0
100
AcDbText
 10
2367.3803471077686
 20
7991.151581229382
 30
0.0
 40
120.0
  1
ADP
  7
GYM
 11
2367.3803471077686
 21
7991.151581229382
 31
0.0
100
AcDbAttribute
  2
KOD
 70
0
  0
ATTRIB
  5
6CD
330
17
100
AcDbEntity
  8
0
100
AcDbText
 10
2277.0558864719706
 20
8836.338833742606
 30
0.0
 40
105.0
  1
3×32 A · 22 linye
  7
GYM
 11
2277.0558864719706
 21
8836.338833742606
 31
0.0
100
AcDbAttribute
  2
TANIM
 70
0
  0
SEQEND
  5
6CB
330
6CA
100
AcDbEntity
  8
E-PANO
  0
VIEWPORT
  5
6D2
330
6CE
100
AcDbEntity
 67
1
  8
VIEWPORTS
100
AcDbViewport
 10
420.5
 20
297.0
 30
0.0
 40
925.1
 41
653.4000000000001
 68
1
 69
1
 12
420.5
 22
297.0
 13
0.0
 23
0.0
 14
10.0
 24
10.0
 15
10.0
 25
10.0
 16
0.0
 26
0.0
 36
1.0
 17
0.0
 27
0.0
 37
0.0
 42
50.0
 43
0.0
 44
0.0
 45
653.4000000000001
 50
0.0
 51
0.0
 72
100
 90
557088
  1

281
0
 71
0
 74
0
110
0.0
120
0.0
130
0.0
111
1.0
121
0.0
131
0.0
112
0.0
122
1.0
132
0.0
 79
0
146
0.0
282
0
  0
LWPOLYLINE
  5
6D3
330
6CE
100
AcDbEntity
 67
1
  8
G-CERCEVE
370
13
100
AcDbPolyline
 90
4
 70
1
 10
0.0
 20
0.0
 10
10.0
 20
0.0
 10
10.0
 20
10.0
 10
0.0
 20
10.0
  0
LWPOLYLINE
  5
6D4
330
6CE
100
AcDbEntity
 67
1
  8
G-CERCEVE
370
13
100
AcDbPolyline
 90
4
 70
1
 10
831.0
 20
0.0
 10
841.0
 20
0.0
 10
841.0
 20
10.0
 10
831.0
 20
10.0
  0
LWPOLYLINE
  5
6D5
330
6CE
100
AcDbEntity
 67
1
  8
G-CERCEVE
370
13
100
AcDbPolyline
 90
4
 70
1
 10
831.0
 20
584.0
 10
841.0
 20
584.0
 10
841.0
 20
594.0
 10
831.0
 20
594.0
  0
LWPOLYLINE
  5
6D6
330
6CE
100
AcDbEntity
 67
1
  8
G-CERCEVE
370
13
100
AcDbPolyline
 90
4
 70
1
 10
0.0
 20
584.0
 10
10.0
 20
584.0
 10
10.0
 20
594.0
 10
0.0
 20
594.0
  0
LWPOLYLINE
  5
6D7
330
6CE
100
AcDbEntity
 67
1
  8
G-CERCEVE
370
70
100
AcDbPolyline
 90
4
 70
1
 10
20.0
 20
10.0
 10
831.0
 20
10.0
 10
831.0
 20
584.0
 10
20.0
 20
584.0
  0
LWPOLYLINE
  5
6D8
330
6CE
100
AcDbEntity
 67
1
  8
G-PAFTA-ZON
370
13
100
AcDbPolyline
 90
4
 70
1
 10
25.0
 20
15.0
 10
826.0
 20
15.0
 10
826.0
 20
579.0
 10
25.0
 20
579.0
  0
TEXT
  5
6D9
330
6CE
100
AcDbEntity
 67
1
  8
G-PAFTA-ZON
100
AcDbText
 10
50.03125
 20
12.5
 30
0.0
 40
3.5
  1
1
  7
GYM
 72
1
 11
50.03125
 21
12.5
 31
0.0
100
AcDbText
 73
2
  0
TEXT
  5
6DA
330
6CE
100
AcDbEntity
 67
1
  8
G-PAFTA-ZON
100
AcDbText
 10
50.03125
 20
581.5
 30
0.0
 40
3.5
  1
1
  7
GYM
 72
1
 11
50.03125
 21
581.5
 31
0.0
100
AcDbText
 73
2
  0
LINE
  5
6DB
330
6CE
100
AcDbEntity
 67
1
  8
G-PAFTA-ZON
370
13
100
AcDbLine
 10
75.0625
 20
10.0
 30
0.0
 11
75.0625
 21
15.0
 31
0.0
  0
LINE
  5
6DC
330
6CE
100
AcDbEntity
 67
1
  8
G-PAFTA-ZON
370
13
100
AcDbLine
 10
75.0625
 20
579.0
 30
0.0
 11
75.0625
 21
584.0
 31
0.0
  0
TEXT
  5
6DD
330
6CE
100
AcDbEntity
 67
1
  8
G-PAFTA-ZON
100
AcDbText
 10
100.09375
 20
12.5
 30
0.0
 40
3.5
  1
2
  7
GYM
 72
1
 11
100.09375
 21
12.5
 31
0.0
100
AcDbText
 73
2
  0
TEXT
  5
6DE
330
6CE
100
AcDbEntity
 67
1
  8
G-PAFTA-ZON
100
AcDbText
 10
100.09375
 20
581.5
 30
0.0
 40
3.5
  1
2
  7
GYM
 72
1
 11
100.09375
 21
581.5
 31
0.0
100
AcDbText
 73
2
  0
LINE
  5
6DF
330
6CE
100
AcDbEntity
 67
1
  8
G-PAFTA-ZON
370
13
100
AcDbLine
 10
125.125
 20
10.0
 30
0.0
 11
125.125
 21
15.0
 31
0.0
  0
LINE
  5
6E0
330
6CE
100
AcDbEntity
 67
1
  8
G-PAFTA-ZON
370
13
100
AcDbLine
 10
125.125
 20
579.0
 30
0.0
 11
125.125
 21
584.0
 31
0.0
  0
TEXT
  5
6E1
330
6CE
100
AcDbEntity
 67
1
  8
G-PAFTA-ZON
100
AcDbText
 10
150.15625
 20
12.5
 30
0.0
 40
3.5
  1
3
  7
GYM
 72
1
 11
150.15625
 21
12.5
 31
0.0
100
AcDbText
 73
2
  0
TEXT
  5
6E2
330
6CE
100
AcDbEntity
 67
1
  8
G-PAFTA-ZON
100
AcDbText
 10
150.15625
 20
581.5
 30
0.0
 40
3.5
  1
3
  7
GYM
 72
1
 11
150.15625
 21
581.5
 31
0.0
100
AcDbText
 73
2
  0
LINE
  5
6E3
330
6CE
100
AcDbEntity
 67
1
  8
G-PAFTA-ZON
370
13
100
AcDbLine
 10
175.1875
 20
10.0
 30
0.0
 11
175.1875
 21
15.0
 31
0.0
  0
LINE
  5
6E4
330
6CE
100
AcDbEntity
 67
1
  8
G-PAFTA-ZON
370
13
100
AcDbLine
 10
175.1875
 20
579.0
 30
0.0
 11
175.1875
 21
584.0
 31
0.0
  0
TEXT
  5
6E5
330
6CE
100
AcDbEntity
 67
1
  8
G-PAFTA-ZON
100
AcDbText
 10
200.21875
 20
12.5
 30
0.0
 40
3.5
  1
4
  7
GYM
 72
1
 11
200.21875
 21
12.5
 31
0.0
100
AcDbText
 73
2
  0
TEXT
  5
6E6
330
6CE
100
AcDbEntity
 67
1
  8
G-PAFTA-ZON
100
AcDbText
 10
200.21875
 20
581.5
 30
0.0
 40
3.5
  1
4
  7
GYM
 72
1
 11
200.21875
 21
581.5
 31
0.0
100
AcDbText
 73
2
  0
LINE
  5
6E7
330
6CE
100
AcDbEntity
 67
1
  8
G-PAFTA-ZON
370
13
100
AcDbLine
 10
225.25
 20
10.0
 30
0.0
 11
225.25
 21
15.0
 31
0.0
  0
LINE
  5
6E8
330
6CE
100
AcDbEntity
 67
1
  8
G-PAFTA-ZON
370
13
100
AcDbLine
 10
225.25
 20
579.0
 30
0.0
 11
225.25
 21
584.0
 31
0.0
  0
TEXT
  5
6E9
330
6CE
100
AcDbEntity
 67
1
  8
G-PAFTA-ZON
100
AcDbText
 10
250.28125
 20
12.5
 30
0.0
 40
3.5
  1
5
  7
GYM
 72
1
 11
250.28125
 21
12.5
 31
0.0
100
AcDbText
 73
2
  0
TEXT
  5
6EA
330
6CE
100
AcDbEntity
 67
1
  8
G-PAFTA-ZON
100
AcDbText
 10
250.28125
 20
581.5
 30
0.0
 40
3.5
  1
5
  7
GYM
 72
1
 11
250.28125
 21
581.5
 31
0.0
100
AcDbText
 73
2
  0
LINE
  5
6EB
330
6CE
100
AcDbEntity
 67
1
  8
G-PAFTA-ZON
370
13
100
AcDbLine
 10
275.3125
 20
10.0
 30
0.0
 11
275.3125
 21
15.0
 31
0.0
  0
LINE
  5
6EC
330
6CE
100
AcDbEntity
 67
1
  8
G-PAFTA-ZON
370
13
100
AcDbLine
 10
275.3125
 20
579.0
 30
0.0
 11
275.3125
 21
584.0
 31
0.0
  0
TEXT
  5
6ED
330
6CE
100
AcDbEntity
 67
1
  8
G-PAFTA-ZON
100
AcDbText
 10
300.34375
 20
12.5
 30
0.0
 40
3.5
  1
6
  7
GYM
 72
1
 11
300.34375
 21
12.5
 31
0.0
100
AcDbText
 73
2
  0
TEXT
  5
6EE
330
6CE
100
AcDbEntity
 67
1
  8
G-PAFTA-ZON
100
AcDbText
 10
300.34375
 20
581.5
 30
0.0
 40
3.5
  1
6
  7
GYM
 72
1
 11
300.34375
 21
581.5
 31
0.0
100
AcDbText
 73
2
  0
LINE
  5
6EF
330
6CE
100
AcDbEntity
 67
1
  8
G-PAFTA-ZON
370
13
100
AcDbLine
 10
325.375
 20
10.0
 30
0.0
 11
325.375
 21
15.0
 31
0.0
  0
LINE
  5
6F0
330
6CE
100
AcDbEntity
 67
1
  8
G-PAFTA-ZON
370
13
100
AcDbLine
 10
325.375
 20
579.0
 30
0.0
 11
325.375
 21
584.0
 31
0.0
  0
TEXT
  5
6F1
330
6CE
100
AcDbEntity
 67
1
  8
G-PAFTA-ZON
100
AcDbText
 10
350.40625
 20
12.5
 30
0.0
 40
3.5
  1
7
  7
GYM
 72
1
 11
350.40625
 21
12.5
 31
0.0
100
AcDbText
 73
2
  0
TEXT
  5
6F2
330
6CE
100
AcDbEntity
 67
1
  8
G-PAFTA-ZON
100
AcDbText
 10
350.40625
 20
581.5
 30
0.0
 40
3.5
  1
7
  7
GYM
 72
1
 11
350.40625
 21
581.5
 31
0.0
100
AcDbText
 73
2
  0
LINE
  5
6F3
330
6CE
100
AcDbEntity
 67
1
  8
G-PAFTA-ZON
370
13
100
AcDbLine
 10
375.4375
 20
10.0
 30
0.0
 11
375.4375
 21
15.0
 31
0.0
  0
LINE
  5
6F4
330
6CE
100
AcDbEntity
 67
1
  8
G-PAFTA-ZON
370
13
100
AcDbLine
 10
375.4375
 20
579.0
 30
0.0
 11
375.4375
 21
584.0
 31
0.0
  0
TEXT
  5
6F5
330
6CE
100
AcDbEntity
 67
1
  8
G-PAFTA-ZON
100
AcDbText
 10
400.46875
 20
12.5
 30
0.0
 40
3.5
  1
8
  7
GYM
 72
1
 11
400.46875
 21
12.5
 31
0.0
100
AcDbText
 73
2
  0
TEXT
  5
6F6
330
6CE
100
AcDbEntity
 67
1
  8
G-PAFTA-ZON
100
AcDbText
 10
400.46875
 20
581.5
 30
0.0
 40
3.5
  1
8
  7
GYM
 72
1
 11
400.46875
 21
581.5
 31
0.0
100
AcDbText
 73
2
  0
LINE
  5
6F7
330
6CE
100
AcDbEntity
 67
1
  8
G-PAFTA-ZON
370
13
100
AcDbLine
 10
425.5
 20
10.0
 30
0.0
 11
425.5
 21
15.0
 31
0.0
  0
LINE
  5
6F8
330
6CE
100
AcDbEntity
 67
1
  8
G-PAFTA-ZON
370
13
100
AcDbLine
 10
425.5
 20
579.0
 30
0.0
 11
425.5
 21
584.0
 31
0.0
  0
TEXT
  5
6F9
330
6CE
100
AcDbEntity
 67
1
  8
G-PAFTA-ZON
100
AcDbText
 10
450.53125
 20
12.5
 30
0.0
 40
3.5
  1
9
  7
GYM
 72
1
 11
450.53125
 21
12.5
 31
0.0
100
AcDbText
 73
2
  0
TEXT
  5
6FA
330
6CE
100
AcDbEntity
 67
1
  8
G-PAFTA-ZON
100
AcDbText
 10
450.53125
 20
581.5
 30
0.0
 40
3.5
  1
9
  7
GYM
 72
1
 11
450.53125
 21
581.5
 31
0.0
100
AcDbText
 73
2
  0
LINE
  5
6FB
330
6CE
100
AcDbEntity
 67
1
  8
G-PAFTA-ZON
370
13
100
AcDbLine
 10
475.5625
 20
10.0
 30
0.0
 11
475.5625
 21
15.0
 31
0.0
  0
LINE
  5
6FC
330
6CE
100
AcDbEntity
 67
1
  8
G-PAFTA-ZON
370
13
100
AcDbLine
 10
475.5625
 20
579.0
 30
0.0
 11
475.5625
 21
584.0
 31
0.0
  0
TEXT
  5
6FD
330
6CE
100
AcDbEntity
 67
1
  8
G-PAFTA-ZON
100
AcDbText
 10
500.59375
 20
12.5
 30
0.0
 40
3.5
  1
10
  7
GYM
 72
1
 11
500.59375
 21
12.5
 31
0.0
100
AcDbText
 73
2
  0
TEXT
  5
6FE
330
6CE
100
AcDbEntity
 67
1
  8
G-PAFTA-ZON
100
AcDbText
 10
500.59375
 20
581.5
 30
0.0
 40
3.5
  1
10
  7
GYM
 72
1
 11
500.59375
 21
581.5
 31
0.0
100
AcDbText
 73
2
  0
LINE
  5
6FF
330
6CE
100
AcDbEntity
 67
1
  8
G-PAFTA-ZON
370
13
100
AcDbLine
 10
525.625
 20
10.0
 30
0.0
 11
525.625
 21
15.0
 31
0.0
  0
LINE
  5
700
330
6CE
100
AcDbEntity
 67
1
  8
G-PAFTA-ZON
370
13
100
AcDbLine
 10
525.625
 20
579.0
 30
0.0
 11
525.625
 21
584.0
 31
0.0
  0
TEXT
  5
701
330
6CE
100
AcDbEntity
 67
1
  8
G-PAFTA-ZON
100
AcDbText
 10
550.65625
 20
12.5
 30
0.0
 40
3.5
  1
11
  7
GYM
 72
1
 11
550.65625
 21
12.5
 31
0.0
100
AcDbText
 73
2
  0
TEXT
  5
702
330
6CE
100
AcDbEntity
 67
1
  8
G-PAFTA-ZON
100
AcDbText
 10
550.65625
 20
581.5
 30
0.0
 40
3.5
  1
11
  7
GYM
 72
1
 11
550.65625
 21
581.5
 31
0.0
100
AcDbText
 73
2
  0
LINE
  5
703
330
6CE
100
AcDbEntity
 67
1
  8
G-PAFTA-ZON
370
13
100
AcDbLine
 10
575.6875
 20
10.0
 30
0.0
 11
575.6875
 21
15.0
 31
0.0
  0
LINE
  5
704
330
6CE
100
AcDbEntity
 67
1
  8
G-PAFTA-ZON
370
13
100
AcDbLine
 10
575.6875
 20
579.0
 30
0.0
 11
575.6875
 21
584.0
 31
0.0
  0
TEXT
  5
705
330
6CE
100
AcDbEntity
 67
1
  8
G-PAFTA-ZON
100
AcDbText
 10
600.71875
 20
12.5
 30
0.0
 40
3.5
  1
12
  7
GYM
 72
1
 11
600.71875
 21
12.5
 31
0.0
100
AcDbText
 73
2
  0
TEXT
  5
706
330
6CE
100
AcDbEntity
 67
1
  8
G-PAFTA-ZON
100
AcDbText
 10
600.71875
 20
581.5
 30
0.0
 40
3.5
  1
12
  7
GYM
 72
1
 11
600.71875
 21
581.5
 31
0.0
100
AcDbText
 73
2
  0
LINE
  5
707
330
6CE
100
AcDbEntity
 67
1
  8
G-PAFTA-ZON
370
13
100
AcDbLine
 10
625.75
 20
10.0
 30
0.0
 11
625.75
 21
15.0
 31
0.0
  0
LINE
  5
708
330
6CE
100
AcDbEntity
 67
1
  8
G-PAFTA-ZON
370
13
100
AcDbLine
 10
625.75
 20
579.0
 30
0.0
 11
625.75
 21
584.0
 31
0.0
  0
TEXT
  5
709
330
6CE
100
AcDbEntity
 67
1
  8
G-PAFTA-ZON
100
AcDbText
 10
650.78125
 20
12.5
 30
0.0
 40
3.5
  1
13
  7
GYM
 72
1
 11
650.78125
 21
12.5
 31
0.0
100
AcDbText
 73
2
  0
TEXT
  5
70A
330
6CE
100
AcDbEntity
 67
1
  8
G-PAFTA-ZON
100
AcDbText
 10
650.78125
 20
581.5
 30
0.0
 40
3.5
  1
13
  7
GYM
 72
1
 11
650.78125
 21
581.5
 31
0.0
100
AcDbText
 73
2
  0
LINE
  5
70B
330
6CE
100
AcDbEntity
 67
1
  8
G-PAFTA-ZON
370
13
100
AcDbLine
 10
675.8125
 20
10.0
 30
0.0
 11
675.8125
 21
15.0
 31
0.0
  0
LINE
  5
70C
330
6CE
100
AcDbEntity
 67
1
  8
G-PAFTA-ZON
370
13
100
AcDbLine
 10
675.8125
 20
579.0
 30
0.0
 11
675.8125
 21
584.0
 31
0.0
  0
TEXT
  5
70D
330
6CE
100
AcDbEntity
 67
1
  8
G-PAFTA-ZON
100
AcDbText
 10
700.84375
 20
12.5
 30
0.0
 40
3.5
  1
14
  7
GYM
 72
1
 11
700.84375
 21
12.5
 31
0.0
100
AcDbText
 73
2
  0
TEXT
  5
70E
330
6CE
100
AcDbEntity
 67
1
  8
G-PAFTA-ZON
100
AcDbText
 10
700.84375
 20
581.5
 30
0.0
 40
3.5
  1
14
  7
GYM
 72
1
 11
700.84375
 21
581.5
 31
0.0
100
AcDbText
 73
2
  0
LINE
  5
70F
330
6CE
100
AcDbEntity
 67
1
  8
G-PAFTA-ZON
370
13
100
AcDbLine
 10
725.875
 20
10.0
 30
0.0
 11
725.875
 21
15.0
 31
0.0
  0
LINE
  5
710
330
6CE
100
AcDbEntity
 67
1
  8
G-PAFTA-ZON
370
13
100
AcDbLine
 10
725.875
 20
579.0
 30
0.0
 11
725.875
 21
584.0
 31
0.0
  0
TEXT
  5
711
330
6CE
100
AcDbEntity
 67
1
  8
G-PAFTA-ZON
100
AcDbText
 10
750.90625
 20
12.5
 30
0.0
 40
3.5
  1
15
  7
GYM
 72
1
 11
750.90625
 21
12.5
 31
0.0
100
AcDbText
 73
2
  0
TEXT
  5
712
330
6CE
100
AcDbEntity
 67
1
  8
G-PAFTA-ZON
100
AcDbText
 10
750.90625
 20
581.5
 30
0.0
 40
3.5
  1
15
  7
GYM
 72
1
 11
750.90625
 21
581.5
 31
0.0
100
AcDbText
 73
2
  0
LINE
  5
713
330
6CE
100
AcDbEntity
 67
1
  8
G-PAFTA-ZON
370
13
100
AcDbLine
 10
775.9375
 20
10.0
 30
0.0
 11
775.9375
 21
15.0
 31
0.0
  0
LINE
  5
714
330
6CE
100
AcDbEntity
 67
1
  8
G-PAFTA-ZON
370
13
100
AcDbLine
 10
775.9375
 20
579.0
 30
0.0
 11
775.9375
 21
584.0
 31
0.0
  0
TEXT
  5
715
330
6CE
100
AcDbEntity
 67
1
  8
G-PAFTA-ZON
100
AcDbText
 10
800.96875
 20
12.5
 30
0.0
 40
3.5
  1
16
  7
GYM
 72
1
 11
800.96875
 21
12.5
 31
0.0
100
AcDbText
 73
2
  0
TEXT
  5
716
330
6CE
100
AcDbEntity
 67
1
  8
G-PAFTA-ZON
100
AcDbText
 10
800.96875
 20
581.5
 30
0.0
 40
3.5
  1
16
  7
GYM
 72
1
 11
800.96875
 21
581.5
 31
0.0
100
AcDbText
 73
2
  0
TEXT
  5
717
330
6CE
100
AcDbEntity
 67
1
  8
G-PAFTA-ZON
100
AcDbText
 10
22.5
 20
40.63636363636364
 30
0.0
 40
3.5
  1
A
  7
GYM
 72
1
 11
22.5
 21
40.63636363636364
 31
0.0
100
AcDbText
 73
2
  0
TEXT
  5
718
330
6CE
100
AcDbEntity
 67
1
  8
G-PAFTA-ZON
100
AcDbText
 10
828.5
 20
40.63636363636364
 30
0.0
 40
3.5
  1
A
  7
GYM
 72
1
 11
828.5
 21
40.63636363636364
 31
0.0
100
AcDbText
 73
2
  0
LINE
  5
719
330
6CE
100
AcDbEntity
 67
1
  8
G-PAFTA-ZON
370
13
100
AcDbLine
 10
20.0
 20
66.27272727272728
 30
0.0
 11
25.0
 21
66.27272727272728
 31
0.0
  0
LINE
  5
71A
330
6CE
100
AcDbEntity
 67
1
  8
G-PAFTA-ZON
370
13
100
AcDbLine
 10
826.0
 20
66.27272727272728
 30
0.0
 11
831.0
 21
66.27272727272728
 31
0.0
  0
TEXT
  5
71B
330
6CE
100
AcDbEntity
 67
1
  8
G-PAFTA-ZON
100
AcDbText
 10
22.5
 20
91.90909090909092
 30
0.0
 40
3.5
  1
B
  7
GYM
 72
1
 11
22.5
 21
91.90909090909092
 31
0.0
100
AcDbText
 73
2
  0
TEXT
  5
71C
330
6CE
100
AcDbEntity
 67
1
  8
G-PAFTA-ZON
100
AcDbText
 10
828.5
 20
91.90909090909092
 30
0.0
 40
3.5
  1
B
  7
GYM
 72
1
 11
828.5
 21
91.90909090909092
 31
0.0
100
AcDbText
 73
2
  0
LINE
  5
71D
330
6CE
100
AcDbEntity
 67
1
  8
G-PAFTA-ZON
370
13
100
AcDbLine
 10
20.0
 20
117.54545454545455
 30
0.0
 11
25.0
 21
117.54545454545455
 31
0.0
  0
LINE
  5
71E
330
6CE
100
AcDbEntity
 67
1
  8
G-PAFTA-ZON
370
13
100
AcDbLine
 10
826.0
 20
117.54545454545455
 30
0.0
 11
831.0
 21
117.54545454545455
 31
0.0
  0
TEXT
  5
71F
330
6CE
100
AcDbEntity
 67
1
  8
G-PAFTA-ZON
100
AcDbText
 10
22.5
 20
143.1818181818182
 30
0.0
 40
3.5
  1
C
  7
GYM
 72
1
 11
22.5
 21
143.1818181818182
 31
0.0
100
AcDbText
 73
2
  0
TEXT
  5
720
330
6CE
100
AcDbEntity
 67
1
  8
G-PAFTA-ZON
100
AcDbText
 10
828.5
 20
143.1818181818182
 30
0.0
 40
3.5
  1
C
  7
GYM
 72
1
 11
828.5
 21
143.1818181818182
 31
0.0
100
AcDbText
 73
2
  0
LINE
  5
721
330
6CE
100
AcDbEntity
 67
1
  8
G-PAFTA-ZON
370
13
100
AcDbLine
 10
20.0
 20
168.8181818181818
 30
0.0
 11
25.0
 21
168.8181818181818
 31
0.0
  0
LINE
  5
722
330
6CE
100
AcDbEntity
 67
1
  8
G-PAFTA-ZON
370
13
100
AcDbLine
 10
826.0
 20
168.8181818181818
 30
0.0
 11
831.0
 21
168.8181818181818
 31
0.0
  0
TEXT
  5
723
330
6CE
100
AcDbEntity
 67
1
  8
G-PAFTA-ZON
100
AcDbText
 10
22.5
 20
194.45454545454544
 30
0.0
 40
3.5
  1
D
  7
GYM
 72
1
 11
22.5
 21
194.45454545454544
 31
0.0
100
AcDbText
 73
2
  0
TEXT
  5
724
330
6CE
100
AcDbEntity
 67
1
  8
G-PAFTA-ZON
100
AcDbText
 10
828.5
 20
194.45454545454544
 30
0.0
 40
3.5
  1
D
  7
GYM
 72
1
 11
828.5
 21
194.45454545454544
 31
0.0
100
AcDbText
 73
2
  0
LINE
  5
725
330
6CE
100
AcDbEntity
 67
1
  8
G-PAFTA-ZON
370
13
100
AcDbLine
 10
20.0
 20
220.0909090909091
 30
0.0
 11
25.0
 21
220.0909090909091
 31
0.0
  0
LINE
  5
726
330
6CE
100
AcDbEntity
 67
1
  8
G-PAFTA-ZON
370
13
100
AcDbLine
 10
826.0
 20
220.0909090909091
 30
0.0
 11
831.0
 21
220.0909090909091
 31
0.0
  0
TEXT
  5
727
330
6CE
100
AcDbEntity
 67
1
  8
G-PAFTA-ZON
100
AcDbText
 10
22.5
 20
245.72727272727272
 30
0.0
 40
3.5
  1
E
  7
GYM
 72
1
 11
22.5
 21
245.72727272727272
 31
0.0
100
AcDbText
 73
2
  0
TEXT
  5
728
330
6CE
100
AcDbEntity
 67
1
  8
G-PAFTA-ZON
100
AcDbText
 10
828.5
 20
245.72727272727272
 30
0.0
 40
3.5
  1
E
  7
GYM
 72
1
 11
828.5
 21
245.72727272727272
 31
0.0
100
AcDbText
 73
2
  0
LINE
  5
729
330
6CE
100
AcDbEntity
 67
1
  8
G-PAFTA-ZON
370
13
100
AcDbLine
 10
20.0
 20
271.3636363636364
 30
0.0
 11
25.0
 21
271.3636363636364
 31
0.0
  0
LINE
  5
72A
330
6CE
100
AcDbEntity
 67
1
  8
G-PAFTA-ZON
370
13
100
AcDbLine
 10
826.0
 20
271.3636363636364
 30
0.0
 11
831.0
 21
271.3636363636364
 31
0.0
  0
TEXT
  5
72B
330
6CE
100
AcDbEntity
 67
1
  8
G-PAFTA-ZON
100
AcDbText
 10
22.5
 20
297.0
 30
0.0
 40
3.5
  1
F
  7
GYM
 72
1
 11
22.5
 21
297.0
 31
0.0
100
AcDbText
 73
2
  0
TEXT
  5
72C
330
6CE
100
AcDbEntity
 67
1
  8
G-PAFTA-ZON
100
AcDbText
 10
828.5
 20
297.0
 30
0.0
 40
3.5
  1
F
  7
GYM
 72
1
 11
828.5
 21
297.0
 31
0.0
100
AcDbText
 73
2
  0
LINE
  5
72D
330
6CE
100
AcDbEntity
 67
1
  8
G-PAFTA-ZON
370
13
100
AcDbLine
 10
20.0
 20
322.6363636363636
 30
0.0
 11
25.0
 21
322.6363636363636
 31
0.0
  0
LINE
  5
72E
330
6CE
100
AcDbEntity
 67
1
  8
G-PAFTA-ZON
370
13
100
AcDbLine
 10
826.0
 20
322.6363636363636
 30
0.0
 11
831.0
 21
322.6363636363636
 31
0.0
  0
TEXT
  5
72F
330
6CE
100
AcDbEntity
 67
1
  8
G-PAFTA-ZON
100
AcDbText
 10
22.5
 20
348.27272727272725
 30
0.0
 40
3.5
  1
G
  7
GYM
 72
1
 11
22.5
 21
348.27272727272725
 31
0.0
100
AcDbText
 73
2
  0
TEXT
  5
730
330
6CE
100
AcDbEntity
 67
1
  8
G-PAFTA-ZON
100
AcDbText
 10
828.5
 20
348.27272727272725
 30
0.0
 40
3.5
  1
G
  7
GYM
 72
1
 11
828.5
 21
348.27272727272725
 31
0.0
100
AcDbText
 73
2
  0
LINE
  5
731
330
6CE
100
AcDbEntity
 67
1
  8
G-PAFTA-ZON
370
13
100
AcDbLine
 10
20.0
 20
373.90909090909093
 30
0.0
 11
25.0
 21
373.90909090909093
 31
0.0
  0
LINE
  5
732
330
6CE
100
AcDbEntity
 67
1
  8
G-PAFTA-ZON
370
13
100
AcDbLine
 10
826.0
 20
373.90909090909093
 30
0.0
 11
831.0
 21
373.90909090909093
 31
0.0
  0
TEXT
  5
733
330
6CE
100
AcDbEntity
 67
1
  8
G-PAFTA-ZON
100
AcDbText
 10
22.5
 20
399.54545454545456
 30
0.0
 40
3.5
  1
H
  7
GYM
 72
1
 11
22.5
 21
399.54545454545456
 31
0.0
100
AcDbText
 73
2
  0
TEXT
  5
734
330
6CE
100
AcDbEntity
 67
1
  8
G-PAFTA-ZON
100
AcDbText
 10
828.5
 20
399.54545454545456
 30
0.0
 40
3.5
  1
H
  7
GYM
 72
1
 11
828.5
 21
399.54545454545456
 31
0.0
100
AcDbText
 73
2
  0
LINE
  5
735
330
6CE
100
AcDbEntity
 67
1
  8
G-PAFTA-ZON
370
13
100
AcDbLine
 10
20.0
 20
425.1818181818182
 30
0.0
 11
25.0
 21
425.1818181818182
 31
0.0
  0
LINE
  5
736
330
6CE
100
AcDbEntity
 67
1
  8
G-PAFTA-ZON
370
13
100
AcDbLine
 10
826.0
 20
425.1818181818182
 30
0.0
 11
831.0
 21
425.1818181818182
 31
0.0
  0
TEXT
  5
737
330
6CE
100
AcDbEntity
 67
1
  8
G-PAFTA-ZON
100
AcDbText
 10
22.5
 20
450.8181818181818
 30
0.0
 40
3.5
  1
J
  7
GYM
 72
1
 11
22.5
 21
450.8181818181818
 31
0.0
100
AcDbText
 73
2
  0
TEXT
  5
738
330
6CE
100
AcDbEntity
 67
1
  8
G-PAFTA-ZON
100
AcDbText
 10
828.5
 20
450.8181818181818
 30
0.0
 40
3.5
  1
J
  7
GYM
 72
1
 11
828.5
 21
450.8181818181818
 31
0.0
100
AcDbText
 73
2
  0
LINE
  5
739
330
6CE
100
AcDbEntity
 67
1
  8
G-PAFTA-ZON
370
13
100
AcDbLine
 10
20.0
 20
476.45454545454544
 30
0.0
 11
25.0
 21
476.45454545454544
 31
0.0
  0
LINE
  5
73A
330
6CE
100
AcDbEntity
 67
1
  8
G-PAFTA-ZON
370
13
100
AcDbLine
 10
826.0
 20
476.45454545454544
 30
0.0
 11
831.0
 21
476.45454545454544
 31
0.0
  0
TEXT
  5
73B
330
6CE
100
AcDbEntity
 67
1
  8
G-PAFTA-ZON
100
AcDbText
 10
22.5
 20
502.09090909090907
 30
0.0
 40
3.5
  1
K
  7
GYM
 72
1
 11
22.5
 21
502.09090909090907
 31
0.0
100
AcDbText
 73
2
  0
TEXT
  5
73C
330
6CE
100
AcDbEntity
 67
1
  8
G-PAFTA-ZON
100
AcDbText
 10
828.5
 20
502.09090909090907
 30
0.0
 40
3.5
  1
K
  7
GYM
 72
1
 11
828.5
 21
502.09090909090907
 31
0.0
100
AcDbText
 73
2
  0
LINE
  5
73D
330
6CE
100
AcDbEntity
 67
1
  8
G-PAFTA-ZON
370
13
100
AcDbLine
 10
20.0
 20
527.7272727272727
 30
0.0
 11
25.0
 21
527.7272727272727
 31
0.0
  0
LINE
  5
73E
330
6CE
100
AcDbEntity
 67
1
  8
G-PAFTA-ZON
370
13
100
AcDbLine
 10
826.0
 20
527.7272727272727
 30
0.0
 11
831.0
 21
527.7272727272727
 31
0.0
  0
TEXT
  5
73F
330
6CE
100
AcDbEntity
 67
1
  8
G-PAFTA-ZON
100
AcDbText
 10
22.5
 20
553.3636363636364
 30
0.0
 40
3.5
  1
L
  7
GYM
 72
1
 11
22.5
 21
553.3636363636364
 31
0.0
100
AcDbText
 73
2
  0
TEXT
  5
740
330
6CE
100
AcDbEntity
 67
1
  8
G-PAFTA-ZON
100
AcDbText
 10
828.5
 20
553.3636363636364
 30
0.0
 40
3.5
  1
L
  7
GYM
 72
1
 11
828.5
 21
553.3636363636364
 31
0.0
100
AcDbText
 73
2
  0
LINE
  5
741
330
6CE
100
AcDbEntity
 67
1
  8
G-CERCEVE
370
70
100
AcDbLine
 10
420.5
 20
0.0
 30
0.0
 11
420.5
 21
20.0
 31
0.0
  0
LINE
  5
742
330
6CE
100
AcDbEntity
 67
1
  8
G-CERCEVE
370
70
100
AcDbLine
 10
420.5
 20
574.0
 30
0.0
 11
420.5
 21
594.0
 31
0.0
  0
LWPOLYLINE
  5
743
330
6CE
100
AcDbEntity
 67
1
  8
G-CERCEVE
370
70
100
AcDbPolyline
 90
3
 70
1
 10
420.5
 20
593.0
 10
417.9
 20
586.0
 10
423.1
 20
586.0
  0
LINE
  5
744
330
6CE
100
AcDbEntity
 67
1
  8
G-CERCEVE
370
70
100
AcDbLine
 10
0.0
 20
297.0
 30
0.0
 11
30.0
 21
297.0
 31
0.0
  0
LINE
  5
745
330
6CE
100
AcDbEntity
 67
1
  8
G-CERCEVE
370
70
100
AcDbLine
 10
821.0
 20
297.0
 30
0.0
 11
841.0
 21
297.0
 31
0.0
  0
LWPOLYLINE
  5
746
330
6CE
100
AcDbEntity
 67
1
  8
G-CERCEVE
370
70
100
AcDbPolyline
 90
3
 70
1
 10
1.0
 20
297.0
 10
8.0
 20
294.4
 10
8.0
 20
299.6
  0
TEXT
  5
747
330
6CE
100
AcDbEntity
 67
1
  8
G-CERCEVE
100
AcDbText
 10
829.0
 20
5.0
 30
0.0
 40
2.5
  1
A1
  7
GYM
 72
2
 11
829.0
 21
5.0
 31
0.0
100
AcDbText
 73
2
  0
LWPOLYLINE
  5
748
330
6CE
100
AcDbEntity
 67
1
  8
G-CERCEVE
370
35
100
AcDbPolyline
 90
4
 70
1
 10
450.5
 20
2.0
 10
550.5
 20
2.0
 10
550.5
 20
6.0
 10
450.5
 20
6.0
  0
LINE
  5
749
330
6CE
100
AcDbEntity
 67
1
  8
G-CERCEVE
370
35
100
AcDbLine
 10
450.5
 20
2.0
 30
0.0
 11
450.5
 21
6.0
 31
0.0
  0
LINE
  5
74A
330
6CE
100
AcDbEntity
 67
1
  8
G-CERCEVE
370
35
100
AcDbLine
 10
460.5
 20
2.0
 30
0.0
 11
460.5
 21
6.0
 31
0.0
  0
LINE
  5
74B
330
6CE
100
AcDbEntity
 67
1
  8
G-CERCEVE
370
35
100
AcDbLine
 10
470.5
 20
2.0
 30
0.0
 11
470.5
 21
6.0
 31
0.0
  0
LINE
  5
74C
330
6CE
100
AcDbEntity
 67
1
  8
G-CERCEVE
370
35
100
AcDbLine
 10
480.5
 20
2.0
 30
0.0
 11
480.5
 21
6.0
 31
0.0
  0
LINE
  5
74D
330
6CE
100
AcDbEntity
 67
1
  8
G-CERCEVE
370
35
100
AcDbLine
 10
490.5
 20
2.0
 30
0.0
 11
490.5
 21
6.0
 31
0.0
  0
LINE
  5
74E
330
6CE
100
AcDbEntity
 67
1
  8
G-CERCEVE
370
35
100
AcDbLine
 10
500.5
 20
2.0
 30
0.0
 11
500.5
 21
6.0
 31
0.0
  0
LINE
  5
74F
330
6CE
100
AcDbEntity
 67
1
  8
G-CERCEVE
370
35
100
AcDbLine
 10
510.5
 20
2.0
 30
0.0
 11
510.5
 21
6.0
 31
0.0
  0
LINE
  5
750
330
6CE
100
AcDbEntity
 67
1
  8
G-CERCEVE
370
35
100
AcDbLine
 10
520.5
 20
2.0
 30
0.0
 11
520.5
 21
6.0
 31
0.0
  0
LINE
  5
751
330
6CE
100
AcDbEntity
 67
1
  8
G-CERCEVE
370
35
100
AcDbLine
 10
530.5
 20
2.0
 30
0.0
 11
530.5
 21
6.0
 31
0.0
  0
LINE
  5
752
330
6CE
100
AcDbEntity
 67
1
  8
G-CERCEVE
370
35
100
AcDbLine
 10
540.5
 20
2.0
 30
0.0
 11
540.5
 21
6.0
 31
0.0
  0
LINE
  5
753
330
6CE
100
AcDbEntity
 67
1
  8
G-CERCEVE
370
35
100
AcDbLine
 10
550.5
 20
2.0
 30
0.0
 11
550.5
 21
6.0
 31
0.0
  0
TEXT
  5
754
330
6CE
100
AcDbEntity
 67
1
  8
G-CERCEVE
100
AcDbText
 10
554.5
 20
4.0
 30
0.0
 40
1.8
  1
100 mm
  7
GYM
 11
554.5
 21
4.0
 31
0.0
100
AcDbText
 73
2
  0
LWPOLYLINE
  5
755
330
6CE
100
AcDbEntity
 67
1
  8
G-ANTET
370
100
100
AcDbPolyline
 90
4
 70
1
 10
651.0
 20
15.0
 10
831.0
 20
15.0
 10
831.0
 20
107.0
 10
651.0
 20
107.0
  0
LINE
  5
756
330
6CE
100
AcDbEntity
 67
1
  8
G-ANTET
370
35
100
AcDbLine
 10
651.0
 20
25.0
 30
0.0
 11
831.0
 21
25.0
 31
0.0
  0
LINE
  5
757
330
6CE
100
AcDbEntity
 67
1
  8
G-ANTET
370
35
100
AcDbLine
 10
651.0
 20
35.0
 30
0.0
 11
831.0
 21
35.0
 31
0.0
  0
LINE
  5
758
330
6CE
100
AcDbEntity
 67
1
  8
G-ANTET
370
35
100
AcDbLine
 10
651.0
 20
45.0
 30
0.0
 11
831.0
 21
45.0
 31
0.0
  0
LINE
  5
759
330
6CE
100
AcDbEntity
 67
1
  8
G-ANTET
370
35
100
AcDbLine
 10
651.0
 20
57.0
 30
0.0
 11
831.0
 21
57.0
 31
0.0
  0
LINE
  5
75A
330
6CE
100
AcDbEntity
 67
1
  8
G-ANTET
370
35
100
AcDbLine
 10
651.0
 20
69.0
 30
0.0
 11
831.0
 21
69.0
 31
0.0
  0
LINE
  5
75B
330
6CE
100
AcDbEntity
 67
1
  8
G-ANTET
370
35
100
AcDbLine
 10
651.0
 20
83.0
 30
0.0
 11
831.0
 21
83.0
 31
0.0
  0
LINE
  5
75C
330
6CE
100
AcDbEntity
 67
1
  8
G-ANTET
370
35
100
AcDbLine
 10
711.0
 20
15.0
 30
0.0
 11
711.0
 21
45.0
 31
0.0
  0
LINE
  5
75D
330
6CE
100
AcDbEntity
 67
1
  8
G-ANTET
370
35
100
AcDbLine
 10
771.0
 20
15.0
 30
0.0
 11
771.0
 21
45.0
 31
0.0
  0
LINE
  5
75E
330
6CE
100
AcDbEntity
 67
1
  8
G-ANTET
370
35
100
AcDbLine
 10
769.0
 20
45.0
 30
0.0
 11
769.0
 21
69.0
 31
0.0
  0
TEXT
  5
75F
330
6CE
100
AcDbEntity
 67
1
  8
G-ANTET
100
AcDbText
 10
652.6
 20
103.0
 30
0.0
 40
1.8
  1
İŞVEREN
  7
GYM
 11
652.6
 21
103.0
 31
0.0
100
AcDbText
 73
2
  0
TEXT
  5
760
330
6CE
100
AcDbEntity
 67
1
  8
G-ANTET
100
AcDbText
 10
652.6
 20
98.0
 30
0.0
 40
2.5
  1
ÖZEL — MALTEPE / İDEALTEPE
  7
GYM
 11
652.6
 21
98.0
 31
0.0
100
AcDbText
 73
2
  0
TEXT
  5
761
330
6CE
100
AcDbEntity
 67
1
  8
G-ANTET
100
AcDbText
 10
652.6
 20
93.0
 30
0.0
 40
1.8
  1
PROJE
  7
GYM
 11
652.6
 21
93.0
 31
0.0
100
AcDbText
 73
2
  0
TEXT
  5
762
330
6CE
100
AcDbEntity
 67
1
  8
G-ANTET
100
AcDbText
 10
652.6
 20
87.2
 30
0.0
 40
3.5
  1
MOBİLYA MAĞAZASI → FONKSİYONEL ANTRENMAN STÜDYOSU
  7
GYM
 11
652.6
 21
87.2
 31
0.0
100
AcDbText
 73
2
  0
TEXT
  5
763
330
6CE
100
AcDbEntity
 67
1
  8
G-ANTET
100
AcDbText
 10
652.6
 20
78.0
 30
0.0
 40
1.8
  1
YAPI / MAHAL
  7
GYM
 11
652.6
 21
78.0
 31
0.0
100
AcDbText
 73
2
  0
TEXT
  5
764
330
6CE
100
AcDbEntity
 67
1
  8
G-ANTET
100
AcDbText
 10
652.6
 20
72.0
 30
0.0
 40
2.5
  1
İdealtepe Mah. · zemin kat dükkân · 103,78 m² iç alan
  7
GYM
 11
652.6
 21
72.0
 31
0.0
100
AcDbText
 73
2
  0
TEXT
  5
765
330
6CE
100
AcDbEntity
 67
1
  8
G-ANTET
100
AcDbText
 10
771.4
 20
78.0
 30
0.0
 40
1.8
  1
DİSİPLİN
  7
GYM
 11
771.4
 21
78.0
 31
0.0
100
AcDbText
 73
2
  0
TEXT
  5
766
330
6CE
100
AcDbEntity
 67
1
  8
G-ANTET
100
AcDbText
 10
771.4
 20
72.0
 30
0.0
 40
2.5
  1
ELEKTRİK
  7
GYM
 11
771.4
 21
72.0
 31
0.0
100
AcDbText
 73
2
  0
LINE
  5
767
330
6CE
100
AcDbEntity
 67
1
  8
G-ANTET
370
35
100
AcDbLine
 10
769.0
 20
69.0
 30
0.0
 11
769.0
 21
83.0
 31
0.0
  0
TEXT
  5
768
330
6CE
100
AcDbEntity
 67
1
  8
G-ANTET
100
AcDbText
 10
652.6
 20
65.0
 30
0.0
 40
1.8
  1
PAFTA ADI
  7
GYM
 11
652.6
 21
65.0
 31
0.0
100
AcDbText
 73
2
  0
TEXT
  5
769
330
6CE
100
AcDbEntity
 67
1
  8
G-ANTET
100
AcDbText
 10
652.6
 20
59.8
 30
0.0
 40
3.5
  1
AYDINLATMA PLANI
  7
GYM
 11
652.6
 21
59.8
 31
0.0
100
AcDbText
 73
2
  0
TEXT
  5
76A
330
6CE
100
AcDbEntity
 67
1
  8
G-ANTET
100
AcDbText
 10
771.4
 20
59.8
 30
0.0
 40
1.8
  1
Armatür · anahtar · aydınlatma linyeleri
  7
GYM
 11
771.4
 21
59.8
 31
0.0
100
AcDbText
 73
2
  0
TEXT
  5
76B
330
6CE
100
AcDbEntity
 67
1
  8
G-ANTET
100
AcDbText
 10
652.6
 20
53.0
 30
0.0
 40
1.8
  1
PROJE MÜELLİFİ · ODA SİCİL NO
  7
GYM
 11
652.6
 21
53.0
 31
0.0
100
AcDbText
 73
2
  0
TEXT
  5
76C
330
6CE
100
AcDbEntity
 67
1
  8
G-ANTET
100
AcDbText
 10
652.6
 20
47.8
 30
0.0
 40
2.5
  1
—   Oda sicil no: —
  7
GYM
 11
652.6
 21
47.8
 31
0.0
100
AcDbText
 73
2
  0
TEXT
  5
76D
330
6CE
100
AcDbEntity
 67
1
  8
G-ANTET
100
AcDbText
 10
652.6
 20
42.0
 30
0.0
 40
1.8
  1
ÇİZEN
  7
GYM
 11
652.6
 21
42.0
 31
0.0
100
AcDbText
 73
2
  0
TEXT
  5
76E
330
6CE
100
AcDbEntity
 67
1
  8
G-ANTET
100
AcDbText
 10
652.6
 20
37.6
 30
0.0
 40
2.5
  1
CC
  7
GYM
 11
652.6
 21
37.6
 31
0.0
100
AcDbText
 73
2
  0
TEXT
  5
76F
330
6CE
100
AcDbEntity
 67
1
  8
G-ANTET
100
AcDbText
 10
712.6
 20
42.0
 30
0.0
 40
1.8
  1
KONTROL
  7
GYM
 11
712.6
 21
42.0
 31
0.0
100
AcDbText
 73
2
  0
TEXT
  5
770
330
6CE
100
AcDbEntity
 67
1
  8
G-ANTET
100
AcDbText
 10
712.6
 20
37.6
 30
0.0
 40
2.5
  1
—
  7
GYM
 11
712.6
 21
37.6
 31
0.0
100
AcDbText
 73
2
  0
TEXT
  5
771
330
6CE
100
AcDbEntity
 67
1
  8
G-ANTET
100
AcDbText
 10
772.6
 20
42.0
 30
0.0
 40
1.8
  1
ONAY
  7
GYM
 11
772.6
 21
42.0
 31
0.0
100
AcDbText
 73
2
  0
TEXT
  5
772
330
6CE
100
AcDbEntity
 67
1
  8
G-ANTET
100
AcDbText
 10
772.6
 20
37.6
 30
0.0
 40
2.5
  1
—
  7
GYM
 11
772.6
 21
37.6
 31
0.0
100
AcDbText
 73
2
  0
TEXT
  5
773
330
6CE
100
AcDbEntity
 67
1
  8
G-ANTET
100
AcDbText
 10
652.6
 20
32.0
 30
0.0
 40
1.8
  1
TARİH
  7
GYM
 11
652.6
 21
32.0
 31
0.0
100
AcDbText
 73
2
  0
TEXT
  5
774
330
6CE
100
AcDbEntity
 67
1
  8
G-ANTET
100
AcDbText
 10
652.6
 20
27.6
 30
0.0
 40
2.5
  1
17 Eylül 2026
  7
GYM
 11
652.6
 21
27.6
 31
0.0
100
AcDbText
 73
2
  0
TEXT
  5
775
330
6CE
100
AcDbEntity
 67
1
  8
G-ANTET
100
AcDbText
 10
712.6
 20
32.0
 30
0.0
 40
1.8
  1
ÖLÇEK
  7
GYM
 11
712.6
 21
32.0
 31
0.0
100
AcDbText
 73
2
  0
TEXT
  5
776
330
6CE
100
AcDbEntity
 67
1
  8
G-ANTET
100
AcDbText
 10
712.6
 20
27.6
 30
0.0
 40
3.5
  1
1:50
  7
GYM
 11
712.6
 21
27.6
 31
0.0
100
AcDbText
 73
2
  0
TEXT
  5
777
330
6CE
100
AcDbEntity
 67
1
  8
G-ANTET
100
AcDbText
 10
772.6
 20
32.0
 30
0.0
 40
1.8
  1
BİRİM
  7
GYM
 11
772.6
 21
32.0
 31
0.0
100
AcDbText
 73
2
  0
TEXT
  5
778
330
6CE
100
AcDbEntity
 67
1
  8
G-ANTET
100
AcDbText
 10
772.6
 20
27.6
 30
0.0
 40
2.5
  1
milimetre (mm)
  7
GYM
 11
772.6
 21
27.6
 31
0.0
100
AcDbText
 73
2
  0
TEXT
  5
779
330
6CE
100
AcDbEntity
 67
1
  8
G-ANTET
100
AcDbText
 10
652.6
 20
22.0
 30
0.0
 40
1.8
  1
DURUM
  7
GYM
 11
652.6
 21
22.0
 31
0.0
100
AcDbText
 73
2
  0
TEXT
  5
77A
330
6CE
100
AcDbEntity
 67
1
  8
G-ANTET
100
AcDbText
 10
652.6
 20
17.6
 30
0.0
 40
2.5
  1
ÖN TASARIM
  7
GYM
 11
652.6
 21
17.6
 31
0.0
100
AcDbText
 73
2
  0
TEXT
  5
77B
330
6CE
100
AcDbEntity
 67
1
  8
G-ANTET
100
AcDbText
 10
712.6
 20
22.0
 30
0.0
 40
1.8
  1
PAFTA NO
  7
GYM
 11
712.6
 21
22.0
 31
0.0
100
AcDbText
 73
2
  0
TEXT
  5
77C
330
6CE
100
AcDbEntity
 67
1
  8
G-ANTET
100
AcDbText
 10
712.6
 20
17.6
 30
0.0
 40
5.0
  1
E-01
  7
GYM
 11
712.6
 21
17.6
 31
0.0
100
AcDbText
 73
2
  0
TEXT
  5
77D
330
6CE
100
AcDbEntity
 67
1
  8
G-ANTET
100
AcDbText
 10
772.6
 20
22.0
 30
0.0
 40
1.8
  1
REV
  7
GYM
 11
772.6
 21
22.0
 31
0.0
100
AcDbText
 73
2
  0
TEXT
  5
77E
330
6CE
100
AcDbEntity
 67
1
  8
G-ANTET
100
AcDbText
 10
772.6
 20
17.6
 30
0.0
 40
5.0
  1
G
  7
GYM
 11
772.6
 21
17.6
 31
0.0
100
AcDbText
 73
2
  0
TEXT
  5
77F
330
6CE
100
AcDbEntity
 67
1
  8
G-ANTET
100
AcDbText
 10
801.0
 20
18.0
 30
0.0
 40
1.8
  1
SONRAKİ: E-02
  7
GYM
 11
801.0
 21
18.0
 31
0.0
100
AcDbText
 73
2
  0
LWPOLYLINE
  5
780
330
6CE
100
AcDbEntity
 67
1
  8
G-ANTET
370
50
100
AcDbPolyline
 90
4
 70
1
 10
651.0
 20
107.0
 10
831.0
 20
107.0
 10
831.0
 20
143.0
 10
651.0
 20
143.0
  0
LINE
  5
781
330
6CE
100
AcDbEntity
 67
1
  8
G-ANTET
370
18
100
AcDbLine
 10
651.0
 20
107.0
 30
0.0
 11
831.0
 21
107.0
 31
0.0
  0
LINE
  5
782
330
6CE
100
AcDbEntity
 67
1
  8
G-ANTET
370
18
100
AcDbLine
 10
651.0
 20
113.0
 30
0.0
 11
831.0
 21
113.0
 31
0.0
  0
LINE
  5
783
330
6CE
100
AcDbEntity
 67
1
  8
G-ANTET
370
18
100
AcDbLine
 10
651.0
 20
119.0
 30
0.0
 11
831.0
 21
119.0
 31
0.0
  0
LINE
  5
784
330
6CE
100
AcDbEntity
 67
1
  8
G-ANTET
370
18
100
AcDbLine
 10
651.0
 20
125.0
 30
0.0
 11
831.0
 21
125.0
 31
0.0
  0
LINE
  5
785
330
6CE
100
AcDbEntity
 67
1
  8
G-ANTET
370
18
100
AcDbLine
 10
651.0
 20
131.0
 30
0.0
 11
831.0
 21
131.0
 31
0.0
  0
LINE
  5
786
330
6CE
100
AcDbEntity
 67
1
  8
G-ANTET
370
18
100
AcDbLine
 10
651.0
 20
137.0
 30
0.0
 11
831.0
 21
137.0
 31
0.0
  0
LINE
  5
787
330
6CE
100
AcDbEntity
 67
1
  8
G-ANTET
370
18
100
AcDbLine
 10
663.0
 20
107.0
 30
0.0
 11
663.0
 21
143.0
 31
0.0
  0
LINE
  5
788
330
6CE
100
AcDbEntity
 67
1
  8
G-ANTET
370
18
100
AcDbLine
 10
687.0
 20
107.0
 30
0.0
 11
687.0
 21
143.0
 31
0.0
  0
LINE
  5
789
330
6CE
100
AcDbEntity
 67
1
  8
G-ANTET
370
18
100
AcDbLine
 10
777.0
 20
107.0
 30
0.0
 11
777.0
 21
143.0
 31
0.0
  0
LINE
  5
78A
330
6CE
100
AcDbEntity
 67
1
  8
G-ANTET
370
18
100
AcDbLine
 10
795.0
 20
107.0
 30
0.0
 11
795.0
 21
143.0
 31
0.0
  0
LINE
  5
78B
330
6CE
100
AcDbEntity
 67
1
  8
G-ANTET
370
18
100
AcDbLine
 10
813.0
 20
107.0
 30
0.0
 11
813.0
 21
143.0
 31
0.0
  0
TEXT
  5
78C
330
6CE
100
AcDbEntity
 67
1
  8
G-ANTET
100
AcDbText
 10
652.2
 20
140.0
 30
0.0
 40
1.8
  1
REV
  7
GYM
 11
652.2
 21
140.0
 31
0.0
100
AcDbText
 73
2
  0
TEXT
  5
78D
330
6CE
100
AcDbEntity
 67
1
  8
G-ANTET
100
AcDbText
 10
664.2
 20
140.0
 30
0.0
 40
1.8
  1
TARİH
  7
GYM
 11
664.2
 21
140.0
 31
0.0
100
AcDbText
 73
2
  0
TEXT
  5
78E
330
6CE
100
AcDbEntity
 67
1
  8
G-ANTET
100
AcDbText
 10
688.2
 20
140.0
 30
0.0
 40
1.8
  1
AÇIKLAMA
  7
GYM
 11
688.2
 21
140.0
 31
0.0
100
AcDbText
 73
2
  0
TEXT
  5
78F
330
6CE
100
AcDbEntity
 67
1
  8
G-ANTET
100
AcDbText
 10
778.2
 20
140.0
 30
0.0
 40
1.8
  1
ÇZ
  7
GYM
 11
778.2
 21
140.0
 31
0.0
100
AcDbText
 73
2
  0
TEXT
  5
790
330
6CE
100
AcDbEntity
 67
1
  8
G-ANTET
100
AcDbText
 10
796.2
 20
140.0
 30
0.0
 40
1.8
  1
KT
  7
GYM
 11
796.2
 21
140.0
 31
0.0
100
AcDbText
 73
2
  0
TEXT
  5
791
330
6CE
100
AcDbEntity
 67
1
  8
G-ANTET
100
AcDbText
 10
814.2
 20
140.0
 30
0.0
 40
1.8
  1
ON
  7
GYM
 11
814.2
 21
140.0
 31
0.0
100
AcDbText
 73
2
  0
TEXT
  5
792
330
6CE
100
AcDbEntity
 67
1
  8
G-ANTET
100
AcDbText
 10
652.2
 20
134.0
 30
0.0
 40
1.8
  1
A
  7
GYM
 11
652.2
 21
134.0
 31
0.0
100
AcDbText
 73
2
  0
TEXT
  5
793
330
6CE
100
AcDbEntity
 67
1
  8
G-ANTET
100
AcDbText
 10
664.2
 20
134.0
 30
0.0
 40
1.8
  1
17.09.2026
  7
GYM
 11
664.2
 21
134.0
 31
0.0
100
AcDbText
 73
2
  0
TEXT
  5
794
330
6CE
100
AcDbEntity
 67
1
  8
G-ANTET
100
AcDbText
 10
688.2
 20
134.0
 30
0.0
 40
1.8
  1
İlk yayın — ön tasarım
  7
GYM
 11
688.2
 21
134.0
 31
0.0
100
AcDbText
 73
2
  0
TEXT
  5
795
330
6CE
100
AcDbEntity
 67
1
  8
G-ANTET
100
AcDbText
 10
778.2
 20
134.0
 30
0.0
 40
1.8
  1
CC
  7
GYM
 11
778.2
 21
134.0
 31
0.0
100
AcDbText
 73
2
  0
TEXT
  5
796
330
6CE
100
AcDbEntity
 67
1
  8
G-ANTET
100
AcDbText
 10
796.2
 20
134.0
 30
0.0
 40
1.8
  1
—
  7
GYM
 11
796.2
 21
134.0
 31
0.0
100
AcDbText
 73
2
  0
TEXT
  5
797
330
6CE
100
AcDbEntity
 67
1
  8
G-ANTET
100
AcDbText
 10
814.2
 20
134.0
 30
0.0
 40
1.8
  1
—
  7
GYM
 11
814.2
 21
134.0
 31
0.0
100
AcDbText
 73
2
  0
TEXT
  5
798
330
6CE
100
AcDbEntity
 67
1
  8
G-ANTET
100
AcDbText
 10
652.2
 20
128.0
 30
0.0
 40
1.8
  1
B
  7
GYM
 11
652.2
 21
128.0
 31
0.0
100
AcDbText
 73
2
  0
TEXT
  5
799
330
6CE
100
AcDbEntity
 67
1
  8
G-ANTET
100
AcDbText
 10
664.2
 20
128.0
 30
0.0
 40
1.8
  1
18.09.2026
  7
GYM
 11
664.2
 21
128.0
 31
0.0
100
AcDbText
 73
2
  0
TEXT
  5
79A
330
6CE
100
AcDbEntity
 67
1
  8
G-ANTET
100
AcDbText
 10
688.2
 20
128.0
 30
0.0
 40
1.8
  1
Aks sistemi, zincir ölçü, ISO 5457/7200 pafta
  7
GYM
 11
688.2
 21
128.0
 31
0.0
100
AcDbText
 73
2
  0
TEXT
  5
79B
330
6CE
100
AcDbEntity
 67
1
  8
G-ANTET
100
AcDbText
 10
778.2
 20
128.0
 30
0.0
 40
1.8
  1
CC
  7
GYM
 11
778.2
 21
128.0
 31
0.0
100
AcDbText
 73
2
  0
TEXT
  5
79C
330
6CE
100
AcDbEntity
 67
1
  8
G-ANTET
100
AcDbText
 10
796.2
 20
128.0
 30
0.0
 40
1.8
  1
—
  7
GYM
 11
796.2
 21
128.0
 31
0.0
100
AcDbText
 73
2
  0
TEXT
  5
79D
330
6CE
100
AcDbEntity
 67
1
  8
G-ANTET
100
AcDbText
 10
814.2
 20
128.0
 30
0.0
 40
1.8
  1
—
  7
GYM
 11
814.2
 21
128.0
 31
0.0
100
AcDbText
 73
2
  0
TEXT
  5
79E
330
6CE
100
AcDbEntity
 67
1
  8
G-ANTET
100
AcDbText
 10
652.2
 20
122.0
 30
0.0
 40
1.8
  1
C
  7
GYM
 11
652.2
 21
122.0
 31
0.0
100
AcDbText
 73
2
  0
TEXT
  5
79F
330
6CE
100
AcDbEntity
 67
1
  8
G-ANTET
100
AcDbText
 10
664.2
 20
122.0
 30
0.0
 40
1.8
  1
18.09.2026
  7
GYM
 11
664.2
 21
122.0
 31
0.0
100
AcDbText
 73
2
  0
TEXT
  5
7A0
330
6CE
100
AcDbEntity
 67
1
  8
G-ANTET
100
AcDbText
 10
688.2
 20
122.0
 30
0.0
 40
1.8
  1
A1 pafta, tekil DXF, ADP tek hat şeması CAD'de
  7
GYM
 11
688.2
 21
122.0
 31
0.0
100
AcDbText
 73
2
  0
TEXT
  5
7A1
330
6CE
100
AcDbEntity
 67
1
  8
G-ANTET
100
AcDbText
 10
778.2
 20
122.0
 30
0.0
 40
1.8
  1
CC
  7
GYM
 11
778.2
 21
122.0
 31
0.0
100
AcDbText
 73
2
  0
TEXT
  5
7A2
330
6CE
100
AcDbEntity
 67
1
  8
G-ANTET
100
AcDbText
 10
796.2
 20
122.0
 30
0.0
 40
1.8
  1
—
  7
GYM
 11
796.2
 21
122.0
 31
0.0
100
AcDbText
 73
2
  0
TEXT
  5
7A3
330
6CE
100
AcDbEntity
 67
1
  8
G-ANTET
100
AcDbText
 10
814.2
 20
122.0
 30
0.0
 40
1.8
  1
—
  7
GYM
 11
814.2
 21
122.0
 31
0.0
100
AcDbText
 73
2
  0
VIEWPORT
  5
7A4
330
6CE
100
AcDbEntity
 67
1
  8
G-VIEWPORT
100
AcDbViewport
 10
337.0
 20
297.0
 30
0.0
 40
616.0
 41
556.0
 68
1
 69
3
 12
5781.402523373163
 22
6494.971236472614
 13
0.0
 23
0.0
 14
10.0
 24
10.0
 15
10.0
 25
10.0
 16
0.0
 26
0.0
 36
1.0
 17
0.0
 27
0.0
 37
0.0
 42
50.0
 43
0.0
 44
0.0
 45
27800.0
 50
0.0
 51
0.0
 72
100
331
9D
331
9E
331
9F
331
A0
331
A1
331
A2
331
A3
331
A4
331
A5
331
A6
331
A7
331
A8
331
A9
331
AA
331
AB
331
B0
331
B1
331
B2
331
B3
331
B4
331
B5
331
B6
331
B9
331
BA
331
BB
331
BC
 90
0
  1

281
0
 71
0
 74
0
110
0.0
120
0.0
130
0.0
111
1.0
121
0.0
131
0.0
112
0.0
122
1.0
132
0.0
 79
0
146
0.0
282
0
  0
LWPOLYLINE
  5
7A5
330
6CE
100
AcDbEntity
 67
1
  8
G-CERCEVE
370
18
100
AcDbPolyline
 90
4
 70
1
 10
29.0
 20
19.0
 10
645.0
 20
19.0
 10
645.0
 20
575.0
 10
29.0
 20
575.0
  0
CIRCLE
  5
7A6
330
6CE
100
AcDbEntity
 67
1
  8
G-ANTET
370
35
100
AcDbCircle
 10
628.0
 20
558.0
 30
0.0
 40
9.0
  0
LWPOLYLINE
  5
7A7
330
6CE
100
AcDbEntity
 67
1
  8
G-ANTET
370
50
100
AcDbPolyline
 90
4
 70
1
 10
628.0
 20
565.74
 10
624.94
 20
553.32
 10
628.0
 20
556.38
 10
631.06
 20
553.32
  0
HATCH
  5
7A8
330
6CE
100
AcDbEntity
 67
1
  8
G-ANTET
 62
7
100
AcDbHatch
 10
0.0
 20
0.0
 30
0.0
210
0.0
220
0.0
230
1.0
  2
SOLID
 70
1
 71
0
 91
1
 92
3
 72
0
 73
1
 93
3
 10
628.0
 20
565.74
 10
624.94
 20
553.32
 10
628.0
 20
556.38
 97
0
 75
0
 76
1
 98
0
  0
TEXT
  5
7A9
330
6CE
100
AcDbEntity
 67
1
  8
G-ANTET
100
AcDbText
 10
628.0
 20
545.0
 30
0.0
 40
3.5
  1
K
  7
GYM
 72
1
 11
628.0
 21
545.0
 31
0.0
100
AcDbText
 73
2
  0
HATCH
  5
7AA
330
6CE
100
AcDbEntity
 67
1
  8
G-ANTET
 62
7
100
AcDbHatch
 10
0.0
 20
0.0
 30
0.0
210
0.0
220
0.0
230
1.0
  2
SOLID
 70
1
 71
0
 91
1
 92
3
 72
0
 73
1
 93
4
 10
37.0
 20
27.0
 10
57.0
 20
27.0
 10
57.0
 20
29.2
 10
37.0
 20
29.2
 97
0
 75
0
 76
1
 98
0
  0
LWPOLYLINE
  5
7AB
330
6CE
100
AcDbEntity
 67
1
  8
G-ANTET
370
18
100
AcDbPolyline
 90
4
 70
1
 10
37.0
 20
27.0
 10
57.0
 20
27.0
 10
57.0
 20
29.2
 10
37.0
 20
29.2
  0
HATCH
  5
7AC
330
6CE
100
AcDbEntity
 67
1
  8
G-ANTET
 62
0
100
AcDbHatch
 10
0.0
 20
0.0
 30
0.0
210
0.0
220
0.0
230
1.0
  2
SOLID
 70
1
 71
0
 91
1
 92
3
 72
0
 73
1
 93
4
 10
57.0
 20
27.0
 10
77.0
 20
27.0
 10
77.0
 20
29.2
 10
57.0
 20
29.2
 97
0
 75
0
 76
1
 98
0
  0
LWPOLYLINE
  5
7AD
330
6CE
100
AcDbEntity
 67
1
  8
G-ANTET
370
18
100
AcDbPolyline
 90
4
 70
1
 10
57.0
 20
27.0
 10
77.0
 20
27.0
 10
77.0
 20
29.2
 10
57.0
 20
29.2
  0
HATCH
  5
7AE
330
6CE
100
AcDbEntity
 67
1
  8
G-ANTET
 62
7
100
AcDbHatch
 10
0.0
 20
0.0
 30
0.0
210
0.0
220
0.0
230
1.0
  2
SOLID
 70
1
 71
0
 91
1
 92
3
 72
0
 73
1
 93
4
 10
77.0
 20
27.0
 10
97.0
 20
27.0
 10
97.0
 20
29.2
 10
77.0
 20
29.2
 97
0
 75
0
 76
1
 98
0
  0
LWPOLYLINE
  5
7AF
330
6CE
100
AcDbEntity
 67
1
  8
G-ANTET
370
18
100
AcDbPolyline
 90
4
 70
1
 10
77.0
 20
27.0
 10
97.0
 20
27.0
 10
97.0
 20
29.2
 10
77.0
 20
29.2
  0
HATCH
  5
7B0
330
6CE
100
AcDbEntity
 67
1
  8
G-ANTET
 62
0
100
AcDbHatch
 10
0.0
 20
0.0
 30
0.0
210
0.0
220
0.0
230
1.0
  2
SOLID
 70
1
 71
0
 91
1
 92
3
 72
0
 73
1
 93
4
 10
97.0
 20
27.0
 10
117.0
 20
27.0
 10
117.0
 20
29.2
 10
97.0
 20
29.2
 97
0
 75
0
 76
1
 98
0
  0
LWPOLYLINE
  5
7B1
330
6CE
100
AcDbEntity
 67
1
  8
G-ANTET
370
18
100
AcDbPolyline
 90
4
 70
1
 10
97.0
 20
27.0
 10
117.0
 20
27.0
 10
117.0
 20
29.2
 10
97.0
 20
29.2
  0
HATCH
  5
7B2
330
6CE
100
AcDbEntity
 67
1
  8
G-ANTET
 62
7
100
AcDbHatch
 10
0.0
 20
0.0
 30
0.0
210
0.0
220
0.0
230
1.0
  2
SOLID
 70
1
 71
0
 91
1
 92
3
 72
0
 73
1
 93
4
 10
117.0
 20
27.0
 10
137.0
 20
27.0
 10
137.0
 20
29.2
 10
117.0
 20
29.2
 97
0
 75
0
 76
1
 98
0
  0
LWPOLYLINE
  5
7B3
330
6CE
100
AcDbEntity
 67
1
  8
G-ANTET
370
18
100
AcDbPolyline
 90
4
 70
1
 10
117.0
 20
27.0
 10
137.0
 20
27.0
 10
137.0
 20
29.2
 10
117.0
 20
29.2
  0
TEXT
  5
7B4
330
6CE
100
AcDbEntity
 67
1
  8
G-ANTET
100
AcDbText
 10
37.0
 20
23.8
 30
0.0
 40
1.8
  1
0
  7
GYM
 72
1
 11
37.0
 21
23.8
 31
0.0
100
AcDbText
 73
2
  0
TEXT
  5
7B5
330
6CE
100
AcDbEntity
 67
1
  8
G-ANTET
100
AcDbText
 10
57.0
 20
23.8
 30
0.0
 40
1.8
  1
1
  7
GYM
 72
1
 11
57.0
 21
23.8
 31
0.0
100
AcDbText
 73
2
  0
TEXT
  5
7B6
330
6CE
100
AcDbEntity
 67
1
  8
G-ANTET
100
AcDbText
 10
77.0
 20
23.8
 30
0.0
 40
1.8
  1
2
  7
GYM
 72
1
 11
77.0
 21
23.8
 31
0.0
100
AcDbText
 73
2
  0
TEXT
  5
7B7
330
6CE
100
AcDbEntity
 67
1
  8
G-ANTET
100
AcDbText
 10
97.0
 20
23.8
 30
0.0
 40
1.8
  1
3
  7
GYM
 72
1
 11
97.0
 21
23.8
 31
0.0
100
AcDbText
 73
2
  0
TEXT
  5
7B8
330
6CE
100
AcDbEntity
 67
1
  8
G-ANTET
100
AcDbText
 10
117.0
 20
23.8
 30
0.0
 40
1.8
  1
4
  7
GYM
 72
1
 11
117.0
 21
23.8
 31
0.0
100
AcDbText
 73
2
  0
TEXT
  5
7B9
330
6CE
100
AcDbEntity
 67
1
  8
G-ANTET
100
AcDbText
 10
137.0
 20
23.8
 30
0.0
 40
1.8
  1
5
  7
GYM
 72
1
 11
137.0
 21
23.8
 31
0.0
100
AcDbText
 73
2
  0
TEXT
  5
7BA
330
6CE
100
AcDbEntity
 67
1
  8
G-ANTET
100
AcDbText
 10
140.0
 20
28.1
 30
0.0
 40
1.8
  1
m
  7
GYM
 11
140.0
 21
28.1
 31
0.0
100
AcDbText
 73
2
  0
TEXT
  5
7BB
330
6CE
100
AcDbEntity
 67
1
  8
G-ANTET
100
AcDbText
 10
37.0
 20
31.0
 30
0.0
 40
1.8
  1
ÖLÇEK 1:50
  7
GYM
 11
37.0
 21
31.0
 31
0.0
100
AcDbText
 73
2
  0
LWPOLYLINE
  5
7BC
330
6CE
100
AcDbEntity
 67
1
  8
G-ANTET
 62
1
370
50
100
AcDbPolyline
 90
4
 70
1
 10
573.0
 20
27.0
 10
643.0
 20
27.0
 10
643.0
 20
36.0
 10
573.0
 20
36.0
  0
TEXT
  5
7BD
330
6CE
100
AcDbEntity
 67
1
  8
G-ANTET
 62
1
100
AcDbText
 10
608.0
 20
31.5
 30
0.0
 40
1.8
  1
ÖN TASARIM — UYGULAMA İÇİN DEĞİLDİR
  7
GYM
 72
1
 11
608.0
 21
31.5
 31
0.0
100
AcDbText
 73
2
  0
TEXT
  5
7BE
330
6CE
100
AcDbEntity
 67
1
  8
G-YAZI
100
AcDbText
 10
31.0
 20
577.2
 30
0.0
 40
1.8
  1
ÖLÇÜ ALINMAZ — YAZILI ÖLÇÜLER GEÇERLİDİR
  7
GYM
 11
31.0
 21
577.2
 31
0.0
100
AcDbText
 73
2
  0
TEXT
  5
7BF
330
6CE
100
AcDbEntity
 67
1
  8
G-YAZI
100
AcDbText
 10
651.0
 20
573.0
 30
0.0
 40
3.5
  1
ANAHTAR PLAN
  7
GYM
 11
651.0
 21
573.0
 31
0.0
100
AcDbText
 73
2
  0
LINE
  5
7C0
330
6CE
100
AcDbEntity
 67
1
  8
G-YAZI
370
35
100
AcDbLine
 10
651.0
 20
570.6
 30
0.0
 11
831.0
 21
570.6
 31
0.0
  0
LWPOLYLINE
  5
7C1
330
6CE
100
AcDbEntity
 67
1
  8
G-ANTET
370
35
100
AcDbPolyline
 90
4
 70
1
 10
651.0
 20
518.0
 10
831.0
 20
518.0
 10
831.0
 20
566.0
 10
651.0
 20
566.0
  0
LWPOLYLINE
  5
7C2
330
6CE
100
AcDbEntity
 67
1
  8
G-ANTET
370
35
100
AcDbPolyline
 90
28
 70
1
 10
757.1062355658198
 20
537.270207852194
 10
758.8029253271748
 20
525.3995381062356
 10
755.3941493456505
 20
525.2209391839876
 10
755.2217090069284
 20
526.7482678983833
 10
754.3471901462664
 20
526.7174749807544
 10
754.4518860662048
 20
525.1347190146266
 10
752.5349479953162
 20
523.6045316071629
 10
752.545804464973
 20
523.5334872979215
 10
750.676674364896
 20
522.0
 10
733.1770592763664
 20
522.0
 10
729.2232486528098
 20
526.788298691301
 10
728.5304080061586
 20
525.3102386451117
 10
724.9799846035412
 20
525.8398768283295
 10
723.1970746728252
 20
543.0623556581986
 10
726.6951501154734
 20
543.342571208622
 10
725.8237105465743
 20
547.7798306389531
 10
742.8799076212471
 20
549.6058506543495
 10
741.1801385681293
 20
560.4880677444188
 10
753.6358737490377
 20
562.0
 10
755.5019245573518
 20
549.008468052348
 10
748.7983063895304
 20
548.0569668976135
 10
749.3267740458115
 20
544.5986953983345
 10
748.8444957659738
 20
548.0015396458814
 10
755.4464973056197
 20
548.9530408006159
 10
757.0569668976135
 20
537.6428021555042
 10
750.53138234719
 20
536.7157861853696
 10
750.5883503174795
 20
536.3429900346829
 10
757.1062355658198
 20
537.270207852194
  0
LWPOLYLINE
  5
7C3
330
6CE
100
AcDbEntity
 67
1
  8
G-ANTET
370
13
100
AcDbPolyline
 90
5
 70
1
 10
755.4464973056197
 20
548.9530408006159
 10
748.8444957659738
 20
548.0015396458814
 10
750.445727482679
 20
536.7036181678214
 10
757.0569668976135
 20
537.6428021555042
 10
755.4464973056197
 20
548.9530408006159
  0
LWPOLYLINE
  5
7C4
330
6CE
100
AcDbEntity
 67
1
  8
G-ANTET
370
13
100
AcDbPolyline
 90
9
 70
1
 10
757.1062355658198
 20
537.270207852194
 10
750.504234026174
 20
536.3310238645112
 10
752.3456505003849
 20
523.4534257120862
 10
754.4518860662048
 20
525.1347190146266
 10
754.3471901462664
 20
526.7174749807544
 10
755.2217090069284
 20
526.7482678983833
 10
755.3941493456505
 20
525.2209391839876
 10
758.8029253271748
 20
525.3995381062356
 10
757.1062355658198
 20
537.270207852194
  0
TEXT
  5
7C5
330
6CE
100
AcDbEntity
 67
1
  8
G-YAZI
100
AcDbText
 10
651.0
 20
514.0
 30
0.0
 40
3.5
  1
LEJANT
  7
GYM
 11
651.0
 21
514.0
 31
0.0
100
AcDbText
 73
2
  0
LINE
  5
7C6
330
6CE
100
AcDbEntity
 67
1
  8
G-YAZI
370
35
100
AcDbLine
 10
651.0
 20
511.6
 30
0.0
 11
831.0
 21
511.6
 31
0.0
  0
LINE
  5
7C7
330
6CE
100
AcDbEntity
 67
1
  8
G-ANTET
  6
Continuous
 62
8
370
35
100
AcDbLine
 10
651.0
 20
507.0
 30
0.0
 11
663.0
 21
507.0
 31
0.0
  0
TEXT
  5
7C8
330
6CE
100
AcDbEntity
 67
1
  8
G-YAZI
100
AcDbText
 10
666.0
 20
507.0
 30
0.0
 40
1.8
  1
Mimari — mevcut duvar (korunuyor)
  7
GYM
 11
666.0
 21
507.0
 31
0.0
100
AcDbText
 73
2
  0
LINE
  5
7C9
330
6CE
100
AcDbEntity
 67
1
  8
G-ANTET
  6
Continuous
 62
1
370
35
100
AcDbLine
 10
651.0
 20
502.4
 30
0.0
 11
663.0
 21
502.4
 31
0.0
  0
TEXT
  5
7CA
330
6CE
100
AcDbEntity
 67
1
  8
G-YAZI
100
AcDbText
 10
666.0
 20
502.4
 30
0.0
 40
1.8
  1
Mimari — yeni alçıpan bölme
  7
GYM
 11
666.0
 21
502.4
 31
0.0
100
AcDbText
 73
2
  0
LINE
  5
7CB
330
6CE
100
AcDbEntity
 67
1
  8
G-ANTET
  6
Continuous
 62
5
370
25
100
AcDbLine
 10
651.0
 20
497.79999999999995
 30
0.0
 11
663.0
 21
497.79999999999995
 31
0.0
  0
TEXT
  5
7CC
330
6CE
100
AcDbEntity
 67
1
  8
G-YAZI
100
AcDbText
 10
666.0
 20
497.79999999999995
 30
0.0
 40
1.8
  1
Mimari — cephe doğraması
  7
GYM
 11
666.0
 21
497.79999999999995
 31
0.0
100
AcDbText
 73
2
  0
LINE
  5
7CD
330
6CE
100
AcDbEntity
 67
1
  8
G-ANTET
  6
Continuous
 62
8
370
18
100
AcDbLine
 10
651.0
 20
493.19999999999993
 30
0.0
 11
663.0
 21
493.19999999999993
 31
0.0
  0
TEXT
  5
7CE
330
6CE
100
AcDbEntity
 67
1
  8
G-YAZI
100
AcDbText
 10
666.0
 20
493.19999999999993
 30
0.0
 40
1.8
  1
Mimari — kapı ve açılım
  7
GYM
 11
666.0
 21
493.19999999999993
 31
0.0
100
AcDbText
 73
2
  0
LINE
  5
7CF
330
6CE
100
AcDbEntity
 67
1
  8
G-ANTET
  6
Continuous
 62
9
370
18
100
AcDbLine
 10
651.0
 20
488.5999999999999
 30
0.0
 11
663.0
 21
488.5999999999999
 31
0.0
  0
TEXT
  5
7D0
330
6CE
100
AcDbEntity
 67
1
  8
G-YAZI
100
AcDbText
 10
666.0
 20
488.5999999999999
 30
0.0
 40
1.8
  1
Mimari — spor ekipmanı (işverence temin)
  7
GYM
 11
666.0
 21
488.5999999999999
 31
0.0
100
AcDbText
 73
2
  0
LINE
  5
7D1
330
6CE
100
AcDbEntity
 67
1
  8
G-ANTET
  6
Continuous
 62
9
370
18
100
AcDbLine
 10
651.0
 20
483.9999999999999
 30
0.0
 11
663.0
 21
483.9999999999999
 31
0.0
  0
TEXT
  5
7D2
330
6CE
100
AcDbEntity
 67
1
  8
G-YAZI
100
AcDbText
 10
666.0
 20
483.9999999999999
 30
0.0
 40
1.8
  1
Mimari — sabit mobilya
  7
GYM
 11
666.0
 21
483.9999999999999
 31
0.0
100
AcDbText
 73
2
  0
LINE
  5
7D3
330
6CE
100
AcDbEntity
 67
1
  8
G-ANTET
  6
Continuous
 62
7
370
13
100
AcDbLine
 10
651.0
 20
479.39999999999986
 30
0.0
 11
663.0
 21
479.39999999999986
 31
0.0
  0
TEXT
  5
7D4
330
6CE
100
AcDbEntity
 67
1
  8
G-YAZI
100
AcDbText
 10
666.0
 20
479.39999999999986
 30
0.0
 40
1.8
  1
Mimari — mahal adı ve alan
  7
GYM
 11
666.0
 21
479.39999999999986
 31
0.0
100
AcDbText
 73
2
  0
LINE
  5
7D5
330
6CE
100
AcDbEntity
 67
1
  8
G-ANTET
  6
Continuous
 62
250
370
18
100
AcDbLine
 10
651.0
 20
474.79999999999984
 30
0.0
 11
663.0
 21
474.79999999999984
 31
0.0
  0
TEXT
  5
7D6
330
6CE
100
AcDbEntity
 67
1
  8
G-YAZI
100
AcDbText
 10
666.0
 20
474.79999999999984
 30
0.0
 40
1.8
  1
Mimari — mahal numarası ve kapı kodu balonu
  7
GYM
 11
666.0
 21
474.79999999999984
 31
0.0
100
AcDbText
 73
2
  0
LINE
  5
7D7
330
6CE
100
AcDbEntity
 67
1
  8
G-ANTET
  6
DASHDOT
 62
1
370
35
100
AcDbLine
 10
651.0
 20
470.1999999999998
 30
0.0
 11
663.0
 21
470.1999999999998
 31
0.0
  0
TEXT
  5
7D8
330
6CE
100
AcDbEntity
 67
1
  8
G-YAZI
100
AcDbText
 10
666.0
 20
470.1999999999998
 30
0.0
 40
1.8
  1
Mimari — kesit ve görünüş hattı
  7
GYM
 11
666.0
 21
470.1999999999998
 31
0.0
100
AcDbText
 73
2
  0
LINE
  5
7D9
330
6CE
100
AcDbEntity
 67
1
  8
G-ANTET
  6
Continuous
 62
30
370
25
100
AcDbLine
 10
651.0
 20
465.5999999999998
 30
0.0
 11
663.0
 21
465.5999999999998
 31
0.0
  0
TEXT
  5
7DA
330
6CE
100
AcDbEntity
 67
1
  8
G-YAZI
100
AcDbText
 10
666.0
 20
465.5999999999998
 30
0.0
 40
1.8
  1
Mimari — zemin kaplama tipi sınırı
  7
GYM
 11
666.0
 21
465.5999999999998
 31
0.0
100
AcDbText
 73
2
  0
LINE
  5
7DB
330
6CE
100
AcDbEntity
 67
1
  8
G-ANTET
  6
Continuous
 62
30
370
13
100
AcDbLine
 10
651.0
 20
460.9999999999998
 30
0.0
 11
663.0
 21
460.9999999999998
 31
0.0
  0
TEXT
  5
7DC
330
6CE
100
AcDbEntity
 67
1
  8
G-YAZI
100
AcDbText
 10
666.0
 20
460.9999999999998
 30
0.0
 40
1.8
  1
Mimari — zemin kaplama tipi ve kotu
  7
GYM
 11
666.0
 21
460.9999999999998
 31
0.0
100
AcDbText
 73
2
  0
LINE
  5
7DD
330
6CE
100
AcDbEntity
 67
1
  8
G-ANTET
  6
Continuous
 62
253
370
13
100
AcDbLine
 10
651.0
 20
456.39999999999975
 30
0.0
 11
663.0
 21
456.39999999999975
 31
0.0
  0
TEXT
  5
7DE
330
6CE
100
AcDbEntity
 67
1
  8
G-YAZI
100
AcDbText
 10
666.0
 20
456.39999999999975
 30
0.0
 40
1.8
  1
Mimari — kauçuk karo derz ızgarası
  7
GYM
 11
666.0
 21
456.39999999999975
 31
0.0
100
AcDbText
 73
2
  0
LINE
  5
7DF
330
6CE
100
AcDbEntity
 67
1
  8
G-ANTET
  6
Continuous
 62
150
370
25
100
AcDbLine
 10
651.0
 20
451.7999999999997
 30
0.0
 11
663.0
 21
451.7999999999997
 31
0.0
  0
TEXT
  5
7E0
330
6CE
100
AcDbEntity
 67
1
  8
G-YAZI
100
AcDbText
 10
666.0
 20
451.7999999999997
 30
0.0
 40
1.8
  1
Mimari — asma tavan tipi sınırı
  7
GYM
 11
666.0
 21
451.7999999999997
 31
0.0
100
AcDbText
 73
2
  0
LINE
  5
7E1
330
6CE
100
AcDbEntity
 67
1
  8
G-ANTET
  6
Continuous
 62
150
370
13
100
AcDbLine
 10
651.0
 20
447.1999999999997
 30
0.0
 11
663.0
 21
447.1999999999997
 31
0.0
  0
TEXT
  5
7E2
330
6CE
100
AcDbEntity
 67
1
  8
G-YAZI
100
AcDbText
 10
666.0
 20
447.1999999999997
 30
0.0
 40
1.8
  1
Mimari — asma tavan tipi ve kotu
  7
GYM
 11
666.0
 21
447.1999999999997
 31
0.0
100
AcDbText
 73
2
  0
LINE
  5
7E3
330
6CE
100
AcDbEntity
 67
1
  8
G-ANTET
  6
Continuous
 62
150
370
18
100
AcDbLine
 10
651.0
 20
442.5999999999997
 30
0.0
 11
663.0
 21
442.5999999999997
 31
0.0
  0
TEXT
  5
7E4
330
6CE
100
AcDbEntity
 67
1
  8
G-YAZI
100
AcDbText
 10
666.0
 20
442.5999999999997
 30
0.0
 40
1.8
  1
Mimari — revizyon kapağı 300×300
  7
GYM
 11
666.0
 21
442.5999999999997
 31
0.0
100
AcDbText
 73
2
  0
LINE
  5
7E5
330
6CE
100
AcDbEntity
 67
1
  8
G-ANTET
  6
Continuous
 62
3
370
50
100
AcDbLine
 10
651.0
 20
437.99999999999966
 30
0.0
 11
663.0
 21
437.99999999999966
 31
0.0
  0
TEXT
  5
7E6
330
6CE
100
AcDbEntity
 67
1
  8
G-YAZI
100
AcDbText
 10
666.0
 20
437.99999999999966
 30
0.0
 40
1.8
  1
Mimari — kaçış yolu ve çıkış
  7
GYM
 11
666.0
 21
437.99999999999966
 31
0.0
100
AcDbText
 73
2
  0
LINE
  5
7E7
330
6CE
100
AcDbEntity
 67
1
  8
G-ANTET
  6
Continuous
 62
1
370
35
100
AcDbLine
 10
651.0
 20
433.39999999999964
 30
0.0
 11
663.0
 21
433.39999999999964
 31
0.0
  0
TEXT
  5
7E8
330
6CE
100
AcDbEntity
 67
1
  8
G-YAZI
100
AcDbText
 10
666.0
 20
433.39999999999964
 30
0.0
 40
1.8
  1
Mimari — söndürücü, dolap, ihbar
  7
GYM
 11
666.0
 21
433.39999999999964
 31
0.0
100
AcDbText
 73
2
  0
LINE
  5
7E9
330
6CE
100
AcDbEntity
 67
1
  8
G-ANTET
  6
Continuous
 62
2
370
25
100
AcDbLine
 10
651.0
 20
428.7999999999996
 30
0.0
 11
663.0
 21
428.7999999999996
 31
0.0
  0
TEXT
  5
7EA
330
6CE
100
AcDbEntity
 67
1
  8
G-YAZI
100
AcDbText
 10
666.0
 20
428.7999999999996
 30
0.0
 40
1.8
  1
Elektrik — lineer LED armatür
  7
GYM
 11
666.0
 21
428.7999999999996
 31
0.0
100
AcDbText
 73
2
  0
LINE
  5
7EB
330
6CE
100
AcDbEntity
 67
1
  8
G-ANTET
  6
Continuous
 62
2
370
25
100
AcDbLine
 10
651.0
 20
424.1999999999996
 30
0.0
 11
663.0
 21
424.1999999999996
 31
0.0
  0
TEXT
  5
7EC
330
6CE
100
AcDbEntity
 67
1
  8
G-YAZI
100
AcDbText
 10
666.0
 20
424.1999999999996
 30
0.0
 40
1.8
  1
Elektrik — IP44 downlight
  7
GYM
 11
666.0
 21
424.1999999999996
 31
0.0
100
AcDbText
 73
2
  0
LINE
  5
7ED
330
6CE
100
AcDbEntity
 67
1
  8
G-ANTET
  6
Continuous
 62
3
370
25
100
AcDbLine
 10
651.0
 20
419.59999999999957
 30
0.0
 11
663.0
 21
419.59999999999957
 31
0.0
  0
TEXT
  5
7EE
330
6CE
100
AcDbEntity
 67
1
  8
G-YAZI
100
AcDbText
 10
666.0
 20
419.59999999999957
 30
0.0
 40
1.8
  1
Elektrik — acil aydınlatma / yönlendirme
  7
GYM
 11
666.0
 21
419.59999999999957
 31
0.0
100
AcDbText
 73
2
  0
LINE
  5
7EF
330
6CE
100
AcDbEntity
 67
1
  8
G-ANTET
  6
Continuous
 62
2
370
18
100
AcDbLine
 10
651.0
 20
414.99999999999955
 30
0.0
 11
663.0
 21
414.99999999999955
 31
0.0
  0
TEXT
  5
7F0
330
6CE
100
AcDbEntity
 67
1
  8
G-YAZI
100
AcDbText
 10
666.0
 20
414.99999999999955
 30
0.0
 40
1.8
  1
Elektrik — anahtar ve sensör
  7
GYM
 11
666.0
 21
414.99999999999955
 31
0.0
100
AcDbText
 73
2
  0
LINE
  5
7F1
330
6CE
100
AcDbEntity
 67
1
  8
G-ANTET
  6
Continuous
 62
2
370
25
100
AcDbLine
 10
651.0
 20
410.3999999999995
 30
0.0
 11
663.0
 21
410.3999999999995
 31
0.0
  0
TEXT
  5
7F2
330
6CE
100
AcDbEntity
 67
1
  8
G-YAZI
100
AcDbText
 10
666.0
 20
410.3999999999995
 30
0.0
 40
1.8
  1
Elektrik — aydınlatma linyesi (ortogonal)
  7
GYM
 11
666.0
 21
410.3999999999995
 31
0.0
100
AcDbText
 73
2
  0
LINE
  5
7F3
330
6CE
100
AcDbEntity
 67
1
  8
G-ANTET
  6
DASHED
 62
2
370
18
100
AcDbLine
 10
651.0
 20
405.7999999999995
 30
0.0
 11
663.0
 21
405.7999999999995
 31
0.0
  0
TEXT
  5
7F4
330
6CE
100
AcDbEntity
 67
1
  8
G-YAZI
100
AcDbText
 10
666.0
 20
405.7999999999995
 30
0.0
 40
1.8
  1
Elektrik — anahtar kumanda sortisi
  7
GYM
 11
666.0
 21
405.7999999999995
 31
0.0
100
AcDbText
 73
2
  0
LINE
  5
7F5
330
6CE
100
AcDbEntity
 67
1
  8
G-ANTET
  6
Continuous
 62
3
370
50
100
AcDbLine
 10
651.0
 20
401.1999999999995
 30
0.0
 11
663.0
 21
401.1999999999995
 31
0.0
  0
TEXT
  5
7F6
330
6CE
100
AcDbEntity
 67
1
  8
G-YAZI
100
AcDbText
 10
666.0
 20
401.1999999999995
 30
0.0
 40
1.8
  1
Elektrik — çubuk elektrot
  7
GYM
 11
666.0
 21
401.1999999999995
 31
0.0
100
AcDbText
 73
2
  0
LINE
  5
7F7
330
6CE
100
AcDbEntity
 67
1
  8
G-ANTET
  6
Continuous
 62
3
370
50
100
AcDbLine
 10
651.0
 20
396.59999999999945
 30
0.0
 11
663.0
 21
396.59999999999945
 31
0.0
  0
TEXT
  5
7F8
330
6CE
100
AcDbEntity
 67
1
  8
G-YAZI
100
AcDbText
 10
666.0
 20
396.59999999999945
 30
0.0
 40
1.8
  1
Elektrik — elektrot bağlantı şeridi
  7
GYM
 11
666.0
 21
396.59999999999945
 31
0.0
100
AcDbText
 73
2
  0
LINE
  5
7F9
330
6CE
100
AcDbEntity
 67
1
  8
G-ANTET
  6
DASHDOT
 62
3
370
35
100
AcDbLine
 10
651.0
 20
391.99999999999943
 30
0.0
 11
663.0
 21
391.99999999999943
 31
0.0
  0
TEXT
  5
7FA
330
6CE
100
AcDbEntity
 67
1
  8
G-YAZI
100
AcDbText
 10
666.0
 20
391.99999999999943
 30
0.0
 40
1.8
  1
Elektrik — topraklama iletkeni
  7
GYM
 11
666.0
 21
391.99999999999943
 31
0.0
100
AcDbText
 73
2
  0
LINE
  5
7FB
330
6CE
100
AcDbEntity
 67
1
  8
G-ANTET
  6
Continuous
 62
3
370
50
100
AcDbLine
 10
651.0
 20
387.3999999999994
 30
0.0
 11
663.0
 21
387.3999999999994
 31
0.0
  0
TEXT
  5
7FC
330
6CE
100
AcDbEntity
 67
1
  8
G-YAZI
100
AcDbText
 10
666.0
 20
387.3999999999994
 30
0.0
 40
1.8
  1
Elektrik — ATB / EPDB barası
  7
GYM
 11
666.0
 21
387.3999999999994
 31
0.0
100
AcDbText
 73
2
  0
LINE
  5
7FD
330
6CE
100
AcDbEntity
 67
1
  8
G-ANTET
  6
Continuous
 62
3
370
13
100
AcDbLine
 10
651.0
 20
382.7999999999994
 30
0.0
 11
663.0
 21
382.7999999999994
 31
0.0
  0
TEXT
  5
7FE
330
6CE
100
AcDbEntity
 67
1
  8
G-YAZI
100
AcDbText
 10
666.0
 20
382.7999999999994
 30
0.0
 40
1.8
  1
Elektrik — topraklama etiketi
  7
GYM
 11
666.0
 21
382.7999999999994
 31
0.0
100
AcDbText
 73
2
  0
LINE
  5
7FF
330
6CE
100
AcDbEntity
 67
1
  8
G-ANTET
  6
Continuous
 62
7
370
50
100
AcDbLine
 10
651.0
 20
378.19999999999936
 30
0.0
 11
663.0
 21
378.19999999999936
 31
0.0
  0
TEXT
  5
800
330
6CE
100
AcDbEntity
 67
1
  8
G-YAZI
100
AcDbText
 10
666.0
 20
378.19999999999936
 30
0.0
 40
1.8
  1
Elektrik — ana dağıtım panosu
  7
GYM
 11
666.0
 21
378.19999999999936
 31
0.0
100
AcDbText
 73
2
  0
LINE
  5
801
330
6CE
100
AcDbEntity
 67
1
  8
G-ANTET
  6
Continuous
 62
7
370
13
100
AcDbLine
 10
651.0
 20
373.59999999999934
 30
0.0
 11
663.0
 21
373.59999999999934
 31
0.0
  0
TEXT
  5
802
330
6CE
100
AcDbEntity
 67
1
  8
G-YAZI
100
AcDbText
 10
666.0
 20
373.59999999999934
 30
0.0
 40
1.8
  1
Elektrik — etiket ve not
  7
GYM
 11
666.0
 21
373.59999999999934
 31
0.0
100
AcDbText
 73
2
  0
TEXT
  5
803
330
6CE
100
AcDbEntity
 67
1
  8
G-YAZI
100
AcDbText
 10
651.0
 20
363.9999999999993
 30
0.0
 40
3.5
  1
GENEL NOTLAR
  7
GYM
 11
651.0
 21
363.9999999999993
 31
0.0
100
AcDbText
 73
2
  0
LINE
  5
804
330
6CE
100
AcDbEntity
 67
1
  8
G-YAZI
370
35
100
AcDbLine
 10
651.0
 20
361.59999999999934
 30
0.0
 11
831.0
 21
361.59999999999934
 31
0.0
  0
TEXT
  5
805
330
6CE
100
AcDbEntity
 67
1
  8
G-YAZI
100
AcDbText
 10
651.0
 20
356.9999999999993
 30
0.0
 40
1.8
  1
1. Tesisat siva alti spiral boru icinde,
  7
GYM
 11
651.0
 21
356.9999999999993
 31
0.0
100
AcDbText
 73
2
  0
TEXT
  5
806
330
6CE
100
AcDbEntity
 67
1
  8
G-YAZI
100
AcDbText
 10
651.0
 20
352.1999999999993
 30
0.0
 40
1.8
  1
2. NHXMH halojensiz kablo.
  7
GYM
 11
651.0
 21
352.1999999999993
 31
0.0
100
AcDbText
 73
2
  0
TEXT
  5
807
330
6CE
100
AcDbEntity
 67
1
  8
G-YAZI
100
AcDbText
 10
651.0
 20
347.3999999999993
 30
0.0
 40
1.8
  1
3. Acil aydinlatma 3 saat bataryali.
  7
GYM
 11
651.0
 21
347.3999999999993
 31
0.0
100
AcDbText
 73
2
  0
ENDSEC
  0
SECTION
  2
OBJECTS
  0
DICTIONARY
  5
A
330
0
100
AcDbDictionary
281
1
  3
ACAD_COLOR
350
B
  3
ACAD_GROUP
350
C
  3
ACAD_LAYOUT
350
D
  3
ACAD_MATERIAL
350
E
  3
ACAD_MLEADERSTYLE
350
F
  3
ACAD_MLINESTYLE
350
10
  3
ACAD_PLOTSETTINGS
350
11
  3
ACAD_PLOTSTYLENAME
350
12
  3
ACAD_SCALELIST
350
14
  3
ACAD_TABLESTYLE
350
15
  3
ACAD_VISUALSTYLE
350
16
  3
EZDXF_META
350
2D
  0
DICTIONARY
  5
B
330
A
100
AcDbDictionary
281
1
  0
DICTIONARY
  5
C
330
A
100
AcDbDictionary
281
1
  0
DICTIONARY
  5
D
330
A
100
AcDbDictionary
281
1
  3
Model
350
1A
  3
E-01 AYDINLATMA PLANI
350
6D1
  3
E-02 PRİZ VE KUVVET PLANI
350
80B
  3
E-03 ZAYIF AKIM PLANI
350
93F
  3
E-04 ELEKTRİK GENEL YERLEŞİM
350
A79
  3
E-05 TOPRAKLAMA VE POTANSİYEL DENGELEME PLANI
350
BB2
  3
E-06 ADP TEK HAT ŞEMASI
350
CE1
  0
DICTIONARY
  5
E
330
A
100
AcDbDictionary
281
1
  3
ByBlock
350
1F
  3
ByLayer
350
20
  3
Global
350
21
  0
DICTIONARY
  5
F
330
A
100
AcDbDictionary
281
1
  3
Standard
350
2C
  0
DICTIONARY
  5
10
330
A
100
AcDbDictionary
281
1
  3
Standard
350
22
  0
DICTIONARY
  5
11
330
A
100
AcDbDictionary
281
1
  0
ACDBDICTIONARYWDFLT
  5
12
330
A
100
AcDbDictionary
281
1
  3
Normal
350
13
100
AcDbDictionaryWithDefault
340
13
  0
ACDBPLACEHOLDER
  5
13
330
12
  0
DICTIONARY
  5
14
330
A
100
AcDbDictionary
281
1
  0
DICTIONARY
  5
15
330
A
100
AcDbDictionary
281
1
  0
DICTIONARY
  5
16
330
A
100
AcDbDictionary
281
1
  3
2dWireframe
350
5A
  3
Basic
350
5B
  3
Brighten
350
5C
  3
ColorChange
350
5D
  3
Conceptual
350
5E
  3
Dim
350
5F
  3
EdgeColorOff
350
60
  3
Facepattern
350
61
  3
Flat
350
62
  3
FlatWithEdges
350
63
  3
Gouraud
350
64
  3
GouraudWithEdges
350
65
  3
Hidden
350
66
  3
JitterOff
350
67
  3
Linepattern
350
68
  3
Modeling
350
69
  3
OverhangOff
350
6A
  3
Realistic
350
6B
  3
Shaded
350
6C
  3
Shaded with edges
350
6D
  3
Shades of Gray
350
6E
  3
Sketchy
350
6F
  3
Thicken
350
70
  3
Wireframe
350
71
  3
X-Ray
350
72
  0
LAYOUT
  5
1A
330
D
100
AcDbPlotSettings
  1

  4
A3
  6

 40
7.5
 41
20.0
 42
7.5
 43
20.0
 44
420.0
 45
297.0
 46
0.0
 47
0.0
 48
0.0
 49
0.0
140
0.0
141
0.0
142
1.0
143
1.0
 70
1024
 72
1
 73
0
 74
5
  7

 75
16
 76
0
 77
2
 78
300
147
1.0
148
0.0
149
0.0
100
AcDbLayout
  1
Model
 70
1
 71
0
 10
0.0
 20
0.0
 11
420.0
 21
297.0
 12
0.0
 22
0.0
 32
0.0
 14
1e+20
 24
1e+20
 34
1e+20
 15
-1e+20
 25
-1e+20
 35
-1e+20
146
0.0
 13
0.0
 23
0.0
 33
0.0
 16
1.0
 26
0.0
 36
0.0
 17
0.0
 27
1.0
 37
0.0
 76
1
330
17
  0
MATERIAL
  5
1F
102
{ACAD_REACTORS
330
E
102
}
330
E
100
AcDbMaterial
  1
ByBlock
  2

 70
0
 40
1.0
 71
1
 41
1.0
 91
-1023410177
 42
1.0
 72
1
  3

 73
1
 74
1
 75
1
 44
0.5
 73
0
 45
1.0
 46
1.0
 77
1
  4

 78
1
 79
1
170
1
 48
1.0
171
1
  6

172
1
173
1
174
1
140
1.0
141
1.0
175
1
  7

176
1
177
1
178
1
143
1.0
179
1
  8

270
1
271
1
272
1
145
1.0
146
1.0
273
1
  9

274
1
275
1
276
1
 42
1.0
 72
1
  3

 73
1
 74
1
 75
1
 94
63
  0
MATERIAL
  5
20
102
{ACAD_REACTORS
330
E
102
}
330
E
100
AcDbMaterial
  1
ByLayer
  2

 70
0
 40
1.0
 71
1
 41
1.0
 91
-1023410177
 42
1.0
 72
1
  3

 73
1
 74
1
 75
1
 44
0.5
 73
0
 45
1.0
 46
1.0
 77
1
  4

 78
1
 79
1
170
1
 48
1.0
171
1
  6

172
1
173
1
174
1
140
1.0
141
1.0
175
1
  7

176
1
177
1
178
1
143
1.0
179
1
  8

270
1
271
1
272
1
145
1.0
146
1.0
273
1
  9

274
1
275
1
276
1
 42
1.0
 72
1
  3

 73
1
 74
1
 75
1
 94
63
  0
MATERIAL
  5
21
102
{ACAD_REACTORS
330
E
102
}
330
E
100
AcDbMaterial
  1
Global
  2

 70
0
 40
1.0
 71
1
 41
1.0
 91
-1023410177
 42
1.0
 72
1
  3

 73
1
 74
1
 75
1
 44
0.5
 73
0
 45
1.0
 46
1.0
 77
1
  4

 78
1
 79
1
170
1
 48
1.0
171
1
  6

172
1
173
1
174
1
140
1.0
141
1.0
175
1
  7

176
1
177
1
178
1
143
1.0
179
1
  8

270
1
271
1
272
1
145
1.0
146
1.0
273
1
  9

274
1
275
1
276
1
 42
1.0
 72
1
  3

 73
1
 74
1
 75
1
 94
63
  0
MLINESTYLE
  5
22
102
{ACAD_REACTORS
330
10
102
}
330
10
100
AcDbMlineStyle
  2
Standard
 70
0
  3

 62
256
 51
90.0
 52
90.0
 71
2
 49
0.5
 62
256
  6
BYLAYER
 49
-0.5
 62
256
  6
BYLAYER
  0
MLEADERSTYLE
  5
2C
102
{ACAD_REACTORS
330
F
102
}
330
F
100
AcDbMLeaderStyle
179
2
170
2
171
1
172
0
 90
2
 40
0.0
 41
0.0
173
1
 91
-1056964608
 92
-2
290
1
 42
2.0
291
1
 43
8.0
  3
Standard
 44
4.0
300

342
29
174
1
175
1
176
0
178
1
 93
-1056964608
 45
4.0
292
0
297
0
 46
4.0
 94
-1056964608
 47
1.0
 49
1.0
140
1.0
294
1
141
0.0
177
0
142
1.0
295
0
296
0
143
3.75
271
0
272
9
273
9
  0
DICTIONARY
  5
2D
330
A
100
AcDbDictionary
280
1
281
1
  3
CREATED_BY_EZDXF
350
2E
  3
WRITTEN_BY_EZDXF
350
12C2
  0
DICTIONARYVAR
  5
2E
330
2D
100
DictionaryVariables
280
0
  1
1.4.4 @ 2026-09-18T09:19:34.945737+00:00
  0
VISUALSTYLE
  5
5A
102
{ACAD_REACTORS
330
16
102
}
330
16
100
AcDbVisualStyle
  2
2dWireframe
 70
4
 90
0
 40
0.6
 62
7
290
0
291
0
  0
VISUALSTYLE
  5
5B
102
{ACAD_REACTORS
330
16
102
}
330
16
100
AcDbVisualStyle
  2
Basic
 70
7
 90
1
 40
0.6
 62
7
290
0
291
1
  0
VISUALSTYLE
  5
5C
102
{ACAD_REACTORS
330
16
102
}
330
16
100
AcDbVisualStyle
  2
Brighten
 70
12
 90
2
 40
0.6
 62
7
290
0
291
1
  0
VISUALSTYLE
  5
5D
102
{ACAD_REACTORS
330
16
102
}
330
16
100
AcDbVisualStyle
  2
ColorChange
 70
16
 90
2
 40
0.6
 62
8
290
0
291
1
  0
VISUALSTYLE
  5
5E
102
{ACAD_REACTORS
330
16
102
}
330
16
100
AcDbVisualStyle
  2
Conceptual
 70
9
 90
3
 40
0.6
 62
7
290
0
291
0
  0
VISUALSTYLE
  5
5F
102
{ACAD_REACTORS
330
16
102
}
330
16
100
AcDbVisualStyle
  2
Dim
 70
11
 90
2
 40
0.6
 62
7
290
0
291
1
  0
VISUALSTYLE
  5
60
102
{ACAD_REACTORS
330
16
102
}
330
16
100
AcDbVisualStyle
  2
EdgeColorOff
 70
22
 90
2
 40
0.6
 62
7
290
0
291
1
  0
VISUALSTYLE
  5
61
102
{ACAD_REACTORS
330
16
102
}
330
16
100
AcDbVisualStyle
  2
Facepattern
 70
15
 90
2
 40
0.6
 62
7
290
0
291
1
  0
VISUALSTYLE
  5
62
102
{ACAD_REACTORS
330
16
102
}
330
16
100
AcDbVisualStyle
  2
Flat
 70
0
 90
2
 40
0.6
 62
7
290
0
291
1
  0
VISUALSTYLE
  5
63
102
{ACAD_REACTORS
330
16
102
}
330
16
100
AcDbVisualStyle
  2
FlatWithEdges
 70
1
 90
2
 40
0.6
 62
7
290
0
291
1
  0
VISUALSTYLE
  5
64
102
{ACAD_REACTORS
330
16
102
}
330
16
100
AcDbVisualStyle
  2
Gouraud
 70
2
 90
2
 40
0.6
 62
7
290
0
291
1
  0
VISUALSTYLE
  5
65
102
{ACAD_REACTORS
330
16
102
}
330
16
100
AcDbVisualStyle
  2
GouraudWithEdges
 70
3
 90
2
 40
0.6
 62
7
290
0
291
1
  0
VISUALSTYLE
  5
66
102
{ACAD_REACTORS
330
16
102
}
330
16
100
AcDbVisualStyle
  2
Hidden
 70
6
 90
1
 40
0.6
 62
7
290
0
291
0
  0
VISUALSTYLE
  5
67
102
{ACAD_REACTORS
330
16
102
}
330
16
100
AcDbVisualStyle
  2
JitterOff
 70
20
 90
2
 40
0.6
 62
7
290
0
291
1
  0
VISUALSTYLE
  5
68
102
{ACAD_REACTORS
330
16
102
}
330
16
100
AcDbVisualStyle
  2
Linepattern
 70
14
 90
2
 40
0.6
 62
7
290
0
291
1
  0
VISUALSTYLE
  5
69
102
{ACAD_REACTORS
330
16
102
}
330
16
100
AcDbVisualStyle
  2
Modeling
 70
10
 90
2
 40
0.6
 62
7
290
0
291
0
  0
VISUALSTYLE
  5
6A
102
{ACAD_REACTORS
330
16
102
}
330
16
100
AcDbVisualStyle
  2
OverhangOff
 70
21
 90
2
 40
0.6
 62
7
290
0
291
1
  0
VISUALSTYLE
  5
6B
102
{ACAD_REACTORS
330
16
102
}
330
16
100
AcDbVisualStyle
  2
Realistic
 70
8
 90
2
 40
0.6
 62
7
290
0
291
0
  0
VISUALSTYLE
  5
6C
102
{ACAD_REACTORS
330
16
102
}
330
16
100
AcDbVisualStyle
  2
Shaded
 70
27
 90
2
 40
0.6
 62
7
290
0
291
0
  0
VISUALSTYLE
  5
6D
102
{ACAD_REACTORS
330
16
102
}
330
16
100
AcDbVisualStyle
  2
Shaded with edges
 70
26
 90
2
 40
0.6
 62
7
290
0
291
0
  0
VISUALSTYLE
  5
6E
102
{ACAD_REACTORS
330
16
102
}
330
16
100
AcDbVisualStyle
  2
Shades of Gray
 70
23
 90
2
 40
0.6
 62
7
290
0
291
0
  0
VISUALSTYLE
  5
6F
102
{ACAD_REACTORS
330
16
102
}
330
16
100
AcDbVisualStyle
  2
Sketchy
 70
24
 90
1
 40
0.6
 62
7
290
0
291
0
  0
VISUALSTYLE
  5
70
102
{ACAD_REACTORS
330
16
102
}
330
16
100
AcDbVisualStyle
  2
Thicken
 70
13
 90
2
 40
0.6
 62
7
290
0
291
1
  0
VISUALSTYLE
  5
71
102
{ACAD_REACTORS
330
16
102
}
330
16
100
AcDbVisualStyle
  2
Wireframe
 70
5
 90
0
 40
0.6
 62
7
290
0
291
0
  0
VISUALSTYLE
  5
72
102
{ACAD_REACTORS
330
16
102
}
330
16
100
AcDbVisualStyle
  2
X-Ray
 70
25
 90
2
 40
0.5
 62
7
290
0
291
0
  0
LAYOUT
  5
6D1
330
D
100
AcDbPlotSettings
  1

  2
DWG to PDF.pc3
  4
ezdxf_(841.00_x_594.00_MM)
  6

 40
0.0
 41
0.0
 42
0.0
 43
0.0
 44
841.0
 45
594.0
 46
0.0
 47
0.0
 48
0.0
 49
0.0
140
0.0
141
0.0
142
1.0
143
1.0
 70
672
 72
1
 73
0
 74
5
  7

 75
16
 76
0
 77
2
 78
300
147
1.0
148
0.0
149
0.0
100
AcDbLayout
  1
E-01 AYDINLATMA PLANI
 70
1
 71
3
 10
-0.0
 20
-0.0
 11
841.0
 21
594.0
 12
0.0
 22
0.0
 32
0.0
 14
1e+20
 24
1e+20
 34
1e+20
 15
-1e+20
 25
-1e+20
 35
-1e+20
146
0.0
 13
0.0
 23
0.0
 33
0.0
 16
1.0
 26
0.0
 36
0.0
 17
0.0
 27
1.0
 37
0.0
 76
1
330
6CE
331
6D2
  0
LAYOUT
  5
80B
330
D
100
AcDbPlotSettings
  1

  2
DWG to PDF.pc3
  4
ezdxf_(841.00_x_594.00_MM)
  6

 40
0.0
 41
0.0
 42
0.0
 43
0.0
 44
841.0
 45
594.0
 46
0.0
 47
0.0
 48
0.0
 49
0.0
140
0.0
141
0.0
142
1.0
143
1.0
 70
672
 72
1
 73
0
 74
5
  7

 75
16
 76
0
 77
2
 78
300
147
1.0
148
0.0
149
0.0
100
AcDbLayout
  1
E-02 PRİZ VE KUVVET PLANI
 70
1
 71
4
 10
-0.0
 20
-0.0
 11
841.0
 21
594.0
 12
0.0
 22
0.0
 32
0.0
 14
1e+20
 24
1e+20
 34
1e+20
 15
-1e+20
 25
-1e+20
 35
-1e+20
146
0.0
 13
0.0
 23
0.0
 33
0.0
 16
1.0
 26
0.0
 36
0.0
 17
0.0
 27
1.0
 37
0.0
 76
1
330
808
331
80C
  0
LAYOUT
  5
93F
330
D
100
AcDbPlotSettings
  1

  2
DWG to PDF.pc3
  4
ezdxf_(841.00_x_594.00_MM)
  6

 40
0.0
 41
0.0
 42
0.0
 43
0.0
 44
841.0
 45
594.0
 46
0.0
 47
0.0
 48
0.0
 49
0.0
140
0.0
141
0.0
142
1.0
143
1.0
 70
672
 72
1
 73
0
 74
5
  7

 75
16
 76
0
 77
2
 78
300
147
1.0
148
0.0
149
0.0
100
AcDbLayout
  1
E-03 ZAYIF AKIM PLANI
 70
1
 71
5
 10
-0.0
 20
-0.0
 11
841.0
 21
594.0
 12
0.0
 22
0.0
 32
0.0
 14
1e+20
 24
1e+20
 34
1e+20
 15
-1e+20
 25
-1e+20
 35
-1e+20
146
0.0
 13
0.0
 23
0.0
 33
0.0
 16
1.0
 26
0.0
 36
0.0
 17
0.0
 27
1.0
 37
0.0
 76
1
330
93C
331
940
  0
LAYOUT
  5
A79
330
D
100
AcDbPlotSettings
  1

  2
DWG to PDF.pc3
  4
ezdxf_(841.00_x_594.00_MM)
  6

 40
0.0
 41
0.0
 42
0.0
 43
0.0
 44
841.0
 45
594.0
 46
0.0
 47
0.0
 48
0.0
 49
0.0
140
0.0
141
0.0
142
1.0
143
1.0
 70
672
 72
1
 73
0
 74
5
  7

 75
16
 76
0
 77
2
 78
300
147
1.0
148
0.0
149
0.0
100
AcDbLayout
  1
E-04 ELEKTRİK GENEL YERLEŞİM
 70
1
 71
6
 10
-0.0
 20
-0.0
 11
841.0
 21
594.0
 12
0.0
 22
0.0
 32
0.0
 14
1e+20
 24
1e+20
 34
1e+20
 15
-1e+20
 25
-1e+20
 35
-1e+20
146
0.0
 13
0.0
 23
0.0
 33
0.0
 16
1.0
 26
0.0
 36
0.0
 17
0.0
 27
1.0
 37
0.0
 76
1
330
A76
331
A7A
  0
LAYOUT
  5
BB2
330
D
100
AcDbPlotSettings
  1

  2
DWG to PDF.pc3
  4
ezdxf_(841.00_x_594.00_MM)
  6

 40
0.0
 41
0.0
 42
0.0
 43
0.0
 44
841.0
 45
594.0
 46
0.0
 47
0.0
 48
0.0
 49
0.0
140
0.0
141
0.0
142
1.0
143
1.0
 70
672
 72
1
 73
0
 74
5
  7

 75
16
 76
0
 77
2
 78
300
147
1.0
148
0.0
149
0.0
100
AcDbLayout
  1
E-05 TOPRAKLAMA VE POTANSİYEL DENGELEME PLANI
 70
1
 71
7
 10
-0.0
 20
-0.0
 11
841.0
 21
594.0
 12
0.0
 22
0.0
 32
0.0
 14
1e+20
 24
1e+20
 34
1e+20
 15
-1e+20
 25
-1e+20
 35
-1e+20
146
0.0
 13
0.0
 23
0.0
 33
0.0
 16
1.0
 26
0.0
 36
0.0
 17
0.0
 27
1.0
 37
0.0
 76
1
330
BAF
331
BB3
  0
LAYOUT
  5
CE1
330
D
100
AcDbPlotSettings
  1

  2
DWG to PDF.pc3
  4
ezdxf_(841.00_x_594.00_MM)
  6

 40
0.0
 41
0.0
 42
0.0
 43
0.0
 44
841.0
 45
594.0
 46
0.0
 47
0.0
 48
0.0
 49
0.0
140
0.0
141
0.0
142
1.0
143
1.0
 70
672
 72
1
 73
0
 74
5
  7

 75
16
 76
0
 77
2
 78
300
147
1.0
148
0.0
149
0.0
100
AcDbLayout
  1
E-06 ADP TEK HAT ŞEMASI
 70
1
 71
8
 10
-0.0
 20
-0.0
 11
841.0
 21
594.0
 12
0.0
 22
0.0
 32
0.0
 14
1e+20
 24
1e+20
 34
1e+20
 15
-1e+20
 25
-1e+20
 35
-1e+20
146
0.0
 13
0.0
 23
0.0
 33
0.0
 16
1.0
 26
0.0
 36
0.0
 17
0.0
 27
1.0
 37
0.0
 76
1
330
CDE
331
CE2
  0
DICTIONARYVAR
  5
12C2
330
2D
100
DictionaryVariables
280
0
  1
1.4.4 @ 2026-09-18T09:19:35.466204+00:00
  0
ENDSEC
  0
EOF
