  0
SECTION
  2
HEADER
  9
$ACADVER
  1
AC1024
  9
$ACADMAINTVER
 70
6
  9
$DWGCODEPAGE
  3
ANSI_1252
  9
$LASTSAVEDBY
  1
ezdxf
  9
$INSBASE
 10
0.0
 20
0.0
 30
0.0
  9
$EXTMIN
 10
1e+20
 20
1e+20
 30
1e+20
  9
$EXTMAX
 10
-1e+20
 20
-1e+20
 30
-1e+20
  9
$LIMMIN
 10
0.0
 20
0.0
  9
$LIMMAX
 10
420.0
 20
297.0
  9
$ORTHOMODE
 70
0
  9
$REGENMODE
 70
1
  9
$FILLMODE
 70
1
  9
$QTEXTMODE
 70
0
  9
$MIRRTEXT
 70
1
  9
$LTSCALE
 40
1.0
  9
$ATTMODE
 70
1
  9
$TEXTSIZE
 40
2.5
  9
$TRACEWID
 40
1.0
  9
$TEXTSTYLE
  7
OpenSans
  9
$CLAYER
  8
0
  9
$CELTYPE
  6
ByLayer
  9
$CECOLOR
 62
256
  9
$CELTSCALE
 40
1.0
  9
$DISPSILH
 70
0
  9
$DIMSCALE
 40
75.0
  9
$DIMASZ
 40
0.175
  9
$DIMEXO
 40
0.125
  9
$DIMDLI
 40
3.75
  9
$DIMRND
 40
0.0
  9
$DIMDLE
 40
0.0
  9
$DIMEXE
 40
0.375
  9
$DIMTP
 40
0.0
  9
$DIMTM
 40
0.0
  9
$DIMTXT
 40
0.25
  9
$DIMCEN
 40
2.5
  9
$DIMTSZ
 40
0.0
  9
$DIMTOL
 70
0
  9
$DIMLIM
 70
0
  9
$DIMTIH
 70
0
  9
$DIMTOH
 70
0
  9
$DIMSE1
 70
0
  9
$DIMSE2
 70
0
  9
$DIMTAD
 70
1
  9
$DIMZIN
 70
12
  9
$DIMBLK
  1
ARCHTICK
  9
$DIMASO
 70
1
  9
$DIMSHO
 70
1
  9
$DIMPOST
  1

  9
$DIMAPOST
  1

  9
$DIMALT
 70
0
  9
$DIMALTD
 70
3
  9
$DIMALTF
 40
0.03937007874
  9
$DIMLFAC
 40
100.0
  9
$DIMTOFL
 70
1
  9
$DIMTVP
 40
0.0
  9
$DIMTIX
 70
0
  9
$DIMSOXD
 70
0
  9
$DIMSAH
 70
0
  9
$DIMBLK1
  1

  9
$DIMBLK2
  1

  9
$DIMSTYLE
  2
GYM-50
  9
$DIMCLRD
 70
0
  9
$DIMCLRE
 70
0
  9
$DIMCLRT
 70
0
  9
$DIMTFAC
 40
0.5
  9
$DIMGAP
 40
0.1
  9
$DIMJUST
 70
0
  9
$DIMSD1
 70
0
  9
$DIMSD2
 70
0
  9
$DIMTOLJ
 70
0
  9
$DIMTZIN
 70
8
  9
$DIMALTZ
 70
0
  9
$DIMALTTZ
 70
0
  9
$DIMUPT
 70
1
  9
$DIMDEC
 70
2
  9
$DIMTDEC
 70
2
  9
$DIMALTU
 70
2
  9
$DIMALTTD
 70
3
  9
$DIMTXSTY
  7
OpenSansCondensed-Light
  9
$DIMAUNIT
 70
0
  9
$DIMADEC
 70
2
  9
$DIMALTRND
 40
0.0
  9
$DIMAZIN
 70
3
  9
$DIMDSEP
 70
46
  9
$DIMATFIT
 70
3
  9
$DIMFRAC
 70
0
  9
$DIMLDRBLK
  1

  9
$DIMLUNIT
 70
2
  9
$DIMLWD
 70
-2
  9
$DIMLWE
 70
-2
  9
$DIMTMOVE
 70
2
  9
$DIMFXL
 40
1.0
  9
$DIMFXLON
 70
0
  9
$DIMJOGANG
 40
0.785398163397
  9
$DIMTFILL
 70
0
  9
$DIMTFILLCLR
 70
0
  9
$DIMARCSYM
 70
0
  9
$DIMLTYPE
  6

  9
$DIMLTEX1
  6

  9
$DIMLTEX2
  6

  9
$DIMTXTDIRECTION
 70
0
  9
$LUNITS
 70
2
  9
$LUPREC
 70
2
  9
$SKETCHINC
 40
1.0
  9
$FILLETRAD
 40
10.0
  9
$AUNITS
 70
0
  9
$AUPREC
 70
2
  9
$MENU
  1
.
  9
$ELEVATION
 40
0.0
  9
$PELEVATION
 40
0.0
  9
$THICKNESS
 40
0.0
  9
$LIMCHECK
 70
0
  9
$CHAMFERA
 40
0.0
  9
$CHAMFERB
 40
0.0
  9
$CHAMFERC
 40
0.0
  9
$CHAMFERD
 40
0.0
  9
$SKPOLY
 70
0
  9
$TDCREATE
 40
2461303.8555092593
  9
$TDUCREATE
 40
2458532.153996898
  9
$TDUPDATE
 40
2461303.8555092593
  9
$TDUUPDATE
 40
2458532.1544311
  9
$TDINDWG
 40
0.0
  9
$TDUSRTIMER
 40
0.0
  9
$USRTIMER
 70
1
  9
$ANGBASE
 50
0.0
  9
$ANGDIR
 70
0
  9
$PDMODE
 70
0
  9
$PDSIZE
 40
0.0
  9
$PLINEWID
 40
0.0
  9
$SPLFRAME
 70
0
  9
$SPLINETYPE
 70
6
  9
$SPLINESEGS
 70
8
  9
$HANDSEED
  5
504
  9
$SURFTAB1
 70
6
  9
$SURFTAB2
 70
6
  9
$SURFTYPE
 70
6
  9
$SURFU
 70
6
  9
$SURFV
 70
6
  9
$UCSBASE
  2

  9
$UCSNAME
  2

  9
$UCSORG
 10
0.0
 20
0.0
 30
0.0
  9
$UCSXDIR
 10
1.0
 20
0.0
 30
0.0
  9
$UCSYDIR
 10
0.0
 20
1.0
 30
0.0
  9
$UCSORTHOREF
  2

  9
$UCSORTHOVIEW
 70
0
  9
$UCSORGTOP
 10
0.0
 20
0.0
 30
0.0
  9
$UCSORGBOTTOM
 10
0.0
 20
0.0
 30
0.0
  9
$UCSORGLEFT
 10
0.0
 20
0.0
 30
0.0
  9
$UCSORGRIGHT
 10
0.0
 20
0.0
 30
0.0
  9
$UCSORGFRONT
 10
0.0
 20
0.0
 30
0.0
  9
$UCSORGBACK
 10
0.0
 20
0.0
 30
0.0
  9
$PUCSBASE
  2

  9
$PUCSNAME
  2

  9
$PUCSORG
 10
0.0
 20
0.0
 30
0.0
  9
$PUCSXDIR
 10
1.0
 20
0.0
 30
0.0
  9
$PUCSYDIR
 10
0.0
 20
1.0
 30
0.0
  9
$PUCSORTHOREF
  2

  9
$PUCSORTHOVIEW
 70
0
  9
$PUCSORGTOP
 10
0.0
 20
0.0
 30
0.0
  9
$PUCSORGBOTTOM
 10
0.0
 20
0.0
 30
0.0
  9
$PUCSORGLEFT
 10
0.0
 20
0.0
 30
0.0
  9
$PUCSORGRIGHT
 10
0.0
 20
0.0
 30
0.0
  9
$PUCSORGFRONT
 10
0.0
 20
0.0
 30
0.0
  9
$PUCSORGBACK
 10
0.0
 20
0.0
 30
0.0
  9
$USERI1
 70
0
  9
$USERI2
 70
0
  9
$USERI3
 70
0
  9
$USERI4
 70
0
  9
$USERI5
 70
0
  9
$USERR1
 40
0.0
  9
$USERR2
 40
0.0
  9
$USERR3
 40
0.0
  9
$USERR4
 40
0.0
  9
$USERR5
 40
0.0
  9
$WORLDVIEW
 70
1
  9
$SHADEDGE
 70
3
  9
$SHADEDIF
 70
70
  9
$TILEMODE
 70
1
  9
$MAXACTVP
 70
64
  9
$PINSBASE
 10
0.0
 20
0.0
 30
0.0
  9
$PLIMCHECK
 70
0
  9
$PEXTMIN
 10
1e+20
 20
1e+20
 30
1e+20
  9
$PEXTMAX
 10
-1e+20
 20
-1e+20
 30
-1e+20
  9
$PLIMMIN
 10
-0.0
 20
-0.0
  9
$PLIMMAX
 10
594.0
 20
420.0
  9
$UNITMODE
 70
0
  9
$VISRETAIN
 70
1
  9
$PLINEGEN
 70
0
  9
$PSLTSCALE
 70
1
  9
$TREEDEPTH
 70
3020
  9
$CMLSTYLE
  2
Standard
  9
$CMLJUST
 70
0
  9
$CMLSCALE
 40
20.0
  9
$PROXYGRAPHICS
 70
1
  9
$MEASUREMENT
 70
1
  9
$CELWEIGHT
370
-1
  9
$ENDCAPS
280
0
  9
$JOINSTYLE
280
0
  9
$LWDISPLAY
290
1
  9
$INSUNITS
 70
4
  9
$HYPERLINKBASE
  1

  9
$STYLESHEET
  1

  9
$XEDIT
290
1
  9
$CEPSNTYPE
380
0
  9
$PSTYLEMODE
290
1
  9
$FINGERPRINTGUID
  2
{C9A72632-0CA5-4458-8DE2-5AE0C61A51AF}
  9
$VERSIONGUID
  2
{EB7BDA49-76D5-4494-BDB9-0E4DE0852D5D}
  9
$EXTNAMES
290
1
  9
$PSVPSCALE
 40
0.0
  9
$OLESTARTUP
290
0
  9
$SORTENTS
280
127
  9
$INDEXCTL
280
0
  9
$HIDETEXT
280
1
  9
$XCLIPFRAME
280
1
  9
$HALOGAP
280
0
  9
$OBSCOLOR
 70
257
  9
$OBSLTYPE
280
0
  9
$INTERSECTIONDISPLAY
280
0
  9
$INTERSECTIONCOLOR
 70
257
  9
$DIMASSOC
280
2
  9
$PROJECTNAME
  1

  9
$CAMERADISPLAY
290
0
  9
$LENSLENGTH
 40
50.0
  9
$CAMERAHEIGHT
 40
0.0
  9
$STEPSPERSEC
 40
24.0
  9
$STEPSIZE
 40
100.0
  9
$3DDWFPREC
 40
2.0
  9
$PSOLWIDTH
 40
0.005
  9
$PSOLHEIGHT
 40
0.08
  9
$LOFTANG1
 40
1.570796326795
  9
$LOFTANG2
 40
1.570796326795
  9
$LOFTMAG1
 40
0.0
  9
$LOFTMAG2
 40
0.0
  9
$LOFTPARAM
 70
7
  9
$LOFTNORMALS
280
1
  9
$LATITUDE
 40
37.795
  9
$LONGITUDE
 40
-122.394
  9
$NORTHDIRECTION
 40
0.0
  9
$TIMEZONE
 70
-8000
  9
$LIGHTGLYPHDISPLAY
280
1
  9
$TILEMODELIGHTSYNCH
280
1
  9
$CMATERIAL
347
20
  9
$SOLIDHIST
280
0
  9
$SHOWHIST
280
1
  9
$DWFFRAME
280
2
  9
$DGNFRAME
280
2
  9
$REALWORLDSCALE
290
1
  9
$INTERFERECOLOR
 62
256
  9
$CSHADOW
280
0
  9
$SHADOWPLANELOCATION
 40
0.0
  0
ENDSEC
  0
SECTION
  2
CLASSES
  0
CLASS
  1
ACDBDICTIONARYWDFLT
  2
AcDbDictionaryWithDefault
  3
ObjectDBX Classes
 90
0
 91
0
280
0
281
0
  0
CLASS
  1
SUN
  2
AcDbSun
  3
SCENEOE
 90
1153
 91
0
280
0
281
0
  0
CLASS
  1
VISUALSTYLE
  2
AcDbVisualStyle
  3
ObjectDBX Classes
 90
4095
 91
0
280
0
281
0
  0
CLASS
  1
MATERIAL
  2
AcDbMaterial
  3
ObjectDBX Classes
 90
1153
 91
0
280
0
281
0
  0
CLASS
  1
SCALE
  2
AcDbScale
  3
ObjectDBX Classes
 90
1153
 91
0
280
0
281
0
  0
CLASS
  1
TABLESTYLE
  2
AcDbTableStyle
  3
ObjectDBX Classes
 90
4095
 91
0
280
0
281
0
  0
CLASS
  1
MLEADERSTYLE
  2
AcDbMLeaderStyle
  3
ACDB_MLEADERSTYLE_CLASS
 90
4095
 91
0
280
0
281
0
  0
CLASS
  1
DICTIONARYVAR
  2
AcDbDictionaryVar
  3
ObjectDBX Classes
 90
0
 91
0
280
0
281
0
  0
CLASS
  1
CELLSTYLEMAP
  2
AcDbCellStyleMap
  3
ObjectDBX Classes
 90
1152
 91
0
280
0
281
0
  0
CLASS
  1
MENTALRAYRENDERSETTINGS
  2
AcDbMentalRayRenderSettings
  3
SCENEOE
 90
1024
 91
0
280
0
281
0
  0
CLASS
  1
ACDBDETAILVIEWSTYLE
  2
AcDbDetailViewStyle
  3
ObjectDBX Classes
 90
1025
 91
0
280
0
281
0
  0
CLASS
  1
ACDBSECTIONVIEWSTYLE
  2
AcDbSectionViewStyle
  3
ObjectDBX Classes
 90
1025
 91
0
280
0
281
0
  0
CLASS
  1
RASTERVARIABLES
  2
AcDbRasterVariables
  3
ISM
 90
0
 91
0
280
0
281
0
  0
CLASS
  1
LAYOUT
  2
AcDbLayout
  3
ObjectDBX Classes
 90
0
 91
0
280
0
281
0
  0
CLASS
  1
ACDBPLACEHOLDER
  2
AcDbPlaceHolder
  3
ObjectDBX Classes
 90
0
 91
0
280
0
281
0
  0
ENDSEC
  0
SECTION
  2
TABLES
  0
TABLE
  2
VPORT
  5
8
330
0
100
AcDbSymbolTable
 70
1
  0
VPORT
  5
500
330
8
100
AcDbSymbolTableRecord
100
AcDbViewportTableRecord
  2
*Active
 70
0
 10
0.0
 20
0.0
 11
1.0
 21
1.0
 12
9730.771282951151
 22
6816.297626416486
 13
0.0
 23
0.0
 14
0.5
 24
0.5
 15
0.5
 25
0.5
 16
0.0
 26
0.0
 36
1.0
 17
0.0
 27
0.0
 37
0.0
 40
6000.0
 41
1.34
 42
50.0
 43
0.0
 44
0.0
 50
0.0
 51
0.0
 71
0
 72
1000
 73
1
 74
3
 75
0
 76
0
 77
0
 78
0
281
0
 65
1
110
0.0
120
0.0
130
0.0
111
1.0
121
0.0
131
0.0
112
0.0
122
1.0
132
0.0
 79
0
146
0.0
  0
ENDTAB
  0
TABLE
  2
LTYPE
  5
2
330
0
100
AcDbSymbolTable
 70
21
  0
LTYPE
  5
24
330
2
100
AcDbSymbolTableRecord
100
AcDbLinetypeTableRecord
  2
ByBlock
 70
0
  3

 72
65
 73
0
 40
0.0
  0
LTYPE
  5
25
330
2
100
AcDbSymbolTableRecord
100
AcDbLinetypeTableRecord
  2
ByLayer
 70
0
  3

 72
65
 73
0
 40
0.0
  0
LTYPE
  5
26
330
2
100
AcDbSymbolTableRecord
100
AcDbLinetypeTableRecord
  2
Continuous
 70
0
  3

 72
65
 73
0
 40
0.0
  0
LTYPE
  5
2F
330
2
100
AcDbSymbolTableRecord
100
AcDbLinetypeTableRecord
  2
CENTER
 70
0
  3
Center ____ _ ____ _ ____ _ ____ _ ____ _ ____
 72
65
 73
4
 40
5.08
 49
3.175
 74
0
 49
-0.635
 74
0
 49
0.635
 74
0
 49
-0.635
 74
0
  0
LTYPE
  5
30
330
2
100
AcDbSymbolTableRecord
100
AcDbLinetypeTableRecord
  2
CENTERX2
 70
0
  3
Center (2x) ________  __  ________  __  ________
 72
65
 73
4
 40
8.89
 49
6.35
 74
0
 49
-0.635
 74
0
 49
1.27
 74
0
 49
-0.635
 74
0
  0
LTYPE
  5
31
330
2
100
AcDbSymbolTableRecord
100
AcDbLinetypeTableRecord
  2
CENTER2
 70
0
  3
Center (.5x) ____ _ ____ _ ____ _ ____ _ ____
 72
65
 73
4
 40
2.54
 49
1.587
 74
0
 49
-0.318
 74
0
 49
0.318
 74
0
 49
-0.318
 74
0
  0
LTYPE
  5
32
330
2
100
AcDbSymbolTableRecord
100
AcDbLinetypeTableRecord
  2
DASHED
 70
0
  3
Dashed __ __ __ __ __ __ __ __ __ __ __ __ __ _
 72
65
 73
2
 40
1.524
 49
1.27
 74
0
 49
-0.254
 74
0
  0
LTYPE
  5
33
330
2
100
AcDbSymbolTableRecord
100
AcDbLinetypeTableRecord
  2
DASHEDX2
 70
0
  3
Dashed (2x) ____  ____  ____  ____  ____  ____
 72
65
 73
2
 40
3.048
 49
2.54
 74
0
 49
-0.508
 74
0
  0
LTYPE
  5
34
330
2
100
AcDbSymbolTableRecord
100
AcDbLinetypeTableRecord
  2
DASHED2
 70
0
  3
Dashed (.5x) _ _ _ _ _ _ _ _ _ _ _ _ _ _
 72
65
 73
2
 40
0.762
 49
0.635
 74
0
 49
-0.127
 74
0
  0
LTYPE
  5
35
330
2
100
AcDbSymbolTableRecord
100
AcDbLinetypeTableRecord
  2
PHANTOM
 70
0
  3
Phantom ______  __  __  ______  __  __  ______
 72
65
 73
6
 40
6.35
 49
3.175
 74
0
 49
-0.635
 74
0
 49
0.635
 74
0
 49
-0.635
 74
0
 49
0.635
 74
0
 49
-0.635
 74
0
  0
LTYPE
  5
36
330
2
100
AcDbSymbolTableRecord
100
AcDbLinetypeTableRecord
  2
PHANTOMX2
 70
0
  3
Phantom (2x)____________    ____    ____    ____________
 72
65
 73
6
 40
10.795
 49
6.35
 74
0
 49
-0.635
 74
0
 49
1.27
 74
0
 49
-0.635
 74
0
 49
1.27
 74
0
 49
-0.635
 74
0
  0
LTYPE
  5
37
330
2
100
AcDbSymbolTableRecord
100
AcDbLinetypeTableRecord
  2
PHANTOM2
 70
0
  3
Phantom (.5x) ___ _ _ ___ _ _ ___ _ _ ___ _ _ ___
 72
65
 73
6
 40
3.175
 49
1.587
 74
0
 49
-0.318
 74
0
 49
0.318
 74
0
 49
-0.318
 74
0
 49
0.318
 74
0
 49
-0.318
 74
0
  0
LTYPE
  5
38
330
2
100
AcDbSymbolTableRecord
100
AcDbLinetypeTableRecord
  2
DASHDOT
 70
0
  3
Dash dot __ . __ . __ . __ . __ . __ . __ . __
 72
65
 73
4
 40
3.556
 49
2.54
 74
0
 49
-0.508
 74
0
 49
0.0
 74
0
 49
-0.508
 74
0
  0
LTYPE
  5
39
330
2
100
AcDbSymbolTableRecord
100
AcDbLinetypeTableRecord
  2
DASHDOTX2
 70
0
  3
Dash dot (2x) ____  .  ____  .  ____  .  ____
 72
65
 73
4
 40
6.096
 49
5.08
 74
0
 49
-0.508
 74
0
 49
0.0
 74
0
 49
-0.508
 74
0
  0
LTYPE
  5
3A
330
2
100
AcDbSymbolTableRecord
100
AcDbLinetypeTableRecord
  2
DASHDOT2
 70
0
  3
Dash dot (.5x) _ . _ . _ . _ . _ . _ . _ . _
 72
65
 73
4
 40
1.778
 49
1.27
 74
0
 49
-0.254
 74
0
 49
0.0
 74
0
 49
-0.254
 74
0
  0
LTYPE
  5
3B
330
2
100
AcDbSymbolTableRecord
100
AcDbLinetypeTableRecord
  2
DOT
 70
0
  3
Dot .  .  .  .  .  .  .  .  .  .  .  .  .  .  .  .
 72
65
 73
2
 40
0.508
 49
0.0
 74
0
 49
-0.508
 74
0
  0
LTYPE
  5
3C
330
2
100
AcDbSymbolTableRecord
100
AcDbLinetypeTableRecord
  2
DOTX2
 70
0
  3
Dot (2x) .    .    .    .    .    .    .    . 
 72
65
 73
2
 40
1.016
 49
0.0
 74
0
 49
-1.016
 74
0
  0
LTYPE
  5
3D
330
2
100
AcDbSymbolTableRecord
100
AcDbLinetypeTableRecord
  2
DOT2
 70
0
  3
Dot (.5) . . . . . . . . . . . . . . . . . . . 
 72
65
 73
2
 40
0.254
 49
0.0
 74
0
 49
-0.254
 74
0
  0
LTYPE
  5
3E
330
2
100
AcDbSymbolTableRecord
100
AcDbLinetypeTableRecord
  2
DIVIDE
 70
0
  3
Divide __ . . __ . . __ . . __ . . __ . . __
 72
65
 73
6
 40
4.064
 49
2.54
 74
0
 49
-0.508
 74
0
 49
0.0
 74
0
 49
-0.508
 74
0
 49
0.0
 74
0
 49
-0.508
 74
0
  0
LTYPE
  5
3F
330
2
100
AcDbSymbolTableRecord
100
AcDbLinetypeTableRecord
  2
DIVIDEX2
 70
0
  3
Divide (2x) ____  . .  ____  . .  ____  . .  ____
 72
65
 73
6
 40
6.604
 49
5.08
 74
0
 49
-0.508
 74
0
 49
0.0
 74
0
 49
-0.508
 74
0
 49
0.0
 74
0
 49
-0.508
 74
0
  0
LTYPE
  5
40
330
2
100
AcDbSymbolTableRecord
100
AcDbLinetypeTableRecord
  2
DIVIDE2
 70
0
  3
Divide(.5x) _ . _ . _ . _ . _ . _ . _ . _
 72
65
 73
6
 40
2.032
 49
1.27
 74
0
 49
-0.254
 74
0
 49
0.0
 74
0
 49
-0.254
 74
0
 49
0.0
 74
0
 49
-0.254
 74
0
  0
ENDTAB
  0
TABLE
  2
LAYER
  5
1
330
0
100
AcDbSymbolTable
 70
100
  0
LAYER
  5
27
330
1
100
AcDbSymbolTableRecord
100
AcDbLayerTableRecord
  2
0
 70
0
 62
7
  6
Continuous
370
-3
390
13
347
21
  0
LAYER
  5
28
330
1
100
AcDbSymbolTableRecord
100
AcDbLayerTableRecord
  2
Defpoints
 70
0
 62
7
  6
Continuous
290
0
370
-3
390
13
347
21
  0
LAYER
  5
8A
330
1
100
AcDbSymbolTableRecord
100
AcDbLayerTableRecord
  2
A-DUVAR-MEVCUT
 70
0
 62
8
  6
Continuous
370
35
390
13
347
21
1001
AcAecLayerStandard
1000

1000
Mimari — mevcut duvar (korunuyor)
  0
LAYER
  5
8C
330
1
100
AcDbSymbolTableRecord
100
AcDbLayerTableRecord
  2
A-DUVAR-YENI
 70
0
 62
1
  6
Continuous
370
35
390
13
347
21
1001
AcAecLayerStandard
1000

1000
Mimari — yeni alçıpan bölme
  0
LAYER
  5
8D
330
1
100
AcDbSymbolTableRecord
100
AcDbLayerTableRecord
  2
A-CEPHE
 70
0
 62
5
  6
Continuous
370
25
390
13
347
21
1001
AcAecLayerStandard
1000

1000
Mimari — cephe doğraması
  0
LAYER
  5
8E
330
1
100
AcDbSymbolTableRecord
100
AcDbLayerTableRecord
  2
A-KAPI
 70
0
 62
8
  6
Continuous
370
18
390
13
347
21
1001
AcAecLayerStandard
1000

1000
Mimari — kapı ve açılım
  0
LAYER
  5
8F
330
1
100
AcDbSymbolTableRecord
100
AcDbLayerTableRecord
  2
A-EKIPMAN
 70
0
 62
9
  6
Continuous
370
18
390
13
347
21
1001
AcAecLayerStandard
1000

1000
Mimari — spor ekipmanı (işverence temin)
  0
LAYER
  5
90
330
1
100
AcDbSymbolTableRecord
100
AcDbLayerTableRecord
  2
A-MOBILYA
 70
0
 62
9
  6
Continuous
370
18
390
13
347
21
1001
AcAecLayerStandard
1000

1000
Mimari — sabit mobilya
  0
LAYER
  5
91
330
1
100
AcDbSymbolTableRecord
100
AcDbLayerTableRecord
  2
A-BOLGE
 70
0
 62
254
  6
Continuous
370
13
390
13
347
21
1001
AcAecLayerStandard
1000

1000
Mimari — zemin bölge taraması
  0
LAYER
  5
92
330
1
100
AcDbSymbolTableRecord
100
AcDbLayerTableRecord
  2
A-YAZI
 70
0
 62
7
  6
Continuous
370
13
390
13
347
21
1001
AcAecLayerStandard
1000

1000
Mimari — mahal adı ve alan
  0
LAYER
  5
93
330
1
100
AcDbSymbolTableRecord
100
AcDbLayerTableRecord
  2
A-MAHAL
 70
0
 62
250
  6
Continuous
370
18
390
13
347
21
1001
AcAecLayerStandard
1000

1000
Mimari — mahal numarası ve kapı kodu balonu
  0
LAYER
  5
94
330
1
100
AcDbSymbolTableRecord
100
AcDbLayerTableRecord
  2
A-KESIT-HAT
 70
0
 62
1
  6
DASHDOT
370
35
390
13
347
21
1001
AcAecLayerStandard
1000

1000
Mimari — kesit ve görünüş hattı
  0
LAYER
  5
95
330
1
100
AcDbSymbolTableRecord
100
AcDbLayerTableRecord
  2
A-ZEMIN-SINIR
 70
0
 62
30
  6
Continuous
370
25
390
13
347
21
1001
AcAecLayerStandard
1000

1000
Mimari — zemin kaplama tipi sınırı
  0
LAYER
  5
96
330
1
100
AcDbSymbolTableRecord
100
AcDbLayerTableRecord
  2
A-ZEMIN-YAZI
 70
0
 62
30
  6
Continuous
370
13
390
13
347
21
1001
AcAecLayerStandard
1000

1000
Mimari — zemin kaplama tipi ve kotu
  0
LAYER
  5
97
330
1
100
AcDbSymbolTableRecord
100
AcDbLayerTableRecord
  2
A-ZEMIN-DERZ
 70
0
 62
253
  6
Continuous
370
13
390
13
347
21
1001
AcAecLayerStandard
1000

1000
Mimari — kauçuk karo derz ızgarası
  0
LAYER
  5
98
330
1
100
AcDbSymbolTableRecord
100
AcDbLayerTableRecord
  2
A-TAVAN-SINIR
 70
0
 62
150
  6
Continuous
370
25
390
13
347
21
1001
AcAecLayerStandard
1000

1000
Mimari — asma tavan tipi sınırı
  0
LAYER
  5
99
330
1
100
AcDbSymbolTableRecord
100
AcDbLayerTableRecord
  2
A-TAVAN-YAZI
 70
0
 62
150
  6
Continuous
370
13
390
13
347
21
1001
AcAecLayerStandard
1000

1000
Mimari — asma tavan tipi ve kotu
  0
LAYER
  5
9A
330
1
100
AcDbSymbolTableRecord
100
AcDbLayerTableRecord
  2
A-TAVAN-KAPAK
 70
0
 62
150
  6
Continuous
370
18
390
13
347
21
1001
AcAecLayerStandard
1000

1000
Mimari — revizyon kapağı 300×300
  0
LAYER
  5
9B
330
1
100
AcDbSymbolTableRecord
100
AcDbLayerTableRecord
  2
A-KESIT-KESILEN
 70
0
 62
7
  6
Continuous
370
70
390
13
347
21
1001
AcAecLayerStandard
1000

1000
Kesit — kesilen eleman çeperi
  0
LAYER
  5
9C
330
1
100
AcDbSymbolTableRecord
100
AcDbLayerTableRecord
  2
A-KESIT-GORUNEN
 70
0
 62
7
  6
Continuous
370
35
390
13
347
21
1001
AcAecLayerStandard
1000

1000
Kesit — kesit düzlemi arkasında görünen
  0
LAYER
  5
9D
330
1
100
AcDbSymbolTableRecord
100
AcDbLayerTableRecord
  2
A-KESIT-ARKA
 70
0
 62
8
  6
Continuous
370
18
390
13
347
21
1001
AcAecLayerStandard
1000

1000
Kesit — arkada kalan / ikincil eleman
  0
LAYER
  5
9E
330
1
100
AcDbSymbolTableRecord
100
AcDbLayerTableRecord
  2
A-KESIT-TARAMA
 70
0
 62
253
  6
Continuous
370
13
390
13
347
21
1001
AcAecLayerStandard
1000

1000
Kesit — malzeme taraması
  0
LAYER
  5
9F
330
1
100
AcDbSymbolTableRecord
100
AcDbLayerTableRecord
  2
A-KESIT-YAPISAL
 70
0
 62
8
  6
Continuous
370
50
390
13
347
21
1001
AcAecLayerStandard
1000

1000
Kesit — mevcut betonarme döşeme ve duvar
  0
LAYER
  5
A0
330
1
100
AcDbSymbolTableRecord
100
AcDbLayerTableRecord
  2
A-KATMAN-CIZGI
 70
0
 62
251
  6
Continuous
370
13
390
13
347
21
1001
AcAecLayerStandard
1000

1000
Detay — katman ayrım çizgisi
  0
LAYER
  5
A1
330
1
100
AcDbSymbolTableRecord
100
AcDbLayerTableRecord
  2
A-KATMAN-YALITIM
 70
0
 62
6
  6
Continuous
370
35
390
13
347
21
1001
AcAecLayerStandard
1000

1000
Detay — su yalıtımı ve bandı
  0
LAYER
  5
A2
330
1
100
AcDbSymbolTableRecord
100
AcDbLayerTableRecord
  2
A-KOT-ISARET
 70
0
 62
250
  6
Continuous
370
25
390
13
347
21
1001
AcAecLayerStandard
1000

1000
Kot işareti ve değeri
  0
LAYER
  5
A3
330
1
100
AcDbSymbolTableRecord
100
AcDbLayerTableRecord
  2
A-GORUNUS-SINIR
 70
0
 62
7
  6
Continuous
370
50
390
13
347
21
1001
AcAecLayerStandard
1000

1000
İç görünüş — eleman dış sınırı
  0
LAYER
  5
A4
330
1
100
AcDbSymbolTableRecord
100
AcDbLayerTableRecord
  2
A-GORUNUS-IC
 70
0
 62
8
  6
Continuous
370
25
390
13
347
21
1001
AcAecLayerStandard
1000

1000
İç görünüş — iç bölüntü ve donatı
  0
LAYER
  5
A5
330
1
100
AcDbSymbolTableRecord
100
AcDbLayerTableRecord
  2
A-GORUNUS-DERZ
 70
0
 62
254
  6
Continuous
370
13
390
13
347
21
1001
AcAecLayerStandard
1000

1000
İç görünüş — seramik derz ızgarası
  0
LAYER
  5
A6
330
1
100
AcDbSymbolTableRecord
100
AcDbLayerTableRecord
  2
A-DETAY-CAGRI
 70
0
 62
1
  6
Continuous
370
25
390
13
347
21
1001
AcAecLayerStandard
1000

1000
Detay çağrı balonu ve kopuş çizgisi
  0
LAYER
  5
A7
330
1
100
AcDbSymbolTableRecord
100
AcDbLayerTableRecord
  2
A-TESISAT-KESIT
 70
0
 62
4
  6
Continuous
370
35
390
13
347
21
1001
AcAecLayerStandard
1000

1000
Kesit — tavan içi tesisat gövdesi
  0
LAYER
  5
A8
330
1
100
AcDbSymbolTableRecord
100
AcDbLayerTableRecord
  2
A-YANGIN-KACIS
 70
0
 62
3
  6
Continuous
370
50
390
13
347
21
1001
AcAecLayerStandard
1000

1000
Mimari — kaçış yolu ve çıkış
  0
LAYER
  5
A9
330
1
100
AcDbSymbolTableRecord
100
AcDbLayerTableRecord
  2
A-YANGIN-EKIP
 70
0
 62
1
  6
Continuous
370
35
390
13
347
21
1001
AcAecLayerStandard
1000

1000
Mimari — söndürücü, dolap, ihbar
  0
LAYER
  5
AA
330
1
100
AcDbSymbolTableRecord
100
AcDbLayerTableRecord
  2
M-HAVA-BESLEME
 70
0
 62
3
  6
Continuous
370
35
390
13
347
21
1001
AcAecLayerStandard
1000

1000
Mekanik — taze hava kanalı
  0
LAYER
  5
AB
330
1
100
AcDbSymbolTableRecord
100
AcDbLayerTableRecord
  2
M-HAVA-EGZOZ
 70
0
 62
1
  6
Continuous
370
35
390
13
347
21
1001
AcAecLayerStandard
1000

1000
Mekanik — egzoz kanalı
  0
LAYER
  5
AC
330
1
100
AcDbSymbolTableRecord
100
AcDbLayerTableRecord
  2
M-HAVA-ISLAK
 70
0
 62
6
  6
Continuous
370
25
390
13
347
21
1001
AcAecLayerStandard
1000

1000
Mekanik — ıslak hacim egzoz kanalı
  0
LAYER
  5
AD
330
1
100
AcDbSymbolTableRecord
100
AcDbLayerTableRecord
  2
M-HAVA-MENFEZ
 70
0
 62
3
  6
Continuous
370
25
390
13
347
21
1001
AcAecLayerStandard
1000

1000
Mekanik — menfez ve valf
  0
LAYER
  5
AE
330
1
100
AcDbSymbolTableRecord
100
AcDbLayerTableRecord
  2
M-HAVA-BRANSMAN
 70
0
 62
3
  6
DASHED
370
18
390
13
347
21
1001
AcAecLayerStandard
1000

1000
Mekanik — menfez branşmanı
  0
LAYER
  5
AF
330
1
100
AcDbSymbolTableRecord
100
AcDbLayerTableRecord
  2
M-HAVA-CIHAZ
 70
0
 62
2
  6
Continuous
370
35
390
13
347
21
1001
AcAecLayerStandard
1000

1000
Mekanik — fan ve panjur
  0
LAYER
  5
B0
330
1
100
AcDbSymbolTableRecord
100
AcDbLayerTableRecord
  2
M-KLIMA-IC
 70
0
 62
4
  6
Continuous
370
35
390
13
347
21
1001
AcAecLayerStandard
1000

1000
Mekanik — klima iç ünite
  0
LAYER
  5
B1
330
1
100
AcDbSymbolTableRecord
100
AcDbLayerTableRecord
  2
M-KLIMA-DIS
 70
0
 62
4
  6
Continuous
370
35
390
13
347
21
1001
AcAecLayerStandard
1000

1000
Mekanik — klima dış ünite platformu
  0
LAYER
  5
B2
330
1
100
AcDbSymbolTableRecord
100
AcDbLayerTableRecord
  2
M-KLIMA-BAKIR
 70
0
 62
4
  6
Continuous
370
25
390
13
347
21
1001
AcAecLayerStandard
1000

1000
Mekanik — soğutucu akışkan bakır hattı
  0
LAYER
  5
B3
330
1
100
AcDbSymbolTableRecord
100
AcDbLayerTableRecord
  2
M-KLIMA-DRENAJ
 70
0
 62
4
  6
DASHED
370
18
390
13
347
21
1001
AcAecLayerStandard
1000

1000
Mekanik — klima drenaj hattı
  0
LAYER
  5
B4
330
1
100
AcDbSymbolTableRecord
100
AcDbLayerTableRecord
  2
M-SIHHI-TEMIZ
 70
0
 62
5
  6
Continuous
370
25
390
13
347
21
1001
AcAecLayerStandard
1000

1000
Mekanik — temiz su PPRC
  0
LAYER
  5
B5
330
1
100
AcDbSymbolTableRecord
100
AcDbLayerTableRecord
  2
M-SIHHI-SICAK
 70
0
 62
30
  6
DASHED
370
25
390
13
347
21
1001
AcAecLayerStandard
1000

1000
Mekanik — sıcak su PPRC izoleli
  0
LAYER
  5
B6
330
1
100
AcDbSymbolTableRecord
100
AcDbLayerTableRecord
  2
M-SIHHI-PIS
 70
0
 62
8
  6
Continuous
370
35
390
13
347
21
1001
AcAecLayerStandard
1000

1000
Mekanik — pis su PVC
  0
LAYER
  5
B7
330
1
100
AcDbSymbolTableRecord
100
AcDbLayerTableRecord
  2
M-SIHHI-CIHAZ
 70
0
 62
8
  6
Continuous
370
25
390
13
347
21
1001
AcAecLayerStandard
1000

1000
Mekanik — vitrifiye ve su ısıtıcı
  0
LAYER
  5
B8
330
1
100
AcDbSymbolTableRecord
100
AcDbLayerTableRecord
  2
M-YAZI
 70
0
 62
7
  6
Continuous
370
13
390
13
347
21
1001
AcAecLayerStandard
1000

1000
Mekanik — etiket ve not
  0
LAYER
  5
B9
330
1
100
AcDbSymbolTableRecord
100
AcDbLayerTableRecord
  2
E-AYD-ARMATUR
 70
0
 62
2
  6
Continuous
370
25
390
13
347
21
1001
AcAecLayerStandard
1000

1000
Elektrik — lineer LED armatür
  0
LAYER
  5
BA
330
1
100
AcDbSymbolTableRecord
100
AcDbLayerTableRecord
  2
E-AYD-DOWNLIGHT
 70
0
 62
2
  6
Continuous
370
25
390
13
347
21
1001
AcAecLayerStandard
1000

1000
Elektrik — IP44 downlight
  0
LAYER
  5
BB
330
1
100
AcDbSymbolTableRecord
100
AcDbLayerTableRecord
  2
E-AYD-ACIL
 70
0
 62
3
  6
Continuous
370
25
390
13
347
21
1001
AcAecLayerStandard
1000

1000
Elektrik — acil aydınlatma / yönlendirme
  0
LAYER
  5
BC
330
1
100
AcDbSymbolTableRecord
100
AcDbLayerTableRecord
  2
E-AYD-ANAHTAR
 70
0
 62
2
  6
Continuous
370
18
390
13
347
21
1001
AcAecLayerStandard
1000

1000
Elektrik — anahtar ve sensör
  0
LAYER
  5
BD
330
1
100
AcDbSymbolTableRecord
100
AcDbLayerTableRecord
  2
E-KUVVET-PRIZ
 70
0
 62
5
  6
Continuous
370
25
390
13
347
21
1001
AcAecLayerStandard
1000

1000
Elektrik — priz
  0
LAYER
  5
BE
330
1
100
AcDbSymbolTableRecord
100
AcDbLayerTableRecord
  2
E-KUVVET-CIHAZ
 70
0
 62
5
  6
Continuous
370
25
390
13
347
21
1001
AcAecLayerStandard
1000

1000
Elektrik — klima/ısıtıcı/fan beslemesi
  0
LAYER
  5
BF
330
1
100
AcDbSymbolTableRecord
100
AcDbLayerTableRecord
  2
E-ZAYIF-KAMERA
 70
0
 62
6
  6
Continuous
370
25
390
13
347
21
1001
AcAecLayerStandard
1000

1000
Elektrik — IP kamera
  0
LAYER
  5
C0
330
1
100
AcDbSymbolTableRecord
100
AcDbLayerTableRecord
  2
E-ZAYIF-SES
 70
0
 62
6
  6
Continuous
370
25
390
13
347
21
1001
AcAecLayerStandard
1000

1000
Elektrik — tavan hoparlörü
  0
LAYER
  5
C1
330
1
100
AcDbSymbolTableRecord
100
AcDbLayerTableRecord
  2
E-ZAYIF-VERI
 70
0
 62
6
  6
Continuous
370
25
390
13
347
21
1001
AcAecLayerStandard
1000

1000
Elektrik — veri prizi ve rack
  0
LAYER
  5
C2
330
1
100
AcDbSymbolTableRecord
100
AcDbLayerTableRecord
  2
E-ZAYIF-YANGIN
 70
0
 62
1
  6
Continuous
370
25
390
13
347
21
1001
AcAecLayerStandard
1000

1000
Elektrik — dedektör, buton, siren
  0
LAYER
  5
C3
330
1
100
AcDbSymbolTableRecord
100
AcDbLayerTableRecord
  2
E-ZAYIF-LINYE
 70
0
 62
6
  6
DASHED
370
13
390
13
347
21
1001
AcAecLayerStandard
1000

1000
Elektrik — yangın algılama çevrimi
  0
LAYER
  5
C4
330
1
100
AcDbSymbolTableRecord
100
AcDbLayerTableRecord
  2
E-AYD-LINYE
 70
0
 62
2
  6
Continuous
370
25
390
13
347
21
1001
AcAecLayerStandard
1000

1000
Elektrik — aydınlatma linyesi (ortogonal)
  0
LAYER
  5
C5
330
1
100
AcDbSymbolTableRecord
100
AcDbLayerTableRecord
  2
E-AYD-SORTI
 70
0
 62
2
  6
DASHED
370
18
390
13
347
21
1001
AcAecLayerStandard
1000

1000
Elektrik — anahtar kumanda sortisi
  0
LAYER
  5
C6
330
1
100
AcDbSymbolTableRecord
100
AcDbLayerTableRecord
  2
E-KUVVET-LINYE
 70
0
 62
5
  6
Continuous
370
25
390
13
347
21
1001
AcAecLayerStandard
1000

1000
Elektrik — priz ve kuvvet linyesi
  0
LAYER
  5
C7
330
1
100
AcDbSymbolTableRecord
100
AcDbLayerTableRecord
  2
E-KUVVET-KOLON
 70
0
 62
5
  6
Continuous
370
50
390
13
347
21
1001
AcAecLayerStandard
1000

1000
Elektrik — kolon (ana besleme) hattı
  0
LAYER
  5
C8
330
1
100
AcDbSymbolTableRecord
100
AcDbLayerTableRecord
  2
E-KUVVET-BUAT
 70
0
 62
5
  6
Continuous
370
18
390
13
347
21
1001
AcAecLayerStandard
1000

1000
Elektrik — buat ve geçiş kutusu
  0
LAYER
  5
C9
330
1
100
AcDbSymbolTableRecord
100
AcDbLayerTableRecord
  2
E-ZAYIF-TAVA
 70
0
 62
6
  6
Continuous
370
18
390
13
347
21
1001
AcAecLayerStandard
1000

1000
Elektrik — zayıf akım kablo kanalı
  0
LAYER
  5
CA
330
1
100
AcDbSymbolTableRecord
100
AcDbLayerTableRecord
  2
E-TOPRAK-ELEKTROT
 70
0
 62
3
  6
Continuous
370
50
390
13
347
21
1001
AcAecLayerStandard
1000

1000
Elektrik — çubuk elektrot
  0
LAYER
  5
CB
330
1
100
AcDbSymbolTableRecord
100
AcDbLayerTableRecord
  2
E-TOPRAK-SERIT
 70
0
 62
3
  6
Continuous
370
50
390
13
347
21
1001
AcAecLayerStandard
1000

1000
Elektrik — elektrot bağlantı şeridi
  0
LAYER
  5
CC
330
1
100
AcDbSymbolTableRecord
100
AcDbLayerTableRecord
  2
E-TOPRAK-ILETKEN
 70
0
 62
3
  6
DASHDOT
370
35
390
13
347
21
1001
AcAecLayerStandard
1000

1000
Elektrik — topraklama iletkeni
  0
LAYER
  5
CD
330
1
100
AcDbSymbolTableRecord
100
AcDbLayerTableRecord
  2
E-TOPRAK-BARA
 70
0
 62
3
  6
Continuous
370
50
390
13
347
21
1001
AcAecLayerStandard
1000

1000
Elektrik — ATB / EPDB barası
  0
LAYER
  5
CE
330
1
100
AcDbSymbolTableRecord
100
AcDbLayerTableRecord
  2
E-TOPRAK-YAZI
 70
0
 62
3
  6
Continuous
370
13
390
13
347
21
1001
AcAecLayerStandard
1000

1000
Elektrik — topraklama etiketi
  0
LAYER
  5
CF
330
1
100
AcDbSymbolTableRecord
100
AcDbLayerTableRecord
  2
E-TEKHAT-TEL
 70
0
 62
7
  6
Continuous
370
35
390
13
347
21
1001
AcAecLayerStandard
1000

1000
Tek hat — iletken
  0
LAYER
  5
D0
330
1
100
AcDbSymbolTableRecord
100
AcDbLayerTableRecord
  2
E-TEKHAT-SEMBOL
 70
0
 62
7
  6
Continuous
370
35
390
13
347
21
1001
AcAecLayerStandard
1000

1000
Tek hat — IEC 60617 sembolü
  0
LAYER
  5
D1
330
1
100
AcDbSymbolTableRecord
100
AcDbLayerTableRecord
  2
E-TEKHAT-BARA
 70
0
 62
7
  6
Continuous
370
70
390
13
347
21
1001
AcAecLayerStandard
1000

1000
Tek hat — bara
  0
LAYER
  5
D2
330
1
100
AcDbSymbolTableRecord
100
AcDbLayerTableRecord
  2
E-TEKHAT-SINIR
 70
0
 62
8
  6
DASHDOT
370
35
390
13
347
21
1001
AcAecLayerStandard
1000

1000
Tek hat — pano sınırı
  0
LAYER
  5
D3
330
1
100
AcDbSymbolTableRecord
100
AcDbLayerTableRecord
  2
E-TEKHAT-GRUP
 70
0
 62
8
  6
Continuous
370
25
390
13
347
21
1001
AcAecLayerStandard
1000

1000
Tek hat — kaçak akım grubu parantezi
  0
LAYER
  5
D4
330
1
100
AcDbSymbolTableRecord
100
AcDbLayerTableRecord
  2
E-TEKHAT-TABLO
 70
0
 62
7
  6
Continuous
370
18
390
13
347
21
1001
AcAecLayerStandard
1000

1000
Tek hat — veri matrisi
  0
LAYER
  5
D5
330
1
100
AcDbSymbolTableRecord
100
AcDbLayerTableRecord
  2
E-TEKHAT-YAZI
 70
0
 62
7
  6
Continuous
370
18
390
13
347
21
1001
AcAecLayerStandard
1000

1000
Tek hat — etiket ve not
  0
LAYER
  5
D6
330
1
100
AcDbSymbolTableRecord
100
AcDbLayerTableRecord
  2
E-TEKHAT-YEDEK
 70
0
 62
8
  6
DASHED
370
25
390
13
347
21
1001
AcAecLayerStandard
1000

1000
Tek hat — yedek / boş modül
  0
LAYER
  5
D7
330
1
100
AcDbSymbolTableRecord
100
AcDbLayerTableRecord
  2
E-SEMA-TEL
 70
0
 62
7
  6
Continuous
370
25
390
13
347
21
1001
AcAecLayerStandard
1000

1000
Şema — iletken
  0
LAYER
  5
D8
330
1
100
AcDbSymbolTableRecord
100
AcDbLayerTableRecord
  2
E-SEMA-SEMBOL
 70
0
 62
7
  6
Continuous
370
35
390
13
347
21
1001
AcAecLayerStandard
1000

1000
Şema — IEC 60617 sembolü
  0
LAYER
  5
D9
330
1
100
AcDbSymbolTableRecord
100
AcDbLayerTableRecord
  2
E-SEMA-RAY
 70
0
 62
7
  6
Continuous
370
35
390
13
347
21
1001
AcAecLayerStandard
1000

1000
Şema — potansiyel rayı (L1/L2/L3/N)
  0
LAYER
  5
DA
330
1
100
AcDbSymbolTableRecord
100
AcDbLayerTableRecord
  2
E-SEMA-PE
 70
0
 62
7
  6
DASHDOT
370
35
390
13
347
21
1001
AcAecLayerStandard
1000

1000
Şema — PE rayı ve koruma iletkeni
  0
LAYER
  5
DB
330
1
100
AcDbSymbolTableRecord
100
AcDbLayerTableRecord
  2
E-SEMA-KLEMENS
 70
0
 62
7
  6
Continuous
370
25
390
13
347
21
1001
AcAecLayerStandard
1000

1000
Şema — klemens
  0
LAYER
  5
DC
330
1
100
AcDbSymbolTableRecord
100
AcDbLayerTableRecord
  2
E-SEMA-YUK
 70
0
 62
8
  6
DASHED
370
18
390
13
347
21
1001
AcAecLayerStandard
1000

1000
Şema — saha cihazı
  0
LAYER
  5
DD
330
1
100
AcDbSymbolTableRecord
100
AcDbLayerTableRecord
  2
E-SEMA-ZON
 70
0
 62
8
  6
Continuous
370
18
390
13
347
21
1001
AcAecLayerStandard
1000

1000
Şema — kenar ızgarası
  0
LAYER
  5
DE
330
1
100
AcDbSymbolTableRecord
100
AcDbLayerTableRecord
  2
E-SEMA-ANTET
 70
0
 62
7
  6
Continuous
370
50
390
13
347
21
1001
AcAecLayerStandard
1000

1000
Şema — antet ve çerçeve
  0
LAYER
  5
DF
330
1
100
AcDbSymbolTableRecord
100
AcDbLayerTableRecord
  2
E-SEMA-YAZI
 70
0
 62
7
  6
Continuous
370
18
390
13
347
21
1001
AcAecLayerStandard
1000

1000
Şema — etiket ve tel numarası
  0
LAYER
  5
E0
330
1
100
AcDbSymbolTableRecord
100
AcDbLayerTableRecord
  2
E-PANO
 70
0
 62
7
  6
Continuous
370
50
390
13
347
21
1001
AcAecLayerStandard
1000

1000
Elektrik — ana dağıtım panosu
  0
LAYER
  5
E1
330
1
100
AcDbSymbolTableRecord
100
AcDbLayerTableRecord
  2
E-YAZI
 70
0
 62
7
  6
Continuous
370
13
390
13
347
21
1001
AcAecLayerStandard
1000

1000
Elektrik — etiket ve not
  0
LAYER
  5
E2
330
1
100
AcDbSymbolTableRecord
100
AcDbLayerTableRecord
  2
G-OLCU
 70
0
 62
7
  6
Continuous
370
13
390
13
347
21
1001
AcAecLayerStandard
1000

1000
Genel — ölçülendirme
  0
LAYER
  5
E3
330
1
100
AcDbSymbolTableRecord
100
AcDbLayerTableRecord
  2
G-YAZI
 70
0
 62
7
  6
Continuous
370
18
390
13
347
21
1001
AcAecLayerStandard
1000

1000
Genel — başlık ve açıklama
  0
LAYER
  5
E4
330
1
100
AcDbSymbolTableRecord
100
AcDbLayerTableRecord
  2
G-ANTET
 70
0
 62
7
  6
Continuous
370
25
390
13
347
21
1001
AcAecLayerStandard
1000

1000
Genel — antet ve revizyon tablosu
  0
LAYER
  5
E5
330
1
100
AcDbSymbolTableRecord
100
AcDbLayerTableRecord
  2
G-CERCEVE
 70
0
 62
7
  6
Continuous
370
70
390
13
347
21
1001
AcAecLayerStandard
1000

1000
Genel — pafta çizim çerçevesi (ISO 5457)
  0
LAYER
  5
E6
330
1
100
AcDbSymbolTableRecord
100
AcDbLayerTableRecord
  2
G-PAFTA-ZON
 70
0
 62
8
  6
Continuous
370
13
390
13
347
21
1001
AcAecLayerStandard
1000

1000
Genel — kenar ızgarası / bölge referansı
  0
LAYER
  5
E7
330
1
100
AcDbSymbolTableRecord
100
AcDbLayerTableRecord
  2
G-VIEWPORT
 70
0
 62
251
  6
Continuous
290
0
370
13
390
13
347
21
1001
AcAecLayerStandard
1000

1000
Genel — görüntü penceresi (basılmaz)
  0
LAYER
  5
E8
330
1
100
AcDbSymbolTableRecord
100
AcDbLayerTableRecord
  2
G-AKS-HAT
 70
0
 62
8
  6
DASHDOT
370
18
390
13
347
21
1001
AcAecLayerStandard
1000

1000
Genel — aks çizgisi
  0
LAYER
  5
E9
330
1
100
AcDbSymbolTableRecord
100
AcDbLayerTableRecord
  2
G-AKS-BALON
 70
0
 62
8
  6
Continuous
370
25
390
13
347
21
1001
AcAecLayerStandard
1000

1000
Genel — aks balonu
  0
LAYER
  5
EA
330
1
100
AcDbSymbolTableRecord
100
AcDbLayerTableRecord
  2
G-OLCU-ZINCIR
 70
0
 62
7
  6
Continuous
370
13
390
13
347
21
1001
AcAecLayerStandard
1000

1000
Genel — zincir ölçü
  0
LAYER
  5
EB
330
1
100
AcDbSymbolTableRecord
100
AcDbLayerTableRecord
  2
G-KESIT-ISARET
 70
0
 62
1
  6
Continuous
370
50
390
13
347
21
1001
AcAecLayerStandard
1000

1000
Genel — kesit ve detay işareti
  0
LAYER
  5
EC
330
1
100
AcDbSymbolTableRecord
100
AcDbLayerTableRecord
  2
G-KUZEY
 70
0
 62
7
  6
Continuous
370
25
390
13
347
21
1001
AcAecLayerStandard
1000

1000
Genel — kuzey oku ve ölçek
  0
ENDTAB
  0
TABLE
  2
STYLE
  5
5
330
0
100
AcDbSymbolTable
 70
28
  0
STYLE
  5
29
330
5
100
AcDbSymbolTableRecord
100
AcDbTextStyleTableRecord
  2
Standard
 70
0
 40
0.0
 41
1.0
 50
0.0
 71
0
 42
2.5
  3
txt
  4

  0
STYLE
  5
41
330
5
100
AcDbSymbolTableRecord
100
AcDbTextStyleTableRecord
  2
OpenSans-Light
 70
0
 40
0.0
 41
1.0
 50
0.0
 71
0
 42
2.5
  3
OpenSans-Light.ttf
  4

  0
STYLE
  5
42
330
5
100
AcDbSymbolTableRecord
100
AcDbTextStyleTableRecord
  2
OpenSans-Light-Italic
 70
0
 40
0.0
 41
1.0
 50
0.0
 71
0
 42
2.5
  3
OpenSans-LightItalic.ttf
  4

  0
STYLE
  5
43
330
5
100
AcDbSymbolTableRecord
100
AcDbTextStyleTableRecord
  2
OpenSans
 70
0
 40
0.0
 41
1.0
 50
0.0
 71
0
 42
2.5
  3
OpenSans-Regular.ttf
  4

  0
STYLE
  5
44
330
5
100
AcDbSymbolTableRecord
100
AcDbTextStyleTableRecord
  2
OpenSans-Italic
 70
0
 40
0.0
 41
1.0
 50
0.0
 71
0
 42
2.5
  3
OpenSans-Italic.ttf
  4

  0
STYLE
  5
45
330
5
100
AcDbSymbolTableRecord
100
AcDbTextStyleTableRecord
  2
OpenSans-SemiBold
 70
0
 40
0.0
 41
1.0
 50
0.0
 71
0
 42
2.5
  3
OpenSans-SemiBold.ttf
  4

  0
STYLE
  5
46
330
5
100
AcDbSymbolTableRecord
100
AcDbTextStyleTableRecord
  2
OpenSans-SemiBoldItalic
 70
0
 40
0.0
 41
1.0
 50
0.0
 71
0
 42
2.5
  3
OpenSans-SemiBoldItalic.ttf
  4

  0
STYLE
  5
47
330
5
100
AcDbSymbolTableRecord
100
AcDbTextStyleTableRecord
  2
OpenSans-Bold
 70
0
 40
0.0
 41
1.0
 50
0.0
 71
0
 42
2.5
  3
OpenSans-Bold.ttf
  4

  0
STYLE
  5
48
330
5
100
AcDbSymbolTableRecord
100
AcDbTextStyleTableRecord
  2
OpenSans-BoldItalic
 70
0
 40
0.0
 41
1.0
 50
0.0
 71
0
 42
2.5
  3
OpenSans-BoldItalic.ttf
  4

  0
STYLE
  5
49
330
5
100
AcDbSymbolTableRecord
100
AcDbTextStyleTableRecord
  2
OpenSans-ExtraBold
 70
0
 40
0.0
 41
1.0
 50
0.0
 71
0
 42
2.5
  3
OpenSans-ExtraBold.ttf
  4

  0
STYLE
  5
4A
330
5
100
AcDbSymbolTableRecord
100
AcDbTextStyleTableRecord
  2
OpenSans-ExtraBoldItalic
 70
0
 40
0.0
 41
1.0
 50
0.0
 71
0
 42
2.5
  3
OpenSans-ExtraBoldItalic.ttf
  4

  0
STYLE
  5
4B
330
5
100
AcDbSymbolTableRecord
100
AcDbTextStyleTableRecord
  2
OpenSansCondensed-Bold
 70
0
 40
0.0
 41
1.0
 50
0.0
 71
0
 42
2.5
  3
OpenSansCondensed-Bold.ttf
  4

  0
STYLE
  5
4C
330
5
100
AcDbSymbolTableRecord
100
AcDbTextStyleTableRecord
  2
OpenSansCondensed-Light
 70
0
 40
0.0
 41
1.0
 50
0.0
 71
0
 42
2.5
  3
OpenSansCondensed-Light.ttf
  4

  0
STYLE
  5
4D
330
5
100
AcDbSymbolTableRecord
100
AcDbTextStyleTableRecord
  2
OpenSansCondensed-Italic
 70
0
 40
0.0
 41
1.0
 50
0.0
 71
0
 42
2.5
  3
OpenSansCondensed-LightItalic.ttf
  4

  0
STYLE
  5
4E
330
5
100
AcDbSymbolTableRecord
100
AcDbTextStyleTableRecord
  2
LiberationSans
 70
0
 40
0.0
 41
1.0
 50
0.0
 71
0
 42
2.5
  3
LiberationSans-Regular.ttf
  4

  0
STYLE
  5
4F
330
5
100
AcDbSymbolTableRecord
100
AcDbTextStyleTableRecord
  2
LiberationSans-Bold
 70
0
 40
0.0
 41
1.0
 50
0.0
 71
0
 42
2.5
  3
LiberationSans-Bold.ttf
  4

  0
STYLE
  5
50
330
5
100
AcDbSymbolTableRecord
100
AcDbTextStyleTableRecord
  2
LiberationSans-BoldItalic
 70
0
 40
0.0
 41
1.0
 50
0.0
 71
0
 42
2.5
  3
LiberationSans-BoldItalic.ttf
  4

  0
STYLE
  5
51
330
5
100
AcDbSymbolTableRecord
100
AcDbTextStyleTableRecord
  2
LiberationSans-Italic
 70
0
 40
0.0
 41
1.0
 50
0.0
 71
0
 42
2.5
  3
LiberationSans-Italic.ttf
  4

  0
STYLE
  5
52
330
5
100
AcDbSymbolTableRecord
100
AcDbTextStyleTableRecord
  2
LiberationSerif
 70
0
 40
0.0
 41
1.0
 50
0.0
 71
0
 42
2.5
  3
LiberationSerif-Regular.ttf
  4

  0
STYLE
  5
53
330
5
100
AcDbSymbolTableRecord
100
AcDbTextStyleTableRecord
  2
LiberationSerif-Bold
 70
0
 40
0.0
 41
1.0
 50
0.0
 71
0
 42
2.5
  3
LiberationSerif-Bold.ttf
  4

  0
STYLE
  5
54
330
5
100
AcDbSymbolTableRecord
100
AcDbTextStyleTableRecord
  2
LiberationSerif-BoldItalic
 70
0
 40
0.0
 41
1.0
 50
0.0
 71
0
 42
2.5
  3
LiberationSerif-BoldItalic.ttf
  4

  0
STYLE
  5
55
330
5
100
AcDbSymbolTableRecord
100
AcDbTextStyleTableRecord
  2
LiberationSerif-Italic
 70
0
 40
0.0
 41
1.0
 50
0.0
 71
0
 42
2.5
  3
LiberationSerif-Italic.ttf
  4

  0
STYLE
  5
56
330
5
100
AcDbSymbolTableRecord
100
AcDbTextStyleTableRecord
  2
LiberationMono
 70
0
 40
0.0
 41
1.0
 50
0.0
 71
0
 42
2.5
  3
LiberationMono-Regular.ttf
  4

  0
STYLE
  5
57
330
5
100
AcDbSymbolTableRecord
100
AcDbTextStyleTableRecord
  2
LiberationMono-Bold
 70
0
 40
0.0
 41
1.0
 50
0.0
 71
0
 42
2.5
  3
LiberationMono-Bold.ttf
  4

  0
STYLE
  5
58
330
5
100
AcDbSymbolTableRecord
100
AcDbTextStyleTableRecord
  2
LiberationMono-BoldItalic
 70
0
 40
0.0
 41
1.0
 50
0.0
 71
0
 42
2.5
  3
LiberationMono-BoldItalic.ttf
  4

  0
STYLE
  5
59
330
5
100
AcDbSymbolTableRecord
100
AcDbTextStyleTableRecord
  2
LiberationMono-Italic
 70
0
 40
0.0
 41
1.0
 50
0.0
 71
0
 42
2.5
  3
LiberationMono-Italic.ttf
  4

  0
STYLE
  5
ED
330
5
100
AcDbSymbolTableRecord
100
AcDbTextStyleTableRecord
  2
GYM
 70
0
 40
0.0
 41
1.0
 50
0.0
 71
0
 42
2.5
  3
arial.ttf
  4

  0
STYLE
  5
EE
330
5
100
AcDbSymbolTableRecord
100
AcDbTextStyleTableRecord
  2
GYM-B
 70
0
 40
0.0
 41
1.0
 50
0.0
 71
0
 42
2.5
  3
arialbd.ttf
  4

  0
ENDTAB
  0
TABLE
  2
VIEW
  5
7
330
0
100
AcDbSymbolTable
 70
0
  0
ENDTAB
  0
TABLE
  2
UCS
  5
6
330
0
100
AcDbSymbolTable
 70
0
  0
ENDTAB
  0
TABLE
  2
APPID
  5
3
330
0
100
AcDbSymbolTable
 70
4
  0
APPID
  5
2A
330
3
100
AcDbSymbolTableRecord
100
AcDbRegAppTableRecord
  2
ACAD
 70
0
  0
APPID
  5
8B
330
3
100
AcDbSymbolTableRecord
100
AcDbRegAppTableRecord
  2
AcAecLayerStandard
 70
0
  0
APPID
  5
501
330
3
100
AcDbSymbolTableRecord
100
AcDbRegAppTableRecord
  2
HATCHBACKGROUNDCOLOR
 70
0
  0
APPID
  5
502
330
3
100
AcDbSymbolTableRecord
100
AcDbRegAppTableRecord
  2
EZDXF
 70
0
  0
ENDTAB
  0
TABLE
  2
DIMSTYLE
  5
4
330
0
100
AcDbSymbolTable
 70
19
100
AcDbDimStyleTable
  0
DIMSTYLE
105
2B
330
4
100
AcDbSymbolTableRecord
100
AcDbDimStyleTableRecord
  2
Standard
 70
0
 40
1.0
 41
2.5
 42
0.625
 43
3.75
 44
1.25
 45
0.0
 46
0.0
 47
0.0
 48
0.0
 49
2.5
140
2.5
141
2.5
142
0.0
143
0.03937007874
144
1.0
145
0.0
146
1.0
147
0.625
148
0.0
 69
0
 70
0
 71
0
 72
0
 73
0
 74
0
 75
0
 76
0
 77
1
 78
8
 79
3
170
0
171
3
172
1
173
0
174
0
175
0
176
0
177
0
178
0
179
2
271
2
272
2
273
2
274
3
275
0
276
0
277
2
278
44
279
0
280
0
281
0
282
0
283
0
284
8
285
0
286
0
288
0
289
3
290
0
371
-2
372
-2
  0
DIMSTYLE
105
73
330
4
100
AcDbSymbolTableRecord
100
AcDbDimStyleTableRecord
  2
EZDXF
 70
0
 40
1.0
 41
0.175
 42
0.125
 43
3.75
 44
0.375
 45
0.0
 46
0.0
 47
0.0
 48
0.0
 49
2.5
140
0.25
141
2.5
142
0.0
143
0.03937007874
144
100.0
145
0.0
146
0.5
147
0.1
148
0.0
 69
0
 70
0
 71
0
 72
0
 73
0
 74
0
 75
0
 76
0
 77
1
 78
12
 79
3
170
0
171
3
172
1
173
0
174
0
175
0
176
0
177
0
178
0
179
2
271
2
272
2
273
2
274
3
275
0
276
0
277
2
278
46
279
2
280
0
281
0
282
0
283
0
284
8
285
0
286
0
288
1
289
3
290
0
340
4C
342
74
371
-2
372
-2
  0
DIMSTYLE
105
7C
330
4
100
AcDbSymbolTableRecord
100
AcDbDimStyleTableRecord
  2
EZ_M_100_H25_CM
 70
0
 40
1.0
 41
0.25
 42
0.125
 43
3.75
 44
0.375
 45
0.0
 46
0.0
 47
0.0
 48
0.0
 49
2.5
140
0.25
141
2.5
142
0.125
143
0.03937007874
144
100.0
145
0.0
146
0.5
147
0.1
148
0.0
 69
0
 70
0
 71
0
 72
0
 73
0
 74
0
 75
0
 76
0
 77
1
 78
12
 79
3
170
0
171
3
172
1
173
0
174
0
175
0
176
0
177
0
178
0
179
2
271
2
272
2
273
2
274
3
275
0
276
0
277
2
278
46
279
2
280
0
281
0
282
0
283
0
284
8
285
0
286
0
288
1
289
3
290
0
340
4C
371
-2
372
-2
  0
DIMSTYLE
105
7D
330
4
100
AcDbSymbolTableRecord
100
AcDbDimStyleTableRecord
  2
EZ_M_50_H25_CM
 70
0
 40
1.0
 41
0.125
 42
0.0625
 43
3.75
 44
0.1875
 45
0.0
 46
0.0
 47
0.0
 48
0.0
 49
2.5
140
0.125
141
2.5
142
0.0625
143
0.03937007874
144
100.0
145
0.0
146
0.5
147
0.05
148
0.0
 69
0
 70
0
 71
0
 72
0
 73
0
 74
0
 75
0
 76
0
 77
1
 78
12
 79
3
170
0
171
3
172
1
173
0
174
0
175
0
176
0
177
0
178
0
179
2
271
2
272
2
273
2
274
3
275
0
276
0
277
2
278
46
279
2
280
0
281
0
282
0
283
0
284
8
285
0
286
0
288
1
289
3
290
0
340
4C
371
-2
372
-2
  0
DIMSTYLE
105
7E
330
4
100
AcDbSymbolTableRecord
100
AcDbDimStyleTableRecord
  2
EZ_M_25_H25_CM
 70
0
 40
1.0
 41
0.0625
 42
0.03125
 43
3.75
 44
0.09375
 45
0.0
 46
0.0
 47
0.0
 48
0.0
 49
2.5
140
0.0625
141
2.5
142
0.03125
143
0.03937007874
144
100.0
145
0.0
146
0.5
147
0.025
148
0.0
 69
0
 70
0
 71
0
 72
0
 73
0
 74
0
 75
0
 76
0
 77
1
 78
12
 79
3
170
0
171
3
172
1
173
0
174
0
175
0
176
0
177
0
178
0
179
2
271
2
272
2
273
2
274
3
275
0
276
0
277
2
278
46
279
2
280
0
281
0
282
0
283
0
284
8
285
0
286
0
288
1
289
3
290
0
340
4C
371
-2
372
-2
  0
DIMSTYLE
105
7F
330
4
100
AcDbSymbolTableRecord
100
AcDbDimStyleTableRecord
  2
EZ_M_20_H25_CM
 70
0
 40
1.0
 41
0.05
 42
0.025
 43
3.75
 44
0.07500000000000001
 45
0.0
 46
0.0
 47
0.0
 48
0.0
 49
2.5
140
0.05
141
2.5
142
0.025
143
0.03937007874
144
100.0
145
0.0
146
0.5
147
0.020000000000000004
148
0.0
 69
0
 70
0
 71
0
 72
0
 73
0
 74
0
 75
0
 76
0
 77
1
 78
12
 79
3
170
0
171
3
172
1
173
0
174
0
175
0
176
0
177
0
178
0
179
2
271
2
272
2
273
2
274
3
275
0
276
0
277
2
278
46
279
2
280
0
281
0
282
0
283
0
284
8
285
0
286
0
288
1
289
3
290
0
340
4C
371
-2
372
-2
  0
DIMSTYLE
105
80
330
4
100
AcDbSymbolTableRecord
100
AcDbDimStyleTableRecord
  2
EZ_M_10_H25_CM
 70
0
 40
1.0
 41
0.025
 42
0.0125
 43
3.75
 44
0.037500000000000006
 45
0.0
 46
0.0
 47
0.0
 48
0.0
 49
2.5
140
0.025
141
2.5
142
0.0125
143
0.03937007874
144
100.0
145
0.0
146
0.5
147
0.010000000000000002
148
0.0
 69
0
 70
0
 71
0
 72
0
 73
0
 74
0
 75
0
 76
0
 77
1
 78
12
 79
3
170
0
171
3
172
1
173
0
174
0
175
0
176
0
177
0
178
0
179
2
271
2
272
2
273
2
274
3
275
0
276
0
277
2
278
46
279
2
280
0
281
0
282
0
283
0
284
8
285
0
286
0
288
1
289
3
290
0
340
4C
371
-2
372
-2
  0
DIMSTYLE
105
81
330
4
100
AcDbSymbolTableRecord
100
AcDbDimStyleTableRecord
  2
EZ_M_5_H25_CM
 70
0
 40
1.0
 41
0.0125
 42
0.00625
 43
3.75
 44
0.018750000000000003
 45
0.0
 46
0.0
 47
0.0
 48
0.0
 49
2.5
140
0.0125
141
2.5
142
0.00625
143
0.03937007874
144
100.0
145
0.0
146
0.5
147
0.005000000000000001
148
0.0
 69
0
 70
0
 71
0
 72
0
 73
0
 74
0
 75
0
 76
0
 77
1
 78
12
 79
3
170
0
171
3
172
1
173
0
174
0
175
0
176
0
177
0
178
0
179
2
271
2
272
2
273
2
274
3
275
0
276
0
277
2
278
46
279
2
280
0
281
0
282
0
283
0
284
8
285
0
286
0
288
1
289
3
290
0
340
4C
371
-2
372
-2
  0
DIMSTYLE
105
82
330
4
100
AcDbSymbolTableRecord
100
AcDbDimStyleTableRecord
  2
EZ_M_1_H25_CM
 70
0
 40
1.0
 41
0.0025
 42
0.00125
 43
3.75
 44
0.00375
 45
0.0
 46
0.0
 47
0.0
 48
0.0
 49
2.5
140
0.0025
141
2.5
142
0.00125
143
0.03937007874
144
100.0
145
0.0
146
0.5
147
0.001
148
0.0
 69
0
 70
0
 71
0
 72
0
 73
0
 74
0
 75
0
 76
0
 77
1
 78
12
 79
3
170
0
171
3
172
1
173
0
174
0
175
0
176
0
177
0
178
0
179
2
271
2
272
2
273
2
274
3
275
0
276
0
277
2
278
46
279
2
280
0
281
0
282
0
283
0
284
8
285
0
286
0
288
1
289
3
290
0
340
4C
371
-2
372
-2
  0
DIMSTYLE
105
83
330
4
100
AcDbSymbolTableRecord
100
AcDbDimStyleTableRecord
  2
EZ_RADIUS
 70
0
 40
1.0
 41
0.25
 42
0.125
 43
3.75
 44
0.375
 45
0.0
 46
0.0
 47
0.0
 48
0.0
 49
2.5
140
0.25
141
0.0
142
0.0
143
0.03937007874
144
100.0
145
0.0
146
0.5
147
0.1
148
0.0
 69
0
 70
0
 71
0
 72
0
 73
0
 74
0
 75
0
 76
0
 77
1
 78
12
 79
3
170
0
171
3
172
0
173
0
174
0
175
0
176
0
177
0
178
0
179
2
271
2
272
2
273
2
274
3
275
0
276
0
277
2
278
46
279
1
280
0
281
0
282
0
283
0
284
8
285
0
286
0
288
1
289
3
290
0
340
4C
342
84
371
-2
372
-2
  0
DIMSTYLE
105
88
330
4
100
AcDbSymbolTableRecord
100
AcDbDimStyleTableRecord
  2
EZ_RADIUS_INSIDE
 70
0
 40
1.0
 41
0.25
 42
0.125
 43
3.75
 44
0.375
 45
0.0
 46
0.0
 47
0.0
 48
0.0
 49
2.5
140
0.25
141
0.0
142
0.0
143
0.03937007874
144
100.0
145
0.0
146
0.5
147
0.1
148
0.0
 69
0
 70
0
 71
0
 72
0
 73
0
 74
0
 75
0
 76
0
 77
0
 78
12
 79
3
170
0
171
3
172
0
173
0
174
1
175
0
176
0
177
0
178
0
179
2
271
2
272
2
273
2
274
3
275
0
276
0
277
2
278
46
279
0
280
0
281
0
282
0
283
0
284
8
285
0
286
0
288
1
289
0
290
0
340
4C
342
84
371
-2
372
-2
  0
DIMSTYLE
105
89
330
4
100
AcDbSymbolTableRecord
100
AcDbDimStyleTableRecord
  2
EZ_CURVED
 70
0
 40
1.0
 41
0.25
 42
0.125
 43
3.75
 44
0.375
 45
0.0
 46
0.0
 47
0.0
 48
0.0
 49
2.5
140
0.25
141
2.5
142
0.0
143
0.03937007874
144
100.0
145
0.0
146
0.5
147
0.1
148
0.0
 69
0
 70
0
 71
0
 72
0
 73
0
 74
0
 75
0
 76
0
 77
1
 78
12
 79
2
 90
2
170
0
171
3
172
1
173
0
174
0
175
0
176
0
177
0
178
0
179
2
271
2
272
2
273
2
274
3
275
0
276
0
277
2
278
46
279
2
280
0
281
0
282
0
283
0
284
8
285
0
286
0
288
1
289
3
290
0
340
4C
371
-2
372
-2
  0
DIMSTYLE
105
EF
330
4
100
AcDbSymbolTableRecord
100
AcDbDimStyleTableRecord
  2
GYM-5
 70
0
 40
5.0
 41
2.5
 42
1.5
 43
7.0
 44
1.25
 45
0.0
 46
0.0
 47
0.0
 48
0.0
 49
2.5
140
2.5
141
2.5
142
0.0
143
0.03937007874
144
1.0
145
0.0
146
1.0
147
0.9
148
0.0
 69
0
 70
0
 71
0
 72
0
 73
0
 74
0
 75
0
 76
0
 77
1
 78
8
 79
3
170
0
171
3
172
1
173
0
174
0
175
0
176
7
177
7
178
7
179
2
271
0
272
2
273
2
274
3
275
0
276
0
277
2
278
44
279
0
280
0
281
0
282
0
283
0
284
8
285
0
286
0
288
0
289
3
290
0
340
ED
342
74
371
18
372
13
  0
DIMSTYLE
105
F0
330
4
100
AcDbSymbolTableRecord
100
AcDbDimStyleTableRecord
  2
GYM-10
 70
0
 40
10.0
 41
2.5
 42
1.5
 43
7.0
 44
1.25
 45
0.0
 46
0.0
 47
0.0
 48
0.0
 49
2.5
140
2.5
141
2.5
142
0.0
143
0.03937007874
144
1.0
145
0.0
146
1.0
147
0.9
148
0.0
 69
0
 70
0
 71
0
 72
0
 73
0
 74
0
 75
0
 76
0
 77
1
 78
8
 79
3
170
0
171
3
172
1
173
0
174
0
175
0
176
7
177
7
178
7
179
2
271
0
272
2
273
2
274
3
275
0
276
0
277
2
278
44
279
0
280
0
281
0
282
0
283
0
284
8
285
0
286
0
288
0
289
3
290
0
340
ED
342
74
371
18
372
13
  0
DIMSTYLE
105
F1
330
4
100
AcDbSymbolTableRecord
100
AcDbDimStyleTableRecord
  2
GYM-20
 70
0
 40
20.0
 41
2.5
 42
1.5
 43
7.0
 44
1.25
 45
0.0
 46
0.0
 47
0.0
 48
0.0
 49
2.5
140
2.5
141
2.5
142
0.0
143
0.03937007874
144
1.0
145
0.0
146
1.0
147
0.9
148
0.0
 69
0
 70
0
 71
0
 72
0
 73
0
 74
0
 75
0
 76
0
 77
1
 78
8
 79
3
170
0
171
3
172
1
173
0
174
0
175
0
176
7
177
7
178
7
179
2
271
0
272
2
273
2
274
3
275
0
276
0
277
2
278
44
279
0
280
0
281
0
282
0
283
0
284
8
285
0
286
0
288
0
289
3
290
0
340
ED
342
74
371
18
372
13
  0
DIMSTYLE
105
F2
330
4
100
AcDbSymbolTableRecord
100
AcDbDimStyleTableRecord
  2
GYM-25
 70
0
 40
25.0
 41
2.5
 42
1.5
 43
7.0
 44
1.25
 45
0.0
 46
0.0
 47
0.0
 48
0.0
 49
2.5
140
2.5
141
2.5
142
0.0
143
0.03937007874
144
1.0
145
0.0
146
1.0
147
0.9
148
0.0
 69
0
 70
0
 71
0
 72
0
 73
0
 74
0
 75
0
 76
0
 77
1
 78
8
 79
3
170
0
171
3
172
1
173
0
174
0
175
0
176
7
177
7
178
7
179
2
271
0
272
2
273
2
274
3
275
0
276
0
277
2
278
44
279
0
280
0
281
0
282
0
283
0
284
8
285
0
286
0
288
0
289
3
290
0
340
ED
342
74
371
18
372
13
  0
DIMSTYLE
105
F3
330
4
100
AcDbSymbolTableRecord
100
AcDbDimStyleTableRecord
  2
GYM-50
 70
0
 40
50.0
 41
2.5
 42
1.5
 43
7.0
 44
1.25
 45
0.0
 46
0.0
 47
0.0
 48
0.0
 49
2.5
140
2.5
141
2.5
142
0.0
143
0.03937007874
144
1.0
145
0.0
146
1.0
147
0.9
148
0.0
 69
0
 70
0
 71
0
 72
0
 73
0
 74
0
 75
0
 76
0
 77
1
 78
8
 79
3
170
0
171
3
172
1
173
0
174
0
175
0
176
7
177
7
178
7
179
2
271
0
272
2
273
2
274
3
275
0
276
0
277
2
278
44
279
0
280
0
281
0
282
0
283
0
284
8
285
0
286
0
288
0
289
3
290
0
340
ED
342
74
371
18
372
13
  0
DIMSTYLE
105
F4
330
4
100
AcDbSymbolTableRecord
100
AcDbDimStyleTableRecord
  2
GYM-75
 70
0
 40
75.0
 41
2.5
 42
1.5
 43
7.0
 44
1.25
 45
0.0
 46
0.0
 47
0.0
 48
0.0
 49
2.5
140
2.5
141
2.5
142
0.0
143
0.03937007874
144
1.0
145
0.0
146
1.0
147
0.9
148
0.0
 69
0
 70
0
 71
0
 72
0
 73
0
 74
0
 75
0
 76
0
 77
1
 78
8
 79
3
170
0
171
3
172
1
173
0
174
0
175
0
176
7
177
7
178
7
179
2
271
0
272
2
273
2
274
3
275
0
276
0
277
2
278
44
279
0
280
0
281
0
282
0
283
0
284
8
285
0
286
0
288
0
289
3
290
0
340
ED
342
74
371
18
372
13
  0
DIMSTYLE
105
F5
330
4
100
AcDbSymbolTableRecord
100
AcDbDimStyleTableRecord
  2
GYM-100
 70
0
 40
100.0
 41
2.5
 42
1.5
 43
7.0
 44
1.25
 45
0.0
 46
0.0
 47
0.0
 48
0.0
 49
2.5
140
2.5
141
2.5
142
0.0
143
0.03937007874
144
1.0
145
0.0
146
1.0
147
0.9
148
0.0
 69
0
 70
0
 71
0
 72
0
 73
0
 74
0
 75
0
 76
0
 77
1
 78
8
 79
3
170
0
171
3
172
1
173
0
174
0
175
0
176
7
177
7
178
7
179
2
271
0
272
2
273
2
274
3
275
0
276
0
277
2
278
44
279
0
280
0
281
0
282
0
283
0
284
8
285
0
286
0
288
0
289
3
290
0
340
ED
342
74
371
18
372
13
  0
ENDTAB
  0
TABLE
  2
BLOCK_RECORD
  5
9
330
0
100
AcDbSymbolTable
 70
46
  0
BLOCK_RECORD
  5
17
330
9
100
AcDbSymbolTableRecord
100
AcDbBlockTableRecord
  2
*Model_Space
340
1A
 70
0
280
1
281
0
  0
BLOCK_RECORD
  5
74
330
9
100
AcDbSymbolTableRecord
100
AcDbBlockTableRecord
  2
_ARCHTICK
340
0
 70
0
280
1
281
0
  0
BLOCK_RECORD
  5
78
330
9
100
AcDbSymbolTableRecord
100
AcDbBlockTableRecord
  2
_CLOSEDFILLED
340
0
 70
0
280
1
281
0
  0
BLOCK_RECORD
  5
84
330
9
100
AcDbSymbolTableRecord
100
AcDbBlockTableRecord
  2
_CLOSEDBLANK
340
0
 70
0
280
1
281
0
  0
BLOCK_RECORD
  5
F6
330
9
100
AcDbSymbolTableRecord
100
AcDbBlockTableRecord
  2
M_MENFEZ_BESLEME
340
0
 70
0
280
1
281
0
  0
BLOCK_RECORD
  5
FF
330
9
100
AcDbSymbolTableRecord
100
AcDbBlockTableRecord
  2
M_MENFEZ_EGZOZ
340
0
 70
0
280
1
281
0
  0
BLOCK_RECORD
  5
107
330
9
100
AcDbSymbolTableRecord
100
AcDbBlockTableRecord
  2
M_VALF
340
0
 70
0
280
1
281
0
  0
BLOCK_RECORD
  5
10F
330
9
100
AcDbSymbolTableRecord
100
AcDbBlockTableRecord
  2
M_FAN
340
0
 70
0
280
1
281
0
  0
BLOCK_RECORD
  5
11A
330
9
100
AcDbSymbolTableRecord
100
AcDbBlockTableRecord
  2
M_PANJUR
340
0
 70
0
280
1
281
0
  0
BLOCK_RECORD
  5
124
330
9
100
AcDbSymbolTableRecord
100
AcDbBlockTableRecord
  2
M_KLIMA_IC
340
0
 70
0
280
1
281
0
  0
BLOCK_RECORD
  5
12B
330
9
100
AcDbSymbolTableRecord
100
AcDbBlockTableRecord
  2
M_KLIMA_DIS
340
0
 70
0
280
1
281
0
  0
BLOCK_RECORD
  5
132
330
9
100
AcDbSymbolTableRecord
100
AcDbBlockTableRecord
  2
M_ISITICI
340
0
 70
0
280
1
281
0
  0
BLOCK_RECORD
  5
13B
330
9
100
AcDbSymbolTableRecord
100
AcDbBlockTableRecord
  2
M_KLOZET
340
0
 70
0
280
1
281
0
  0
BLOCK_RECORD
  5
141
330
9
100
AcDbSymbolTableRecord
100
AcDbBlockTableRecord
  2
M_LAVABO
340
0
 70
0
280
1
281
0
  0
BLOCK_RECORD
  5
147
330
9
100
AcDbSymbolTableRecord
100
AcDbBlockTableRecord
  2
M_DUS
340
0
 70
0
280
1
281
0
  0
BLOCK_RECORD
  5
14E
330
9
100
AcDbSymbolTableRecord
100
AcDbBlockTableRecord
  2
M_SUZGEC
340
0
 70
0
280
1
281
0
  0
BLOCK_RECORD
  5
153
330
9
100
AcDbSymbolTableRecord
100
AcDbBlockTableRecord
  2
M_SAYAC
340
0
 70
0
280
1
281
0
  0
BLOCK_RECORD
  5
159
330
9
100
AcDbSymbolTableRecord
100
AcDbBlockTableRecord
  2
E_ARMATUR_LINEER
340
0
 70
0
280
1
281
0
  0
BLOCK_RECORD
  5
15F
330
9
100
AcDbSymbolTableRecord
100
AcDbBlockTableRecord
  2
E_DOWNLIGHT
340
0
 70
0
280
1
281
0
  0
BLOCK_RECORD
  5
166
330
9
100
AcDbSymbolTableRecord
100
AcDbBlockTableRecord
  2
E_ACIL
340
0
 70
0
280
1
281
0
  0
BLOCK_RECORD
  5
16C
330
9
100
AcDbSymbolTableRecord
100
AcDbBlockTableRecord
  2
E_YONLENDIRME
340
0
 70
0
280
1
281
0
  0
BLOCK_RECORD
  5
173
330
9
100
AcDbSymbolTableRecord
100
AcDbBlockTableRecord
  2
E_PRIZ
340
0
 70
0
280
1
281
0
  0
BLOCK_RECORD
  5
17C
330
9
100
AcDbSymbolTableRecord
100
AcDbBlockTableRecord
  2
E_PRIZ_IP44
340
0
 70
0
280
1
281
0
  0
BLOCK_RECORD
  5
185
330
9
100
AcDbSymbolTableRecord
100
AcDbBlockTableRecord
  2
E_ANAHTAR
340
0
 70
0
280
1
281
0
  0
BLOCK_RECORD
  5
18B
330
9
100
AcDbSymbolTableRecord
100
AcDbBlockTableRecord
  2
E_SENSOR
340
0
 70
0
280
1
281
0
  0
BLOCK_RECORD
  5
191
330
9
100
AcDbSymbolTableRecord
100
AcDbBlockTableRecord
  2
E_KAMERA
340
0
 70
0
280
1
281
0
  0
BLOCK_RECORD
  5
196
330
9
100
AcDbSymbolTableRecord
100
AcDbBlockTableRecord
  2
E_HOPARLOR
340
0
 70
0
280
1
281
0
  0
BLOCK_RECORD
  5
19D
330
9
100
AcDbSymbolTableRecord
100
AcDbBlockTableRecord
  2
E_VERI
340
0
 70
0
280
1
281
0
  0
BLOCK_RECORD
  5
1A3
330
9
100
AcDbSymbolTableRecord
100
AcDbBlockTableRecord
  2
E_DEDEKTOR
340
0
 70
0
280
1
281
0
  0
BLOCK_RECORD
  5
1A9
330
9
100
AcDbSymbolTableRecord
100
AcDbBlockTableRecord
  2
E_YANGIN_BUTON
340
0
 70
0
280
1
281
0
  0
BLOCK_RECORD
  5
1AF
330
9
100
AcDbSymbolTableRecord
100
AcDbBlockTableRecord
  2
E_PANO
340
0
 70
0
280
1
281
0
  0
BLOCK_RECORD
  5
1BC
330
9
100
AcDbSymbolTableRecord
100
AcDbBlockTableRecord
  2
G_KUZEY
340
0
 70
0
280
1
281
0
  0
BLOCK_RECORD
  5
2AE
330
9
100
AcDbSymbolTableRecord
100
AcDbBlockTableRecord
  2
*D1
340
0
 70
0
280
1
281
0
  0
BLOCK_RECORD
  5
2BD
330
9
100
AcDbSymbolTableRecord
100
AcDbBlockTableRecord
  2
*D2
340
0
 70
0
280
1
281
0
  0
BLOCK_RECORD
  5
2CC
330
9
100
AcDbSymbolTableRecord
100
AcDbBlockTableRecord
  2
*D3
340
0
 70
0
280
1
281
0
  0
BLOCK_RECORD
  5
2DB
330
9
100
AcDbSymbolTableRecord
100
AcDbBlockTableRecord
  2
*D4
340
0
 70
0
280
1
281
0
  0
BLOCK_RECORD
  5
2EA
330
9
100
AcDbSymbolTableRecord
100
AcDbBlockTableRecord
  2
*D5
340
0
 70
0
280
1
281
0
  0
BLOCK_RECORD
  5
2F9
330
9
100
AcDbSymbolTableRecord
100
AcDbBlockTableRecord
  2
*D6
340
0
 70
0
280
1
281
0
  0
BLOCK_RECORD
  5
308
330
9
100
AcDbSymbolTableRecord
100
AcDbBlockTableRecord
  2
*D7
340
0
 70
0
280
1
281
0
  0
BLOCK_RECORD
  5
317
330
9
100
AcDbSymbolTableRecord
100
AcDbBlockTableRecord
  2
*D8
340
0
 70
0
280
1
281
0
  0
BLOCK_RECORD
  5
326
330
9
100
AcDbSymbolTableRecord
100
AcDbBlockTableRecord
  2
*D9
340
0
 70
0
280
1
281
0
  0
BLOCK_RECORD
  5
335
330
9
100
AcDbSymbolTableRecord
100
AcDbBlockTableRecord
  2
*D10
340
0
 70
0
280
1
281
0
  0
BLOCK_RECORD
  5
344
330
9
100
AcDbSymbolTableRecord
100
AcDbBlockTableRecord
  2
*D11
340
0
 70
0
280
1
281
0
  0
BLOCK_RECORD
  5
353
330
9
100
AcDbSymbolTableRecord
100
AcDbBlockTableRecord
  2
*D12
340
0
 70
0
280
1
281
0
  0
BLOCK_RECORD
  5
362
330
9
100
AcDbSymbolTableRecord
100
AcDbBlockTableRecord
  2
*D13
340
0
 70
0
280
1
281
0
  0
BLOCK_RECORD
  5
386
330
9
100
AcDbSymbolTableRecord
100
AcDbBlockTableRecord
  2
*Paper_Space
340
389
 70
0
280
1
281
0
  0
ENDTAB
  0
ENDSEC
  0
SECTION
  2
BLOCKS
  0
BLOCK
  5
18
330
17
100
AcDbEntity
  8
0
100
AcDbBlockBegin
  2
*Model_Space
 70
0
 10
0.0
 20
0.0
 30
0.0
  3
*Model_Space
  1

  0
ENDBLK
  5
19
330
17
100
AcDbEntity
  8
0
100
AcDbBlockEnd
  0
BLOCK
  5
75
330
74
100
AcDbEntity
  8
0
100
AcDbBlockBegin
  2
_ARCHTICK
 70
0
 10
0.0
 20
0.0
 30
0.0
  3
_ARCHTICK
  1

  0
LWPOLYLINE
  5
77
330
74
100
AcDbEntity
  8
0
  6
BYBLOCK
 62
0
100
AcDbPolyline
 90
2
 70
0
 43
0.15
 10
-0.5
 20
-0.5
 10
0.5
 20
0.5
  0
ENDBLK
  5
76
330
74
100
AcDbEntity
  8
0
100
AcDbBlockEnd
  0
BLOCK
  5
79
330
78
100
AcDbEntity
  8
0
100
AcDbBlockBegin
  2
_CLOSEDFILLED
 70
0
 10
0.0
 20
0.0
 30
0.0
  3
_CLOSEDFILLED
  1

  0
SOLID
  5
7B
330
78
100
AcDbEntity
  8
0
  6
BYBLOCK
 62
0
100
AcDbTrace
 10
-1.0
 20
0.16439898372402537
 30
0.0
 11
0.0
 21
0.0
 31
0.0
 12
-1.0
 22
-0.16439898372402537
 32
0.0
 13
-1.0
 23
-0.16439898372402537
 33
0.0
  0
ENDBLK
  5
7A
330
78
100
AcDbEntity
  8
0
100
AcDbBlockEnd
  0
BLOCK
  5
85
330
84
100
AcDbEntity
  8
0
100
AcDbBlockBegin
  2
_CLOSEDBLANK
 70
0
 10
0.0
 20
0.0
 30
0.0
  3
_CLOSEDBLANK
  1

  0
LWPOLYLINE
  5
87
330
84
100
AcDbEntity
  8
0
  6
BYBLOCK
 62
0
100
AcDbPolyline
 90
3
 70
1
 10
-1.0
 20
0.16439898372402537
 10
0.0
 20
0.0
 10
-1.0
 20
-0.16439898372402537
  0
ENDBLK
  5
86
330
84
100
AcDbEntity
  8
0
100
AcDbBlockEnd
  0
BLOCK
  5
F7
330
F6
100
AcDbEntity
  8
0
100
AcDbBlockBegin
  2
M_MENFEZ_BESLEME
 70
2
 10
0.0
 20
0.0
 30
0.0
  3
M_MENFEZ_BESLEME
  1

  0
LWPOLYLINE
  5
F9
330
F6
100
AcDbEntity
  8
0
100
AcDbPolyline
 90
4
 70
1
 10
-150.0
 20
-75.0
 10
150.0
 20
-75.0
 10
150.0
 20
75.0
 10
-150.0
 20
75.0
  0
LINE
  5
FA
330
F6
100
AcDbEntity
  8
0
100
AcDbLine
 10
-150.0
 20
-40.0
 30
0.0
 11
150.0
 21
-40.0
 31
0.0
  0
LINE
  5
FB
330
F6
100
AcDbEntity
  8
0
100
AcDbLine
 10
-150.0
 20
0.0
 30
0.0
 11
150.0
 21
0.0
 31
0.0
  0
LINE
  5
FC
330
F6
100
AcDbEntity
  8
0
100
AcDbLine
 10
-150.0
 20
40.0
 30
0.0
 11
150.0
 21
40.0
 31
0.0
  0
ATTDEF
  5
FD
330
F6
100
AcDbEntity
  8
0
100
AcDbText
 10
0.0
 20
140.0
 30
0.0
 40
120.0
  1

  7
GYM
100
AcDbAttributeDefinition
  3
Menfez kodu
  2
KOD
 70
0
  0
ATTDEF
  5
FE
330
F6
100
AcDbEntity
  8
0
100
AcDbText
 10
0.0
 20
-200.0
 30
0.0
 40
105.0
  1

  7
GYM
100
AcDbAttributeDefinition
  3
Debi (m3/h)
  2
DEBI
 70
0
  0
ENDBLK
  5
F8
330
F6
100
AcDbEntity
  8
0
100
AcDbBlockEnd
  0
BLOCK
  5
100
330
FF
100
AcDbEntity
  8
0
100
AcDbBlockBegin
  2
M_MENFEZ_EGZOZ
 70
2
 10
0.0
 20
0.0
 30
0.0
  3
M_MENFEZ_EGZOZ
  1

  0
LWPOLYLINE
  5
102
330
FF
100
AcDbEntity
  8
0
100
AcDbPolyline
 90
4
 70
1
 10
-150.0
 20
-75.0
 10
150.0
 20
-75.0
 10
150.0
 20
75.0
 10
-150.0
 20
75.0
  0
LINE
  5
103
330
FF
100
AcDbEntity
  8
0
100
AcDbLine
 10
-150.0
 20
-75.0
 30
0.0
 11
150.0
 21
75.0
 31
0.0
  0
LINE
  5
104
330
FF
100
AcDbEntity
  8
0
100
AcDbLine
 10
-150.0
 20
75.0
 30
0.0
 11
150.0
 21
-75.0
 31
0.0
  0
ATTDEF
  5
105
330
FF
100
AcDbEntity
  8
0
100
AcDbText
 10
0.0
 20
140.0
 30
0.0
 40
120.0
  1

  7
GYM
100
AcDbAttributeDefinition
  3
Menfez kodu
  2
KOD
 70
0
  0
ATTDEF
  5
106
330
FF
100
AcDbEntity
  8
0
100
AcDbText
 10
0.0
 20
-200.0
 30
0.0
 40
105.0
  1

  7
GYM
100
AcDbAttributeDefinition
  3
Debi (m3/h)
  2
DEBI
 70
0
  0
ENDBLK
  5
101
330
FF
100
AcDbEntity
  8
0
100
AcDbBlockEnd
  0
BLOCK
  5
108
330
107
100
AcDbEntity
  8
0
100
AcDbBlockBegin
  2
M_VALF
 70
2
 10
0.0
 20
0.0
 30
0.0
  3
M_VALF
  1

  0
CIRCLE
  5
10A
330
107
100
AcDbEntity
  8
0
100
AcDbCircle
 10
0.0
 20
0.0
 30
0.0
 40
90.0
  0
LINE
  5
10B
330
107
100
AcDbEntity
  8
0
100
AcDbLine
 10
-90.0
 20
0.0
 30
0.0
 11
90.0
 21
0.0
 31
0.0
  0
LINE
  5
10C
330
107
100
AcDbEntity
  8
0
100
AcDbLine
 10
0.0
 20
-90.0
 30
0.0
 11
0.0
 21
90.0
 31
0.0
  0
ATTDEF
  5
10D
330
107
100
AcDbEntity
  8
0
100
AcDbText
 10
0.0
 20
150.0
 30
0.0
 40
120.0
  1

  7
GYM
100
AcDbAttributeDefinition
  3
Valf kodu
  2
KOD
 70
0
  0
ATTDEF
  5
10E
330
107
100
AcDbEntity
  8
0
100
AcDbText
 10
0.0
 20
-200.0
 30
0.0
 40
105.0
  1

  7
GYM
100
AcDbAttributeDefinition
  3
Debi (m3/h)
  2
DEBI
 70
0
  0
ENDBLK
  5
109
330
107
100
AcDbEntity
  8
0
100
AcDbBlockEnd
  0
BLOCK
  5
110
330
10F
100
AcDbEntity
  8
0
100
AcDbBlockBegin
  2
M_FAN
 70
2
 10
0.0
 20
0.0
 30
0.0
  3
M_FAN
  1

  0
LWPOLYLINE
  5
112
330
10F
100
AcDbEntity
  8
0
100
AcDbPolyline
 90
4
 70
1
 10
-250.0
 20
-140.0
 10
250.0
 20
-140.0
 10
250.0
 20
140.0
 10
-250.0
 20
140.0
  0
CIRCLE
  5
113
330
10F
100
AcDbEntity
  8
0
100
AcDbCircle
 10
0.0
 20
0.0
 30
0.0
 40
105.0
  0
LINE
  5
114
330
10F
100
AcDbEntity
  8
0
100
AcDbLine
 10
0.0
 20
0.0
 30
0.0
 11
105.0
 21
0.0
 31
0.0
  0
LINE
  5
115
330
10F
100
AcDbEntity
  8
0
100
AcDbLine
 10
0.0
 20
0.0
 30
0.0
 11
6.429395695523604e-15
 21
105.0
 31
0.0
  0
LINE
  5
116
330
10F
100
AcDbEntity
  8
0
100
AcDbLine
 10
0.0
 20
0.0
 30
0.0
 11
-105.0
 21
1.2858791391047208e-14
 31
0.0
  0
LINE
  5
117
330
10F
100
AcDbEntity
  8
0
100
AcDbLine
 10
0.0
 20
0.0
 30
0.0
 11
-1.928818708657081e-14
 21
-105.0
 31
0.0
  0
ATTDEF
  5
118
330
10F
100
AcDbEntity
  8
0
100
AcDbText
 10
0.0
 20
210.0
 30
0.0
 40
120.0
  1

  7
GYM
100
AcDbAttributeDefinition
  3
Fan kodu
  2
KOD
 70
0
  0
ATTDEF
  5
119
330
10F
100
AcDbEntity
  8
0
100
AcDbText
 10
0.0
 20
-270.0
 30
0.0
 40
105.0
  1

  7
GYM
100
AcDbAttributeDefinition
  3
Fan tanimi
  2
TANIM
 70
0
  0
ENDBLK
  5
111
330
10F
100
AcDbEntity
  8
0
100
AcDbBlockEnd
  0
BLOCK
  5
11B
330
11A
100
AcDbEntity
  8
0
100
AcDbBlockBegin
  2
M_PANJUR
 70
2
 10
0.0
 20
0.0
 30
0.0
  3
M_PANJUR
  1

  0
LWPOLYLINE
  5
11D
330
11A
100
AcDbEntity
  8
0
100
AcDbPolyline
 90
4
 70
1
 10
-140.0
 20
-90.0
 10
140.0
 20
-90.0
 10
140.0
 20
90.0
 10
-140.0
 20
90.0
  0
LINE
  5
11E
330
11A
100
AcDbEntity
  8
0
100
AcDbLine
 10
-140.0
 20
-64.0
 30
0.0
 11
140.0
 21
-64.0
 31
0.0
  0
LINE
  5
11F
330
11A
100
AcDbEntity
  8
0
100
AcDbLine
 10
-140.0
 20
-32.0
 30
0.0
 11
140.0
 21
-32.0
 31
0.0
  0
LINE
  5
120
330
11A
100
AcDbEntity
  8
0
100
AcDbLine
 10
-140.0
 20
0.0
 30
0.0
 11
140.0
 21
0.0
 31
0.0
  0
LINE
  5
121
330
11A
100
AcDbEntity
  8
0
100
AcDbLine
 10
-140.0
 20
32.0
 30
0.0
 11
140.0
 21
32.0
 31
0.0
  0
LINE
  5
122
330
11A
100
AcDbEntity
  8
0
100
AcDbLine
 10
-140.0
 20
64.0
 30
0.0
 11
140.0
 21
64.0
 31
0.0
  0
ATTDEF
  5
123
330
11A
100
AcDbEntity
  8
0
100
AcDbText
 10
0.0
 20
150.0
 30
0.0
 40
120.0
  1

  7
GYM
100
AcDbAttributeDefinition
  3
Panjur kodu
  2
KOD
 70
0
  0
ENDBLK
  5
11C
330
11A
100
AcDbEntity
  8
0
100
AcDbBlockEnd
  0
BLOCK
  5
125
330
124
100
AcDbEntity
  8
0
100
AcDbBlockBegin
  2
M_KLIMA_IC
 70
2
 10
0.0
 20
0.0
 30
0.0
  3
M_KLIMA_IC
  1

  0
LWPOLYLINE
  5
127
330
124
100
AcDbEntity
  8
0
100
AcDbPolyline
 90
4
 70
1
 10
-450.0
 20
-140.0
 10
450.0
 20
-140.0
 10
450.0
 20
140.0
 10
-450.0
 20
140.0
  0
LINE
  5
128
330
124
100
AcDbEntity
  8
0
100
AcDbLine
 10
-450.0
 20
-60.0
 30
0.0
 11
450.0
 21
-60.0
 31
0.0
  0
ATTDEF
  5
129
330
124
100
AcDbEntity
  8
0
100
AcDbText
 10
0.0
 20
215.0
 30
0.0
 40
120.0
  1

  7
GYM
100
AcDbAttributeDefinition
  3
Unite kodu
  2
KOD
 70
0
  0
ATTDEF
  5
12A
330
124
100
AcDbEntity
  8
0
100
AcDbText
 10
0.0
 20
-270.0
 30
0.0
 40
105.0
  1

  7
GYM
100
AcDbAttributeDefinition
  3
Kapasite (BTU)
  2
KAPASITE
 70
0
  0
ENDBLK
  5
126
330
124
100
AcDbEntity
  8
0
100
AcDbBlockEnd
  0
BLOCK
  5
12C
330
12B
100
AcDbEntity
  8
0
100
AcDbBlockBegin
  2
M_KLIMA_DIS
 70
2
 10
0.0
 20
0.0
 30
0.0
  3
M_KLIMA_DIS
  1

  0
LWPOLYLINE
  5
12E
330
12B
100
AcDbEntity
  8
0
100
AcDbPolyline
 90
4
 70
1
 10
-500.0
 20
-350.0
 10
500.0
 20
-350.0
 10
500.0
 20
350.0
 10
-500.0
 20
350.0
  0
CIRCLE
  5
12F
330
12B
100
AcDbEntity
  8
0
100
AcDbCircle
 10
0.0
 20
0.0
 30
0.0
 40
230.0
  0
ATTDEF
  5
130
330
12B
100
AcDbEntity
  8
0
100
AcDbText
 10
0.0
 20
430.0
 30
0.0
 40
120.0
  1

  7
GYM
100
AcDbAttributeDefinition
  3
Platform
  2
KOD
 70
0
  0
ATTDEF
  5
131
330
12B
100
AcDbEntity
  8
0
100
AcDbText
 10
0.0
 20
-530.0
 30
0.0
 40
105.0
  1

  7
GYM
100
AcDbAttributeDefinition
  3
Unite adedi
  2
ADET
 70
0
  0
ENDBLK
  5
12D
330
12B
100
AcDbEntity
  8
0
100
AcDbBlockEnd
  0
BLOCK
  5
133
330
132
100
AcDbEntity
  8
0
100
AcDbBlockBegin
  2
M_ISITICI
 70
2
 10
0.0
 20
0.0
 30
0.0
  3
M_ISITICI
  1

  0
LWPOLYLINE
  5
135
330
132
100
AcDbEntity
  8
0
100
AcDbPolyline
 90
4
 70
1
 10
-200.0
 20
-150.0
 10
200.0
 20
-150.0
 10
200.0
 20
150.0
 10
-200.0
 20
150.0
  0
LINE
  5
136
330
132
100
AcDbEntity
  8
0
100
AcDbLine
 10
-90.0
 20
-150.0
 30
0.0
 11
-90.0
 21
150.0
 31
0.0
  0
LINE
  5
137
330
132
100
AcDbEntity
  8
0
100
AcDbLine
 10
0.0
 20
-150.0
 30
0.0
 11
0.0
 21
150.0
 31
0.0
  0
LINE
  5
138
330
132
100
AcDbEntity
  8
0
100
AcDbLine
 10
90.0
 20
-150.0
 30
0.0
 11
90.0
 21
150.0
 31
0.0
  0
ATTDEF
  5
139
330
132
100
AcDbEntity
  8
0
100
AcDbText
 10
0.0
 20
225.0
 30
0.0
 40
120.0
  1

  7
GYM
100
AcDbAttributeDefinition
  3
Isitici kodu
  2
KOD
 70
0
  0
ATTDEF
  5
13A
330
132
100
AcDbEntity
  8
0
100
AcDbText
 10
0.0
 20
-285.0
 30
0.0
 40
105.0
  1

  7
GYM
100
AcDbAttributeDefinition
  3
Guc (kW)
  2
GUC
 70
0
  0
ENDBLK
  5
134
330
132
100
AcDbEntity
  8
0
100
AcDbBlockEnd
  0
BLOCK
  5
13C
330
13B
100
AcDbEntity
  8
0
100
AcDbBlockBegin
  2
M_KLOZET
 70
2
 10
0.0
 20
0.0
 30
0.0
  3
M_KLOZET
  1

  0
ELLIPSE
  5
13E
330
13B
100
AcDbEntity
  8
0
100
AcDbEllipse
 10
0.0
 20
-40.0
 30
0.0
 11
160.0
 21
0.0
 31
0.0
 40
0.78
 41
0.0
 42
6.283185307179586
  0
LWPOLYLINE
  5
13F
330
13B
100
AcDbEntity
  8
0
100
AcDbPolyline
 90
4
 70
1
 10
-170.0
 20
150.0
 10
170.0
 20
150.0
 10
170.0
 20
260.0
 10
-170.0
 20
260.0
  0
ATTDEF
  5
140
330
13B
100
AcDbEntity
  8
0
100
AcDbText
 10
0.0
 20
330.0
 30
0.0
 40
120.0
  1

  7
GYM
100
AcDbAttributeDefinition
  3
Vitrifiye
  2
KOD
 70
0
  0
ENDBLK
  5
13D
330
13B
100
AcDbEntity
  8
0
100
AcDbBlockEnd
  0
BLOCK
  5
142
330
141
100
AcDbEntity
  8
0
100
AcDbBlockBegin
  2
M_LAVABO
 70
2
 10
0.0
 20
0.0
 30
0.0
  3
M_LAVABO
  1

  0
LWPOLYLINE
  5
144
330
141
100
AcDbEntity
  8
0
100
AcDbPolyline
 90
4
 70
1
 10
-230.0
 20
-140.0
 10
230.0
 20
-140.0
 10
230.0
 20
140.0
 10
-230.0
 20
140.0
  0
ELLIPSE
  5
145
330
141
100
AcDbEntity
  8
0
100
AcDbEllipse
 10
0.0
 20
0.0
 30
0.0
 11
170.0
 21
0.0
 31
0.0
 40
0.62
 41
0.0
 42
6.283185307179586
  0
ATTDEF
  5
146
330
141
100
AcDbEntity
  8
0
100
AcDbText
 10
0.0
 20
210.0
 30
0.0
 40
120.0
  1

  7
GYM
100
AcDbAttributeDefinition
  3
Vitrifiye
  2
KOD
 70
0
  0
ENDBLK
  5
143
330
141
100
AcDbEntity
  8
0
100
AcDbBlockEnd
  0
BLOCK
  5
148
330
147
100
AcDbEntity
  8
0
100
AcDbBlockBegin
  2
M_DUS
 70
2
 10
0.0
 20
0.0
 30
0.0
  3
M_DUS
  1

  0
LWPOLYLINE
  5
14A
330
147
100
AcDbEntity
  8
0
100
AcDbPolyline
 90
4
 70
1
 10
-450.0
 20
-450.0
 10
450.0
 20
-450.0
 10
450.0
 20
450.0
 10
-450.0
 20
450.0
  0
CIRCLE
  5
14B
330
147
100
AcDbEntity
  8
0
100
AcDbCircle
 10
0.0
 20
0.0
 30
0.0
 40
80.0
  0
LINE
  5
14C
330
147
100
AcDbEntity
  8
0
100
AcDbLine
 10
-450.0
 20
-450.0
 30
0.0
 11
450.0
 21
450.0
 31
0.0
  0
ATTDEF
  5
14D
330
147
100
AcDbEntity
  8
0
100
AcDbText
 10
0.0
 20
530.0
 30
0.0
 40
120.0
  1

  7
GYM
100
AcDbAttributeDefinition
  3
Dus teknesi
  2
KOD
 70
0
  0
ENDBLK
  5
149
330
147
100
AcDbEntity
  8
0
100
AcDbBlockEnd
  0
BLOCK
  5
14F
330
14E
100
AcDbEntity
  8
0
100
AcDbBlockBegin
  2
M_SUZGEC
 70
0
 10
0.0
 20
0.0
 30
0.0
  3
M_SUZGEC
  1

  0
LWPOLYLINE
  5
151
330
14E
100
AcDbEntity
  8
0
100
AcDbPolyline
 90
4
 70
1
 10
-75.0
 20
-75.0
 10
75.0
 20
-75.0
 10
75.0
 20
75.0
 10
-75.0
 20
75.0
  0
CIRCLE
  5
152
330
14E
100
AcDbEntity
  8
0
100
AcDbCircle
 10
0.0
 20
0.0
 30
0.0
 40
42.0
  0
ENDBLK
  5
150
330
14E
100
AcDbEntity
  8
0
100
AcDbBlockEnd
  0
BLOCK
  5
154
330
153
100
AcDbEntity
  8
0
100
AcDbBlockBegin
  2
M_SAYAC
 70
2
 10
0.0
 20
0.0
 30
0.0
  3
M_SAYAC
  1

  0
CIRCLE
  5
156
330
153
100
AcDbEntity
  8
0
100
AcDbCircle
 10
0.0
 20
0.0
 30
0.0
 40
130.0
  0
LINE
  5
157
330
153
100
AcDbEntity
  8
0
100
AcDbLine
 10
-130.0
 20
0.0
 30
0.0
 11
130.0
 21
0.0
 31
0.0
  0
ATTDEF
  5
158
330
153
100
AcDbEntity
  8
0
100
AcDbText
 10
0.0
 20
200.0
 30
0.0
 40
120.0
  1

  7
GYM
100
AcDbAttributeDefinition
  3
Sayac / ana kesme
  2
KOD
 70
0
  0
ENDBLK
  5
155
330
153
100
AcDbEntity
  8
0
100
AcDbBlockEnd
  0
BLOCK
  5
15A
330
159
100
AcDbEntity
  8
0
100
AcDbBlockBegin
  2
E_ARMATUR_LINEER
 70
2
 10
0.0
 20
0.0
 30
0.0
  3
E_ARMATUR_LINEER
  1

  0
LWPOLYLINE
  5
15C
330
159
100
AcDbEntity
  8
0
100
AcDbPolyline
 90
4
 70
1
 10
-600.0
 20
-55.0
 10
600.0
 20
-55.0
 10
600.0
 20
55.0
 10
-600.0
 20
55.0
  0
LINE
  5
15D
330
159
100
AcDbEntity
  8
0
100
AcDbLine
 10
-600.0
 20
0.0
 30
0.0
 11
600.0
 21
0.0
 31
0.0
  0
ATTDEF
  5
15E
330
159
100
AcDbEntity
  8
0
100
AcDbText
 10
0.0
 20
185.0
 30
0.0
 40
105.0
  1

  7
GYM
100
AcDbAttributeDefinition
  3
Linye kodu
  2
LINYE
 70
0
  0
ENDBLK
  5
15B
330
159
100
AcDbEntity
  8
0
100
AcDbBlockEnd
  0
BLOCK
  5
160
330
15F
100
AcDbEntity
  8
0
100
AcDbBlockBegin
  2
E_DOWNLIGHT
 70
2
 10
0.0
 20
0.0
 30
0.0
  3
E_DOWNLIGHT
  1

  0
CIRCLE
  5
162
330
15F
100
AcDbEntity
  8
0
100
AcDbCircle
 10
0.0
 20
0.0
 30
0.0
 40
90.0
  0
LINE
  5
163
330
15F
100
AcDbEntity
  8
0
100
AcDbLine
 10
-64.0
 20
-64.0
 30
0.0
 11
64.0
 21
64.0
 31
0.0
  0
LINE
  5
164
330
15F
100
AcDbEntity
  8
0
100
AcDbLine
 10
-64.0
 20
64.0
 30
0.0
 11
64.0
 21
-64.0
 31
0.0
  0
ATTDEF
  5
165
330
15F
100
AcDbEntity
  8
0
100
AcDbText
 10
0.0
 20
210.0
 30
0.0
 40
105.0
  1

  7
GYM
100
AcDbAttributeDefinition
  3
Linye kodu
  2
LINYE
 70
0
  0
ENDBLK
  5
161
330
15F
100
AcDbEntity
  8
0
100
AcDbBlockEnd
  0
BLOCK
  5
167
330
166
100
AcDbEntity
  8
0
100
AcDbBlockBegin
  2
E_ACIL
 70
2
 10
0.0
 20
0.0
 30
0.0
  3
E_ACIL
  1

  0
LWPOLYLINE
  5
169
330
166
100
AcDbEntity
  8
0
100
AcDbPolyline
 90
4
 70
1
 10
-100.0
 20
-100.0
 10
100.0
 20
-100.0
 10
100.0
 20
100.0
 10
-100.0
 20
100.0
  0
TEXT
  5
16A
330
166
100
AcDbEntity
  8
0
100
AcDbText
 10
0.0
 20
0.0
 30
0.0
 40
110.0
  1
E
  7
GYM-B
 72
1
 11
0.0
 21
0.0
 31
0.0
100
AcDbText
 73
2
  0
ATTDEF
  5
16B
330
166
100
AcDbEntity
  8
0
100
AcDbText
 10
0.0
 20
230.0
 30
0.0
 40
105.0
  1

  7
GYM
100
AcDbAttributeDefinition
  3
Armatur kodu
  2
KOD
 70
0
  0
ENDBLK
  5
168
330
166
100
AcDbEntity
  8
0
100
AcDbBlockEnd
  0
BLOCK
  5
16D
330
16C
100
AcDbEntity
  8
0
100
AcDbBlockBegin
  2
E_YONLENDIRME
 70
2
 10
0.0
 20
0.0
 30
0.0
  3
E_YONLENDIRME
  1

  0
LWPOLYLINE
  5
16F
330
16C
100
AcDbEntity
  8
0
100
AcDbPolyline
 90
4
 70
1
 10
-130.0
 20
-80.0
 10
130.0
 20
-80.0
 10
130.0
 20
80.0
 10
-130.0
 20
80.0
  0
LWPOLYLINE
  5
170
330
16C
100
AcDbEntity
  8
0
100
AcDbPolyline
 90
2
 70
0
 10
-70.0
 20
0.0
 10
30.0
 20
0.0
  0
LWPOLYLINE
  5
171
330
16C
100
AcDbEntity
  8
0
100
AcDbPolyline
 90
3
 70
1
 10
30.0
 20
45.0
 10
80.0
 20
0.0
 10
30.0
 20
-45.0
  0
ATTDEF
  5
172
330
16C
100
AcDbEntity
  8
0
100
AcDbText
 10
0.0
 20
205.0
 30
0.0
 40
105.0
  1

  7
GYM
100
AcDbAttributeDefinition
  3
Armatur kodu
  2
KOD
 70
0
  0
ENDBLK
  5
16E
330
16C
100
AcDbEntity
  8
0
100
AcDbBlockEnd
  0
BLOCK
  5
174
330
173
100
AcDbEntity
  8
0
100
AcDbBlockBegin
  2
E_PRIZ
 70
2
 10
0.0
 20
0.0
 30
0.0
  3
E_PRIZ
  1

  0
ARC
  5
176
330
173
100
AcDbEntity
  8
0
100
AcDbCircle
 10
0.0
 20
0.0
 30
0.0
 40
95.0
100
AcDbArc
 50
0.0
 51
180.0
  0
LINE
  5
177
330
173
100
AcDbEntity
  8
0
100
AcDbLine
 10
-95.0
 20
0.0
 30
0.0
 11
95.0
 21
0.0
 31
0.0
  0
LINE
  5
178
330
173
100
AcDbEntity
  8
0
100
AcDbLine
 10
0.0
 20
0.0
 30
0.0
 11
0.0
 21
150.0
 31
0.0
  0
LINE
  5
179
330
173
100
AcDbEntity
  8
0
100
AcDbLine
 10
-60.0
 20
150.0
 30
0.0
 11
60.0
 21
150.0
 31
0.0
  0
ATTDEF
  5
17A
330
173
100
AcDbEntity
  8
0
100
AcDbText
 10
195.0
 20
80.0
 30
0.0
 40
105.0
  1

  7
GYM
100
AcDbAttributeDefinition
  3
Priz kodu
  2
KOD
 70
0
  0
ATTDEF
  5
17B
330
173
100
AcDbEntity
  8
0
100
AcDbText
 10
195.0
 20
-80.0
 30
0.0
 40
105.0
  1

  7
GYM
100
AcDbAttributeDefinition
  3
Linye
  2
LINYE
 70
0
  0
ENDBLK
  5
175
330
173
100
AcDbEntity
  8
0
100
AcDbBlockEnd
  0
BLOCK
  5
17D
330
17C
100
AcDbEntity
  8
0
100
AcDbBlockBegin
  2
E_PRIZ_IP44
 70
2
 10
0.0
 20
0.0
 30
0.0
  3
E_PRIZ_IP44
  1

  0
ARC
  5
17F
330
17C
100
AcDbEntity
  8
0
100
AcDbCircle
 10
0.0
 20
0.0
 30
0.0
 40
95.0
100
AcDbArc
 50
0.0
 51
180.0
  0
LINE
  5
180
330
17C
100
AcDbEntity
  8
0
100
AcDbLine
 10
-95.0
 20
0.0
 30
0.0
 11
95.0
 21
0.0
 31
0.0
  0
LINE
  5
181
330
17C
100
AcDbEntity
  8
0
100
AcDbLine
 10
0.0
 20
0.0
 30
0.0
 11
0.0
 21
150.0
 31
0.0
  0
LINE
  5
182
330
17C
100
AcDbEntity
  8
0
100
AcDbLine
 10
-60.0
 20
150.0
 30
0.0
 11
60.0
 21
150.0
 31
0.0
  0
TEXT
  5
183
330
17C
100
AcDbEntity
  8
0
100
AcDbText
 10
0.0
 20
-120.0
 30
0.0
 40
70.0
  1
IP44
  7
GYM
 72
1
 11
0.0
 21
-120.0
 31
0.0
100
AcDbText
 73
2
  0
ATTDEF
  5
184
330
17C
100
AcDbEntity
  8
0
100
AcDbText
 10
205.0
 20
80.0
 30
0.0
 40
105.0
  1

  7
GYM
100
AcDbAttributeDefinition
  3
Priz kodu
  2
KOD
 70
0
  0
ENDBLK
  5
17E
330
17C
100
AcDbEntity
  8
0
100
AcDbBlockEnd
  0
BLOCK
  5
186
330
185
100
AcDbEntity
  8
0
100
AcDbBlockBegin
  2
E_ANAHTAR
 70
2
 10
0.0
 20
0.0
 30
0.0
  3
E_ANAHTAR
  1

  0
CIRCLE
  5
188
330
185
100
AcDbEntity
  8
0
100
AcDbCircle
 10
0.0
 20
0.0
 30
0.0
 40
60.0
  0
LINE
  5
189
330
185
100
AcDbEntity
  8
0
100
AcDbLine
 10
0.0
 20
0.0
 30
0.0
 11
130.0
 21
110.0
 31
0.0
  0
ATTDEF
  5
18A
330
185
100
AcDbEntity
  8
0
100
AcDbText
 10
0.0
 20
240.0
 30
0.0
 40
105.0
  1

  7
GYM
100
AcDbAttributeDefinition
  3
Anahtar kodu
  2
KOD
 70
0
  0
ENDBLK
  5
187
330
185
100
AcDbEntity
  8
0
100
AcDbBlockEnd
  0
BLOCK
  5
18C
330
18B
100
AcDbEntity
  8
0
100
AcDbBlockBegin
  2
E_SENSOR
 70
2
 10
0.0
 20
0.0
 30
0.0
  3
E_SENSOR
  1

  0
CIRCLE
  5
18E
330
18B
100
AcDbEntity
  8
0
100
AcDbCircle
 10
0.0
 20
0.0
 30
0.0
 40
95.0
  0
TEXT
  5
18F
330
18B
100
AcDbEntity
  8
0
100
AcDbText
 10
0.0
 20
0.0
 30
0.0
 40
100.0
  1
S
  7
GYM-B
 72
1
 11
0.0
 21
0.0
 31
0.0
100
AcDbText
 73
2
  0
ATTDEF
  5
190
330
18B
100
AcDbEntity
  8
0
100
AcDbText
 10
0.0
 20
230.0
 30
0.0
 40
105.0
  1

  7
GYM
100
AcDbAttributeDefinition
  3
Sensor kodu
  2
KOD
 70
0
  0
ENDBLK
  5
18D
330
18B
100
AcDbEntity
  8
0
100
AcDbBlockEnd
  0
BLOCK
  5
192
330
191
100
AcDbEntity
  8
0
100
AcDbBlockBegin
  2
E_KAMERA
 70
2
 10
0.0
 20
0.0
 30
0.0
  3
E_KAMERA
  1

  0
LWPOLYLINE
  5
194
330
191
100
AcDbEntity
  8
0
100
AcDbPolyline
 90
3
 70
1
 10
-110.0
 20
-85.0
 10
110.0
 20
0.0
 10
-110.0
 20
85.0
  0
ATTDEF
  5
195
330
191
100
AcDbEntity
  8
0
100
AcDbText
 10
0.0
 20
210.0
 30
0.0
 40
105.0
  1

  7
GYM
100
AcDbAttributeDefinition
  3
Kamera kodu
  2
KOD
 70
0
  0
ENDBLK
  5
193
330
191
100
AcDbEntity
  8
0
100
AcDbBlockEnd
  0
BLOCK
  5
197
330
196
100
AcDbEntity
  8
0
100
AcDbBlockBegin
  2
E_HOPARLOR
 70
2
 10
0.0
 20
0.0
 30
0.0
  3
E_HOPARLOR
  1

  0
CIRCLE
  5
199
330
196
100
AcDbEntity
  8
0
100
AcDbCircle
 10
0.0
 20
0.0
 30
0.0
 40
95.0
  0
ARC
  5
19A
330
196
100
AcDbEntity
  8
0
100
AcDbCircle
 10
0.0
 20
0.0
 30
0.0
 40
150.0
100
AcDbArc
 50
-45.0
 51
45.0
  0
ARC
  5
19B
330
196
100
AcDbEntity
  8
0
100
AcDbCircle
 10
0.0
 20
0.0
 30
0.0
 40
200.0
100
AcDbArc
 50
-35.0
 51
35.0
  0
ATTDEF
  5
19C
330
196
100
AcDbEntity
  8
0
100
AcDbText
 10
0.0
 20
330.0
 30
0.0
 40
105.0
  1

  7
GYM
100
AcDbAttributeDefinition
  3
Hoparlor kodu
  2
KOD
 70
0
  0
ENDBLK
  5
198
330
196
100
AcDbEntity
  8
0
100
AcDbBlockEnd
  0
BLOCK
  5
19E
330
19D
100
AcDbEntity
  8
0
100
AcDbBlockBegin
  2
E_VERI
 70
2
 10
0.0
 20
0.0
 30
0.0
  3
E_VERI
  1

  0
LWPOLYLINE
  5
1A0
330
19D
100
AcDbEntity
  8
0
100
AcDbPolyline
 90
4
 70
1
 10
-95.0
 20
-95.0
 10
95.0
 20
-95.0
 10
95.0
 20
95.0
 10
-95.0
 20
95.0
  0
TEXT
  5
1A1
330
19D
100
AcDbEntity
  8
0
100
AcDbText
 10
0.0
 20
0.0
 30
0.0
 40
105.0
  1
D
  7
GYM-B
 72
1
 11
0.0
 21
0.0
 31
0.0
100
AcDbText
 73
2
  0
ATTDEF
  5
1A2
330
19D
100
AcDbEntity
  8
0
100
AcDbText
 10
0.0
 20
230.0
 30
0.0
 40
105.0
  1

  7
GYM
100
AcDbAttributeDefinition
  3
Veri kodu
  2
KOD
 70
0
  0
ENDBLK
  5
19F
330
19D
100
AcDbEntity
  8
0
100
AcDbBlockEnd
  0
BLOCK
  5
1A4
330
1A3
100
AcDbEntity
  8
0
100
AcDbBlockBegin
  2
E_DEDEKTOR
 70
2
 10
0.0
 20
0.0
 30
0.0
  3
E_DEDEKTOR
  1

  0
CIRCLE
  5
1A6
330
1A3
100
AcDbEntity
  8
0
100
AcDbCircle
 10
0.0
 20
0.0
 30
0.0
 40
110.0
  0
CIRCLE
  5
1A7
330
1A3
100
AcDbEntity
  8
0
100
AcDbCircle
 10
0.0
 20
0.0
 30
0.0
 40
40.0
  0
ATTDEF
  5
1A8
330
1A3
100
AcDbEntity
  8
0
100
AcDbText
 10
0.0
 20
240.0
 30
0.0
 40
105.0
  1

  7
GYM
100
AcDbAttributeDefinition
  3
Dedektor kodu
  2
KOD
 70
0
  0
ENDBLK
  5
1A5
330
1A3
100
AcDbEntity
  8
0
100
AcDbBlockEnd
  0
BLOCK
  5
1AA
330
1A9
100
AcDbEntity
  8
0
100
AcDbBlockBegin
  2
E_YANGIN_BUTON
 70
2
 10
0.0
 20
0.0
 30
0.0
  3
E_YANGIN_BUTON
  1

  0
LWPOLYLINE
  5
1AC
330
1A9
100
AcDbEntity
  8
0
100
AcDbPolyline
 90
4
 70
1
 10
-95.0
 20
-95.0
 10
95.0
 20
-95.0
 10
95.0
 20
95.0
 10
-95.0
 20
95.0
  0
TEXT
  5
1AD
330
1A9
100
AcDbEntity
  8
0
100
AcDbText
 10
0.0
 20
0.0
 30
0.0
 40
105.0
  1
Y
  7
GYM-B
 72
1
 11
0.0
 21
0.0
 31
0.0
100
AcDbText
 73
2
  0
ATTDEF
  5
1AE
330
1A9
100
AcDbEntity
  8
0
100
AcDbText
 10
0.0
 20
230.0
 30
0.0
 40
105.0
  1

  7
GYM
100
AcDbAttributeDefinition
  3
Buton kodu
  2
KOD
 70
0
  0
ENDBLK
  5
1AB
330
1A9
100
AcDbEntity
  8
0
100
AcDbBlockEnd
  0
BLOCK
  5
1B0
330
1AF
100
AcDbEntity
  8
0
100
AcDbBlockBegin
  2
E_PANO
 70
2
 10
0.0
 20
0.0
 30
0.0
  3
E_PANO
  1

  0
LWPOLYLINE
  5
1B2
330
1AF
100
AcDbEntity
  8
0
100
AcDbPolyline
 90
4
 70
1
 10
-420.0
 20
-280.0
 10
420.0
 20
-280.0
 10
420.0
 20
280.0
 10
-420.0
 20
280.0
  0
LINE
  5
1B3
330
1AF
100
AcDbEntity
  8
0
100
AcDbLine
 10
-330.0
 20
-280.0
 30
0.0
 11
-330.0
 21
280.0
 31
0.0
  0
LINE
  5
1B4
330
1AF
100
AcDbEntity
  8
0
100
AcDbLine
 10
-220.0
 20
-280.0
 30
0.0
 11
-220.0
 21
280.0
 31
0.0
  0
LINE
  5
1B5
330
1AF
100
AcDbEntity
  8
0
100
AcDbLine
 10
-110.0
 20
-280.0
 30
0.0
 11
-110.0
 21
280.0
 31
0.0
  0
LINE
  5
1B6
330
1AF
100
AcDbEntity
  8
0
100
AcDbLine
 10
0.0
 20
-280.0
 30
0.0
 11
0.0
 21
280.0
 31
0.0
  0
LINE
  5
1B7
330
1AF
100
AcDbEntity
  8
0
100
AcDbLine
 10
110.0
 20
-280.0
 30
0.0
 11
110.0
 21
280.0
 31
0.0
  0
LINE
  5
1B8
330
1AF
100
AcDbEntity
  8
0
100
AcDbLine
 10
220.0
 20
-280.0
 30
0.0
 11
220.0
 21
280.0
 31
0.0
  0
LINE
  5
1B9
330
1AF
100
AcDbEntity
  8
0
100
AcDbLine
 10
330.0
 20
-280.0
 30
0.0
 11
330.0
 21
280.0
 31
0.0
  0
ATTDEF
  5
1BA
330
1AF
100
AcDbEntity
  8
0
100
AcDbText
 10
0.0
 20
380.0
 30
0.0
 40
120.0
  1

  7
GYM
100
AcDbAttributeDefinition
  3
Pano kodu
  2
KOD
 70
0
  0
ATTDEF
  5
1BB
330
1AF
100
AcDbEntity
  8
0
100
AcDbText
 10
0.0
 20
-470.0
 30
0.0
 40
105.0
  1

  7
GYM
100
AcDbAttributeDefinition
  3
Pano tanimi
  2
TANIM
 70
0
  0
ENDBLK
  5
1B1
330
1AF
100
AcDbEntity
  8
0
100
AcDbBlockEnd
  0
BLOCK
  5
1BD
330
1BC
100
AcDbEntity
  8
0
100
AcDbBlockBegin
  2
G_KUZEY
 70
0
 10
0.0
 20
0.0
 30
0.0
  3
G_KUZEY
  1

  0
CIRCLE
  5
1BF
330
1BC
100
AcDbEntity
  8
0
100
AcDbCircle
 10
0.0
 20
0.0
 30
0.0
 40
700.0
  0
LWPOLYLINE
  5
1C0
330
1BC
100
AcDbEntity
  8
0
100
AcDbPolyline
 90
4
 70
1
 10
0.0
 20
560.0
 10
-230.0
 20
-330.0
 10
0.0
 20
-140.0
 10
230.0
 20
-330.0
  0
TEXT
  5
1C1
330
1BC
100
AcDbEntity
  8
0
100
AcDbText
 10
0.0
 20
-960.0
 30
0.0
 40
260.0
  1
K
  7
GYM-B
 72
1
 11
0.0
 21
-960.0
 31
0.0
100
AcDbText
 73
2
  0
ENDBLK
  5
1BE
330
1BC
100
AcDbEntity
  8
0
100
AcDbBlockEnd
  0
BLOCK
  5
2AF
330
2AE
100
AcDbEntity
  8
0
100
AcDbBlockBegin
  2
*D1
 70
1
 10
0.0
 20
0.0
 30
0.0
  3
*D1
  1

  0
LINE
  5
2B1
330
2AE
100
AcDbEntity
  8
0
 62
7
370
13
100
AcDbLine
 10
8347.45193996958
 20
4705.295184499257
 30
0.0
 11
8679.493979910487
 21
4756.715839025253
 31
0.0
  0
LINE
  5
2B2
330
2AE
100
AcDbEntity
  8
0
 62
7
370
13
100
AcDbLine
 10
8032.347393335592
 20
6740.040899494275
 30
0.0
 11
8364.389433276498
 21
6791.461554020274
 31
0.0
  0
INSERT
  5
2B3
330
2AE
100
AcDbEntity
  8
G-OLCU-ZINCIR
 62
7
100
AcDbBlockReference
  2
_ARCHTICK
 10
8654.788470986312
 20
4752.88989746826
 30
0.0
 41
50.0
 42
50.0
 50
278.80300479416894
  0
INSERT
  5
2B5
330
2AE
100
AcDbEntity
  8
G-OLCU-ZINCIR
 62
7
100
AcDbBlockReference
  2
_ARCHTICK
 10
8339.683924352323
 20
6787.63561246328
 30
0.0
 41
50.0
 42
50.0
 50
98.80300479416896
  0
LINE
  5
2B7
330
2AE
100
AcDbEntity
  8
0
 62
7
370
18
100
AcDbLine
 10
8654.788470986312
 20
4752.88989746826
 30
0.0
 11
8339.683924352323
 21
6787.63561246328
 31
0.0
  0
MTEXT
  5
2B8
330
2AE
100
AcDbEntity
  8
G-OLCU-ZINCIR
 62
7
100
AcDbMText
 10
8454.742722319737
 20
5763.682135487741
 30
0.0
 40
50.0
 71
5
  1
2059
  7
GYM
 50
98.80300479416896
  0
POINT
  5
2B9
330
2AE
100
AcDbEntity
  8
Defpoints
100
AcDbPoint
 10
8654.788470986312
 20
4752.88989746826
 30
0.0
  0
POINT
  5
2BA
330
2AE
100
AcDbEntity
  8
Defpoints
100
AcDbPoint
 10
8317.805329260571
 20
4700.704054630864
 30
0.0
  0
POINT
  5
2BB
330
2AE
100
AcDbEntity
  8
Defpoints
100
AcDbPoint
 10
8002.700782626583
 20
6735.449769625883
 30
0.0
  0
ENDBLK
  5
2B0
330
2AE
100
AcDbEntity
  8
0
100
AcDbBlockEnd
  0
BLOCK
  5
2BE
330
2BD
100
AcDbEntity
  8
0
100
AcDbBlockBegin
  2
*D2
 70
1
 10
0.0
 20
0.0
 30
0.0
  3
*D2
  1

  0
LINE
  5
2C0
330
2BD
100
AcDbEntity
  8
0
 62
7
370
13
100
AcDbLine
 10
8032.347393335592
 20
6740.040899494275
 30
0.0
 11
8364.3894332765
 21
6791.461554020267
 31
0.0
  0
LINE
  5
2C1
330
2BD
100
AcDbEntity
  8
0
 62
7
370
13
100
AcDbLine
 10
8017.043627107619
 20
6838.862935190974
 30
0.0
 11
8349.085667048526
 21
6890.283589716966
 31
0.0
  0
INSERT
  5
2C2
330
2BD
100
AcDbEntity
  8
G-OLCU-ZINCIR
 62
7
100
AcDbBlockReference
  2
_ARCHTICK
 10
8339.683924352325
 20
6787.635612463273
 30
0.0
 41
50.0
 42
50.0
 50
98.80300479416827
  0
INSERT
  5
2C4
330
2BD
100
AcDbEntity
  8
G-OLCU-ZINCIR
 62
7
100
AcDbBlockReference
  2
_ARCHTICK
 10
8324.380158124352
 20
6886.457648159972
 30
0.0
 41
50.0
 42
50.0
 50
278.80300479416826
  0
LINE
  5
2C6
330
2BD
100
AcDbEntity
  8
0
 62
7
370
18
100
AcDbLine
 10
8339.683924352325
 20
6787.635612463273
 30
0.0
 11
8324.380158124352
 21
6886.457648159972
 31
0.0
  0
MTEXT
  5
2C7
330
2BD
100
AcDbEntity
  8
G-OLCU-ZINCIR
 62
7
100
AcDbMText
 10
8264.833056964582
 20
6826.640069276601
 30
0.0
 40
50.0
 71
5
  1
100
  7
GYM
 50
98.80300479416827
  0
POINT
  5
2C8
330
2BD
100
AcDbEntity
  8
Defpoints
100
AcDbPoint
 10
8339.683924352325
 20
6787.635612463273
 30
0.0
  0
POINT
  5
2C9
330
2BD
100
AcDbEntity
  8
Defpoints
100
AcDbPoint
 10
8002.700782626583
 20
6735.449769625883
 30
0.0
  0
POINT
  5
2CA
330
2BD
100
AcDbEntity
  8
Defpoints
100
AcDbPoint
 10
7987.39701639861
 20
6834.271805322582
 30
0.0
  0
ENDBLK
  5
2BF
330
2BD
100
AcDbEntity
  8
0
100
AcDbBlockEnd
  0
BLOCK
  5
2CD
330
2CC
100
AcDbEntity
  8
0
100
AcDbBlockBegin
  2
*D3
 70
1
 10
0.0
 20
0.0
 30
0.0
  3
*D3
  1

  0
LINE
  5
2CF
330
2CC
100
AcDbEntity
  8
0
 62
7
370
13
100
AcDbLine
 10
8017.043627107619
 20
6838.862935190974
 30
0.0
 11
8349.085667048526
 21
6890.283589716966
 31
0.0
  0
LINE
  5
2D0
330
2CC
100
AcDbEntity
  8
0
 62
7
370
13
100
AcDbLine
 10
7774.019819407389
 20
8408.156862054542
 30
0.0
 11
8106.061859348297
 21
8459.577516580533
 31
0.0
  0
INSERT
  5
2D1
330
2CC
100
AcDbEntity
  8
G-OLCU-ZINCIR
 62
7
100
AcDbBlockReference
  2
_ARCHTICK
 10
8324.380158124352
 20
6886.457648159972
 30
0.0
 41
50.0
 42
50.0
 50
278.80300479416894
  0
INSERT
  5
2D3
330
2CC
100
AcDbEntity
  8
G-OLCU-ZINCIR
 62
7
100
AcDbBlockReference
  2
_ARCHTICK
 10
8081.356350424122
 20
8455.75157502354
 30
0.0
 41
50.0
 42
50.0
 50
98.80300479416894
  0
LINE
  5
2D5
330
2CC
100
AcDbEntity
  8
0
 62
7
370
18
100
AcDbLine
 10
8324.380158124352
 20
6886.457648159972
 30
0.0
 11
8081.356350424122
 21
8455.75157502354
 31
0.0
  0
MTEXT
  5
2D6
330
2CC
100
AcDbEntity
  8
G-OLCU-ZINCIR
 62
7
100
AcDbMText
 10
8160.374778924657
 20
7664.523992113727
 30
0.0
 40
50.0
 71
5
  1
1588
  7
GYM
 50
98.80300479416894
  0
POINT
  5
2D7
330
2CC
100
AcDbEntity
  8
Defpoints
100
AcDbPoint
 10
8324.380158124352
 20
6886.457648159972
 30
0.0
  0
POINT
  5
2D8
330
2CC
100
AcDbEntity
  8
Defpoints
100
AcDbPoint
 10
7987.39701639861
 20
6834.271805322582
 30
0.0
  0
POINT
  5
2D9
330
2CC
100
AcDbEntity
  8
Defpoints
100
AcDbPoint
 10
7744.37320869838
 20
8403.56573218615
 30
0.0
  0
ENDBLK
  5
2CE
330
2CC
100
AcDbEntity
  8
0
100
AcDbBlockEnd
  0
BLOCK
  5
2DC
330
2DB
100
AcDbEntity
  8
0
100
AcDbBlockBegin
  2
*D4
 70
1
 10
0.0
 20
0.0
 30
0.0
  3
*D4
  1

  0
LINE
  5
2DE
330
2DB
100
AcDbEntity
  8
0
 62
7
370
13
100
AcDbLine
 10
8347.45193996958
 20
4705.295184499257
 30
0.0
 11
8881.683864945931
 21
4788.027344727687
 31
0.0
  0
LINE
  5
2DF
330
2DB
100
AcDbEntity
  8
0
 62
7
370
13
100
AcDbLine
 10
7774.019819407389
 20
8408.156862054544
 30
0.0
 11
8308.25174438374
 21
8490.889022282974
 31
0.0
  0
INSERT
  5
2E0
330
2DB
100
AcDbEntity
  8
G-OLCU-ZINCIR
 62
7
100
AcDbBlockReference
  2
_ARCHTICK
 10
8856.978356021757
 20
4784.201403170693
 30
0.0
 41
50.0
 42
50.0
 50
278.80300479416894
  0
INSERT
  5
2E2
330
2DB
100
AcDbEntity
  8
G-OLCU-ZINCIR
 62
7
100
AcDbBlockReference
  2
_ARCHTICK
 10
8283.546235459566
 20
8487.06308072598
 30
0.0
 41
50.0
 42
50.0
 50
98.80300479416893
  0
LINE
  5
2E4
330
2DB
100
AcDbEntity
  8
0
 62
7
370
18
100
AcDbLine
 10
8856.978356021757
 20
4784.201403170693
 30
0.0
 11
8283.546235459566
 21
8487.06308072598
 31
0.0
  0
MTEXT
  5
2E5
330
2DB
100
AcDbEntity
  8
G-OLCU-ZINCIR
 62
7
100
AcDbMText
 10
8527.76882039108
 20
6629.051622470308
 30
0.0
 40
50.0
 71
5
  1
3747
  7
GYM
 50
98.80300479416893
  0
POINT
  5
2E6
330
2DB
100
AcDbEntity
  8
Defpoints
100
AcDbPoint
 10
8856.978356021757
 20
4784.201403170693
 30
0.0
  0
POINT
  5
2E7
330
2DB
100
AcDbEntity
  8
Defpoints
100
AcDbPoint
 10
8317.805329260571
 20
4700.704054630864
 30
0.0
  0
POINT
  5
2E8
330
2DB
100
AcDbEntity
  8
Defpoints
100
AcDbPoint
 10
7744.37320869838
 20
8403.56573218615
 30
0.0
  0
ENDBLK
  5
2DD
330
2DB
100
AcDbEntity
  8
0
100
AcDbBlockEnd
  0
BLOCK
  5
2EB
330
2EA
100
AcDbEntity
  8
0
100
AcDbBlockBegin
  2
*D5
 70
1
 10
0.0
 20
0.0
 30
0.0
  3
*D5
  1

  0
LINE
  5
2ED
330
2EA
100
AcDbEntity
  8
0
 62
7
370
13
100
AcDbLine
 10
8257.524910094506
 20
9141.243137645633
 30
0.0
 11
8206.09743002349
 21
9473.284120497969
 31
0.0
  0
LINE
  5
2EE
330
2EA
100
AcDbEntity
  8
0
 62
7
370
13
100
AcDbLine
 10
9295.152981508056
 20
9301.954012867556
 30
0.0
 11
9243.72550143704
 21
9633.994995719891
 31
0.0
  0
INSERT
  5
2EF
330
2EA
100
AcDbEntity
  8
G-OLCU-ZINCIR
 62
7
100
AcDbBlockReference
  2
_ARCHTICK
 10
8209.923879433536
 20
9448.578690226217
 30
0.0
 41
50.0
 42
50.0
 50
188.8041825834188
  0
INSERT
  5
2F1
330
2EA
100
AcDbEntity
  8
G-OLCU-ZINCIR
 62
7
100
AcDbBlockReference
  2
_ARCHTICK
 10
9247.551950847086
 20
9609.28956544814
 30
0.0
 41
50.0
 42
50.0
 50
8.8041825834188
  0
LINE
  5
2F3
330
2EA
100
AcDbEntity
  8
0
 62
7
370
18
100
AcDbLine
 10
8209.923879433536
 20
9448.578690226217
 30
0.0
 11
9247.551950847086
 21
9609.28956544814
 31
0.0
  0
MTEXT
  5
2F4
330
2EA
100
AcDbEntity
  8
G-OLCU-ZINCIR
 62
7
100
AcDbMText
 10
8722.156422155032
 20
9571.427467904592
 30
0.0
 40
50.0
 71
5
  1
1050
  7
GYM
 50
8.8041825834188
  0
POINT
  5
2F5
330
2EA
100
AcDbEntity
  8
Defpoints
100
AcDbPoint
 10
8209.923879433536
 20
9448.578690226217
 30
0.0
  0
POINT
  5
2F6
330
2EA
100
AcDbEntity
  8
Defpoints
100
AcDbPoint
 10
8262.11664938656
 20
9111.596621319532
 30
0.0
  0
POINT
  5
2F7
330
2EA
100
AcDbEntity
  8
Defpoints
100
AcDbPoint
 10
9299.74472080011
 20
9272.307496541454
 30
0.0
  0
ENDBLK
  5
2EC
330
2EA
100
AcDbEntity
  8
0
100
AcDbBlockEnd
  0
BLOCK
  5
2FA
330
2F9
100
AcDbEntity
  8
0
100
AcDbBlockBegin
  2
*D6
 70
1
 10
0.0
 20
0.0
 30
0.0
  3
*D6
  1

  0
LINE
  5
2FC
330
2F9
100
AcDbEntity
  8
0
 62
7
370
13
100
AcDbLine
 10
9295.152981508054
 20
9301.954012867556
 30
0.0
 11
9243.725501437033
 21
9633.994995719891
 31
0.0
  0
LINE
  5
2FD
330
2F9
100
AcDbEntity
  8
0
 62
7
370
13
100
AcDbLine
 10
9393.974702595058
 20
9317.259810507741
 30
0.0
 11
9342.547222524037
 21
9649.300793360077
 31
0.0
  0
INSERT
  5
2FE
330
2F9
100
AcDbEntity
  8
G-OLCU-ZINCIR
 62
7
100
AcDbBlockReference
  2
_ARCHTICK
 10
9247.551950847079
 20
9609.28956544814
 30
0.0
 41
50.0
 42
50.0
 50
8.804182583419967
  0
INSERT
  5
300
330
2F9
100
AcDbEntity
  8
G-OLCU-ZINCIR
 62
7
100
AcDbBlockReference
  2
_ARCHTICK
 10
9346.373671934083
 20
9624.595363088325
 30
0.0
 41
50.0
 42
50.0
 50
188.80418258341996
  0
LINE
  5
302
330
2F9
100
AcDbEntity
  8
0
 62
7
370
18
100
AcDbLine
 10
9247.551950847079
 20
9609.28956544814
 30
0.0
 11
9346.373671934083
 21
9624.595363088325
 31
0.0
  0
MTEXT
  5
303
330
2F9
100
AcDbEntity
  8
G-OLCU-ZINCIR
 62
7
100
AcDbMText
 10
9286.554868995256
 20
9684.141234607394
 30
0.0
 40
50.0
 71
5
  1
100
  7
GYM
 50
8.804182583419967
  0
POINT
  5
304
330
2F9
100
AcDbEntity
  8
Defpoints
100
AcDbPoint
 10
9247.551950847079
 20
9609.28956544814
 30
0.0
  0
POINT
  5
305
330
2F9
100
AcDbEntity
  8
Defpoints
100
AcDbPoint
 10
9299.74472080011
 20
9272.307496541454
 30
0.0
  0
POINT
  5
306
330
2F9
100
AcDbEntity
  8
Defpoints
100
AcDbPoint
 10
9398.566441887115
 20
9287.61329418164
 30
0.0
  0
ENDBLK
  5
2FB
330
2F9
100
AcDbEntity
  8
0
100
AcDbBlockEnd
  0
BLOCK
  5
309
330
308
100
AcDbEntity
  8
0
100
AcDbBlockBegin
  2
*D7
 70
1
 10
0.0
 20
0.0
 30
0.0
  3
*D7
  1

  0
LINE
  5
30B
330
308
100
AcDbEntity
  8
0
 62
7
370
13
100
AcDbLine
 10
9393.97470259506
 20
9317.259810507741
 30
0.0
 11
9342.547222524046
 21
9649.300793360077
 31
0.0
  0
LINE
  5
30C
330
308
100
AcDbEntity
  8
0
 62
7
370
13
100
AcDbLine
 10
10431.60277400861
 20
9477.970685729664
 30
0.0
 11
10380.175293937595
 21
9810.011668582
 31
0.0
  0
INSERT
  5
30D
330
308
100
AcDbEntity
  8
G-OLCU-ZINCIR
 62
7
100
AcDbBlockReference
  2
_ARCHTICK
 10
9346.373671934092
 20
9624.595363088325
 30
0.0
 41
50.0
 42
50.0
 50
188.8041825834188
  0
INSERT
  5
30F
330
308
100
AcDbEntity
  8
G-OLCU-ZINCIR
 62
7
100
AcDbBlockReference
  2
_ARCHTICK
 10
10384.00174334764
 20
9785.306238310248
 30
0.0
 41
50.0
 42
50.0
 50
8.8041825834188
  0
LINE
  5
311
330
308
100
AcDbEntity
  8
0
 62
7
370
18
100
AcDbLine
 10
9346.373671934092
 20
9624.595363088325
 30
0.0
 11
10384.00174334764
 21
9785.306238310248
 31
0.0
  0
MTEXT
  5
312
330
308
100
AcDbEntity
  8
G-OLCU-ZINCIR
 62
7
100
AcDbMText
 10
9858.606214655589
 20
9747.4441407667
 30
0.0
 40
50.0
 71
5
  1
1050
  7
GYM
 50
8.8041825834188
  0
POINT
  5
313
330
308
100
AcDbEntity
  8
Defpoints
100
AcDbPoint
 10
9346.373671934092
 20
9624.595363088325
 30
0.0
  0
POINT
  5
314
330
308
100
AcDbEntity
  8
Defpoints
100
AcDbPoint
 10
9398.566441887115
 20
9287.61329418164
 30
0.0
  0
POINT
  5
315
330
308
100
AcDbEntity
  8
Defpoints
100
AcDbPoint
 10
10436.194513300665
 20
9448.324169403562
 30
0.0
  0
ENDBLK
  5
30A
330
308
100
AcDbEntity
  8
0
100
AcDbBlockEnd
  0
BLOCK
  5
318
330
317
100
AcDbEntity
  8
0
100
AcDbBlockBegin
  2
*D8
 70
1
 10
0.0
 20
0.0
 30
0.0
  3
*D8
  1

  0
LINE
  5
31A
330
317
100
AcDbEntity
  8
0
 62
7
370
13
100
AcDbLine
 10
8257.524910094506
 20
9141.243137645633
 30
0.0
 11
8174.781768051675
 21
9675.473361841981
 31
0.0
  0
LINE
  5
31B
330
317
100
AcDbEntity
  8
0
 62
7
370
13
100
AcDbLine
 10
10431.60277400861
 20
9477.970685729664
 30
0.0
 11
10348.859631965783
 21
10012.200909926012
 31
0.0
  0
INSERT
  5
31C
330
317
100
AcDbEntity
  8
G-OLCU-ZINCIR
 62
7
100
AcDbBlockReference
  2
_ARCHTICK
 10
8178.60821746172
 20
9650.76793157023
 30
0.0
 41
50.0
 42
50.0
 50
188.80418258341885
  0
INSERT
  5
31E
330
317
100
AcDbEntity
  8
G-OLCU-ZINCIR
 62
7
100
AcDbBlockReference
  2
_ARCHTICK
 10
10352.686081375829
 20
9987.49547965426
 30
0.0
 41
50.0
 42
50.0
 50
8.804182583418854
  0
LINE
  5
320
330
317
100
AcDbEntity
  8
0
 62
7
370
18
100
AcDbLine
 10
8178.60821746172
 20
9650.76793157023
 30
0.0
 11
10352.686081375829
 21
9987.49547965426
 31
0.0
  0
MTEXT
  5
321
330
317
100
AcDbEntity
  8
G-OLCU-ZINCIR
 62
7
100
AcDbMText
 10
9259.065656433497
 20
9861.625045679659
 30
0.0
 40
50.0
 71
5
  1
2200
  7
GYM
 50
8.804182583418854
  0
POINT
  5
322
330
317
100
AcDbEntity
  8
Defpoints
100
AcDbPoint
 10
8178.60821746172
 20
9650.76793157023
 30
0.0
  0
POINT
  5
323
330
317
100
AcDbEntity
  8
Defpoints
100
AcDbPoint
 10
8262.11664938656
 20
9111.596621319532
 30
0.0
  0
POINT
  5
324
330
317
100
AcDbEntity
  8
Defpoints
100
AcDbPoint
 10
10436.194513300665
 20
9448.324169403562
 30
0.0
  0
ENDBLK
  5
319
330
317
100
AcDbEntity
  8
0
100
AcDbBlockEnd
  0
BLOCK
  5
327
330
326
100
AcDbEntity
  8
0
100
AcDbBlockBegin
  2
*D9
 70
1
 10
0.0
 20
0.0
 30
0.0
  3
*D9
  1

  0
LINE
  5
329
330
326
100
AcDbEntity
  8
0
 62
7
370
13
100
AcDbLine
 10
8694.79962937919
 20
6317.607835269911
 30
0.0
 11
8722.503123107921
 21
6138.740520102434
 31
0.0
  0
LINE
  5
32A
330
326
100
AcDbEntity
  8
0
 62
7
370
13
100
AcDbLine
 10
8867.737641281448
 20
6344.392981140232
 30
0.0
 11
8895.44113501018
 21
6165.525665972755
 31
0.0
  0
INSERT
  5
32B
330
326
100
AcDbEntity
  8
G-OLCU-ZINCIR
 62
7
100
AcDbBlockReference
  2
_ARCHTICK
 10
8718.676673697875
 20
6163.4459503741855
 30
0.0
 41
50.0
 42
50.0
 50
188.80418258341888
  0
INSERT
  5
32D
330
326
100
AcDbEntity
  8
G-OLCU-ZINCIR
 62
7
100
AcDbBlockReference
  2
_ARCHTICK
 10
8891.614685600134
 20
6190.231096244506
 30
0.0
 41
50.0
 42
50.0
 50
8.804182583418868
  0
LINE
  5
32F
330
326
100
AcDbEntity
  8
0
 62
7
370
18
100
AcDbLine
 10
8718.676673697875
 20
6163.4459503741855
 30
0.0
 11
8891.614685600134
 21
6190.231096244506
 31
0.0
  0
MTEXT
  5
330
330
326
100
AcDbEntity
  8
G-OLCU-ZINCIR
 62
7
100
AcDbMText
 10
8798.564186663727
 20
6219.331863376758
 30
0.0
 40
50.0
 71
5
  1
175
  7
GYM
 50
8.804182583418868
  0
POINT
  5
331
330
326
100
AcDbEntity
  8
Defpoints
100
AcDbPoint
 10
8718.676673697875
 20
6163.4459503741855
 30
0.0
  0
POINT
  5
332
330
326
100
AcDbEntity
  8
Defpoints
100
AcDbPoint
 10
8690.207890087135
 20
6347.254351596013
 30
0.0
  0
POINT
  5
333
330
326
100
AcDbEntity
  8
Defpoints
100
AcDbPoint
 10
8863.145901989394
 20
6374.039497466334
 30
0.0
  0
ENDBLK
  5
328
330
326
100
AcDbEntity
  8
0
100
AcDbBlockEnd
  0
BLOCK
  5
336
330
335
100
AcDbEntity
  8
0
100
AcDbBlockBegin
  2
*D10
 70
1
 10
0.0
 20
0.0
 30
0.0
  3
*D10
  1

  0
LINE
  5
338
330
335
100
AcDbEntity
  8
0
 62
7
370
13
100
AcDbLine
 10
8867.737641281448
 20
6344.392981140232
 30
0.0
 11
8895.44113501018
 21
6165.525665972755
 31
0.0
  0
LINE
  5
339
330
335
100
AcDbEntity
  8
0
 62
7
370
13
100
AcDbLine
 10
9559.489688890482
 20
6451.533564621515
 30
0.0
 11
9587.193182619212
 21
6272.666249454037
 31
0.0
  0
INSERT
  5
33A
330
335
100
AcDbEntity
  8
G-OLCU-ZINCIR
 62
7
100
AcDbBlockReference
  2
_ARCHTICK
 10
8891.614685600134
 20
6190.231096244506
 30
0.0
 41
50.0
 42
50.0
 50
188.80418258341888
  0
INSERT
  5
33C
330
335
100
AcDbEntity
  8
G-OLCU-ZINCIR
 62
7
100
AcDbBlockReference
  2
_ARCHTICK
 10
9583.366733209166
 20
6297.371679725788
 30
0.0
 41
50.0
 42
50.0
 50
8.804182583418891
  0
LINE
  5
33E
330
335
100
AcDbEntity
  8
0
 62
7
370
18
100
AcDbLine
 10
8891.614685600134
 20
6190.231096244506
 30
0.0
 11
9583.366733209166
 21
6297.371679725788
 31
0.0
  0
MTEXT
  5
33F
330
335
100
AcDbEntity
  8
G-OLCU-ZINCIR
 62
7
100
AcDbMText
 10
9230.909216419372
 20
6286.29472805256
 30
0.0
 40
50.0
 71
5
  1
700
  7
GYM
 50
8.804182583418891
  0
POINT
  5
340
330
335
100
AcDbEntity
  8
Defpoints
100
AcDbPoint
 10
8891.614685600134
 20
6190.231096244506
 30
0.0
  0
POINT
  5
341
330
335
100
AcDbEntity
  8
Defpoints
100
AcDbPoint
 10
8863.145901989394
 20
6374.039497466334
 30
0.0
  0
POINT
  5
342
330
335
100
AcDbEntity
  8
Defpoints
100
AcDbPoint
 10
9554.897949598428
 20
6481.180080947617
 30
0.0
  0
ENDBLK
  5
337
330
335
100
AcDbEntity
  8
0
100
AcDbBlockEnd
  0
BLOCK
  5
345
330
344
100
AcDbEntity
  8
0
100
AcDbBlockBegin
  2
*D11
 70
1
 10
0.0
 20
0.0
 30
0.0
  3
*D11
  1

  0
LINE
  5
347
330
344
100
AcDbEntity
  8
0
 62
7
370
13
100
AcDbLine
 10
9559.489688890482
 20
6451.533564621515
 30
0.0
 11
9587.193182619214
 21
6272.666249454037
 31
0.0
  0
LINE
  5
348
330
344
100
AcDbEntity
  8
0
 62
7
370
13
100
AcDbLine
 10
10004.187433782003
 20
6520.40965400234
 30
0.0
 11
10031.890927510734
 21
6341.542338834862
 31
0.0
  0
INSERT
  5
349
330
344
100
AcDbEntity
  8
G-OLCU-ZINCIR
 62
7
100
AcDbBlockReference
  2
_ARCHTICK
 10
9583.366733209168
 20
6297.371679725788
 30
0.0
 41
50.0
 42
50.0
 50
188.8041825834189
  0
INSERT
  5
34B
330
344
100
AcDbEntity
  8
G-OLCU-ZINCIR
 62
7
100
AcDbBlockReference
  2
_ARCHTICK
 10
10028.064478100689
 20
6366.247769106613
 30
0.0
 41
50.0
 42
50.0
 50
8.80418258341892
  0
LINE
  5
34D
330
344
100
AcDbEntity
  8
0
 62
7
370
18
100
AcDbLine
 10
9583.366733209168
 20
6297.371679725788
 30
0.0
 11
10028.064478100689
 21
6366.247769106613
 31
0.0
  0
MTEXT
  5
34E
330
344
100
AcDbEntity
  8
G-OLCU-ZINCIR
 62
7
100
AcDbMText
 10
9799.13411266965
 20
6374.303064483613
 30
0.0
 40
50.0
 71
5
  1
450
  7
GYM
 50
8.80418258341892
  0
POINT
  5
34F
330
344
100
AcDbEntity
  8
Defpoints
100
AcDbPoint
 10
9583.366733209168
 20
6297.371679725788
 30
0.0
  0
POINT
  5
350
330
344
100
AcDbEntity
  8
Defpoints
100
AcDbPoint
 10
9554.897949598428
 20
6481.180080947617
 30
0.0
  0
POINT
  5
351
330
344
100
AcDbEntity
  8
Defpoints
100
AcDbPoint
 10
9999.595694489948
 20
6550.056170328442
 30
0.0
  0
ENDBLK
  5
346
330
344
100
AcDbEntity
  8
0
100
AcDbBlockEnd
  0
BLOCK
  5
354
330
353
100
AcDbEntity
  8
0
100
AcDbBlockBegin
  2
*D12
 70
1
 10
0.0
 20
0.0
 30
0.0
  3
*D12
  1

  0
LINE
  5
356
330
353
100
AcDbEntity
  8
0
 62
7
370
13
100
AcDbLine
 10
10004.187433782003
 20
6520.409654002341
 30
0.0
 11
10031.890927510736
 21
6341.542338834863
 31
0.0
  0
LINE
  5
357
330
353
100
AcDbEntity
  8
0
 62
7
370
13
100
AcDbLine
 10
10695.939481391037
 20
6627.550237483623
 30
0.0
 11
10723.642975119768
 21
6448.682922316145
 31
0.0
  0
INSERT
  5
358
330
353
100
AcDbEntity
  8
G-OLCU-ZINCIR
 62
7
100
AcDbBlockReference
  2
_ARCHTICK
 10
10028.06447810069
 20
6366.247769106614
 30
0.0
 41
50.0
 42
50.0
 50
188.80418258341888
  0
INSERT
  5
35A
330
353
100
AcDbEntity
  8
G-OLCU-ZINCIR
 62
7
100
AcDbBlockReference
  2
_ARCHTICK
 10
10719.816525709723
 20
6473.388352587896
 30
0.0
 41
50.0
 42
50.0
 50
8.804182583418891
  0
LINE
  5
35C
330
353
100
AcDbEntity
  8
0
 62
7
370
18
100
AcDbLine
 10
10028.06447810069
 20
6366.247769106614
 30
0.0
 11
10719.816525709723
 21
6473.388352587896
 31
0.0
  0
MTEXT
  5
35D
330
353
100
AcDbEntity
  8
G-OLCU-ZINCIR
 62
7
100
AcDbMText
 10
10367.359008919928
 20
6462.3114009146675
 30
0.0
 40
50.0
 71
5
  1
700
  7
GYM
 50
8.804182583418891
  0
POINT
  5
35E
330
353
100
AcDbEntity
  8
Defpoints
100
AcDbPoint
 10
10028.06447810069
 20
6366.247769106614
 30
0.0
  0
POINT
  5
35F
330
353
100
AcDbEntity
  8
Defpoints
100
AcDbPoint
 10
9999.595694489948
 20
6550.056170328442
 30
0.0
  0
POINT
  5
360
330
353
100
AcDbEntity
  8
Defpoints
100
AcDbPoint
 10
10691.347742098982
 20
6657.196753809725
 30
0.0
  0
ENDBLK
  5
355
330
353
100
AcDbEntity
  8
0
100
AcDbBlockEnd
  0
BLOCK
  5
363
330
362
100
AcDbEntity
  8
0
100
AcDbBlockBegin
  2
*D13
 70
1
 10
0.0
 20
0.0
 30
0.0
  3
*D13
  1

  0
LINE
  5
365
330
362
100
AcDbEntity
  8
0
 62
7
370
13
100
AcDbLine
 10
10695.939481391037
 20
6627.550237483624
 30
0.0
 11
10723.64297511977
 21
6448.682922316146
 31
0.0
  0
LINE
  5
366
330
362
100
AcDbEntity
  8
0
 62
7
370
13
100
AcDbLine
 10
10868.69962937919
 20
6654.307835269912
 30
0.0
 11
10896.403123107924
 21
6475.440520102433
 31
0.0
  0
INSERT
  5
367
330
362
100
AcDbEntity
  8
G-OLCU-ZINCIR
 62
7
100
AcDbBlockReference
  2
_ARCHTICK
 10
10719.816525709724
 20
6473.388352587897
 30
0.0
 41
50.0
 42
50.0
 50
188.8041825834189
  0
INSERT
  5
369
330
362
100
AcDbEntity
  8
G-OLCU-ZINCIR
 62
7
100
AcDbBlockReference
  2
_ARCHTICK
 10
10892.576673697879
 20
6500.145950374184
 30
0.0
 41
50.0
 42
50.0
 50
8.804182583418902
  0
LINE
  5
36B
330
362
100
AcDbEntity
  8
0
 62
7
370
18
100
AcDbLine
 10
10719.816525709724
 20
6473.388352587897
 30
0.0
 11
10892.576673697879
 21
6500.145950374184
 31
0.0
  0
MTEXT
  5
36C
330
362
100
AcDbEntity
  8
G-OLCU-ZINCIR
 62
7
100
AcDbMText
 10
10799.615106718524
 20
6529.260491548453
 30
0.0
 40
50.0
 71
5
  1
175
  7
GYM
 50
8.804182583418902
  0
POINT
  5
36D
330
362
100
AcDbEntity
  8
Defpoints
100
AcDbPoint
 10
10719.816525709724
 20
6473.388352587897
 30
0.0
  0
POINT
  5
36E
330
362
100
AcDbEntity
  8
Defpoints
100
AcDbPoint
 10
10691.347742098982
 20
6657.196753809725
 30
0.0
  0
POINT
  5
36F
330
362
100
AcDbEntity
  8
Defpoints
100
AcDbPoint
 10
10864.107890087136
 20
6683.954351596013
 30
0.0
  0
ENDBLK
  5
364
330
362
100
AcDbEntity
  8
0
100
AcDbBlockEnd
  0
BLOCK
  5
387
330
386
100
AcDbEntity
  8
0
100
AcDbBlockBegin
  2
*Paper_Space
 70
0
 10
0.0
 20
0.0
 30
0.0
  3
*Paper_Space
  1

  0
ENDBLK
  5
388
330
386
100
AcDbEntity
  8
0
100
AcDbBlockEnd
  0
ENDSEC
  0
SECTION
  2
ENTITIES
  0
LWPOLYLINE
  5
1C2
330
17
100
AcDbEntity
  8
A-KESIT-KESILEN
100
AcDbPolyline
 90
4
 70
1
 10
8930.5
 20
4795.6
 10
11104.4
 20
5132.3
 10
11108.226449410045
 20
5107.594569728249
 10
8934.326449410046
 20
4770.894569728249
  0
LWPOLYLINE
  5
1C3
330
17
100
AcDbEntity
  8
A-KATMAN-CIZGI
100
AcDbPolyline
 90
4
 70
1
 10
8934.326449410046
 20
4770.894569728249
 10
11108.226449410045
 20
5107.594569728249
 10
11115.879348230137
 20
5058.1837091847465
 10
8941.979348230137
 20
4721.483709184747
  0
LWPOLYLINE
  5
1C4
330
17
100
AcDbEntity
  8
A-KESIT-TARAMA
100
AcDbPolyline
 90
123
 70
0
 10
8935.39785524486
 20
4763.977049252158
 10
8958.695852190987
 20
4731.15627323607
 10
8970.973674836183
 20
4769.487136402624
 10
8994.271671782308
 20
4736.666360386536
 10
9006.549494427503
 20
4774.99722355309
 10
9029.84749137363
 20
4742.176447537002
 10
9042.125314018826
 20
4780.507310703556
 10
9065.42331096495
 20
4747.686534687467
 10
9077.701133610146
 20
4786.017397854022
 10
9100.999130556273
 20
4753.196621837934
 10
9113.276953201468
 20
4791.527485004489
 10
9136.574950147595
 20
4758.706708988399
 10
9148.85277279279
 20
4797.037572154954
 10
9172.150769738917
 20
4764.216796138866
 10
9184.428592384113
 20
4802.547659305421
 10
9207.72658933024
 20
4769.726883289331
 10
9220.004411975433
 20
4808.057746455886
 10
9243.30240892156
 20
4775.236970439797
 10
9255.580231566755
 20
4813.567833606353
 10
9278.878228512882
 20
4780.747057590264
 10
9291.156051158077
 20
4819.0779207568185
 10
9314.454048104202
 20
4786.25714474073
 10
9326.731870749398
 20
4824.588007907284
 10
9350.029867695524
 20
4791.767231891196
 10
9362.307690340722
 20
4830.0980950577505
 10
9385.605687286848
 20
4797.277319041662
 10
9397.883509932042
 20
4835.608182208216
 10
9421.181506878169
 20
4802.7874061921275
 10
9433.459329523364
 20
4841.1182693586825
 10
9456.757326469491
 20
4808.297493342594
 10
9469.035149114685
 20
4846.628356509148
 10
9492.333146060811
 20
4813.8075804930595
 10
9504.610968706007
 20
4852.138443659614
 10
9527.908965652134
 20
4819.317667643526
 10
9540.18678829733
 20
4857.648530810081
 10
9563.484785243456
 20
4824.8277547939915
 10
9575.762607888651
 20
4863.1586179605465
 10
9599.060604834778
 20
4830.337841944457
 10
9611.338427479974
 20
4868.668705111013
 10
9634.6364244261
 20
4835.8479290949235
 10
9646.914247071294
 20
4874.1787922614785
 10
9670.21224401742
 20
4841.358016245389
 10
9682.490066662616
 20
4879.688879411944
 10
9705.788063608743
 20
4846.868103395856
 10
9718.065886253937
 20
4885.1989665624105
 10
9741.363883200063
 20
4852.378190546322
 10
9753.641705845259
 20
4890.709053712876
 10
9776.939702791386
 20
4857.888277696788
 10
9789.217525436583
 20
4896.219140863342
 10
9812.515522382708
 20
4863.398364847254
 10
9824.793345027903
 20
4901.729228013808
 10
9848.09134197403
 20
4868.90845199772
 10
9860.369164619226
 20
4907.239315164274
 10
9883.667161565352
 20
4874.418539148186
 10
9895.944984210546
 20
4912.74940231474
 10
9919.242981156673
 20
4879.928626298652
 10
9931.520803801868
 20
4918.259489465206
 10
9954.818800747995
 20
4885.438713449117
 10
9967.096623393189
 20
4923.769576615672
 10
9990.394620339317
 20
4890.948800599584
 10
10002.672442984513
 20
4929.279663766139
 10
10025.97043993064
 20
4896.458887750049
 10
10038.248262575833
 20
4934.789750916604
 10
10061.54625952196
 20
4901.968974900515
 10
10073.824082167155
 20
4940.299838067071
 10
10097.122079113282
 20
4907.479062050981
 10
10109.399901758477
 20
4945.809925217536
 10
10132.697898704604
 20
4912.989149201448
 10
10144.975721349798
 20
4951.320012368002
 10
10168.273718295924
 20
4918.499236351914
 10
10180.55154094112
 20
4956.830099518468
 10
10203.849537887247
 20
4924.00932350238
 10
10216.127360532442
 20
4962.340186668934
 10
10239.425357478569
 20
4929.519410652845
 10
10251.703180123764
 20
4967.8502738194
 10
10275.001177069891
 20
4935.029497803312
 10
10287.278999715087
 20
4973.360360969866
 10
10310.576996661212
 20
4940.539584953777
 10
10322.854819306407
 20
4978.870448120331
 10
10346.152816252534
 20
4946.049672104244
 10
10358.43063889773
 20
4984.380535270798
 10
10381.728635843854
 20
4951.559759254709
 10
10394.00645848905
 20
4989.890622421264
 10
10417.304455435176
 20
4957.069846405175
 10
10429.582278080374
 20
4995.400709571731
 10
10452.8802750265
 20
4962.579933555641
 10
10465.158097671696
 20
5000.910796722196
 10
10488.45609461782
 20
4968.090020706107
 10
10500.733917263016
 20
5006.420883872662
 10
10524.031914209143
 20
4973.600107856574
 10
10536.309736854339
 20
5011.930971023128
 10
10559.607733800463
 20
4979.11019500704
 10
10571.885556445659
 20
5017.441058173594
 10
10595.183553391786
 20
4984.620282157505
 10
10607.461376036981
 20
5022.95114532406
 10
10630.759372983108
 20
4990.130369307972
 10
10643.037195628303
 20
5028.461232474526
 10
10666.33519257443
 20
4995.640456458437
 10
10678.613015219626
 20
5033.971319624991
 10
10701.911012165752
 20
5001.150543608904
 10
10714.188834810946
 20
5039.481406775458
 10
10737.486831757073
 20
5006.660630759369
 10
10749.764654402268
 20
5044.991493925923
 10
10773.062651348395
 20
5012.170717909835
 10
10785.34047399359
 20
5050.50158107639
 10
10808.638470939715
 20
5017.680805060301
 10
10820.91629358491
 20
5056.011668226856
 10
10844.214290531037
 20
5023.190892210767
 10
10856.492113176235
 20
5061.521755377322
 10
10879.79011012236
 20
5028.700979361233
 10
10892.067932767555
 20
5067.031842527788
 10
10915.365929713682
 20
5034.211066511699
 10
10927.643752358877
 20
5072.541929678254
 10
10950.941749305004
 20
5039.721153662165
 10
10963.219571950198
 20
5078.05201682872
 10
10986.517568896325
 20
5045.231240812632
 10
10998.795391541518
 20
5083.562103979186
 10
11022.093388487645
 20
5050.741327963097
 10
11034.37121113284
 20
5089.072191129651
 10
11057.669208078967
 20
5056.251415113563
 10
11069.947030724163
 20
5094.582278280117
 10
11093.24502767029
 20
5061.761502264029
 10
11105.522850315483
 20
5100.092365430583
  0
LINE
  5
1C5
330
17
100
AcDbEntity
  8
A-KESIT-TARAMA
100
AcDbLine
 10
8940.907942395326
 20
4728.401229660837
 30
0.0
 11
11114.807942395326
 21
5065.101229660836
 31
0.0
  0
LINE
  5
1C6
330
17
100
AcDbEntity
  8
A-KESIT-TARAMA
100
AcDbLine
 10
8935.39785524486
 20
4763.977049252158
 30
0.0
 11
11109.29785524486
 21
5100.677049252158
 31
0.0
  0
LWPOLYLINE
  5
1C7
330
17
100
AcDbEntity
  8
A-KATMAN-CIZGI
100
AcDbPolyline
 90
4
 70
1
 10
8934.326449410046
 20
4770.894569728249
 10
11108.226449410045
 20
5107.594569728249
 10
11115.879348230137
 20
5058.1837091847465
 10
8941.979348230137
 20
4721.483709184747
  0
LWPOLYLINE
  5
1C8
330
17
100
AcDbEntity
  8
A-KESIT-GORUNEN
100
AcDbPolyline
 90
9
 70
0
 10
9131.969891584054
 20
4801.506165008615
 10
9139.622790404146
 20
4752.095304465113
 10
9170.25752394112
 20
4756.84010173357
 10
9169.339176082709
 20
4762.76940499879
 10
9144.633745810957
 20
4758.942955588745
 10
9138.817542707686
 20
4796.495209601806
 10
9163.522972979437
 20
4800.321659011853
 10
9162.604625121026
 20
4806.250962277072
 10
9131.969891584054
 20
4801.506165008615
  0
LWPOLYLINE
  5
1C9
330
17
100
AcDbEntity
  8
A-KESIT-GORUNEN
100
AcDbPolyline
 90
9
 70
0
 10
9527.256775932074
 20
4862.729355569349
 10
9534.909674752165
 20
4813.3184950258465
 10
9565.544408289139
 20
4818.063292294303
 10
9564.626060430728
 20
4823.992595559523
 10
9539.920630158977
 20
4820.166146149478
 10
9534.104427055705
 20
4857.71840016254
 10
9558.809857327456
 20
4861.544849572585
 10
9557.891509469046
 20
4867.474152837805
 10
9527.256775932074
 20
4862.729355569349
  0
LWPOLYLINE
  5
1CA
330
17
100
AcDbEntity
  8
A-KESIT-GORUNEN
100
AcDbPolyline
 90
9
 70
0
 10
9922.543660280093
 20
4923.952546130082
 10
9930.196559100184
 20
4874.54168558658
 10
9960.831292637156
 20
4879.286482855036
 10
9959.912944778745
 20
4885.215786120257
 10
9935.207514506996
 20
4881.38933671021
 10
9929.391311403724
 20
4918.941590723272
 10
9954.096741675474
 20
4922.768040133318
 10
9953.178393817063
 20
4928.697343398539
 10
9922.543660280093
 20
4923.952546130082
  0
LWPOLYLINE
  5
1CB
330
17
100
AcDbEntity
  8
A-KESIT-GORUNEN
100
AcDbPolyline
 90
9
 70
0
 10
10317.830544628112
 20
4985.175736690815
 10
10325.483443448205
 20
4935.764876147313
 10
10356.118176985176
 20
4940.50967341577
 10
10355.199829126765
 20
4946.43897668099
 10
10330.494398855015
 20
4942.612527270944
 10
10324.678195751745
 20
4980.164781284006
 10
10349.383626023495
 20
4983.991230694052
 10
10348.465278165084
 20
4989.920533959272
 10
10317.830544628112
 20
4985.175736690815
  0
LWPOLYLINE
  5
1CC
330
17
100
AcDbEntity
  8
A-KESIT-GORUNEN
100
AcDbPolyline
 90
9
 70
0
 10
10713.117428976131
 20
5046.398927251548
 10
10720.770327796225
 20
4996.988066708046
 10
10751.405061333195
 20
5001.732863976503
 10
10750.486713474784
 20
5007.662167241722
 10
10725.781283203032
 20
5003.835717831677
 10
10719.965080099762
 20
5041.387971844739
 10
10744.670510371514
 20
5045.214421254785
 10
10743.752162513103
 20
5051.143724520005
 10
10713.117428976131
 20
5046.398927251548
  0
LWPOLYLINE
  5
1CD
330
17
100
AcDbEntity
  8
A-KESIT-KESILEN
100
AcDbPolyline
 90
4
 70
1
 10
8941.979348230137
 20
4721.483709184747
 10
11115.879348230137
 20
5058.1837091847465
 10
11119.705797640183
 20
5033.478278912996
 10
8945.805797640183
 20
4696.778278912996
  0
LWPOLYLINE
  5
1CE
330
17
100
AcDbEntity
  8
A-KESIT-KESILEN
100
AcDbPolyline
 90
4
 70
1
 10
11104.4
 20
5132.3
 10
10530.699999999999
 20
8838.2
 10
10728.345705566282
 20
8868.796978138476
 10
11302.045705566283
 20
5162.896978138475
  0
HATCH
  5
1CF
330
17
100
AcDbEntity
  8
A-KESIT-TARAMA
 62
7
100
AcDbHatch
 10
0.0
 20
0.0
 30
0.0
210
0.0
220
0.0
230
1.0
  2
ANSI32
 70
0
 71
0
 91
1
 92
3
 72
0
 73
1
 93
4
 10
11104.4
 20
5132.3
 10
10530.699999999999
 20
8838.2
 10
10728.345705566282
 20
8868.796978138476
 10
11302.045705566283
 20
5162.896978138475
 97
0
 75
1
 76
1
 52
45.0
 41
6.299212598426941
 77
0
 78
2
 53
90.0
 43
0.0
 44
0.0
 45
-60.0
 46
0.0
 79
0
 53
90.0
 43
19.9999999664
 44
19.9999999664
 45
-60.0
 46
0.0
 79
0
 98
0
  0
LWPOLYLINE
  5
1D0
330
17
100
AcDbEntity
  8
A-KESIT-KESILEN
100
AcDbPolyline
 90
4
 70
1
 10
10530.699999999999
 20
8838.2
 10
8357.0
 20
8498.900000000001
 10
8353.144356491111
 20
8523.600890938029
 10
10526.84435649111
 20
8862.900890938028
  0
LWPOLYLINE
  5
1D1
330
17
100
AcDbEntity
  8
A-KATMAN-CIZGI
100
AcDbPolyline
 90
4
 70
1
 10
10526.84435649111
 20
8862.900890938028
 10
8353.144356491111
 20
8523.600890938029
 10
8345.433069473333
 20
8573.002672814084
 10
10519.133069473331
 20
8912.302672814083
  0
LWPOLYLINE
  5
1D2
330
17
100
AcDbEntity
  8
A-KESIT-TARAMA
100
AcDbPolyline
 90
123
 70
0
 10
10525.76477630862
 20
8869.817140400677
 10
10502.42800818044
 20
8902.610360025035
 10
10490.195493357862
 20
8864.265013747878
 10
10466.85872522968
 20
8897.058233372234
 10
10454.626210407101
 20
8858.712887095075
 10
10431.289442278921
 20
8891.506106719433
 10
10419.05692745634
 20
8853.160760442275
 10
10395.72015932816
 20
8885.953980066633
 10
10383.48764450558
 20
8847.608633789474
 10
10360.1508763774
 20
8880.401853413832
 10
10347.918361554819
 20
8842.056507136673
 10
10324.58159342664
 20
8874.849726761031
 10
10312.34907860406
 20
8836.504380483873
 10
10289.012310475879
 20
8869.297600108232
 10
10276.7797956533
 20
8830.952253831072
 10
10253.443027525118
 20
8863.745473455429
 10
10241.210512702537
 20
8825.40012717827
 10
10217.873744574357
 20
8858.19334680263
 10
10205.641229751776
 20
8819.84800052547
 10
10182.304461623597
 20
8852.64122014983
 10
10170.071946801016
 20
8814.29587387267
 10
10146.735178672836
 20
8847.089093497027
 10
10134.502663850257
 20
8808.743747219867
 10
10111.165895722075
 20
8841.536966844227
 10
10098.933380899496
 20
8803.191620567068
 10
10075.596612771316
 20
8835.984840191426
 10
10063.364097948735
 20
8797.639493914268
 10
10040.027329820556
 20
8830.432713538625
 10
10027.794814997975
 20
8792.087367261465
 10
10004.458046869795
 20
8824.880586885824
 10
9992.225532047214
 20
8786.535240608666
 10
9968.888763919034
 20
8819.328460233024
 10
9956.656249096453
 20
8780.983113955865
 10
9933.319480968274
 20
8813.776333580223
 10
9921.086966145695
 20
8775.430987303063
 10
9897.750198017513
 20
8808.224206927422
 10
9885.517683194934
 20
8769.878860650264
 10
9862.180915066754
 20
8802.672080274622
 10
9849.948400244173
 20
8764.326733997463
 10
9826.611632115992
 20
8797.119953621821
 10
9814.37911729341
 20
8758.774607344661
 10
9791.042349165231
 20
8791.56782696902
 10
9778.80983434265
 20
8753.22248069186
 10
9755.47306621447
 20
8786.01570031622
 10
9743.240551391891
 20
8747.67035403906
 10
9719.90378326371
 20
8780.463573663419
 10
9707.67126844113
 20
8742.11822738626
 10
9684.33450031295
 20
8774.911447010618
 10
9672.10198549037
 20
8736.566100733458
 10
9648.76521736219
 20
8769.359320357817
 10
9636.532702539609
 20
8731.013974080659
 10
9613.19593441143
 20
8763.807193705017
 10
9600.963419588848
 20
8725.461847427858
 10
9577.626651460669
 20
8758.255067052214
 10
9565.39413663809
 20
8719.909720775056
 10
9542.057368509908
 20
8752.702940399415
 10
9529.824853687329
 20
8714.357594122255
 10
9506.48808555915
 20
8747.150813746615
 10
9494.255570736568
 20
8708.805467469456
 10
9470.918802608388
 20
8741.598687093812
 10
9458.686287785806
 20
8703.253340816655
 10
9435.349519657626
 20
8736.046560441013
 10
9423.117004835045
 20
8697.701214163853
 10
9399.780236706865
 20
8730.494433788212
 10
9387.547721884286
 20
8692.149087511054
 10
9364.210953756105
 20
8724.94230713541
 10
9351.978438933525
 20
8686.59696085825
 10
9328.641670805344
 20
8719.390180482611
 10
9316.409155982765
 20
8681.044834205451
 10
9293.072387854585
 20
8713.83805382981
 10
9280.839873032004
 20
8675.49270755265
 10
9257.503104903824
 20
8708.285927177008
 10
9245.270590081243
 20
8669.940580899849
 10
9221.933821953064
 20
8702.733800524207
 10
9209.701307130483
 20
8664.38845424705
 10
9186.364539002303
 20
8697.181673871408
 10
9174.132024179724
 20
8658.836327594248
 10
9150.795256051542
 20
8691.629547218607
 10
9138.562741228963
 20
8653.284200941447
 10
9115.225973100783
 20
8686.077420565805
 10
9102.993458278203
 20
8647.732074288646
 10
9079.656690150023
 20
8680.525293913006
 10
9067.424175327442
 20
8642.179947635846
 10
9044.087407199262
 20
8674.973167260203
 10
9031.854892376681
 20
8636.627820983045
 10
9008.5181242485
 20
8669.421040607403
 10
8996.28560942592
 20
8631.075694330244
 10
8972.948841297739
 20
8663.868913954602
 10
8960.71632647516
 20
8625.523567677445
 10
8937.37955834698
 20
8658.316787301801
 10
8925.1470435244
 20
8619.971441024642
 10
8901.81027539622
 20
8652.764660649002
 10
8889.577760573638
 20
8614.419314371842
 10
8866.240992445459
 20
8647.2125339962
 10
8854.008477622878
 20
8608.86718771904
 10
8830.671709494698
 20
8641.6604073434
 10
8818.439194672119
 20
8603.31506106624
 10
8795.102426543937
 20
8636.108280690598
 10
8782.869911721358
 20
8597.76293441344
 10
8759.533143593178
 20
8630.556154037798
 10
8747.300628770598
 20
8592.210807760639
 10
8723.963860642418
 20
8625.004027384995
 10
8711.731345819837
 20
8586.658681107838
 10
8688.394577691657
 20
8619.451900732196
 10
8676.162062869074
 20
8581.106554455037
 10
8652.825294740895
 20
8613.899774079397
 10
8640.592779918316
 20
8575.554427802237
 10
8617.256011790134
 20
8608.347647426594
 10
8605.023496967555
 20
8570.002301149436
 10
8581.686728839373
 20
8602.795520773794
 10
8569.454214016794
 20
8564.450174496635
 10
8546.117445888614
 20
8597.243394120993
 10
8533.884931066033
 20
8558.898047843835
 10
8510.548162937854
 20
8591.691267468192
 10
8498.315648115273
 20
8553.345921191032
 10
8474.978879987093
 20
8586.139140815392
 10
8462.746365164512
 20
8547.793794538233
 10
8439.409597036332
 20
8580.587014162591
 10
8427.177082213755
 20
8542.241667885433
 10
8403.840314085573
 20
8575.03488750979
 10
8391.607799262994
 20
8536.68954123263
 10
8368.271031134815
 20
8569.48276085699
 10
8356.038516312234
 20
8531.13741457983
  0
LINE
  5
1D3
330
17
100
AcDbEntity
  8
A-KESIT-TARAMA
100
AcDbLine
 10
10520.212649655821
 20
8905.386423351436
 30
0.0
 11
8346.51264965582
 21
8566.086423351437
 31
0.0
  0
LINE
  5
1D4
330
17
100
AcDbEntity
  8
A-KESIT-TARAMA
100
AcDbLine
 10
10525.76477630862
 20
8869.817140400677
 30
0.0
 11
8352.064776308622
 21
8530.517140400678
 31
0.0
  0
LWPOLYLINE
  5
1D5
330
17
100
AcDbEntity
  8
A-KATMAN-CIZGI
100
AcDbPolyline
 90
4
 70
1
 10
10526.84435649111
 20
8862.900890938028
 10
8353.144356491111
 20
8523.600890938029
 10
8345.433069473333
 20
8573.002672814084
 10
10519.133069473331
 20
8912.302672814083
  0
LWPOLYLINE
  5
1D6
330
17
100
AcDbEntity
  8
A-KESIT-GORUNEN
100
AcDbPolyline
 90
9
 70
0
 10
10329.237228986885
 20
8832.055742866913
 10
10321.525941969106
 20
8881.457524742968
 10
10290.896837205953
 20
8876.676526791945
 10
10291.822191648085
 20
8870.748312966818
 10
10316.523082586114
 20
8874.603956475708
 10
10322.383660719626
 20
8837.058602249908
 10
10297.682769781599
 20
8833.202958741018
 10
10298.608124223732
 20
8827.27474491589
 10
10329.237228986885
 20
8832.055742866913
  0
LWPOLYLINE
  5
1D7
330
17
100
AcDbEntity
  8
A-KESIT-GORUNEN
100
AcDbPolyline
 90
9
 70
0
 10
9934.022973978435
 20
8770.365446724682
 10
9926.311686960657
 20
8819.767228600736
 10
9895.682582197504
 20
8814.986230649716
 10
9896.607936639637
 20
8809.058016824589
 10
9921.308827577663
 20
8812.913660333477
 10
9927.169405711176
 20
8775.368306107677
 10
9902.468514773149
 20
8771.512662598789
 10
9903.393869215282
 20
8765.584448773661
 10
9934.022973978435
 20
8770.365446724682
  0
LWPOLYLINE
  5
1D8
330
17
100
AcDbEntity
  8
A-KESIT-GORUNEN
100
AcDbPolyline
 90
9
 70
0
 10
9538.808718969987
 20
8708.675150582452
 10
9531.097431952208
 20
8758.076932458507
 10
9500.468327189054
 20
8753.295934507485
 10
9501.393681631187
 20
8747.367720682358
 10
9526.094572569215
 20
8751.223364191246
 10
9531.955150702726
 20
8713.678009965444
 10
9507.2542597647
 20
8709.822366456556
 10
9508.179614206832
 20
8703.89415263143
 10
9538.808718969987
 20
8708.675150582452
  0
LWPOLYLINE
  5
1D9
330
17
100
AcDbEntity
  8
A-KESIT-GORUNEN
100
AcDbPolyline
 90
9
 70
0
 10
9143.594463961537
 20
8646.984854440221
 10
9135.883176943758
 20
8696.386636316276
 10
9105.254072180605
 20
8691.605638365254
 10
9106.179426622739
 20
8685.677424540127
 10
9130.880317560765
 20
8689.533068049017
 10
9136.740895694278
 20
8651.987713823215
 10
9112.04000475625
 20
8648.132070314325
 10
9112.965359198384
 20
8642.203856489197
 10
9143.594463961537
 20
8646.984854440221
  0
LWPOLYLINE
  5
1DA
330
17
100
AcDbEntity
  8
A-KESIT-GORUNEN
100
AcDbPolyline
 90
9
 70
0
 10
8748.38020895309
 20
8585.29455829799
 10
8740.66892193531
 20
8634.696340174045
 10
8710.039817172154
 20
8629.915342223023
 10
8710.965171614287
 20
8623.987128397896
 10
8735.666062552316
 20
8627.842771906784
 10
8741.526640685828
 20
8590.297417680984
 10
8716.8257497478
 20
8586.441774172095
 10
8717.751104189932
 20
8580.513560346968
 10
8748.38020895309
 20
8585.29455829799
  0
LWPOLYLINE
  5
1DB
330
17
100
AcDbEntity
  8
A-KESIT-KESILEN
100
AcDbPolyline
 90
4
 70
1
 10
10519.133069473331
 20
8912.302672814083
 10
8345.433069473333
 20
8573.002672814084
 10
8341.577425964442
 20
8597.703563752113
 10
10515.277425964441
 20
8937.003563752112
  0
LWPOLYLINE
  5
1DC
330
17
100
AcDbEntity
  8
A-KESIT-KESILEN
100
AcDbPolyline
 90
4
 70
1
 10
8357.0
 20
8498.900000000001
 10
8631.48223657728
 20
6726.467451235152
 10
8606.776727653105
 20
6722.641509678158
 10
8332.294491075825
 20
8495.074058443008
  0
LWPOLYLINE
  5
1DD
330
17
100
AcDbEntity
  8
A-KATMAN-CIZGI
100
AcDbPolyline
 90
4
 70
1
 10
8332.294491075825
 20
8495.074058443008
 10
8606.776727653105
 20
6722.641509678158
 10
8557.365709804757
 20
6714.989626564171
 10
8282.883473227475
 20
8487.422175329019
  0
LWPOLYLINE
  5
1DE
330
17
100
AcDbEntity
  8
A-KESIT-TARAMA
100
AcDbPolyline
 90
100
 70
0
 10
8325.376948577057
 20
8494.002794807051
 10
8292.55569364728
 20
8470.705472539574
 10
8330.886304419128
 20
8458.426861956239
 10
8298.06504948935
 20
8435.129539688764
 10
8336.395660261198
 20
8422.850929105427
 10
8303.574405331421
 20
8399.553606837952
 10
8341.905016103268
 20
8387.274996254617
 10
8309.083761173491
 20
8363.97767398714
 10
8347.41437194534
 20
8351.699063403805
 10
8314.593117015562
 20
8328.40174113633
 10
8352.92372778741
 20
8316.123130552993
 10
8320.102472857632
 20
8292.825808285517
 10
8358.433083629481
 20
8280.547197702183
 10
8325.611828699703
 20
8257.249875434705
 10
8363.942439471552
 20
8244.97126485137
 10
8331.121184541773
 20
8221.673942583895
 10
8369.451795313622
 20
8209.395332000558
 10
8336.630540383845
 20
8186.098009733083
 10
8374.961151155692
 20
8173.819399149748
 10
8342.139896225915
 20
8150.522076882272
 10
8380.470506997764
 20
8138.243466298936
 10
8347.649252067986
 20
8114.94614403146
 10
8385.979862839835
 20
8102.667533448125
 10
8353.158607910056
 20
8079.370211180649
 10
8391.489218681907
 20
8067.091600597314
 10
8358.667963752128
 20
8043.794278329838
 10
8396.998574523977
 20
8031.515667746502
 10
8364.177319594199
 20
8008.2183454790265
 10
8402.507930366048
 20
7995.939734895691
 10
8369.686675436269
 20
7972.642412628214
 10
8408.017286208118
 20
7960.36380204488
 10
8375.19603127834
 20
7937.0664797774025
 10
8413.526642050188
 20
7924.787869194068
 10
8380.705387120412
 20
7901.490546926591
 10
8419.035997892259
 20
7889.211936343257
 10
8386.214742962482
 20
7865.914614075779
 10
8424.54535373433
 20
7853.6360034924455
 10
8391.724098804552
 20
7830.338681224968
 10
8430.0547095764
 20
7818.0600706416335
 10
8397.233454646623
 20
7794.762748374157
 10
8435.564065418472
 20
7782.484137790822
 10
8402.742810488693
 20
7759.186815523345
 10
8441.073421260542
 20
7746.908204940011
 10
8408.252166330763
 20
7723.610882672534
 10
8446.582777102612
 20
7711.332272089199
 10
8413.761522172834
 20
7688.034949821723
 10
8452.092132944683
 20
7675.756339238388
 10
8419.270878014906
 20
7652.459016970911
 10
8457.601488786753
 20
7640.180406387577
 10
8424.780233856976
 20
7616.8830841201
 10
8463.110844628824
 20
7604.604473536766
 10
8430.289589699047
 20
7581.307151269289
 10
8468.620200470894
 20
7569.028540685953
 10
8435.798945541117
 20
7545.731218418477
 10
8474.129556312964
 20
7533.452607835142
 10
8441.308301383187
 20
7510.155285567665
 10
8479.638912155036
 20
7497.876674984332
 10
8446.817657225258
 20
7474.579352716854
 10
8485.148267997109
 20
7462.30074213352
 10
8452.327013067328
 20
7439.003419866043
 10
8490.657623839179
 20
7426.7248092827085
 10
8457.836368909399
 20
7403.427487015231
 10
8496.16697968125
 20
7391.148876431897
 10
8463.345724751473
 20
7367.851554164419
 10
8501.67633552332
 20
7355.5729435810845
 10
8468.855080593543
 20
7332.275621313608
 10
8507.18569136539
 20
7319.997010730273
 10
8474.364436435613
 20
7296.699688462796
 10
8512.69504720746
 20
7284.421077879462
 10
8479.873792277684
 20
7261.123755611985
 10
8518.20440304953
 20
7248.84514502865
 10
8485.383148119754
 20
7225.547822761174
 10
8523.713758891603
 20
7213.269212177839
 10
8490.892503961824
 20
7189.971889910362
 10
8529.223114733673
 20
7177.693279327028
 10
8496.401859803895
 20
7154.395957059551
 10
8534.732470575744
 20
7142.117346476217
 10
8501.911215645965
 20
7118.82002420874
 10
8540.241826417814
 20
7106.541413625405
 10
8507.420571488037
 20
7083.244091357928
 10
8545.751182259884
 20
7070.965480774594
 10
8512.929927330108
 20
7047.6681585071165
 10
8551.260538101955
 20
7035.389547923783
 10
8518.439283172178
 20
7012.092225656305
 10
8556.769893944025
 20
6999.813615072971
 10
8523.948639014248
 20
6976.516292805494
 10
8562.279249786096
 20
6964.2376822221595
 10
8529.457994856319
 20
6940.940359954682
 10
8567.788605628168
 20
6928.661749371348
 10
8534.967350698389
 20
6905.364427103871
 10
8573.297961470238
 20
6893.085816520536
 10
8540.47670654046
 20
6869.78849425306
 10
8578.807317312308
 20
6857.509883669725
 10
8545.98606238253
 20
6834.212561402248
 10
8584.316673154379
 20
6821.933950818914
 10
8551.495418224602
 20
6798.636628551437
 10
8589.826028996451
 20
6786.358017968102
 10
8557.004774066672
 20
6763.060695700626
 10
8595.335384838521
 20
6750.782085117291
 10
8562.514129908743
 20
6727.484762849814
  0
LINE
  5
1DF
330
17
100
AcDbEntity
  8
A-KESIT-TARAMA
100
AcDbLine
 10
8289.801015726243
 20
8488.49343896498
 30
0.0
 11
8564.283252303525
 21
6716.06089020013
 31
0.0
  0
LINE
  5
1E0
330
17
100
AcDbEntity
  8
A-KESIT-TARAMA
100
AcDbLine
 10
8325.376948577057
 20
8494.002794807051
 30
0.0
 11
8599.859185154339
 21
6721.570246042202
 31
0.0
  0
LWPOLYLINE
  5
1E1
330
17
100
AcDbEntity
  8
A-KATMAN-CIZGI
100
AcDbPolyline
 90
4
 70
1
 10
8332.294491075825
 20
8495.074058443008
 10
8606.776727653105
 20
6722.641509678158
 10
8557.365709804757
 20
6714.989626564171
 10
8282.883473227475
 20
8487.422175329019
  0
LWPOLYLINE
  5
1E2
330
17
100
AcDbEntity
  8
A-KESIT-GORUNEN
100
AcDbPolyline
 90
9
 70
0
 10
8332.906641724945
 20
8491.12117701514
 10
8283.495623876594
 20
8483.469293901153
 10
8288.239791407266
 20
8452.834462835175
 10
8294.169113549067
 20
8453.752688808854
 10
8290.343171992074
 20
8478.458197733029
 10
8327.895545556821
 20
8484.27362889966
 10
8331.721487113815
 20
8459.568119975485
 10
8337.650809255618
 20
8460.486345949163
 10
8332.906641724945
 20
8491.12117701514
  0
LWPOLYLINE
  5
1E3
330
17
100
AcDbEntity
  8
A-KESIT-GORUNEN
100
AcDbPolyline
 90
9
 70
0
 10
8601.420409473314
 20
6757.229222172005
 10
8552.009391624964
 20
6749.577339058018
 10
8556.753559155635
 20
6718.94250799204
 10
8562.682881297438
 20
6719.860733965718
 10
8558.856939740444
 20
6744.566242889894
 10
8596.409313305192
 20
6750.381674056524
 10
8600.235254862184
 20
6725.676165132349
 10
8606.164577003987
 20
6726.594391106027
 10
8601.420409473314
 20
6757.229222172005
  0
LWPOLYLINE
  5
1E4
330
17
100
AcDbEntity
  8
A-KESIT-GORUNEN
100
AcDbPolyline
 90
9
 70
0
 10
8362.902023531773
 20
8297.42998704961
 10
8313.491005683423
 20
8289.778103935625
 10
8318.235173214096
 20
8259.143272869647
 10
8324.164495355897
 20
8260.061498843326
 10
8320.338553798903
 20
8284.767007767503
 10
8357.890927363651
 20
8290.582438934132
 10
8361.716868920643
 20
8265.876930009956
 10
8367.646191062446
 20
8266.795155983633
 10
8362.902023531773
 20
8297.42998704961
  0
LWPOLYLINE
  5
1E5
330
17
100
AcDbEntity
  8
A-KESIT-GORUNEN
100
AcDbPolyline
 90
9
 70
0
 10
8424.11708844367
 20
7902.141844262818
 10
8374.706070595319
 20
7894.489961148831
 10
8379.450238125992
 20
7863.855130082854
 10
8385.379560267793
 20
7864.773356056532
 10
8381.553618710801
 20
7889.478864980707
 10
8419.105992275547
 20
7895.294296147337
 10
8422.93193383254
 20
7870.588787223162
 10
8428.861255974343
 20
7871.507013196841
 10
8424.11708844367
 20
7902.141844262818
  0
LWPOLYLINE
  5
1E6
330
17
100
AcDbEntity
  8
A-KESIT-GORUNEN
100
AcDbPolyline
 90
9
 70
0
 10
8485.332153355568
 20
7506.853701476025
 10
8435.921135507217
 20
7499.201818362038
 10
8440.66530303789
 20
7468.566987296061
 10
8446.59462517969
 20
7469.48521326974
 10
8442.768683622695
 20
7494.190722193915
 10
8480.321057187442
 20
7500.006153360545
 10
8484.146998744438
 20
7475.30064443637
 10
8490.07632088624
 20
7476.218870410048
 10
8485.332153355568
 20
7506.853701476025
  0
LWPOLYLINE
  5
1E7
330
17
100
AcDbEntity
  8
A-KESIT-GORUNEN
100
AcDbPolyline
 90
9
 70
0
 10
8546.547218267466
 20
7111.565558689232
 10
8497.136200419114
 20
7103.913675575244
 10
8501.880367949785
 20
7073.278844509267
 10
8507.809690091586
 20
7074.1970704829455
 10
8503.983748534592
 20
7098.902579407121
 10
8541.53612209934
 20
7104.718010573752
 10
8545.362063656332
 20
7080.012501649576
 10
8551.291385798135
 20
7080.930727623255
 10
8546.547218267466
 20
7111.565558689232
  0
LWPOLYLINE
  5
1E8
330
17
100
AcDbEntity
  8
A-KESIT-KESILEN
100
AcDbPolyline
 90
4
 70
1
 10
8282.883473227475
 20
8487.422175329019
 10
8557.365709804757
 20
6714.989626564171
 10
8532.660200880582
 20
6711.163685007178
 10
8258.1779643033
 20
8483.596233772027
  0
LWPOLYLINE
  5
1E9
330
17
100
AcDbEntity
  8
A-KESIT-KESILEN
100
AcDbPolyline
 90
4
 70
1
 10
8773.80726249744
 20
5807.422519255858
 10
8930.5
 20
4795.6
 10
8905.794491075825
 20
4791.774058443007
 10
8749.101753573264
 20
5803.596577698864
  0
LWPOLYLINE
  5
1EA
330
17
100
AcDbEntity
  8
A-KATMAN-CIZGI
100
AcDbPolyline
 90
4
 70
1
 10
8749.101753573264
 20
5803.596577698864
 10
8905.794491075825
 20
4791.774058443007
 10
8856.383473227475
 20
4784.12217532902
 10
8699.690735724915
 20
5795.944694584877
  0
LWPOLYLINE
  5
1EB
330
17
100
AcDbEntity
  8
A-KESIT-TARAMA
100
AcDbPolyline
 90
57
 70
0
 10
8742.184211074495
 20
5802.525314062907
 10
8709.36295614472
 20
5779.227991795429
 10
8747.693566916565
 20
5766.949381212095
 10
8714.87231198679
 20
5743.652058944618
 10
8753.202922758635
 20
5731.373448361283
 10
8720.38166782886
 20
5708.076126093807
 10
8758.712278600706
 20
5695.797515510472
 10
8725.89102367093
 20
5672.500193242995
 10
8764.221634442778
 20
5660.221582659661
 10
8731.400379513001
 20
5636.924260392184
 10
8769.730990284848
 20
5624.645649808849
 10
8736.909735355071
 20
5601.348327541373
 10
8775.240346126919
 20
5589.069716958038
 10
8742.419091197142
 20
5565.772394690561
 10
8780.749701968989
 20
5553.493784107227
 10
8747.928447039212
 20
5530.19646183975
 10
8786.25905781106
 20
5517.917851256415
 10
8753.437802881284
 20
5494.6205289889385
 10
8791.768413653132
 20
5482.341918405604
 10
8758.947158723355
 20
5459.0445961381265
 10
8797.277769495202
 20
5446.765985554793
 10
8764.456514565425
 20
5423.468663287315
 10
8802.787125337272
 20
5411.190052703982
 10
8769.965870407495
 20
5387.892730436504
 10
8808.296481179344
 20
5375.6141198531695
 10
8775.475226249568
 20
5352.316797585692
 10
8813.805837021415
 20
5340.038187002358
 10
8780.984582091638
 20
5316.740864734881
 10
8819.315192863485
 20
5304.462254151547
 10
8786.493937933708
 20
5281.16493188407
 10
8824.824548705556
 20
5268.886321300735
 10
8792.003293775779
 20
5245.588999033259
 10
8830.333904547626
 20
5233.310388449924
 10
8797.512649617851
 20
5210.013066182447
 10
8835.843260389696
 20
5197.734455599113
 10
8803.022005459921
 20
5174.437133331636
 10
8841.352616231767
 20
5162.158522748301
 10
8808.531361301992
 20
5138.861200480825
 10
8846.861972073837
 20
5126.58258989749
 10
8814.040717144062
 20
5103.285267630013
 10
8852.37132791591
 20
5091.006657046679
 10
8819.550072986132
 20
5067.7093347792015
 10
8857.88068375798
 20
5055.430724195867
 10
8825.059428828203
 20
5032.13340192839
 10
8863.39003960005
 20
5019.854791345056
 10
8830.568784670273
 20
4996.557469077578
 10
8868.89939544212
 20
4984.278858494245
 10
8836.078140512345
 20
4960.981536226767
 10
8874.40875128419
 20
4948.7029256434325
 10
8841.587496354416
 20
4925.405603375956
 10
8879.918107126261
 20
4913.126992792621
 10
8847.096852196486
 20
4889.829670525144
 10
8885.427462968331
 20
4877.551059941809
 10
8852.606208038556
 20
4854.253737674332
 10
8890.936818810402
 20
4841.975127090998
 10
8858.115563880627
 20
4818.677804823521
 10
8896.446174652474
 20
4806.399194240187
  0
LINE
  5
1EC
330
17
100
AcDbEntity
  8
A-KESIT-TARAMA
100
AcDbLine
 10
8706.608278223683
 20
5797.015958220835
 30
0.0
 11
8863.301015726245
 21
4785.193438964978
 31
0.0
  0
LINE
  5
1ED
330
17
100
AcDbEntity
  8
A-KESIT-TARAMA
100
AcDbLine
 10
8742.184211074495
 20
5802.525314062907
 30
0.0
 11
8898.876948577057
 21
4790.702794807049
 31
0.0
  0
LWPOLYLINE
  5
1EE
330
17
100
AcDbEntity
  8
A-KATMAN-CIZGI
100
AcDbPolyline
 90
4
 70
1
 10
8749.101753573264
 20
5803.596577698864
 10
8905.794491075825
 20
4791.774058443007
 10
8856.383473227475
 20
4784.12217532902
 10
8699.690735724915
 20
5795.944694584877
  0
LWPOLYLINE
  5
1EF
330
17
100
AcDbEntity
  8
A-KESIT-GORUNEN
100
AcDbPolyline
 90
9
 70
0
 10
8749.713904222383
 20
5799.643696270997
 10
8700.302886374033
 20
5791.991813157009
 10
8705.047053904706
 20
5761.3569820910325
 10
8710.976376046507
 20
5762.2752080647115
 10
8707.150434489513
 20
5786.980716988885
 10
8744.70280805426
 20
5792.796148155517
 10
8748.528749611254
 20
5768.090639231342
 10
8754.458071753055
 20
5769.00886520502
 10
8749.713904222383
 20
5799.643696270997
  0
LWPOLYLINE
  5
1F0
330
17
100
AcDbEntity
  8
A-KESIT-GORUNEN
100
AcDbPolyline
 90
9
 70
0
 10
8900.438172896034
 20
4826.361770936852
 10
8851.027155047685
 20
4818.709887822864
 10
8855.771322578355
 20
4788.0750567568875
 10
8861.700644720157
 20
4788.993282730566
 10
8857.874703163165
 20
4813.698791654741
 10
8895.42707672791
 20
4819.514222821372
 10
8899.253018284904
 20
4794.808713897196
 10
8905.182340426705
 20
4795.726939870875
 10
8900.438172896034
 20
4826.361770936852
  0
LWPOLYLINE
  5
1F1
330
17
100
AcDbEntity
  8
A-KESIT-GORUNEN
100
AcDbPolyline
 90
9
 70
0
 10
8779.709286029212
 20
5605.952506305468
 10
8730.298268180863
 20
5598.300623191481
 10
8735.042435711533
 20
5567.665792125504
 10
8740.971757853336
 20
5568.584018099182
 10
8737.145816296343
 20
5593.289527023357
 10
8774.69818986109
 20
5599.104958189988
 10
8778.524131418082
 20
5574.399449265813
 10
8784.453453559883
 20
5575.317675239491
 10
8779.709286029212
 20
5605.952506305468
  0
LWPOLYLINE
  5
1F2
330
17
100
AcDbEntity
  8
A-KESIT-GORUNEN
100
AcDbPolyline
 90
9
 70
0
 10
8840.924350941108
 20
5210.664363518674
 10
8791.513333092758
 20
5203.012480404687
 10
8796.257500623431
 20
5172.3776493387095
 10
8802.186822765232
 20
5173.2958753123885
 10
8798.36088120824
 20
5198.001384236563
 10
8835.913254772986
 20
5203.816815403194
 10
8839.73919632998
 20
5179.111306479019
 10
8845.66851847178
 20
5180.029532452697
 10
8840.924350941108
 20
5210.664363518674
  0
LWPOLYLINE
  5
1F3
330
17
100
AcDbEntity
  8
A-KESIT-KESILEN
100
AcDbPolyline
 90
4
 70
1
 10
8699.690735724915
 20
5795.944694584877
 10
8856.383473227475
 20
4784.12217532902
 10
8831.6779643033
 20
4780.296233772026
 10
8674.98522680074
 20
5792.118753027884
  0
LINE
  5
1F4
330
17
100
AcDbEntity
  8
A-KESIT-KESILEN
100
AcDbLine
 10
8631.48223657728
 20
6726.467451235152
 30
0.0
 11
8532.660200880582
 21
6711.163685007178
 31
0.0
  0
LINE
  5
1F5
330
17
100
AcDbEntity
  8
A-KESIT-KESILEN
100
AcDbLine
 10
8773.80726249744
 20
5807.422519255858
 30
0.0
 11
8674.98522680074
 21
5792.118753027884
 31
0.0
  0
LWPOLYLINE
  5
1F6
330
17
100
AcDbEntity
  8
A-KESIT-KESILEN
100
AcDbPolyline
 90
4
 70
1
 10
8618.42464604739
 20
6810.785106002966
 10
8777.633953175855
 20
6838.360950618517
 10
8773.367354691887
 20
6862.9941829962745
 10
8614.158047563422
 20
6835.418338380724
  0
LWPOLYLINE
  5
1F7
330
17
100
AcDbEntity
  8
A-KATMAN-CIZGI
100
AcDbPolyline
 90
4
 70
1
 10
8614.158047563422
 20
6835.418338380724
 10
8773.367354691887
 20
6862.9941829962745
 10
8764.834157723952
 20
6912.26064775179
 10
8605.624850595486
 20
6884.68480313624
  0
LWPOLYLINE
  5
1F8
330
17
100
AcDbEntity
  8
A-KESIT-TARAMA
100
AcDbPolyline
 90
9
 70
0
 10
8606.819498170997
 20
6877.787498070467
 10
8630.699327299895
 20
6845.387594354953
 10
8642.291352794968
 20
6883.93139988738
 10
8666.171181923866
 20
6851.531496171866
 10
8677.763207418939
 20
6890.075301704293
 10
8701.643036547837
 20
6857.675397988778
 10
8713.23506204291
 20
6896.2192035212065
 10
8737.114891171808
 20
6863.819299805692
 10
8748.70691666688
 20
6902.363105338119
  0
LINE
  5
1F9
330
17
100
AcDbEntity
  8
A-KESIT-TARAMA
100
AcDbLine
 10
8612.96339998791
 20
6842.315643446496
 30
0.0
 11
8772.172707116375
 21
6869.891488062047
 31
0.0
  0
LINE
  5
1FA
330
17
100
AcDbEntity
  8
A-KESIT-TARAMA
100
AcDbLine
 10
8606.819498170997
 20
6877.787498070467
 30
0.0
 11
8766.028805299464
 21
6905.363342686018
 31
0.0
  0
LWPOLYLINE
  5
1FB
330
17
100
AcDbEntity
  8
A-KATMAN-CIZGI
100
AcDbPolyline
 90
4
 70
1
 10
8614.158047563422
 20
6835.418338380724
 10
8773.367354691887
 20
6862.9941829962745
 10
8764.834157723952
 20
6912.26064775179
 10
8605.624850595486
 20
6884.68480313624
  0
LWPOLYLINE
  5
1FC
330
17
100
AcDbEntity
  8
A-KESIT-GORUNEN
100
AcDbPolyline
 90
9
 70
0
 10
8609.566167775927
 20
6885.367458893674
 10
8618.099364743863
 20
6836.100994138159
 10
8648.644572892283
 20
6841.391576258278
 10
8647.62058925613
 20
6847.30355202894
 10
8622.987356878373
 20
6843.036953544973
 10
8616.50212718274
 20
6880.479466759164
 10
8641.1353595605
 20
6884.746065243132
 10
8640.111375924347
 20
6890.658041013793
 10
8609.566167775927
 20
6885.367458893674
  0
LWPOLYLINE
  5
1FD
330
17
100
AcDbEntity
  8
A-KESIT-GORUNEN
100
AcDbPolyline
 90
9
 70
0
 10
8730.34763239509
 20
6906.287409874236
 10
8738.880829363026
 20
6857.02094511872
 10
8769.426037511446
 20
6862.31152723884
 10
8768.402053875294
 20
6868.223503009502
 10
8743.768821497535
 20
6863.956904525535
 10
8737.283591801905
 20
6901.399417739726
 10
8761.916824179663
 20
6905.666016223694
 10
8760.89284054351
 20
6911.577991994355
 10
8730.34763239509
 20
6906.287409874236
  0
LWPOLYLINE
  5
1FE
330
17
100
AcDbEntity
  8
A-KESIT-KESILEN
100
AcDbPolyline
 90
4
 70
1
 10
8605.624850595486
 20
6884.68480313624
 10
8764.834157723952
 20
6912.26064775179
 10
8760.567559239986
 20
6936.893880129547
 10
8601.35825211152
 20
6909.318035513997
  0
LWPOLYLINE
  5
1FF
330
17
100
AcDbEntity
  8
A-KESIT-KESILEN
100
AcDbPolyline
 90
4
 70
1
 10
9496.924338606379
 20
6962.945626350363
 10
9718.461429730005
 20
7001.3169534517165
 10
9714.194831246039
 20
7025.950185829474
 10
9492.657740122411
 20
6987.57885872812
  0
LWPOLYLINE
  5
200
330
17
100
AcDbEntity
  8
A-KATMAN-CIZGI
100
AcDbPolyline
 90
4
 70
1
 10
9492.657740122411
 20
6987.57885872812
 10
9714.194831246039
 20
7025.950185829474
 10
9705.661634278104
 20
7075.21665058499
 10
9484.124543154476
 20
7036.845323483636
  0
LWPOLYLINE
  5
201
330
17
100
AcDbEntity
  8
A-KESIT-TARAMA
100
AcDbPolyline
 90
13
 70
0
 10
9485.319190729986
 20
7029.948018417864
 10
9509.199019858885
 20
6997.548114702349
 10
9520.791045353957
 20
7036.091920234777
 10
9544.670874482856
 20
7003.692016519262
 10
9556.262899977928
 20
7042.23582205169
 10
9580.142729106827
 20
7009.8359183361745
 10
9591.7347546019
 20
7048.379723868603
 10
9615.614583730798
 20
7015.979820153088
 10
9627.20660922587
 20
7054.523625685515
 10
9651.086438354769
 20
7022.123721970001
 10
9662.678463849841
 20
7060.667527502429
 10
9686.55829297874
 20
7028.267623786915
 10
9698.150318473812
 20
7066.811429319341
  0
LINE
  5
202
330
17
100
AcDbEntity
  8
A-KESIT-TARAMA
100
AcDbLine
 10
9491.4630925469
 20
6994.476163793893
 30
0.0
 11
9713.000183670527
 21
7032.847490895247
 31
0.0
  0
LINE
  5
203
330
17
100
AcDbEntity
  8
A-KESIT-TARAMA
100
AcDbLine
 10
9485.319190729986
 20
7029.948018417864
 30
0.0
 11
9706.856281853614
 21
7068.319345519218
 31
0.0
  0
LWPOLYLINE
  5
204
330
17
100
AcDbEntity
  8
A-KATMAN-CIZGI
100
AcDbPolyline
 90
4
 70
1
 10
9492.657740122411
 20
6987.57885872812
 10
9714.194831246039
 20
7025.950185829474
 10
9705.661634278104
 20
7075.21665058499
 10
9484.124543154476
 20
7036.845323483636
  0
LWPOLYLINE
  5
205
330
17
100
AcDbEntity
  8
A-KESIT-GORUNEN
100
AcDbPolyline
 90
9
 70
0
 10
9488.065860334917
 20
7037.52797924107
 10
9496.599057302852
 20
6988.261514485555
 10
9527.144265451272
 20
6993.552096605675
 10
9526.12028181512
 20
6999.464072376337
 10
9501.487049437363
 20
6995.197473892369
 10
9495.00181974173
 20
7032.6399871065605
 10
9519.635052119489
 20
7036.906585590528
 10
9518.611068483337
 20
7042.81856136119
 10
9488.065860334917
 20
7037.52797924107
  0
LWPOLYLINE
  5
206
330
17
100
AcDbEntity
  8
A-KESIT-GORUNEN
100
AcDbPolyline
 90
9
 70
0
 10
9671.175108949243
 20
7069.243412707436
 10
9679.708305917178
 20
7019.97694795192
 10
9710.253514065596
 20
7025.26753007204
 10
9709.229530429446
 20
7031.1795058427015
 10
9684.596298051687
 20
7026.912907358735
 10
9678.111068356056
 20
7064.355420572926
 10
9702.744300733813
 20
7068.622019056894
 10
9701.720317097663
 20
7074.533994827555
 10
9671.175108949243
 20
7069.243412707436
  0
LWPOLYLINE
  5
207
330
17
100
AcDbEntity
  8
A-KESIT-KESILEN
100
AcDbPolyline
 90
4
 70
1
 10
9484.124543154476
 20
7036.845323483636
 10
9705.661634278104
 20
7075.21665058499
 10
9701.395035794138
 20
7099.849882962747
 10
9479.85794467051
 20
7061.478555861394
  0
LINE
  5
208
330
17
100
AcDbEntity
  8
A-KESIT-KESILEN
100
AcDbLine
 10
8777.633953175855
 20
6838.360950618517
 30
0.0
 11
8760.567559239986
 21
6936.893880129547
 31
0.0
  0
LINE
  5
209
330
17
100
AcDbEntity
  8
A-KESIT-KESILEN
100
AcDbLine
 10
9496.924338606379
 20
6962.945626350363
 30
0.0
 11
9479.85794467051
 21
7061.478555861394
 31
0.0
  0
LWPOLYLINE
  5
20A
330
17
100
AcDbEntity
  8
A-KESIT-KESILEN
100
AcDbPolyline
 90
4
 70
1
 10
9686.254476423504
 20
6996.33108521136
 10
9909.520517134682
 20
7026.809571810111
 10
9906.139079914237
 20
7051.579833866137
 10
9682.87303920306
 20
7021.101347267386
  0
LWPOLYLINE
  5
20B
330
17
100
AcDbEntity
  8
A-KATMAN-CIZGI
100
AcDbPolyline
 90
4
 70
1
 10
9682.87303920306
 20
7021.101347267386
 10
9906.139079914237
 20
7051.579833866137
 10
9899.376205473347
 20
7101.120357978189
 10
9676.110164762169
 20
7070.641871379437
  0
LWPOLYLINE
  5
20C
330
17
100
AcDbEntity
  8
A-KESIT-TARAMA
100
AcDbPolyline
 90
13
 70
0
 10
9677.056967183895
 20
7063.70619800375
 10
9699.760825461673
 20
7030.471655441794
 10
9712.726144544571
 20
7068.575467601191
 10
9735.430002822352
 20
7035.340925039234
 10
9748.395321905247
 20
7073.444737198632
 10
9771.099180183028
 20
7040.210194636675
 10
9784.064499265925
 20
7078.314006796072
 10
9806.768357543704
 20
7045.079464234115
 10
9819.733676626603
 20
7083.183276393513
 10
9842.437534904382
 20
7049.948733831556
 10
9855.40285398728
 20
7088.052545990953
 10
9878.106712265058
 20
7054.818003428996
 10
9891.072031347956
 20
7092.921815588394
  0
LINE
  5
20D
330
17
100
AcDbEntity
  8
A-KESIT-TARAMA
100
AcDbLine
 10
9681.926236781335
 20
7028.037020643073
 30
0.0
 11
9905.192277492511
 21
7058.515507241825
 31
0.0
  0
LINE
  5
20E
330
17
100
AcDbEntity
  8
A-KESIT-TARAMA
100
AcDbLine
 10
9677.056967183895
 20
7063.70619800375
 30
0.0
 11
9900.323007895071
 21
7094.184684602501
 31
0.0
  0
LWPOLYLINE
  5
20F
330
17
100
AcDbEntity
  8
A-KATMAN-CIZGI
100
AcDbPolyline
 90
4
 70
1
 10
9682.87303920306
 20
7021.101347267386
 10
9906.139079914237
 20
7051.579833866137
 10
9899.376205473347
 20
7101.120357978189
 10
9676.110164762169
 20
7070.641871379437
  0
LWPOLYLINE
  5
210
330
17
100
AcDbEntity
  8
A-KESIT-GORUNEN
100
AcDbPolyline
 90
9
 70
0
 10
9680.073406691134
 20
7071.182901334709
 10
9686.836281132024
 20
7021.642377222657
 10
9717.551406081497
 20
7025.8353593760085
 10
9716.73986114859
 20
7031.7802222694545
 10
9691.969599092563
 20
7028.39878504901
 10
9686.829814517485
 20
7066.049583374169
 10
9711.600076573513
 20
7069.431020594614
 10
9710.788531640606
 20
7075.37588348806
 10
9680.073406691134
 20
7071.182901334709
  0
LWPOLYLINE
  5
211
330
17
100
AcDbEntity
  8
A-KESIT-GORUNEN
100
AcDbPolyline
 90
9
 70
0
 10
9864.69783859491
 20
7096.386345869566
 10
9871.4607130358
 20
7046.845821757514
 10
9902.175837985273
 20
7051.038803910866
 10
9901.364293052366
 20
7056.983666804312
 10
9876.59403099634
 20
7053.6022295838675
 10
9871.454246421265
 20
7091.253027909026
 10
9896.22450847729
 20
7094.634465129471
 10
9895.412963544382
 20
7100.579328022917
 10
9864.69783859491
 20
7096.386345869566
  0
LWPOLYLINE
  5
212
330
17
100
AcDbEntity
  8
A-KESIT-KESILEN
100
AcDbPolyline
 90
4
 70
1
 10
9676.110164762169
 20
7070.641871379437
 10
9899.376205473347
 20
7101.120357978189
 10
9895.994768252904
 20
7125.890620034214
 10
9672.728727541726
 20
7095.412133435463
  0
LWPOLYLINE
  5
213
330
17
100
AcDbEntity
  8
A-KESIT-KESILEN
100
AcDbPolyline
 90
4
 70
1
 10
10632.812169170635
 20
7125.547538647102
 10
10792.457147974657
 20
7147.340988880452
 10
10789.075710754212
 20
7172.1112509364775
 10
10629.43073195019
 20
7150.317800703127
  0
LWPOLYLINE
  5
214
330
17
100
AcDbEntity
  8
A-KATMAN-CIZGI
100
AcDbPolyline
 90
4
 70
1
 10
10629.43073195019
 20
7150.317800703127
 10
10789.075710754212
 20
7172.1112509364775
 10
10782.312836313322
 20
7221.651775048529
 10
10622.6678575093
 20
7199.858324815178
  0
LWPOLYLINE
  5
215
330
17
100
AcDbEntity
  8
A-KESIT-TARAMA
100
AcDbPolyline
 90
9
 70
0
 10
10623.614659931023
 20
7192.922651439491
 10
10646.318518208804
 20
7159.688108877534
 10
10659.283837291701
 20
7197.791921036932
 10
10681.98769556948
 20
7164.557378474975
 10
10694.953014652378
 20
7202.661190634372
 10
10717.656872930156
 20
7169.426648072415
 10
10730.622192013054
 20
7207.530460231813
 10
10753.326050290834
 20
7174.295917669857
 10
10766.291369373732
 20
7212.399729829253
  0
LINE
  5
216
330
17
100
AcDbEntity
  8
A-KESIT-TARAMA
100
AcDbLine
 10
10628.483929528464
 20
7157.253474078814
 30
0.0
 11
10788.128908332486
 21
7179.046924312165
 31
0.0
  0
LINE
  5
217
330
17
100
AcDbEntity
  8
A-KESIT-TARAMA
100
AcDbLine
 10
10623.614659931023
 20
7192.922651439491
 30
0.0
 11
10783.259638735046
 21
7214.716101672841
 31
0.0
  0
LWPOLYLINE
  5
218
330
17
100
AcDbEntity
  8
A-KATMAN-CIZGI
100
AcDbPolyline
 90
4
 70
1
 10
10629.43073195019
 20
7150.317800703127
 10
10789.075710754212
 20
7172.1112509364775
 10
10782.312836313322
 20
7221.651775048529
 10
10622.6678575093
 20
7199.858324815178
  0
LWPOLYLINE
  5
219
330
17
100
AcDbEntity
  8
A-KESIT-GORUNEN
100
AcDbPolyline
 90
9
 70
0
 10
10626.631099438264
 20
7200.3993547704495
 10
10633.393973879152
 20
7150.858830658399
 10
10664.109098828625
 20
7155.05181281175
 10
10663.297553895718
 20
7160.996675705196
 10
10638.527291839691
 20
7157.615238484751
 10
10633.387507264615
 20
7195.26603680991
 10
10658.157769320642
 20
7198.647474030355
 10
10657.346224387735
 20
7204.592336923801
 10
10626.631099438264
 20
7200.3993547704495
  0
LWPOLYLINE
  5
21A
330
17
100
AcDbEntity
  8
A-KESIT-GORUNEN
100
AcDbPolyline
 90
9
 70
0
 10
10747.634469434885
 20
7216.917762939906
 10
10754.397343875775
 20
7167.377238827856
 10
10785.112468825248
 20
7171.570220981207
 10
10784.30092389234
 20
7177.515083874652
 10
10759.530661836316
 20
7174.133646654208
 10
10754.39087726124
 20
7211.7844449793665
 10
10779.161139317264
 20
7215.165882199812
 10
10778.349594384357
 20
7221.110745093258
 10
10747.634469434885
 20
7216.917762939906
  0
LWPOLYLINE
  5
21B
330
17
100
AcDbEntity
  8
A-KESIT-KESILEN
100
AcDbPolyline
 90
4
 70
1
 10
10622.6678575093
 20
7199.858324815178
 10
10782.312836313322
 20
7221.651775048529
 10
10778.931399092879
 20
7246.422037104555
 10
10619.286420288856
 20
7224.628586871204
  0
LINE
  5
21C
330
17
100
AcDbEntity
  8
A-KESIT-KESILEN
100
AcDbLine
 10
9909.520517134682
 20
7026.809571810111
 30
0.0
 11
9895.994768252904
 21
7125.890620034214
 31
0.0
  0
LINE
  5
21D
330
17
100
AcDbEntity
  8
A-KESIT-KESILEN
100
AcDbLine
 10
10632.812169170635
 20
7125.547538647102
 30
0.0
 11
10619.286420288856
 21
7224.628586871204
 31
0.0
  0
LWPOLYLINE
  5
21E
330
17
100
AcDbEntity
  8
A-KESIT-KESILEN
100
AcDbPolyline
 90
4
 70
1
 10
9377.544203781592
 20
8639.444946989364
 10
9617.883467059317
 20
7086.9379297662135
 10
9593.17775386353
 20
7083.113307498904
 10
9352.838490585806
 20
8635.620324722055
  0
LWPOLYLINE
  5
21F
330
17
100
AcDbEntity
  8
A-KATMAN-CIZGI
100
AcDbPolyline
 90
4
 70
1
 10
9352.838490585806
 20
8635.620324722055
 10
9593.17775386353
 20
7083.113307498904
 10
9543.76632747196
 20
7075.4640629642845
 10
9303.427064194235
 20
8627.971080187435
  0
LWPOLYLINE
  5
220
330
17
100
AcDbEntity
  8
A-KESIT-TARAMA
100
AcDbPolyline
 90
88
 70
0
 10
9345.920890890986
 20
8634.549430487208
 10
9313.098391921518
 20
8611.253860921315
 10
9351.428346955912
 20
8598.973203485277
 10
9318.605847986444
 20
8575.677633919388
 10
9356.935803020837
 20
8563.396976483347
 10
9324.113304051367
 20
8540.101406917454
 10
9362.443259085761
 20
8527.820749481416
 10
9329.620760116293
 20
8504.525179915525
 10
9367.950715150688
 20
8492.244522479485
 10
9335.12821618122
 20
8468.948952913594
 10
9373.458171215614
 20
8456.668295477553
 10
9340.635672246146
 20
8433.372725911664
 10
9378.965627280539
 20
8421.092068475624
 10
9346.143128311072
 20
8397.796498909733
 10
9384.473083345463
 20
8385.515841473692
 10
9351.650584375995
 20
8362.220271907801
 10
9389.98053941039
 20
8349.939614471761
 10
9357.158040440921
 20
8326.64404490587
 10
9395.487995475316
 20
8314.36338746983
 10
9362.665496505848
 20
8291.067817903939
 10
9400.995451540242
 20
8278.7871604679
 10
9368.172952570774
 20
8255.491590902007
 10
9406.502907605167
 20
8243.210933465969
 10
9373.6804086357
 20
8219.915363900076
 10
9412.010363670091
 20
8207.634706464038
 10
9379.187864700623
 20
8184.339136898146
 10
9417.517819735018
 20
8172.058479462107
 10
9384.69532076555
 20
8148.762909896215
 10
9423.025275799944
 20
8136.482252460176
 10
9390.202776830476
 20
8113.186682894284
 10
9428.53273186487
 20
8100.9060254582455
 10
9395.710232895402
 20
8077.6104558923535
 10
9434.040187929795
 20
8065.329798456314
 10
9401.217688960325
 20
8042.034228890422
 10
9439.54764399472
 20
8029.753571454384
 10
9406.725145025252
 20
8006.458001888492
 10
9445.055100059646
 20
7994.177344452453
 10
9412.232601090178
 20
7970.881774886561
 10
9450.562556124572
 20
7958.601117450522
 10
9417.740057155104
 20
7935.305547884631
 10
9456.070012189497
 20
7923.024890448592
 10
9423.24751322003
 20
7899.7293208826995
 10
9461.577468254423
 20
7887.44866344666
 10
9428.754969284953
 20
7864.153093880769
 10
9467.084924319348
 20
7851.87243644473
 10
9434.26242534988
 20
7828.576866878837
 10
9472.592380384274
 20
7816.2962094427985
 10
9439.769881414806
 20
7793.0006398769065
 10
9478.0998364492
 20
7780.719982440868
 10
9445.277337479733
 20
7757.424412874975
 10
9483.607292514125
 20
7745.143755438937
 10
9450.784793544659
 20
7721.848185873045
 10
9489.11474857905
 20
7709.567528437005
 10
9456.292249609582
 20
7686.271958871113
 10
9494.622204643976
 20
7673.991301435074
 10
9461.799705674508
 20
7650.695731869183
 10
9500.129660708903
 20
7638.415074433145
 10
9467.307161739434
 20
7615.119504867252
 10
9505.637116773829
 20
7602.838847431213
 10
9472.81461780436
 20
7579.543277865321
 10
9511.144572838753
 20
7567.262620429283
 10
9478.322073869285
 20
7543.96705086339
 10
9516.652028903678
 20
7531.6863934273515
 10
9483.82952993421
 20
7508.3908238614595
 10
9522.159484968604
 20
7496.11016642542
 10
9489.336985999136
 20
7472.814596859528
 10
9527.66694103353
 20
7460.533939423489
 10
9494.844442064063
 20
7437.238369857598
 10
9533.174397098455
 20
7424.957712421558
 10
9500.351898128989
 20
7401.662142855666
 10
9538.681853163382
 20
7389.381485419627
 10
9505.859354193912
 20
7366.085915853736
 10
9544.189309228306
 20
7353.805258417697
 10
9511.366810258838
 20
7330.509688851806
 10
9549.696765293233
 20
7318.229031415765
 10
9516.874266323764
 20
7294.933461849874
 10
9555.204221358159
 20
7282.652804413835
 10
9522.38172238869
 20
7259.357234847944
 10
9560.711677423084
 20
7247.076577411904
 10
9527.889178453617
 20
7223.7810078460125
 10
9566.219133488008
 20
7211.500350409973
 10
9533.39663451854
 20
7188.204780844082
 10
9571.726589552934
 20
7175.924123408042
 10
9538.904090583466
 20
7152.628553842151
 10
9577.23404561786
 20
7140.347896406111
 10
9544.411546648393
 20
7117.05232684022
 10
9582.741501682787
 20
7104.77166940418
 10
9549.919002713319
 20
7081.476099838289
  0
LINE
  5
221
330
17
100
AcDbEntity
  8
A-KESIT-TARAMA
100
AcDbLine
 10
9310.344663889055
 20
8629.041974422282
 30
0.0
 11
9550.68392716678
 21
7076.534957199131
 31
0.0
  0
LINE
  5
222
330
17
100
AcDbEntity
  8
A-KESIT-TARAMA
100
AcDbLine
 10
9345.920890890986
 20
8634.549430487208
 30
0.0
 11
9586.26015416871
 21
7082.042413264057
 31
0.0
  0
LWPOLYLINE
  5
223
330
17
100
AcDbEntity
  8
A-KATMAN-CIZGI
100
AcDbPolyline
 90
4
 70
1
 10
9352.838490585806
 20
8635.620324722055
 10
9593.17775386353
 20
7083.113307498904
 10
9543.76632747196
 20
7075.4640629642845
 10
9303.427064194235
 20
8627.971080187435
  0
LWPOLYLINE
  5
224
330
17
100
AcDbEntity
  8
A-KESIT-GORUNEN
100
AcDbPolyline
 90
9
 70
0
 10
9383.435468724281
 20
8437.974619155773
 10
9334.02404233271
 20
8430.325374621154
 10
9338.766573944175
 20
8399.69029025838
 10
9344.695945111162
 20
8400.608199602535
 10
9340.871322843854
 20
8425.31391279832
 10
9378.424006901445
 20
8431.127338644628
 10
9382.248629168755
 20
8406.421625448844
 10
9388.178000335743
 20
8407.339534793
 10
9383.435468724281
 20
8437.974619155773
  0
LWPOLYLINE
  5
225
330
17
100
AcDbEntity
  8
A-KESIT-GORUNEN
100
AcDbPolyline
 90
9
 70
0
 10
9444.62942500123
 20
8042.683208023208
 10
9395.217998609662
 20
8035.033963488589
 10
9399.960530221126
 20
8004.398879125814
 10
9405.889901388115
 20
8005.316788469969
 10
9402.065279120805
 20
8030.022501665755
 10
9439.617963178398
 20
8035.835927512064
 10
9443.442585445708
 20
8011.130214316278
 10
9449.371956612697
 20
8012.048123660433
 10
9444.62942500123
 20
8042.683208023208
  0
LWPOLYLINE
  5
226
330
17
100
AcDbEntity
  8
A-KESIT-GORUNEN
100
AcDbPolyline
 90
9
 70
0
 10
9505.823381278182
 20
7647.391796890643
 10
9456.411954886611
 20
7639.742552356023
 10
9461.154486498077
 20
7609.107467993249
 10
9467.083857665064
 20
7610.025377337403
 10
9463.259235397756
 20
7634.731090533189
 10
9500.811919455347
 20
7640.544516379499
 10
9504.636541722657
 20
7615.838803183714
 10
9510.565912889646
 20
7616.756712527868
 10
9505.823381278182
 20
7647.391796890643
  0
LWPOLYLINE
  5
227
330
17
100
AcDbEntity
  8
A-KESIT-GORUNEN
100
AcDbPolyline
 90
9
 70
0
 10
9567.017337555133
 20
7252.100385758076
 10
9517.605911163564
 20
7244.451141223458
 10
9522.348442775026
 20
7213.8160568606845
 10
9528.277813942015
 20
7214.733966204839
 10
9524.453191674706
 20
7239.439679400623
 10
9562.005875732299
 20
7245.253105246935
 10
9565.830497999608
 20
7220.5473920511495
 10
9571.759869166597
 20
7221.465301395304
 10
9567.017337555133
 20
7252.100385758076
  0
LWPOLYLINE
  5
228
330
17
100
AcDbEntity
  8
A-KESIT-KESILEN
100
AcDbPolyline
 90
4
 70
1
 10
9303.427064194235
 20
8627.971080187435
 10
9543.76632747196
 20
7075.4640629642845
 10
9519.060614276175
 20
7071.639440696975
 10
9278.721350998449
 20
8624.146457920126
  0
LINE
  5
229
330
17
100
AcDbEntity
  8
A-KATMAN-CIZGI
100
AcDbLine
 10
8931.982330535451
 20
4795.829556493421
 30
0.0
 11
8775.289593032889
 21
5807.652075749278
 31
0.0
  0
LINE
  5
22A
330
17
100
AcDbEntity
  8
A-KATMAN-CIZGI
100
AcDbLine
 10
8934.946991606352
 20
4796.288669480259
 30
0.0
 11
8778.25425410379
 21
5808.111188736117
 31
0.0
  0
LINE
  5
22B
330
17
100
AcDbEntity
  8
A-KATMAN-CIZGI
100
AcDbLine
 10
8632.964567112731
 20
6726.697007728572
 30
0.0
 11
8616.846223332881
 21
6830.779069663907
 31
0.0
  0
LINE
  5
22C
330
17
100
AcDbEntity
  8
A-KATMAN-CIZGI
100
AcDbLine
 10
8635.929228183631
 20
6727.156120715411
 30
0.0
 11
8619.810884403782
 21
6831.238182650744
 31
0.0
  0
LINE
  5
22D
330
17
100
AcDbEntity
  8
A-KATMAN-CIZGI
100
AcDbLine
 10
8615.593370133469
 20
6829.0671703787375
 30
0.0
 11
8774.12238716302
 21
6853.608603517747
 31
0.0
  0
LINE
  5
22E
330
17
100
AcDbEntity
  8
A-KATMAN-CIZGI
100
AcDbLine
 10
8616.052324805545
 20
6826.102484795243
 30
0.0
 11
8774.581341835099
 21
6850.643917934252
 31
0.0
  0
LINE
  5
22F
330
17
100
AcDbEntity
  8
A-KATMAN-CIZGI
100
AcDbLine
 10
9495.52921247995
 20
6965.287573723182
 30
0.0
 11
9707.42755371347
 21
6998.0909624723845
 31
0.0
  0
LINE
  5
230
330
17
100
AcDbEntity
  8
A-KATMAN-CIZGI
100
AcDbLine
 10
9495.988167152027
 20
6962.322888139687
 30
0.0
 11
9707.886508385549
 21
6995.12627688889
 31
0.0
  0
LINE
  5
231
330
17
100
AcDbEntity
  8
A-KATMAN-CIZGI
100
AcDbLine
 10
9707.42755371347
 20
6998.0909624723845
 30
0.0
 11
9910.14340500321
 21
7029.472835670508
 31
0.0
  0
LINE
  5
232
330
17
100
AcDbEntity
  8
A-KATMAN-CIZGI
100
AcDbLine
 10
9707.886508385547
 20
6995.126276888889
 30
0.0
 11
9910.602359675288
 21
7026.508150087013
 31
0.0
  0
LINE
  5
233
330
17
100
AcDbEntity
  8
A-KATMAN-CIZGI
100
AcDbLine
 10
10631.550230320141
 20
7141.151805875944
 30
0.0
 11
10789.626927496847
 21
7165.623216645332
 31
0.0
  0
LINE
  5
234
330
17
100
AcDbEntity
  8
A-KATMAN-CIZGI
100
AcDbLine
 10
10632.009184992217
 20
7138.187120292449
 30
0.0
 11
10790.085882168925
 21
7162.6585310618375
 31
0.0
  0
LINE
  5
235
330
17
100
AcDbEntity
  8
A-KATMAN-CIZGI
100
AcDbLine
 10
10787.915107369063
 20
7166.87608210104
 30
0.0
 11
11102.917657208254
 21
5132.070522663961
 31
0.0
  0
LINE
  5
236
330
17
100
AcDbEntity
  8
A-KATMAN-CIZGI
100
AcDbLine
 10
10784.950421785567
 20
7166.417127428964
 30
0.0
 11
11099.952971624758
 21
5131.611567991884
 31
0.0
  0
LINE
  5
237
330
17
100
AcDbEntity
  8
A-KATMAN-CIZGI
100
AcDbLine
 10
11104.170413035396
 20
5133.782325816304
 30
0.0
 11
8930.270413035396
 21
4797.0823258163055
 31
0.0
  0
LINE
  5
238
330
17
100
AcDbEntity
  8
A-KATMAN-CIZGI
100
AcDbLine
 10
11103.711239106191
 20
5136.7469774489155
 30
0.0
 11
8929.811239106191
 21
4800.046977448916
 31
0.0
  0
LINE
  5
239
330
17
100
AcDbEntity
  8
A-KATMAN-YALITIM
100
AcDbLine
 10
8359.790943654061
 20
8480.877503488933
 30
0.0
 11
9397.461759228914
 21
8641.51641627538
 31
0.0
  0
LINE
  5
23A
330
17
100
AcDbEntity
  8
A-KATMAN-CIZGI
100
AcDbLine
 10
8360.326390771483
 20
8477.418703641522
 30
0.0
 11
9397.997206346336
 21
8638.05761642797
 31
0.0
  0
LWPOLYLINE
  5
23B
330
17
100
AcDbEntity
  8
A-KESIT-KESILEN
100
AcDbPolyline
 90
4
 70
1
 10
8360.708852998216
 20
8474.948132321944
 10
9398.379668573067
 20
8635.587045108392
 10
9399.7565325893
 20
8626.692988357909
 10
8362.085717014446
 20
8466.054075571461
  0
LINE
  5
23C
330
17
100
AcDbEntity
  8
A-KATMAN-YALITIM
100
AcDbLine
 10
9396.32054581039
 20
8642.35165991252
 30
0.0
 11
9636.659809088116
 21
7089.844642689369
 31
0.0
  0
LINE
  5
23D
330
17
100
AcDbEntity
  8
A-KATMAN-CIZGI
100
AcDbLine
 10
9392.861745962979
 20
8641.816212795098
 30
0.0
 11
9633.201009240704
 21
7089.309195571946
 31
0.0
  0
LWPOLYLINE
  5
23E
330
17
100
AcDbEntity
  8
A-KESIT-KESILEN
100
AcDbPolyline
 90
4
 70
1
 10
9390.3911746434
 20
8641.433750568365
 10
9630.730437921127
 20
7088.926733345214
 10
9621.836381170644
 20
7087.549869328983
 10
9381.497117892917
 20
8640.056886552135
  0
LINE
  5
23F
330
17
100
AcDbEntity
  8
A-KATMAN-YALITIM
100
AcDbLine
 10
9637.495052725253
 20
7090.985856107892
 30
0.0
 11
9479.84826118398
 21
7066.580997825902
 31
0.0
  0
LINE
  5
240
330
17
100
AcDbEntity
  8
A-KATMAN-CIZGI
100
AcDbLine
 10
9636.959605607832
 20
7094.444655955302
 30
0.0
 11
9479.31281406656
 21
7070.039797673312
 31
0.0
  0
LWPOLYLINE
  5
241
330
17
100
AcDbEntity
  8
A-KESIT-KESILEN
100
AcDbPolyline
 90
4
 70
1
 10
9636.5771433811
 20
7096.915227274881
 10
9478.930351839828
 20
7072.510368992891
 10
9477.553487823598
 20
7081.404425743374
 10
9635.200279364868
 20
7105.809284025364
  0
LINE
  5
242
330
17
100
AcDbEntity
  8
A-KATMAN-YALITIM
100
AcDbLine
 10
8758.441435867051
 20
6954.9020276204665
 30
0.0
 11
8599.907141656944
 21
6930.359777535916
 31
0.0
  0
LINE
  5
243
330
17
100
AcDbEntity
  8
A-KATMAN-CIZGI
100
AcDbLine
 10
8757.90598874963
 20
6958.360827467876
 30
0.0
 11
8599.371694539523
 21
6933.818577383326
 31
0.0
  0
LWPOLYLINE
  5
244
330
17
100
AcDbEntity
  8
A-KESIT-KESILEN
100
AcDbPolyline
 90
4
 70
1
 10
8757.523526522897
 20
6960.831398787455
 10
8598.989232312792
 20
6936.289148702905
 10
8597.612368296559
 20
6945.183205453388
 10
8756.146662506666
 20
6969.725455537939
  0
LINE
  5
245
330
17
100
AcDbEntity
  8
A-KATMAN-YALITIM
100
AcDbLine
 10
8601.048346904605
 20
6929.524586670364
 30
0.0
 11
8360.626179120336
 21
8482.018769679044
 31
0.0
  0
LINE
  5
246
330
17
100
AcDbEntity
  8
A-KATMAN-CIZGI
100
AcDbLine
 10
8604.507118153988
 20
6930.060218488344
 30
0.0
 11
8364.084950369719
 21
8482.554401497024
 31
0.0
  0
LWPOLYLINE
  5
247
330
17
100
AcDbEntity
  8
A-KESIT-KESILEN
100
AcDbPolyline
 90
4
 70
1
 10
8606.977669046406
 20
6930.4428126440425
 10
8366.555501262137
 20
8482.936995652723
 10
8375.44948447484
 20
8484.31433461324
 10
8615.87165225911
 20
6931.820151604561
  0
LINE
  5
248
330
17
100
AcDbEntity
  8
A-KATMAN-YALITIM
100
AcDbLine
 10
10532.771469286017
 20
8818.282444552678
 30
0.0
 11
10773.11073256374
 21
7265.775427329529
 31
0.0
  0
LINE
  5
249
330
17
100
AcDbEntity
  8
A-KATMAN-CIZGI
100
AcDbLine
 10
10529.312669438606
 20
8817.746997435257
 30
0.0
 11
10769.65193271633
 21
7265.239980212105
 31
0.0
  0
LWPOLYLINE
  5
24A
330
17
100
AcDbEntity
  8
A-KESIT-KESILEN
100
AcDbPolyline
 90
4
 70
1
 10
10526.842098119028
 20
8817.364535208526
 10
10767.181361396752
 20
7264.857517985375
 10
10758.287304646268
 20
7263.4806539691435
 10
10517.948041368545
 20
8815.987671192295
  0
LINE
  5
24B
330
17
100
AcDbEntity
  8
A-KATMAN-YALITIM
100
AcDbLine
 10
10773.945976200877
 20
7266.9166407480525
 30
0.0
 11
10615.869279024171
 21
7242.4452299786635
 31
0.0
  0
LINE
  5
24C
330
17
100
AcDbEntity
  8
A-KATMAN-CIZGI
100
AcDbLine
 10
10773.410529083456
 20
7270.375440595463
 30
0.0
 11
10615.33383190675
 21
7245.904029826074
 31
0.0
  0
LWPOLYLINE
  5
24D
330
17
100
AcDbEntity
  8
A-KESIT-KESILEN
100
AcDbPolyline
 90
4
 70
1
 10
10773.028066856725
 20
7272.84601191504
 10
10614.951369680019
 20
7248.374601145652
 10
10613.574505663786
 20
7257.268657896136
 10
10771.651202840492
 20
7281.740068665524
  0
LINE
  5
24E
330
17
100
AcDbEntity
  8
A-KATMAN-YALITIM
100
AcDbLine
 10
9894.46245370724
 20
7130.766259773228
 30
0.0
 11
9736.317905508393
 21
7106.2843451771305
 31
0.0
  0
LINE
  5
24F
330
17
100
AcDbEntity
  8
A-KATMAN-CIZGI
100
AcDbLine
 10
9893.927006589818
 20
7134.225059620638
 30
0.0
 11
9735.782458390971
 21
7109.74314502454
 31
0.0
  0
LWPOLYLINE
  5
250
330
17
100
AcDbEntity
  8
A-KESIT-KESILEN
100
AcDbPolyline
 90
4
 70
1
 10
9893.544544363087
 20
7136.695630940217
 10
9735.39999616424
 20
7112.213716344119
 10
9734.023132148008
 20
7121.107773094603
 10
9892.167680346854
 20
7145.5896876907
  0
LINE
  5
251
330
17
100
AcDbEntity
  8
A-KATMAN-YALITIM
100
AcDbLine
 10
9737.459118926918
 20
7105.449101539993
 30
0.0
 11
9497.119855649193
 21
8657.956118763144
 31
0.0
  0
LINE
  5
252
330
17
100
AcDbEntity
  8
A-KATMAN-CIZGI
100
AcDbLine
 10
9740.917918774328
 20
7105.984548657416
 30
0.0
 11
9500.578655496603
 21
8658.491565880566
 31
0.0
  0
LWPOLYLINE
  5
253
330
17
100
AcDbEntity
  8
A-KESIT-KESILEN
100
AcDbPolyline
 90
4
 70
1
 10
9743.388490093907
 20
7106.367010884147
 10
9503.049226816182
 20
8658.874028107297
 10
9511.943283566665
 20
8660.250892123528
 10
9752.28254684439
 20
7107.743874900378
  0
LINE
  5
254
330
17
100
AcDbEntity
  8
A-KATMAN-YALITIM
100
AcDbLine
 10
9496.284612012054
 20
8656.81490534462
 30
0.0
 11
10533.91268270454
 21
8817.447200915542
 31
0.0
  0
LINE
  5
255
330
17
100
AcDbEntity
  8
A-KATMAN-CIZGI
100
AcDbLine
 10
9496.820059129475
 20
8653.356105497209
 30
0.0
 11
10534.448129821962
 21
8813.98840106813
 31
0.0
  0
LWPOLYLINE
  5
256
330
17
100
AcDbEntity
  8
A-KESIT-KESILEN
100
AcDbPolyline
 90
4
 70
1
 10
9497.202521356208
 20
8650.88553417763
 10
10534.830592048695
 20
8811.517829748553
 10
10536.207456064925
 20
8802.62377299807
 10
9498.579385372439
 20
8641.991477427147
  0
LWPOLYLINE
  5
257
330
17
100
AcDbEntity
  8
A-KESIT-KESILEN
100
AcDbPolyline
 90
26
 70
1
 10
8846.981730531275
 20
4681.474198075328
 10
8674.98522680074
 20
5792.118753027884
 10
8773.80726249744
 20
5807.422519255858
 10
8930.5
 20
4795.6
 10
11104.4
 20
5132.3
 10
10792.457147974656
 20
7147.340988880464
 10
10632.812169170635
 20
7125.547538647102
 10
10619.286420288856
 20
7224.628586871204
 10
10777.156203660308
 20
7246.17970168252
 10
10530.699999999999
 20
8838.2
 10
8357.0
 20
8498.900000000001
 10
8603.118438143421
 20
6909.622908497779
 10
8760.567559239986
 20
6936.893880129547
 10
8777.633953175855
 20
6838.360950618517
 10
8618.424646047391
 20
6810.785106002966
 10
8631.48223657728
 20
6726.467451235152
 10
8532.660200880582
 20
6711.163685007177
 10
8258.187164563155
 20
8483.536824317243
 10
8242.773862212329
 20
8582.280989716555
 10
8341.636824317098
 20
8597.712835436823
 10
10515.401498868547
 20
8937.022930700801
 10
10500.103021861523
 20
9035.845705566282
 10
10697.748727427806
 20
9066.44268370476
 10
11332.642683704758
 20
4965.251272572193
 10
11134.996978138475
 20
4934.654294433718
 10
11119.698489111077
 20
5033.477146946599
  0
LWPOLYLINE
  5
258
330
17
100
AcDbEntity
  8
A-KESIT-KESILEN
100
AcDbPolyline
 90
8
 70
1
 10
9672.728727541726
 20
7095.412133435463
 10
9687.101976545297
 20
7097.374253943089
 10
9701.395035794138
 20
7099.849882962747
 10
9895.994768252904
 20
7125.890620034214
 10
9909.520517134682
 20
7026.809571810111
 10
9702.402958269251
 20
6998.535546247879
 10
9496.924338606379
 20
6962.945626350363
 10
9479.85794467051
 20
7061.478555861394
  0
LWPOLYLINE
  5
259
330
17
100
AcDbEntity
  8
A-KESIT-KESILEN
100
AcDbPolyline
 90
4
 70
1
 10
9617.883467059317
 20
7086.9379297662135
 10
9519.060614276175
 20
7071.639440696975
 10
9278.721350998449
 20
8624.146457920126
 10
9377.544203781592
 20
8639.444946989364
  0
LWPOLYLINE
  5
25A
330
17
100
AcDbEntity
  8
A-ZEMIN-SINIR
100
AcDbPolyline
 90
5
 70
1
 10
8935.5110772926
 20
4802.447670001659
 10
8622.21148994786
 20
6825.538100365691
 10
9708.115985721588
 20
6993.643934097143
 10
10784.385988337976
 20
7160.258278925937
 10
11097.5527873719
 20
5137.3110233222815
  0
LWPOLYLINE
  5
25B
330
17
100
AcDbEntity
  8
A-ZEMIN-SINIR
100
AcDbPolyline
 90
4
 70
1
 10
8377.898217831182
 20
8468.501964537318
 10
9383.944876143996
 20
8624.245230106832
 10
9619.388622919565
 20
7103.361525774286
 10
8613.423180415519
 20
6947.63083299667
  0
LWPOLYLINE
  5
25C
330
17
100
AcDbEntity
  8
A-ZEMIN-SINIR
100
AcDbPolyline
 90
4
 70
1
 10
10520.395799619622
 20
8800.176014746992
 10
10755.839546395191
 20
7279.292310414446
 10
9749.83478859331
 20
7123.555531345681
 10
9514.391041817742
 20
8644.439235678226
  0
LWPOLYLINE
  5
25D
330
17
100
AcDbEntity
  8
A-KAPI
100
AcDbPolyline
 90
4
 70
1
 10
8821.255045400145
 20
5829.946520163254
 10
8722.43220725549
 20
5814.64793653485
 10
8715.547844622706
 20
5859.118213699944
 10
8814.370682767363
 20
5874.416797328348
  0
LWPOLYLINE
  5
25E
330
17
100
AcDbEntity
  8
A-KAPI
100
AcDbPolyline
 90
4
 70
1
 10
8722.43220725549
 20
5814.64793653485
 10
8713.253057078447
 20
5873.941639421643
 10
8701.39431650109
 20
5872.105809386235
 10
8710.573466678132
 20
5812.812106499441
  0
LWPOLYLINE
  5
25F
330
17
100
AcDbEntity
  8
A-KAPI
100
AcDbPolyline
 90
4
 70
1
 10
8821.255045400145
 20
5829.946520163254
 10
8812.075895223103
 20
5889.240223050047
 10
8823.93463580046
 20
5891.076053085455
 10
8833.113785977503
 20
5831.782350198661
  0
LWPOLYLINE
  5
260
330
17
100
AcDbEntity
  8
A-KAPI
100
AcDbPolyline
 90
4
 70
1
 10
8683.56779274451
 20
6719.352063465151
 10
8584.744954599853
 20
6704.053479836747
 10
8591.629317232635
 20
6659.5832026716525
 10
8690.452155377292
 20
6674.881786300056
  0
LWPOLYLINE
  5
261
330
17
100
AcDbEntity
  8
A-KAPI
100
AcDbPolyline
 90
4
 70
1
 10
8584.744954599853
 20
6704.053479836747
 10
8593.924104776896
 20
6644.759776949953
 10
8582.065364199538
 20
6642.923946914546
 10
8572.886214022496
 20
6702.217649801339
  0
LWPOLYLINE
  5
262
330
17
100
AcDbEntity
  8
A-KAPI
100
AcDbPolyline
 90
4
 70
1
 10
8683.56779274451
 20
6719.352063465151
 10
8692.746942921553
 20
6660.058360578358
 10
8704.60568349891
 20
6661.894190613766
 10
8695.426533321868
 20
6721.18789350056
  0
LWPOLYLINE
  5
263
330
17
100
AcDbEntity
  8
A-KAPI
100
AcDbPolyline
 90
4
 70
1
 10
8764.959263695035
 20
5866.767505514146
 10
7964.494274723327
 20
5742.848978124075
 10
7958.374841271965
 20
5782.3781133819375
 10
8758.839830243673
 20
5906.296640772008
  0
ARC
  5
264
330
17
100
AcDbEntity
  8
A-KAPI
100
AcDbCircle
 10
8764.959263695035
 20
5866.767505514146
 30
0.0
 40
810.0
100
AcDbArc
 50
-261.20000000000005
 51
-171.20000000000002
  0
LINE
  5
265
330
17
100
AcDbEntity
  8
A-MAHAL
100
AcDbLine
 10
8614.059445669809
 20
6253.231274734437
 30
0.0
 11
8218.768093091188
 21
6192.036940220822
 31
0.0
  0
TEXT
  5
266
330
17
100
AcDbEntity
  8
A-MAHAL
100
AcDbText
 10
8408.764477566298
 20
6272.045526549958
 30
0.0
 40
50.0
  1
210
 50
8.799999999999983
  7
GYM
 72
1
 11
8408.764477566298
 21
6272.045526549958
 31
0.0
100
AcDbText
 73
2
  0
TEXT
  5
267
330
17
100
AcDbEntity
  8
A-MAHAL
100
AcDbText
 10
8424.063061194702
 20
6173.222688405302
 30
0.0
 40
50.0
  1
90
 50
8.799999999999983
  7
GYM
 72
1
 11
8424.063061194702
 21
6173.222688405302
 31
0.0
100
AcDbText
 73
2
  0
TEXT
  5
268
330
17
100
AcDbEntity
  8
A-MAHAL
100
AcDbText
 10
8149.5921063899295
 20
6181.327931680939
 30
0.0
 40
50.0
  1
K03
 50
8.799999999999983
  7
GYM
 72
1
 11
8149.5921063899295
 21
6181.327931680939
 31
0.0
100
AcDbText
 73
2
  0
LWPOLYLINE
  5
269
330
17
100
AcDbEntity
  8
A-KAPI
100
AcDbPolyline
 90
4
 70
1
 10
10601.230641692091
 20
7238.9564617717415
 10
10616.529225320495
 20
7140.133623627085
 10
10572.0589481554
 20
7133.249260994304
 10
10556.760364526996
 20
7232.07209913896
  0
LWPOLYLINE
  5
26A
330
17
100
AcDbEntity
  8
A-KAPI
100
AcDbPolyline
 90
4
 70
1
 10
10616.529225320495
 20
7140.133623627085
 10
10557.235522433702
 20
7130.954473450043
 10
10559.071352469111
 20
7119.095732872685
 10
10618.365055355904
 20
7128.274883049728
  0
LWPOLYLINE
  5
26B
330
17
100
AcDbEntity
  8
A-KAPI
100
AcDbPolyline
 90
4
 70
1
 10
10601.230641692091
 20
7238.9564617717415
 10
10541.936938805298
 20
7229.777311594699
 10
10540.10110876989
 20
7241.636052172057
 10
10599.39481165668
 20
7250.815202349099
  0
LWPOLYLINE
  5
26C
330
17
100
AcDbEntity
  8
A-KAPI
100
AcDbPolyline
 90
4
 70
1
 10
9909.470774679505
 20
7131.866376372915
 10
9924.769358307909
 20
7033.0435382282585
 10
9969.239635473004
 20
7039.92790086104
 10
9953.9410518446
 20
7138.750739005696
  0
LWPOLYLINE
  5
26D
330
17
100
AcDbEntity
  8
A-KAPI
100
AcDbPolyline
 90
4
 70
1
 10
9924.769358307909
 20
7033.0435382282585
 10
9984.063061194702
 20
7042.222688405301
 10
9985.89889123011
 20
7030.363947827943
 10
9926.605188343317
 20
7021.184797650901
  0
LWPOLYLINE
  5
26E
330
17
100
AcDbEntity
  8
A-KAPI
100
AcDbPolyline
 90
4
 70
1
 10
9909.470774679505
 20
7131.866376372915
 10
9968.764477566298
 20
7141.045526549957
 10
9966.928647530889
 20
7152.904267127315
 10
9907.634944644096
 20
7143.725116950272
  0
LWPOLYLINE
  5
26F
330
17
100
AcDbEntity
  8
A-KAPI
100
AcDbPolyline
 90
4
 70
1
 10
10564.409656341199
 20
7182.660680066631
 10
10657.731016474461
 20
6579.841367384234
 10
10618.201881216599
 20
6573.721933932872
 10
10524.880521083336
 20
7176.54124661527
  0
ARC
  5
270
330
17
100
AcDbEntity
  8
A-KAPI
100
AcDbCircle
 10
10564.409656341199
 20
7182.660680066631
 30
0.0
 40
610.0
100
AcDbArc
 50
-171.2
 51
-81.2
  0
LINE
  5
271
330
17
100
AcDbEntity
  8
A-MAHAL
100
AcDbLine
 10
10249.231274734437
 20
7224.94055433019
 30
0.0
 11
10188.03694022082
 21
7620.231906908811
 31
0.0
  0
TEXT
  5
272
330
17
100
AcDbEntity
  8
A-MAHAL
100
AcDbText
 10
10169.2226884053
 20
7414.936938805298
 30
0.0
 40
50.0
  1
200
 50
278.8
  7
GYM
 72
1
 11
10169.2226884053
 21
7414.936938805298
 31
0.0
100
AcDbText
 73
2
  0
TEXT
  5
273
330
17
100
AcDbEntity
  8
A-MAHAL
100
AcDbText
 10
10268.045526549957
 20
7430.2355224337025
 30
0.0
 40
50.0
  1
70
 50
278.8
  7
GYM
 72
1
 11
10268.045526549957
 21
7430.2355224337025
 31
0.0
100
AcDbText
 73
2
  0
TEXT
  5
274
330
17
100
AcDbEntity
  8
A-MAHAL
100
AcDbText
 10
10177.327931680938
 20
7689.40789361007
 30
0.0
 40
50.0
  1
K05
 50
278.8
  7
GYM
 72
1
 11
10177.327931680938
 21
7689.40789361007
 31
0.0
100
AcDbText
 73
2
  0
LWPOLYLINE
  5
275
330
17
100
AcDbEntity
  8
A-KAPI
100
AcDbPolyline
 90
4
 70
1
 10
9465.230641692091
 20
7062.9564617717415
 10
9480.529225320495
 20
6964.133623627085
 10
9436.0589481554
 20
6957.249260994304
 10
9420.760364526997
 20
7056.07209913896
  0
LWPOLYLINE
  5
276
330
17
100
AcDbEntity
  8
A-KAPI
100
AcDbPolyline
 90
4
 70
1
 10
9480.529225320495
 20
6964.133623627085
 10
9421.235522433702
 20
6954.954473450043
 10
9423.071352469113
 20
6943.095732872685
 10
9482.365055355904
 20
6952.274883049728
  0
LWPOLYLINE
  5
277
330
17
100
AcDbEntity
  8
A-KAPI
100
AcDbPolyline
 90
4
 70
1
 10
9465.230641692091
 20
7062.9564617717415
 10
9405.936938805298
 20
7053.777311594699
 10
9404.10110876989
 20
7065.636052172057
 10
9463.394811656683
 20
7074.815202349099
  0
LWPOLYLINE
  5
278
330
17
100
AcDbEntity
  8
A-KAPI
100
AcDbPolyline
 90
4
 70
1
 10
8773.470774679507
 20
6955.866376372915
 10
8788.769358307909
 20
6857.0435382282585
 10
8833.239635473004
 20
6863.92790086104
 10
8817.9410518446
 20
6962.750739005696
  0
LWPOLYLINE
  5
279
330
17
100
AcDbEntity
  8
A-KAPI
100
AcDbPolyline
 90
4
 70
1
 10
8788.769358307909
 20
6857.0435382282585
 10
8848.063061194702
 20
6866.222688405301
 10
8849.898891230112
 20
6854.363947827943
 10
8790.60518834332
 20
6845.184797650901
  0
LWPOLYLINE
  5
27A
330
17
100
AcDbEntity
  8
A-KAPI
100
AcDbPolyline
 90
4
 70
1
 10
8773.470774679507
 20
6955.866376372915
 10
8832.7644775663
 20
6965.045526549957
 10
8830.928647530889
 20
6976.904267127315
 10
8771.634944644096
 20
6967.725116950272
  0
LWPOLYLINE
  5
27B
330
17
100
AcDbEntity
  8
A-KAPI
100
AcDbPolyline
 90
4
 70
1
 10
9428.409656341199
 20
7006.660680066631
 10
9521.731016474461
 20
6403.841367384234
 10
9482.2018812166
 20
6397.721933932872
 10
9388.880521083336
 20
7000.541246615269
  0
ARC
  5
27C
330
17
100
AcDbEntity
  8
A-KAPI
100
AcDbCircle
 10
9428.409656341199
 20
7006.660680066631
 30
0.0
 40
610.0
100
AcDbArc
 50
-171.2
 51
-81.2
  0
LINE
  5
27D
330
17
100
AcDbEntity
  8
A-MAHAL
100
AcDbLine
 10
9113.231274734437
 20
7048.94055433019
 30
0.0
 11
9052.036940220822
 21
7444.231906908811
 31
0.0
  0
TEXT
  5
27E
330
17
100
AcDbEntity
  8
A-MAHAL
100
AcDbText
 10
9033.222688405302
 20
7238.936938805298
 30
0.0
 40
50.0
  1
195
 50
278.8
  7
GYM
 72
1
 11
9033.222688405302
 21
7238.936938805298
 31
0.0
100
AcDbText
 73
2
  0
TEXT
  5
27F
330
17
100
AcDbEntity
  8
A-MAHAL
100
AcDbText
 10
9132.045526549957
 20
7254.2355224337025
 30
0.0
 40
50.0
  1
70
 50
278.8
  7
GYM
 72
1
 11
9132.045526549957
 21
7254.2355224337025
 31
0.0
100
AcDbText
 73
2
  0
TEXT
  5
280
330
17
100
AcDbEntity
  8
A-MAHAL
100
AcDbText
 10
9041.327931680938
 20
7513.40789361007
 30
0.0
 40
50.0
  1
K07
 50
278.8
  7
GYM
 72
1
 11
9041.327931680938
 21
7513.40789361007
 31
0.0
100
AcDbText
 73
2
  0
LWPOLYLINE
  5
281
330
17
100
AcDbEntity
  8
M-SIHHI-CIHAZ
100
AcDbPolyline
 90
4
 70
1
 10
9934.669517079366
 20
8047.760492611524
 10
10300.309885101286
 20
8104.391943880202
 10
10200.835404619454
 20
8746.73517590874
 10
9835.195036597535
 20
8690.103724640061
  0
LWPOLYLINE
  5
282
330
17
100
AcDbEntity
  8
M-SIHHI-CIHAZ
100
AcDbPolyline
 90
4
 70
1
 10
9984.780289994786
 20
8116.237192613653
 10
10231.834592712297
 20
8154.501686714109
 10
10201.227060256351
 20
8352.145758107508
 10
9954.172757538838
 20
8313.881264007048
  0
LWPOLYLINE
  5
283
330
17
100
AcDbEntity
  8
M-SIHHI-CIHAZ
100
AcDbPolyline
 90
4
 70
1
 10
9760.744636370528
 20
7210.215215562124
 10
10254.853241805551
 20
7286.744203763041
 10
10190.577423648057
 20
7701.796753689173
 10
9696.468818213034
 20
7625.267765488256
  0
ELLIPSE
  5
284
330
17
100
AcDbEntity
  8
M-SIHHI-CIHAZ
100
AcDbEllipse
 10
9975.661030009293
 20
7456.005984625649
 30
0.0
 11
167.99692584790807
 21
26.019855988311594
 31
0.0
 40
0.7
 41
0.0
 42
6.283185307179586
  0
CIRCLE
  5
285
330
17
100
AcDbEntity
  8
M-SIHHI-PIS
100
AcDbCircle
 10
10505.939079827504
 20
7528.0177695397615
 30
0.0
 40
50.0
  0
CIRCLE
  5
286
330
17
100
AcDbEntity
  8
M-SIHHI-PIS
100
AcDbCircle
 10
10505.939079827504
 20
7528.0177695397615
 30
0.0
 40
75.00000000000001
  0
LINE
  5
287
330
17
100
AcDbEntity
  8
M-SIHHI-PIS
100
AcDbLine
 10
10431.82278901225
 20
7516.538421309624
 30
0.0
 11
10580.055370642758
 21
7539.4971177699
 31
0.0
  0
LINE
  5
288
330
17
100
AcDbEntity
  8
M-SIHHI-PIS
100
AcDbLine
 10
10517.416904498486
 20
7453.901242767238
 30
0.0
 11
10494.461255156524
 21
7602.134296312285
 31
0.0
  0
LWPOLYLINE
  5
289
330
17
100
AcDbEntity
  8
M-SIHHI-CIHAZ
100
AcDbPolyline
 90
4
 70
1
 10
8625.167955771181
 20
6963.561285373551
 10
9603.565766128242
 20
7115.098404259985
 10
9372.317277624028
 20
8608.354773009165
 10
8393.919467266967
 20
8456.81765412273
  0
CIRCLE
  5
28A
330
17
100
AcDbEntity
  8
M-SIHHI-PIS
100
AcDbCircle
 10
9022.785691521703
 20
7630.703070174638
 30
0.0
 40
50.0
  0
CIRCLE
  5
28B
330
17
100
AcDbEntity
  8
M-SIHHI-PIS
100
AcDbCircle
 10
9022.785691521703
 20
7630.703070174638
 30
0.0
 40
75.00000000000001
  0
LINE
  5
28C
330
17
100
AcDbEntity
  8
M-SIHHI-PIS
100
AcDbLine
 10
8948.66940070645
 20
7619.223721944501
 30
0.0
 11
9096.901982336958
 21
7642.1824184047755
 31
0.0
  0
LINE
  5
28D
330
17
100
AcDbEntity
  8
M-SIHHI-PIS
100
AcDbLine
 10
9034.263516192683
 20
7556.586543402113
 30
0.0
 11
9011.30786685072
 21
7704.819596947163
 31
0.0
  0
CIRCLE
  5
28E
330
17
100
AcDbEntity
  8
M-SIHHI-CIHAZ
100
AcDbCircle
 10
9379.237628680428
 20
7844.890211230374
 30
0.0
 40
75.0
  0
LINE
  5
28F
330
17
100
AcDbEntity
  8
A-ZEMIN-YAZI
100
AcDbLine
 10
8565.107698239435
 20
8331.543297037957
 30
0.0
 11
8905.599450961128
 21
7733.983715370494
 31
0.0
  0
LINE
  5
290
330
17
100
AcDbEntity
  8
A-ZEMIN-YAZI
100
AcDbLine
 10
8905.599450961128
 20
7733.983715370494
 30
0.0
 11
8827.149235504376
 21
7795.996324530157
 31
0.0
  0
LINE
  5
291
330
17
100
AcDbEntity
  8
A-ZEMIN-YAZI
100
AcDbLine
 10
8905.599450961128
 20
7733.983715370494
 30
0.0
 11
8892.244666664705
 21
7833.087952093229
 31
0.0
  0
TEXT
  5
292
330
17
100
AcDbEntity
  8
A-ZEMIN-YAZI
100
AcDbText
 10
8735.353574600282
 20
8092.763506204226
 30
0.0
 40
50.0
  1
%1,5
 50
-51.521160351212146
  7
GYM
 72
1
 11
8735.353574600282
 21
8092.763506204226
 31
0.0
100
AcDbText
 73
2
  0
LINE
  5
293
330
17
100
AcDbEntity
  8
A-ZEMIN-YAZI
100
AcDbLine
 10
10366.784058731553
 20
8590.291599459742
 30
0.0
 11
10586.39628144094
 21
7661.910010015983
 31
0.0
  0
LINE
  5
294
330
17
100
AcDbEntity
  8
A-ZEMIN-YAZI
100
AcDbLine
 10
10586.39628144094
 20
7661.910010015983
 30
0.0
 11
10528.597855518281
 21
7743.514801302175
 31
0.0
  0
LINE
  5
295
330
17
100
AcDbEntity
  8
A-ZEMIN-YAZI
100
AcDbLine
 10
10586.39628144094
 20
7661.910010015983
 30
0.0
 11
10601.50702461436
 21
7760.761744652999
 31
0.0
  0
TEXT
  5
296
330
17
100
AcDbEntity
  8
A-ZEMIN-YAZI
100
AcDbText
 10
10476.590170086247
 20
8186.100804737864
 30
0.0
 40
50.0
  1
%1,5
 50
-67.8869267089745
  7
GYM
 72
1
 11
10476.590170086247
 21
8186.100804737864
 31
0.0
100
AcDbText
 73
2
  0
LWPOLYLINE
  5
297
330
17
100
AcDbEntity
  8
A-MOBILYA
100
AcDbPolyline
 90
4
 70
1
 10
9088.0258795191
 20
5411.53908881183
 10
9141.596171259742
 20
5065.663065007314
 10
10821.565429738823
 20
5325.86162489043
 10
10767.995137998181
 20
5671.737648694946
  0
TEXT
  5
298
330
17
100
AcDbEntity
  8
A-MOBILYA
100
AcDbText
 10
9954.795654628962
 20
5368.700356851131
 30
0.0
 40
40.0
  1
DOLAP E
 50
8.804182583418896
  7
GYM
 72
1
 11
9954.795654628962
 21
5368.700356851131
 31
0.0
100
AcDbText
 73
2
  0
LWPOLYLINE
  5
299
330
17
100
AcDbEntity
  8
A-MOBILYA
100
AcDbPolyline
 90
4
 70
1
 10
9489.35098513396
 20
6642.468883561807
 10
9538.329537582547
 20
6326.239376083391
 10
10773.601051170106
 20
6517.561846585682
 10
10724.62249872152
 20
6833.791354064098
  0
TEXT
  5
29A
330
17
100
AcDbEntity
  8
A-MOBILYA
100
AcDbText
 10
10131.476018152032
 20
6580.015365073745
 30
0.0
 40
40.0
  1
BANK E
 50
8.804182583418896
  7
GYM
 72
1
 11
10131.476018152032
 21
6580.015365073745
 31
0.0
100
AcDbText
 73
2
  0
ELLIPSE
  5
29B
330
17
100
AcDbEntity
  8
A-MAHAL
100
AcDbEllipse
 10
9053.02443577797
 20
5441.969376127933
 30
0.0
 11
167.99692584790807
 21
26.0198559883116
 31
0.0
 40
0.62
 41
0.0
 42
6.283185307179586
  0
TEXT
  5
29C
330
17
100
AcDbEntity
  8
A-MAHAL
100
AcDbText
 10
9053.02443577797
 20
5441.969376127933
 30
0.0
 40
50.0
  1
Z-05
 50
8.804182583418896
  7
GYM
 72
1
 11
9053.02443577797
 21
5441.969376127933
 31
0.0
100
AcDbText
 73
2
  0
TEXT
  5
29D
330
17
100
AcDbEntity
  8
A-YAZI
100
AcDbText
 10
9279.483930027201
 20
5547.878715452062
 30
0.0
 40
44.0
  1
ERKEK SOYUNMA
 50
8.804182583418896
  7
GYM
 11
9279.483930027201
 21
5547.878715452062
 31
0.0
100
AcDbText
 73
2
  0
TEXT
  5
29E
330
17
100
AcDbEntity
  8
A-YAZI
100
AcDbText
 10
9289.249028921638
 20
5484.830457398552
 30
0.0
 40
44.0
  1
4,48 m²   Z5 / T4
 50
8.804182583418896
  7
GYM
 11
9289.249028921638
 21
5484.830457398552
 31
0.0
100
AcDbText
 73
2
  0
LWPOLYLINE
  5
29F
330
17
100
AcDbEntity
  8
A-KOT-ISARET
100
AcDbPolyline
 90
3
 70
1
 10
9390.940319733481
 20
5089.537466733653
 10
9350.99101506938
 20
5138.398627760124
 10
9414.236916565063
 20
5148.194338249842
  0
TEXT
  5
2A0
330
17
100
AcDbEntity
  8
A-KOT-ISARET
100
AcDbText
 10
9451.204886413501
 20
5160.396354693241
 30
0.0
 40
50.0
  1
+0,000
 50
8.804182583418896
  7
GYM
 11
9451.204886413501
 21
5160.396354693241
 31
0.0
100
AcDbText
 73
2
  0
ELLIPSE
  5
2A1
330
17
100
AcDbEntity
  8
A-MAHAL
100
AcDbEllipse
 10
8607.697139919832
 20
8317.90120895469
 30
0.0
 11
167.99692584790807
 21
26.0198559883116
 31
0.0
 40
0.62
 41
0.0
 42
6.283185307179586
  0
TEXT
  5
2A2
330
17
100
AcDbEntity
  8
A-MAHAL
100
AcDbText
 10
8607.697139919832
 20
8317.90120895469
 30
0.0
 40
50.0
  1
Z-06
 50
8.804182583418896
  7
GYM
 72
1
 11
8607.697139919832
 21
8317.90120895469
 31
0.0
100
AcDbText
 73
2
  0
TEXT
  5
2A3
330
17
100
AcDbEntity
  8
A-YAZI
100
AcDbText
 10
8834.156634169061
 20
8423.81054827882
 30
0.0
 40
44.0
  1
ERKEK DUŞ
 50
8.804182583418896
  7
GYM
 11
8834.156634169061
 21
8423.81054827882
 31
0.0
100
AcDbText
 73
2
  0
TEXT
  5
2A4
330
17
100
AcDbEntity
  8
A-YAZI
100
AcDbText
 10
8843.921733063498
 20
8360.76229022531
 30
0.0
 40
44.0
  1
1,57 m²   Z4 / T3
 50
8.804182583418896
  7
GYM
 11
8843.921733063498
 21
8360.76229022531
 31
0.0
100
AcDbText
 73
2
  0
LWPOLYLINE
  5
2A5
330
17
100
AcDbEntity
  8
A-KOT-ISARET
100
AcDbPolyline
 90
3
 70
1
 10
9077.204786129754
 20
7965.612151601931
 10
9037.255481465652
 20
8014.473312628404
 10
9100.501382961336
 20
8024.269023118121
  0
TEXT
  5
2A6
330
17
100
AcDbEntity
  8
A-KOT-ISARET
100
AcDbText
 10
9137.469352809776
 20
8036.471039561519
 30
0.0
 40
50.0
  1
-0,020
 50
8.804182583418896
  7
GYM
 11
9137.469352809776
 21
8036.471039561519
 31
0.0
100
AcDbText
 73
2
  0
ELLIPSE
  5
2A7
330
17
100
AcDbEntity
  8
A-MAHAL
100
AcDbEllipse
 10
9744.104285123542
 20
8493.849132108982
 30
0.0
 11
167.99692584790807
 21
26.0198559883116
 31
0.0
 40
0.62
 41
0.0
 42
6.283185307179586
  0
TEXT
  5
2A8
330
17
100
AcDbEntity
  8
A-MAHAL
100
AcDbText
 10
9744.104285123542
 20
8493.849132108982
 30
0.0
 40
50.0
  1
Z-07
 50
8.804182583418896
  7
GYM
 72
1
 11
9744.104285123542
 21
8493.849132108982
 31
0.0
100
AcDbText
 73
2
  0
TEXT
  5
2A9
330
17
100
AcDbEntity
  8
A-YAZI
100
AcDbText
 10
9970.563779372771
 20
8599.758471433111
 30
0.0
 40
44.0
  1
ERKEK WC
 50
8.804182583418896
  7
GYM
 11
9970.563779372771
 21
8599.758471433111
 31
0.0
100
AcDbText
 73
2
  0
TEXT
  5
2AA
330
17
100
AcDbEntity
  8
A-YAZI
100
AcDbText
 10
9980.328878267208
 20
8536.710213379602
 30
0.0
 40
44.0
  1
1,57 m²   Z4 / T3
 50
8.804182583418896
  7
GYM
 11
9980.328878267208
 21
8536.710213379602
 31
0.0
100
AcDbText
 73
2
  0
LWPOLYLINE
  5
2AB
330
17
100
AcDbEntity
  8
A-KOT-ISARET
100
AcDbPolyline
 90
3
 70
1
 10
10213.652090497635
 20
8141.566294725207
 10
10173.702785833533
 20
8190.427455751678
 10
10236.948687329217
 20
8200.223166241396
  0
TEXT
  5
2AC
330
17
100
AcDbEntity
  8
A-KOT-ISARET
100
AcDbText
 10
10273.916657177657
 20
8212.425182684796
 30
0.0
 40
50.0
  1
-0,020
 50
8.804182583418896
  7
GYM
 11
10273.916657177657
 21
8212.425182684796
 31
0.0
100
AcDbText
 73
2
  0
DIMENSION
  5
2AD
330
17
100
AcDbEntity
  8
G-OLCU-ZINCIR
100
AcDbDimension
280
0
  2
*D1
  3
GYM-20
 10
8654.788470986312
 20
4752.88989746826
 30
0.0
 11
8454.742722319737
 21
5763.682135487741
 31
0.0
 70
32
 71
5
  1
<>
100
AcDbAlignedDimension
 13
8317.805329260571
 23
4700.704054630864
 33
0.0
 14
8002.700782626583
 24
6735.449769625883
 34
0.0
 50
98.80300479416896
100
AcDbRotatedDimension
  0
DIMENSION
  5
2BC
330
17
100
AcDbEntity
  8
G-OLCU-ZINCIR
100
AcDbDimension
280
0
  2
*D2
  3
GYM-20
 10
8339.683924352325
 20
6787.635612463273
 30
0.0
 11
8264.833056964582
 21
6826.640069276601
 31
0.0
 70
32
 71
5
  1
<>
100
AcDbAlignedDimension
 13
8002.700782626583
 23
6735.449769625883
 33
0.0
 14
7987.39701639861
 24
6834.271805322582
 34
0.0
 50
98.80300479416827
100
AcDbRotatedDimension
  0
DIMENSION
  5
2CB
330
17
100
AcDbEntity
  8
G-OLCU-ZINCIR
100
AcDbDimension
280
0
  2
*D3
  3
GYM-20
 10
8324.380158124352
 20
6886.457648159972
 30
0.0
 11
8160.374778924657
 21
7664.523992113727
 31
0.0
 70
32
 71
5
  1
<>
100
AcDbAlignedDimension
 13
7987.39701639861
 23
6834.271805322582
 33
0.0
 14
7744.37320869838
 24
8403.56573218615
 34
0.0
 50
98.80300479416894
100
AcDbRotatedDimension
  0
DIMENSION
  5
2DA
330
17
100
AcDbEntity
  8
G-OLCU-ZINCIR
100
AcDbDimension
280
0
  2
*D4
  3
GYM-20
 10
8856.978356021757
 20
4784.201403170693
 30
0.0
 11
8527.76882039108
 21
6629.051622470308
 31
0.0
 70
32
 71
5
  1
<>
100
AcDbAlignedDimension
 13
8317.805329260571
 23
4700.704054630864
 33
0.0
 14
7744.37320869838
 24
8403.56573218615
 34
0.0
 50
98.80300479416893
100
AcDbRotatedDimension
  0
DIMENSION
  5
2E9
330
17
100
AcDbEntity
  8
G-OLCU-ZINCIR
100
AcDbDimension
280
0
  2
*D5
  3
GYM-20
 10
8209.923879433536
 20
9448.578690226217
 30
0.0
 11
8722.156422155032
 21
9571.427467904592
 31
0.0
 70
32
 71
5
  1
<>
100
AcDbAlignedDimension
 13
8262.11664938656
 23
9111.596621319532
 33
0.0
 14
9299.74472080011
 24
9272.307496541454
 34
0.0
 50
8.8041825834188
100
AcDbRotatedDimension
  0
DIMENSION
  5
2F8
330
17
100
AcDbEntity
  8
G-OLCU-ZINCIR
100
AcDbDimension
280
0
  2
*D6
  3
GYM-20
 10
9247.551950847079
 20
9609.28956544814
 30
0.0
 11
9286.554868995256
 21
9684.141234607394
 31
0.0
 70
32
 71
5
  1
<>
100
AcDbAlignedDimension
 13
9299.74472080011
 23
9272.307496541454
 33
0.0
 14
9398.566441887115
 24
9287.61329418164
 34
0.0
 50
8.804182583419967
100
AcDbRotatedDimension
  0
DIMENSION
  5
307
330
17
100
AcDbEntity
  8
G-OLCU-ZINCIR
100
AcDbDimension
280
0
  2
*D7
  3
GYM-20
 10
9346.373671934092
 20
9624.595363088325
 30
0.0
 11
9858.606214655589
 21
9747.4441407667
 31
0.0
 70
32
 71
5
  1
<>
100
AcDbAlignedDimension
 13
9398.566441887115
 23
9287.61329418164
 33
0.0
 14
10436.194513300665
 24
9448.324169403562
 34
0.0
 50
8.8041825834188
100
AcDbRotatedDimension
  0
DIMENSION
  5
316
330
17
100
AcDbEntity
  8
G-OLCU-ZINCIR
100
AcDbDimension
280
0
  2
*D8
  3
GYM-20
 10
8178.60821746172
 20
9650.76793157023
 30
0.0
 11
9259.065656433497
 21
9861.625045679659
 31
0.0
 70
32
 71
5
  1
<>
100
AcDbAlignedDimension
 13
8262.11664938656
 23
9111.596621319532
 33
0.0
 14
10436.194513300665
 24
9448.324169403562
 34
0.0
 50
8.804182583418854
100
AcDbRotatedDimension
  0
DIMENSION
  5
325
330
17
100
AcDbEntity
  8
G-OLCU-ZINCIR
100
AcDbDimension
280
0
  2
*D9
  3
GYM-20
 10
8718.676673697875
 20
6163.4459503741855
 30
0.0
 11
8798.564186663727
 21
6219.331863376758
 31
0.0
 70
32
 71
5
  1
<>
100
AcDbAlignedDimension
 13
8690.207890087135
 23
6347.254351596013
 33
0.0
 14
8863.145901989394
 24
6374.039497466334
 34
0.0
 50
8.804182583418868
100
AcDbRotatedDimension
  0
DIMENSION
  5
334
330
17
100
AcDbEntity
  8
G-OLCU-ZINCIR
100
AcDbDimension
280
0
  2
*D10
  3
GYM-20
 10
8891.614685600134
 20
6190.231096244506
 30
0.0
 11
9230.909216419372
 21
6286.29472805256
 31
0.0
 70
32
 71
5
  1
<>
100
AcDbAlignedDimension
 13
8863.145901989394
 23
6374.039497466334
 33
0.0
 14
9554.897949598428
 24
6481.180080947617
 34
0.0
 50
8.804182583418891
100
AcDbRotatedDimension
  0
DIMENSION
  5
343
330
17
100
AcDbEntity
  8
G-OLCU-ZINCIR
100
AcDbDimension
280
0
  2
*D11
  3
GYM-20
 10
9583.366733209168
 20
6297.371679725788
 30
0.0
 11
9799.13411266965
 21
6374.303064483613
 31
0.0
 70
32
 71
5
  1
<>
100
AcDbAlignedDimension
 13
9554.897949598428
 23
6481.180080947617
 33
0.0
 14
9999.595694489948
 24
6550.056170328442
 34
0.0
 50
8.80418258341892
100
AcDbRotatedDimension
  0
DIMENSION
  5
352
330
17
100
AcDbEntity
  8
G-OLCU-ZINCIR
100
AcDbDimension
280
0
  2
*D12
  3
GYM-20
 10
10028.06447810069
 20
6366.247769106614
 30
0.0
 11
10367.359008919928
 21
6462.3114009146675
 31
0.0
 70
32
 71
5
  1
<>
100
AcDbAlignedDimension
 13
9999.595694489948
 23
6550.056170328442
 33
0.0
 14
10691.347742098982
 24
6657.196753809725
 34
0.0
 50
8.804182583418891
100
AcDbRotatedDimension
  0
DIMENSION
  5
361
330
17
100
AcDbEntity
  8
G-OLCU-ZINCIR
100
AcDbDimension
280
0
  2
*D13
  3
GYM-20
 10
10719.816525709724
 20
6473.388352587897
 30
0.0
 11
10799.615106718524
 21
6529.260491548453
 31
0.0
 70
32
 71
5
  1
<>
100
AcDbAlignedDimension
 13
10691.347742098982
 23
6657.196753809725
 33
0.0
 14
10864.107890087136
 24
6683.954351596013
 34
0.0
 50
8.804182583418902
100
AcDbRotatedDimension
  0
LINE
  5
370
330
17
100
AcDbEntity
  8
A-KESIT-HAT
100
AcDbLine
 10
9489.323232206501
 20
4780.95985132431
 30
0.0
 11
9573.493946460358
 21
4237.438654992469
 31
0.0
  0
LINE
  5
371
330
17
100
AcDbEntity
  8
G-KESIT-ISARET
100
AcDbLine
 10
9573.493946460358
 20
4237.438654992469
 30
0.0
 11
9949.014756352497
 21
4295.6118588101
 31
0.0
  0
LINE
  5
372
330
17
100
AcDbEntity
  8
G-KESIT-ISARET
100
AcDbLine
 10
9949.014756352497
 20
4295.6118588101
 30
0.0
 11
9824.059228453265
 21
4232.476163300949
 31
0.0
  0
LINE
  5
373
330
17
100
AcDbEntity
  8
G-KESIT-ISARET
100
AcDbLine
 10
9949.014756352497
 20
4295.6118588101
 30
0.0
 11
9810.813380027419
 21
4317.981024683104
 31
0.0
  0
CIRCLE
  5
374
330
17
100
AcDbEntity
  8
G-KESIT-ISARET
100
AcDbCircle
 10
9637.769764617851
 20
3822.386105066336
 30
0.0
 40
300.0
  0
LINE
  5
375
330
17
100
AcDbEntity
  8
G-KESIT-ISARET
100
AcDbLine
 10
9341.302871118356
 20
3776.47988493072
 30
0.0
 11
9934.233197640386
 21
3868.31467077182
 31
0.0
  0
TEXT
  5
376
330
17
100
AcDbEntity
  8
G-KESIT-ISARET
100
AcDbText
 10
9617.873138283005
 20
3950.8659242569775
 30
0.0
 40
50.0
  1
K1
 50
8.804182583418896
  7
GYM
 72
1
 11
9617.873138283005
 21
3950.8659242569775
 31
0.0
100
AcDbText
 73
2
  0
TEXT
  5
377
330
17
100
AcDbEntity
  8
G-KESIT-ISARET
100
AcDbText
 10
9666.845190212522
 20
3634.635410027543
 30
0.0
 40
40.0
  1
P-03
 50
8.804182583418896
  7
GYM
 72
1
 11
9666.845190212522
 21
3634.635410027543
 31
0.0
100
AcDbText
 73
2
  0
LINE
  5
378
330
17
100
AcDbEntity
  8
A-KESIT-HAT
100
AcDbLine
 10
8885.215699750552
 20
8681.903922717707
 30
0.0
 11
8801.044985496696
 21
9225.425119049547
 31
0.0
  0
LINE
  5
379
330
17
100
AcDbEntity
  8
G-KESIT-ISARET
100
AcDbLine
 10
8801.044985496696
 20
9225.425119049547
 30
0.0
 11
9176.565795388833
 21
9283.598322867178
 31
0.0
  0
LINE
  5
37A
330
17
100
AcDbEntity
  8
G-KESIT-ISARET
100
AcDbLine
 10
9176.565795388833
 20
9283.598322867178
 30
0.0
 11
9051.610267489601
 21
9220.462627358027
 31
0.0
  0
LINE
  5
37B
330
17
100
AcDbEntity
  8
G-KESIT-ISARET
100
AcDbLine
 10
9176.565795388833
 20
9283.598322867178
 30
0.0
 11
9038.364419063753
 21
9305.967488740182
 31
0.0
  0
CIRCLE
  5
37C
330
17
100
AcDbEntity
  8
G-KESIT-ISARET
100
AcDbCircle
 10
8736.769167339202
 20
9640.47766897568
 30
0.0
 40
300.0
  0
LINE
  5
37D
330
17
100
AcDbEntity
  8
G-KESIT-ISARET
100
AcDbLine
 10
8440.302273839709
 20
9594.571448840064
 30
0.0
 11
9033.232600361736
 21
9686.406234681164
 31
0.0
  0
TEXT
  5
37E
330
17
100
AcDbEntity
  8
G-KESIT-ISARET
100
AcDbText
 10
8716.872541004359
 20
9768.957488166321
 30
0.0
 40
50.0
  1
K1
 50
8.804182583418896
  7
GYM
 72
1
 11
8716.872541004359
 21
9768.957488166321
 31
0.0
100
AcDbText
 73
2
  0
TEXT
  5
37F
330
17
100
AcDbEntity
  8
G-KESIT-ISARET
100
AcDbText
 10
8765.844592933874
 20
9452.726973936888
 30
0.0
 40
40.0
  1
P-03
 50
8.804182583418896
  7
GYM
 72
1
 11
8765.844592933874
 21
9452.726973936888
 31
0.0
100
AcDbText
 73
2
  0
CIRCLE
  5
380
330
17
100
AcDbEntity
  8
A-DETAY-CAGRI
  6
DASHED
100
AcDbCircle
 10
9384.485217634787
 20
8529.07682815035
 30
0.0
 40
260.0
  0
LINE
  5
381
330
17
100
AcDbEntity
  8
A-DETAY-CAGRI
100
AcDbLine
 10
9538.659362304556
 20
8739.756808490232
 30
0.0
 11
9998.008114029226
 21
9367.459891843084
 31
0.0
  0
CIRCLE
  5
382
330
17
100
AcDbEntity
  8
A-DETAY-CAGRI
100
AcDbCircle
 10
10314.23762150764
 20
9416.438444291667
 30
0.0
 40
300.0
  0
LINE
  5
383
330
17
100
AcDbEntity
  8
A-DETAY-CAGRI
100
AcDbLine
 10
10014.23762150764
 20
9416.438444291667
 30
0.0
 11
10614.23762150764
 21
9416.438444291667
 31
0.0
  0
TEXT
  5
384
330
17
100
AcDbEntity
  8
A-DETAY-CAGRI
100
AcDbText
 10
10314.23762150764
 20
9536.438444291667
 30
0.0
 40
50.0
  1
D-02
 50
8.804182583418896
  7
GYM
 72
1
 11
10314.23762150764
 21
9536.438444291667
 31
0.0
100
AcDbText
 73
2
  0
TEXT
  5
385
330
17
100
AcDbEntity
  8
A-DETAY-CAGRI
100
AcDbText
 10
10314.23762150764
 20
9216.438444291669
 30
0.0
 40
40.0
  1
P-05
 50
8.804182583418896
  7
GYM
 72
1
 11
10314.23762150764
 21
9216.438444291669
 31
0.0
100
AcDbText
 73
2
  0
VIEWPORT
  5
38A
330
386
100
AcDbEntity
 67
1
  8
VIEWPORTS
100
AcDbViewport
 10
297.0
 20
210.0
 30
0.0
 40
653.4000000000001
 41
462.00000000000006
 68
1
 69
1
 12
297.0
 22
210.0
 13
0.0
 23
0.0
 14
10.0
 24
10.0
 15
10.0
 25
10.0
 16
0.0
 26
0.0
 36
1.0
 17
0.0
 27
0.0
 37
0.0
 42
50.0
 43
0.0
 44
0.0
 45
462.00000000000006
 50
0.0
 51
0.0
 72
100
 90
557088
  1

281
0
 71
0
 74
0
110
0.0
120
0.0
130
0.0
111
1.0
121
0.0
131
0.0
112
0.0
122
1.0
132
0.0
 79
0
146
0.0
282
0
  0
LWPOLYLINE
  5
38B
330
386
100
AcDbEntity
 67
1
  8
G-CERCEVE
370
13
100
AcDbPolyline
 90
4
 70
1
 10
0.0
 20
0.0
 10
10.0
 20
0.0
 10
10.0
 20
10.0
 10
0.0
 20
10.0
  0
LWPOLYLINE
  5
38C
330
386
100
AcDbEntity
 67
1
  8
G-CERCEVE
370
13
100
AcDbPolyline
 90
4
 70
1
 10
584.0
 20
0.0
 10
594.0
 20
0.0
 10
594.0
 20
10.0
 10
584.0
 20
10.0
  0
LWPOLYLINE
  5
38D
330
386
100
AcDbEntity
 67
1
  8
G-CERCEVE
370
13
100
AcDbPolyline
 90
4
 70
1
 10
584.0
 20
410.0
 10
594.0
 20
410.0
 10
594.0
 20
420.0
 10
584.0
 20
420.0
  0
LWPOLYLINE
  5
38E
330
386
100
AcDbEntity
 67
1
  8
G-CERCEVE
370
13
100
AcDbPolyline
 90
4
 70
1
 10
0.0
 20
410.0
 10
10.0
 20
410.0
 10
10.0
 20
420.0
 10
0.0
 20
420.0
  0
LWPOLYLINE
  5
38F
330
386
100
AcDbEntity
 67
1
  8
G-CERCEVE
370
70
100
AcDbPolyline
 90
4
 70
1
 10
20.0
 20
10.0
 10
584.0
 20
10.0
 10
584.0
 20
410.0
 10
20.0
 20
410.0
  0
LWPOLYLINE
  5
390
330
386
100
AcDbEntity
 67
1
  8
G-PAFTA-ZON
370
13
100
AcDbPolyline
 90
4
 70
1
 10
25.0
 20
15.0
 10
579.0
 20
15.0
 10
579.0
 20
405.0
 10
25.0
 20
405.0
  0
TEXT
  5
391
330
386
100
AcDbEntity
 67
1
  8
G-PAFTA-ZON
100
AcDbText
 10
50.18181818181819
 20
12.5
 30
0.0
 40
3.5
  1
1
  7
GYM
 72
1
 11
50.18181818181819
 21
12.5
 31
0.0
100
AcDbText
 73
2
  0
TEXT
  5
392
330
386
100
AcDbEntity
 67
1
  8
G-PAFTA-ZON
100
AcDbText
 10
50.18181818181819
 20
407.5
 30
0.0
 40
3.5
  1
1
  7
GYM
 72
1
 11
50.18181818181819
 21
407.5
 31
0.0
100
AcDbText
 73
2
  0
LINE
  5
393
330
386
100
AcDbEntity
 67
1
  8
G-PAFTA-ZON
370
13
100
AcDbLine
 10
75.36363636363637
 20
10.0
 30
0.0
 11
75.36363636363637
 21
15.0
 31
0.0
  0
LINE
  5
394
330
386
100
AcDbEntity
 67
1
  8
G-PAFTA-ZON
370
13
100
AcDbLine
 10
75.36363636363637
 20
405.0
 30
0.0
 11
75.36363636363637
 21
410.0
 31
0.0
  0
TEXT
  5
395
330
386
100
AcDbEntity
 67
1
  8
G-PAFTA-ZON
100
AcDbText
 10
100.54545454545456
 20
12.5
 30
0.0
 40
3.5
  1
2
  7
GYM
 72
1
 11
100.54545454545456
 21
12.5
 31
0.0
100
AcDbText
 73
2
  0
TEXT
  5
396
330
386
100
AcDbEntity
 67
1
  8
G-PAFTA-ZON
100
AcDbText
 10
100.54545454545456
 20
407.5
 30
0.0
 40
3.5
  1
2
  7
GYM
 72
1
 11
100.54545454545456
 21
407.5
 31
0.0
100
AcDbText
 73
2
  0
LINE
  5
397
330
386
100
AcDbEntity
 67
1
  8
G-PAFTA-ZON
370
13
100
AcDbLine
 10
125.72727272727273
 20
10.0
 30
0.0
 11
125.72727272727273
 21
15.0
 31
0.0
  0
LINE
  5
398
330
386
100
AcDbEntity
 67
1
  8
G-PAFTA-ZON
370
13
100
AcDbLine
 10
125.72727272727273
 20
405.0
 30
0.0
 11
125.72727272727273
 21
410.0
 31
0.0
  0
TEXT
  5
399
330
386
100
AcDbEntity
 67
1
  8
G-PAFTA-ZON
100
AcDbText
 10
150.9090909090909
 20
12.5
 30
0.0
 40
3.5
  1
3
  7
GYM
 72
1
 11
150.9090909090909
 21
12.5
 31
0.0
100
AcDbText
 73
2
  0
TEXT
  5
39A
330
386
100
AcDbEntity
 67
1
  8
G-PAFTA-ZON
100
AcDbText
 10
150.9090909090909
 20
407.5
 30
0.0
 40
3.5
  1
3
  7
GYM
 72
1
 11
150.9090909090909
 21
407.5
 31
0.0
100
AcDbText
 73
2
  0
LINE
  5
39B
330
386
100
AcDbEntity
 67
1
  8
G-PAFTA-ZON
370
13
100
AcDbLine
 10
176.0909090909091
 20
10.0
 30
0.0
 11
176.0909090909091
 21
15.0
 31
0.0
  0
LINE
  5
39C
330
386
100
AcDbEntity
 67
1
  8
G-PAFTA-ZON
370
13
100
AcDbLine
 10
176.0909090909091
 20
405.0
 30
0.0
 11
176.0909090909091
 21
410.0
 31
0.0
  0
TEXT
  5
39D
330
386
100
AcDbEntity
 67
1
  8
G-PAFTA-ZON
100
AcDbText
 10
201.27272727272728
 20
12.5
 30
0.0
 40
3.5
  1
4
  7
GYM
 72
1
 11
201.27272727272728
 21
12.5
 31
0.0
100
AcDbText
 73
2
  0
TEXT
  5
39E
330
386
100
AcDbEntity
 67
1
  8
G-PAFTA-ZON
100
AcDbText
 10
201.27272727272728
 20
407.5
 30
0.0
 40
3.5
  1
4
  7
GYM
 72
1
 11
201.27272727272728
 21
407.5
 31
0.0
100
AcDbText
 73
2
  0
LINE
  5
39F
330
386
100
AcDbEntity
 67
1
  8
G-PAFTA-ZON
370
13
100
AcDbLine
 10
226.45454545454547
 20
10.0
 30
0.0
 11
226.45454545454547
 21
15.0
 31
0.0
  0
LINE
  5
3A0
330
386
100
AcDbEntity
 67
1
  8
G-PAFTA-ZON
370
13
100
AcDbLine
 10
226.45454545454547
 20
405.0
 30
0.0
 11
226.45454545454547
 21
410.0
 31
0.0
  0
TEXT
  5
3A1
330
386
100
AcDbEntity
 67
1
  8
G-PAFTA-ZON
100
AcDbText
 10
251.63636363636365
 20
12.5
 30
0.0
 40
3.5
  1
5
  7
GYM
 72
1
 11
251.63636363636365
 21
12.5
 31
0.0
100
AcDbText
 73
2
  0
TEXT
  5
3A2
330
386
100
AcDbEntity
 67
1
  8
G-PAFTA-ZON
100
AcDbText
 10
251.63636363636365
 20
407.5
 30
0.0
 40
3.5
  1
5
  7
GYM
 72
1
 11
251.63636363636365
 21
407.5
 31
0.0
100
AcDbText
 73
2
  0
LINE
  5
3A3
330
386
100
AcDbEntity
 67
1
  8
G-PAFTA-ZON
370
13
100
AcDbLine
 10
276.81818181818187
 20
10.0
 30
0.0
 11
276.81818181818187
 21
15.0
 31
0.0
  0
LINE
  5
3A4
330
386
100
AcDbEntity
 67
1
  8
G-PAFTA-ZON
370
13
100
AcDbLine
 10
276.81818181818187
 20
405.0
 30
0.0
 11
276.81818181818187
 21
410.0
 31
0.0
  0
TEXT
  5
3A5
330
386
100
AcDbEntity
 67
1
  8
G-PAFTA-ZON
100
AcDbText
 10
302.00000000000006
 20
12.5
 30
0.0
 40
3.5
  1
6
  7
GYM
 72
1
 11
302.00000000000006
 21
12.5
 31
0.0
100
AcDbText
 73
2
  0
TEXT
  5
3A6
330
386
100
AcDbEntity
 67
1
  8
G-PAFTA-ZON
100
AcDbText
 10
302.00000000000006
 20
407.5
 30
0.0
 40
3.5
  1
6
  7
GYM
 72
1
 11
302.00000000000006
 21
407.5
 31
0.0
100
AcDbText
 73
2
  0
LINE
  5
3A7
330
386
100
AcDbEntity
 67
1
  8
G-PAFTA-ZON
370
13
100
AcDbLine
 10
327.1818181818182
 20
10.0
 30
0.0
 11
327.1818181818182
 21
15.0
 31
0.0
  0
LINE
  5
3A8
330
386
100
AcDbEntity
 67
1
  8
G-PAFTA-ZON
370
13
100
AcDbLine
 10
327.1818181818182
 20
405.0
 30
0.0
 11
327.1818181818182
 21
410.0
 31
0.0
  0
TEXT
  5
3A9
330
386
100
AcDbEntity
 67
1
  8
G-PAFTA-ZON
100
AcDbText
 10
352.3636363636364
 20
12.5
 30
0.0
 40
3.5
  1
7
  7
GYM
 72
1
 11
352.3636363636364
 21
12.5
 31
0.0
100
AcDbText
 73
2
  0
TEXT
  5
3AA
330
386
100
AcDbEntity
 67
1
  8
G-PAFTA-ZON
100
AcDbText
 10
352.3636363636364
 20
407.5
 30
0.0
 40
3.5
  1
7
  7
GYM
 72
1
 11
352.3636363636364
 21
407.5
 31
0.0
100
AcDbText
 73
2
  0
LINE
  5
3AB
330
386
100
AcDbEntity
 67
1
  8
G-PAFTA-ZON
370
13
100
AcDbLine
 10
377.54545454545456
 20
10.0
 30
0.0
 11
377.54545454545456
 21
15.0
 31
0.0
  0
LINE
  5
3AC
330
386
100
AcDbEntity
 67
1
  8
G-PAFTA-ZON
370
13
100
AcDbLine
 10
377.54545454545456
 20
405.0
 30
0.0
 11
377.54545454545456
 21
410.0
 31
0.0
  0
TEXT
  5
3AD
330
386
100
AcDbEntity
 67
1
  8
G-PAFTA-ZON
100
AcDbText
 10
402.72727272727275
 20
12.5
 30
0.0
 40
3.5
  1
8
  7
GYM
 72
1
 11
402.72727272727275
 21
12.5
 31
0.0
100
AcDbText
 73
2
  0
TEXT
  5
3AE
330
386
100
AcDbEntity
 67
1
  8
G-PAFTA-ZON
100
AcDbText
 10
402.72727272727275
 20
407.5
 30
0.0
 40
3.5
  1
8
  7
GYM
 72
1
 11
402.72727272727275
 21
407.5
 31
0.0
100
AcDbText
 73
2
  0
LINE
  5
3AF
330
386
100
AcDbEntity
 67
1
  8
G-PAFTA-ZON
370
13
100
AcDbLine
 10
427.90909090909093
 20
10.0
 30
0.0
 11
427.90909090909093
 21
15.0
 31
0.0
  0
LINE
  5
3B0
330
386
100
AcDbEntity
 67
1
  8
G-PAFTA-ZON
370
13
100
AcDbLine
 10
427.90909090909093
 20
405.0
 30
0.0
 11
427.90909090909093
 21
410.0
 31
0.0
  0
TEXT
  5
3B1
330
386
100
AcDbEntity
 67
1
  8
G-PAFTA-ZON
100
AcDbText
 10
453.0909090909091
 20
12.5
 30
0.0
 40
3.5
  1
9
  7
GYM
 72
1
 11
453.0909090909091
 21
12.5
 31
0.0
100
AcDbText
 73
2
  0
TEXT
  5
3B2
330
386
100
AcDbEntity
 67
1
  8
G-PAFTA-ZON
100
AcDbText
 10
453.0909090909091
 20
407.5
 30
0.0
 40
3.5
  1
9
  7
GYM
 72
1
 11
453.0909090909091
 21
407.5
 31
0.0
100
AcDbText
 73
2
  0
LINE
  5
3B3
330
386
100
AcDbEntity
 67
1
  8
G-PAFTA-ZON
370
13
100
AcDbLine
 10
478.2727272727273
 20
10.0
 30
0.0
 11
478.2727272727273
 21
15.0
 31
0.0
  0
LINE
  5
3B4
330
386
100
AcDbEntity
 67
1
  8
G-PAFTA-ZON
370
13
100
AcDbLine
 10
478.2727272727273
 20
405.0
 30
0.0
 11
478.2727272727273
 21
410.0
 31
0.0
  0
TEXT
  5
3B5
330
386
100
AcDbEntity
 67
1
  8
G-PAFTA-ZON
100
AcDbText
 10
503.4545454545455
 20
12.5
 30
0.0
 40
3.5
  1
10
  7
GYM
 72
1
 11
503.4545454545455
 21
12.5
 31
0.0
100
AcDbText
 73
2
  0
TEXT
  5
3B6
330
386
100
AcDbEntity
 67
1
  8
G-PAFTA-ZON
100
AcDbText
 10
503.4545454545455
 20
407.5
 30
0.0
 40
3.5
  1
10
  7
GYM
 72
1
 11
503.4545454545455
 21
407.5
 31
0.0
100
AcDbText
 73
2
  0
LINE
  5
3B7
330
386
100
AcDbEntity
 67
1
  8
G-PAFTA-ZON
370
13
100
AcDbLine
 10
528.6363636363637
 20
10.0
 30
0.0
 11
528.6363636363637
 21
15.0
 31
0.0
  0
LINE
  5
3B8
330
386
100
AcDbEntity
 67
1
  8
G-PAFTA-ZON
370
13
100
AcDbLine
 10
528.6363636363637
 20
405.0
 30
0.0
 11
528.6363636363637
 21
410.0
 31
0.0
  0
TEXT
  5
3B9
330
386
100
AcDbEntity
 67
1
  8
G-PAFTA-ZON
100
AcDbText
 10
553.8181818181819
 20
12.5
 30
0.0
 40
3.5
  1
11
  7
GYM
 72
1
 11
553.8181818181819
 21
12.5
 31
0.0
100
AcDbText
 73
2
  0
TEXT
  5
3BA
330
386
100
AcDbEntity
 67
1
  8
G-PAFTA-ZON
100
AcDbText
 10
553.8181818181819
 20
407.5
 30
0.0
 40
3.5
  1
11
  7
GYM
 72
1
 11
553.8181818181819
 21
407.5
 31
0.0
100
AcDbText
 73
2
  0
TEXT
  5
3BB
330
386
100
AcDbEntity
 67
1
  8
G-PAFTA-ZON
100
AcDbText
 10
22.5
 20
39.375
 30
0.0
 40
3.5
  1
A
  7
GYM
 72
1
 11
22.5
 21
39.375
 31
0.0
100
AcDbText
 73
2
  0
TEXT
  5
3BC
330
386
100
AcDbEntity
 67
1
  8
G-PAFTA-ZON
100
AcDbText
 10
581.5
 20
39.375
 30
0.0
 40
3.5
  1
A
  7
GYM
 72
1
 11
581.5
 21
39.375
 31
0.0
100
AcDbText
 73
2
  0
LINE
  5
3BD
330
386
100
AcDbEntity
 67
1
  8
G-PAFTA-ZON
370
13
100
AcDbLine
 10
20.0
 20
63.75
 30
0.0
 11
25.0
 21
63.75
 31
0.0
  0
LINE
  5
3BE
330
386
100
AcDbEntity
 67
1
  8
G-PAFTA-ZON
370
13
100
AcDbLine
 10
579.0
 20
63.75
 30
0.0
 11
584.0
 21
63.75
 31
0.0
  0
TEXT
  5
3BF
330
386
100
AcDbEntity
 67
1
  8
G-PAFTA-ZON
100
AcDbText
 10
22.5
 20
88.125
 30
0.0
 40
3.5
  1
B
  7
GYM
 72
1
 11
22.5
 21
88.125
 31
0.0
100
AcDbText
 73
2
  0
TEXT
  5
3C0
330
386
100
AcDbEntity
 67
1
  8
G-PAFTA-ZON
100
AcDbText
 10
581.5
 20
88.125
 30
0.0
 40
3.5
  1
B
  7
GYM
 72
1
 11
581.5
 21
88.125
 31
0.0
100
AcDbText
 73
2
  0
LINE
  5
3C1
330
386
100
AcDbEntity
 67
1
  8
G-PAFTA-ZON
370
13
100
AcDbLine
 10
20.0
 20
112.5
 30
0.0
 11
25.0
 21
112.5
 31
0.0
  0
LINE
  5
3C2
330
386
100
AcDbEntity
 67
1
  8
G-PAFTA-ZON
370
13
100
AcDbLine
 10
579.0
 20
112.5
 30
0.0
 11
584.0
 21
112.5
 31
0.0
  0
TEXT
  5
3C3
330
386
100
AcDbEntity
 67
1
  8
G-PAFTA-ZON
100
AcDbText
 10
22.5
 20
136.875
 30
0.0
 40
3.5
  1
C
  7
GYM
 72
1
 11
22.5
 21
136.875
 31
0.0
100
AcDbText
 73
2
  0
TEXT
  5
3C4
330
386
100
AcDbEntity
 67
1
  8
G-PAFTA-ZON
100
AcDbText
 10
581.5
 20
136.875
 30
0.0
 40
3.5
  1
C
  7
GYM
 72
1
 11
581.5
 21
136.875
 31
0.0
100
AcDbText
 73
2
  0
LINE
  5
3C5
330
386
100
AcDbEntity
 67
1
  8
G-PAFTA-ZON
370
13
100
AcDbLine
 10
20.0
 20
161.25
 30
0.0
 11
25.0
 21
161.25
 31
0.0
  0
LINE
  5
3C6
330
386
100
AcDbEntity
 67
1
  8
G-PAFTA-ZON
370
13
100
AcDbLine
 10
579.0
 20
161.25
 30
0.0
 11
584.0
 21
161.25
 31
0.0
  0
TEXT
  5
3C7
330
386
100
AcDbEntity
 67
1
  8
G-PAFTA-ZON
100
AcDbText
 10
22.5
 20
185.625
 30
0.0
 40
3.5
  1
D
  7
GYM
 72
1
 11
22.5
 21
185.625
 31
0.0
100
AcDbText
 73
2
  0
TEXT
  5
3C8
330
386
100
AcDbEntity
 67
1
  8
G-PAFTA-ZON
100
AcDbText
 10
581.5
 20
185.625
 30
0.0
 40
3.5
  1
D
  7
GYM
 72
1
 11
581.5
 21
185.625
 31
0.0
100
AcDbText
 73
2
  0
LINE
  5
3C9
330
386
100
AcDbEntity
 67
1
  8
G-PAFTA-ZON
370
13
100
AcDbLine
 10
20.0
 20
210.0
 30
0.0
 11
25.0
 21
210.0
 31
0.0
  0
LINE
  5
3CA
330
386
100
AcDbEntity
 67
1
  8
G-PAFTA-ZON
370
13
100
AcDbLine
 10
579.0
 20
210.0
 30
0.0
 11
584.0
 21
210.0
 31
0.0
  0
TEXT
  5
3CB
330
386
100
AcDbEntity
 67
1
  8
G-PAFTA-ZON
100
AcDbText
 10
22.5
 20
234.375
 30
0.0
 40
3.5
  1
E
  7
GYM
 72
1
 11
22.5
 21
234.375
 31
0.0
100
AcDbText
 73
2
  0
TEXT
  5
3CC
330
386
100
AcDbEntity
 67
1
  8
G-PAFTA-ZON
100
AcDbText
 10
581.5
 20
234.375
 30
0.0
 40
3.5
  1
E
  7
GYM
 72
1
 11
581.5
 21
234.375
 31
0.0
100
AcDbText
 73
2
  0
LINE
  5
3CD
330
386
100
AcDbEntity
 67
1
  8
G-PAFTA-ZON
370
13
100
AcDbLine
 10
20.0
 20
258.75
 30
0.0
 11
25.0
 21
258.75
 31
0.0
  0
LINE
  5
3CE
330
386
100
AcDbEntity
 67
1
  8
G-PAFTA-ZON
370
13
100
AcDbLine
 10
579.0
 20
258.75
 30
0.0
 11
584.0
 21
258.75
 31
0.0
  0
TEXT
  5
3CF
330
386
100
AcDbEntity
 67
1
  8
G-PAFTA-ZON
100
AcDbText
 10
22.5
 20
283.125
 30
0.0
 40
3.5
  1
F
  7
GYM
 72
1
 11
22.5
 21
283.125
 31
0.0
100
AcDbText
 73
2
  0
TEXT
  5
3D0
330
386
100
AcDbEntity
 67
1
  8
G-PAFTA-ZON
100
AcDbText
 10
581.5
 20
283.125
 30
0.0
 40
3.5
  1
F
  7
GYM
 72
1
 11
581.5
 21
283.125
 31
0.0
100
AcDbText
 73
2
  0
LINE
  5
3D1
330
386
100
AcDbEntity
 67
1
  8
G-PAFTA-ZON
370
13
100
AcDbLine
 10
20.0
 20
307.5
 30
0.0
 11
25.0
 21
307.5
 31
0.0
  0
LINE
  5
3D2
330
386
100
AcDbEntity
 67
1
  8
G-PAFTA-ZON
370
13
100
AcDbLine
 10
579.0
 20
307.5
 30
0.0
 11
584.0
 21
307.5
 31
0.0
  0
TEXT
  5
3D3
330
386
100
AcDbEntity
 67
1
  8
G-PAFTA-ZON
100
AcDbText
 10
22.5
 20
331.875
 30
0.0
 40
3.5
  1
G
  7
GYM
 72
1
 11
22.5
 21
331.875
 31
0.0
100
AcDbText
 73
2
  0
TEXT
  5
3D4
330
386
100
AcDbEntity
 67
1
  8
G-PAFTA-ZON
100
AcDbText
 10
581.5
 20
331.875
 30
0.0
 40
3.5
  1
G
  7
GYM
 72
1
 11
581.5
 21
331.875
 31
0.0
100
AcDbText
 73
2
  0
LINE
  5
3D5
330
386
100
AcDbEntity
 67
1
  8
G-PAFTA-ZON
370
13
100
AcDbLine
 10
20.0
 20
356.25
 30
0.0
 11
25.0
 21
356.25
 31
0.0
  0
LINE
  5
3D6
330
386
100
AcDbEntity
 67
1
  8
G-PAFTA-ZON
370
13
100
AcDbLine
 10
579.0
 20
356.25
 30
0.0
 11
584.0
 21
356.25
 31
0.0
  0
TEXT
  5
3D7
330
386
100
AcDbEntity
 67
1
  8
G-PAFTA-ZON
100
AcDbText
 10
22.5
 20
380.625
 30
0.0
 40
3.5
  1
H
  7
GYM
 72
1
 11
22.5
 21
380.625
 31
0.0
100
AcDbText
 73
2
  0
TEXT
  5
3D8
330
386
100
AcDbEntity
 67
1
  8
G-PAFTA-ZON
100
AcDbText
 10
581.5
 20
380.625
 30
0.0
 40
3.5
  1
H
  7
GYM
 72
1
 11
581.5
 21
380.625
 31
0.0
100
AcDbText
 73
2
  0
LINE
  5
3D9
330
386
100
AcDbEntity
 67
1
  8
G-CERCEVE
370
70
100
AcDbLine
 10
297.0
 20
0.0
 30
0.0
 11
297.0
 21
20.0
 31
0.0
  0
LINE
  5
3DA
330
386
100
AcDbEntity
 67
1
  8
G-CERCEVE
370
70
100
AcDbLine
 10
297.0
 20
400.0
 30
0.0
 11
297.0
 21
420.0
 31
0.0
  0
LWPOLYLINE
  5
3DB
330
386
100
AcDbEntity
 67
1
  8
G-CERCEVE
370
70
100
AcDbPolyline
 90
3
 70
1
 10
297.0
 20
419.0
 10
294.4
 20
412.0
 10
299.6
 20
412.0
  0
LINE
  5
3DC
330
386
100
AcDbEntity
 67
1
  8
G-CERCEVE
370
70
100
AcDbLine
 10
0.0
 20
210.0
 30
0.0
 11
30.0
 21
210.0
 31
0.0
  0
LINE
  5
3DD
330
386
100
AcDbEntity
 67
1
  8
G-CERCEVE
370
70
100
AcDbLine
 10
574.0
 20
210.0
 30
0.0
 11
594.0
 21
210.0
 31
0.0
  0
LWPOLYLINE
  5
3DE
330
386
100
AcDbEntity
 67
1
  8
G-CERCEVE
370
70
100
AcDbPolyline
 90
3
 70
1
 10
1.0
 20
210.0
 10
8.0
 20
207.4
 10
8.0
 20
212.6
  0
TEXT
  5
3DF
330
386
100
AcDbEntity
 67
1
  8
G-CERCEVE
100
AcDbText
 10
582.0
 20
5.0
 30
0.0
 40
2.5
  1
A2
  7
GYM
 72
2
 11
582.0
 21
5.0
 31
0.0
100
AcDbText
 73
2
  0
LWPOLYLINE
  5
3E0
330
386
100
AcDbEntity
 67
1
  8
G-CERCEVE
370
35
100
AcDbPolyline
 90
4
 70
1
 10
327.0
 20
2.0
 10
427.0
 20
2.0
 10
427.0
 20
6.0
 10
327.0
 20
6.0
  0
LINE
  5
3E1
330
386
100
AcDbEntity
 67
1
  8
G-CERCEVE
370
35
100
AcDbLine
 10
327.0
 20
2.0
 30
0.0
 11
327.0
 21
6.0
 31
0.0
  0
LINE
  5
3E2
330
386
100
AcDbEntity
 67
1
  8
G-CERCEVE
370
35
100
AcDbLine
 10
337.0
 20
2.0
 30
0.0
 11
337.0
 21
6.0
 31
0.0
  0
LINE
  5
3E3
330
386
100
AcDbEntity
 67
1
  8
G-CERCEVE
370
35
100
AcDbLine
 10
347.0
 20
2.0
 30
0.0
 11
347.0
 21
6.0
 31
0.0
  0
LINE
  5
3E4
330
386
100
AcDbEntity
 67
1
  8
G-CERCEVE
370
35
100
AcDbLine
 10
357.0
 20
2.0
 30
0.0
 11
357.0
 21
6.0
 31
0.0
  0
LINE
  5
3E5
330
386
100
AcDbEntity
 67
1
  8
G-CERCEVE
370
35
100
AcDbLine
 10
367.0
 20
2.0
 30
0.0
 11
367.0
 21
6.0
 31
0.0
  0
LINE
  5
3E6
330
386
100
AcDbEntity
 67
1
  8
G-CERCEVE
370
35
100
AcDbLine
 10
377.0
 20
2.0
 30
0.0
 11
377.0
 21
6.0
 31
0.0
  0
LINE
  5
3E7
330
386
100
AcDbEntity
 67
1
  8
G-CERCEVE
370
35
100
AcDbLine
 10
387.0
 20
2.0
 30
0.0
 11
387.0
 21
6.0
 31
0.0
  0
LINE
  5
3E8
330
386
100
AcDbEntity
 67
1
  8
G-CERCEVE
370
35
100
AcDbLine
 10
397.0
 20
2.0
 30
0.0
 11
397.0
 21
6.0
 31
0.0
  0
LINE
  5
3E9
330
386
100
AcDbEntity
 67
1
  8
G-CERCEVE
370
35
100
AcDbLine
 10
407.0
 20
2.0
 30
0.0
 11
407.0
 21
6.0
 31
0.0
  0
LINE
  5
3EA
330
386
100
AcDbEntity
 67
1
  8
G-CERCEVE
370
35
100
AcDbLine
 10
417.0
 20
2.0
 30
0.0
 11
417.0
 21
6.0
 31
0.0
  0
LINE
  5
3EB
330
386
100
AcDbEntity
 67
1
  8
G-CERCEVE
370
35
100
AcDbLine
 10
427.0
 20
2.0
 30
0.0
 11
427.0
 21
6.0
 31
0.0
  0
TEXT
  5
3EC
330
386
100
AcDbEntity
 67
1
  8
G-CERCEVE
100
AcDbText
 10
431.0
 20
4.0
 30
0.0
 40
1.8
  1
100 mm
  7
GYM
 11
431.0
 21
4.0
 31
0.0
100
AcDbText
 73
2
  0
LWPOLYLINE
  5
3ED
330
386
100
AcDbEntity
 67
1
  8
G-ANTET
370
100
100
AcDbPolyline
 90
4
 70
1
 10
404.0
 20
15.0
 10
584.0
 20
15.0
 10
584.0
 20
107.0
 10
404.0
 20
107.0
  0
LINE
  5
3EE
330
386
100
AcDbEntity
 67
1
  8
G-ANTET
370
35
100
AcDbLine
 10
404.0
 20
25.0
 30
0.0
 11
584.0
 21
25.0
 31
0.0
  0
LINE
  5
3EF
330
386
100
AcDbEntity
 67
1
  8
G-ANTET
370
35
100
AcDbLine
 10
404.0
 20
35.0
 30
0.0
 11
584.0
 21
35.0
 31
0.0
  0
LINE
  5
3F0
330
386
100
AcDbEntity
 67
1
  8
G-ANTET
370
35
100
AcDbLine
 10
404.0
 20
45.0
 30
0.0
 11
584.0
 21
45.0
 31
0.0
  0
LINE
  5
3F1
330
386
100
AcDbEntity
 67
1
  8
G-ANTET
370
35
100
AcDbLine
 10
404.0
 20
57.0
 30
0.0
 11
584.0
 21
57.0
 31
0.0
  0
LINE
  5
3F2
330
386
100
AcDbEntity
 67
1
  8
G-ANTET
370
35
100
AcDbLine
 10
404.0
 20
69.0
 30
0.0
 11
584.0
 21
69.0
 31
0.0
  0
LINE
  5
3F3
330
386
100
AcDbEntity
 67
1
  8
G-ANTET
370
35
100
AcDbLine
 10
404.0
 20
83.0
 30
0.0
 11
584.0
 21
83.0
 31
0.0
  0
LINE
  5
3F4
330
386
100
AcDbEntity
 67
1
  8
G-ANTET
370
35
100
AcDbLine
 10
464.0
 20
15.0
 30
0.0
 11
464.0
 21
45.0
 31
0.0
  0
LINE
  5
3F5
330
386
100
AcDbEntity
 67
1
  8
G-ANTET
370
35
100
AcDbLine
 10
524.0
 20
15.0
 30
0.0
 11
524.0
 21
45.0
 31
0.0
  0
LINE
  5
3F6
330
386
100
AcDbEntity
 67
1
  8
G-ANTET
370
35
100
AcDbLine
 10
522.0
 20
45.0
 30
0.0
 11
522.0
 21
69.0
 31
0.0
  0
TEXT
  5
3F7
330
386
100
AcDbEntity
 67
1
  8
G-ANTET
100
AcDbText
 10
405.6
 20
103.0
 30
0.0
 40
1.8
  1
İŞVEREN
  7
GYM
 11
405.6
 21
103.0
 31
0.0
100
AcDbText
 73
2
  0
TEXT
  5
3F8
330
386
100
AcDbEntity
 67
1
  8
G-ANTET
100
AcDbText
 10
405.6
 20
98.0
 30
0.0
 40
2.5
  1
ÖZEL — MALTEPE / İDEALTEPE
  7
GYM
 11
405.6
 21
98.0
 31
0.0
100
AcDbText
 73
2
  0
TEXT
  5
3F9
330
386
100
AcDbEntity
 67
1
  8
G-ANTET
100
AcDbText
 10
405.6
 20
93.0
 30
0.0
 40
1.8
  1
PROJE
  7
GYM
 11
405.6
 21
93.0
 31
0.0
100
AcDbText
 73
2
  0
TEXT
  5
3FA
330
386
100
AcDbEntity
 67
1
  8
G-ANTET
100
AcDbText
 10
405.6
 20
87.2
 30
0.0
 40
3.5
  1

  7
GYM
 11
405.6
 21
87.2
 31
0.0
100
AcDbText
 73
2
  0
TEXT
  5
3FB
330
386
100
AcDbEntity
 67
1
  8
G-ANTET
100
AcDbText
 10
405.6
 20
78.0
 30
0.0
 40
1.8
  1
YAPI / MAHAL
  7
GYM
 11
405.6
 21
78.0
 31
0.0
100
AcDbText
 73
2
  0
TEXT
  5
3FC
330
386
100
AcDbEntity
 67
1
  8
G-ANTET
100
AcDbText
 10
405.6
 20
72.0
 30
0.0
 40
2.5
  1
Mevcut mağaza → fonksiyonel antrenman stüdyosu (fit-out)
  7
GYM
 11
405.6
 21
72.0
 31
0.0
100
AcDbText
 73
2
  0
TEXT
  5
3FD
330
386
100
AcDbEntity
 67
1
  8
G-ANTET
100
AcDbText
 10
524.4
 20
78.0
 30
0.0
 40
1.8
  1
DİSİPLİN
  7
GYM
 11
524.4
 21
78.0
 31
0.0
100
AcDbText
 73
2
  0
TEXT
  5
3FE
330
386
100
AcDbEntity
 67
1
  8
G-ANTET
100
AcDbText
 10
524.4
 20
72.0
 30
0.0
 40
2.5
  1
MİMARİ
  7
GYM
 11
524.4
 21
72.0
 31
0.0
100
AcDbText
 73
2
  0
LINE
  5
3FF
330
386
100
AcDbEntity
 67
1
  8
G-ANTET
370
35
100
AcDbLine
 10
522.0
 20
69.0
 30
0.0
 11
522.0
 21
83.0
 31
0.0
  0
TEXT
  5
400
330
386
100
AcDbEntity
 67
1
  8
G-ANTET
100
AcDbText
 10
405.6
 20
65.0
 30
0.0
 40
1.8
  1
PAFTA ADI
  7
GYM
 11
405.6
 21
65.0
 31
0.0
100
AcDbText
 73
2
  0
TEXT
  5
401
330
386
100
AcDbEntity
 67
1
  8
G-ANTET
100
AcDbText
 10
405.6
 20
59.8
 30
0.0
 40
3.5
  1
ÖLÇÜLÜ PLAN — ERKEK ISLAK BLOK
  7
GYM
 11
405.6
 21
59.8
 31
0.0
100
AcDbText
 73
2
  0
TEXT
  5
402
330
386
100
AcDbEntity
 67
1
  8
G-ANTET
100
AcDbText
 10
524.4
 20
59.8
 30
0.0
 40
1.8
  1
PİLOT BÖLGE — ERKEK ISLAK BLOK (105·106·107)
  7
GYM
 11
524.4
 21
59.8
 31
0.0
100
AcDbText
 73
2
  0
TEXT
  5
403
330
386
100
AcDbEntity
 67
1
  8
G-ANTET
100
AcDbText
 10
405.6
 20
53.0
 30
0.0
 40
1.8
  1
PROJE MÜELLİFİ · ODA SİCİL NO
  7
GYM
 11
405.6
 21
53.0
 31
0.0
100
AcDbText
 73
2
  0
TEXT
  5
404
330
386
100
AcDbEntity
 67
1
  8
G-ANTET
100
AcDbText
 10
405.6
 20
47.8
 30
0.0
 40
2.5
  1
—  (proje müellifi imzası için ayrılmıştır)   —
  7
GYM
 11
405.6
 21
47.8
 31
0.0
100
AcDbText
 73
2
  0
TEXT
  5
405
330
386
100
AcDbEntity
 67
1
  8
G-ANTET
100
AcDbText
 10
405.6
 20
42.0
 30
0.0
 40
1.8
  1
ÇİZEN
  7
GYM
 11
405.6
 21
42.0
 31
0.0
100
AcDbText
 73
2
  0
TEXT
  5
406
330
386
100
AcDbEntity
 67
1
  8
G-ANTET
100
AcDbText
 10
405.6
 20
37.6
 30
0.0
 40
2.5
  1
CC
  7
GYM
 11
405.6
 21
37.6
 31
0.0
100
AcDbText
 73
2
  0
TEXT
  5
407
330
386
100
AcDbEntity
 67
1
  8
G-ANTET
100
AcDbText
 10
465.6
 20
42.0
 30
0.0
 40
1.8
  1
KONTROL
  7
GYM
 11
465.6
 21
42.0
 31
0.0
100
AcDbText
 73
2
  0
TEXT
  5
408
330
386
100
AcDbEntity
 67
1
  8
G-ANTET
100
AcDbText
 10
465.6
 20
37.6
 30
0.0
 40
2.5
  1
—
  7
GYM
 11
465.6
 21
37.6
 31
0.0
100
AcDbText
 73
2
  0
TEXT
  5
409
330
386
100
AcDbEntity
 67
1
  8
G-ANTET
100
AcDbText
 10
525.6
 20
42.0
 30
0.0
 40
1.8
  1
ONAY
  7
GYM
 11
525.6
 21
42.0
 31
0.0
100
AcDbText
 73
2
  0
TEXT
  5
40A
330
386
100
AcDbEntity
 67
1
  8
G-ANTET
100
AcDbText
 10
525.6
 20
37.6
 30
0.0
 40
2.5
  1
—
  7
GYM
 11
525.6
 21
37.6
 31
0.0
100
AcDbText
 73
2
  0
TEXT
  5
40B
330
386
100
AcDbEntity
 67
1
  8
G-ANTET
100
AcDbText
 10
405.6
 20
32.0
 30
0.0
 40
1.8
  1
TARİH
  7
GYM
 11
405.6
 21
32.0
 31
0.0
100
AcDbText
 73
2
  0
TEXT
  5
40C
330
386
100
AcDbEntity
 67
1
  8
G-ANTET
100
AcDbText
 10
405.6
 20
27.6
 30
0.0
 40
2.5
  1
17 Eylül 2026
  7
GYM
 11
405.6
 21
27.6
 31
0.0
100
AcDbText
 73
2
  0
TEXT
  5
40D
330
386
100
AcDbEntity
 67
1
  8
G-ANTET
100
AcDbText
 10
465.6
 20
32.0
 30
0.0
 40
1.8
  1
ÖLÇEK
  7
GYM
 11
465.6
 21
32.0
 31
0.0
100
AcDbText
 73
2
  0
TEXT
  5
40E
330
386
100
AcDbEntity
 67
1
  8
G-ANTET
100
AcDbText
 10
465.6
 20
27.6
 30
0.0
 40
3.5
  1
1:20
  7
GYM
 11
465.6
 21
27.6
 31
0.0
100
AcDbText
 73
2
  0
TEXT
  5
40F
330
386
100
AcDbEntity
 67
1
  8
G-ANTET
100
AcDbText
 10
525.6
 20
32.0
 30
0.0
 40
1.8
  1
BİRİM
  7
GYM
 11
525.6
 21
32.0
 31
0.0
100
AcDbText
 73
2
  0
TEXT
  5
410
330
386
100
AcDbEntity
 67
1
  8
G-ANTET
100
AcDbText
 10
525.6
 20
27.6
 30
0.0
 40
2.5
  1
milimetre (mm)
  7
GYM
 11
525.6
 21
27.6
 31
0.0
100
AcDbText
 73
2
  0
TEXT
  5
411
330
386
100
AcDbEntity
 67
1
  8
G-ANTET
100
AcDbText
 10
405.6
 20
22.0
 30
0.0
 40
1.8
  1
DURUM
  7
GYM
 11
405.6
 21
22.0
 31
0.0
100
AcDbText
 73
2
  0
TEXT
  5
412
330
386
100
AcDbEntity
 67
1
  8
G-ANTET
100
AcDbText
 10
405.6
 20
17.6
 30
0.0
 40
2.5
  1
ÖN TASARIM
  7
GYM
 11
405.6
 21
17.6
 31
0.0
100
AcDbText
 73
2
  0
TEXT
  5
413
330
386
100
AcDbEntity
 67
1
  8
G-ANTET
100
AcDbText
 10
465.6
 20
22.0
 30
0.0
 40
1.8
  1
PAFTA NO
  7
GYM
 11
465.6
 21
22.0
 31
0.0
100
AcDbText
 73
2
  0
TEXT
  5
414
330
386
100
AcDbEntity
 67
1
  8
G-ANTET
100
AcDbText
 10
465.6
 20
17.6
 30
0.0
 40
5.0
  1
P-01
  7
GYM
 11
465.6
 21
17.6
 31
0.0
100
AcDbText
 73
2
  0
TEXT
  5
415
330
386
100
AcDbEntity
 67
1
  8
G-ANTET
100
AcDbText
 10
525.6
 20
22.0
 30
0.0
 40
1.8
  1
REV
  7
GYM
 11
525.6
 21
22.0
 31
0.0
100
AcDbText
 73
2
  0
TEXT
  5
416
330
386
100
AcDbEntity
 67
1
  8
G-ANTET
100
AcDbText
 10
525.6
 20
17.6
 30
0.0
 40
5.0
  1
D
  7
GYM
 11
525.6
 21
17.6
 31
0.0
100
AcDbText
 73
2
  0
TEXT
  5
417
330
386
100
AcDbEntity
 67
1
  8
G-ANTET
100
AcDbText
 10
554.0
 20
18.0
 30
0.0
 40
1.8
  1
SONRAKİ: P-02
  7
GYM
 11
554.0
 21
18.0
 31
0.0
100
AcDbText
 73
2
  0
LWPOLYLINE
  5
418
330
386
100
AcDbEntity
 67
1
  8
G-ANTET
370
50
100
AcDbPolyline
 90
4
 70
1
 10
404.0
 20
107.0
 10
584.0
 20
107.0
 10
584.0
 20
143.0
 10
404.0
 20
143.0
  0
LINE
  5
419
330
386
100
AcDbEntity
 67
1
  8
G-ANTET
370
18
100
AcDbLine
 10
404.0
 20
107.0
 30
0.0
 11
584.0
 21
107.0
 31
0.0
  0
LINE
  5
41A
330
386
100
AcDbEntity
 67
1
  8
G-ANTET
370
18
100
AcDbLine
 10
404.0
 20
113.0
 30
0.0
 11
584.0
 21
113.0
 31
0.0
  0
LINE
  5
41B
330
386
100
AcDbEntity
 67
1
  8
G-ANTET
370
18
100
AcDbLine
 10
404.0
 20
119.0
 30
0.0
 11
584.0
 21
119.0
 31
0.0
  0
LINE
  5
41C
330
386
100
AcDbEntity
 67
1
  8
G-ANTET
370
18
100
AcDbLine
 10
404.0
 20
125.0
 30
0.0
 11
584.0
 21
125.0
 31
0.0
  0
LINE
  5
41D
330
386
100
AcDbEntity
 67
1
  8
G-ANTET
370
18
100
AcDbLine
 10
404.0
 20
131.0
 30
0.0
 11
584.0
 21
131.0
 31
0.0
  0
LINE
  5
41E
330
386
100
AcDbEntity
 67
1
  8
G-ANTET
370
18
100
AcDbLine
 10
404.0
 20
137.0
 30
0.0
 11
584.0
 21
137.0
 31
0.0
  0
LINE
  5
41F
330
386
100
AcDbEntity
 67
1
  8
G-ANTET
370
18
100
AcDbLine
 10
416.0
 20
107.0
 30
0.0
 11
416.0
 21
143.0
 31
0.0
  0
LINE
  5
420
330
386
100
AcDbEntity
 67
1
  8
G-ANTET
370
18
100
AcDbLine
 10
440.0
 20
107.0
 30
0.0
 11
440.0
 21
143.0
 31
0.0
  0
LINE
  5
421
330
386
100
AcDbEntity
 67
1
  8
G-ANTET
370
18
100
AcDbLine
 10
530.0
 20
107.0
 30
0.0
 11
530.0
 21
143.0
 31
0.0
  0
LINE
  5
422
330
386
100
AcDbEntity
 67
1
  8
G-ANTET
370
18
100
AcDbLine
 10
548.0
 20
107.0
 30
0.0
 11
548.0
 21
143.0
 31
0.0
  0
LINE
  5
423
330
386
100
AcDbEntity
 67
1
  8
G-ANTET
370
18
100
AcDbLine
 10
566.0
 20
107.0
 30
0.0
 11
566.0
 21
143.0
 31
0.0
  0
TEXT
  5
424
330
386
100
AcDbEntity
 67
1
  8
G-ANTET
100
AcDbText
 10
405.2
 20
140.0
 30
0.0
 40
1.8
  1
REV
  7
GYM
 11
405.2
 21
140.0
 31
0.0
100
AcDbText
 73
2
  0
TEXT
  5
425
330
386
100
AcDbEntity
 67
1
  8
G-ANTET
100
AcDbText
 10
417.2
 20
140.0
 30
0.0
 40
1.8
  1
TARİH
  7
GYM
 11
417.2
 21
140.0
 31
0.0
100
AcDbText
 73
2
  0
TEXT
  5
426
330
386
100
AcDbEntity
 67
1
  8
G-ANTET
100
AcDbText
 10
441.2
 20
140.0
 30
0.0
 40
1.8
  1
AÇIKLAMA
  7
GYM
 11
441.2
 21
140.0
 31
0.0
100
AcDbText
 73
2
  0
TEXT
  5
427
330
386
100
AcDbEntity
 67
1
  8
G-ANTET
100
AcDbText
 10
531.2
 20
140.0
 30
0.0
 40
1.8
  1
ÇZ
  7
GYM
 11
531.2
 21
140.0
 31
0.0
100
AcDbText
 73
2
  0
TEXT
  5
428
330
386
100
AcDbEntity
 67
1
  8
G-ANTET
100
AcDbText
 10
549.2
 20
140.0
 30
0.0
 40
1.8
  1
KT
  7
GYM
 11
549.2
 21
140.0
 31
0.0
100
AcDbText
 73
2
  0
TEXT
  5
429
330
386
100
AcDbEntity
 67
1
  8
G-ANTET
100
AcDbText
 10
567.2
 20
140.0
 30
0.0
 40
1.8
  1
ON
  7
GYM
 11
567.2
 21
140.0
 31
0.0
100
AcDbText
 73
2
  0
TEXT
  5
42A
330
386
100
AcDbEntity
 67
1
  8
G-ANTET
100
AcDbText
 10
405.2
 20
134.0
 30
0.0
 40
1.8
  1
A
  7
GYM
 11
405.2
 21
134.0
 31
0.0
100
AcDbText
 73
2
  0
TEXT
  5
42B
330
386
100
AcDbEntity
 67
1
  8
G-ANTET
100
AcDbText
 10
417.2
 20
134.0
 30
0.0
 40
1.8
  1
13.09.2026
  7
GYM
 11
417.2
 21
134.0
 31
0.0
100
AcDbText
 73
2
  0
TEXT
  5
42C
330
386
100
AcDbEntity
 67
1
  8
G-ANTET
100
AcDbText
 10
441.2
 20
134.0
 30
0.0
 40
1.8
  1
İlk yayın — ön tasarım
  7
GYM
 11
441.2
 21
134.0
 31
0.0
100
AcDbText
 73
2
  0
TEXT
  5
42D
330
386
100
AcDbEntity
 67
1
  8
G-ANTET
100
AcDbText
 10
405.2
 20
128.0
 30
0.0
 40
1.8
  1
B
  7
GYM
 11
405.2
 21
128.0
 31
0.0
100
AcDbText
 73
2
  0
TEXT
  5
42E
330
386
100
AcDbEntity
 67
1
  8
G-ANTET
100
AcDbText
 10
417.2
 20
128.0
 30
0.0
 40
1.8
  1
17.09.2026
  7
GYM
 11
417.2
 21
128.0
 31
0.0
100
AcDbText
 73
2
  0
TEXT
  5
42F
330
386
100
AcDbEntity
 67
1
  8
G-ANTET
100
AcDbText
 10
441.2
 20
128.0
 30
0.0
 40
1.8
  1
Mühendis geri bildirimi işlendi
  7
GYM
 11
441.2
 21
128.0
 31
0.0
100
AcDbText
 73
2
  0
TEXT
  5
430
330
386
100
AcDbEntity
 67
1
  8
G-ANTET
100
AcDbText
 10
405.2
 20
122.0
 30
0.0
 40
1.8
  1
C
  7
GYM
 11
405.2
 21
122.0
 31
0.0
100
AcDbText
 73
2
  0
TEXT
  5
431
330
386
100
AcDbEntity
 67
1
  8
G-ANTET
100
AcDbText
 10
417.2
 20
122.0
 30
0.0
 40
1.8
  1
18.09.2026
  7
GYM
 11
417.2
 21
122.0
 31
0.0
100
AcDbText
 73
2
  0
TEXT
  5
432
330
386
100
AcDbEntity
 67
1
  8
G-ANTET
100
AcDbText
 10
441.2
 20
122.0
 30
0.0
 40
1.8
  1
Geometri ölçülmüş rölöveye taşındı (ESAT-FINAL.dwg)
  7
GYM
 11
441.2
 21
122.0
 31
0.0
100
AcDbText
 73
2
  0
TEXT
  5
433
330
386
100
AcDbEntity
 67
1
  8
G-ANTET
100
AcDbText
 10
405.2
 20
116.0
 30
0.0
 40
1.8
  1
D
  7
GYM
 11
405.2
 21
116.0
 31
0.0
100
AcDbText
 73
2
  0
TEXT
  5
434
330
386
100
AcDbEntity
 67
1
  8
G-ANTET
100
AcDbText
 10
417.2
 20
116.0
 30
0.0
 40
1.8
  1
18.09.2026
  7
GYM
 11
417.2
 21
116.0
 31
0.0
100
AcDbText
 73
2
  0
TEXT
  5
435
330
386
100
AcDbEntity
 67
1
  8
G-ANTET
100
AcDbText
 10
441.2
 20
116.0
 30
0.0
 40
1.8
  1
Pilot bölge: ölçülü plan · tavan · kesit · görünüş · detay
  7
GYM
 11
441.2
 21
116.0
 31
0.0
100
AcDbText
 73
2
  0
VIEWPORT
  5
436
330
386
100
AcDbEntity
 67
1
  8
G-VIEWPORT
100
AcDbViewport
 10
145.0
 20
210.0
 30
0.0
 40
232.0
 41
382.0
 68
1
 69
3
 12
9730.771282951151
 22
6816.297626416486
 13
0.0
 23
0.0
 14
10.0
 24
10.0
 15
10.0
 25
10.0
 16
0.0
 26
0.0
 36
1.0
 17
0.0
 27
0.0
 37
0.0
 42
50.0
 43
0.0
 44
0.0
 45
7640.0
 50
0.0
 51
-8.804182583418896
 72
100
 90
0
  1

281
0
 71
0
 74
0
110
0.0
120
0.0
130
0.0
111
1.0
121
0.0
131
0.0
112
0.0
122
1.0
132
0.0
 79
0
146
0.0
282
0
  0
LWPOLYLINE
  5
437
330
386
100
AcDbEntity
 67
1
  8
G-CERCEVE
370
18
100
AcDbPolyline
 90
4
 70
1
 10
29.0
 20
19.0
 10
261.0
 20
19.0
 10
261.0
 20
401.0
 10
29.0
 20
401.0
  0
HATCH
  5
438
330
386
100
AcDbEntity
 67
1
  8
G-ANTET
 62
7
100
AcDbHatch
 10
0.0
 20
0.0
 30
0.0
210
0.0
220
0.0
230
1.0
  2
SOLID
 70
1
 71
0
 91
1
 92
3
 72
0
 73
1
 93
4
 10
37.0
 20
27.0
 10
62.0
 20
27.0
 10
62.0
 20
29.2
 10
37.0
 20
29.2
 97
0
 75
0
 76
1
 98
0
  0
LWPOLYLINE
  5
439
330
386
100
AcDbEntity
 67
1
  8
G-ANTET
370
18
100
AcDbPolyline
 90
4
 70
1
 10
37.0
 20
27.0
 10
62.0
 20
27.0
 10
62.0
 20
29.2
 10
37.0
 20
29.2
  0
HATCH
  5
43A
330
386
100
AcDbEntity
 67
1
  8
G-ANTET
 62
0
100
AcDbHatch
 10
0.0
 20
0.0
 30
0.0
210
0.0
220
0.0
230
1.0
  2
SOLID
 70
1
 71
0
 91
1
 92
3
 72
0
 73
1
 93
4
 10
62.0
 20
27.0
 10
87.0
 20
27.0
 10
87.0
 20
29.2
 10
62.0
 20
29.2
 97
0
 75
0
 76
1
 98
0
  0
LWPOLYLINE
  5
43B
330
386
100
AcDbEntity
 67
1
  8
G-ANTET
370
18
100
AcDbPolyline
 90
4
 70
1
 10
62.0
 20
27.0
 10
87.0
 20
27.0
 10
87.0
 20
29.2
 10
62.0
 20
29.2
  0
HATCH
  5
43C
330
386
100
AcDbEntity
 67
1
  8
G-ANTET
 62
7
100
AcDbHatch
 10
0.0
 20
0.0
 30
0.0
210
0.0
220
0.0
230
1.0
  2
SOLID
 70
1
 71
0
 91
1
 92
3
 72
0
 73
1
 93
4
 10
87.0
 20
27.0
 10
112.0
 20
27.0
 10
112.0
 20
29.2
 10
87.0
 20
29.2
 97
0
 75
0
 76
1
 98
0
  0
LWPOLYLINE
  5
43D
330
386
100
AcDbEntity
 67
1
  8
G-ANTET
370
18
100
AcDbPolyline
 90
4
 70
1
 10
87.0
 20
27.0
 10
112.0
 20
27.0
 10
112.0
 20
29.2
 10
87.0
 20
29.2
  0
HATCH
  5
43E
330
386
100
AcDbEntity
 67
1
  8
G-ANTET
 62
0
100
AcDbHatch
 10
0.0
 20
0.0
 30
0.0
210
0.0
220
0.0
230
1.0
  2
SOLID
 70
1
 71
0
 91
1
 92
3
 72
0
 73
1
 93
4
 10
112.0
 20
27.0
 10
137.0
 20
27.0
 10
137.0
 20
29.2
 10
112.0
 20
29.2
 97
0
 75
0
 76
1
 98
0
  0
LWPOLYLINE
  5
43F
330
386
100
AcDbEntity
 67
1
  8
G-ANTET
370
18
100
AcDbPolyline
 90
4
 70
1
 10
112.0
 20
27.0
 10
137.0
 20
27.0
 10
137.0
 20
29.2
 10
112.0
 20
29.2
  0
TEXT
  5
440
330
386
100
AcDbEntity
 67
1
  8
G-ANTET
100
AcDbText
 10
37.0
 20
23.8
 30
0.0
 40
1.8
  1
0
  7
GYM
 72
1
 11
37.0
 21
23.8
 31
0.0
100
AcDbText
 73
2
  0
TEXT
  5
441
330
386
100
AcDbEntity
 67
1
  8
G-ANTET
100
AcDbText
 10
62.0
 20
23.8
 30
0.0
 40
1.8
  1
0,50
  7
GYM
 72
1
 11
62.0
 21
23.8
 31
0.0
100
AcDbText
 73
2
  0
TEXT
  5
442
330
386
100
AcDbEntity
 67
1
  8
G-ANTET
100
AcDbText
 10
87.0
 20
23.8
 30
0.0
 40
1.8
  1
1
  7
GYM
 72
1
 11
87.0
 21
23.8
 31
0.0
100
AcDbText
 73
2
  0
TEXT
  5
443
330
386
100
AcDbEntity
 67
1
  8
G-ANTET
100
AcDbText
 10
112.0
 20
23.8
 30
0.0
 40
1.8
  1
1,50
  7
GYM
 72
1
 11
112.0
 21
23.8
 31
0.0
100
AcDbText
 73
2
  0
TEXT
  5
444
330
386
100
AcDbEntity
 67
1
  8
G-ANTET
100
AcDbText
 10
137.0
 20
23.8
 30
0.0
 40
1.8
  1
2
  7
GYM
 72
1
 11
137.0
 21
23.8
 31
0.0
100
AcDbText
 73
2
  0
TEXT
  5
445
330
386
100
AcDbEntity
 67
1
  8
G-ANTET
100
AcDbText
 10
140.0
 20
28.1
 30
0.0
 40
1.8
  1
m
  7
GYM
 11
140.0
 21
28.1
 31
0.0
100
AcDbText
 73
2
  0
TEXT
  5
446
330
386
100
AcDbEntity
 67
1
  8
G-ANTET
100
AcDbText
 10
37.0
 20
31.0
 30
0.0
 40
1.8
  1
ÖLÇEK 1:20
  7
GYM
 11
37.0
 21
31.0
 31
0.0
100
AcDbText
 73
2
  0
CIRCLE
  5
447
330
386
100
AcDbEntity
 67
1
  8
G-ANTET
370
35
100
AcDbCircle
 10
244.0
 20
384.0
 30
0.0
 40
9.0
  0
LWPOLYLINE
  5
448
330
386
100
AcDbEntity
 67
1
  8
G-ANTET
370
50
100
AcDbPolyline
 90
4
 70
1
 10
245.1846687373502
 20
391.6488012121342
 10
240.25974400517708
 20
379.8435008609178
 10
243.75204607822903
 20
382.3990881183905
 10
246.30763333570178
 20
378.9067860453386
  0
HATCH
  5
449
330
386
100
AcDbEntity
 67
1
  8
G-ANTET
 62
7
100
AcDbHatch
 10
0.0
 20
0.0
 30
0.0
210
0.0
220
0.0
230
1.0
  2
SOLID
 70
1
 71
0
 91
1
 92
3
 72
0
 73
1
 93
3
 10
245.1846687373502
 20
391.6488012121342
 10
240.25974400517708
 20
379.8435008609178
 10
243.75204607822903
 20
382.3990881183905
 97
0
 75
0
 76
1
 98
0
  0
TEXT
  5
44A
330
386
100
AcDbEntity
 67
1
  8
G-ANTET
100
AcDbText
 10
242.01024630677617
 20
371.15317625868937
 30
0.0
 40
3.5
  1
K
  7
GYM
 72
1
 11
242.01024630677617
 21
371.15317625868937
 31
0.0
100
AcDbText
 73
2
  0
LWPOLYLINE
  5
44B
330
386
100
AcDbEntity
 67
1
  8
G-ANTET
 62
1
370
50
100
AcDbPolyline
 90
4
 70
1
 10
189.0
 20
27.0
 10
259.0
 20
27.0
 10
259.0
 20
36.0
 10
189.0
 20
36.0
  0
TEXT
  5
44C
330
386
100
AcDbEntity
 67
1
  8
G-ANTET
 62
1
100
AcDbText
 10
224.0
 20
31.5
 30
0.0
 40
1.8
  1
ÖN TASARIM — UYGULAMA İÇİN DEĞİLDİR
  7
GYM
 72
1
 11
224.0
 21
31.5
 31
0.0
100
AcDbText
 73
2
  0
TEXT
  5
44D
330
386
100
AcDbEntity
 67
1
  8
G-YAZI
100
AcDbText
 10
31.0
 20
403.2
 30
0.0
 40
1.8
  1
ÖLÇÜ ALINMAZ — YAZILI ÖLÇÜLER GEÇERLİDİR
  7
GYM
 11
31.0
 21
403.2
 31
0.0
100
AcDbText
 73
2
  0
TEXT
  5
44E
330
386
100
AcDbEntity
 67
1
  8
G-YAZI
100
AcDbText
 10
269.0
 20
399.0
 30
0.0
 40
3.5
  1
MALZEME VE EKİPMAN LİSTESİ
  7
GYM
 11
269.0
 21
399.0
 31
0.0
100
AcDbText
 73
2
  0
LINE
  5
44F
330
386
100
AcDbEntity
 67
1
  8
G-YAZI
370
35
100
AcDbLine
 10
269.0
 20
396.6
 30
0.0
 11
449.0
 21
396.6
 31
0.0
  0
TEXT
  5
450
330
386
100
AcDbEntity
 67
1
  8
G-YAZI
100
AcDbText
 10
269.0
 20
392.0
 30
0.0
 40
3.5
  1
MAHAL LİSTESİ
  7
GYM
 11
269.0
 21
392.0
 31
0.0
100
AcDbText
 73
2
  0
LINE
  5
451
330
386
100
AcDbEntity
 67
1
  8
G-YAZI
370
35
100
AcDbLine
 10
269.0
 20
389.6
 30
0.0
 11
449.0
 21
389.6
 31
0.0
  0
LWPOLYLINE
  5
452
330
386
100
AcDbEntity
 67
1
  8
G-ANTET
370
35
100
AcDbPolyline
 90
4
 70
1
 10
269.0
 20
365.0
 10
395.0
 20
365.0
 10
395.0
 20
385.0
 10
269.0
 20
385.0
  0
LINE
  5
453
330
386
100
AcDbEntity
 67
1
  8
G-ANTET
370
13
100
AcDbLine
 10
269.0
 20
380.0
 30
0.0
 11
395.0
 21
380.0
 31
0.0
  0
LINE
  5
454
330
386
100
AcDbEntity
 67
1
  8
G-ANTET
370
13
100
AcDbLine
 10
269.0
 20
375.0
 30
0.0
 11
395.0
 21
375.0
 31
0.0
  0
LINE
  5
455
330
386
100
AcDbEntity
 67
1
  8
G-ANTET
370
13
100
AcDbLine
 10
269.0
 20
370.0
 30
0.0
 11
395.0
 21
370.0
 31
0.0
  0
LINE
  5
456
330
386
100
AcDbEntity
 67
1
  8
G-ANTET
370
13
100
AcDbLine
 10
280.0
 20
365.0
 30
0.0
 11
280.0
 21
385.0
 31
0.0
  0
LINE
  5
457
330
386
100
AcDbEntity
 67
1
  8
G-ANTET
370
13
100
AcDbLine
 10
321.0
 20
365.0
 30
0.0
 11
321.0
 21
385.0
 31
0.0
  0
LINE
  5
458
330
386
100
AcDbEntity
 67
1
  8
G-ANTET
370
13
100
AcDbLine
 10
343.0
 20
365.0
 30
0.0
 11
343.0
 21
385.0
 31
0.0
  0
LINE
  5
459
330
386
100
AcDbEntity
 67
1
  8
G-ANTET
370
13
100
AcDbLine
 10
363.0
 20
365.0
 30
0.0
 11
363.0
 21
385.0
 31
0.0
  0
LINE
  5
45A
330
386
100
AcDbEntity
 67
1
  8
G-ANTET
370
13
100
AcDbLine
 10
379.0
 20
365.0
 30
0.0
 11
379.0
 21
385.0
 31
0.0
  0
TEXT
  5
45B
330
386
100
AcDbEntity
 67
1
  8
G-ANTET
100
AcDbText
 10
270.2
 20
382.5
 30
0.0
 40
1.8
  1
NO
  7
GYM
 11
270.2
 21
382.5
 31
0.0
100
AcDbText
 73
2
  0
TEXT
  5
45C
330
386
100
AcDbEntity
 67
1
  8
G-ANTET
100
AcDbText
 10
281.2
 20
382.5
 30
0.0
 40
1.8
  1
MAHAL
  7
GYM
 11
281.2
 21
382.5
 31
0.0
100
AcDbText
 73
2
  0
TEXT
  5
45D
330
386
100
AcDbEntity
 67
1
  8
G-ANTET
100
AcDbText
 10
322.2
 20
382.5
 30
0.0
 40
1.8
  1
BİTMİŞ m²
  7
GYM
 11
322.2
 21
382.5
 31
0.0
100
AcDbText
 73
2
  0
TEXT
  5
45E
330
386
100
AcDbEntity
 67
1
  8
G-ANTET
100
AcDbText
 10
344.2
 20
382.5
 30
0.0
 40
1.8
  1
KABA m²
  7
GYM
 11
344.2
 21
382.5
 31
0.0
100
AcDbText
 73
2
  0
TEXT
  5
45F
330
386
100
AcDbEntity
 67
1
  8
G-ANTET
100
AcDbText
 10
364.2
 20
382.5
 30
0.0
 40
1.8
  1
ZEMİN
  7
GYM
 11
364.2
 21
382.5
 31
0.0
100
AcDbText
 73
2
  0
TEXT
  5
460
330
386
100
AcDbEntity
 67
1
  8
G-ANTET
100
AcDbText
 10
380.2
 20
382.5
 30
0.0
 40
1.8
  1
TAVAN
  7
GYM
 11
380.2
 21
382.5
 31
0.0
100
AcDbText
 73
2
  0
TEXT
  5
461
330
386
100
AcDbEntity
 67
1
  8
G-YAZI
100
AcDbText
 10
270.2
 20
377.5
 30
0.0
 40
1.8
  1
Z-05
  7
GYM
 11
270.2
 21
377.5
 31
0.0
100
AcDbText
 73
2
  0
TEXT
  5
462
330
386
100
AcDbEntity
 67
1
  8
G-YAZI
100
AcDbText
 10
281.2
 20
377.5
 30
0.0
 40
1.8
  1
ERKEK SOYUNMA
  7
GYM
 11
281.2
 21
377.5
 31
0.0
100
AcDbText
 73
2
  0
TEXT
  5
463
330
386
100
AcDbEntity
 67
1
  8
G-YAZI
100
AcDbText
 10
322.2
 20
377.5
 30
0.0
 40
1.8
  1
4,48
  7
GYM
 11
322.2
 21
377.5
 31
0.0
100
AcDbText
 73
2
  0
TEXT
  5
464
330
386
100
AcDbEntity
 67
1
  8
G-YAZI
100
AcDbText
 10
344.2
 20
377.5
 30
0.0
 40
1.8
  1
4,53
  7
GYM
 11
344.2
 21
377.5
 31
0.0
100
AcDbText
 73
2
  0
TEXT
  5
465
330
386
100
AcDbEntity
 67
1
  8
G-YAZI
100
AcDbText
 10
364.2
 20
377.5
 30
0.0
 40
1.8
  1
Z5
  7
GYM
 11
364.2
 21
377.5
 31
0.0
100
AcDbText
 73
2
  0
TEXT
  5
466
330
386
100
AcDbEntity
 67
1
  8
G-YAZI
100
AcDbText
 10
380.2
 20
377.5
 30
0.0
 40
1.8
  1
T4
  7
GYM
 11
380.2
 21
377.5
 31
0.0
100
AcDbText
 73
2
  0
TEXT
  5
467
330
386
100
AcDbEntity
 67
1
  8
G-YAZI
100
AcDbText
 10
270.2
 20
372.5
 30
0.0
 40
1.8
  1
Z-06
  7
GYM
 11
270.2
 21
372.5
 31
0.0
100
AcDbText
 73
2
  0
TEXT
  5
468
330
386
100
AcDbEntity
 67
1
  8
G-YAZI
100
AcDbText
 10
281.2
 20
372.5
 30
0.0
 40
1.8
  1
ERKEK DUŞ
  7
GYM
 11
281.2
 21
372.5
 31
0.0
100
AcDbText
 73
2
  0
TEXT
  5
469
330
386
100
AcDbEntity
 67
1
  8
G-YAZI
100
AcDbText
 10
322.2
 20
372.5
 30
0.0
 40
1.8
  1
1,57
  7
GYM
 11
322.2
 21
372.5
 31
0.0
100
AcDbText
 73
2
  0
TEXT
  5
46A
330
386
100
AcDbEntity
 67
1
  8
G-YAZI
100
AcDbText
 10
344.2
 20
372.5
 30
0.0
 40
1.8
  1
1,65
  7
GYM
 11
344.2
 21
372.5
 31
0.0
100
AcDbText
 73
2
  0
TEXT
  5
46B
330
386
100
AcDbEntity
 67
1
  8
G-YAZI
100
AcDbText
 10
364.2
 20
372.5
 30
0.0
 40
1.8
  1
Z4
  7
GYM
 11
364.2
 21
372.5
 31
0.0
100
AcDbText
 73
2
  0
TEXT
  5
46C
330
386
100
AcDbEntity
 67
1
  8
G-YAZI
100
AcDbText
 10
380.2
 20
372.5
 30
0.0
 40
1.8
  1
T3
  7
GYM
 11
380.2
 21
372.5
 31
0.0
100
AcDbText
 73
2
  0
TEXT
  5
46D
330
386
100
AcDbEntity
 67
1
  8
G-YAZI
100
AcDbText
 10
270.2
 20
367.5
 30
0.0
 40
1.8
  1
Z-07
  7
GYM
 11
270.2
 21
367.5
 31
0.0
100
AcDbText
 73
2
  0
TEXT
  5
46E
330
386
100
AcDbEntity
 67
1
  8
G-YAZI
100
AcDbText
 10
281.2
 20
367.5
 30
0.0
 40
1.8
  1
ERKEK WC
  7
GYM
 11
281.2
 21
367.5
 31
0.0
100
AcDbText
 73
2
  0
TEXT
  5
46F
330
386
100
AcDbEntity
 67
1
  8
G-YAZI
100
AcDbText
 10
322.2
 20
367.5
 30
0.0
 40
1.8
  1
1,57
  7
GYM
 11
322.2
 21
367.5
 31
0.0
100
AcDbText
 73
2
  0
TEXT
  5
470
330
386
100
AcDbEntity
 67
1
  8
G-YAZI
100
AcDbText
 10
344.2
 20
367.5
 30
0.0
 40
1.8
  1
1,65
  7
GYM
 11
344.2
 21
367.5
 31
0.0
100
AcDbText
 73
2
  0
TEXT
  5
471
330
386
100
AcDbEntity
 67
1
  8
G-YAZI
100
AcDbText
 10
364.2
 20
367.5
 30
0.0
 40
1.8
  1
Z4
  7
GYM
 11
364.2
 21
367.5
 31
0.0
100
AcDbText
 73
2
  0
TEXT
  5
472
330
386
100
AcDbEntity
 67
1
  8
G-YAZI
100
AcDbText
 10
380.2
 20
367.5
 30
0.0
 40
1.8
  1
T3
  7
GYM
 11
380.2
 21
367.5
 31
0.0
100
AcDbText
 73
2
  0
TEXT
  5
473
330
386
100
AcDbEntity
 67
1
  8
G-YAZI
100
AcDbText
 10
269.0
 20
356.0
 30
0.0
 40
3.5
  1
KAPI LİSTESİ (bu bölge)
  7
GYM
 11
269.0
 21
356.0
 31
0.0
100
AcDbText
 73
2
  0
LINE
  5
474
330
386
100
AcDbEntity
 67
1
  8
G-YAZI
370
35
100
AcDbLine
 10
269.0
 20
353.6
 30
0.0
 11
449.0
 21
353.6
 31
0.0
  0
LWPOLYLINE
  5
475
330
386
100
AcDbEntity
 67
1
  8
G-ANTET
370
35
100
AcDbPolyline
 90
4
 70
1
 10
269.0
 20
329.0
 10
409.0
 20
329.0
 10
409.0
 20
349.0
 10
269.0
 20
349.0
  0
LINE
  5
476
330
386
100
AcDbEntity
 67
1
  8
G-ANTET
370
13
100
AcDbLine
 10
269.0
 20
344.0
 30
0.0
 11
409.0
 21
344.0
 31
0.0
  0
LINE
  5
477
330
386
100
AcDbEntity
 67
1
  8
G-ANTET
370
13
100
AcDbLine
 10
269.0
 20
339.0
 30
0.0
 11
409.0
 21
339.0
 31
0.0
  0
LINE
  5
478
330
386
100
AcDbEntity
 67
1
  8
G-ANTET
370
13
100
AcDbLine
 10
269.0
 20
334.0
 30
0.0
 11
409.0
 21
334.0
 31
0.0
  0
LINE
  5
479
330
386
100
AcDbEntity
 67
1
  8
G-ANTET
370
13
100
AcDbLine
 10
283.0
 20
329.0
 30
0.0
 11
283.0
 21
349.0
 31
0.0
  0
LINE
  5
47A
330
386
100
AcDbEntity
 67
1
  8
G-ANTET
370
13
100
AcDbLine
 10
327.0
 20
329.0
 30
0.0
 11
327.0
 21
349.0
 31
0.0
  0
LINE
  5
47B
330
386
100
AcDbEntity
 67
1
  8
G-ANTET
370
13
100
AcDbLine
 10
353.0
 20
329.0
 30
0.0
 11
353.0
 21
349.0
 31
0.0
  0
TEXT
  5
47C
330
386
100
AcDbEntity
 67
1
  8
G-ANTET
100
AcDbText
 10
270.2
 20
346.5
 30
0.0
 40
1.8
  1
KOD
  7
GYM
 11
270.2
 21
346.5
 31
0.0
100
AcDbText
 73
2
  0
TEXT
  5
47D
330
386
100
AcDbEntity
 67
1
  8
G-ANTET
100
AcDbText
 10
284.2
 20
346.5
 30
0.0
 40
1.8
  1
MAHAL
  7
GYM
 11
284.2
 21
346.5
 31
0.0
100
AcDbText
 73
2
  0
TEXT
  5
47E
330
386
100
AcDbEntity
 67
1
  8
G-ANTET
100
AcDbText
 10
328.2
 20
346.5
 30
0.0
 40
1.8
  1
mm
  7
GYM
 11
328.2
 21
346.5
 31
0.0
100
AcDbText
 73
2
  0
TEXT
  5
47F
330
386
100
AcDbEntity
 67
1
  8
G-ANTET
100
AcDbText
 10
354.2
 20
346.5
 30
0.0
 40
1.8
  1
TİP
  7
GYM
 11
354.2
 21
346.5
 31
0.0
100
AcDbText
 73
2
  0
TEXT
  5
480
330
386
100
AcDbEntity
 67
1
  8
G-YAZI
100
AcDbText
 10
270.2
 20
341.5
 30
0.0
 40
1.8
  1
K03
  7
GYM
 11
270.2
 21
341.5
 31
0.0
100
AcDbText
 73
2
  0
TEXT
  5
481
330
386
100
AcDbEntity
 67
1
  8
G-YAZI
100
AcDbText
 10
284.2
 20
341.5
 30
0.0
 40
1.8
  1
105 Erkek soyunma
  7
GYM
 11
284.2
 21
341.5
 31
0.0
100
AcDbText
 73
2
  0
TEXT
  5
482
330
386
100
AcDbEntity
 67
1
  8
G-YAZI
100
AcDbText
 10
328.2
 20
341.5
 30
0.0
 40
1.8
  1
900×2100
  7
GYM
 11
328.2
 21
341.5
 31
0.0
100
AcDbText
 73
2
  0
TEXT
  5
483
330
386
100
AcDbEntity
 67
1
  8
G-YAZI
100
AcDbText
 10
354.2
 20
341.5
 30
0.0
 40
1.8
  1
Tek kanat panel kapı
  7
GYM
 11
354.2
 21
341.5
 31
0.0
100
AcDbText
 73
2
  0
TEXT
  5
484
330
386
100
AcDbEntity
 67
1
  8
G-YAZI
100
AcDbText
 10
270.2
 20
336.5
 30
0.0
 40
1.8
  1
K05
  7
GYM
 11
270.2
 21
336.5
 31
0.0
100
AcDbText
 73
2
  0
TEXT
  5
485
330
386
100
AcDbEntity
 67
1
  8
G-YAZI
100
AcDbText
 10
284.2
 20
336.5
 30
0.0
 40
1.8
  1
107 Erkek WC
  7
GYM
 11
284.2
 21
336.5
 31
0.0
100
AcDbText
 73
2
  0
TEXT
  5
486
330
386
100
AcDbEntity
 67
1
  8
G-YAZI
100
AcDbText
 10
328.2
 20
336.5
 30
0.0
 40
1.8
  1
700×2000
  7
GYM
 11
328.2
 21
336.5
 31
0.0
100
AcDbText
 73
2
  0
TEXT
  5
487
330
386
100
AcDbEntity
 67
1
  8
G-YAZI
100
AcDbText
 10
354.2
 20
336.5
 30
0.0
 40
1.8
  1
Tek kanat WC kapısı
  7
GYM
 11
354.2
 21
336.5
 31
0.0
100
AcDbText
 73
2
  0
TEXT
  5
488
330
386
100
AcDbEntity
 67
1
  8
G-YAZI
100
AcDbText
 10
270.2
 20
331.5
 30
0.0
 40
1.8
  1
K07
  7
GYM
 11
270.2
 21
331.5
 31
0.0
100
AcDbText
 73
2
  0
TEXT
  5
489
330
386
100
AcDbEntity
 67
1
  8
G-YAZI
100
AcDbText
 10
284.2
 20
331.5
 30
0.0
 40
1.8
  1
106 Erkek duş
  7
GYM
 11
284.2
 21
331.5
 31
0.0
100
AcDbText
 73
2
  0
TEXT
  5
48A
330
386
100
AcDbEntity
 67
1
  8
G-YAZI
100
AcDbText
 10
328.2
 20
331.5
 30
0.0
 40
1.8
  1
700×1950
  7
GYM
 11
328.2
 21
331.5
 31
0.0
100
AcDbText
 73
2
  0
TEXT
  5
48B
330
386
100
AcDbEntity
 67
1
  8
G-YAZI
100
AcDbText
 10
354.2
 20
331.5
 30
0.0
 40
1.8
  1
Duş kapağı
  7
GYM
 11
354.2
 21
331.5
 31
0.0
100
AcDbText
 73
2
  0
TEXT
  5
48C
330
386
100
AcDbEntity
 67
1
  8
G-YAZI
100
AcDbText
 10
269.0
 20
320.0
 30
0.0
 40
3.5
  1
VİTRİFİYE VE ARMATÜR
  7
GYM
 11
269.0
 21
320.0
 31
0.0
100
AcDbText
 73
2
  0
LINE
  5
48D
330
386
100
AcDbEntity
 67
1
  8
G-YAZI
370
35
100
AcDbLine
 10
269.0
 20
317.6
 30
0.0
 11
449.0
 21
317.6
 31
0.0
  0
LWPOLYLINE
  5
48E
330
386
100
AcDbEntity
 67
1
  8
G-ANTET
370
35
100
AcDbPolyline
 90
4
 70
1
 10
269.0
 20
288.0
 10
401.0
 20
288.0
 10
401.0
 20
313.0
 10
269.0
 20
313.0
  0
LINE
  5
48F
330
386
100
AcDbEntity
 67
1
  8
G-ANTET
370
13
100
AcDbLine
 10
269.0
 20
308.0
 30
0.0
 11
401.0
 21
308.0
 31
0.0
  0
LINE
  5
490
330
386
100
AcDbEntity
 67
1
  8
G-ANTET
370
13
100
AcDbLine
 10
269.0
 20
303.0
 30
0.0
 11
401.0
 21
303.0
 31
0.0
  0
LINE
  5
491
330
386
100
AcDbEntity
 67
1
  8
G-ANTET
370
13
100
AcDbLine
 10
269.0
 20
298.0
 30
0.0
 11
401.0
 21
298.0
 31
0.0
  0
LINE
  5
492
330
386
100
AcDbEntity
 67
1
  8
G-ANTET
370
13
100
AcDbLine
 10
269.0
 20
293.0
 30
0.0
 11
401.0
 21
293.0
 31
0.0
  0
LINE
  5
493
330
386
100
AcDbEntity
 67
1
  8
G-ANTET
370
13
100
AcDbLine
 10
287.0
 20
288.0
 30
0.0
 11
287.0
 21
313.0
 31
0.0
  0
LINE
  5
494
330
386
100
AcDbEntity
 67
1
  8
G-ANTET
370
13
100
AcDbLine
 10
371.0
 20
288.0
 30
0.0
 11
371.0
 21
313.0
 31
0.0
  0
TEXT
  5
495
330
386
100
AcDbEntity
 67
1
  8
G-ANTET
100
AcDbText
 10
270.2
 20
310.5
 30
0.0
 40
1.8
  1
KOD
  7
GYM
 11
270.2
 21
310.5
 31
0.0
100
AcDbText
 73
2
  0
TEXT
  5
496
330
386
100
AcDbEntity
 67
1
  8
G-ANTET
100
AcDbText
 10
288.2
 20
310.5
 30
0.0
 40
1.8
  1
TANIM
  7
GYM
 11
288.2
 21
310.5
 31
0.0
100
AcDbText
 73
2
  0
TEXT
  5
497
330
386
100
AcDbEntity
 67
1
  8
G-ANTET
100
AcDbText
 10
372.2
 20
310.5
 30
0.0
 40
1.8
  1
mm
  7
GYM
 11
372.2
 21
310.5
 31
0.0
100
AcDbText
 73
2
  0
TEXT
  5
498
330
386
100
AcDbEntity
 67
1
  8
G-YAZI
100
AcDbText
 10
270.2
 20
305.5
 30
0.0
 40
1.8
  1
WC-1
  7
GYM
 11
270.2
 21
305.5
 31
0.0
100
AcDbText
 73
2
  0
TEXT
  5
499
330
386
100
AcDbEntity
 67
1
  8
G-YAZI
100
AcDbText
 10
288.2
 20
305.5
 30
0.0
 40
1.8
  1
Asma klozet + gömme rezervuar
  7
GYM
 11
288.2
 21
305.5
 31
0.0
100
AcDbText
 73
2
  0
TEXT
  5
49A
330
386
100
AcDbEntity
 67
1
  8
G-YAZI
100
AcDbText
 10
372.2
 20
305.5
 30
0.0
 40
1.8
  1
370×650
  7
GYM
 11
372.2
 21
305.5
 31
0.0
100
AcDbText
 73
2
  0
TEXT
  5
49B
330
386
100
AcDbEntity
 67
1
  8
G-YAZI
100
AcDbText
 10
270.2
 20
300.5
 30
0.0
 40
1.8
  1
LV-1
  7
GYM
 11
270.2
 21
300.5
 31
0.0
100
AcDbText
 73
2
  0
TEXT
  5
49C
330
386
100
AcDbEntity
 67
1
  8
G-YAZI
100
AcDbText
 10
288.2
 20
300.5
 30
0.0
 40
1.8
  1
Lavabo + batarya
  7
GYM
 11
288.2
 21
300.5
 31
0.0
100
AcDbText
 73
2
  0
TEXT
  5
49D
330
386
100
AcDbEntity
 67
1
  8
G-YAZI
100
AcDbText
 10
372.2
 20
300.5
 30
0.0
 40
1.8
  1
500×420
  7
GYM
 11
372.2
 21
300.5
 31
0.0
100
AcDbText
 73
2
  0
TEXT
  5
49E
330
386
100
AcDbEntity
 67
1
  8
G-YAZI
100
AcDbText
 10
270.2
 20
295.5
 30
0.0
 40
1.8
  1
DU-1
  7
GYM
 11
270.2
 21
295.5
 31
0.0
100
AcDbText
 73
2
  0
TEXT
  5
49F
330
386
100
AcDbEntity
 67
1
  8
G-YAZI
100
AcDbText
 10
288.2
 20
295.5
 30
0.0
 40
1.8
  1
Duş bataryası + tepe duşu
  7
GYM
 11
288.2
 21
295.5
 31
0.0
100
AcDbText
 73
2
  0
TEXT
  5
4A0
330
386
100
AcDbEntity
 67
1
  8
G-YAZI
100
AcDbText
 10
372.2
 20
295.5
 30
0.0
 40
1.8
  1
—
  7
GYM
 11
372.2
 21
295.5
 31
0.0
100
AcDbText
 73
2
  0
TEXT
  5
4A1
330
386
100
AcDbEntity
 67
1
  8
G-YAZI
100
AcDbText
 10
270.2
 20
290.5
 30
0.0
 40
1.8
  1
SZ-1
  7
GYM
 11
270.2
 21
290.5
 31
0.0
100
AcDbText
 73
2
  0
TEXT
  5
4A2
330
386
100
AcDbEntity
 67
1
  8
G-YAZI
100
AcDbText
 10
288.2
 20
290.5
 30
0.0
 40
1.8
  1
Sifonlu yer süzgeci Ø100, paslanmaz
  7
GYM
 11
288.2
 21
290.5
 31
0.0
100
AcDbText
 73
2
  0
TEXT
  5
4A3
330
386
100
AcDbEntity
 67
1
  8
G-YAZI
100
AcDbText
 10
372.2
 20
290.5
 30
0.0
 40
1.8
  1
150×150
  7
GYM
 11
372.2
 21
290.5
 31
0.0
100
AcDbText
 73
2
  0
TEXT
  5
4A4
330
386
100
AcDbEntity
 67
1
  8
G-YAZI
100
AcDbText
 10
404.0
 20
399.0
 30
0.0
 40
3.5
  1
ÇİZGİ HİYERARŞİSİ
  7
GYM
 11
404.0
 21
399.0
 31
0.0
100
AcDbText
 73
2
  0
LINE
  5
4A5
330
386
100
AcDbEntity
 67
1
  8
G-YAZI
370
35
100
AcDbLine
 10
404.0
 20
396.6
 30
0.0
 11
584.0
 21
396.6
 31
0.0
  0
LINE
  5
4A6
330
386
100
AcDbEntity
 67
1
  8
G-ANTET
370
70
100
AcDbLine
 10
404.0
 20
392.0
 30
0.0
 11
426.0
 21
392.0
 31
0.0
  0
TEXT
  5
4A7
330
386
100
AcDbEntity
 67
1
  8
G-ANTET
100
AcDbText
 10
429.0
 20
392.0
 30
0.0
 40
1.8
  1
0,70 mm
  7
GYM
 11
429.0
 21
392.0
 31
0.0
100
AcDbText
 73
2
  0
TEXT
  5
4A8
330
386
100
AcDbEntity
 67
1
  8
G-ANTET
100
AcDbText
 10
445.0
 20
392.0
 30
0.0
 40
1.8
  1
Kesilen eleman çeperi
  7
GYM
 11
445.0
 21
392.0
 31
0.0
100
AcDbText
 73
2
  0
LINE
  5
4A9
330
386
100
AcDbEntity
 67
1
  8
G-ANTET
370
50
100
AcDbLine
 10
404.0
 20
387.4
 30
0.0
 11
426.0
 21
387.4
 31
0.0
  0
TEXT
  5
4AA
330
386
100
AcDbEntity
 67
1
  8
G-ANTET
100
AcDbText
 10
429.0
 20
387.4
 30
0.0
 40
1.8
  1
0,50 mm
  7
GYM
 11
429.0
 21
387.4
 31
0.0
100
AcDbText
 73
2
  0
TEXT
  5
4AB
330
386
100
AcDbEntity
 67
1
  8
G-ANTET
100
AcDbText
 10
445.0
 20
387.4
 30
0.0
 40
1.8
  1
Bakılan yüzey sınırı (görünüş)
  7
GYM
 11
445.0
 21
387.4
 31
0.0
100
AcDbText
 73
2
  0
LINE
  5
4AC
330
386
100
AcDbEntity
 67
1
  8
G-ANTET
370
35
100
AcDbLine
 10
404.0
 20
382.79999999999995
 30
0.0
 11
426.0
 21
382.79999999999995
 31
0.0
  0
TEXT
  5
4AD
330
386
100
AcDbEntity
 67
1
  8
G-ANTET
100
AcDbText
 10
429.0
 20
382.79999999999995
 30
0.0
 40
1.8
  1
0,35 mm
  7
GYM
 11
429.0
 21
382.79999999999995
 31
0.0
100
AcDbText
 73
2
  0
TEXT
  5
4AE
330
386
100
AcDbEntity
 67
1
  8
G-ANTET
100
AcDbText
 10
445.0
 20
382.79999999999995
 30
0.0
 40
1.8
  1
Kesit düzlemi arkasında görünen
  7
GYM
 11
445.0
 21
382.79999999999995
 31
0.0
100
AcDbText
 73
2
  0
LINE
  5
4AF
330
386
100
AcDbEntity
 67
1
  8
G-ANTET
370
25
100
AcDbLine
 10
404.0
 20
378.19999999999993
 30
0.0
 11
426.0
 21
378.19999999999993
 31
0.0
  0
TEXT
  5
4B0
330
386
100
AcDbEntity
 67
1
  8
G-ANTET
100
AcDbText
 10
429.0
 20
378.19999999999993
 30
0.0
 40
1.8
  1
0,25 mm
  7
GYM
 11
429.0
 21
378.19999999999993
 31
0.0
100
AcDbText
 73
2
  0
TEXT
  5
4B1
330
386
100
AcDbEntity
 67
1
  8
G-ANTET
100
AcDbText
 10
445.0
 20
378.19999999999993
 30
0.0
 40
1.8
  1
Ölçü · kot · anotasyon
  7
GYM
 11
445.0
 21
378.19999999999993
 31
0.0
100
AcDbText
 73
2
  0
LINE
  5
4B2
330
386
100
AcDbEntity
 67
1
  8
G-ANTET
370
18
100
AcDbLine
 10
404.0
 20
373.5999999999999
 30
0.0
 11
426.0
 21
373.5999999999999
 31
0.0
  0
TEXT
  5
4B3
330
386
100
AcDbEntity
 67
1
  8
G-ANTET
100
AcDbText
 10
429.0
 20
373.5999999999999
 30
0.0
 40
1.8
  1
0,18 mm
  7
GYM
 11
429.0
 21
373.5999999999999
 31
0.0
100
AcDbText
 73
2
  0
TEXT
  5
4B4
330
386
100
AcDbEntity
 67
1
  8
G-ANTET
100
AcDbText
 10
445.0
 20
373.5999999999999
 30
0.0
 40
1.8
  1
Arkada kalan / ikincil eleman
  7
GYM
 11
445.0
 21
373.5999999999999
 31
0.0
100
AcDbText
 73
2
  0
LINE
  5
4B5
330
386
100
AcDbEntity
 67
1
  8
G-ANTET
370
13
100
AcDbLine
 10
404.0
 20
368.9999999999999
 30
0.0
 11
426.0
 21
368.9999999999999
 31
0.0
  0
TEXT
  5
4B6
330
386
100
AcDbEntity
 67
1
  8
G-ANTET
100
AcDbText
 10
429.0
 20
368.9999999999999
 30
0.0
 40
1.8
  1
0,13 mm
  7
GYM
 11
429.0
 21
368.9999999999999
 31
0.0
100
AcDbText
 73
2
  0
TEXT
  5
4B7
330
386
100
AcDbEntity
 67
1
  8
G-ANTET
100
AcDbText
 10
445.0
 20
368.9999999999999
 30
0.0
 40
1.8
  1
Tarama · katman ayrım çizgisi
  7
GYM
 11
445.0
 21
368.9999999999999
 31
0.0
100
AcDbText
 73
2
  0
TEXT
  5
4B8
330
386
100
AcDbEntity
 67
1
  8
G-YAZI
100
AcDbText
 10
404.0
 20
360.39999999999986
 30
0.0
 40
3.5
  1
LEJANT
  7
GYM
 11
404.0
 21
360.39999999999986
 31
0.0
100
AcDbText
 73
2
  0
LINE
  5
4B9
330
386
100
AcDbEntity
 67
1
  8
G-YAZI
370
35
100
AcDbLine
 10
404.0
 20
357.9999999999999
 30
0.0
 11
584.0
 21
357.9999999999999
 31
0.0
  0
LINE
  5
4BA
330
386
100
AcDbEntity
 67
1
  8
G-ANTET
  6
Continuous
 62
8
370
18
100
AcDbLine
 10
404.0
 20
353.39999999999986
 30
0.0
 11
416.0
 21
353.39999999999986
 31
0.0
  0
TEXT
  5
4BB
330
386
100
AcDbEntity
 67
1
  8
G-YAZI
100
AcDbText
 10
419.0
 20
353.39999999999986
 30
0.0
 40
1.8
  1
Mimari — kapı ve açılım
  7
GYM
 11
419.0
 21
353.39999999999986
 31
0.0
100
AcDbText
 73
2
  0
LINE
  5
4BC
330
386
100
AcDbEntity
 67
1
  8
G-ANTET
  6
Continuous
 62
9
370
18
100
AcDbLine
 10
404.0
 20
348.79999999999984
 30
0.0
 11
416.0
 21
348.79999999999984
 31
0.0
  0
TEXT
  5
4BD
330
386
100
AcDbEntity
 67
1
  8
G-YAZI
100
AcDbText
 10
419.0
 20
348.79999999999984
 30
0.0
 40
1.8
  1
Mimari — sabit mobilya
  7
GYM
 11
419.0
 21
348.79999999999984
 31
0.0
100
AcDbText
 73
2
  0
LINE
  5
4BE
330
386
100
AcDbEntity
 67
1
  8
G-ANTET
  6
Continuous
 62
7
370
13
100
AcDbLine
 10
404.0
 20
344.1999999999998
 30
0.0
 11
416.0
 21
344.1999999999998
 31
0.0
  0
TEXT
  5
4BF
330
386
100
AcDbEntity
 67
1
  8
G-YAZI
100
AcDbText
 10
419.0
 20
344.1999999999998
 30
0.0
 40
1.8
  1
Mimari — mahal adı ve alan
  7
GYM
 11
419.0
 21
344.1999999999998
 31
0.0
100
AcDbText
 73
2
  0
LINE
  5
4C0
330
386
100
AcDbEntity
 67
1
  8
G-ANTET
  6
Continuous
 62
250
370
18
100
AcDbLine
 10
404.0
 20
339.5999999999998
 30
0.0
 11
416.0
 21
339.5999999999998
 31
0.0
  0
TEXT
  5
4C1
330
386
100
AcDbEntity
 67
1
  8
G-YAZI
100
AcDbText
 10
419.0
 20
339.5999999999998
 30
0.0
 40
1.8
  1
Mimari — mahal numarası ve kapı kodu balonu
  7
GYM
 11
419.0
 21
339.5999999999998
 31
0.0
100
AcDbText
 73
2
  0
LINE
  5
4C2
330
386
100
AcDbEntity
 67
1
  8
G-ANTET
  6
DASHDOT
 62
1
370
35
100
AcDbLine
 10
404.0
 20
334.9999999999998
 30
0.0
 11
416.0
 21
334.9999999999998
 31
0.0
  0
TEXT
  5
4C3
330
386
100
AcDbEntity
 67
1
  8
G-YAZI
100
AcDbText
 10
419.0
 20
334.9999999999998
 30
0.0
 40
1.8
  1
Mimari — kesit ve görünüş hattı
  7
GYM
 11
419.0
 21
334.9999999999998
 31
0.0
100
AcDbText
 73
2
  0
LINE
  5
4C4
330
386
100
AcDbEntity
 67
1
  8
G-ANTET
  6
Continuous
 62
30
370
25
100
AcDbLine
 10
404.0
 20
330.39999999999975
 30
0.0
 11
416.0
 21
330.39999999999975
 31
0.0
  0
TEXT
  5
4C5
330
386
100
AcDbEntity
 67
1
  8
G-YAZI
100
AcDbText
 10
419.0
 20
330.39999999999975
 30
0.0
 40
1.8
  1
Mimari — zemin kaplama tipi sınırı
  7
GYM
 11
419.0
 21
330.39999999999975
 31
0.0
100
AcDbText
 73
2
  0
LINE
  5
4C6
330
386
100
AcDbEntity
 67
1
  8
G-ANTET
  6
Continuous
 62
30
370
13
100
AcDbLine
 10
404.0
 20
325.7999999999997
 30
0.0
 11
416.0
 21
325.7999999999997
 31
0.0
  0
TEXT
  5
4C7
330
386
100
AcDbEntity
 67
1
  8
G-YAZI
100
AcDbText
 10
419.0
 20
325.7999999999997
 30
0.0
 40
1.8
  1
Mimari — zemin kaplama tipi ve kotu
  7
GYM
 11
419.0
 21
325.7999999999997
 31
0.0
100
AcDbText
 73
2
  0
LINE
  5
4C8
330
386
100
AcDbEntity
 67
1
  8
G-ANTET
  6
Continuous
 62
7
370
70
100
AcDbLine
 10
404.0
 20
321.1999999999997
 30
0.0
 11
416.0
 21
321.1999999999997
 31
0.0
  0
TEXT
  5
4C9
330
386
100
AcDbEntity
 67
1
  8
G-YAZI
100
AcDbText
 10
419.0
 20
321.1999999999997
 30
0.0
 40
1.8
  1
Kesit — kesilen eleman çeperi
  7
GYM
 11
419.0
 21
321.1999999999997
 31
0.0
100
AcDbText
 73
2
  0
LINE
  5
4CA
330
386
100
AcDbEntity
 67
1
  8
G-ANTET
  6
Continuous
 62
7
370
35
100
AcDbLine
 10
404.0
 20
316.5999999999997
 30
0.0
 11
416.0
 21
316.5999999999997
 31
0.0
  0
TEXT
  5
4CB
330
386
100
AcDbEntity
 67
1
  8
G-YAZI
100
AcDbText
 10
419.0
 20
316.5999999999997
 30
0.0
 40
1.8
  1
Kesit — kesit düzlemi arkasında görünen
  7
GYM
 11
419.0
 21
316.5999999999997
 31
0.0
100
AcDbText
 73
2
  0
LINE
  5
4CC
330
386
100
AcDbEntity
 67
1
  8
G-ANTET
  6
Continuous
 62
253
370
13
100
AcDbLine
 10
404.0
 20
311.99999999999966
 30
0.0
 11
416.0
 21
311.99999999999966
 31
0.0
  0
TEXT
  5
4CD
330
386
100
AcDbEntity
 67
1
  8
G-YAZI
100
AcDbText
 10
419.0
 20
311.99999999999966
 30
0.0
 40
1.8
  1
Kesit — malzeme taraması
  7
GYM
 11
419.0
 21
311.99999999999966
 31
0.0
100
AcDbText
 73
2
  0
LINE
  5
4CE
330
386
100
AcDbEntity
 67
1
  8
G-ANTET
  6
Continuous
 62
251
370
13
100
AcDbLine
 10
404.0
 20
307.39999999999964
 30
0.0
 11
416.0
 21
307.39999999999964
 31
0.0
  0
TEXT
  5
4CF
330
386
100
AcDbEntity
 67
1
  8
G-YAZI
100
AcDbText
 10
419.0
 20
307.39999999999964
 30
0.0
 40
1.8
  1
Detay — katman ayrım çizgisi
  7
GYM
 11
419.0
 21
307.39999999999964
 31
0.0
100
AcDbText
 73
2
  0
LINE
  5
4D0
330
386
100
AcDbEntity
 67
1
  8
G-ANTET
  6
Continuous
 62
6
370
35
100
AcDbLine
 10
404.0
 20
302.7999999999996
 30
0.0
 11
416.0
 21
302.7999999999996
 31
0.0
  0
TEXT
  5
4D1
330
386
100
AcDbEntity
 67
1
  8
G-YAZI
100
AcDbText
 10
419.0
 20
302.7999999999996
 30
0.0
 40
1.8
  1
Detay — su yalıtımı ve bandı
  7
GYM
 11
419.0
 21
302.7999999999996
 31
0.0
100
AcDbText
 73
2
  0
LINE
  5
4D2
330
386
100
AcDbEntity
 67
1
  8
G-ANTET
  6
Continuous
 62
250
370
25
100
AcDbLine
 10
404.0
 20
298.1999999999996
 30
0.0
 11
416.0
 21
298.1999999999996
 31
0.0
  0
TEXT
  5
4D3
330
386
100
AcDbEntity
 67
1
  8
G-YAZI
100
AcDbText
 10
419.0
 20
298.1999999999996
 30
0.0
 40
1.8
  1
Kot işareti ve değeri
  7
GYM
 11
419.0
 21
298.1999999999996
 31
0.0
100
AcDbText
 73
2
  0
LINE
  5
4D4
330
386
100
AcDbEntity
 67
1
  8
G-ANTET
  6
Continuous
 62
1
370
25
100
AcDbLine
 10
404.0
 20
293.59999999999957
 30
0.0
 11
416.0
 21
293.59999999999957
 31
0.0
  0
TEXT
  5
4D5
330
386
100
AcDbEntity
 67
1
  8
G-YAZI
100
AcDbText
 10
419.0
 20
293.59999999999957
 30
0.0
 40
1.8
  1
Detay çağrı balonu ve kopuş çizgisi
  7
GYM
 11
419.0
 21
293.59999999999957
 31
0.0
100
AcDbText
 73
2
  0
LINE
  5
4D6
330
386
100
AcDbEntity
 67
1
  8
G-ANTET
  6
Continuous
 62
8
370
35
100
AcDbLine
 10
404.0
 20
288.99999999999955
 30
0.0
 11
416.0
 21
288.99999999999955
 31
0.0
  0
TEXT
  5
4D7
330
386
100
AcDbEntity
 67
1
  8
G-YAZI
100
AcDbText
 10
419.0
 20
288.99999999999955
 30
0.0
 40
1.8
  1
Mekanik — pis su PVC
  7
GYM
 11
419.0
 21
288.99999999999955
 31
0.0
100
AcDbText
 73
2
  0
LINE
  5
4D8
330
386
100
AcDbEntity
 67
1
  8
G-ANTET
  6
Continuous
 62
8
370
25
100
AcDbLine
 10
404.0
 20
284.3999999999995
 30
0.0
 11
416.0
 21
284.3999999999995
 31
0.0
  0
TEXT
  5
4D9
330
386
100
AcDbEntity
 67
1
  8
G-YAZI
100
AcDbText
 10
419.0
 20
284.3999999999995
 30
0.0
 40
1.8
  1
Mekanik — vitrifiye ve su ısıtıcı
  7
GYM
 11
419.0
 21
284.3999999999995
 31
0.0
100
AcDbText
 73
2
  0
LINE
  5
4DA
330
386
100
AcDbEntity
 67
1
  8
G-ANTET
  6
Continuous
 62
7
370
13
100
AcDbLine
 10
404.0
 20
279.7999999999995
 30
0.0
 11
416.0
 21
279.7999999999995
 31
0.0
  0
TEXT
  5
4DB
330
386
100
AcDbEntity
 67
1
  8
G-YAZI
100
AcDbText
 10
419.0
 20
279.7999999999995
 30
0.0
 40
1.8
  1
Genel — zincir ölçü
  7
GYM
 11
419.0
 21
279.7999999999995
 31
0.0
100
AcDbText
 73
2
  0
LINE
  5
4DC
330
386
100
AcDbEntity
 67
1
  8
G-ANTET
  6
Continuous
 62
1
370
50
100
AcDbLine
 10
404.0
 20
275.1999999999995
 30
0.0
 11
416.0
 21
275.1999999999995
 31
0.0
  0
TEXT
  5
4DD
330
386
100
AcDbEntity
 67
1
  8
G-YAZI
100
AcDbText
 10
419.0
 20
275.1999999999995
 30
0.0
 40
1.8
  1
Genel — kesit ve detay işareti
  7
GYM
 11
419.0
 21
275.1999999999995
 31
0.0
100
AcDbText
 73
2
  0
TEXT
  5
4DE
330
386
100
AcDbEntity
 67
1
  8
G-YAZI
100
AcDbText
 10
404.0
 20
263.59999999999945
 30
0.0
 40
3.5
  1
MALZEME GÖSTERİMİ
  7
GYM
 11
404.0
 21
263.59999999999945
 31
0.0
100
AcDbText
 73
2
  0
LINE
  5
4DF
330
386
100
AcDbEntity
 67
1
  8
G-YAZI
370
35
100
AcDbLine
 10
404.0
 20
261.1999999999995
 30
0.0
 11
584.0
 21
261.1999999999995
 31
0.0
  0
LWPOLYLINE
  5
4E0
330
386
100
AcDbEntity
 67
1
  8
G-ANTET
370
35
100
AcDbPolyline
 90
4
 70
1
 10
404.0
 20
221.59999999999945
 10
530.0
 20
221.59999999999945
 10
530.0
 20
256.59999999999945
 10
404.0
 20
256.59999999999945
  0
LINE
  5
4E1
330
386
100
AcDbEntity
 67
1
  8
G-ANTET
370
13
100
AcDbLine
 10
404.0
 20
251.59999999999945
 30
0.0
 11
530.0
 21
251.59999999999945
 31
0.0
  0
LINE
  5
4E2
330
386
100
AcDbEntity
 67
1
  8
G-ANTET
370
13
100
AcDbLine
 10
404.0
 20
246.59999999999945
 30
0.0
 11
530.0
 21
246.59999999999945
 31
0.0
  0
LINE
  5
4E3
330
386
100
AcDbEntity
 67
1
  8
G-ANTET
370
13
100
AcDbLine
 10
404.0
 20
241.59999999999945
 30
0.0
 11
530.0
 21
241.59999999999945
 31
0.0
  0
LINE
  5
4E4
330
386
100
AcDbEntity
 67
1
  8
G-ANTET
370
13
100
AcDbLine
 10
404.0
 20
236.59999999999945
 30
0.0
 11
530.0
 21
236.59999999999945
 31
0.0
  0
LINE
  5
4E5
330
386
100
AcDbEntity
 67
1
  8
G-ANTET
370
13
100
AcDbLine
 10
404.0
 20
231.59999999999945
 30
0.0
 11
530.0
 21
231.59999999999945
 31
0.0
  0
LINE
  5
4E6
330
386
100
AcDbEntity
 67
1
  8
G-ANTET
370
13
100
AcDbLine
 10
404.0
 20
226.59999999999945
 30
0.0
 11
530.0
 21
226.59999999999945
 31
0.0
  0
LINE
  5
4E7
330
386
100
AcDbEntity
 67
1
  8
G-ANTET
370
13
100
AcDbLine
 10
456.0
 20
221.59999999999945
 30
0.0
 11
456.0
 21
256.59999999999945
 31
0.0
  0
TEXT
  5
4E8
330
386
100
AcDbEntity
 67
1
  8
G-ANTET
100
AcDbText
 10
405.2
 20
254.09999999999945
 30
0.0
 40
1.8
  1
MALZEME
  7
GYM
 11
405.2
 21
254.09999999999945
 31
0.0
100
AcDbText
 73
2
  0
TEXT
  5
4E9
330
386
100
AcDbEntity
 67
1
  8
G-ANTET
100
AcDbText
 10
457.2
 20
254.09999999999945
 30
0.0
 40
1.8
  1
GÖSTERİM
  7
GYM
 11
457.2
 21
254.09999999999945
 31
0.0
100
AcDbText
 73
2
  0
TEXT
  5
4EA
330
386
100
AcDbEntity
 67
1
  8
G-YAZI
100
AcDbText
 10
405.2
 20
249.09999999999945
 30
0.0
 40
1.8
  1
Tuğla dolgu duvar
  7
GYM
 11
405.2
 21
249.09999999999945
 31
0.0
100
AcDbText
 73
2
  0
TEXT
  5
4EB
330
386
100
AcDbEntity
 67
1
  8
G-YAZI
100
AcDbText
 10
457.2
 20
249.09999999999945
 30
0.0
 40
1.8
  1
ANSI32 taraması · kâğıtta 3,0 mm aralık
  7
GYM
 11
457.2
 21
249.09999999999945
 31
0.0
100
AcDbText
 73
2
  0
TEXT
  5
4EC
330
386
100
AcDbEntity
 67
1
  8
G-YAZI
100
AcDbText
 10
405.2
 20
244.09999999999945
 30
0.0
 40
1.8
  1
Alçı levha
  7
GYM
 11
405.2
 21
244.09999999999945
 31
0.0
100
AcDbText
 73
2
  0
TEXT
  5
4ED
330
386
100
AcDbEntity
 67
1
  8
G-YAZI
100
AcDbText
 10
457.2
 20
244.09999999999945
 30
0.0
 40
1.8
  1
tarama yok — yalnız katman çizgisi
  7
GYM
 11
457.2
 21
244.09999999999945
 31
0.0
100
AcDbText
 73
2
  0
TEXT
  5
4EE
330
386
100
AcDbEntity
 67
1
  8
G-YAZI
100
AcDbText
 10
405.2
 20
239.09999999999945
 30
0.0
 40
1.8
  1
Galvaniz C profil
  7
GYM
 11
405.2
 21
239.09999999999945
 31
0.0
100
AcDbText
 73
2
  0
TEXT
  5
4EF
330
386
100
AcDbEntity
 67
1
  8
G-YAZI
100
AcDbText
 10
457.2
 20
239.09999999999945
 30
0.0
 40
1.8
  1
gerçek C kesiti, aks aralığı 400 mm
  7
GYM
 11
457.2
 21
239.09999999999945
 31
0.0
100
AcDbText
 73
2
  0
TEXT
  5
4F0
330
386
100
AcDbEntity
 67
1
  8
G-YAZI
100
AcDbText
 10
405.2
 20
234.09999999999945
 30
0.0
 40
1.8
  1
Isı / ses yalıtımı (taşyünü)
  7
GYM
 11
405.2
 21
234.09999999999945
 31
0.0
100
AcDbText
 73
2
  0
TEXT
  5
4F1
330
386
100
AcDbEntity
 67
1
  8
G-YAZI
100
AcDbText
 10
457.2
 20
234.09999999999945
 30
0.0
 40
1.8
  1
sürekli zikzak (MEGEP Şekil 2.43)
  7
GYM
 11
457.2
 21
234.09999999999945
 31
0.0
100
AcDbText
 73
2
  0
TEXT
  5
4F2
330
386
100
AcDbEntity
 67
1
  8
G-YAZI
100
AcDbText
 10
405.2
 20
229.09999999999945
 30
0.0
 40
1.8
  1
Su ve nem yalıtımı
  7
GYM
 11
405.2
 21
229.09999999999945
 31
0.0
100
AcDbText
 73
2
  0
TEXT
  5
4F3
330
386
100
AcDbEntity
 67
1
  8
G-YAZI
100
AcDbText
 10
457.2
 20
229.09999999999945
 30
0.0
 40
1.8
  1
dolu/boş değişen blok (MEGEP Şekil 2.44)
  7
GYM
 11
457.2
 21
229.09999999999945
 31
0.0
100
AcDbText
 73
2
  0
TEXT
  5
4F4
330
386
100
AcDbEntity
 67
1
  8
G-YAZI
100
AcDbText
 10
405.2
 20
224.09999999999945
 30
0.0
 40
1.8
  1
Porselen seramik
  7
GYM
 11
405.2
 21
224.09999999999945
 31
0.0
100
AcDbText
 73
2
  0
TEXT
  5
4F5
330
386
100
AcDbEntity
 67
1
  8
G-YAZI
100
AcDbText
 10
457.2
 20
224.09999999999945
 30
0.0
 40
1.8
  1
gerçek karo boyunda derz çizgisi
  7
GYM
 11
457.2
 21
224.09999999999945
 31
0.0
100
AcDbText
 73
2
  0
TEXT
  5
4F6
330
386
100
AcDbEntity
 67
1
  8
G-YAZI
100
AcDbText
 10
404.0
 20
216.59999999999945
 30
0.0
 40
3.5
  1
GENEL NOTLAR
  7
GYM
 11
404.0
 21
216.59999999999945
 31
0.0
100
AcDbText
 73
2
  0
LINE
  5
4F7
330
386
100
AcDbEntity
 67
1
  8
G-YAZI
370
35
100
AcDbLine
 10
404.0
 20
214.19999999999945
 30
0.0
 11
584.0
 21
214.19999999999945
 31
0.0
  0
TEXT
  5
4F8
330
386
100
AcDbEntity
 67
1
  8
G-YAZI
100
AcDbText
 10
404.0
 20
209.59999999999945
 30
0.0
 40
1.8
  1
1. Geometri ölçülmüş rölöveden alınmıştır (ESAT-FINAL.dwg, TRIMODE).
  7
GYM
 11
404.0
 21
209.59999999999945
 31
0.0
100
AcDbText
 73
2
  0
TEXT
  5
4F9
330
386
100
AcDbEntity
 67
1
  8
G-YAZI
100
AcDbText
 10
404.0
 20
204.79999999999944
 30
0.0
 40
1.8
  1
2. Mahal alanları BİTMİŞ YÜZ net alanıdır: karkas yüzünden kaplama kalınlığı (ıslakta 16 mm, kuruda 6 mm) düşülmüştür. Kaba
  7
GYM
 11
404.0
 21
204.79999999999944
 31
0.0
100
AcDbText
 73
2
  0
TEXT
  5
4FA
330
386
100
AcDbEntity
 67
1
  8
G-YAZI
100
AcDbText
 10
404.0
 20
200.99999999999943
 30
0.0
 40
1.8
  1
   yapı (karkas) alanları malzeme listesindedir.
  7
GYM
 11
404.0
 21
200.99999999999943
 31
0.0
100
AcDbText
 73
2
  0
TEXT
  5
4FB
330
386
100
AcDbEntity
 67
1
  8
G-YAZI
100
AcDbText
 10
404.0
 20
196.19999999999942
 30
0.0
 40
1.8
  1
3. Ölçüler bloğun kendi doğrultusundadır (dünya eksenine izdüşüm değil).
  7
GYM
 11
404.0
 21
196.19999999999942
 31
0.0
100
AcDbText
 73
2
  0
TEXT
  5
4FC
330
386
100
AcDbEntity
 67
1
  8
G-YAZI
100
AcDbText
 10
404.0
 20
191.3999999999994
 30
0.0
 40
1.8
  1
4. Duş ve WC zemininde süzgeğe doğru %1,5 eğim verilecektir.
  7
GYM
 11
404.0
 21
191.3999999999994
 31
0.0
100
AcDbText
 73
2
  0
TEXT
  5
4FD
330
386
100
AcDbEntity
 67
1
  8
G-YAZI
100
AcDbText
 10
404.0
 20
186.5999999999994
 30
0.0
 40
1.8
  1
5. Duvarlar KATMAN KATMAN çizilmiştir: alçı levha · C dikme @400 mm · karkas boşluğu + taşyünü · su yalıtımı · yapıştırıcı ·
  7
GYM
 11
404.0
 21
186.5999999999994
 31
0.0
100
AcDbText
 73
2
  0
TEXT
  5
4FE
330
386
100
AcDbEntity
 67
1
  8
G-YAZI
100
AcDbText
 10
404.0
 20
182.7999999999994
 30
0.0
 40
1.8
  1
   seramik.
  7
GYM
 11
404.0
 21
182.7999999999994
 31
0.0
100
AcDbText
 73
2
  0
TEXT
  5
4FF
330
386
100
AcDbEntity
 67
1
  8
G-YAZI
100
AcDbText
 10
404.0
 20
177.99999999999937
 30
0.0
 40
1.8
  1
6. Kapı kodları kapı cetveliyle (K03·K05·K07) aynı kaynaktan üretilir.
  7
GYM
 11
404.0
 21
177.99999999999937
 31
0.0
100
AcDbText
 73
2
  0
ENDSEC
  0
SECTION
  2
OBJECTS
  0
DICTIONARY
  5
A
330
0
100
AcDbDictionary
281
1
  3
ACAD_COLOR
350
B
  3
ACAD_GROUP
350
C
  3
ACAD_LAYOUT
350
D
  3
ACAD_MATERIAL
350
E
  3
ACAD_MLEADERSTYLE
350
F
  3
ACAD_MLINESTYLE
350
10
  3
ACAD_PLOTSETTINGS
350
11
  3
ACAD_PLOTSTYLENAME
350
12
  3
ACAD_SCALELIST
350
14
  3
ACAD_TABLESTYLE
350
15
  3
ACAD_VISUALSTYLE
350
16
  3
EZDXF_META
350
2D
  0
DICTIONARY
  5
B
330
A
100
AcDbDictionary
281
1
  0
DICTIONARY
  5
C
330
A
100
AcDbDictionary
281
1
  0
DICTIONARY
  5
D
330
A
100
AcDbDictionary
281
1
  3
Model
350
1A
  3
P-01 ÖLÇÜLÜ PLAN — ERKEK ISLAK BLOK
350
389
  0
DICTIONARY
  5
E
330
A
100
AcDbDictionary
281
1
  3
ByBlock
350
1F
  3
ByLayer
350
20
  3
Global
350
21
  0
DICTIONARY
  5
F
330
A
100
AcDbDictionary
281
1
  3
Standard
350
2C
  0
DICTIONARY
  5
10
330
A
100
AcDbDictionary
281
1
  3
Standard
350
22
  0
DICTIONARY
  5
11
330
A
100
AcDbDictionary
281
1
  0
ACDBDICTIONARYWDFLT
  5
12
330
A
100
AcDbDictionary
281
1
  3
Normal
350
13
100
AcDbDictionaryWithDefault
340
13
  0
ACDBPLACEHOLDER
  5
13
330
12
  0
DICTIONARY
  5
14
330
A
100
AcDbDictionary
281
1
  0
DICTIONARY
  5
15
330
A
100
AcDbDictionary
281
1
  0
DICTIONARY
  5
16
330
A
100
AcDbDictionary
281
1
  3
2dWireframe
350
5A
  3
Basic
350
5B
  3
Brighten
350
5C
  3
ColorChange
350
5D
  3
Conceptual
350
5E
  3
Dim
350
5F
  3
EdgeColorOff
350
60
  3
Facepattern
350
61
  3
Flat
350
62
  3
FlatWithEdges
350
63
  3
Gouraud
350
64
  3
GouraudWithEdges
350
65
  3
Hidden
350
66
  3
JitterOff
350
67
  3
Linepattern
350
68
  3
Modeling
350
69
  3
OverhangOff
350
6A
  3
Realistic
350
6B
  3
Shaded
350
6C
  3
Shaded with edges
350
6D
  3
Shades of Gray
350
6E
  3
Sketchy
350
6F
  3
Thicken
350
70
  3
Wireframe
350
71
  3
X-Ray
350
72
  0
LAYOUT
  5
1A
330
D
100
AcDbPlotSettings
  1

  4
A3
  6

 40
7.5
 41
20.0
 42
7.5
 43
20.0
 44
420.0
 45
297.0
 46
0.0
 47
0.0
 48
0.0
 49
0.0
140
0.0
141
0.0
142
1.0
143
1.0
 70
1024
 72
1
 73
0
 74
5
  7

 75
16
 76
0
 77
2
 78
300
147
1.0
148
0.0
149
0.0
100
AcDbLayout
  1
Model
 70
1
 71
0
 10
0.0
 20
0.0
 11
420.0
 21
297.0
 12
0.0
 22
0.0
 32
0.0
 14
1e+20
 24
1e+20
 34
1e+20
 15
-1e+20
 25
-1e+20
 35
-1e+20
146
0.0
 13
0.0
 23
0.0
 33
0.0
 16
1.0
 26
0.0
 36
0.0
 17
0.0
 27
1.0
 37
0.0
 76
1
330
17
  0
MATERIAL
  5
1F
102
{ACAD_REACTORS
330
E
102
}
330
E
100
AcDbMaterial
  1
ByBlock
  2

 70
0
 40
1.0
 71
1
 41
1.0
 91
-1023410177
 42
1.0
 72
1
  3

 73
1
 74
1
 75
1
 44
0.5
 73
0
 45
1.0
 46
1.0
 77
1
  4

 78
1
 79
1
170
1
 48
1.0
171
1
  6

172
1
173
1
174
1
140
1.0
141
1.0
175
1
  7

176
1
177
1
178
1
143
1.0
179
1
  8

270
1
271
1
272
1
145
1.0
146
1.0
273
1
  9

274
1
275
1
276
1
 42
1.0
 72
1
  3

 73
1
 74
1
 75
1
 94
63
  0
MATERIAL
  5
20
102
{ACAD_REACTORS
330
E
102
}
330
E
100
AcDbMaterial
  1
ByLayer
  2

 70
0
 40
1.0
 71
1
 41
1.0
 91
-1023410177
 42
1.0
 72
1
  3

 73
1
 74
1
 75
1
 44
0.5
 73
0
 45
1.0
 46
1.0
 77
1
  4

 78
1
 79
1
170
1
 48
1.0
171
1
  6

172
1
173
1
174
1
140
1.0
141
1.0
175
1
  7

176
1
177
1
178
1
143
1.0
179
1
  8

270
1
271
1
272
1
145
1.0
146
1.0
273
1
  9

274
1
275
1
276
1
 42
1.0
 72
1
  3

 73
1
 74
1
 75
1
 94
63
  0
MATERIAL
  5
21
102
{ACAD_REACTORS
330
E
102
}
330
E
100
AcDbMaterial
  1
Global
  2

 70
0
 40
1.0
 71
1
 41
1.0
 91
-1023410177
 42
1.0
 72
1
  3

 73
1
 74
1
 75
1
 44
0.5
 73
0
 45
1.0
 46
1.0
 77
1
  4

 78
1
 79
1
170
1
 48
1.0
171
1
  6

172
1
173
1
174
1
140
1.0
141
1.0
175
1
  7

176
1
177
1
178
1
143
1.0
179
1
  8

270
1
271
1
272
1
145
1.0
146
1.0
273
1
  9

274
1
275
1
276
1
 42
1.0
 72
1
  3

 73
1
 74
1
 75
1
 94
63
  0
MLINESTYLE
  5
22
102
{ACAD_REACTORS
330
10
102
}
330
10
100
AcDbMlineStyle
  2
Standard
 70
0
  3

 62
256
 51
90.0
 52
90.0
 71
2
 49
0.5
 62
256
  6
BYLAYER
 49
-0.5
 62
256
  6
BYLAYER
  0
MLEADERSTYLE
  5
2C
102
{ACAD_REACTORS
330
F
102
}
330
F
100
AcDbMLeaderStyle
179
2
170
2
171
1
172
0
 90
2
 40
0.0
 41
0.0
173
1
 91
-1056964608
 92
-2
290
1
 42
2.0
291
1
 43
8.0
  3
Standard
 44
4.0
300

342
29
174
1
175
1
176
0
178
1
 93
-1056964608
 45
4.0
292
0
297
0
 46
4.0
 94
-1056964608
 47
1.0
 49
1.0
140
1.0
294
1
141
0.0
177
0
142
1.0
295
0
296
0
143
3.75
271
0
272
9
273
9
  0
DICTIONARY
  5
2D
330
A
100
AcDbDictionary
280
1
281
1
  3
CREATED_BY_EZDXF
350
2E
  3
WRITTEN_BY_EZDXF
350
503
  0
DICTIONARYVAR
  5
2E
330
2D
100
DictionaryVariables
280
0
  1
1.4.4 @ 2026-09-19T20:31:56.858812+00:00
  0
VISUALSTYLE
  5
5A
102
{ACAD_REACTORS
330
16
102
}
330
16
100
AcDbVisualStyle
  2
2dWireframe
 70
4
 90
0
 40
0.6
 62
7
290
0
291
0
  0
VISUALSTYLE
  5
5B
102
{ACAD_REACTORS
330
16
102
}
330
16
100
AcDbVisualStyle
  2
Basic
 70
7
 90
1
 40
0.6
 62
7
290
0
291
1
  0
VISUALSTYLE
  5
5C
102
{ACAD_REACTORS
330
16
102
}
330
16
100
AcDbVisualStyle
  2
Brighten
 70
12
 90
2
 40
0.6
 62
7
290
0
291
1
  0
VISUALSTYLE
  5
5D
102
{ACAD_REACTORS
330
16
102
}
330
16
100
AcDbVisualStyle
  2
ColorChange
 70
16
 90
2
 40
0.6
 62
8
290
0
291
1
  0
VISUALSTYLE
  5
5E
102
{ACAD_REACTORS
330
16
102
}
330
16
100
AcDbVisualStyle
  2
Conceptual
 70
9
 90
3
 40
0.6
 62
7
290
0
291
0
  0
VISUALSTYLE
  5
5F
102
{ACAD_REACTORS
330
16
102
}
330
16
100
AcDbVisualStyle
  2
Dim
 70
11
 90
2
 40
0.6
 62
7
290
0
291
1
  0
VISUALSTYLE
  5
60
102
{ACAD_REACTORS
330
16
102
}
330
16
100
AcDbVisualStyle
  2
EdgeColorOff
 70
22
 90
2
 40
0.6
 62
7
290
0
291
1
  0
VISUALSTYLE
  5
61
102
{ACAD_REACTORS
330
16
102
}
330
16
100
AcDbVisualStyle
  2
Facepattern
 70
15
 90
2
 40
0.6
 62
7
290
0
291
1
  0
VISUALSTYLE
  5
62
102
{ACAD_REACTORS
330
16
102
}
330
16
100
AcDbVisualStyle
  2
Flat
 70
0
 90
2
 40
0.6
 62
7
290
0
291
1
  0
VISUALSTYLE
  5
63
102
{ACAD_REACTORS
330
16
102
}
330
16
100
AcDbVisualStyle
  2
FlatWithEdges
 70
1
 90
2
 40
0.6
 62
7
290
0
291
1
  0
VISUALSTYLE
  5
64
102
{ACAD_REACTORS
330
16
102
}
330
16
100
AcDbVisualStyle
  2
Gouraud
 70
2
 90
2
 40
0.6
 62
7
290
0
291
1
  0
VISUALSTYLE
  5
65
102
{ACAD_REACTORS
330
16
102
}
330
16
100
AcDbVisualStyle
  2
GouraudWithEdges
 70
3
 90
2
 40
0.6
 62
7
290
0
291
1
  0
VISUALSTYLE
  5
66
102
{ACAD_REACTORS
330
16
102
}
330
16
100
AcDbVisualStyle
  2
Hidden
 70
6
 90
1
 40
0.6
 62
7
290
0
291
0
  0
VISUALSTYLE
  5
67
102
{ACAD_REACTORS
330
16
102
}
330
16
100
AcDbVisualStyle
  2
JitterOff
 70
20
 90
2
 40
0.6
 62
7
290
0
291
1
  0
VISUALSTYLE
  5
68
102
{ACAD_REACTORS
330
16
102
}
330
16
100
AcDbVisualStyle
  2
Linepattern
 70
14
 90
2
 40
0.6
 62
7
290
0
291
1
  0
VISUALSTYLE
  5
69
102
{ACAD_REACTORS
330
16
102
}
330
16
100
AcDbVisualStyle
  2
Modeling
 70
10
 90
2
 40
0.6
 62
7
290
0
291
0
  0
VISUALSTYLE
  5
6A
102
{ACAD_REACTORS
330
16
102
}
330
16
100
AcDbVisualStyle
  2
OverhangOff
 70
21
 90
2
 40
0.6
 62
7
290
0
291
1
  0
VISUALSTYLE
  5
6B
102
{ACAD_REACTORS
330
16
102
}
330
16
100
AcDbVisualStyle
  2
Realistic
 70
8
 90
2
 40
0.6
 62
7
290
0
291
0
  0
VISUALSTYLE
  5
6C
102
{ACAD_REACTORS
330
16
102
}
330
16
100
AcDbVisualStyle
  2
Shaded
 70
27
 90
2
 40
0.6
 62
7
290
0
291
0
  0
VISUALSTYLE
  5
6D
102
{ACAD_REACTORS
330
16
102
}
330
16
100
AcDbVisualStyle
  2
Shaded with edges
 70
26
 90
2
 40
0.6
 62
7
290
0
291
0
  0
VISUALSTYLE
  5
6E
102
{ACAD_REACTORS
330
16
102
}
330
16
100
AcDbVisualStyle
  2
Shades of Gray
 70
23
 90
2
 40
0.6
 62
7
290
0
291
0
  0
VISUALSTYLE
  5
6F
102
{ACAD_REACTORS
330
16
102
}
330
16
100
AcDbVisualStyle
  2
Sketchy
 70
24
 90
1
 40
0.6
 62
7
290
0
291
0
  0
VISUALSTYLE
  5
70
102
{ACAD_REACTORS
330
16
102
}
330
16
100
AcDbVisualStyle
  2
Thicken
 70
13
 90
2
 40
0.6
 62
7
290
0
291
1
  0
VISUALSTYLE
  5
71
102
{ACAD_REACTORS
330
16
102
}
330
16
100
AcDbVisualStyle
  2
Wireframe
 70
5
 90
0
 40
0.6
 62
7
290
0
291
0
  0
VISUALSTYLE
  5
72
102
{ACAD_REACTORS
330
16
102
}
330
16
100
AcDbVisualStyle
  2
X-Ray
 70
25
 90
2
 40
0.5
 62
7
290
0
291
0
  0
LAYOUT
  5
389
330
D
100
AcDbPlotSettings
  1

  2
DWG to PDF.pc3
  4
ezdxf_(594.00_x_420.00_MM)
  6

 40
0.0
 41
0.0
 42
0.0
 43
0.0
 44
594.0
 45
420.0
 46
0.0
 47
0.0
 48
0.0
 49
0.0
140
0.0
141
0.0
142
1.0
143
1.0
 70
672
 72
1
 73
0
 74
5
  7

 75
16
 76
0
 77
2
 78
300
147
1.0
148
0.0
149
0.0
100
AcDbLayout
  1
P-01 ÖLÇÜLÜ PLAN — ERKEK ISLAK BLOK
 70
1
 71
3
 10
-0.0
 20
-0.0
 11
594.0
 21
420.0
 12
0.0
 22
0.0
 32
0.0
 14
1e+20
 24
1e+20
 34
1e+20
 15
-1e+20
 25
-1e+20
 35
-1e+20
146
0.0
 13
0.0
 23
0.0
 33
0.0
 16
1.0
 26
0.0
 36
0.0
 17
0.0
 27
1.0
 37
0.0
 76
1
330
386
331
38A
  0
DICTIONARYVAR
  5
503
330
2D
100
DictionaryVariables
280
0
  1
1.4.4 @ 2026-09-19T20:31:56.894448+00:00
  0
ENDSEC
  0
EOF
