  0
SECTION
  2
HEADER
  9
$ACADVER
  1
AC1024
  9
$ACADMAINTVER
 70
6
  9
$DWGCODEPAGE
  3
ANSI_1252
  9
$LASTSAVEDBY
  1
ezdxf
  9
$INSBASE
 10
0.0
 20
0.0
 30
0.0
  9
$EXTMIN
 10
1e+20
 20
1e+20
 30
1e+20
  9
$EXTMAX
 10
-1e+20
 20
-1e+20
 30
-1e+20
  9
$LIMMIN
 10
0.0
 20
0.0
  9
$LIMMAX
 10
420.0
 20
297.0
  9
$ORTHOMODE
 70
0
  9
$REGENMODE
 70
1
  9
$FILLMODE
 70
1
  9
$QTEXTMODE
 70
0
  9
$MIRRTEXT
 70
1
  9
$LTSCALE
 40
1.0
  9
$ATTMODE
 70
1
  9
$TEXTSIZE
 40
2.5
  9
$TRACEWID
 40
1.0
  9
$TEXTSTYLE
  7
OpenSans
  9
$CLAYER
  8
0
  9
$CELTYPE
  6
ByLayer
  9
$CECOLOR
 62
256
  9
$CELTSCALE
 40
1.0
  9
$DISPSILH
 70
0
  9
$DIMSCALE
 40
75.0
  9
$DIMASZ
 40
0.175
  9
$DIMEXO
 40
0.125
  9
$DIMDLI
 40
3.75
  9
$DIMRND
 40
0.0
  9
$DIMDLE
 40
0.0
  9
$DIMEXE
 40
0.375
  9
$DIMTP
 40
0.0
  9
$DIMTM
 40
0.0
  9
$DIMTXT
 40
0.25
  9
$DIMCEN
 40
2.5
  9
$DIMTSZ
 40
0.0
  9
$DIMTOL
 70
0
  9
$DIMLIM
 70
0
  9
$DIMTIH
 70
0
  9
$DIMTOH
 70
0
  9
$DIMSE1
 70
0
  9
$DIMSE2
 70
0
  9
$DIMTAD
 70
1
  9
$DIMZIN
 70
12
  9
$DIMBLK
  1
ARCHTICK
  9
$DIMASO
 70
1
  9
$DIMSHO
 70
1
  9
$DIMPOST
  1

  9
$DIMAPOST
  1

  9
$DIMALT
 70
0
  9
$DIMALTD
 70
3
  9
$DIMALTF
 40
0.03937007874
  9
$DIMLFAC
 40
100.0
  9
$DIMTOFL
 70
1
  9
$DIMTVP
 40
0.0
  9
$DIMTIX
 70
0
  9
$DIMSOXD
 70
0
  9
$DIMSAH
 70
0
  9
$DIMBLK1
  1

  9
$DIMBLK2
  1

  9
$DIMSTYLE
  2
GYM-50
  9
$DIMCLRD
 70
0
  9
$DIMCLRE
 70
0
  9
$DIMCLRT
 70
0
  9
$DIMTFAC
 40
0.5
  9
$DIMGAP
 40
0.1
  9
$DIMJUST
 70
0
  9
$DIMSD1
 70
0
  9
$DIMSD2
 70
0
  9
$DIMTOLJ
 70
0
  9
$DIMTZIN
 70
8
  9
$DIMALTZ
 70
0
  9
$DIMALTTZ
 70
0
  9
$DIMUPT
 70
1
  9
$DIMDEC
 70
2
  9
$DIMTDEC
 70
2
  9
$DIMALTU
 70
2
  9
$DIMALTTD
 70
3
  9
$DIMTXSTY
  7
OpenSansCondensed-Light
  9
$DIMAUNIT
 70
0
  9
$DIMADEC
 70
2
  9
$DIMALTRND
 40
0.0
  9
$DIMAZIN
 70
3
  9
$DIMDSEP
 70
46
  9
$DIMATFIT
 70
3
  9
$DIMFRAC
 70
0
  9
$DIMLDRBLK
  1

  9
$DIMLUNIT
 70
2
  9
$DIMLWD
 70
-2
  9
$DIMLWE
 70
-2
  9
$DIMTMOVE
 70
2
  9
$DIMFXL
 40
1.0
  9
$DIMFXLON
 70
0
  9
$DIMJOGANG
 40
0.785398163397
  9
$DIMTFILL
 70
0
  9
$DIMTFILLCLR
 70
0
  9
$DIMARCSYM
 70
0
  9
$DIMLTYPE
  6

  9
$DIMLTEX1
  6

  9
$DIMLTEX2
  6

  9
$DIMTXTDIRECTION
 70
0
  9
$LUNITS
 70
2
  9
$LUPREC
 70
2
  9
$SKETCHINC
 40
1.0
  9
$FILLETRAD
 40
10.0
  9
$AUNITS
 70
0
  9
$AUPREC
 70
2
  9
$MENU
  1
.
  9
$ELEVATION
 40
0.0
  9
$PELEVATION
 40
0.0
  9
$THICKNESS
 40
0.0
  9
$LIMCHECK
 70
0
  9
$CHAMFERA
 40
0.0
  9
$CHAMFERB
 40
0.0
  9
$CHAMFERC
 40
0.0
  9
$CHAMFERD
 40
0.0
  9
$SKPOLY
 70
0
  9
$TDCREATE
 40
2461302.388587963
  9
$TDUCREATE
 40
2458532.153996898
  9
$TDUPDATE
 40
2461302.388587963
  9
$TDUUPDATE
 40
2458532.1544311
  9
$TDINDWG
 40
0.0
  9
$TDUSRTIMER
 40
0.0
  9
$USRTIMER
 70
1
  9
$ANGBASE
 50
0.0
  9
$ANGDIR
 70
0
  9
$PDMODE
 70
0
  9
$PDSIZE
 40
0.0
  9
$PLINEWID
 40
0.0
  9
$SPLFRAME
 70
0
  9
$SPLINETYPE
 70
6
  9
$SPLINESEGS
 70
8
  9
$HANDSEED
  5
95E
  9
$SURFTAB1
 70
6
  9
$SURFTAB2
 70
6
  9
$SURFTYPE
 70
6
  9
$SURFU
 70
6
  9
$SURFV
 70
6
  9
$UCSBASE
  2

  9
$UCSNAME
  2

  9
$UCSORG
 10
0.0
 20
0.0
 30
0.0
  9
$UCSXDIR
 10
1.0
 20
0.0
 30
0.0
  9
$UCSYDIR
 10
0.0
 20
1.0
 30
0.0
  9
$UCSORTHOREF
  2

  9
$UCSORTHOVIEW
 70
0
  9
$UCSORGTOP
 10
0.0
 20
0.0
 30
0.0
  9
$UCSORGBOTTOM
 10
0.0
 20
0.0
 30
0.0
  9
$UCSORGLEFT
 10
0.0
 20
0.0
 30
0.0
  9
$UCSORGRIGHT
 10
0.0
 20
0.0
 30
0.0
  9
$UCSORGFRONT
 10
0.0
 20
0.0
 30
0.0
  9
$UCSORGBACK
 10
0.0
 20
0.0
 30
0.0
  9
$PUCSBASE
  2

  9
$PUCSNAME
  2

  9
$PUCSORG
 10
0.0
 20
0.0
 30
0.0
  9
$PUCSXDIR
 10
1.0
 20
0.0
 30
0.0
  9
$PUCSYDIR
 10
0.0
 20
1.0
 30
0.0
  9
$PUCSORTHOREF
  2

  9
$PUCSORTHOVIEW
 70
0
  9
$PUCSORGTOP
 10
0.0
 20
0.0
 30
0.0
  9
$PUCSORGBOTTOM
 10
0.0
 20
0.0
 30
0.0
  9
$PUCSORGLEFT
 10
0.0
 20
0.0
 30
0.0
  9
$PUCSORGRIGHT
 10
0.0
 20
0.0
 30
0.0
  9
$PUCSORGFRONT
 10
0.0
 20
0.0
 30
0.0
  9
$PUCSORGBACK
 10
0.0
 20
0.0
 30
0.0
  9
$USERI1
 70
0
  9
$USERI2
 70
0
  9
$USERI3
 70
0
  9
$USERI4
 70
0
  9
$USERI5
 70
0
  9
$USERR1
 40
0.0
  9
$USERR2
 40
0.0
  9
$USERR3
 40
0.0
  9
$USERR4
 40
0.0
  9
$USERR5
 40
0.0
  9
$WORLDVIEW
 70
1
  9
$SHADEDGE
 70
3
  9
$SHADEDIF
 70
70
  9
$TILEMODE
 70
1
  9
$MAXACTVP
 70
64
  9
$PINSBASE
 10
0.0
 20
0.0
 30
0.0
  9
$PLIMCHECK
 70
0
  9
$PEXTMIN
 10
1e+20
 20
1e+20
 30
1e+20
  9
$PEXTMAX
 10
-1e+20
 20
-1e+20
 30
-1e+20
  9
$PLIMMIN
 10
-0.0
 20
-0.0
  9
$PLIMMAX
 10
841.0
 20
594.0
  9
$UNITMODE
 70
0
  9
$VISRETAIN
 70
1
  9
$PLINEGEN
 70
0
  9
$PSLTSCALE
 70
1
  9
$TREEDEPTH
 70
3020
  9
$CMLSTYLE
  2
Standard
  9
$CMLJUST
 70
0
  9
$CMLSCALE
 40
20.0
  9
$PROXYGRAPHICS
 70
1
  9
$MEASUREMENT
 70
1
  9
$CELWEIGHT
370
-1
  9
$ENDCAPS
280
0
  9
$JOINSTYLE
280
0
  9
$LWDISPLAY
290
1
  9
$INSUNITS
 70
4
  9
$HYPERLINKBASE
  1

  9
$STYLESHEET
  1

  9
$XEDIT
290
1
  9
$CEPSNTYPE
380
0
  9
$PSTYLEMODE
290
1
  9
$FINGERPRINTGUID
  2
{F8C2F254-F5DF-41ED-9C61-A333E9970BC8}
  9
$VERSIONGUID
  2
{53BCB0A4-BC6F-4FBC-8CD8-567A5CDB7F54}
  9
$EXTNAMES
290
1
  9
$PSVPSCALE
 40
0.0
  9
$OLESTARTUP
290
0
  9
$SORTENTS
280
127
  9
$INDEXCTL
280
0
  9
$HIDETEXT
280
1
  9
$XCLIPFRAME
280
1
  9
$HALOGAP
280
0
  9
$OBSCOLOR
 70
257
  9
$OBSLTYPE
280
0
  9
$INTERSECTIONDISPLAY
280
0
  9
$INTERSECTIONCOLOR
 70
257
  9
$DIMASSOC
280
2
  9
$PROJECTNAME
  1

  9
$CAMERADISPLAY
290
0
  9
$LENSLENGTH
 40
50.0
  9
$CAMERAHEIGHT
 40
0.0
  9
$STEPSPERSEC
 40
24.0
  9
$STEPSIZE
 40
100.0
  9
$3DDWFPREC
 40
2.0
  9
$PSOLWIDTH
 40
0.005
  9
$PSOLHEIGHT
 40
0.08
  9
$LOFTANG1
 40
1.570796326795
  9
$LOFTANG2
 40
1.570796326795
  9
$LOFTMAG1
 40
0.0
  9
$LOFTMAG2
 40
0.0
  9
$LOFTPARAM
 70
7
  9
$LOFTNORMALS
280
1
  9
$LATITUDE
 40
37.795
  9
$LONGITUDE
 40
-122.394
  9
$NORTHDIRECTION
 40
0.0
  9
$TIMEZONE
 70
-8000
  9
$LIGHTGLYPHDISPLAY
280
1
  9
$TILEMODELIGHTSYNCH
280
1
  9
$CMATERIAL
347
20
  9
$SOLIDHIST
280
0
  9
$SHOWHIST
280
1
  9
$DWFFRAME
280
2
  9
$DGNFRAME
280
2
  9
$REALWORLDSCALE
290
1
  9
$INTERFERECOLOR
 62
256
  9
$CSHADOW
280
0
  9
$SHADOWPLANELOCATION
 40
0.0
  0
ENDSEC
  0
SECTION
  2
CLASSES
  0
CLASS
  1
ACDBDICTIONARYWDFLT
  2
AcDbDictionaryWithDefault
  3
ObjectDBX Classes
 90
0
 91
0
280
0
281
0
  0
CLASS
  1
SUN
  2
AcDbSun
  3
SCENEOE
 90
1153
 91
0
280
0
281
0
  0
CLASS
  1
VISUALSTYLE
  2
AcDbVisualStyle
  3
ObjectDBX Classes
 90
4095
 91
0
280
0
281
0
  0
CLASS
  1
MATERIAL
  2
AcDbMaterial
  3
ObjectDBX Classes
 90
1153
 91
0
280
0
281
0
  0
CLASS
  1
SCALE
  2
AcDbScale
  3
ObjectDBX Classes
 90
1153
 91
0
280
0
281
0
  0
CLASS
  1
TABLESTYLE
  2
AcDbTableStyle
  3
ObjectDBX Classes
 90
4095
 91
0
280
0
281
0
  0
CLASS
  1
MLEADERSTYLE
  2
AcDbMLeaderStyle
  3
ACDB_MLEADERSTYLE_CLASS
 90
4095
 91
0
280
0
281
0
  0
CLASS
  1
DICTIONARYVAR
  2
AcDbDictionaryVar
  3
ObjectDBX Classes
 90
0
 91
0
280
0
281
0
  0
CLASS
  1
CELLSTYLEMAP
  2
AcDbCellStyleMap
  3
ObjectDBX Classes
 90
1152
 91
0
280
0
281
0
  0
CLASS
  1
MENTALRAYRENDERSETTINGS
  2
AcDbMentalRayRenderSettings
  3
SCENEOE
 90
1024
 91
0
280
0
281
0
  0
CLASS
  1
ACDBDETAILVIEWSTYLE
  2
AcDbDetailViewStyle
  3
ObjectDBX Classes
 90
1025
 91
0
280
0
281
0
  0
CLASS
  1
ACDBSECTIONVIEWSTYLE
  2
AcDbSectionViewStyle
  3
ObjectDBX Classes
 90
1025
 91
0
280
0
281
0
  0
CLASS
  1
RASTERVARIABLES
  2
AcDbRasterVariables
  3
ISM
 90
0
 91
0
280
0
281
0
  0
CLASS
  1
ACDBPLACEHOLDER
  2
AcDbPlaceHolder
  3
ObjectDBX Classes
 90
0
 91
0
280
0
281
0
  0
CLASS
  1
LAYOUT
  2
AcDbLayout
  3
ObjectDBX Classes
 90
0
 91
0
280
0
281
0
  0
ENDSEC
  0
SECTION
  2
TABLES
  0
TABLE
  2
VPORT
  5
8
330
0
100
AcDbSymbolTable
 70
1
  0
VPORT
  5
95A
330
8
100
AcDbSymbolTableRecord
100
AcDbViewportTableRecord
  2
*Active
 70
0
 10
0.0
 20
0.0
 11
1.0
 21
1.0
 12
5781.402523373163
 22
6494.971236472614
 13
0.0
 23
0.0
 14
0.5
 24
0.5
 15
0.5
 25
0.5
 16
0.0
 26
0.0
 36
1.0
 17
0.0
 27
0.0
 37
0.0
 40
16000.0
 41
1.34
 42
50.0
 43
0.0
 44
0.0
 50
0.0
 51
0.0
 71
0
 72
1000
 73
1
 74
3
 75
0
 76
0
 77
0
 78
0
281
0
 65
1
110
0.0
120
0.0
130
0.0
111
1.0
121
0.0
131
0.0
112
0.0
122
1.0
132
0.0
 79
0
146
0.0
  0
ENDTAB
  0
TABLE
  2
LTYPE
  5
2
330
0
100
AcDbSymbolTable
 70
21
  0
LTYPE
  5
24
330
2
100
AcDbSymbolTableRecord
100
AcDbLinetypeTableRecord
  2
ByBlock
 70
0
  3

 72
65
 73
0
 40
0.0
  0
LTYPE
  5
25
330
2
100
AcDbSymbolTableRecord
100
AcDbLinetypeTableRecord
  2
ByLayer
 70
0
  3

 72
65
 73
0
 40
0.0
  0
LTYPE
  5
26
330
2
100
AcDbSymbolTableRecord
100
AcDbLinetypeTableRecord
  2
Continuous
 70
0
  3

 72
65
 73
0
 40
0.0
  0
LTYPE
  5
2F
330
2
100
AcDbSymbolTableRecord
100
AcDbLinetypeTableRecord
  2
CENTER
 70
0
  3
Center ____ _ ____ _ ____ _ ____ _ ____ _ ____
 72
65
 73
4
 40
5.08
 49
3.175
 74
0
 49
-0.635
 74
0
 49
0.635
 74
0
 49
-0.635
 74
0
  0
LTYPE
  5
30
330
2
100
AcDbSymbolTableRecord
100
AcDbLinetypeTableRecord
  2
CENTERX2
 70
0
  3
Center (2x) ________  __  ________  __  ________
 72
65
 73
4
 40
8.89
 49
6.35
 74
0
 49
-0.635
 74
0
 49
1.27
 74
0
 49
-0.635
 74
0
  0
LTYPE
  5
31
330
2
100
AcDbSymbolTableRecord
100
AcDbLinetypeTableRecord
  2
CENTER2
 70
0
  3
Center (.5x) ____ _ ____ _ ____ _ ____ _ ____
 72
65
 73
4
 40
2.54
 49
1.587
 74
0
 49
-0.318
 74
0
 49
0.318
 74
0
 49
-0.318
 74
0
  0
LTYPE
  5
32
330
2
100
AcDbSymbolTableRecord
100
AcDbLinetypeTableRecord
  2
DASHED
 70
0
  3
Dashed __ __ __ __ __ __ __ __ __ __ __ __ __ _
 72
65
 73
2
 40
1.524
 49
1.27
 74
0
 49
-0.254
 74
0
  0
LTYPE
  5
33
330
2
100
AcDbSymbolTableRecord
100
AcDbLinetypeTableRecord
  2
DASHEDX2
 70
0
  3
Dashed (2x) ____  ____  ____  ____  ____  ____
 72
65
 73
2
 40
3.048
 49
2.54
 74
0
 49
-0.508
 74
0
  0
LTYPE
  5
34
330
2
100
AcDbSymbolTableRecord
100
AcDbLinetypeTableRecord
  2
DASHED2
 70
0
  3
Dashed (.5x) _ _ _ _ _ _ _ _ _ _ _ _ _ _
 72
65
 73
2
 40
0.762
 49
0.635
 74
0
 49
-0.127
 74
0
  0
LTYPE
  5
35
330
2
100
AcDbSymbolTableRecord
100
AcDbLinetypeTableRecord
  2
PHANTOM
 70
0
  3
Phantom ______  __  __  ______  __  __  ______
 72
65
 73
6
 40
6.35
 49
3.175
 74
0
 49
-0.635
 74
0
 49
0.635
 74
0
 49
-0.635
 74
0
 49
0.635
 74
0
 49
-0.635
 74
0
  0
LTYPE
  5
36
330
2
100
AcDbSymbolTableRecord
100
AcDbLinetypeTableRecord
  2
PHANTOMX2
 70
0
  3
Phantom (2x)____________    ____    ____    ____________
 72
65
 73
6
 40
10.795
 49
6.35
 74
0
 49
-0.635
 74
0
 49
1.27
 74
0
 49
-0.635
 74
0
 49
1.27
 74
0
 49
-0.635
 74
0
  0
LTYPE
  5
37
330
2
100
AcDbSymbolTableRecord
100
AcDbLinetypeTableRecord
  2
PHANTOM2
 70
0
  3
Phantom (.5x) ___ _ _ ___ _ _ ___ _ _ ___ _ _ ___
 72
65
 73
6
 40
3.175
 49
1.587
 74
0
 49
-0.318
 74
0
 49
0.318
 74
0
 49
-0.318
 74
0
 49
0.318
 74
0
 49
-0.318
 74
0
  0
LTYPE
  5
38
330
2
100
AcDbSymbolTableRecord
100
AcDbLinetypeTableRecord
  2
DASHDOT
 70
0
  3
Dash dot __ . __ . __ . __ . __ . __ . __ . __
 72
65
 73
4
 40
3.556
 49
2.54
 74
0
 49
-0.508
 74
0
 49
0.0
 74
0
 49
-0.508
 74
0
  0
LTYPE
  5
39
330
2
100
AcDbSymbolTableRecord
100
AcDbLinetypeTableRecord
  2
DASHDOTX2
 70
0
  3
Dash dot (2x) ____  .  ____  .  ____  .  ____
 72
65
 73
4
 40
6.096
 49
5.08
 74
0
 49
-0.508
 74
0
 49
0.0
 74
0
 49
-0.508
 74
0
  0
LTYPE
  5
3A
330
2
100
AcDbSymbolTableRecord
100
AcDbLinetypeTableRecord
  2
DASHDOT2
 70
0
  3
Dash dot (.5x) _ . _ . _ . _ . _ . _ . _ . _
 72
65
 73
4
 40
1.778
 49
1.27
 74
0
 49
-0.254
 74
0
 49
0.0
 74
0
 49
-0.254
 74
0
  0
LTYPE
  5
3B
330
2
100
AcDbSymbolTableRecord
100
AcDbLinetypeTableRecord
  2
DOT
 70
0
  3
Dot .  .  .  .  .  .  .  .  .  .  .  .  .  .  .  .
 72
65
 73
2
 40
0.508
 49
0.0
 74
0
 49
-0.508
 74
0
  0
LTYPE
  5
3C
330
2
100
AcDbSymbolTableRecord
100
AcDbLinetypeTableRecord
  2
DOTX2
 70
0
  3
Dot (2x) .    .    .    .    .    .    .    . 
 72
65
 73
2
 40
1.016
 49
0.0
 74
0
 49
-1.016
 74
0
  0
LTYPE
  5
3D
330
2
100
AcDbSymbolTableRecord
100
AcDbLinetypeTableRecord
  2
DOT2
 70
0
  3
Dot (.5) . . . . . . . . . . . . . . . . . . . 
 72
65
 73
2
 40
0.254
 49
0.0
 74
0
 49
-0.254
 74
0
  0
LTYPE
  5
3E
330
2
100
AcDbSymbolTableRecord
100
AcDbLinetypeTableRecord
  2
DIVIDE
 70
0
  3
Divide __ . . __ . . __ . . __ . . __ . . __
 72
65
 73
6
 40
4.064
 49
2.54
 74
0
 49
-0.508
 74
0
 49
0.0
 74
0
 49
-0.508
 74
0
 49
0.0
 74
0
 49
-0.508
 74
0
  0
LTYPE
  5
3F
330
2
100
AcDbSymbolTableRecord
100
AcDbLinetypeTableRecord
  2
DIVIDEX2
 70
0
  3
Divide (2x) ____  . .  ____  . .  ____  . .  ____
 72
65
 73
6
 40
6.604
 49
5.08
 74
0
 49
-0.508
 74
0
 49
0.0
 74
0
 49
-0.508
 74
0
 49
0.0
 74
0
 49
-0.508
 74
0
  0
LTYPE
  5
40
330
2
100
AcDbSymbolTableRecord
100
AcDbLinetypeTableRecord
  2
DIVIDE2
 70
0
  3
Divide(.5x) _ . _ . _ . _ . _ . _ . _ . _
 72
65
 73
6
 40
2.032
 49
1.27
 74
0
 49
-0.254
 74
0
 49
0.0
 74
0
 49
-0.254
 74
0
 49
0.0
 74
0
 49
-0.254
 74
0
  0
ENDTAB
  0
TABLE
  2
LAYER
  5
1
330
0
100
AcDbSymbolTable
 70
78
  0
LAYER
  5
27
330
1
100
AcDbSymbolTableRecord
100
AcDbLayerTableRecord
  2
0
 70
0
 62
7
  6
Continuous
370
-3
390
13
347
21
  0
LAYER
  5
28
330
1
100
AcDbSymbolTableRecord
100
AcDbLayerTableRecord
  2
Defpoints
 70
0
 62
7
  6
Continuous
290
0
370
-3
390
13
347
21
  0
LAYER
  5
8A
330
1
100
AcDbSymbolTableRecord
100
AcDbLayerTableRecord
  2
A-DUVAR-MEVCUT
 70
0
 62
8
  6
Continuous
370
35
390
13
347
21
1001
AcAecLayerStandard
1000

1000
Mimari — mevcut duvar (korunuyor)
  0
LAYER
  5
8C
330
1
100
AcDbSymbolTableRecord
100
AcDbLayerTableRecord
  2
A-DUVAR-YENI
 70
0
 62
1
  6
Continuous
370
35
390
13
347
21
1001
AcAecLayerStandard
1000

1000
Mimari — yeni alçıpan bölme
  0
LAYER
  5
8D
330
1
100
AcDbSymbolTableRecord
100
AcDbLayerTableRecord
  2
A-CEPHE
 70
0
 62
5
  6
Continuous
370
25
390
13
347
21
1001
AcAecLayerStandard
1000

1000
Mimari — cephe doğraması
  0
LAYER
  5
8E
330
1
100
AcDbSymbolTableRecord
100
AcDbLayerTableRecord
  2
A-KAPI
 70
0
 62
8
  6
Continuous
370
18
390
13
347
21
1001
AcAecLayerStandard
1000

1000
Mimari — kapı ve açılım
  0
LAYER
  5
8F
330
1
100
AcDbSymbolTableRecord
100
AcDbLayerTableRecord
  2
A-EKIPMAN
 70
0
 62
9
  6
Continuous
370
18
390
13
347
21
1001
AcAecLayerStandard
1000

1000
Mimari — spor ekipmanı (işverence temin)
  0
LAYER
  5
90
330
1
100
AcDbSymbolTableRecord
100
AcDbLayerTableRecord
  2
A-MOBILYA
 70
0
 62
9
  6
Continuous
370
18
390
13
347
21
1001
AcAecLayerStandard
1000

1000
Mimari — sabit mobilya
  0
LAYER
  5
91
330
1
100
AcDbSymbolTableRecord
100
AcDbLayerTableRecord
  2
A-BOLGE
 70
0
 62
254
  6
Continuous
370
13
390
13
347
21
1001
AcAecLayerStandard
1000

1000
Mimari — zemin bölge taraması
  0
LAYER
  5
92
330
1
100
AcDbSymbolTableRecord
100
AcDbLayerTableRecord
  2
A-YAZI
 70
0
 62
7
  6
Continuous
370
13
390
13
347
21
1001
AcAecLayerStandard
1000

1000
Mimari — mahal adı ve alan
  0
LAYER
  5
93
330
1
100
AcDbSymbolTableRecord
100
AcDbLayerTableRecord
  2
A-MAHAL
 70
0
 62
250
  6
Continuous
370
18
390
13
347
21
1001
AcAecLayerStandard
1000

1000
Mimari — mahal numarası ve kapı kodu balonu
  0
LAYER
  5
94
330
1
100
AcDbSymbolTableRecord
100
AcDbLayerTableRecord
  2
A-KESIT-HAT
 70
0
 62
1
  6
DASHDOT
370
35
390
13
347
21
1001
AcAecLayerStandard
1000

1000
Mimari — kesit ve görünüş hattı
  0
LAYER
  5
95
330
1
100
AcDbSymbolTableRecord
100
AcDbLayerTableRecord
  2
A-ZEMIN-SINIR
 70
0
 62
30
  6
Continuous
370
25
390
13
347
21
1001
AcAecLayerStandard
1000

1000
Mimari — zemin kaplama tipi sınırı
  0
LAYER
  5
96
330
1
100
AcDbSymbolTableRecord
100
AcDbLayerTableRecord
  2
A-ZEMIN-YAZI
 70
0
 62
30
  6
Continuous
370
13
390
13
347
21
1001
AcAecLayerStandard
1000

1000
Mimari — zemin kaplama tipi ve kotu
  0
LAYER
  5
97
330
1
100
AcDbSymbolTableRecord
100
AcDbLayerTableRecord
  2
A-ZEMIN-DERZ
 70
0
 62
253
  6
Continuous
370
13
390
13
347
21
1001
AcAecLayerStandard
1000

1000
Mimari — kauçuk karo derz ızgarası
  0
LAYER
  5
98
330
1
100
AcDbSymbolTableRecord
100
AcDbLayerTableRecord
  2
A-TAVAN-SINIR
 70
0
 62
150
  6
Continuous
370
25
390
13
347
21
1001
AcAecLayerStandard
1000

1000
Mimari — asma tavan tipi sınırı
  0
LAYER
  5
99
330
1
100
AcDbSymbolTableRecord
100
AcDbLayerTableRecord
  2
A-TAVAN-YAZI
 70
0
 62
150
  6
Continuous
370
13
390
13
347
21
1001
AcAecLayerStandard
1000

1000
Mimari — asma tavan tipi ve kotu
  0
LAYER
  5
9A
330
1
100
AcDbSymbolTableRecord
100
AcDbLayerTableRecord
  2
A-TAVAN-KAPAK
 70
0
 62
150
  6
Continuous
370
18
390
13
347
21
1001
AcAecLayerStandard
1000

1000
Mimari — revizyon kapağı 300×300
  0
LAYER
  5
9B
330
1
100
AcDbSymbolTableRecord
100
AcDbLayerTableRecord
  2
A-YANGIN-KACIS
 70
0
 62
3
  6
Continuous
370
50
390
13
347
21
1001
AcAecLayerStandard
1000

1000
Mimari — kaçış yolu ve çıkış
  0
LAYER
  5
9C
330
1
100
AcDbSymbolTableRecord
100
AcDbLayerTableRecord
  2
A-YANGIN-EKIP
 70
0
 62
1
  6
Continuous
370
35
390
13
347
21
1001
AcAecLayerStandard
1000

1000
Mimari — söndürücü, dolap, ihbar
  0
LAYER
  5
9D
330
1
100
AcDbSymbolTableRecord
100
AcDbLayerTableRecord
  2
M-HAVA-BESLEME
 70
0
 62
3
  6
Continuous
370
35
390
13
347
21
1001
AcAecLayerStandard
1000

1000
Mekanik — taze hava kanalı
  0
LAYER
  5
9E
330
1
100
AcDbSymbolTableRecord
100
AcDbLayerTableRecord
  2
M-HAVA-EGZOZ
 70
0
 62
1
  6
Continuous
370
35
390
13
347
21
1001
AcAecLayerStandard
1000

1000
Mekanik — egzoz kanalı
  0
LAYER
  5
9F
330
1
100
AcDbSymbolTableRecord
100
AcDbLayerTableRecord
  2
M-HAVA-ISLAK
 70
0
 62
6
  6
Continuous
370
25
390
13
347
21
1001
AcAecLayerStandard
1000

1000
Mekanik — ıslak hacim egzoz kanalı
  0
LAYER
  5
A0
330
1
100
AcDbSymbolTableRecord
100
AcDbLayerTableRecord
  2
M-HAVA-MENFEZ
 70
0
 62
3
  6
Continuous
370
25
390
13
347
21
1001
AcAecLayerStandard
1000

1000
Mekanik — menfez ve valf
  0
LAYER
  5
A1
330
1
100
AcDbSymbolTableRecord
100
AcDbLayerTableRecord
  2
M-HAVA-BRANSMAN
 70
0
 62
3
  6
DASHED
370
18
390
13
347
21
1001
AcAecLayerStandard
1000

1000
Mekanik — menfez branşmanı
  0
LAYER
  5
A2
330
1
100
AcDbSymbolTableRecord
100
AcDbLayerTableRecord
  2
M-HAVA-CIHAZ
 70
0
 62
2
  6
Continuous
370
35
390
13
347
21
1001
AcAecLayerStandard
1000

1000
Mekanik — fan ve panjur
  0
LAYER
  5
A3
330
1
100
AcDbSymbolTableRecord
100
AcDbLayerTableRecord
  2
M-KLIMA-IC
 70
0
 62
4
  6
Continuous
370
35
390
13
347
21
1001
AcAecLayerStandard
1000

1000
Mekanik — klima iç ünite
  0
LAYER
  5
A4
330
1
100
AcDbSymbolTableRecord
100
AcDbLayerTableRecord
  2
M-KLIMA-DIS
 70
0
 62
4
  6
Continuous
370
35
390
13
347
21
1001
AcAecLayerStandard
1000

1000
Mekanik — klima dış ünite platformu
  0
LAYER
  5
A5
330
1
100
AcDbSymbolTableRecord
100
AcDbLayerTableRecord
  2
M-KLIMA-BAKIR
 70
0
 62
4
  6
Continuous
370
25
390
13
347
21
1001
AcAecLayerStandard
1000

1000
Mekanik — soğutucu akışkan bakır hattı
  0
LAYER
  5
A6
330
1
100
AcDbSymbolTableRecord
100
AcDbLayerTableRecord
  2
M-KLIMA-DRENAJ
 70
0
 62
4
  6
DASHED
370
18
390
13
347
21
1001
AcAecLayerStandard
1000

1000
Mekanik — klima drenaj hattı
  0
LAYER
  5
A7
330
1
100
AcDbSymbolTableRecord
100
AcDbLayerTableRecord
  2
M-SIHHI-TEMIZ
 70
0
 62
5
  6
Continuous
370
25
390
13
347
21
1001
AcAecLayerStandard
1000

1000
Mekanik — temiz su PPRC
  0
LAYER
  5
A8
330
1
100
AcDbSymbolTableRecord
100
AcDbLayerTableRecord
  2
M-SIHHI-SICAK
 70
0
 62
30
  6
DASHED
370
25
390
13
347
21
1001
AcAecLayerStandard
1000

1000
Mekanik — sıcak su PPRC izoleli
  0
LAYER
  5
A9
330
1
100
AcDbSymbolTableRecord
100
AcDbLayerTableRecord
  2
M-SIHHI-PIS
 70
0
 62
8
  6
Continuous
370
35
390
13
347
21
1001
AcAecLayerStandard
1000

1000
Mekanik — pis su PVC
  0
LAYER
  5
AA
330
1
100
AcDbSymbolTableRecord
100
AcDbLayerTableRecord
  2
M-SIHHI-CIHAZ
 70
0
 62
8
  6
Continuous
370
25
390
13
347
21
1001
AcAecLayerStandard
1000

1000
Mekanik — vitrifiye ve su ısıtıcı
  0
LAYER
  5
AB
330
1
100
AcDbSymbolTableRecord
100
AcDbLayerTableRecord
  2
M-YAZI
 70
0
 62
7
  6
Continuous
370
13
390
13
347
21
1001
AcAecLayerStandard
1000

1000
Mekanik — etiket ve not
  0
LAYER
  5
AC
330
1
100
AcDbSymbolTableRecord
100
AcDbLayerTableRecord
  2
E-AYD-ARMATUR
 70
0
 62
2
  6
Continuous
370
25
390
13
347
21
1001
AcAecLayerStandard
1000

1000
Elektrik — lineer LED armatür
  0
LAYER
  5
AD
330
1
100
AcDbSymbolTableRecord
100
AcDbLayerTableRecord
  2
E-AYD-DOWNLIGHT
 70
0
 62
2
  6
Continuous
370
25
390
13
347
21
1001
AcAecLayerStandard
1000

1000
Elektrik — IP44 downlight
  0
LAYER
  5
AE
330
1
100
AcDbSymbolTableRecord
100
AcDbLayerTableRecord
  2
E-AYD-ACIL
 70
0
 62
3
  6
Continuous
370
25
390
13
347
21
1001
AcAecLayerStandard
1000

1000
Elektrik — acil aydınlatma / yönlendirme
  0
LAYER
  5
AF
330
1
100
AcDbSymbolTableRecord
100
AcDbLayerTableRecord
  2
E-AYD-ANAHTAR
 70
0
 62
2
  6
Continuous
370
18
390
13
347
21
1001
AcAecLayerStandard
1000

1000
Elektrik — anahtar ve sensör
  0
LAYER
  5
B0
330
1
100
AcDbSymbolTableRecord
100
AcDbLayerTableRecord
  2
E-KUVVET-PRIZ
 70
0
 62
5
  6
Continuous
370
25
390
13
347
21
1001
AcAecLayerStandard
1000

1000
Elektrik — priz
  0
LAYER
  5
B1
330
1
100
AcDbSymbolTableRecord
100
AcDbLayerTableRecord
  2
E-KUVVET-CIHAZ
 70
0
 62
5
  6
Continuous
370
25
390
13
347
21
1001
AcAecLayerStandard
1000

1000
Elektrik — klima/ısıtıcı/fan beslemesi
  0
LAYER
  5
B2
330
1
100
AcDbSymbolTableRecord
100
AcDbLayerTableRecord
  2
E-ZAYIF-KAMERA
 70
0
 62
6
  6
Continuous
370
25
390
13
347
21
1001
AcAecLayerStandard
1000

1000
Elektrik — IP kamera
  0
LAYER
  5
B3
330
1
100
AcDbSymbolTableRecord
100
AcDbLayerTableRecord
  2
E-ZAYIF-SES
 70
0
 62
6
  6
Continuous
370
25
390
13
347
21
1001
AcAecLayerStandard
1000

1000
Elektrik — tavan hoparlörü
  0
LAYER
  5
B4
330
1
100
AcDbSymbolTableRecord
100
AcDbLayerTableRecord
  2
E-ZAYIF-VERI
 70
0
 62
6
  6
Continuous
370
25
390
13
347
21
1001
AcAecLayerStandard
1000

1000
Elektrik — veri prizi ve rack
  0
LAYER
  5
B5
330
1
100
AcDbSymbolTableRecord
100
AcDbLayerTableRecord
  2
E-ZAYIF-YANGIN
 70
0
 62
1
  6
Continuous
370
25
390
13
347
21
1001
AcAecLayerStandard
1000

1000
Elektrik — dedektör, buton, siren
  0
LAYER
  5
B6
330
1
100
AcDbSymbolTableRecord
100
AcDbLayerTableRecord
  2
E-ZAYIF-LINYE
 70
0
 62
6
  6
DASHED
370
13
390
13
347
21
1001
AcAecLayerStandard
1000

1000
Elektrik — yangın algılama çevrimi
  0
LAYER
  5
B7
330
1
100
AcDbSymbolTableRecord
100
AcDbLayerTableRecord
  2
E-AYD-LINYE
 70
0
 62
2
  6
Continuous
370
25
390
13
347
21
1001
AcAecLayerStandard
1000

1000
Elektrik — aydınlatma linyesi (ortogonal)
  0
LAYER
  5
B8
330
1
100
AcDbSymbolTableRecord
100
AcDbLayerTableRecord
  2
E-AYD-SORTI
 70
0
 62
2
  6
DASHED
370
18
390
13
347
21
1001
AcAecLayerStandard
1000

1000
Elektrik — anahtar kumanda sortisi
  0
LAYER
  5
B9
330
1
100
AcDbSymbolTableRecord
100
AcDbLayerTableRecord
  2
E-KUVVET-LINYE
 70
0
 62
5
  6
Continuous
370
25
390
13
347
21
1001
AcAecLayerStandard
1000

1000
Elektrik — priz ve kuvvet linyesi
  0
LAYER
  5
BA
330
1
100
AcDbSymbolTableRecord
100
AcDbLayerTableRecord
  2
E-KUVVET-KOLON
 70
0
 62
5
  6
Continuous
370
50
390
13
347
21
1001
AcAecLayerStandard
1000

1000
Elektrik — kolon (ana besleme) hattı
  0
LAYER
  5
BB
330
1
100
AcDbSymbolTableRecord
100
AcDbLayerTableRecord
  2
E-KUVVET-BUAT
 70
0
 62
5
  6
Continuous
370
18
390
13
347
21
1001
AcAecLayerStandard
1000

1000
Elektrik — buat ve geçiş kutusu
  0
LAYER
  5
BC
330
1
100
AcDbSymbolTableRecord
100
AcDbLayerTableRecord
  2
E-ZAYIF-TAVA
 70
0
 62
6
  6
Continuous
370
18
390
13
347
21
1001
AcAecLayerStandard
1000

1000
Elektrik — zayıf akım kablo kanalı
  0
LAYER
  5
BD
330
1
100
AcDbSymbolTableRecord
100
AcDbLayerTableRecord
  2
E-TOPRAK-ELEKTROT
 70
0
 62
3
  6
Continuous
370
50
390
13
347
21
1001
AcAecLayerStandard
1000

1000
Elektrik — çubuk elektrot
  0
LAYER
  5
BE
330
1
100
AcDbSymbolTableRecord
100
AcDbLayerTableRecord
  2
E-TOPRAK-SERIT
 70
0
 62
3
  6
Continuous
370
50
390
13
347
21
1001
AcAecLayerStandard
1000

1000
Elektrik — elektrot bağlantı şeridi
  0
LAYER
  5
BF
330
1
100
AcDbSymbolTableRecord
100
AcDbLayerTableRecord
  2
E-TOPRAK-ILETKEN
 70
0
 62
3
  6
DASHDOT
370
35
390
13
347
21
1001
AcAecLayerStandard
1000

1000
Elektrik — topraklama iletkeni
  0
LAYER
  5
C0
330
1
100
AcDbSymbolTableRecord
100
AcDbLayerTableRecord
  2
E-TOPRAK-BARA
 70
0
 62
3
  6
Continuous
370
50
390
13
347
21
1001
AcAecLayerStandard
1000

1000
Elektrik — ATB / EPDB barası
  0
LAYER
  5
C1
330
1
100
AcDbSymbolTableRecord
100
AcDbLayerTableRecord
  2
E-TOPRAK-YAZI
 70
0
 62
3
  6
Continuous
370
13
390
13
347
21
1001
AcAecLayerStandard
1000

1000
Elektrik — topraklama etiketi
  0
LAYER
  5
C2
330
1
100
AcDbSymbolTableRecord
100
AcDbLayerTableRecord
  2
E-TEKHAT-TEL
 70
0
 62
7
  6
Continuous
370
35
390
13
347
21
1001
AcAecLayerStandard
1000

1000
Tek hat — iletken
  0
LAYER
  5
C3
330
1
100
AcDbSymbolTableRecord
100
AcDbLayerTableRecord
  2
E-TEKHAT-SEMBOL
 70
0
 62
7
  6
Continuous
370
35
390
13
347
21
1001
AcAecLayerStandard
1000

1000
Tek hat — IEC 60617 sembolü
  0
LAYER
  5
C4
330
1
100
AcDbSymbolTableRecord
100
AcDbLayerTableRecord
  2
E-TEKHAT-BARA
 70
0
 62
7
  6
Continuous
370
70
390
13
347
21
1001
AcAecLayerStandard
1000

1000
Tek hat — bara
  0
LAYER
  5
C5
330
1
100
AcDbSymbolTableRecord
100
AcDbLayerTableRecord
  2
E-TEKHAT-SINIR
 70
0
 62
8
  6
DASHDOT
370
35
390
13
347
21
1001
AcAecLayerStandard
1000

1000
Tek hat — pano sınırı
  0
LAYER
  5
C6
330
1
100
AcDbSymbolTableRecord
100
AcDbLayerTableRecord
  2
E-TEKHAT-GRUP
 70
0
 62
8
  6
Continuous
370
25
390
13
347
21
1001
AcAecLayerStandard
1000

1000
Tek hat — kaçak akım grubu parantezi
  0
LAYER
  5
C7
330
1
100
AcDbSymbolTableRecord
100
AcDbLayerTableRecord
  2
E-TEKHAT-TABLO
 70
0
 62
7
  6
Continuous
370
18
390
13
347
21
1001
AcAecLayerStandard
1000

1000
Tek hat — veri matrisi
  0
LAYER
  5
C8
330
1
100
AcDbSymbolTableRecord
100
AcDbLayerTableRecord
  2
E-TEKHAT-YAZI
 70
0
 62
7
  6
Continuous
370
18
390
13
347
21
1001
AcAecLayerStandard
1000

1000
Tek hat — etiket ve not
  0
LAYER
  5
C9
330
1
100
AcDbSymbolTableRecord
100
AcDbLayerTableRecord
  2
E-TEKHAT-YEDEK
 70
0
 62
8
  6
DASHED
370
25
390
13
347
21
1001
AcAecLayerStandard
1000

1000
Tek hat — yedek / boş modül
  0
LAYER
  5
CA
330
1
100
AcDbSymbolTableRecord
100
AcDbLayerTableRecord
  2
E-PANO
 70
0
 62
7
  6
Continuous
370
50
390
13
347
21
1001
AcAecLayerStandard
1000

1000
Elektrik — ana dağıtım panosu
  0
LAYER
  5
CB
330
1
100
AcDbSymbolTableRecord
100
AcDbLayerTableRecord
  2
E-YAZI
 70
0
 62
7
  6
Continuous
370
13
390
13
347
21
1001
AcAecLayerStandard
1000

1000
Elektrik — etiket ve not
  0
LAYER
  5
CC
330
1
100
AcDbSymbolTableRecord
100
AcDbLayerTableRecord
  2
G-OLCU
 70
0
 62
7
  6
Continuous
370
13
390
13
347
21
1001
AcAecLayerStandard
1000

1000
Genel — ölçülendirme
  0
LAYER
  5
CD
330
1
100
AcDbSymbolTableRecord
100
AcDbLayerTableRecord
  2
G-YAZI
 70
0
 62
7
  6
Continuous
370
18
390
13
347
21
1001
AcAecLayerStandard
1000

1000
Genel — başlık ve açıklama
  0
LAYER
  5
CE
330
1
100
AcDbSymbolTableRecord
100
AcDbLayerTableRecord
  2
G-ANTET
 70
0
 62
7
  6
Continuous
370
25
390
13
347
21
1001
AcAecLayerStandard
1000

1000
Genel — antet ve revizyon tablosu
  0
LAYER
  5
CF
330
1
100
AcDbSymbolTableRecord
100
AcDbLayerTableRecord
  2
G-CERCEVE
 70
0
 62
7
  6
Continuous
370
70
390
13
347
21
1001
AcAecLayerStandard
1000

1000
Genel — pafta çizim çerçevesi (ISO 5457)
  0
LAYER
  5
D0
330
1
100
AcDbSymbolTableRecord
100
AcDbLayerTableRecord
  2
G-PAFTA-ZON
 70
0
 62
8
  6
Continuous
370
13
390
13
347
21
1001
AcAecLayerStandard
1000

1000
Genel — kenar ızgarası / bölge referansı
  0
LAYER
  5
D1
330
1
100
AcDbSymbolTableRecord
100
AcDbLayerTableRecord
  2
G-VIEWPORT
 70
0
 62
251
  6
Continuous
290
0
370
13
390
13
347
21
1001
AcAecLayerStandard
1000

1000
Genel — görüntü penceresi (basılmaz)
  0
LAYER
  5
D2
330
1
100
AcDbSymbolTableRecord
100
AcDbLayerTableRecord
  2
G-AKS-HAT
 70
0
 62
8
  6
DASHDOT
370
18
390
13
347
21
1001
AcAecLayerStandard
1000

1000
Genel — aks çizgisi
  0
LAYER
  5
D3
330
1
100
AcDbSymbolTableRecord
100
AcDbLayerTableRecord
  2
G-AKS-BALON
 70
0
 62
8
  6
Continuous
370
25
390
13
347
21
1001
AcAecLayerStandard
1000

1000
Genel — aks balonu
  0
LAYER
  5
D4
330
1
100
AcDbSymbolTableRecord
100
AcDbLayerTableRecord
  2
G-OLCU-ZINCIR
 70
0
 62
7
  6
Continuous
370
13
390
13
347
21
1001
AcAecLayerStandard
1000

1000
Genel — zincir ölçü
  0
LAYER
  5
D5
330
1
100
AcDbSymbolTableRecord
100
AcDbLayerTableRecord
  2
G-KESIT-ISARET
 70
0
 62
1
  6
Continuous
370
50
390
13
347
21
1001
AcAecLayerStandard
1000

1000
Genel — kesit ve detay işareti
  0
LAYER
  5
D6
330
1
100
AcDbSymbolTableRecord
100
AcDbLayerTableRecord
  2
G-KUZEY
 70
0
 62
7
  6
Continuous
370
25
390
13
347
21
1001
AcAecLayerStandard
1000

1000
Genel — kuzey oku ve ölçek
  0
ENDTAB
  0
TABLE
  2
STYLE
  5
5
330
0
100
AcDbSymbolTable
 70
28
  0
STYLE
  5
29
330
5
100
AcDbSymbolTableRecord
100
AcDbTextStyleTableRecord
  2
Standard
 70
0
 40
0.0
 41
1.0
 50
0.0
 71
0
 42
2.5
  3
txt
  4

  0
STYLE
  5
41
330
5
100
AcDbSymbolTableRecord
100
AcDbTextStyleTableRecord
  2
OpenSans-Light
 70
0
 40
0.0
 41
1.0
 50
0.0
 71
0
 42
2.5
  3
OpenSans-Light.ttf
  4

  0
STYLE
  5
42
330
5
100
AcDbSymbolTableRecord
100
AcDbTextStyleTableRecord
  2
OpenSans-Light-Italic
 70
0
 40
0.0
 41
1.0
 50
0.0
 71
0
 42
2.5
  3
OpenSans-LightItalic.ttf
  4

  0
STYLE
  5
43
330
5
100
AcDbSymbolTableRecord
100
AcDbTextStyleTableRecord
  2
OpenSans
 70
0
 40
0.0
 41
1.0
 50
0.0
 71
0
 42
2.5
  3
OpenSans-Regular.ttf
  4

  0
STYLE
  5
44
330
5
100
AcDbSymbolTableRecord
100
AcDbTextStyleTableRecord
  2
OpenSans-Italic
 70
0
 40
0.0
 41
1.0
 50
0.0
 71
0
 42
2.5
  3
OpenSans-Italic.ttf
  4

  0
STYLE
  5
45
330
5
100
AcDbSymbolTableRecord
100
AcDbTextStyleTableRecord
  2
OpenSans-SemiBold
 70
0
 40
0.0
 41
1.0
 50
0.0
 71
0
 42
2.5
  3
OpenSans-SemiBold.ttf
  4

  0
STYLE
  5
46
330
5
100
AcDbSymbolTableRecord
100
AcDbTextStyleTableRecord
  2
OpenSans-SemiBoldItalic
 70
0
 40
0.0
 41
1.0
 50
0.0
 71
0
 42
2.5
  3
OpenSans-SemiBoldItalic.ttf
  4

  0
STYLE
  5
47
330
5
100
AcDbSymbolTableRecord
100
AcDbTextStyleTableRecord
  2
OpenSans-Bold
 70
0
 40
0.0
 41
1.0
 50
0.0
 71
0
 42
2.5
  3
OpenSans-Bold.ttf
  4

  0
STYLE
  5
48
330
5
100
AcDbSymbolTableRecord
100
AcDbTextStyleTableRecord
  2
OpenSans-BoldItalic
 70
0
 40
0.0
 41
1.0
 50
0.0
 71
0
 42
2.5
  3
OpenSans-BoldItalic.ttf
  4

  0
STYLE
  5
49
330
5
100
AcDbSymbolTableRecord
100
AcDbTextStyleTableRecord
  2
OpenSans-ExtraBold
 70
0
 40
0.0
 41
1.0
 50
0.0
 71
0
 42
2.5
  3
OpenSans-ExtraBold.ttf
  4

  0
STYLE
  5
4A
330
5
100
AcDbSymbolTableRecord
100
AcDbTextStyleTableRecord
  2
OpenSans-ExtraBoldItalic
 70
0
 40
0.0
 41
1.0
 50
0.0
 71
0
 42
2.5
  3
OpenSans-ExtraBoldItalic.ttf
  4

  0
STYLE
  5
4B
330
5
100
AcDbSymbolTableRecord
100
AcDbTextStyleTableRecord
  2
OpenSansCondensed-Bold
 70
0
 40
0.0
 41
1.0
 50
0.0
 71
0
 42
2.5
  3
OpenSansCondensed-Bold.ttf
  4

  0
STYLE
  5
4C
330
5
100
AcDbSymbolTableRecord
100
AcDbTextStyleTableRecord
  2
OpenSansCondensed-Light
 70
0
 40
0.0
 41
1.0
 50
0.0
 71
0
 42
2.5
  3
OpenSansCondensed-Light.ttf
  4

  0
STYLE
  5
4D
330
5
100
AcDbSymbolTableRecord
100
AcDbTextStyleTableRecord
  2
OpenSansCondensed-Italic
 70
0
 40
0.0
 41
1.0
 50
0.0
 71
0
 42
2.5
  3
OpenSansCondensed-LightItalic.ttf
  4

  0
STYLE
  5
4E
330
5
100
AcDbSymbolTableRecord
100
AcDbTextStyleTableRecord
  2
LiberationSans
 70
0
 40
0.0
 41
1.0
 50
0.0
 71
0
 42
2.5
  3
LiberationSans-Regular.ttf
  4

  0
STYLE
  5
4F
330
5
100
AcDbSymbolTableRecord
100
AcDbTextStyleTableRecord
  2
LiberationSans-Bold
 70
0
 40
0.0
 41
1.0
 50
0.0
 71
0
 42
2.5
  3
LiberationSans-Bold.ttf
  4

  0
STYLE
  5
50
330
5
100
AcDbSymbolTableRecord
100
AcDbTextStyleTableRecord
  2
LiberationSans-BoldItalic
 70
0
 40
0.0
 41
1.0
 50
0.0
 71
0
 42
2.5
  3
LiberationSans-BoldItalic.ttf
  4

  0
STYLE
  5
51
330
5
100
AcDbSymbolTableRecord
100
AcDbTextStyleTableRecord
  2
LiberationSans-Italic
 70
0
 40
0.0
 41
1.0
 50
0.0
 71
0
 42
2.5
  3
LiberationSans-Italic.ttf
  4

  0
STYLE
  5
52
330
5
100
AcDbSymbolTableRecord
100
AcDbTextStyleTableRecord
  2
LiberationSerif
 70
0
 40
0.0
 41
1.0
 50
0.0
 71
0
 42
2.5
  3
LiberationSerif-Regular.ttf
  4

  0
STYLE
  5
53
330
5
100
AcDbSymbolTableRecord
100
AcDbTextStyleTableRecord
  2
LiberationSerif-Bold
 70
0
 40
0.0
 41
1.0
 50
0.0
 71
0
 42
2.5
  3
LiberationSerif-Bold.ttf
  4

  0
STYLE
  5
54
330
5
100
AcDbSymbolTableRecord
100
AcDbTextStyleTableRecord
  2
LiberationSerif-BoldItalic
 70
0
 40
0.0
 41
1.0
 50
0.0
 71
0
 42
2.5
  3
LiberationSerif-BoldItalic.ttf
  4

  0
STYLE
  5
55
330
5
100
AcDbSymbolTableRecord
100
AcDbTextStyleTableRecord
  2
LiberationSerif-Italic
 70
0
 40
0.0
 41
1.0
 50
0.0
 71
0
 42
2.5
  3
LiberationSerif-Italic.ttf
  4

  0
STYLE
  5
56
330
5
100
AcDbSymbolTableRecord
100
AcDbTextStyleTableRecord
  2
LiberationMono
 70
0
 40
0.0
 41
1.0
 50
0.0
 71
0
 42
2.5
  3
LiberationMono-Regular.ttf
  4

  0
STYLE
  5
57
330
5
100
AcDbSymbolTableRecord
100
AcDbTextStyleTableRecord
  2
LiberationMono-Bold
 70
0
 40
0.0
 41
1.0
 50
0.0
 71
0
 42
2.5
  3
LiberationMono-Bold.ttf
  4

  0
STYLE
  5
58
330
5
100
AcDbSymbolTableRecord
100
AcDbTextStyleTableRecord
  2
LiberationMono-BoldItalic
 70
0
 40
0.0
 41
1.0
 50
0.0
 71
0
 42
2.5
  3
LiberationMono-BoldItalic.ttf
  4

  0
STYLE
  5
59
330
5
100
AcDbSymbolTableRecord
100
AcDbTextStyleTableRecord
  2
LiberationMono-Italic
 70
0
 40
0.0
 41
1.0
 50
0.0
 71
0
 42
2.5
  3
LiberationMono-Italic.ttf
  4

  0
STYLE
  5
D7
330
5
100
AcDbSymbolTableRecord
100
AcDbTextStyleTableRecord
  2
GYM
 70
0
 40
0.0
 41
1.0
 50
0.0
 71
0
 42
2.5
  3
arial.ttf
  4

  0
STYLE
  5
D8
330
5
100
AcDbSymbolTableRecord
100
AcDbTextStyleTableRecord
  2
GYM-B
 70
0
 40
0.0
 41
1.0
 50
0.0
 71
0
 42
2.5
  3
arialbd.ttf
  4

  0
ENDTAB
  0
TABLE
  2
VIEW
  5
7
330
0
100
AcDbSymbolTable
 70
0
  0
ENDTAB
  0
TABLE
  2
UCS
  5
6
330
0
100
AcDbSymbolTable
 70
0
  0
ENDTAB
  0
TABLE
  2
APPID
  5
3
330
0
100
AcDbSymbolTable
 70
4
  0
APPID
  5
2A
330
3
100
AcDbSymbolTableRecord
100
AcDbRegAppTableRecord
  2
ACAD
 70
0
  0
APPID
  5
8B
330
3
100
AcDbSymbolTableRecord
100
AcDbRegAppTableRecord
  2
AcAecLayerStandard
 70
0
  0
APPID
  5
95B
330
3
100
AcDbSymbolTableRecord
100
AcDbRegAppTableRecord
  2
HATCHBACKGROUNDCOLOR
 70
0
  0
APPID
  5
95C
330
3
100
AcDbSymbolTableRecord
100
AcDbRegAppTableRecord
  2
EZDXF
 70
0
  0
ENDTAB
  0
TABLE
  2
DIMSTYLE
  5
4
330
0
100
AcDbSymbolTable
 70
19
100
AcDbDimStyleTable
  0
DIMSTYLE
105
2B
330
4
100
AcDbSymbolTableRecord
100
AcDbDimStyleTableRecord
  2
Standard
 70
0
 40
1.0
 41
2.5
 42
0.625
 43
3.75
 44
1.25
 45
0.0
 46
0.0
 47
0.0
 48
0.0
 49
2.5
140
2.5
141
2.5
142
0.0
143
0.03937007874
144
1.0
145
0.0
146
1.0
147
0.625
148
0.0
 69
0
 70
0
 71
0
 72
0
 73
0
 74
0
 75
0
 76
0
 77
1
 78
8
 79
3
170
0
171
3
172
1
173
0
174
0
175
0
176
0
177
0
178
0
179
2
271
2
272
2
273
2
274
3
275
0
276
0
277
2
278
44
279
0
280
0
281
0
282
0
283
0
284
8
285
0
286
0
288
0
289
3
290
0
371
-2
372
-2
  0
DIMSTYLE
105
73
330
4
100
AcDbSymbolTableRecord
100
AcDbDimStyleTableRecord
  2
EZDXF
 70
0
 40
1.0
 41
0.175
 42
0.125
 43
3.75
 44
0.375
 45
0.0
 46
0.0
 47
0.0
 48
0.0
 49
2.5
140
0.25
141
2.5
142
0.0
143
0.03937007874
144
100.0
145
0.0
146
0.5
147
0.1
148
0.0
 69
0
 70
0
 71
0
 72
0
 73
0
 74
0
 75
0
 76
0
 77
1
 78
12
 79
3
170
0
171
3
172
1
173
0
174
0
175
0
176
0
177
0
178
0
179
2
271
2
272
2
273
2
274
3
275
0
276
0
277
2
278
46
279
2
280
0
281
0
282
0
283
0
284
8
285
0
286
0
288
1
289
3
290
0
340
4C
342
74
371
-2
372
-2
  0
DIMSTYLE
105
7C
330
4
100
AcDbSymbolTableRecord
100
AcDbDimStyleTableRecord
  2
EZ_M_100_H25_CM
 70
0
 40
1.0
 41
0.25
 42
0.125
 43
3.75
 44
0.375
 45
0.0
 46
0.0
 47
0.0
 48
0.0
 49
2.5
140
0.25
141
2.5
142
0.125
143
0.03937007874
144
100.0
145
0.0
146
0.5
147
0.1
148
0.0
 69
0
 70
0
 71
0
 72
0
 73
0
 74
0
 75
0
 76
0
 77
1
 78
12
 79
3
170
0
171
3
172
1
173
0
174
0
175
0
176
0
177
0
178
0
179
2
271
2
272
2
273
2
274
3
275
0
276
0
277
2
278
46
279
2
280
0
281
0
282
0
283
0
284
8
285
0
286
0
288
1
289
3
290
0
340
4C
371
-2
372
-2
  0
DIMSTYLE
105
7D
330
4
100
AcDbSymbolTableRecord
100
AcDbDimStyleTableRecord
  2
EZ_M_50_H25_CM
 70
0
 40
1.0
 41
0.125
 42
0.0625
 43
3.75
 44
0.1875
 45
0.0
 46
0.0
 47
0.0
 48
0.0
 49
2.5
140
0.125
141
2.5
142
0.0625
143
0.03937007874
144
100.0
145
0.0
146
0.5
147
0.05
148
0.0
 69
0
 70
0
 71
0
 72
0
 73
0
 74
0
 75
0
 76
0
 77
1
 78
12
 79
3
170
0
171
3
172
1
173
0
174
0
175
0
176
0
177
0
178
0
179
2
271
2
272
2
273
2
274
3
275
0
276
0
277
2
278
46
279
2
280
0
281
0
282
0
283
0
284
8
285
0
286
0
288
1
289
3
290
0
340
4C
371
-2
372
-2
  0
DIMSTYLE
105
7E
330
4
100
AcDbSymbolTableRecord
100
AcDbDimStyleTableRecord
  2
EZ_M_25_H25_CM
 70
0
 40
1.0
 41
0.0625
 42
0.03125
 43
3.75
 44
0.09375
 45
0.0
 46
0.0
 47
0.0
 48
0.0
 49
2.5
140
0.0625
141
2.5
142
0.03125
143
0.03937007874
144
100.0
145
0.0
146
0.5
147
0.025
148
0.0
 69
0
 70
0
 71
0
 72
0
 73
0
 74
0
 75
0
 76
0
 77
1
 78
12
 79
3
170
0
171
3
172
1
173
0
174
0
175
0
176
0
177
0
178
0
179
2
271
2
272
2
273
2
274
3
275
0
276
0
277
2
278
46
279
2
280
0
281
0
282
0
283
0
284
8
285
0
286
0
288
1
289
3
290
0
340
4C
371
-2
372
-2
  0
DIMSTYLE
105
7F
330
4
100
AcDbSymbolTableRecord
100
AcDbDimStyleTableRecord
  2
EZ_M_20_H25_CM
 70
0
 40
1.0
 41
0.05
 42
0.025
 43
3.75
 44
0.07500000000000001
 45
0.0
 46
0.0
 47
0.0
 48
0.0
 49
2.5
140
0.05
141
2.5
142
0.025
143
0.03937007874
144
100.0
145
0.0
146
0.5
147
0.020000000000000004
148
0.0
 69
0
 70
0
 71
0
 72
0
 73
0
 74
0
 75
0
 76
0
 77
1
 78
12
 79
3
170
0
171
3
172
1
173
0
174
0
175
0
176
0
177
0
178
0
179
2
271
2
272
2
273
2
274
3
275
0
276
0
277
2
278
46
279
2
280
0
281
0
282
0
283
0
284
8
285
0
286
0
288
1
289
3
290
0
340
4C
371
-2
372
-2
  0
DIMSTYLE
105
80
330
4
100
AcDbSymbolTableRecord
100
AcDbDimStyleTableRecord
  2
EZ_M_10_H25_CM
 70
0
 40
1.0
 41
0.025
 42
0.0125
 43
3.75
 44
0.037500000000000006
 45
0.0
 46
0.0
 47
0.0
 48
0.0
 49
2.5
140
0.025
141
2.5
142
0.0125
143
0.03937007874
144
100.0
145
0.0
146
0.5
147
0.010000000000000002
148
0.0
 69
0
 70
0
 71
0
 72
0
 73
0
 74
0
 75
0
 76
0
 77
1
 78
12
 79
3
170
0
171
3
172
1
173
0
174
0
175
0
176
0
177
0
178
0
179
2
271
2
272
2
273
2
274
3
275
0
276
0
277
2
278
46
279
2
280
0
281
0
282
0
283
0
284
8
285
0
286
0
288
1
289
3
290
0
340
4C
371
-2
372
-2
  0
DIMSTYLE
105
81
330
4
100
AcDbSymbolTableRecord
100
AcDbDimStyleTableRecord
  2
EZ_M_5_H25_CM
 70
0
 40
1.0
 41
0.0125
 42
0.00625
 43
3.75
 44
0.018750000000000003
 45
0.0
 46
0.0
 47
0.0
 48
0.0
 49
2.5
140
0.0125
141
2.5
142
0.00625
143
0.03937007874
144
100.0
145
0.0
146
0.5
147
0.005000000000000001
148
0.0
 69
0
 70
0
 71
0
 72
0
 73
0
 74
0
 75
0
 76
0
 77
1
 78
12
 79
3
170
0
171
3
172
1
173
0
174
0
175
0
176
0
177
0
178
0
179
2
271
2
272
2
273
2
274
3
275
0
276
0
277
2
278
46
279
2
280
0
281
0
282
0
283
0
284
8
285
0
286
0
288
1
289
3
290
0
340
4C
371
-2
372
-2
  0
DIMSTYLE
105
82
330
4
100
AcDbSymbolTableRecord
100
AcDbDimStyleTableRecord
  2
EZ_M_1_H25_CM
 70
0
 40
1.0
 41
0.0025
 42
0.00125
 43
3.75
 44
0.00375
 45
0.0
 46
0.0
 47
0.0
 48
0.0
 49
2.5
140
0.0025
141
2.5
142
0.00125
143
0.03937007874
144
100.0
145
0.0
146
0.5
147
0.001
148
0.0
 69
0
 70
0
 71
0
 72
0
 73
0
 74
0
 75
0
 76
0
 77
1
 78
12
 79
3
170
0
171
3
172
1
173
0
174
0
175
0
176
0
177
0
178
0
179
2
271
2
272
2
273
2
274
3
275
0
276
0
277
2
278
46
279
2
280
0
281
0
282
0
283
0
284
8
285
0
286
0
288
1
289
3
290
0
340
4C
371
-2
372
-2
  0
DIMSTYLE
105
83
330
4
100
AcDbSymbolTableRecord
100
AcDbDimStyleTableRecord
  2
EZ_RADIUS
 70
0
 40
1.0
 41
0.25
 42
0.125
 43
3.75
 44
0.375
 45
0.0
 46
0.0
 47
0.0
 48
0.0
 49
2.5
140
0.25
141
0.0
142
0.0
143
0.03937007874
144
100.0
145
0.0
146
0.5
147
0.1
148
0.0
 69
0
 70
0
 71
0
 72
0
 73
0
 74
0
 75
0
 76
0
 77
1
 78
12
 79
3
170
0
171
3
172
0
173
0
174
0
175
0
176
0
177
0
178
0
179
2
271
2
272
2
273
2
274
3
275
0
276
0
277
2
278
46
279
1
280
0
281
0
282
0
283
0
284
8
285
0
286
0
288
1
289
3
290
0
340
4C
342
84
371
-2
372
-2
  0
DIMSTYLE
105
88
330
4
100
AcDbSymbolTableRecord
100
AcDbDimStyleTableRecord
  2
EZ_RADIUS_INSIDE
 70
0
 40
1.0
 41
0.25
 42
0.125
 43
3.75
 44
0.375
 45
0.0
 46
0.0
 47
0.0
 48
0.0
 49
2.5
140
0.25
141
0.0
142
0.0
143
0.03937007874
144
100.0
145
0.0
146
0.5
147
0.1
148
0.0
 69
0
 70
0
 71
0
 72
0
 73
0
 74
0
 75
0
 76
0
 77
0
 78
12
 79
3
170
0
171
3
172
0
173
0
174
1
175
0
176
0
177
0
178
0
179
2
271
2
272
2
273
2
274
3
275
0
276
0
277
2
278
46
279
0
280
0
281
0
282
0
283
0
284
8
285
0
286
0
288
1
289
0
290
0
340
4C
342
84
371
-2
372
-2
  0
DIMSTYLE
105
89
330
4
100
AcDbSymbolTableRecord
100
AcDbDimStyleTableRecord
  2
EZ_CURVED
 70
0
 40
1.0
 41
0.25
 42
0.125
 43
3.75
 44
0.375
 45
0.0
 46
0.0
 47
0.0
 48
0.0
 49
2.5
140
0.25
141
2.5
142
0.0
143
0.03937007874
144
100.0
145
0.0
146
0.5
147
0.1
148
0.0
 69
0
 70
0
 71
0
 72
0
 73
0
 74
0
 75
0
 76
0
 77
1
 78
12
 79
2
 90
2
170
0
171
3
172
1
173
0
174
0
175
0
176
0
177
0
178
0
179
2
271
2
272
2
273
2
274
3
275
0
276
0
277
2
278
46
279
2
280
0
281
0
282
0
283
0
284
8
285
0
286
0
288
1
289
3
290
0
340
4C
371
-2
372
-2
  0
DIMSTYLE
105
D9
330
4
100
AcDbSymbolTableRecord
100
AcDbDimStyleTableRecord
  2
GYM-5
 70
0
 40
5.0
 41
2.5
 42
1.5
 43
7.0
 44
1.25
 45
0.0
 46
0.0
 47
0.0
 48
0.0
 49
2.5
140
2.5
141
2.5
142
0.0
143
0.03937007874
144
1.0
145
0.0
146
1.0
147
0.9
148
0.0
 69
0
 70
0
 71
0
 72
0
 73
0
 74
0
 75
0
 76
0
 77
1
 78
8
 79
3
170
0
171
3
172
1
173
0
174
0
175
0
176
7
177
7
178
7
179
2
271
0
272
2
273
2
274
3
275
0
276
0
277
2
278
44
279
0
280
0
281
0
282
0
283
0
284
8
285
0
286
0
288
0
289
3
290
0
340
D7
342
74
371
18
372
13
  0
DIMSTYLE
105
DA
330
4
100
AcDbSymbolTableRecord
100
AcDbDimStyleTableRecord
  2
GYM-10
 70
0
 40
10.0
 41
2.5
 42
1.5
 43
7.0
 44
1.25
 45
0.0
 46
0.0
 47
0.0
 48
0.0
 49
2.5
140
2.5
141
2.5
142
0.0
143
0.03937007874
144
1.0
145
0.0
146
1.0
147
0.9
148
0.0
 69
0
 70
0
 71
0
 72
0
 73
0
 74
0
 75
0
 76
0
 77
1
 78
8
 79
3
170
0
171
3
172
1
173
0
174
0
175
0
176
7
177
7
178
7
179
2
271
0
272
2
273
2
274
3
275
0
276
0
277
2
278
44
279
0
280
0
281
0
282
0
283
0
284
8
285
0
286
0
288
0
289
3
290
0
340
D7
342
74
371
18
372
13
  0
DIMSTYLE
105
DB
330
4
100
AcDbSymbolTableRecord
100
AcDbDimStyleTableRecord
  2
GYM-20
 70
0
 40
20.0
 41
2.5
 42
1.5
 43
7.0
 44
1.25
 45
0.0
 46
0.0
 47
0.0
 48
0.0
 49
2.5
140
2.5
141
2.5
142
0.0
143
0.03937007874
144
1.0
145
0.0
146
1.0
147
0.9
148
0.0
 69
0
 70
0
 71
0
 72
0
 73
0
 74
0
 75
0
 76
0
 77
1
 78
8
 79
3
170
0
171
3
172
1
173
0
174
0
175
0
176
7
177
7
178
7
179
2
271
0
272
2
273
2
274
3
275
0
276
0
277
2
278
44
279
0
280
0
281
0
282
0
283
0
284
8
285
0
286
0
288
0
289
3
290
0
340
D7
342
74
371
18
372
13
  0
DIMSTYLE
105
DC
330
4
100
AcDbSymbolTableRecord
100
AcDbDimStyleTableRecord
  2
GYM-25
 70
0
 40
25.0
 41
2.5
 42
1.5
 43
7.0
 44
1.25
 45
0.0
 46
0.0
 47
0.0
 48
0.0
 49
2.5
140
2.5
141
2.5
142
0.0
143
0.03937007874
144
1.0
145
0.0
146
1.0
147
0.9
148
0.0
 69
0
 70
0
 71
0
 72
0
 73
0
 74
0
 75
0
 76
0
 77
1
 78
8
 79
3
170
0
171
3
172
1
173
0
174
0
175
0
176
7
177
7
178
7
179
2
271
0
272
2
273
2
274
3
275
0
276
0
277
2
278
44
279
0
280
0
281
0
282
0
283
0
284
8
285
0
286
0
288
0
289
3
290
0
340
D7
342
74
371
18
372
13
  0
DIMSTYLE
105
DD
330
4
100
AcDbSymbolTableRecord
100
AcDbDimStyleTableRecord
  2
GYM-50
 70
0
 40
50.0
 41
2.5
 42
1.5
 43
7.0
 44
1.25
 45
0.0
 46
0.0
 47
0.0
 48
0.0
 49
2.5
140
2.5
141
2.5
142
0.0
143
0.03937007874
144
1.0
145
0.0
146
1.0
147
0.9
148
0.0
 69
0
 70
0
 71
0
 72
0
 73
0
 74
0
 75
0
 76
0
 77
1
 78
8
 79
3
170
0
171
3
172
1
173
0
174
0
175
0
176
7
177
7
178
7
179
2
271
0
272
2
273
2
274
3
275
0
276
0
277
2
278
44
279
0
280
0
281
0
282
0
283
0
284
8
285
0
286
0
288
0
289
3
290
0
340
D7
342
74
371
18
372
13
  0
DIMSTYLE
105
DE
330
4
100
AcDbSymbolTableRecord
100
AcDbDimStyleTableRecord
  2
GYM-75
 70
0
 40
75.0
 41
2.5
 42
1.5
 43
7.0
 44
1.25
 45
0.0
 46
0.0
 47
0.0
 48
0.0
 49
2.5
140
2.5
141
2.5
142
0.0
143
0.03937007874
144
1.0
145
0.0
146
1.0
147
0.9
148
0.0
 69
0
 70
0
 71
0
 72
0
 73
0
 74
0
 75
0
 76
0
 77
1
 78
8
 79
3
170
0
171
3
172
1
173
0
174
0
175
0
176
7
177
7
178
7
179
2
271
0
272
2
273
2
274
3
275
0
276
0
277
2
278
44
279
0
280
0
281
0
282
0
283
0
284
8
285
0
286
0
288
0
289
3
290
0
340
D7
342
74
371
18
372
13
  0
DIMSTYLE
105
DF
330
4
100
AcDbSymbolTableRecord
100
AcDbDimStyleTableRecord
  2
GYM-100
 70
0
 40
100.0
 41
2.5
 42
1.5
 43
7.0
 44
1.25
 45
0.0
 46
0.0
 47
0.0
 48
0.0
 49
2.5
140
2.5
141
2.5
142
0.0
143
0.03937007874
144
1.0
145
0.0
146
1.0
147
0.9
148
0.0
 69
0
 70
0
 71
0
 72
0
 73
0
 74
0
 75
0
 76
0
 77
1
 78
8
 79
3
170
0
171
3
172
1
173
0
174
0
175
0
176
7
177
7
178
7
179
2
271
0
272
2
273
2
274
3
275
0
276
0
277
2
278
44
279
0
280
0
281
0
282
0
283
0
284
8
285
0
286
0
288
0
289
3
290
0
340
D7
342
74
371
18
372
13
  0
ENDTAB
  0
TABLE
  2
BLOCK_RECORD
  5
9
330
0
100
AcDbSymbolTable
 70
52
  0
BLOCK_RECORD
  5
17
330
9
100
AcDbSymbolTableRecord
100
AcDbBlockTableRecord
  2
*Model_Space
340
1A
 70
0
280
1
281
0
  0
BLOCK_RECORD
  5
74
330
9
100
AcDbSymbolTableRecord
100
AcDbBlockTableRecord
  2
_ARCHTICK
340
0
 70
0
280
1
281
0
  0
BLOCK_RECORD
  5
78
330
9
100
AcDbSymbolTableRecord
100
AcDbBlockTableRecord
  2
_CLOSEDFILLED
340
0
 70
0
280
1
281
0
  0
BLOCK_RECORD
  5
84
330
9
100
AcDbSymbolTableRecord
100
AcDbBlockTableRecord
  2
_CLOSEDBLANK
340
0
 70
0
280
1
281
0
  0
BLOCK_RECORD
  5
E0
330
9
100
AcDbSymbolTableRecord
100
AcDbBlockTableRecord
  2
M_MENFEZ_BESLEME
340
0
 70
0
280
1
281
0
  0
BLOCK_RECORD
  5
E9
330
9
100
AcDbSymbolTableRecord
100
AcDbBlockTableRecord
  2
M_MENFEZ_EGZOZ
340
0
 70
0
280
1
281
0
  0
BLOCK_RECORD
  5
F1
330
9
100
AcDbSymbolTableRecord
100
AcDbBlockTableRecord
  2
M_VALF
340
0
 70
0
280
1
281
0
  0
BLOCK_RECORD
  5
F9
330
9
100
AcDbSymbolTableRecord
100
AcDbBlockTableRecord
  2
M_FAN
340
0
 70
0
280
1
281
0
  0
BLOCK_RECORD
  5
104
330
9
100
AcDbSymbolTableRecord
100
AcDbBlockTableRecord
  2
M_PANJUR
340
0
 70
0
280
1
281
0
  0
BLOCK_RECORD
  5
10E
330
9
100
AcDbSymbolTableRecord
100
AcDbBlockTableRecord
  2
M_KLIMA_IC
340
0
 70
0
280
1
281
0
  0
BLOCK_RECORD
  5
115
330
9
100
AcDbSymbolTableRecord
100
AcDbBlockTableRecord
  2
M_KLIMA_DIS
340
0
 70
0
280
1
281
0
  0
BLOCK_RECORD
  5
11C
330
9
100
AcDbSymbolTableRecord
100
AcDbBlockTableRecord
  2
M_ISITICI
340
0
 70
0
280
1
281
0
  0
BLOCK_RECORD
  5
125
330
9
100
AcDbSymbolTableRecord
100
AcDbBlockTableRecord
  2
M_KLOZET
340
0
 70
0
280
1
281
0
  0
BLOCK_RECORD
  5
12B
330
9
100
AcDbSymbolTableRecord
100
AcDbBlockTableRecord
  2
M_LAVABO
340
0
 70
0
280
1
281
0
  0
BLOCK_RECORD
  5
131
330
9
100
AcDbSymbolTableRecord
100
AcDbBlockTableRecord
  2
M_DUS
340
0
 70
0
280
1
281
0
  0
BLOCK_RECORD
  5
138
330
9
100
AcDbSymbolTableRecord
100
AcDbBlockTableRecord
  2
M_SUZGEC
340
0
 70
0
280
1
281
0
  0
BLOCK_RECORD
  5
13D
330
9
100
AcDbSymbolTableRecord
100
AcDbBlockTableRecord
  2
M_SAYAC
340
0
 70
0
280
1
281
0
  0
BLOCK_RECORD
  5
143
330
9
100
AcDbSymbolTableRecord
100
AcDbBlockTableRecord
  2
E_ARMATUR_LINEER
340
0
 70
0
280
1
281
0
  0
BLOCK_RECORD
  5
149
330
9
100
AcDbSymbolTableRecord
100
AcDbBlockTableRecord
  2
E_DOWNLIGHT
340
0
 70
0
280
1
281
0
  0
BLOCK_RECORD
  5
150
330
9
100
AcDbSymbolTableRecord
100
AcDbBlockTableRecord
  2
E_ACIL
340
0
 70
0
280
1
281
0
  0
BLOCK_RECORD
  5
156
330
9
100
AcDbSymbolTableRecord
100
AcDbBlockTableRecord
  2
E_YONLENDIRME
340
0
 70
0
280
1
281
0
  0
BLOCK_RECORD
  5
15D
330
9
100
AcDbSymbolTableRecord
100
AcDbBlockTableRecord
  2
E_PRIZ
340
0
 70
0
280
1
281
0
  0
BLOCK_RECORD
  5
166
330
9
100
AcDbSymbolTableRecord
100
AcDbBlockTableRecord
  2
E_PRIZ_IP44
340
0
 70
0
280
1
281
0
  0
BLOCK_RECORD
  5
16F
330
9
100
AcDbSymbolTableRecord
100
AcDbBlockTableRecord
  2
E_ANAHTAR
340
0
 70
0
280
1
281
0
  0
BLOCK_RECORD
  5
175
330
9
100
AcDbSymbolTableRecord
100
AcDbBlockTableRecord
  2
E_SENSOR
340
0
 70
0
280
1
281
0
  0
BLOCK_RECORD
  5
17B
330
9
100
AcDbSymbolTableRecord
100
AcDbBlockTableRecord
  2
E_KAMERA
340
0
 70
0
280
1
281
0
  0
BLOCK_RECORD
  5
180
330
9
100
AcDbSymbolTableRecord
100
AcDbBlockTableRecord
  2
E_HOPARLOR
340
0
 70
0
280
1
281
0
  0
BLOCK_RECORD
  5
187
330
9
100
AcDbSymbolTableRecord
100
AcDbBlockTableRecord
  2
E_VERI
340
0
 70
0
280
1
281
0
  0
BLOCK_RECORD
  5
18D
330
9
100
AcDbSymbolTableRecord
100
AcDbBlockTableRecord
  2
E_DEDEKTOR
340
0
 70
0
280
1
281
0
  0
BLOCK_RECORD
  5
193
330
9
100
AcDbSymbolTableRecord
100
AcDbBlockTableRecord
  2
E_YANGIN_BUTON
340
0
 70
0
280
1
281
0
  0
BLOCK_RECORD
  5
199
330
9
100
AcDbSymbolTableRecord
100
AcDbBlockTableRecord
  2
E_PANO
340
0
 70
0
280
1
281
0
  0
BLOCK_RECORD
  5
1A6
330
9
100
AcDbSymbolTableRecord
100
AcDbBlockTableRecord
  2
G_KUZEY
340
0
 70
0
280
1
281
0
  0
BLOCK_RECORD
  5
1AC
330
9
100
AcDbSymbolTableRecord
100
AcDbBlockTableRecord
  2
ANTET_A3
340
0
 70
0
280
1
281
0
  0
BLOCK_RECORD
  5
236
330
9
100
AcDbSymbolTableRecord
100
AcDbBlockTableRecord
  2
*D1
340
0
 70
0
280
1
281
0
  0
BLOCK_RECORD
  5
245
330
9
100
AcDbSymbolTableRecord
100
AcDbBlockTableRecord
  2
*D2
340
0
 70
0
280
1
281
0
  0
BLOCK_RECORD
  5
254
330
9
100
AcDbSymbolTableRecord
100
AcDbBlockTableRecord
  2
*D3
340
0
 70
0
280
1
281
0
  0
BLOCK_RECORD
  5
263
330
9
100
AcDbSymbolTableRecord
100
AcDbBlockTableRecord
  2
*D4
340
0
 70
0
280
1
281
0
  0
BLOCK_RECORD
  5
272
330
9
100
AcDbSymbolTableRecord
100
AcDbBlockTableRecord
  2
*D5
340
0
 70
0
280
1
281
0
  0
BLOCK_RECORD
  5
281
330
9
100
AcDbSymbolTableRecord
100
AcDbBlockTableRecord
  2
*D6
340
0
 70
0
280
1
281
0
  0
BLOCK_RECORD
  5
290
330
9
100
AcDbSymbolTableRecord
100
AcDbBlockTableRecord
  2
*D7
340
0
 70
0
280
1
281
0
  0
BLOCK_RECORD
  5
29F
330
9
100
AcDbSymbolTableRecord
100
AcDbBlockTableRecord
  2
*D8
340
0
 70
0
280
1
281
0
  0
BLOCK_RECORD
  5
2AE
330
9
100
AcDbSymbolTableRecord
100
AcDbBlockTableRecord
  2
*D9
340
0
 70
0
280
1
281
0
  0
BLOCK_RECORD
  5
2BD
330
9
100
AcDbSymbolTableRecord
100
AcDbBlockTableRecord
  2
*D10
340
0
 70
0
280
1
281
0
  0
BLOCK_RECORD
  5
2CC
330
9
100
AcDbSymbolTableRecord
100
AcDbBlockTableRecord
  2
*D11
340
0
 70
0
280
1
281
0
  0
BLOCK_RECORD
  5
2DB
330
9
100
AcDbSymbolTableRecord
100
AcDbBlockTableRecord
  2
*D12
340
0
 70
0
280
1
281
0
  0
BLOCK_RECORD
  5
2EA
330
9
100
AcDbSymbolTableRecord
100
AcDbBlockTableRecord
  2
*D13
340
0
 70
0
280
1
281
0
  0
BLOCK_RECORD
  5
2F9
330
9
100
AcDbSymbolTableRecord
100
AcDbBlockTableRecord
  2
*D14
340
0
 70
0
280
1
281
0
  0
BLOCK_RECORD
  5
516
330
9
100
AcDbSymbolTableRecord
100
AcDbBlockTableRecord
  2
*Paper_Space1
340
519
 70
0
280
1
281
0
  0
BLOCK_RECORD
  5
627
330
9
100
AcDbSymbolTableRecord
100
AcDbBlockTableRecord
  2
*Paper_Space2
340
62A
 70
0
280
1
281
0
  0
BLOCK_RECORD
  5
737
330
9
100
AcDbSymbolTableRecord
100
AcDbBlockTableRecord
  2
*Paper_Space3
340
73A
 70
0
280
1
281
0
  0
BLOCK_RECORD
  5
849
330
9
100
AcDbSymbolTableRecord
100
AcDbBlockTableRecord
  2
*Paper_Space4
340
84C
 70
0
280
1
281
0
  0
BLOCK_RECORD
  5
406
330
9
100
AcDbSymbolTableRecord
100
AcDbBlockTableRecord
  2
*Paper_Space
340
409
 70
0
280
1
281
0
  0
ENDTAB
  0
ENDSEC
  0
SECTION
  2
BLOCKS
  0
BLOCK
  5
18
330
17
100
AcDbEntity
  8
0
100
AcDbBlockBegin
  2
*Model_Space
 70
0
 10
0.0
 20
0.0
 30
0.0
  3
*Model_Space
  1

  0
ENDBLK
  5
19
330
17
100
AcDbEntity
  8
0
100
AcDbBlockEnd
  0
BLOCK
  5
75
330
74
100
AcDbEntity
  8
0
100
AcDbBlockBegin
  2
_ARCHTICK
 70
0
 10
0.0
 20
0.0
 30
0.0
  3
_ARCHTICK
  1

  0
LWPOLYLINE
  5
77
330
74
100
AcDbEntity
  8
0
  6
BYBLOCK
 62
0
100
AcDbPolyline
 90
2
 70
0
 43
0.15
 10
-0.5
 20
-0.5
 10
0.5
 20
0.5
  0
ENDBLK
  5
76
330
74
100
AcDbEntity
  8
0
100
AcDbBlockEnd
  0
BLOCK
  5
79
330
78
100
AcDbEntity
  8
0
100
AcDbBlockBegin
  2
_CLOSEDFILLED
 70
0
 10
0.0
 20
0.0
 30
0.0
  3
_CLOSEDFILLED
  1

  0
SOLID
  5
7B
330
78
100
AcDbEntity
  8
0
  6
BYBLOCK
 62
0
100
AcDbTrace
 10
-1.0
 20
0.16439898372402537
 30
0.0
 11
0.0
 21
0.0
 31
0.0
 12
-1.0
 22
-0.16439898372402537
 32
0.0
 13
-1.0
 23
-0.16439898372402537
 33
0.0
  0
ENDBLK
  5
7A
330
78
100
AcDbEntity
  8
0
100
AcDbBlockEnd
  0
BLOCK
  5
85
330
84
100
AcDbEntity
  8
0
100
AcDbBlockBegin
  2
_CLOSEDBLANK
 70
0
 10
0.0
 20
0.0
 30
0.0
  3
_CLOSEDBLANK
  1

  0
LWPOLYLINE
  5
87
330
84
100
AcDbEntity
  8
0
  6
BYBLOCK
 62
0
100
AcDbPolyline
 90
3
 70
1
 10
-1.0
 20
0.16439898372402537
 10
0.0
 20
0.0
 10
-1.0
 20
-0.16439898372402537
  0
ENDBLK
  5
86
330
84
100
AcDbEntity
  8
0
100
AcDbBlockEnd
  0
BLOCK
  5
E1
330
E0
100
AcDbEntity
  8
0
100
AcDbBlockBegin
  2
M_MENFEZ_BESLEME
 70
2
 10
0.0
 20
0.0
 30
0.0
  3
M_MENFEZ_BESLEME
  1

  0
LWPOLYLINE
  5
E3
330
E0
100
AcDbEntity
  8
0
100
AcDbPolyline
 90
4
 70
1
 10
-150.0
 20
-75.0
 10
150.0
 20
-75.0
 10
150.0
 20
75.0
 10
-150.0
 20
75.0
  0
LINE
  5
E4
330
E0
100
AcDbEntity
  8
0
100
AcDbLine
 10
-150.0
 20
-40.0
 30
0.0
 11
150.0
 21
-40.0
 31
0.0
  0
LINE
  5
E5
330
E0
100
AcDbEntity
  8
0
100
AcDbLine
 10
-150.0
 20
0.0
 30
0.0
 11
150.0
 21
0.0
 31
0.0
  0
LINE
  5
E6
330
E0
100
AcDbEntity
  8
0
100
AcDbLine
 10
-150.0
 20
40.0
 30
0.0
 11
150.0
 21
40.0
 31
0.0
  0
ATTDEF
  5
E7
330
E0
100
AcDbEntity
  8
0
100
AcDbText
 10
0.0
 20
140.0
 30
0.0
 40
120.0
  1

  7
GYM
100
AcDbAttributeDefinition
  3
Menfez kodu
  2
KOD
 70
0
  0
ATTDEF
  5
E8
330
E0
100
AcDbEntity
  8
0
100
AcDbText
 10
0.0
 20
-200.0
 30
0.0
 40
105.0
  1

  7
GYM
100
AcDbAttributeDefinition
  3
Debi (m3/h)
  2
DEBI
 70
0
  0
ENDBLK
  5
E2
330
E0
100
AcDbEntity
  8
0
100
AcDbBlockEnd
  0
BLOCK
  5
EA
330
E9
100
AcDbEntity
  8
0
100
AcDbBlockBegin
  2
M_MENFEZ_EGZOZ
 70
2
 10
0.0
 20
0.0
 30
0.0
  3
M_MENFEZ_EGZOZ
  1

  0
LWPOLYLINE
  5
EC
330
E9
100
AcDbEntity
  8
0
100
AcDbPolyline
 90
4
 70
1
 10
-150.0
 20
-75.0
 10
150.0
 20
-75.0
 10
150.0
 20
75.0
 10
-150.0
 20
75.0
  0
LINE
  5
ED
330
E9
100
AcDbEntity
  8
0
100
AcDbLine
 10
-150.0
 20
-75.0
 30
0.0
 11
150.0
 21
75.0
 31
0.0
  0
LINE
  5
EE
330
E9
100
AcDbEntity
  8
0
100
AcDbLine
 10
-150.0
 20
75.0
 30
0.0
 11
150.0
 21
-75.0
 31
0.0
  0
ATTDEF
  5
EF
330
E9
100
AcDbEntity
  8
0
100
AcDbText
 10
0.0
 20
140.0
 30
0.0
 40
120.0
  1

  7
GYM
100
AcDbAttributeDefinition
  3
Menfez kodu
  2
KOD
 70
0
  0
ATTDEF
  5
F0
330
E9
100
AcDbEntity
  8
0
100
AcDbText
 10
0.0
 20
-200.0
 30
0.0
 40
105.0
  1

  7
GYM
100
AcDbAttributeDefinition
  3
Debi (m3/h)
  2
DEBI
 70
0
  0
ENDBLK
  5
EB
330
E9
100
AcDbEntity
  8
0
100
AcDbBlockEnd
  0
BLOCK
  5
F2
330
F1
100
AcDbEntity
  8
0
100
AcDbBlockBegin
  2
M_VALF
 70
2
 10
0.0
 20
0.0
 30
0.0
  3
M_VALF
  1

  0
CIRCLE
  5
F4
330
F1
100
AcDbEntity
  8
0
100
AcDbCircle
 10
0.0
 20
0.0
 30
0.0
 40
90.0
  0
LINE
  5
F5
330
F1
100
AcDbEntity
  8
0
100
AcDbLine
 10
-90.0
 20
0.0
 30
0.0
 11
90.0
 21
0.0
 31
0.0
  0
LINE
  5
F6
330
F1
100
AcDbEntity
  8
0
100
AcDbLine
 10
0.0
 20
-90.0
 30
0.0
 11
0.0
 21
90.0
 31
0.0
  0
ATTDEF
  5
F7
330
F1
100
AcDbEntity
  8
0
100
AcDbText
 10
0.0
 20
150.0
 30
0.0
 40
120.0
  1

  7
GYM
100
AcDbAttributeDefinition
  3
Valf kodu
  2
KOD
 70
0
  0
ATTDEF
  5
F8
330
F1
100
AcDbEntity
  8
0
100
AcDbText
 10
0.0
 20
-200.0
 30
0.0
 40
105.0
  1

  7
GYM
100
AcDbAttributeDefinition
  3
Debi (m3/h)
  2
DEBI
 70
0
  0
ENDBLK
  5
F3
330
F1
100
AcDbEntity
  8
0
100
AcDbBlockEnd
  0
BLOCK
  5
FA
330
F9
100
AcDbEntity
  8
0
100
AcDbBlockBegin
  2
M_FAN
 70
2
 10
0.0
 20
0.0
 30
0.0
  3
M_FAN
  1

  0
LWPOLYLINE
  5
FC
330
F9
100
AcDbEntity
  8
0
100
AcDbPolyline
 90
4
 70
1
 10
-250.0
 20
-140.0
 10
250.0
 20
-140.0
 10
250.0
 20
140.0
 10
-250.0
 20
140.0
  0
CIRCLE
  5
FD
330
F9
100
AcDbEntity
  8
0
100
AcDbCircle
 10
0.0
 20
0.0
 30
0.0
 40
105.0
  0
LINE
  5
FE
330
F9
100
AcDbEntity
  8
0
100
AcDbLine
 10
0.0
 20
0.0
 30
0.0
 11
105.0
 21
0.0
 31
0.0
  0
LINE
  5
FF
330
F9
100
AcDbEntity
  8
0
100
AcDbLine
 10
0.0
 20
0.0
 30
0.0
 11
6.429395695523604e-15
 21
105.0
 31
0.0
  0
LINE
  5
100
330
F9
100
AcDbEntity
  8
0
100
AcDbLine
 10
0.0
 20
0.0
 30
0.0
 11
-105.0
 21
1.2858791391047208e-14
 31
0.0
  0
LINE
  5
101
330
F9
100
AcDbEntity
  8
0
100
AcDbLine
 10
0.0
 20
0.0
 30
0.0
 11
-1.928818708657081e-14
 21
-105.0
 31
0.0
  0
ATTDEF
  5
102
330
F9
100
AcDbEntity
  8
0
100
AcDbText
 10
0.0
 20
210.0
 30
0.0
 40
120.0
  1

  7
GYM
100
AcDbAttributeDefinition
  3
Fan kodu
  2
KOD
 70
0
  0
ATTDEF
  5
103
330
F9
100
AcDbEntity
  8
0
100
AcDbText
 10
0.0
 20
-270.0
 30
0.0
 40
105.0
  1

  7
GYM
100
AcDbAttributeDefinition
  3
Fan tanimi
  2
TANIM
 70
0
  0
ENDBLK
  5
FB
330
F9
100
AcDbEntity
  8
0
100
AcDbBlockEnd
  0
BLOCK
  5
105
330
104
100
AcDbEntity
  8
0
100
AcDbBlockBegin
  2
M_PANJUR
 70
2
 10
0.0
 20
0.0
 30
0.0
  3
M_PANJUR
  1

  0
LWPOLYLINE
  5
107
330
104
100
AcDbEntity
  8
0
100
AcDbPolyline
 90
4
 70
1
 10
-140.0
 20
-90.0
 10
140.0
 20
-90.0
 10
140.0
 20
90.0
 10
-140.0
 20
90.0
  0
LINE
  5
108
330
104
100
AcDbEntity
  8
0
100
AcDbLine
 10
-140.0
 20
-64.0
 30
0.0
 11
140.0
 21
-64.0
 31
0.0
  0
LINE
  5
109
330
104
100
AcDbEntity
  8
0
100
AcDbLine
 10
-140.0
 20
-32.0
 30
0.0
 11
140.0
 21
-32.0
 31
0.0
  0
LINE
  5
10A
330
104
100
AcDbEntity
  8
0
100
AcDbLine
 10
-140.0
 20
0.0
 30
0.0
 11
140.0
 21
0.0
 31
0.0
  0
LINE
  5
10B
330
104
100
AcDbEntity
  8
0
100
AcDbLine
 10
-140.0
 20
32.0
 30
0.0
 11
140.0
 21
32.0
 31
0.0
  0
LINE
  5
10C
330
104
100
AcDbEntity
  8
0
100
AcDbLine
 10
-140.0
 20
64.0
 30
0.0
 11
140.0
 21
64.0
 31
0.0
  0
ATTDEF
  5
10D
330
104
100
AcDbEntity
  8
0
100
AcDbText
 10
0.0
 20
150.0
 30
0.0
 40
120.0
  1

  7
GYM
100
AcDbAttributeDefinition
  3
Panjur kodu
  2
KOD
 70
0
  0
ENDBLK
  5
106
330
104
100
AcDbEntity
  8
0
100
AcDbBlockEnd
  0
BLOCK
  5
10F
330
10E
100
AcDbEntity
  8
0
100
AcDbBlockBegin
  2
M_KLIMA_IC
 70
2
 10
0.0
 20
0.0
 30
0.0
  3
M_KLIMA_IC
  1

  0
LWPOLYLINE
  5
111
330
10E
100
AcDbEntity
  8
0
100
AcDbPolyline
 90
4
 70
1
 10
-450.0
 20
-140.0
 10
450.0
 20
-140.0
 10
450.0
 20
140.0
 10
-450.0
 20
140.0
  0
LINE
  5
112
330
10E
100
AcDbEntity
  8
0
100
AcDbLine
 10
-450.0
 20
-60.0
 30
0.0
 11
450.0
 21
-60.0
 31
0.0
  0
ATTDEF
  5
113
330
10E
100
AcDbEntity
  8
0
100
AcDbText
 10
0.0
 20
215.0
 30
0.0
 40
120.0
  1

  7
GYM
100
AcDbAttributeDefinition
  3
Unite kodu
  2
KOD
 70
0
  0
ATTDEF
  5
114
330
10E
100
AcDbEntity
  8
0
100
AcDbText
 10
0.0
 20
-270.0
 30
0.0
 40
105.0
  1

  7
GYM
100
AcDbAttributeDefinition
  3
Kapasite (BTU)
  2
KAPASITE
 70
0
  0
ENDBLK
  5
110
330
10E
100
AcDbEntity
  8
0
100
AcDbBlockEnd
  0
BLOCK
  5
116
330
115
100
AcDbEntity
  8
0
100
AcDbBlockBegin
  2
M_KLIMA_DIS
 70
2
 10
0.0
 20
0.0
 30
0.0
  3
M_KLIMA_DIS
  1

  0
LWPOLYLINE
  5
118
330
115
100
AcDbEntity
  8
0
100
AcDbPolyline
 90
4
 70
1
 10
-500.0
 20
-350.0
 10
500.0
 20
-350.0
 10
500.0
 20
350.0
 10
-500.0
 20
350.0
  0
CIRCLE
  5
119
330
115
100
AcDbEntity
  8
0
100
AcDbCircle
 10
0.0
 20
0.0
 30
0.0
 40
230.0
  0
ATTDEF
  5
11A
330
115
100
AcDbEntity
  8
0
100
AcDbText
 10
0.0
 20
430.0
 30
0.0
 40
120.0
  1

  7
GYM
100
AcDbAttributeDefinition
  3
Platform
  2
KOD
 70
0
  0
ATTDEF
  5
11B
330
115
100
AcDbEntity
  8
0
100
AcDbText
 10
0.0
 20
-530.0
 30
0.0
 40
105.0
  1

  7
GYM
100
AcDbAttributeDefinition
  3
Unite adedi
  2
ADET
 70
0
  0
ENDBLK
  5
117
330
115
100
AcDbEntity
  8
0
100
AcDbBlockEnd
  0
BLOCK
  5
11D
330
11C
100
AcDbEntity
  8
0
100
AcDbBlockBegin
  2
M_ISITICI
 70
2
 10
0.0
 20
0.0
 30
0.0
  3
M_ISITICI
  1

  0
LWPOLYLINE
  5
11F
330
11C
100
AcDbEntity
  8
0
100
AcDbPolyline
 90
4
 70
1
 10
-200.0
 20
-150.0
 10
200.0
 20
-150.0
 10
200.0
 20
150.0
 10
-200.0
 20
150.0
  0
LINE
  5
120
330
11C
100
AcDbEntity
  8
0
100
AcDbLine
 10
-90.0
 20
-150.0
 30
0.0
 11
-90.0
 21
150.0
 31
0.0
  0
LINE
  5
121
330
11C
100
AcDbEntity
  8
0
100
AcDbLine
 10
0.0
 20
-150.0
 30
0.0
 11
0.0
 21
150.0
 31
0.0
  0
LINE
  5
122
330
11C
100
AcDbEntity
  8
0
100
AcDbLine
 10
90.0
 20
-150.0
 30
0.0
 11
90.0
 21
150.0
 31
0.0
  0
ATTDEF
  5
123
330
11C
100
AcDbEntity
  8
0
100
AcDbText
 10
0.0
 20
225.0
 30
0.0
 40
120.0
  1

  7
GYM
100
AcDbAttributeDefinition
  3
Isitici kodu
  2
KOD
 70
0
  0
ATTDEF
  5
124
330
11C
100
AcDbEntity
  8
0
100
AcDbText
 10
0.0
 20
-285.0
 30
0.0
 40
105.0
  1

  7
GYM
100
AcDbAttributeDefinition
  3
Guc (kW)
  2
GUC
 70
0
  0
ENDBLK
  5
11E
330
11C
100
AcDbEntity
  8
0
100
AcDbBlockEnd
  0
BLOCK
  5
126
330
125
100
AcDbEntity
  8
0
100
AcDbBlockBegin
  2
M_KLOZET
 70
2
 10
0.0
 20
0.0
 30
0.0
  3
M_KLOZET
  1

  0
ELLIPSE
  5
128
330
125
100
AcDbEntity
  8
0
100
AcDbEllipse
 10
0.0
 20
-40.0
 30
0.0
 11
160.0
 21
0.0
 31
0.0
 40
0.78
 41
0.0
 42
6.283185307179586
  0
LWPOLYLINE
  5
129
330
125
100
AcDbEntity
  8
0
100
AcDbPolyline
 90
4
 70
1
 10
-170.0
 20
150.0
 10
170.0
 20
150.0
 10
170.0
 20
260.0
 10
-170.0
 20
260.0
  0
ATTDEF
  5
12A
330
125
100
AcDbEntity
  8
0
100
AcDbText
 10
0.0
 20
330.0
 30
0.0
 40
120.0
  1

  7
GYM
100
AcDbAttributeDefinition
  3
Vitrifiye
  2
KOD
 70
0
  0
ENDBLK
  5
127
330
125
100
AcDbEntity
  8
0
100
AcDbBlockEnd
  0
BLOCK
  5
12C
330
12B
100
AcDbEntity
  8
0
100
AcDbBlockBegin
  2
M_LAVABO
 70
2
 10
0.0
 20
0.0
 30
0.0
  3
M_LAVABO
  1

  0
LWPOLYLINE
  5
12E
330
12B
100
AcDbEntity
  8
0
100
AcDbPolyline
 90
4
 70
1
 10
-230.0
 20
-140.0
 10
230.0
 20
-140.0
 10
230.0
 20
140.0
 10
-230.0
 20
140.0
  0
ELLIPSE
  5
12F
330
12B
100
AcDbEntity
  8
0
100
AcDbEllipse
 10
0.0
 20
0.0
 30
0.0
 11
170.0
 21
0.0
 31
0.0
 40
0.62
 41
0.0
 42
6.283185307179586
  0
ATTDEF
  5
130
330
12B
100
AcDbEntity
  8
0
100
AcDbText
 10
0.0
 20
210.0
 30
0.0
 40
120.0
  1

  7
GYM
100
AcDbAttributeDefinition
  3
Vitrifiye
  2
KOD
 70
0
  0
ENDBLK
  5
12D
330
12B
100
AcDbEntity
  8
0
100
AcDbBlockEnd
  0
BLOCK
  5
132
330
131
100
AcDbEntity
  8
0
100
AcDbBlockBegin
  2
M_DUS
 70
2
 10
0.0
 20
0.0
 30
0.0
  3
M_DUS
  1

  0
LWPOLYLINE
  5
134
330
131
100
AcDbEntity
  8
0
100
AcDbPolyline
 90
4
 70
1
 10
-450.0
 20
-450.0
 10
450.0
 20
-450.0
 10
450.0
 20
450.0
 10
-450.0
 20
450.0
  0
CIRCLE
  5
135
330
131
100
AcDbEntity
  8
0
100
AcDbCircle
 10
0.0
 20
0.0
 30
0.0
 40
80.0
  0
LINE
  5
136
330
131
100
AcDbEntity
  8
0
100
AcDbLine
 10
-450.0
 20
-450.0
 30
0.0
 11
450.0
 21
450.0
 31
0.0
  0
ATTDEF
  5
137
330
131
100
AcDbEntity
  8
0
100
AcDbText
 10
0.0
 20
530.0
 30
0.0
 40
120.0
  1

  7
GYM
100
AcDbAttributeDefinition
  3
Dus teknesi
  2
KOD
 70
0
  0
ENDBLK
  5
133
330
131
100
AcDbEntity
  8
0
100
AcDbBlockEnd
  0
BLOCK
  5
139
330
138
100
AcDbEntity
  8
0
100
AcDbBlockBegin
  2
M_SUZGEC
 70
0
 10
0.0
 20
0.0
 30
0.0
  3
M_SUZGEC
  1

  0
LWPOLYLINE
  5
13B
330
138
100
AcDbEntity
  8
0
100
AcDbPolyline
 90
4
 70
1
 10
-75.0
 20
-75.0
 10
75.0
 20
-75.0
 10
75.0
 20
75.0
 10
-75.0
 20
75.0
  0
CIRCLE
  5
13C
330
138
100
AcDbEntity
  8
0
100
AcDbCircle
 10
0.0
 20
0.0
 30
0.0
 40
42.0
  0
ENDBLK
  5
13A
330
138
100
AcDbEntity
  8
0
100
AcDbBlockEnd
  0
BLOCK
  5
13E
330
13D
100
AcDbEntity
  8
0
100
AcDbBlockBegin
  2
M_SAYAC
 70
2
 10
0.0
 20
0.0
 30
0.0
  3
M_SAYAC
  1

  0
CIRCLE
  5
140
330
13D
100
AcDbEntity
  8
0
100
AcDbCircle
 10
0.0
 20
0.0
 30
0.0
 40
130.0
  0
LINE
  5
141
330
13D
100
AcDbEntity
  8
0
100
AcDbLine
 10
-130.0
 20
0.0
 30
0.0
 11
130.0
 21
0.0
 31
0.0
  0
ATTDEF
  5
142
330
13D
100
AcDbEntity
  8
0
100
AcDbText
 10
0.0
 20
200.0
 30
0.0
 40
120.0
  1

  7
GYM
100
AcDbAttributeDefinition
  3
Sayac / ana kesme
  2
KOD
 70
0
  0
ENDBLK
  5
13F
330
13D
100
AcDbEntity
  8
0
100
AcDbBlockEnd
  0
BLOCK
  5
144
330
143
100
AcDbEntity
  8
0
100
AcDbBlockBegin
  2
E_ARMATUR_LINEER
 70
2
 10
0.0
 20
0.0
 30
0.0
  3
E_ARMATUR_LINEER
  1

  0
LWPOLYLINE
  5
146
330
143
100
AcDbEntity
  8
0
100
AcDbPolyline
 90
4
 70
1
 10
-600.0
 20
-55.0
 10
600.0
 20
-55.0
 10
600.0
 20
55.0
 10
-600.0
 20
55.0
  0
LINE
  5
147
330
143
100
AcDbEntity
  8
0
100
AcDbLine
 10
-600.0
 20
0.0
 30
0.0
 11
600.0
 21
0.0
 31
0.0
  0
ATTDEF
  5
148
330
143
100
AcDbEntity
  8
0
100
AcDbText
 10
0.0
 20
185.0
 30
0.0
 40
105.0
  1

  7
GYM
100
AcDbAttributeDefinition
  3
Linye kodu
  2
LINYE
 70
0
  0
ENDBLK
  5
145
330
143
100
AcDbEntity
  8
0
100
AcDbBlockEnd
  0
BLOCK
  5
14A
330
149
100
AcDbEntity
  8
0
100
AcDbBlockBegin
  2
E_DOWNLIGHT
 70
2
 10
0.0
 20
0.0
 30
0.0
  3
E_DOWNLIGHT
  1

  0
CIRCLE
  5
14C
330
149
100
AcDbEntity
  8
0
100
AcDbCircle
 10
0.0
 20
0.0
 30
0.0
 40
90.0
  0
LINE
  5
14D
330
149
100
AcDbEntity
  8
0
100
AcDbLine
 10
-64.0
 20
-64.0
 30
0.0
 11
64.0
 21
64.0
 31
0.0
  0
LINE
  5
14E
330
149
100
AcDbEntity
  8
0
100
AcDbLine
 10
-64.0
 20
64.0
 30
0.0
 11
64.0
 21
-64.0
 31
0.0
  0
ATTDEF
  5
14F
330
149
100
AcDbEntity
  8
0
100
AcDbText
 10
0.0
 20
210.0
 30
0.0
 40
105.0
  1

  7
GYM
100
AcDbAttributeDefinition
  3
Linye kodu
  2
LINYE
 70
0
  0
ENDBLK
  5
14B
330
149
100
AcDbEntity
  8
0
100
AcDbBlockEnd
  0
BLOCK
  5
151
330
150
100
AcDbEntity
  8
0
100
AcDbBlockBegin
  2
E_ACIL
 70
2
 10
0.0
 20
0.0
 30
0.0
  3
E_ACIL
  1

  0
LWPOLYLINE
  5
153
330
150
100
AcDbEntity
  8
0
100
AcDbPolyline
 90
4
 70
1
 10
-100.0
 20
-100.0
 10
100.0
 20
-100.0
 10
100.0
 20
100.0
 10
-100.0
 20
100.0
  0
TEXT
  5
154
330
150
100
AcDbEntity
  8
0
100
AcDbText
 10
0.0
 20
0.0
 30
0.0
 40
110.0
  1
E
  7
GYM-B
 72
1
 11
0.0
 21
0.0
 31
0.0
100
AcDbText
 73
2
  0
ATTDEF
  5
155
330
150
100
AcDbEntity
  8
0
100
AcDbText
 10
0.0
 20
230.0
 30
0.0
 40
105.0
  1

  7
GYM
100
AcDbAttributeDefinition
  3
Armatur kodu
  2
KOD
 70
0
  0
ENDBLK
  5
152
330
150
100
AcDbEntity
  8
0
100
AcDbBlockEnd
  0
BLOCK
  5
157
330
156
100
AcDbEntity
  8
0
100
AcDbBlockBegin
  2
E_YONLENDIRME
 70
2
 10
0.0
 20
0.0
 30
0.0
  3
E_YONLENDIRME
  1

  0
LWPOLYLINE
  5
159
330
156
100
AcDbEntity
  8
0
100
AcDbPolyline
 90
4
 70
1
 10
-130.0
 20
-80.0
 10
130.0
 20
-80.0
 10
130.0
 20
80.0
 10
-130.0
 20
80.0
  0
LWPOLYLINE
  5
15A
330
156
100
AcDbEntity
  8
0
100
AcDbPolyline
 90
2
 70
0
 10
-70.0
 20
0.0
 10
30.0
 20
0.0
  0
LWPOLYLINE
  5
15B
330
156
100
AcDbEntity
  8
0
100
AcDbPolyline
 90
3
 70
1
 10
30.0
 20
45.0
 10
80.0
 20
0.0
 10
30.0
 20
-45.0
  0
ATTDEF
  5
15C
330
156
100
AcDbEntity
  8
0
100
AcDbText
 10
0.0
 20
205.0
 30
0.0
 40
105.0
  1

  7
GYM
100
AcDbAttributeDefinition
  3
Armatur kodu
  2
KOD
 70
0
  0
ENDBLK
  5
158
330
156
100
AcDbEntity
  8
0
100
AcDbBlockEnd
  0
BLOCK
  5
15E
330
15D
100
AcDbEntity
  8
0
100
AcDbBlockBegin
  2
E_PRIZ
 70
2
 10
0.0
 20
0.0
 30
0.0
  3
E_PRIZ
  1

  0
ARC
  5
160
330
15D
100
AcDbEntity
  8
0
100
AcDbCircle
 10
0.0
 20
0.0
 30
0.0
 40
95.0
100
AcDbArc
 50
0.0
 51
180.0
  0
LINE
  5
161
330
15D
100
AcDbEntity
  8
0
100
AcDbLine
 10
-95.0
 20
0.0
 30
0.0
 11
95.0
 21
0.0
 31
0.0
  0
LINE
  5
162
330
15D
100
AcDbEntity
  8
0
100
AcDbLine
 10
0.0
 20
0.0
 30
0.0
 11
0.0
 21
150.0
 31
0.0
  0
LINE
  5
163
330
15D
100
AcDbEntity
  8
0
100
AcDbLine
 10
-60.0
 20
150.0
 30
0.0
 11
60.0
 21
150.0
 31
0.0
  0
ATTDEF
  5
164
330
15D
100
AcDbEntity
  8
0
100
AcDbText
 10
195.0
 20
80.0
 30
0.0
 40
105.0
  1

  7
GYM
100
AcDbAttributeDefinition
  3
Priz kodu
  2
KOD
 70
0
  0
ATTDEF
  5
165
330
15D
100
AcDbEntity
  8
0
100
AcDbText
 10
195.0
 20
-80.0
 30
0.0
 40
105.0
  1

  7
GYM
100
AcDbAttributeDefinition
  3
Linye
  2
LINYE
 70
0
  0
ENDBLK
  5
15F
330
15D
100
AcDbEntity
  8
0
100
AcDbBlockEnd
  0
BLOCK
  5
167
330
166
100
AcDbEntity
  8
0
100
AcDbBlockBegin
  2
E_PRIZ_IP44
 70
2
 10
0.0
 20
0.0
 30
0.0
  3
E_PRIZ_IP44
  1

  0
ARC
  5
169
330
166
100
AcDbEntity
  8
0
100
AcDbCircle
 10
0.0
 20
0.0
 30
0.0
 40
95.0
100
AcDbArc
 50
0.0
 51
180.0
  0
LINE
  5
16A
330
166
100
AcDbEntity
  8
0
100
AcDbLine
 10
-95.0
 20
0.0
 30
0.0
 11
95.0
 21
0.0
 31
0.0
  0
LINE
  5
16B
330
166
100
AcDbEntity
  8
0
100
AcDbLine
 10
0.0
 20
0.0
 30
0.0
 11
0.0
 21
150.0
 31
0.0
  0
LINE
  5
16C
330
166
100
AcDbEntity
  8
0
100
AcDbLine
 10
-60.0
 20
150.0
 30
0.0
 11
60.0
 21
150.0
 31
0.0
  0
TEXT
  5
16D
330
166
100
AcDbEntity
  8
0
100
AcDbText
 10
0.0
 20
-120.0
 30
0.0
 40
70.0
  1
IP44
  7
GYM
 72
1
 11
0.0
 21
-120.0
 31
0.0
100
AcDbText
 73
2
  0
ATTDEF
  5
16E
330
166
100
AcDbEntity
  8
0
100
AcDbText
 10
205.0
 20
80.0
 30
0.0
 40
105.0
  1

  7
GYM
100
AcDbAttributeDefinition
  3
Priz kodu
  2
KOD
 70
0
  0
ENDBLK
  5
168
330
166
100
AcDbEntity
  8
0
100
AcDbBlockEnd
  0
BLOCK
  5
170
330
16F
100
AcDbEntity
  8
0
100
AcDbBlockBegin
  2
E_ANAHTAR
 70
2
 10
0.0
 20
0.0
 30
0.0
  3
E_ANAHTAR
  1

  0
CIRCLE
  5
172
330
16F
100
AcDbEntity
  8
0
100
AcDbCircle
 10
0.0
 20
0.0
 30
0.0
 40
60.0
  0
LINE
  5
173
330
16F
100
AcDbEntity
  8
0
100
AcDbLine
 10
0.0
 20
0.0
 30
0.0
 11
130.0
 21
110.0
 31
0.0
  0
ATTDEF
  5
174
330
16F
100
AcDbEntity
  8
0
100
AcDbText
 10
0.0
 20
240.0
 30
0.0
 40
105.0
  1

  7
GYM
100
AcDbAttributeDefinition
  3
Anahtar kodu
  2
KOD
 70
0
  0
ENDBLK
  5
171
330
16F
100
AcDbEntity
  8
0
100
AcDbBlockEnd
  0
BLOCK
  5
176
330
175
100
AcDbEntity
  8
0
100
AcDbBlockBegin
  2
E_SENSOR
 70
2
 10
0.0
 20
0.0
 30
0.0
  3
E_SENSOR
  1

  0
CIRCLE
  5
178
330
175
100
AcDbEntity
  8
0
100
AcDbCircle
 10
0.0
 20
0.0
 30
0.0
 40
95.0
  0
TEXT
  5
179
330
175
100
AcDbEntity
  8
0
100
AcDbText
 10
0.0
 20
0.0
 30
0.0
 40
100.0
  1
S
  7
GYM-B
 72
1
 11
0.0
 21
0.0
 31
0.0
100
AcDbText
 73
2
  0
ATTDEF
  5
17A
330
175
100
AcDbEntity
  8
0
100
AcDbText
 10
0.0
 20
230.0
 30
0.0
 40
105.0
  1

  7
GYM
100
AcDbAttributeDefinition
  3
Sensor kodu
  2
KOD
 70
0
  0
ENDBLK
  5
177
330
175
100
AcDbEntity
  8
0
100
AcDbBlockEnd
  0
BLOCK
  5
17C
330
17B
100
AcDbEntity
  8
0
100
AcDbBlockBegin
  2
E_KAMERA
 70
2
 10
0.0
 20
0.0
 30
0.0
  3
E_KAMERA
  1

  0
LWPOLYLINE
  5
17E
330
17B
100
AcDbEntity
  8
0
100
AcDbPolyline
 90
3
 70
1
 10
-110.0
 20
-85.0
 10
110.0
 20
0.0
 10
-110.0
 20
85.0
  0
ATTDEF
  5
17F
330
17B
100
AcDbEntity
  8
0
100
AcDbText
 10
0.0
 20
210.0
 30
0.0
 40
105.0
  1

  7
GYM
100
AcDbAttributeDefinition
  3
Kamera kodu
  2
KOD
 70
0
  0
ENDBLK
  5
17D
330
17B
100
AcDbEntity
  8
0
100
AcDbBlockEnd
  0
BLOCK
  5
181
330
180
100
AcDbEntity
  8
0
100
AcDbBlockBegin
  2
E_HOPARLOR
 70
2
 10
0.0
 20
0.0
 30
0.0
  3
E_HOPARLOR
  1

  0
CIRCLE
  5
183
330
180
100
AcDbEntity
  8
0
100
AcDbCircle
 10
0.0
 20
0.0
 30
0.0
 40
95.0
  0
ARC
  5
184
330
180
100
AcDbEntity
  8
0
100
AcDbCircle
 10
0.0
 20
0.0
 30
0.0
 40
150.0
100
AcDbArc
 50
-45.0
 51
45.0
  0
ARC
  5
185
330
180
100
AcDbEntity
  8
0
100
AcDbCircle
 10
0.0
 20
0.0
 30
0.0
 40
200.0
100
AcDbArc
 50
-35.0
 51
35.0
  0
ATTDEF
  5
186
330
180
100
AcDbEntity
  8
0
100
AcDbText
 10
0.0
 20
330.0
 30
0.0
 40
105.0
  1

  7
GYM
100
AcDbAttributeDefinition
  3
Hoparlor kodu
  2
KOD
 70
0
  0
ENDBLK
  5
182
330
180
100
AcDbEntity
  8
0
100
AcDbBlockEnd
  0
BLOCK
  5
188
330
187
100
AcDbEntity
  8
0
100
AcDbBlockBegin
  2
E_VERI
 70
2
 10
0.0
 20
0.0
 30
0.0
  3
E_VERI
  1

  0
LWPOLYLINE
  5
18A
330
187
100
AcDbEntity
  8
0
100
AcDbPolyline
 90
4
 70
1
 10
-95.0
 20
-95.0
 10
95.0
 20
-95.0
 10
95.0
 20
95.0
 10
-95.0
 20
95.0
  0
TEXT
  5
18B
330
187
100
AcDbEntity
  8
0
100
AcDbText
 10
0.0
 20
0.0
 30
0.0
 40
105.0
  1
D
  7
GYM-B
 72
1
 11
0.0
 21
0.0
 31
0.0
100
AcDbText
 73
2
  0
ATTDEF
  5
18C
330
187
100
AcDbEntity
  8
0
100
AcDbText
 10
0.0
 20
230.0
 30
0.0
 40
105.0
  1

  7
GYM
100
AcDbAttributeDefinition
  3
Veri kodu
  2
KOD
 70
0
  0
ENDBLK
  5
189
330
187
100
AcDbEntity
  8
0
100
AcDbBlockEnd
  0
BLOCK
  5
18E
330
18D
100
AcDbEntity
  8
0
100
AcDbBlockBegin
  2
E_DEDEKTOR
 70
2
 10
0.0
 20
0.0
 30
0.0
  3
E_DEDEKTOR
  1

  0
CIRCLE
  5
190
330
18D
100
AcDbEntity
  8
0
100
AcDbCircle
 10
0.0
 20
0.0
 30
0.0
 40
110.0
  0
CIRCLE
  5
191
330
18D
100
AcDbEntity
  8
0
100
AcDbCircle
 10
0.0
 20
0.0
 30
0.0
 40
40.0
  0
ATTDEF
  5
192
330
18D
100
AcDbEntity
  8
0
100
AcDbText
 10
0.0
 20
240.0
 30
0.0
 40
105.0
  1

  7
GYM
100
AcDbAttributeDefinition
  3
Dedektor kodu
  2
KOD
 70
0
  0
ENDBLK
  5
18F
330
18D
100
AcDbEntity
  8
0
100
AcDbBlockEnd
  0
BLOCK
  5
194
330
193
100
AcDbEntity
  8
0
100
AcDbBlockBegin
  2
E_YANGIN_BUTON
 70
2
 10
0.0
 20
0.0
 30
0.0
  3
E_YANGIN_BUTON
  1

  0
LWPOLYLINE
  5
196
330
193
100
AcDbEntity
  8
0
100
AcDbPolyline
 90
4
 70
1
 10
-95.0
 20
-95.0
 10
95.0
 20
-95.0
 10
95.0
 20
95.0
 10
-95.0
 20
95.0
  0
TEXT
  5
197
330
193
100
AcDbEntity
  8
0
100
AcDbText
 10
0.0
 20
0.0
 30
0.0
 40
105.0
  1
Y
  7
GYM-B
 72
1
 11
0.0
 21
0.0
 31
0.0
100
AcDbText
 73
2
  0
ATTDEF
  5
198
330
193
100
AcDbEntity
  8
0
100
AcDbText
 10
0.0
 20
230.0
 30
0.0
 40
105.0
  1

  7
GYM
100
AcDbAttributeDefinition
  3
Buton kodu
  2
KOD
 70
0
  0
ENDBLK
  5
195
330
193
100
AcDbEntity
  8
0
100
AcDbBlockEnd
  0
BLOCK
  5
19A
330
199
100
AcDbEntity
  8
0
100
AcDbBlockBegin
  2
E_PANO
 70
2
 10
0.0
 20
0.0
 30
0.0
  3
E_PANO
  1

  0
LWPOLYLINE
  5
19C
330
199
100
AcDbEntity
  8
0
100
AcDbPolyline
 90
4
 70
1
 10
-420.0
 20
-280.0
 10
420.0
 20
-280.0
 10
420.0
 20
280.0
 10
-420.0
 20
280.0
  0
LINE
  5
19D
330
199
100
AcDbEntity
  8
0
100
AcDbLine
 10
-330.0
 20
-280.0
 30
0.0
 11
-330.0
 21
280.0
 31
0.0
  0
LINE
  5
19E
330
199
100
AcDbEntity
  8
0
100
AcDbLine
 10
-220.0
 20
-280.0
 30
0.0
 11
-220.0
 21
280.0
 31
0.0
  0
LINE
  5
19F
330
199
100
AcDbEntity
  8
0
100
AcDbLine
 10
-110.0
 20
-280.0
 30
0.0
 11
-110.0
 21
280.0
 31
0.0
  0
LINE
  5
1A0
330
199
100
AcDbEntity
  8
0
100
AcDbLine
 10
0.0
 20
-280.0
 30
0.0
 11
0.0
 21
280.0
 31
0.0
  0
LINE
  5
1A1
330
199
100
AcDbEntity
  8
0
100
AcDbLine
 10
110.0
 20
-280.0
 30
0.0
 11
110.0
 21
280.0
 31
0.0
  0
LINE
  5
1A2
330
199
100
AcDbEntity
  8
0
100
AcDbLine
 10
220.0
 20
-280.0
 30
0.0
 11
220.0
 21
280.0
 31
0.0
  0
LINE
  5
1A3
330
199
100
AcDbEntity
  8
0
100
AcDbLine
 10
330.0
 20
-280.0
 30
0.0
 11
330.0
 21
280.0
 31
0.0
  0
ATTDEF
  5
1A4
330
199
100
AcDbEntity
  8
0
100
AcDbText
 10
0.0
 20
380.0
 30
0.0
 40
120.0
  1

  7
GYM
100
AcDbAttributeDefinition
  3
Pano kodu
  2
KOD
 70
0
  0
ATTDEF
  5
1A5
330
199
100
AcDbEntity
  8
0
100
AcDbText
 10
0.0
 20
-470.0
 30
0.0
 40
105.0
  1

  7
GYM
100
AcDbAttributeDefinition
  3
Pano tanimi
  2
TANIM
 70
0
  0
ENDBLK
  5
19B
330
199
100
AcDbEntity
  8
0
100
AcDbBlockEnd
  0
BLOCK
  5
1A7
330
1A6
100
AcDbEntity
  8
0
100
AcDbBlockBegin
  2
G_KUZEY
 70
0
 10
0.0
 20
0.0
 30
0.0
  3
G_KUZEY
  1

  0
CIRCLE
  5
1A9
330
1A6
100
AcDbEntity
  8
0
100
AcDbCircle
 10
0.0
 20
0.0
 30
0.0
 40
700.0
  0
LWPOLYLINE
  5
1AA
330
1A6
100
AcDbEntity
  8
0
100
AcDbPolyline
 90
4
 70
1
 10
0.0
 20
560.0
 10
-230.0
 20
-330.0
 10
0.0
 20
-140.0
 10
230.0
 20
-330.0
  0
TEXT
  5
1AB
330
1A6
100
AcDbEntity
  8
0
100
AcDbText
 10
0.0
 20
-960.0
 30
0.0
 40
260.0
  1
K
  7
GYM-B
 72
1
 11
0.0
 21
-960.0
 31
0.0
100
AcDbText
 73
2
  0
ENDBLK
  5
1A8
330
1A6
100
AcDbEntity
  8
0
100
AcDbBlockEnd
  0
BLOCK
  5
1AD
330
1AC
100
AcDbEntity
  8
0
100
AcDbBlockBegin
  2
ANTET_A3
 70
2
 10
0.0
 20
0.0
 30
0.0
  3
ANTET_A3
  1

  0
LWPOLYLINE
  5
1AF
330
1AC
100
AcDbEntity
  8
0
100
AcDbPolyline
 90
4
 70
1
 10
0.0
 20
0.0
 10
170.0
 20
0.0
 10
170.0
 20
92.0
 10
0.0
 20
92.0
  0
LINE
  5
1B0
330
1AC
100
AcDbEntity
  8
0
100
AcDbLine
 10
0.0
 20
12.0
 30
0.0
 11
170.0
 21
12.0
 31
0.0
  0
LINE
  5
1B1
330
1AC
100
AcDbEntity
  8
0
100
AcDbLine
 10
0.0
 20
24.0
 30
0.0
 11
170.0
 21
24.0
 31
0.0
  0
LINE
  5
1B2
330
1AC
100
AcDbEntity
  8
0
100
AcDbLine
 10
0.0
 20
36.0
 30
0.0
 11
170.0
 21
36.0
 31
0.0
  0
LINE
  5
1B3
330
1AC
100
AcDbEntity
  8
0
100
AcDbLine
 10
0.0
 20
48.0
 30
0.0
 11
170.0
 21
48.0
 31
0.0
  0
LINE
  5
1B4
330
1AC
100
AcDbEntity
  8
0
100
AcDbLine
 10
0.0
 20
62.0
 30
0.0
 11
170.0
 21
62.0
 31
0.0
  0
LINE
  5
1B5
330
1AC
100
AcDbEntity
  8
0
100
AcDbLine
 10
0.0
 20
74.0
 30
0.0
 11
170.0
 21
74.0
 31
0.0
  0
LINE
  5
1B6
330
1AC
100
AcDbEntity
  8
0
100
AcDbLine
 10
52.0
 20
0.0
 30
0.0
 11
52.0
 21
62.0
 31
0.0
  0
TEXT
  5
1B7
330
1AC
100
AcDbEntity
  8
0
100
AcDbText
 10
2.0
 20
87.5
 30
0.0
 40
2.2
  1
PROJE
  7
GYM
 11
2.0
 21
87.5
 31
0.0
100
AcDbText
 73
2
  0
TEXT
  5
1B8
330
1AC
100
AcDbEntity
  8
0
100
AcDbText
 10
2.0
 20
70.5
 30
0.0
 40
2.2
  1
DİSİPLİN
  7
GYM
 11
2.0
 21
70.5
 31
0.0
100
AcDbText
 73
2
  0
TEXT
  5
1B9
330
1AC
100
AcDbEntity
  8
0
100
AcDbText
 10
2.0
 20
58.5
 30
0.0
 40
2.2
  1
PAFTA ADI
  7
GYM
 11
2.0
 21
58.5
 31
0.0
100
AcDbText
 73
2
  0
TEXT
  5
1BA
330
1AC
100
AcDbEntity
  8
0
100
AcDbText
 10
2.0
 20
46.5
 30
0.0
 40
2.2
  1
PAFTA NO
  7
GYM
 11
2.0
 21
46.5
 31
0.0
100
AcDbText
 73
2
  0
TEXT
  5
1BB
330
1AC
100
AcDbEntity
  8
0
100
AcDbText
 10
54.0
 20
46.5
 30
0.0
 40
2.2
  1
ÖLÇEK
  7
GYM
 11
54.0
 21
46.5
 31
0.0
100
AcDbText
 73
2
  0
TEXT
  5
1BC
330
1AC
100
AcDbEntity
  8
0
100
AcDbText
 10
2.0
 20
34.5
 30
0.0
 40
2.2
  1
TARİH
  7
GYM
 11
2.0
 21
34.5
 31
0.0
100
AcDbText
 73
2
  0
TEXT
  5
1BD
330
1AC
100
AcDbEntity
  8
0
100
AcDbText
 10
54.0
 20
34.5
 30
0.0
 40
2.2
  1
REVİZYON
  7
GYM
 11
54.0
 21
34.5
 31
0.0
100
AcDbText
 73
2
  0
TEXT
  5
1BE
330
1AC
100
AcDbEntity
  8
0
100
AcDbText
 10
2.0
 20
22.5
 30
0.0
 40
2.2
  1
BİRİM
  7
GYM
 11
2.0
 21
22.5
 31
0.0
100
AcDbText
 73
2
  0
TEXT
  5
1BF
330
1AC
100
AcDbEntity
  8
0
100
AcDbText
 10
54.0
 20
22.5
 30
0.0
 40
2.2
  1
DURUM
  7
GYM
 11
54.0
 21
22.5
 31
0.0
100
AcDbText
 73
2
  0
ATTDEF
  5
1C0
330
1AC
100
AcDbEntity
  8
0
100
AcDbText
 10
2.0
 20
79.0
 30
0.0
 40
3.2
  1

  7
GYM-B
100
AcDbAttributeDefinition
  3
Proje adi
  2
PROJE
 70
0
  0
ATTDEF
  5
1C1
330
1AC
100
AcDbEntity
  8
0
100
AcDbText
 10
2.0
 20
65.5
 30
0.0
 40
3.4
  1

  7
GYM-B
100
AcDbAttributeDefinition
  3
Disiplin
  2
DISIPLIN
 70
0
  0
ATTDEF
  5
1C2
330
1AC
100
AcDbEntity
  8
0
100
AcDbText
 10
2.0
 20
53.5
 30
0.0
 40
3.4
  1

  7
GYM-B
100
AcDbAttributeDefinition
  3
Pafta adi
  2
PAFTA_ADI
 70
0
  0
ATTDEF
  5
1C3
330
1AC
100
AcDbEntity
  8
0
100
AcDbText
 10
2.0
 20
41.0
 30
0.0
 40
3.6
  1

  7
GYM-B
100
AcDbAttributeDefinition
  3
Pafta no
  2
PAFTA_NO
 70
0
  0
ATTDEF
  5
1C4
330
1AC
100
AcDbEntity
  8
0
100
AcDbText
 10
54.0
 20
41.5
 30
0.0
 40
3.4
  1

  7
GYM-B
100
AcDbAttributeDefinition
  3
Olcek
  2
OLCEK
 70
0
  0
ATTDEF
  5
1C5
330
1AC
100
AcDbEntity
  8
0
100
AcDbText
 10
2.0
 20
29.5
 30
0.0
 40
3.0
  1

  7
GYM
100
AcDbAttributeDefinition
  3
Tarih
  2
TARIH
 70
0
  0
ATTDEF
  5
1C6
330
1AC
100
AcDbEntity
  8
0
100
AcDbText
 10
54.0
 20
29.5
 30
0.0
 40
3.0
  1

  7
GYM
100
AcDbAttributeDefinition
  3
Revizyon
  2
REV
 70
0
  0
ATTDEF
  5
1C7
330
1AC
100
AcDbEntity
  8
0
100
AcDbText
 10
2.0
 20
17.5
 30
0.0
 40
3.0
  1

  7
GYM
100
AcDbAttributeDefinition
  3
Birim
  2
BIRIM
 70
0
  0
ATTDEF
  5
1C8
330
1AC
100
AcDbEntity
  8
0
100
AcDbText
 10
54.0
 20
17.5
 30
0.0
 40
3.0
  1

  7
GYM
100
AcDbAttributeDefinition
  3
Durum
  2
DURUM
 70
0
  0
ATTDEF
  5
1C9
330
1AC
100
AcDbEntity
  8
0
100
AcDbText
 10
2.0
 20
6.0
 30
0.0
 40
2.2
  1

  7
GYM
100
AcDbAttributeDefinition
  3
Alt not
  2
NOT
 70
0
  0
ENDBLK
  5
1AE
330
1AC
100
AcDbEntity
  8
0
100
AcDbBlockEnd
  0
BLOCK
  5
237
330
236
100
AcDbEntity
  8
0
100
AcDbBlockBegin
  2
*D1
 70
1
 10
0.0
 20
0.0
 30
0.0
  3
*D1
  1

  0
LINE
  5
239
330
236
100
AcDbEntity
  8
0
 62
7
370
13
100
AcDbLine
 10
3240.0
 20
-75.0
 30
0.0
 11
3240.0
 21
-1162.5
 31
0.0
  0
LINE
  5
23A
330
236
100
AcDbEntity
  8
0
 62
7
370
13
100
AcDbLine
 10
8920.0
 20
-75.0
 30
0.0
 11
8920.0
 21
-1162.5
 31
0.0
  0
INSERT
  5
23B
330
236
100
AcDbEntity
  8
G-OLCU
 62
7
100
AcDbBlockReference
  2
_ARCHTICK
 10
3240.0
 20
-1100.0
 30
0.0
 41
125.0
 42
125.0
 50
180.0
  0
INSERT
  5
23D
330
236
100
AcDbEntity
  8
G-OLCU
 62
7
100
AcDbBlockReference
  2
_ARCHTICK
 10
8920.0
 20
-1100.0
 30
0.0
 41
125.0
 42
125.0
  0
LINE
  5
23F
330
236
100
AcDbEntity
  8
0
 62
7
370
18
100
AcDbLine
 10
3240.0
 20
-1100.0
 30
0.0
 11
8920.0
 21
-1100.0
 31
0.0
  0
MTEXT
  5
240
330
236
100
AcDbEntity
  8
G-OLCU
 62
7
100
AcDbMText
 10
6080.0
 20
-992.5
 30
0.0
 40
125.0
 71
5
  1
5680
  7
GYM
  0
POINT
  5
241
330
236
100
AcDbEntity
  8
Defpoints
100
AcDbPoint
 10
3240.0
 20
-1100.0
 30
0.0
  0
POINT
  5
242
330
236
100
AcDbEntity
  8
Defpoints
100
AcDbPoint
 10
3240.0
 20
0.0
 30
0.0
  0
POINT
  5
243
330
236
100
AcDbEntity
  8
Defpoints
100
AcDbPoint
 10
8920.0
 20
0.0
 30
0.0
  0
ENDBLK
  5
238
330
236
100
AcDbEntity
  8
0
100
AcDbBlockEnd
  0
BLOCK
  5
246
330
245
100
AcDbEntity
  8
0
100
AcDbBlockBegin
  2
*D2
 70
1
 10
0.0
 20
0.0
 30
0.0
  3
*D2
  1

  0
LINE
  5
248
330
245
100
AcDbEntity
  8
0
 62
7
370
13
100
AcDbLine
 10
-75.0
 20
6840.0
 30
0.0
 11
-872.5
 21
6840.0
 31
0.0
  0
LINE
  5
249
330
245
100
AcDbEntity
  8
0
 62
7
370
13
100
AcDbLine
 10
505.0
 20
1250.0
 30
0.0
 11
-872.5
 21
1250.0
 31
0.0
  0
INSERT
  5
24A
330
245
100
AcDbEntity
  8
G-OLCU
 62
7
100
AcDbBlockReference
  2
_ARCHTICK
 10
-810.0
 20
6840.0
 30
0.0
 41
125.0
 42
125.0
 50
270.0
  0
INSERT
  5
24C
330
245
100
AcDbEntity
  8
G-OLCU
 62
7
100
AcDbBlockReference
  2
_ARCHTICK
 10
-810.0
 20
1250.0
 30
0.0
 41
125.0
 42
125.0
 50
90.0
  0
LINE
  5
24E
330
245
100
AcDbEntity
  8
0
 62
7
370
18
100
AcDbLine
 10
-810.0
 20
6840.0
 30
0.0
 11
-810.0
 21
1250.0
 31
0.0
  0
MTEXT
  5
24F
330
245
100
AcDbEntity
  8
G-OLCU
 62
7
100
AcDbMText
 10
-702.5
 20
4045.0
 30
0.0
 40
125.0
 71
5
  1
5590
  7
GYM
 50
90.0
  0
POINT
  5
250
330
245
100
AcDbEntity
  8
Defpoints
100
AcDbPoint
 10
-810.0
 20
6840.0
 30
0.0
  0
POINT
  5
251
330
245
100
AcDbEntity
  8
Defpoints
100
AcDbPoint
 10
0.0
 20
6840.0
 30
0.0
  0
POINT
  5
252
330
245
100
AcDbEntity
  8
Defpoints
100
AcDbPoint
 10
580.0
 20
1250.0
 30
0.0
  0
ENDBLK
  5
247
330
245
100
AcDbEntity
  8
0
100
AcDbBlockEnd
  0
BLOCK
  5
255
330
254
100
AcDbEntity
  8
0
100
AcDbBlockBegin
  2
*D3
 70
1
 10
0.0
 20
0.0
 30
0.0
  3
*D3
  1

  0
LINE
  5
257
330
254
100
AcDbEntity
  8
0
 62
7
370
13
100
AcDbLine
 10
11635.0
 20
1100.0
 30
0.0
 11
12447.5
 21
1100.0
 31
0.0
  0
LINE
  5
258
330
254
100
AcDbEntity
  8
0
 62
7
370
13
100
AcDbLine
 10
11085.0
 20
4960.0
 30
0.0
 11
12447.5
 21
4960.0
 31
0.0
  0
INSERT
  5
259
330
254
100
AcDbEntity
  8
G-OLCU
 62
7
100
AcDbBlockReference
  2
_ARCHTICK
 10
12385.0
 20
1100.0
 30
0.0
 41
125.0
 42
125.0
 50
270.0
  0
INSERT
  5
25B
330
254
100
AcDbEntity
  8
G-OLCU
 62
7
100
AcDbBlockReference
  2
_ARCHTICK
 10
12385.0
 20
4960.0
 30
0.0
 41
125.0
 42
125.0
 50
90.0
  0
LINE
  5
25D
330
254
100
AcDbEntity
  8
0
 62
7
370
18
100
AcDbLine
 10
12385.0
 20
1100.0
 30
0.0
 11
12385.0
 21
4960.0
 31
0.0
  0
MTEXT
  5
25E
330
254
100
AcDbEntity
  8
G-OLCU
 62
7
100
AcDbMText
 10
12277.5
 20
3030.0
 30
0.0
 40
125.0
 71
5
  1
3860
  7
GYM
 50
90.0
  0
POINT
  5
25F
330
254
100
AcDbEntity
  8
Defpoints
100
AcDbPoint
 10
12385.0
 20
1100.0
 30
0.0
  0
POINT
  5
260
330
254
100
AcDbEntity
  8
Defpoints
100
AcDbPoint
 10
11560.0
 20
1100.0
 30
0.0
  0
POINT
  5
261
330
254
100
AcDbEntity
  8
Defpoints
100
AcDbPoint
 10
11010.0
 20
4960.0
 30
0.0
  0
ENDBLK
  5
256
330
254
100
AcDbEntity
  8
0
100
AcDbBlockEnd
  0
BLOCK
  5
264
330
263
100
AcDbEntity
  8
0
100
AcDbBlockBegin
  2
*D4
 70
1
 10
0.0
 20
0.0
 30
0.0
  3
*D4
  1

  0
LINE
  5
266
330
263
100
AcDbEntity
  8
0
 62
7
370
13
100
AcDbLine
 10
10545.0
 20
8750.0
 30
0.0
 11
11897.499999999998
 21
8750.0
 31
0.0
  0
LINE
  5
267
330
263
100
AcDbEntity
  8
0
 62
7
370
13
100
AcDbLine
 10
11075.0
 20
5080.0
 30
0.0
 11
11897.499999999998
 21
5080.0
 31
0.0
  0
INSERT
  5
268
330
263
100
AcDbEntity
  8
G-OLCU
 62
7
100
AcDbBlockReference
  2
_ARCHTICK
 10
11834.999999999998
 20
8750.0
 30
0.0
 41
125.0
 42
125.0
 50
270.0
  0
INSERT
  5
26A
330
263
100
AcDbEntity
  8
G-OLCU
 62
7
100
AcDbBlockReference
  2
_ARCHTICK
 10
11834.999999999998
 20
5080.0
 30
0.0
 41
125.0
 42
125.0
 50
90.0
  0
LINE
  5
26C
330
263
100
AcDbEntity
  8
0
 62
7
370
18
100
AcDbLine
 10
11834.999999999998
 20
8750.0
 30
0.0
 11
11834.999999999998
 21
5080.0
 31
0.0
  0
MTEXT
  5
26D
330
263
100
AcDbEntity
  8
G-OLCU
 62
7
100
AcDbMText
 10
11942.499999999998
 20
6915.0
 30
0.0
 40
125.0
 71
5
  1
3670
  7
GYM
 50
90.0
  0
POINT
  5
26E
330
263
100
AcDbEntity
  8
Defpoints
100
AcDbPoint
 10
11834.999999999998
 20
8750.0
 30
0.0
  0
POINT
  5
26F
330
263
100
AcDbEntity
  8
Defpoints
100
AcDbPoint
 10
10470.0
 20
8750.0
 30
0.0
  0
POINT
  5
270
330
263
100
AcDbEntity
  8
Defpoints
100
AcDbPoint
 10
11000.0
 20
5080.0
 30
0.0
  0
ENDBLK
  5
265
330
263
100
AcDbEntity
  8
0
100
AcDbBlockEnd
  0
BLOCK
  5
273
330
272
100
AcDbEntity
  8
0
100
AcDbBlockBegin
  2
*D5
 70
1
 10
0.0
 20
0.0
 30
0.0
  3
*D5
  1

  0
LINE
  5
275
330
272
100
AcDbEntity
  8
0
 62
7
370
13
100
AcDbLine
 10
5840.0
 20
12575.0
 30
0.0
 11
5840.0
 21
13907.5
 31
0.0
  0
LINE
  5
276
330
272
100
AcDbEntity
  8
0
 62
7
370
13
100
AcDbLine
 10
9890.0
 20
13065.0
 30
0.0
 11
9890.0
 21
13907.5
 31
0.0
  0
INSERT
  5
277
330
272
100
AcDbEntity
  8
G-OLCU
 62
7
100
AcDbBlockReference
  2
_ARCHTICK
 10
5840.0
 20
13845.0
 30
0.0
 41
125.0
 42
125.0
 50
180.0
  0
INSERT
  5
279
330
272
100
AcDbEntity
  8
G-OLCU
 62
7
100
AcDbBlockReference
  2
_ARCHTICK
 10
9890.0
 20
13845.0
 30
0.0
 41
125.0
 42
125.0
  0
LINE
  5
27B
330
272
100
AcDbEntity
  8
0
 62
7
370
18
100
AcDbLine
 10
5840.0
 20
13845.0
 30
0.0
 11
9890.0
 21
13845.0
 31
0.0
  0
MTEXT
  5
27C
330
272
100
AcDbEntity
  8
G-OLCU
 62
7
100
AcDbMText
 10
7865.0
 20
13952.5
 30
0.0
 40
125.0
 71
5
  1
4050
  7
GYM
  0
POINT
  5
27D
330
272
100
AcDbEntity
  8
Defpoints
100
AcDbPoint
 10
5840.0
 20
13845.0
 30
0.0
  0
POINT
  5
27E
330
272
100
AcDbEntity
  8
Defpoints
100
AcDbPoint
 10
5840.0
 20
12500.0
 30
0.0
  0
POINT
  5
27F
330
272
100
AcDbEntity
  8
Defpoints
100
AcDbPoint
 10
9890.0
 20
12990.0
 30
0.0
  0
ENDBLK
  5
274
330
272
100
AcDbEntity
  8
0
100
AcDbBlockEnd
  0
BLOCK
  5
282
330
281
100
AcDbEntity
  8
0
100
AcDbBlockBegin
  2
*D6
 70
1
 10
0.0
 20
0.0
 30
0.0
  3
*D6
  1

  0
LINE
  5
284
330
281
100
AcDbEntity
  8
0
100
AcDbLine
 10
1167.1205750270028
 20
-2201.0948672885556
 30
0.0
 11
1229.7832637342722
 21
-2646.9630652394476
 31
0.0
  0
LINE
  5
285
330
281
100
AcDbEntity
  8
0
100
AcDbLine
 10
7802.56643791031
 20
-1268.5437670964056
 30
0.0
 11
7865.22912661758
 21
-1714.4119650472976
 31
0.0
  0
INSERT
  5
286
330
281
100
AcDbEntity
  8
G-OLCU-ZINCIR
100
AcDbBlockReference
  2
_ARCHTICK
 10
1229.731073821412
 20
-2646.5917147136697
 30
0.0
 41
0.175
 42
0.175
 50
188.0
  0
INSERT
  5
288
330
281
100
AcDbEntity
  8
G-OLCU-ZINCIR
100
AcDbBlockReference
  2
_ARCHTICK
 10
7865.17693670472
 20
-1714.0406145215195
 30
0.0
 41
0.175
 42
0.175
 50
8.0
  0
LINE
  5
28A
330
281
100
AcDbEntity
  8
0
100
AcDbLine
 10
1229.731073821412
 20
-2646.5917147136697
 30
0.0
 11
7865.17693670472
 21
-1714.0406145215195
 31
0.0
  0
MTEXT
  5
28B
330
281
100
AcDbEntity
  8
G-OLCU-ZINCIR
100
AcDbMText
 10
4547.422691315351
 20
-2180.093354302128
 30
0.0
 40
0.25
 71
5
  1
670065.62
  7
OpenSansCondensed-Light
 50
8.0
  0
POINT
  5
28C
330
281
100
AcDbEntity
  8
Defpoints
100
AcDbPoint
 10
1229.731073821412
 20
-2646.5917147136697
 30
0.0
  0
POINT
  5
28D
330
281
100
AcDbEntity
  8
Defpoints
100
AcDbPoint
 10
1167.1031783893827
 20
-2200.971083779963
 30
0.0
  0
POINT
  5
28E
330
281
100
AcDbEntity
  8
Defpoints
100
AcDbPoint
 10
7802.54904127269
 20
-1268.419983587813
 30
0.0
  0
ENDBLK
  5
283
330
281
100
AcDbEntity
  8
0
100
AcDbBlockEnd
  0
BLOCK
  5
291
330
290
100
AcDbEntity
  8
0
100
AcDbBlockBegin
  2
*D7
 70
1
 10
0.0
 20
0.0
 30
0.0
  3
*D7
  1

  0
LINE
  5
293
330
290
100
AcDbEntity
  8
0
100
AcDbLine
 10
7802.56643791031
 20
-1268.5437670964056
 30
0.0
 11
7865.22912661758
 21
-1714.4119650472978
 31
0.0
  0
LINE
  5
294
330
290
100
AcDbEntity
  8
0
100
AcDbLine
 10
9654.93229092879
 20
-1008.2107239389812
 30
0.0
 11
9717.59497963606
 21
-1454.078921889873
 31
0.0
  0
INSERT
  5
295
330
290
100
AcDbEntity
  8
G-OLCU-ZINCIR
100
AcDbBlockReference
  2
_ARCHTICK
 10
7865.17693670472
 20
-1714.0406145215197
 30
0.0
 41
0.175
 42
0.175
 50
188.0
  0
INSERT
  5
297
330
290
100
AcDbEntity
  8
G-OLCU-ZINCIR
100
AcDbBlockReference
  2
_ARCHTICK
 10
9717.5427897232
 20
-1453.707571364095
 30
0.0
 41
0.175
 42
0.175
 50
8.000000000000007
  0
LINE
  5
299
330
290
100
AcDbEntity
  8
0
100
AcDbLine
 10
7865.17693670472
 20
-1714.0406145215197
 30
0.0
 11
9717.5427897232
 21
-1453.707571364095
 31
0.0
  0
MTEXT
  5
29A
330
290
100
AcDbEntity
  8
G-OLCU-ZINCIR
100
AcDbMText
 10
8791.328549266243
 20
-1583.6512826273404
 30
0.0
 40
0.25
 71
5
  1
187057.01
  7
OpenSansCondensed-Light
 50
8.000000000000007
  0
POINT
  5
29B
330
290
100
AcDbEntity
  8
Defpoints
100
AcDbPoint
 10
7865.17693670472
 20
-1714.0406145215197
 30
0.0
  0
POINT
  5
29C
330
290
100
AcDbEntity
  8
Defpoints
100
AcDbPoint
 10
7802.54904127269
 20
-1268.419983587813
 30
0.0
  0
POINT
  5
29D
330
290
100
AcDbEntity
  8
Defpoints
100
AcDbPoint
 10
9654.914894291169
 20
-1008.0869404303885
 30
0.0
  0
ENDBLK
  5
292
330
290
100
AcDbEntity
  8
0
100
AcDbBlockEnd
  0
BLOCK
  5
2A0
330
29F
100
AcDbEntity
  8
0
100
AcDbBlockBegin
  2
*D8
 70
1
 10
0.0
 20
0.0
 30
0.0
  3
*D8
  1

  0
LINE
  5
2A2
330
29F
100
AcDbEntity
  8
0
100
AcDbLine
 10
9654.93229092879
 20
-1008.2107239389812
 30
0.0
 11
9717.59497963606
 21
-1454.0789218898733
 31
0.0
  0
LINE
  5
2A3
330
29F
100
AcDbEntity
  8
0
100
AcDbLine
 10
11811.750133899337
 20
-705.0897439868893
 30
0.0
 11
11874.412822606606
 21
-1150.9579419377817
 31
0.0
  0
INSERT
  5
2A4
330
29F
100
AcDbEntity
  8
G-OLCU-ZINCIR
100
AcDbBlockReference
  2
_ARCHTICK
 10
9717.5427897232
 20
-1453.7075713640952
 30
0.0
 41
0.175
 42
0.175
 50
188.0
  0
INSERT
  5
2A6
330
29F
100
AcDbEntity
  8
G-OLCU-ZINCIR
100
AcDbBlockReference
  2
_ARCHTICK
 10
11874.360632693746
 20
-1150.5865914120036
 30
0.0
 41
0.175
 42
0.175
 50
7.999999999999994
  0
LINE
  5
2A8
330
29F
100
AcDbEntity
  8
0
100
AcDbLine
 10
9717.5427897232
 20
-1453.7075713640952
 30
0.0
 11
11874.360632693746
 21
-1150.5865914120036
 31
0.0
  0
MTEXT
  5
2A9
330
29F
100
AcDbEntity
  8
G-OLCU-ZINCIR
100
AcDbMText
 10
10795.920397260756
 20
-1301.9242710725825
 30
0.0
 40
0.25
 71
5
  1
217801.41
  7
OpenSansCondensed-Light
 50
7.999999999999994
  0
POINT
  5
2AA
330
29F
100
AcDbEntity
  8
Defpoints
100
AcDbPoint
 10
9717.5427897232
 20
-1453.7075713640952
 30
0.0
  0
POINT
  5
2AB
330
29F
100
AcDbEntity
  8
Defpoints
100
AcDbPoint
 10
9654.914894291169
 20
-1008.0869404303885
 30
0.0
  0
POINT
  5
2AC
330
29F
100
AcDbEntity
  8
Defpoints
100
AcDbPoint
 10
11811.732737261716
 20
-704.9659604782966
 30
0.0
  0
ENDBLK
  5
2A1
330
29F
100
AcDbEntity
  8
0
100
AcDbBlockEnd
  0
BLOCK
  5
2AF
330
2AE
100
AcDbEntity
  8
0
100
AcDbBlockBegin
  2
*D9
 70
1
 10
0.0
 20
0.0
 30
0.0
  3
*D9
  1

  0
LINE
  5
2B1
330
2AE
100
AcDbEntity
  8
0
100
AcDbLine
 10
1167.1205750270028
 20
-2201.0948672885556
 30
0.0
 11
1292.4111591663018
 21
-3092.5836961731543
 31
0.0
  0
LINE
  5
2B2
330
2AE
100
AcDbEntity
  8
0
100
AcDbLine
 10
11811.750133899337
 20
-705.0897439868893
 30
0.0
 11
11937.040718038636
 21
-1596.5785728714882
 31
0.0
  0
INSERT
  5
2B3
330
2AE
100
AcDbEntity
  8
G-OLCU-ZINCIR
100
AcDbBlockReference
  2
_ARCHTICK
 10
1292.3589692534417
 20
-3092.2123456473764
 30
0.0
 41
0.175
 42
0.175
 50
188.0
  0
INSERT
  5
2B5
330
2AE
100
AcDbEntity
  8
G-OLCU-ZINCIR
100
AcDbBlockReference
  2
_ARCHTICK
 10
11936.988528125776
 20
-1596.20722234571
 30
0.0
 41
0.175
 42
0.175
 50
8.0
  0
LINE
  5
2B7
330
2AE
100
AcDbEntity
  8
0
100
AcDbLine
 10
1292.3589692534417
 20
-3092.2123456473764
 30
0.0
 11
11936.988528125776
 21
-1596.20722234571
 31
0.0
  0
MTEXT
  5
2B8
330
2AE
100
AcDbEntity
  8
G-OLCU-ZINCIR
100
AcDbMText
 10
6614.642434741892
 20
-2343.9869736810765
 30
0.0
 40
0.25
 71
5
  1
1074924.04
  7
OpenSansCondensed-Light
 50
8.0
  0
POINT
  5
2B9
330
2AE
100
AcDbEntity
  8
Defpoints
100
AcDbPoint
 10
1292.3589692534417
 20
-3092.2123456473764
 30
0.0
  0
POINT
  5
2BA
330
2AE
100
AcDbEntity
  8
Defpoints
100
AcDbPoint
 10
1167.1031783893827
 20
-2200.971083779963
 30
0.0
  0
POINT
  5
2BB
330
2AE
100
AcDbEntity
  8
Defpoints
100
AcDbPoint
 10
11811.732737261716
 20
-704.9659604782966
 30
0.0
  0
ENDBLK
  5
2B0
330
2AE
100
AcDbEntity
  8
0
100
AcDbBlockEnd
  0
BLOCK
  5
2BE
330
2BD
100
AcDbEntity
  8
0
100
AcDbBlockBegin
  2
*D10
 70
1
 10
0.0
 20
0.0
 30
0.0
  3
*D10
  1

  0
LINE
  5
2C0
330
2BD
100
AcDbEntity
  8
0
100
AcDbLine
 10
-240.31861654817936
 20
-826.1731485210676
 30
0.0
 11
205.54958140271262
 21
-763.5104598137981
 31
0.0
  0
LINE
  5
2C1
330
2BD
100
AcDbEntity
  8
0
100
AcDbLine
 10
-827.9375283483425
 20
3354.9526648021715
 30
0.0
 11
-382.0693303974503
 21
3417.615353509441
 31
0.0
  0
INSERT
  5
2C2
330
2BD
100
AcDbEntity
  8
G-OLCU-ZINCIR
100
AcDbBlockReference
  2
_ARCHTICK
 10
205.17823087693452
 20
-763.5626497266582
 30
0.0
 41
0.175
 42
0.175
 50
278.0
  0
INSERT
  5
2C4
330
2BD
100
AcDbEntity
  8
G-OLCU-ZINCIR
100
AcDbBlockReference
  2
_ARCHTICK
 10
-382.4406809232284
 20
3417.563163596581
 30
0.0
 41
0.175
 42
0.175
 50
98.0
  0
LINE
  5
2C6
330
2BD
100
AcDbEntity
  8
0
100
AcDbLine
 10
205.17823087693452
 20
-763.5626497266582
 30
0.0
 11
-382.4406809232284
 21
3417.563163596581
 31
0.0
  0
MTEXT
  5
2C7
330
2BD
100
AcDbEntity
  8
G-OLCU-ZINCIR
100
AcDbMText
 10
-88.85403533861378
 20
1326.9689429872458
 30
0.0
 40
0.25
 71
5
  1
422221.61
  7
OpenSansCondensed-Light
 50
98.0
  0
POINT
  5
2C8
330
2BD
100
AcDbEntity
  8
Defpoints
100
AcDbPoint
 10
205.17823087693452
 20
-763.5626497266582
 30
0.0
  0
POINT
  5
2C9
330
2BD
100
AcDbEntity
  8
Defpoints
100
AcDbPoint
 10
-240.44240005677207
 20
-826.1905451586875
 30
0.0
  0
POINT
  5
2CA
330
2BD
100
AcDbEntity
  8
Defpoints
100
AcDbPoint
 10
-828.0613118569353
 20
3354.9352681645514
 30
0.0
  0
ENDBLK
  5
2BF
330
2BD
100
AcDbEntity
  8
0
100
AcDbBlockEnd
  0
BLOCK
  5
2CD
330
2CC
100
AcDbEntity
  8
0
100
AcDbBlockBegin
  2
*D11
 70
1
 10
0.0
 20
0.0
 30
0.0
  3
*D11
  1

  0
LINE
  5
2CF
330
2CC
100
AcDbEntity
  8
0
100
AcDbLine
 10
-827.9375283483425
 20
3354.9526648021715
 30
0.0
 11
-382.0693303974505
 21
3417.615353509441
 31
0.0
  0
LINE
  5
2D0
330
2CC
100
AcDbEntity
  8
0
100
AcDbLine
 10
-1353.7054589970974
 20
7095.985879540921
 30
0.0
 11
-907.8372610462048
 21
7158.648568248191
 31
0.0
  0
INSERT
  5
2D1
330
2CC
100
AcDbEntity
  8
G-OLCU-ZINCIR
100
AcDbBlockReference
  2
_ARCHTICK
 10
-382.4406809232286
 20
3417.563163596581
 30
0.0
 41
0.175
 42
0.175
 50
278.0
  0
INSERT
  5
2D3
330
2CC
100
AcDbEntity
  8
G-OLCU-ZINCIR
100
AcDbBlockReference
  2
_ARCHTICK
 10
-908.2086115719829
 20
7158.596378335331
 30
0.0
 41
0.175
 42
0.175
 50
98.0
  0
LINE
  5
2D5
330
2CC
100
AcDbEntity
  8
0
100
AcDbLine
 10
-382.4406809232286
 20
3417.563163596581
 30
0.0
 11
-908.2086115719829
 21
7158.596378335331
 31
0.0
  0
MTEXT
  5
2D6
330
2CC
100
AcDbEntity
  8
G-OLCU-ZINCIR
100
AcDbMText
 10
-645.5474565630727
 20
5288.048457018241
 30
0.0
 40
0.25
 71
5
  1
377779.85
  7
OpenSansCondensed-Light
 50
98.0
  0
POINT
  5
2D7
330
2CC
100
AcDbEntity
  8
Defpoints
100
AcDbPoint
 10
-382.4406809232286
 20
3417.563163596581
 30
0.0
  0
POINT
  5
2D8
330
2CC
100
AcDbEntity
  8
Defpoints
100
AcDbPoint
 10
-828.0613118569353
 20
3354.9352681645514
 30
0.0
  0
POINT
  5
2D9
330
2CC
100
AcDbEntity
  8
Defpoints
100
AcDbPoint
 10
-1353.82924250569
 20
7095.968482903301
 30
0.0
  0
ENDBLK
  5
2CE
330
2CC
100
AcDbEntity
  8
0
100
AcDbBlockEnd
  0
BLOCK
  5
2DC
330
2DB
100
AcDbEntity
  8
0
100
AcDbBlockBegin
  2
*D12
 70
1
 10
0.0
 20
0.0
 30
0.0
  3
*D12
  1

  0
LINE
  5
2DE
330
2DB
100
AcDbEntity
  8
0
100
AcDbLine
 10
-1353.7054589970974
 20
7095.985879540921
 30
0.0
 11
-907.8372610462051
 21
7158.64856824819
 31
0.0
  0
LINE
  5
2DF
330
2DB
100
AcDbEntity
  8
0
100
AcDbLine
 10
-1474.0423959992013
 20
7952.227677570147
 30
0.0
 11
-1028.174198048309
 21
8014.890366277416
 31
0.0
  0
INSERT
  5
2E0
330
2DB
100
AcDbEntity
  8
G-OLCU-ZINCIR
100
AcDbBlockReference
  2
_ARCHTICK
 10
-908.2086115719832
 20
7158.59637833533
 30
0.0
 41
0.175
 42
0.175
 50
278.0
  0
INSERT
  5
2E2
330
2DB
100
AcDbEntity
  8
G-OLCU-ZINCIR
100
AcDbBlockReference
  2
_ARCHTICK
 10
-1028.5455485740872
 20
8014.838176364557
 30
0.0
 41
0.175
 42
0.175
 50
98.00000000000001
  0
LINE
  5
2E4
330
2DB
100
AcDbEntity
  8
0
100
AcDbLine
 10
-908.2086115719832
 20
7158.59637833533
 30
0.0
 11
-1028.5455485740872
 21
8014.838176364557
 31
0.0
  0
MTEXT
  5
2E5
330
2DB
100
AcDbEntity
  8
G-OLCU-ZINCIR
100
AcDbMText
 10
-968.599890388502
 20
7586.685963402228
 30
0.0
 40
0.25
 71
5
  1
86465.66
  7
OpenSansCondensed-Light
 50
98.00000000000001
  0
POINT
  5
2E6
330
2DB
100
AcDbEntity
  8
Defpoints
100
AcDbPoint
 10
-908.2086115719832
 20
7158.59637833533
 30
0.0
  0
POINT
  5
2E7
330
2DB
100
AcDbEntity
  8
Defpoints
100
AcDbPoint
 10
-1353.82924250569
 20
7095.968482903301
 30
0.0
  0
POINT
  5
2E8
330
2DB
100
AcDbEntity
  8
Defpoints
100
AcDbPoint
 10
-1474.166179507794
 20
7952.210280932527
 30
0.0
  0
ENDBLK
  5
2DD
330
2DB
100
AcDbEntity
  8
0
100
AcDbBlockEnd
  0
BLOCK
  5
2EB
330
2EA
100
AcDbEntity
  8
0
100
AcDbBlockBegin
  2
*D13
 70
1
 10
0.0
 20
0.0
 30
0.0
  3
*D13
  1

  0
LINE
  5
2ED
330
2EA
100
AcDbEntity
  8
0
100
AcDbLine
 10
-1474.0423959992013
 20
7952.227677570147
 30
0.0
 11
-1028.174198048309
 21
8014.890366277416
 31
0.0
  0
LINE
  5
2EE
330
2EA
100
AcDbEntity
  8
0
100
AcDbLine
 10
-1953.6661225434816
 20
11364.927819560404
 30
0.0
 11
-1507.7979245925892
 21
11427.590508267673
 31
0.0
  0
INSERT
  5
2EF
330
2EA
100
AcDbEntity
  8
G-OLCU-ZINCIR
100
AcDbBlockReference
  2
_ARCHTICK
 10
-1028.5455485740872
 20
8014.838176364557
 30
0.0
 41
0.175
 42
0.175
 50
278.0
  0
INSERT
  5
2F1
330
2EA
100
AcDbEntity
  8
G-OLCU-ZINCIR
100
AcDbBlockReference
  2
_ARCHTICK
 10
-1508.1692751183673
 20
11427.538318354813
 30
0.0
 41
0.175
 42
0.175
 50
98.0
  0
LINE
  5
2F3
330
2EA
100
AcDbEntity
  8
0
100
AcDbLine
 10
-1028.5455485740872
 20
8014.838176364557
 30
0.0
 11
-1508.1692751183673
 21
11427.538318354813
 31
0.0
  0
MTEXT
  5
2F4
330
2EA
100
AcDbEntity
  8
G-OLCU-ZINCIR
100
AcDbMText
 10
-1268.580222161694
 20
9721.156933411969
 30
0.0
 40
0.25
 71
5
  1
344623.87
  7
OpenSansCondensed-Light
 50
98.0
  0
POINT
  5
2F5
330
2EA
100
AcDbEntity
  8
Defpoints
100
AcDbPoint
 10
-1028.5455485740872
 20
8014.838176364557
 30
0.0
  0
POINT
  5
2F6
330
2EA
100
AcDbEntity
  8
Defpoints
100
AcDbPoint
 10
-1474.166179507794
 20
7952.210280932527
 30
0.0
  0
POINT
  5
2F7
330
2EA
100
AcDbEntity
  8
Defpoints
100
AcDbPoint
 10
-1953.7899060520742
 20
11364.910422922783
 30
0.0
  0
ENDBLK
  5
2EC
330
2EA
100
AcDbEntity
  8
0
100
AcDbBlockEnd
  0
BLOCK
  5
2FA
330
2F9
100
AcDbEntity
  8
0
100
AcDbBlockBegin
  2
*D14
 70
1
 10
0.0
 20
0.0
 30
0.0
  3
*D14
  1

  0
LINE
  5
2FC
330
2F9
100
AcDbEntity
  8
0
100
AcDbLine
 10
-240.31861654817936
 20
-826.1731485210676
 30
0.0
 11
651.1702123364194
 21
-700.8825643817688
 31
0.0
  0
LINE
  5
2FD
330
2F9
100
AcDbEntity
  8
0
100
AcDbLine
 10
-1953.6661225434816
 20
11364.927819560404
 30
0.0
 11
-1062.1772936588818
 21
11490.218403699704
 31
0.0
  0
INSERT
  5
2FE
330
2F9
100
AcDbEntity
  8
G-OLCU-ZINCIR
100
AcDbBlockReference
  2
_ARCHTICK
 10
650.7988618106413
 20
-700.9347542946289
 30
0.0
 41
0.175
 42
0.175
 50
278.0
  0
INSERT
  5
300
330
2F9
100
AcDbEntity
  8
G-OLCU-ZINCIR
100
AcDbBlockReference
  2
_ARCHTICK
 10
-1062.54864418466
 20
11490.166213786844
 30
0.0
 41
0.175
 42
0.175
 50
98.0
  0
LINE
  5
302
330
2F9
100
AcDbEntity
  8
0
100
AcDbLine
 10
650.7988618106413
 20
-700.9347542946289
 30
0.0
 11
-1062.54864418466
 21
11490.166213786844
 31
0.0
  0
MTEXT
  5
303
330
2F9
100
AcDbEntity
  8
G-OLCU-ZINCIR
100
AcDbMText
 10
-206.09770150247618
 20
5394.584415798392
 30
0.0
 40
0.25
 71
5
  1
1231090.99
  7
OpenSansCondensed-Light
 50
98.0
  0
POINT
  5
304
330
2F9
100
AcDbEntity
  8
Defpoints
100
AcDbPoint
 10
650.7988618106413
 20
-700.9347542946289
 30
0.0
  0
POINT
  5
305
330
2F9
100
AcDbEntity
  8
Defpoints
100
AcDbPoint
 10
-240.44240005677207
 20
-826.1905451586875
 30
0.0
  0
POINT
  5
306
330
2F9
100
AcDbEntity
  8
Defpoints
100
AcDbPoint
 10
-1953.7899060520742
 20
11364.910422922783
 30
0.0
  0
ENDBLK
  5
2FB
330
2F9
100
AcDbEntity
  8
0
100
AcDbBlockEnd
  0
BLOCK
  5
517
330
516
100
AcDbEntity
  8
0
100
AcDbBlockBegin
  2
*Paper_Space1
 70
0
 10
0.0
 20
0.0
 30
0.0
  3
*Paper_Space1
  1

  0
VIEWPORT
  5
51A
330
516
100
AcDbEntity
 67
1
  8
VIEWPORTS
100
AcDbViewport
 10
420.5
 20
297.0
 30
0.0
 40
925.1
 41
653.4000000000001
 68
1
 69
1
 12
420.5
 22
297.0
 13
0.0
 23
0.0
 14
10.0
 24
10.0
 15
10.0
 25
10.0
 16
0.0
 26
0.0
 36
1.0
 17
0.0
 27
0.0
 37
0.0
 42
50.0
 43
0.0
 44
0.0
 45
653.4000000000001
 50
0.0
 51
0.0
 72
100
 90
557088
  1

281
0
 71
0
 74
0
110
0.0
120
0.0
130
0.0
111
1.0
121
0.0
131
0.0
112
0.0
122
1.0
132
0.0
 79
0
146
0.0
282
0
  0
LWPOLYLINE
  5
51B
330
516
100
AcDbEntity
 67
1
  8
G-CERCEVE
370
13
100
AcDbPolyline
 90
4
 70
1
 10
0.0
 20
0.0
 10
10.0
 20
0.0
 10
10.0
 20
10.0
 10
0.0
 20
10.0
  0
LWPOLYLINE
  5
51C
330
516
100
AcDbEntity
 67
1
  8
G-CERCEVE
370
13
100
AcDbPolyline
 90
4
 70
1
 10
831.0
 20
0.0
 10
841.0
 20
0.0
 10
841.0
 20
10.0
 10
831.0
 20
10.0
  0
LWPOLYLINE
  5
51D
330
516
100
AcDbEntity
 67
1
  8
G-CERCEVE
370
13
100
AcDbPolyline
 90
4
 70
1
 10
831.0
 20
584.0
 10
841.0
 20
584.0
 10
841.0
 20
594.0
 10
831.0
 20
594.0
  0
LWPOLYLINE
  5
51E
330
516
100
AcDbEntity
 67
1
  8
G-CERCEVE
370
13
100
AcDbPolyline
 90
4
 70
1
 10
0.0
 20
584.0
 10
10.0
 20
584.0
 10
10.0
 20
594.0
 10
0.0
 20
594.0
  0
LWPOLYLINE
  5
51F
330
516
100
AcDbEntity
 67
1
  8
G-CERCEVE
370
70
100
AcDbPolyline
 90
4
 70
1
 10
20.0
 20
10.0
 10
831.0
 20
10.0
 10
831.0
 20
584.0
 10
20.0
 20
584.0
  0
LWPOLYLINE
  5
520
330
516
100
AcDbEntity
 67
1
  8
G-PAFTA-ZON
370
13
100
AcDbPolyline
 90
4
 70
1
 10
25.0
 20
15.0
 10
826.0
 20
15.0
 10
826.0
 20
579.0
 10
25.0
 20
579.0
  0
TEXT
  5
521
330
516
100
AcDbEntity
 67
1
  8
G-PAFTA-ZON
100
AcDbText
 10
50.03125
 20
12.5
 30
0.0
 40
3.5
  1
1
  7
GYM
 72
1
 11
50.03125
 21
12.5
 31
0.0
100
AcDbText
 73
2
  0
TEXT
  5
522
330
516
100
AcDbEntity
 67
1
  8
G-PAFTA-ZON
100
AcDbText
 10
50.03125
 20
581.5
 30
0.0
 40
3.5
  1
1
  7
GYM
 72
1
 11
50.03125
 21
581.5
 31
0.0
100
AcDbText
 73
2
  0
LINE
  5
523
330
516
100
AcDbEntity
 67
1
  8
G-PAFTA-ZON
370
13
100
AcDbLine
 10
75.0625
 20
10.0
 30
0.0
 11
75.0625
 21
15.0
 31
0.0
  0
LINE
  5
524
330
516
100
AcDbEntity
 67
1
  8
G-PAFTA-ZON
370
13
100
AcDbLine
 10
75.0625
 20
579.0
 30
0.0
 11
75.0625
 21
584.0
 31
0.0
  0
TEXT
  5
525
330
516
100
AcDbEntity
 67
1
  8
G-PAFTA-ZON
100
AcDbText
 10
100.09375
 20
12.5
 30
0.0
 40
3.5
  1
2
  7
GYM
 72
1
 11
100.09375
 21
12.5
 31
0.0
100
AcDbText
 73
2
  0
TEXT
  5
526
330
516
100
AcDbEntity
 67
1
  8
G-PAFTA-ZON
100
AcDbText
 10
100.09375
 20
581.5
 30
0.0
 40
3.5
  1
2
  7
GYM
 72
1
 11
100.09375
 21
581.5
 31
0.0
100
AcDbText
 73
2
  0
LINE
  5
527
330
516
100
AcDbEntity
 67
1
  8
G-PAFTA-ZON
370
13
100
AcDbLine
 10
125.125
 20
10.0
 30
0.0
 11
125.125
 21
15.0
 31
0.0
  0
LINE
  5
528
330
516
100
AcDbEntity
 67
1
  8
G-PAFTA-ZON
370
13
100
AcDbLine
 10
125.125
 20
579.0
 30
0.0
 11
125.125
 21
584.0
 31
0.0
  0
TEXT
  5
529
330
516
100
AcDbEntity
 67
1
  8
G-PAFTA-ZON
100
AcDbText
 10
150.15625
 20
12.5
 30
0.0
 40
3.5
  1
3
  7
GYM
 72
1
 11
150.15625
 21
12.5
 31
0.0
100
AcDbText
 73
2
  0
TEXT
  5
52A
330
516
100
AcDbEntity
 67
1
  8
G-PAFTA-ZON
100
AcDbText
 10
150.15625
 20
581.5
 30
0.0
 40
3.5
  1
3
  7
GYM
 72
1
 11
150.15625
 21
581.5
 31
0.0
100
AcDbText
 73
2
  0
LINE
  5
52B
330
516
100
AcDbEntity
 67
1
  8
G-PAFTA-ZON
370
13
100
AcDbLine
 10
175.1875
 20
10.0
 30
0.0
 11
175.1875
 21
15.0
 31
0.0
  0
LINE
  5
52C
330
516
100
AcDbEntity
 67
1
  8
G-PAFTA-ZON
370
13
100
AcDbLine
 10
175.1875
 20
579.0
 30
0.0
 11
175.1875
 21
584.0
 31
0.0
  0
TEXT
  5
52D
330
516
100
AcDbEntity
 67
1
  8
G-PAFTA-ZON
100
AcDbText
 10
200.21875
 20
12.5
 30
0.0
 40
3.5
  1
4
  7
GYM
 72
1
 11
200.21875
 21
12.5
 31
0.0
100
AcDbText
 73
2
  0
TEXT
  5
52E
330
516
100
AcDbEntity
 67
1
  8
G-PAFTA-ZON
100
AcDbText
 10
200.21875
 20
581.5
 30
0.0
 40
3.5
  1
4
  7
GYM
 72
1
 11
200.21875
 21
581.5
 31
0.0
100
AcDbText
 73
2
  0
LINE
  5
52F
330
516
100
AcDbEntity
 67
1
  8
G-PAFTA-ZON
370
13
100
AcDbLine
 10
225.25
 20
10.0
 30
0.0
 11
225.25
 21
15.0
 31
0.0
  0
LINE
  5
530
330
516
100
AcDbEntity
 67
1
  8
G-PAFTA-ZON
370
13
100
AcDbLine
 10
225.25
 20
579.0
 30
0.0
 11
225.25
 21
584.0
 31
0.0
  0
TEXT
  5
531
330
516
100
AcDbEntity
 67
1
  8
G-PAFTA-ZON
100
AcDbText
 10
250.28125
 20
12.5
 30
0.0
 40
3.5
  1
5
  7
GYM
 72
1
 11
250.28125
 21
12.5
 31
0.0
100
AcDbText
 73
2
  0
TEXT
  5
532
330
516
100
AcDbEntity
 67
1
  8
G-PAFTA-ZON
100
AcDbText
 10
250.28125
 20
581.5
 30
0.0
 40
3.5
  1
5
  7
GYM
 72
1
 11
250.28125
 21
581.5
 31
0.0
100
AcDbText
 73
2
  0
LINE
  5
533
330
516
100
AcDbEntity
 67
1
  8
G-PAFTA-ZON
370
13
100
AcDbLine
 10
275.3125
 20
10.0
 30
0.0
 11
275.3125
 21
15.0
 31
0.0
  0
LINE
  5
534
330
516
100
AcDbEntity
 67
1
  8
G-PAFTA-ZON
370
13
100
AcDbLine
 10
275.3125
 20
579.0
 30
0.0
 11
275.3125
 21
584.0
 31
0.0
  0
TEXT
  5
535
330
516
100
AcDbEntity
 67
1
  8
G-PAFTA-ZON
100
AcDbText
 10
300.34375
 20
12.5
 30
0.0
 40
3.5
  1
6
  7
GYM
 72
1
 11
300.34375
 21
12.5
 31
0.0
100
AcDbText
 73
2
  0
TEXT
  5
536
330
516
100
AcDbEntity
 67
1
  8
G-PAFTA-ZON
100
AcDbText
 10
300.34375
 20
581.5
 30
0.0
 40
3.5
  1
6
  7
GYM
 72
1
 11
300.34375
 21
581.5
 31
0.0
100
AcDbText
 73
2
  0
LINE
  5
537
330
516
100
AcDbEntity
 67
1
  8
G-PAFTA-ZON
370
13
100
AcDbLine
 10
325.375
 20
10.0
 30
0.0
 11
325.375
 21
15.0
 31
0.0
  0
LINE
  5
538
330
516
100
AcDbEntity
 67
1
  8
G-PAFTA-ZON
370
13
100
AcDbLine
 10
325.375
 20
579.0
 30
0.0
 11
325.375
 21
584.0
 31
0.0
  0
TEXT
  5
539
330
516
100
AcDbEntity
 67
1
  8
G-PAFTA-ZON
100
AcDbText
 10
350.40625
 20
12.5
 30
0.0
 40
3.5
  1
7
  7
GYM
 72
1
 11
350.40625
 21
12.5
 31
0.0
100
AcDbText
 73
2
  0
TEXT
  5
53A
330
516
100
AcDbEntity
 67
1
  8
G-PAFTA-ZON
100
AcDbText
 10
350.40625
 20
581.5
 30
0.0
 40
3.5
  1
7
  7
GYM
 72
1
 11
350.40625
 21
581.5
 31
0.0
100
AcDbText
 73
2
  0
LINE
  5
53B
330
516
100
AcDbEntity
 67
1
  8
G-PAFTA-ZON
370
13
100
AcDbLine
 10
375.4375
 20
10.0
 30
0.0
 11
375.4375
 21
15.0
 31
0.0
  0
LINE
  5
53C
330
516
100
AcDbEntity
 67
1
  8
G-PAFTA-ZON
370
13
100
AcDbLine
 10
375.4375
 20
579.0
 30
0.0
 11
375.4375
 21
584.0
 31
0.0
  0
TEXT
  5
53D
330
516
100
AcDbEntity
 67
1
  8
G-PAFTA-ZON
100
AcDbText
 10
400.46875
 20
12.5
 30
0.0
 40
3.5
  1
8
  7
GYM
 72
1
 11
400.46875
 21
12.5
 31
0.0
100
AcDbText
 73
2
  0
TEXT
  5
53E
330
516
100
AcDbEntity
 67
1
  8
G-PAFTA-ZON
100
AcDbText
 10
400.46875
 20
581.5
 30
0.0
 40
3.5
  1
8
  7
GYM
 72
1
 11
400.46875
 21
581.5
 31
0.0
100
AcDbText
 73
2
  0
LINE
  5
53F
330
516
100
AcDbEntity
 67
1
  8
G-PAFTA-ZON
370
13
100
AcDbLine
 10
425.5
 20
10.0
 30
0.0
 11
425.5
 21
15.0
 31
0.0
  0
LINE
  5
540
330
516
100
AcDbEntity
 67
1
  8
G-PAFTA-ZON
370
13
100
AcDbLine
 10
425.5
 20
579.0
 30
0.0
 11
425.5
 21
584.0
 31
0.0
  0
TEXT
  5
541
330
516
100
AcDbEntity
 67
1
  8
G-PAFTA-ZON
100
AcDbText
 10
450.53125
 20
12.5
 30
0.0
 40
3.5
  1
9
  7
GYM
 72
1
 11
450.53125
 21
12.5
 31
0.0
100
AcDbText
 73
2
  0
TEXT
  5
542
330
516
100
AcDbEntity
 67
1
  8
G-PAFTA-ZON
100
AcDbText
 10
450.53125
 20
581.5
 30
0.0
 40
3.5
  1
9
  7
GYM
 72
1
 11
450.53125
 21
581.5
 31
0.0
100
AcDbText
 73
2
  0
LINE
  5
543
330
516
100
AcDbEntity
 67
1
  8
G-PAFTA-ZON
370
13
100
AcDbLine
 10
475.5625
 20
10.0
 30
0.0
 11
475.5625
 21
15.0
 31
0.0
  0
LINE
  5
544
330
516
100
AcDbEntity
 67
1
  8
G-PAFTA-ZON
370
13
100
AcDbLine
 10
475.5625
 20
579.0
 30
0.0
 11
475.5625
 21
584.0
 31
0.0
  0
TEXT
  5
545
330
516
100
AcDbEntity
 67
1
  8
G-PAFTA-ZON
100
AcDbText
 10
500.59375
 20
12.5
 30
0.0
 40
3.5
  1
10
  7
GYM
 72
1
 11
500.59375
 21
12.5
 31
0.0
100
AcDbText
 73
2
  0
TEXT
  5
546
330
516
100
AcDbEntity
 67
1
  8
G-PAFTA-ZON
100
AcDbText
 10
500.59375
 20
581.5
 30
0.0
 40
3.5
  1
10
  7
GYM
 72
1
 11
500.59375
 21
581.5
 31
0.0
100
AcDbText
 73
2
  0
LINE
  5
547
330
516
100
AcDbEntity
 67
1
  8
G-PAFTA-ZON
370
13
100
AcDbLine
 10
525.625
 20
10.0
 30
0.0
 11
525.625
 21
15.0
 31
0.0
  0
LINE
  5
548
330
516
100
AcDbEntity
 67
1
  8
G-PAFTA-ZON
370
13
100
AcDbLine
 10
525.625
 20
579.0
 30
0.0
 11
525.625
 21
584.0
 31
0.0
  0
TEXT
  5
549
330
516
100
AcDbEntity
 67
1
  8
G-PAFTA-ZON
100
AcDbText
 10
550.65625
 20
12.5
 30
0.0
 40
3.5
  1
11
  7
GYM
 72
1
 11
550.65625
 21
12.5
 31
0.0
100
AcDbText
 73
2
  0
TEXT
  5
54A
330
516
100
AcDbEntity
 67
1
  8
G-PAFTA-ZON
100
AcDbText
 10
550.65625
 20
581.5
 30
0.0
 40
3.5
  1
11
  7
GYM
 72
1
 11
550.65625
 21
581.5
 31
0.0
100
AcDbText
 73
2
  0
LINE
  5
54B
330
516
100
AcDbEntity
 67
1
  8
G-PAFTA-ZON
370
13
100
AcDbLine
 10
575.6875
 20
10.0
 30
0.0
 11
575.6875
 21
15.0
 31
0.0
  0
LINE
  5
54C
330
516
100
AcDbEntity
 67
1
  8
G-PAFTA-ZON
370
13
100
AcDbLine
 10
575.6875
 20
579.0
 30
0.0
 11
575.6875
 21
584.0
 31
0.0
  0
TEXT
  5
54D
330
516
100
AcDbEntity
 67
1
  8
G-PAFTA-ZON
100
AcDbText
 10
600.71875
 20
12.5
 30
0.0
 40
3.5
  1
12
  7
GYM
 72
1
 11
600.71875
 21
12.5
 31
0.0
100
AcDbText
 73
2
  0
TEXT
  5
54E
330
516
100
AcDbEntity
 67
1
  8
G-PAFTA-ZON
100
AcDbText
 10
600.71875
 20
581.5
 30
0.0
 40
3.5
  1
12
  7
GYM
 72
1
 11
600.71875
 21
581.5
 31
0.0
100
AcDbText
 73
2
  0
LINE
  5
54F
330
516
100
AcDbEntity
 67
1
  8
G-PAFTA-ZON
370
13
100
AcDbLine
 10
625.75
 20
10.0
 30
0.0
 11
625.75
 21
15.0
 31
0.0
  0
LINE
  5
550
330
516
100
AcDbEntity
 67
1
  8
G-PAFTA-ZON
370
13
100
AcDbLine
 10
625.75
 20
579.0
 30
0.0
 11
625.75
 21
584.0
 31
0.0
  0
TEXT
  5
551
330
516
100
AcDbEntity
 67
1
  8
G-PAFTA-ZON
100
AcDbText
 10
650.78125
 20
12.5
 30
0.0
 40
3.5
  1
13
  7
GYM
 72
1
 11
650.78125
 21
12.5
 31
0.0
100
AcDbText
 73
2
  0
TEXT
  5
552
330
516
100
AcDbEntity
 67
1
  8
G-PAFTA-ZON
100
AcDbText
 10
650.78125
 20
581.5
 30
0.0
 40
3.5
  1
13
  7
GYM
 72
1
 11
650.78125
 21
581.5
 31
0.0
100
AcDbText
 73
2
  0
LINE
  5
553
330
516
100
AcDbEntity
 67
1
  8
G-PAFTA-ZON
370
13
100
AcDbLine
 10
675.8125
 20
10.0
 30
0.0
 11
675.8125
 21
15.0
 31
0.0
  0
LINE
  5
554
330
516
100
AcDbEntity
 67
1
  8
G-PAFTA-ZON
370
13
100
AcDbLine
 10
675.8125
 20
579.0
 30
0.0
 11
675.8125
 21
584.0
 31
0.0
  0
TEXT
  5
555
330
516
100
AcDbEntity
 67
1
  8
G-PAFTA-ZON
100
AcDbText
 10
700.84375
 20
12.5
 30
0.0
 40
3.5
  1
14
  7
GYM
 72
1
 11
700.84375
 21
12.5
 31
0.0
100
AcDbText
 73
2
  0
TEXT
  5
556
330
516
100
AcDbEntity
 67
1
  8
G-PAFTA-ZON
100
AcDbText
 10
700.84375
 20
581.5
 30
0.0
 40
3.5
  1
14
  7
GYM
 72
1
 11
700.84375
 21
581.5
 31
0.0
100
AcDbText
 73
2
  0
LINE
  5
557
330
516
100
AcDbEntity
 67
1
  8
G-PAFTA-ZON
370
13
100
AcDbLine
 10
725.875
 20
10.0
 30
0.0
 11
725.875
 21
15.0
 31
0.0
  0
LINE
  5
558
330
516
100
AcDbEntity
 67
1
  8
G-PAFTA-ZON
370
13
100
AcDbLine
 10
725.875
 20
579.0
 30
0.0
 11
725.875
 21
584.0
 31
0.0
  0
TEXT
  5
559
330
516
100
AcDbEntity
 67
1
  8
G-PAFTA-ZON
100
AcDbText
 10
750.90625
 20
12.5
 30
0.0
 40
3.5
  1
15
  7
GYM
 72
1
 11
750.90625
 21
12.5
 31
0.0
100
AcDbText
 73
2
  0
TEXT
  5
55A
330
516
100
AcDbEntity
 67
1
  8
G-PAFTA-ZON
100
AcDbText
 10
750.90625
 20
581.5
 30
0.0
 40
3.5
  1
15
  7
GYM
 72
1
 11
750.90625
 21
581.5
 31
0.0
100
AcDbText
 73
2
  0
LINE
  5
55B
330
516
100
AcDbEntity
 67
1
  8
G-PAFTA-ZON
370
13
100
AcDbLine
 10
775.9375
 20
10.0
 30
0.0
 11
775.9375
 21
15.0
 31
0.0
  0
LINE
  5
55C
330
516
100
AcDbEntity
 67
1
  8
G-PAFTA-ZON
370
13
100
AcDbLine
 10
775.9375
 20
579.0
 30
0.0
 11
775.9375
 21
584.0
 31
0.0
  0
TEXT
  5
55D
330
516
100
AcDbEntity
 67
1
  8
G-PAFTA-ZON
100
AcDbText
 10
800.96875
 20
12.5
 30
0.0
 40
3.5
  1
16
  7
GYM
 72
1
 11
800.96875
 21
12.5
 31
0.0
100
AcDbText
 73
2
  0
TEXT
  5
55E
330
516
100
AcDbEntity
 67
1
  8
G-PAFTA-ZON
100
AcDbText
 10
800.96875
 20
581.5
 30
0.0
 40
3.5
  1
16
  7
GYM
 72
1
 11
800.96875
 21
581.5
 31
0.0
100
AcDbText
 73
2
  0
TEXT
  5
55F
330
516
100
AcDbEntity
 67
1
  8
G-PAFTA-ZON
100
AcDbText
 10
22.5
 20
40.63636363636364
 30
0.0
 40
3.5
  1
A
  7
GYM
 72
1
 11
22.5
 21
40.63636363636364
 31
0.0
100
AcDbText
 73
2
  0
TEXT
  5
560
330
516
100
AcDbEntity
 67
1
  8
G-PAFTA-ZON
100
AcDbText
 10
828.5
 20
40.63636363636364
 30
0.0
 40
3.5
  1
A
  7
GYM
 72
1
 11
828.5
 21
40.63636363636364
 31
0.0
100
AcDbText
 73
2
  0
LINE
  5
561
330
516
100
AcDbEntity
 67
1
  8
G-PAFTA-ZON
370
13
100
AcDbLine
 10
20.0
 20
66.27272727272728
 30
0.0
 11
25.0
 21
66.27272727272728
 31
0.0
  0
LINE
  5
562
330
516
100
AcDbEntity
 67
1
  8
G-PAFTA-ZON
370
13
100
AcDbLine
 10
826.0
 20
66.27272727272728
 30
0.0
 11
831.0
 21
66.27272727272728
 31
0.0
  0
TEXT
  5
563
330
516
100
AcDbEntity
 67
1
  8
G-PAFTA-ZON
100
AcDbText
 10
22.5
 20
91.90909090909092
 30
0.0
 40
3.5
  1
B
  7
GYM
 72
1
 11
22.5
 21
91.90909090909092
 31
0.0
100
AcDbText
 73
2
  0
TEXT
  5
564
330
516
100
AcDbEntity
 67
1
  8
G-PAFTA-ZON
100
AcDbText
 10
828.5
 20
91.90909090909092
 30
0.0
 40
3.5
  1
B
  7
GYM
 72
1
 11
828.5
 21
91.90909090909092
 31
0.0
100
AcDbText
 73
2
  0
LINE
  5
565
330
516
100
AcDbEntity
 67
1
  8
G-PAFTA-ZON
370
13
100
AcDbLine
 10
20.0
 20
117.54545454545455
 30
0.0
 11
25.0
 21
117.54545454545455
 31
0.0
  0
LINE
  5
566
330
516
100
AcDbEntity
 67
1
  8
G-PAFTA-ZON
370
13
100
AcDbLine
 10
826.0
 20
117.54545454545455
 30
0.0
 11
831.0
 21
117.54545454545455
 31
0.0
  0
TEXT
  5
567
330
516
100
AcDbEntity
 67
1
  8
G-PAFTA-ZON
100
AcDbText
 10
22.5
 20
143.1818181818182
 30
0.0
 40
3.5
  1
C
  7
GYM
 72
1
 11
22.5
 21
143.1818181818182
 31
0.0
100
AcDbText
 73
2
  0
TEXT
  5
568
330
516
100
AcDbEntity
 67
1
  8
G-PAFTA-ZON
100
AcDbText
 10
828.5
 20
143.1818181818182
 30
0.0
 40
3.5
  1
C
  7
GYM
 72
1
 11
828.5
 21
143.1818181818182
 31
0.0
100
AcDbText
 73
2
  0
LINE
  5
569
330
516
100
AcDbEntity
 67
1
  8
G-PAFTA-ZON
370
13
100
AcDbLine
 10
20.0
 20
168.8181818181818
 30
0.0
 11
25.0
 21
168.8181818181818
 31
0.0
  0
LINE
  5
56A
330
516
100
AcDbEntity
 67
1
  8
G-PAFTA-ZON
370
13
100
AcDbLine
 10
826.0
 20
168.8181818181818
 30
0.0
 11
831.0
 21
168.8181818181818
 31
0.0
  0
TEXT
  5
56B
330
516
100
AcDbEntity
 67
1
  8
G-PAFTA-ZON
100
AcDbText
 10
22.5
 20
194.45454545454544
 30
0.0
 40
3.5
  1
D
  7
GYM
 72
1
 11
22.5
 21
194.45454545454544
 31
0.0
100
AcDbText
 73
2
  0
TEXT
  5
56C
330
516
100
AcDbEntity
 67
1
  8
G-PAFTA-ZON
100
AcDbText
 10
828.5
 20
194.45454545454544
 30
0.0
 40
3.5
  1
D
  7
GYM
 72
1
 11
828.5
 21
194.45454545454544
 31
0.0
100
AcDbText
 73
2
  0
LINE
  5
56D
330
516
100
AcDbEntity
 67
1
  8
G-PAFTA-ZON
370
13
100
AcDbLine
 10
20.0
 20
220.0909090909091
 30
0.0
 11
25.0
 21
220.0909090909091
 31
0.0
  0
LINE
  5
56E
330
516
100
AcDbEntity
 67
1
  8
G-PAFTA-ZON
370
13
100
AcDbLine
 10
826.0
 20
220.0909090909091
 30
0.0
 11
831.0
 21
220.0909090909091
 31
0.0
  0
TEXT
  5
56F
330
516
100
AcDbEntity
 67
1
  8
G-PAFTA-ZON
100
AcDbText
 10
22.5
 20
245.72727272727272
 30
0.0
 40
3.5
  1
E
  7
GYM
 72
1
 11
22.5
 21
245.72727272727272
 31
0.0
100
AcDbText
 73
2
  0
TEXT
  5
570
330
516
100
AcDbEntity
 67
1
  8
G-PAFTA-ZON
100
AcDbText
 10
828.5
 20
245.72727272727272
 30
0.0
 40
3.5
  1
E
  7
GYM
 72
1
 11
828.5
 21
245.72727272727272
 31
0.0
100
AcDbText
 73
2
  0
LINE
  5
571
330
516
100
AcDbEntity
 67
1
  8
G-PAFTA-ZON
370
13
100
AcDbLine
 10
20.0
 20
271.3636363636364
 30
0.0
 11
25.0
 21
271.3636363636364
 31
0.0
  0
LINE
  5
572
330
516
100
AcDbEntity
 67
1
  8
G-PAFTA-ZON
370
13
100
AcDbLine
 10
826.0
 20
271.3636363636364
 30
0.0
 11
831.0
 21
271.3636363636364
 31
0.0
  0
TEXT
  5
573
330
516
100
AcDbEntity
 67
1
  8
G-PAFTA-ZON
100
AcDbText
 10
22.5
 20
297.0
 30
0.0
 40
3.5
  1
F
  7
GYM
 72
1
 11
22.5
 21
297.0
 31
0.0
100
AcDbText
 73
2
  0
TEXT
  5
574
330
516
100
AcDbEntity
 67
1
  8
G-PAFTA-ZON
100
AcDbText
 10
828.5
 20
297.0
 30
0.0
 40
3.5
  1
F
  7
GYM
 72
1
 11
828.5
 21
297.0
 31
0.0
100
AcDbText
 73
2
  0
LINE
  5
575
330
516
100
AcDbEntity
 67
1
  8
G-PAFTA-ZON
370
13
100
AcDbLine
 10
20.0
 20
322.6363636363636
 30
0.0
 11
25.0
 21
322.6363636363636
 31
0.0
  0
LINE
  5
576
330
516
100
AcDbEntity
 67
1
  8
G-PAFTA-ZON
370
13
100
AcDbLine
 10
826.0
 20
322.6363636363636
 30
0.0
 11
831.0
 21
322.6363636363636
 31
0.0
  0
TEXT
  5
577
330
516
100
AcDbEntity
 67
1
  8
G-PAFTA-ZON
100
AcDbText
 10
22.5
 20
348.27272727272725
 30
0.0
 40
3.5
  1
G
  7
GYM
 72
1
 11
22.5
 21
348.27272727272725
 31
0.0
100
AcDbText
 73
2
  0
TEXT
  5
578
330
516
100
AcDbEntity
 67
1
  8
G-PAFTA-ZON
100
AcDbText
 10
828.5
 20
348.27272727272725
 30
0.0
 40
3.5
  1
G
  7
GYM
 72
1
 11
828.5
 21
348.27272727272725
 31
0.0
100
AcDbText
 73
2
  0
LINE
  5
579
330
516
100
AcDbEntity
 67
1
  8
G-PAFTA-ZON
370
13
100
AcDbLine
 10
20.0
 20
373.90909090909093
 30
0.0
 11
25.0
 21
373.90909090909093
 31
0.0
  0
LINE
  5
57A
330
516
100
AcDbEntity
 67
1
  8
G-PAFTA-ZON
370
13
100
AcDbLine
 10
826.0
 20
373.90909090909093
 30
0.0
 11
831.0
 21
373.90909090909093
 31
0.0
  0
TEXT
  5
57B
330
516
100
AcDbEntity
 67
1
  8
G-PAFTA-ZON
100
AcDbText
 10
22.5
 20
399.54545454545456
 30
0.0
 40
3.5
  1
H
  7
GYM
 72
1
 11
22.5
 21
399.54545454545456
 31
0.0
100
AcDbText
 73
2
  0
TEXT
  5
57C
330
516
100
AcDbEntity
 67
1
  8
G-PAFTA-ZON
100
AcDbText
 10
828.5
 20
399.54545454545456
 30
0.0
 40
3.5
  1
H
  7
GYM
 72
1
 11
828.5
 21
399.54545454545456
 31
0.0
100
AcDbText
 73
2
  0
LINE
  5
57D
330
516
100
AcDbEntity
 67
1
  8
G-PAFTA-ZON
370
13
100
AcDbLine
 10
20.0
 20
425.1818181818182
 30
0.0
 11
25.0
 21
425.1818181818182
 31
0.0
  0
LINE
  5
57E
330
516
100
AcDbEntity
 67
1
  8
G-PAFTA-ZON
370
13
100
AcDbLine
 10
826.0
 20
425.1818181818182
 30
0.0
 11
831.0
 21
425.1818181818182
 31
0.0
  0
TEXT
  5
57F
330
516
100
AcDbEntity
 67
1
  8
G-PAFTA-ZON
100
AcDbText
 10
22.5
 20
450.8181818181818
 30
0.0
 40
3.5
  1
J
  7
GYM
 72
1
 11
22.5
 21
450.8181818181818
 31
0.0
100
AcDbText
 73
2
  0
TEXT
  5
580
330
516
100
AcDbEntity
 67
1
  8
G-PAFTA-ZON
100
AcDbText
 10
828.5
 20
450.8181818181818
 30
0.0
 40
3.5
  1
J
  7
GYM
 72
1
 11
828.5
 21
450.8181818181818
 31
0.0
100
AcDbText
 73
2
  0
LINE
  5
581
330
516
100
AcDbEntity
 67
1
  8
G-PAFTA-ZON
370
13
100
AcDbLine
 10
20.0
 20
476.45454545454544
 30
0.0
 11
25.0
 21
476.45454545454544
 31
0.0
  0
LINE
  5
582
330
516
100
AcDbEntity
 67
1
  8
G-PAFTA-ZON
370
13
100
AcDbLine
 10
826.0
 20
476.45454545454544
 30
0.0
 11
831.0
 21
476.45454545454544
 31
0.0
  0
TEXT
  5
583
330
516
100
AcDbEntity
 67
1
  8
G-PAFTA-ZON
100
AcDbText
 10
22.5
 20
502.09090909090907
 30
0.0
 40
3.5
  1
K
  7
GYM
 72
1
 11
22.5
 21
502.09090909090907
 31
0.0
100
AcDbText
 73
2
  0
TEXT
  5
584
330
516
100
AcDbEntity
 67
1
  8
G-PAFTA-ZON
100
AcDbText
 10
828.5
 20
502.09090909090907
 30
0.0
 40
3.5
  1
K
  7
GYM
 72
1
 11
828.5
 21
502.09090909090907
 31
0.0
100
AcDbText
 73
2
  0
LINE
  5
585
330
516
100
AcDbEntity
 67
1
  8
G-PAFTA-ZON
370
13
100
AcDbLine
 10
20.0
 20
527.7272727272727
 30
0.0
 11
25.0
 21
527.7272727272727
 31
0.0
  0
LINE
  5
586
330
516
100
AcDbEntity
 67
1
  8
G-PAFTA-ZON
370
13
100
AcDbLine
 10
826.0
 20
527.7272727272727
 30
0.0
 11
831.0
 21
527.7272727272727
 31
0.0
  0
TEXT
  5
587
330
516
100
AcDbEntity
 67
1
  8
G-PAFTA-ZON
100
AcDbText
 10
22.5
 20
553.3636363636364
 30
0.0
 40
3.5
  1
L
  7
GYM
 72
1
 11
22.5
 21
553.3636363636364
 31
0.0
100
AcDbText
 73
2
  0
TEXT
  5
588
330
516
100
AcDbEntity
 67
1
  8
G-PAFTA-ZON
100
AcDbText
 10
828.5
 20
553.3636363636364
 30
0.0
 40
3.5
  1
L
  7
GYM
 72
1
 11
828.5
 21
553.3636363636364
 31
0.0
100
AcDbText
 73
2
  0
LINE
  5
589
330
516
100
AcDbEntity
 67
1
  8
G-CERCEVE
370
70
100
AcDbLine
 10
420.5
 20
0.0
 30
0.0
 11
420.5
 21
20.0
 31
0.0
  0
LINE
  5
58A
330
516
100
AcDbEntity
 67
1
  8
G-CERCEVE
370
70
100
AcDbLine
 10
420.5
 20
574.0
 30
0.0
 11
420.5
 21
594.0
 31
0.0
  0
LWPOLYLINE
  5
58B
330
516
100
AcDbEntity
 67
1
  8
G-CERCEVE
370
70
100
AcDbPolyline
 90
3
 70
1
 10
420.5
 20
593.0
 10
417.9
 20
586.0
 10
423.1
 20
586.0
  0
LINE
  5
58C
330
516
100
AcDbEntity
 67
1
  8
G-CERCEVE
370
70
100
AcDbLine
 10
0.0
 20
297.0
 30
0.0
 11
30.0
 21
297.0
 31
0.0
  0
LINE
  5
58D
330
516
100
AcDbEntity
 67
1
  8
G-CERCEVE
370
70
100
AcDbLine
 10
821.0
 20
297.0
 30
0.0
 11
841.0
 21
297.0
 31
0.0
  0
LWPOLYLINE
  5
58E
330
516
100
AcDbEntity
 67
1
  8
G-CERCEVE
370
70
100
AcDbPolyline
 90
3
 70
1
 10
1.0
 20
297.0
 10
8.0
 20
294.4
 10
8.0
 20
299.6
  0
TEXT
  5
58F
330
516
100
AcDbEntity
 67
1
  8
G-CERCEVE
100
AcDbText
 10
829.0
 20
5.0
 30
0.0
 40
2.5
  1
A1
  7
GYM
 72
2
 11
829.0
 21
5.0
 31
0.0
100
AcDbText
 73
2
  0
LWPOLYLINE
  5
590
330
516
100
AcDbEntity
 67
1
  8
G-CERCEVE
370
35
100
AcDbPolyline
 90
4
 70
1
 10
450.5
 20
2.0
 10
550.5
 20
2.0
 10
550.5
 20
6.0
 10
450.5
 20
6.0
  0
LINE
  5
591
330
516
100
AcDbEntity
 67
1
  8
G-CERCEVE
370
35
100
AcDbLine
 10
450.5
 20
2.0
 30
0.0
 11
450.5
 21
6.0
 31
0.0
  0
LINE
  5
592
330
516
100
AcDbEntity
 67
1
  8
G-CERCEVE
370
35
100
AcDbLine
 10
460.5
 20
2.0
 30
0.0
 11
460.5
 21
6.0
 31
0.0
  0
LINE
  5
593
330
516
100
AcDbEntity
 67
1
  8
G-CERCEVE
370
35
100
AcDbLine
 10
470.5
 20
2.0
 30
0.0
 11
470.5
 21
6.0
 31
0.0
  0
LINE
  5
594
330
516
100
AcDbEntity
 67
1
  8
G-CERCEVE
370
35
100
AcDbLine
 10
480.5
 20
2.0
 30
0.0
 11
480.5
 21
6.0
 31
0.0
  0
LINE
  5
595
330
516
100
AcDbEntity
 67
1
  8
G-CERCEVE
370
35
100
AcDbLine
 10
490.5
 20
2.0
 30
0.0
 11
490.5
 21
6.0
 31
0.0
  0
LINE
  5
596
330
516
100
AcDbEntity
 67
1
  8
G-CERCEVE
370
35
100
AcDbLine
 10
500.5
 20
2.0
 30
0.0
 11
500.5
 21
6.0
 31
0.0
  0
LINE
  5
597
330
516
100
AcDbEntity
 67
1
  8
G-CERCEVE
370
35
100
AcDbLine
 10
510.5
 20
2.0
 30
0.0
 11
510.5
 21
6.0
 31
0.0
  0
LINE
  5
598
330
516
100
AcDbEntity
 67
1
  8
G-CERCEVE
370
35
100
AcDbLine
 10
520.5
 20
2.0
 30
0.0
 11
520.5
 21
6.0
 31
0.0
  0
LINE
  5
599
330
516
100
AcDbEntity
 67
1
  8
G-CERCEVE
370
35
100
AcDbLine
 10
530.5
 20
2.0
 30
0.0
 11
530.5
 21
6.0
 31
0.0
  0
LINE
  5
59A
330
516
100
AcDbEntity
 67
1
  8
G-CERCEVE
370
35
100
AcDbLine
 10
540.5
 20
2.0
 30
0.0
 11
540.5
 21
6.0
 31
0.0
  0
LINE
  5
59B
330
516
100
AcDbEntity
 67
1
  8
G-CERCEVE
370
35
100
AcDbLine
 10
550.5
 20
2.0
 30
0.0
 11
550.5
 21
6.0
 31
0.0
  0
TEXT
  5
59C
330
516
100
AcDbEntity
 67
1
  8
G-CERCEVE
100
AcDbText
 10
554.5
 20
4.0
 30
0.0
 40
1.8
  1
100 mm
  7
GYM
 11
554.5
 21
4.0
 31
0.0
100
AcDbText
 73
2
  0
LWPOLYLINE
  5
59D
330
516
100
AcDbEntity
 67
1
  8
G-ANTET
370
100
100
AcDbPolyline
 90
4
 70
1
 10
651.0
 20
15.0
 10
831.0
 20
15.0
 10
831.0
 20
107.0
 10
651.0
 20
107.0
  0
LINE
  5
59E
330
516
100
AcDbEntity
 67
1
  8
G-ANTET
370
35
100
AcDbLine
 10
651.0
 20
25.0
 30
0.0
 11
831.0
 21
25.0
 31
0.0
  0
LINE
  5
59F
330
516
100
AcDbEntity
 67
1
  8
G-ANTET
370
35
100
AcDbLine
 10
651.0
 20
35.0
 30
0.0
 11
831.0
 21
35.0
 31
0.0
  0
LINE
  5
5A0
330
516
100
AcDbEntity
 67
1
  8
G-ANTET
370
35
100
AcDbLine
 10
651.0
 20
45.0
 30
0.0
 11
831.0
 21
45.0
 31
0.0
  0
LINE
  5
5A1
330
516
100
AcDbEntity
 67
1
  8
G-ANTET
370
35
100
AcDbLine
 10
651.0
 20
57.0
 30
0.0
 11
831.0
 21
57.0
 31
0.0
  0
LINE
  5
5A2
330
516
100
AcDbEntity
 67
1
  8
G-ANTET
370
35
100
AcDbLine
 10
651.0
 20
69.0
 30
0.0
 11
831.0
 21
69.0
 31
0.0
  0
LINE
  5
5A3
330
516
100
AcDbEntity
 67
1
  8
G-ANTET
370
35
100
AcDbLine
 10
651.0
 20
83.0
 30
0.0
 11
831.0
 21
83.0
 31
0.0
  0
LINE
  5
5A4
330
516
100
AcDbEntity
 67
1
  8
G-ANTET
370
35
100
AcDbLine
 10
711.0
 20
15.0
 30
0.0
 11
711.0
 21
45.0
 31
0.0
  0
LINE
  5
5A5
330
516
100
AcDbEntity
 67
1
  8
G-ANTET
370
35
100
AcDbLine
 10
771.0
 20
15.0
 30
0.0
 11
771.0
 21
45.0
 31
0.0
  0
LINE
  5
5A6
330
516
100
AcDbEntity
 67
1
  8
G-ANTET
370
35
100
AcDbLine
 10
769.0
 20
45.0
 30
0.0
 11
769.0
 21
69.0
 31
0.0
  0
TEXT
  5
5A7
330
516
100
AcDbEntity
 67
1
  8
G-ANTET
100
AcDbText
 10
652.6
 20
103.0
 30
0.0
 40
1.8
  1
İŞVEREN
  7
GYM
 11
652.6
 21
103.0
 31
0.0
100
AcDbText
 73
2
  0
TEXT
  5
5A8
330
516
100
AcDbEntity
 67
1
  8
G-ANTET
100
AcDbText
 10
652.6
 20
98.0
 30
0.0
 40
2.5
  1
ÖZEL — MALTEPE / İDEALTEPE
  7
GYM
 11
652.6
 21
98.0
 31
0.0
100
AcDbText
 73
2
  0
TEXT
  5
5A9
330
516
100
AcDbEntity
 67
1
  8
G-ANTET
100
AcDbText
 10
652.6
 20
93.0
 30
0.0
 40
1.8
  1
PROJE
  7
GYM
 11
652.6
 21
93.0
 31
0.0
100
AcDbText
 73
2
  0
TEXT
  5
5AA
330
516
100
AcDbEntity
 67
1
  8
G-ANTET
100
AcDbText
 10
652.6
 20
87.2
 30
0.0
 40
3.5
  1
MOBİLYA MAĞAZASI → FONKSİYONEL ANTRENMAN STÜDYOSU
  7
GYM
 11
652.6
 21
87.2
 31
0.0
100
AcDbText
 73
2
  0
TEXT
  5
5AB
330
516
100
AcDbEntity
 67
1
  8
G-ANTET
100
AcDbText
 10
652.6
 20
78.0
 30
0.0
 40
1.8
  1
YAPI / MAHAL
  7
GYM
 11
652.6
 21
78.0
 31
0.0
100
AcDbText
 73
2
  0
TEXT
  5
5AC
330
516
100
AcDbEntity
 67
1
  8
G-ANTET
100
AcDbText
 10
652.6
 20
72.0
 30
0.0
 40
2.5
  1
İdealtepe Mah. · zemin kat dükkân · 103,78 m² iç alan
  7
GYM
 11
652.6
 21
72.0
 31
0.0
100
AcDbText
 73
2
  0
TEXT
  5
5AD
330
516
100
AcDbEntity
 67
1
  8
G-ANTET
100
AcDbText
 10
771.4
 20
78.0
 30
0.0
 40
1.8
  1
DİSİPLİN
  7
GYM
 11
771.4
 21
78.0
 31
0.0
100
AcDbText
 73
2
  0
TEXT
  5
5AE
330
516
100
AcDbEntity
 67
1
  8
G-ANTET
100
AcDbText
 10
771.4
 20
72.0
 30
0.0
 40
2.5
  1
MİMARİ
  7
GYM
 11
771.4
 21
72.0
 31
0.0
100
AcDbText
 73
2
  0
LINE
  5
5AF
330
516
100
AcDbEntity
 67
1
  8
G-ANTET
370
35
100
AcDbLine
 10
769.0
 20
69.0
 30
0.0
 11
769.0
 21
83.0
 31
0.0
  0
TEXT
  5
5B0
330
516
100
AcDbEntity
 67
1
  8
G-ANTET
100
AcDbText
 10
652.6
 20
65.0
 30
0.0
 40
1.8
  1
PAFTA ADI
  7
GYM
 11
652.6
 21
65.0
 31
0.0
100
AcDbText
 73
2
  0
TEXT
  5
5B1
330
516
100
AcDbEntity
 67
1
  8
G-ANTET
100
AcDbText
 10
652.6
 20
59.8
 30
0.0
 40
3.5
  1
MİMARİ UYGULAMA PLANI
  7
GYM
 11
652.6
 21
59.8
 31
0.0
100
AcDbText
 73
2
  0
TEXT
  5
5B2
330
516
100
AcDbEntity
 67
1
  8
G-ANTET
100
AcDbText
 10
771.4
 20
59.8
 30
0.0
 40
1.8
  1
Bölme duvarlar · kapılar · mahal numaraları
  7
GYM
 11
771.4
 21
59.8
 31
0.0
100
AcDbText
 73
2
  0
TEXT
  5
5B3
330
516
100
AcDbEntity
 67
1
  8
G-ANTET
100
AcDbText
 10
652.6
 20
53.0
 30
0.0
 40
1.8
  1
PROJE MÜELLİFİ · ODA SİCİL NO
  7
GYM
 11
652.6
 21
53.0
 31
0.0
100
AcDbText
 73
2
  0
TEXT
  5
5B4
330
516
100
AcDbEntity
 67
1
  8
G-ANTET
100
AcDbText
 10
652.6
 20
47.8
 30
0.0
 40
2.5
  1
—   Oda sicil no: —
  7
GYM
 11
652.6
 21
47.8
 31
0.0
100
AcDbText
 73
2
  0
TEXT
  5
5B5
330
516
100
AcDbEntity
 67
1
  8
G-ANTET
100
AcDbText
 10
652.6
 20
42.0
 30
0.0
 40
1.8
  1
ÇİZEN
  7
GYM
 11
652.6
 21
42.0
 31
0.0
100
AcDbText
 73
2
  0
TEXT
  5
5B6
330
516
100
AcDbEntity
 67
1
  8
G-ANTET
100
AcDbText
 10
652.6
 20
37.6
 30
0.0
 40
2.5
  1
CC
  7
GYM
 11
652.6
 21
37.6
 31
0.0
100
AcDbText
 73
2
  0
TEXT
  5
5B7
330
516
100
AcDbEntity
 67
1
  8
G-ANTET
100
AcDbText
 10
712.6
 20
42.0
 30
0.0
 40
1.8
  1
KONTROL
  7
GYM
 11
712.6
 21
42.0
 31
0.0
100
AcDbText
 73
2
  0
TEXT
  5
5B8
330
516
100
AcDbEntity
 67
1
  8
G-ANTET
100
AcDbText
 10
712.6
 20
37.6
 30
0.0
 40
2.5
  1
—
  7
GYM
 11
712.6
 21
37.6
 31
0.0
100
AcDbText
 73
2
  0
TEXT
  5
5B9
330
516
100
AcDbEntity
 67
1
  8
G-ANTET
100
AcDbText
 10
772.6
 20
42.0
 30
0.0
 40
1.8
  1
ONAY
  7
GYM
 11
772.6
 21
42.0
 31
0.0
100
AcDbText
 73
2
  0
TEXT
  5
5BA
330
516
100
AcDbEntity
 67
1
  8
G-ANTET
100
AcDbText
 10
772.6
 20
37.6
 30
0.0
 40
2.5
  1
—
  7
GYM
 11
772.6
 21
37.6
 31
0.0
100
AcDbText
 73
2
  0
TEXT
  5
5BB
330
516
100
AcDbEntity
 67
1
  8
G-ANTET
100
AcDbText
 10
652.6
 20
32.0
 30
0.0
 40
1.8
  1
TARİH
  7
GYM
 11
652.6
 21
32.0
 31
0.0
100
AcDbText
 73
2
  0
TEXT
  5
5BC
330
516
100
AcDbEntity
 67
1
  8
G-ANTET
100
AcDbText
 10
652.6
 20
27.6
 30
0.0
 40
2.5
  1
17 Eylül 2026
  7
GYM
 11
652.6
 21
27.6
 31
0.0
100
AcDbText
 73
2
  0
TEXT
  5
5BD
330
516
100
AcDbEntity
 67
1
  8
G-ANTET
100
AcDbText
 10
712.6
 20
32.0
 30
0.0
 40
1.8
  1
ÖLÇEK
  7
GYM
 11
712.6
 21
32.0
 31
0.0
100
AcDbText
 73
2
  0
TEXT
  5
5BE
330
516
100
AcDbEntity
 67
1
  8
G-ANTET
100
AcDbText
 10
712.6
 20
27.6
 30
0.0
 40
3.5
  1
1:50
  7
GYM
 11
712.6
 21
27.6
 31
0.0
100
AcDbText
 73
2
  0
TEXT
  5
5BF
330
516
100
AcDbEntity
 67
1
  8
G-ANTET
100
AcDbText
 10
772.6
 20
32.0
 30
0.0
 40
1.8
  1
BİRİM
  7
GYM
 11
772.6
 21
32.0
 31
0.0
100
AcDbText
 73
2
  0
TEXT
  5
5C0
330
516
100
AcDbEntity
 67
1
  8
G-ANTET
100
AcDbText
 10
772.6
 20
27.6
 30
0.0
 40
2.5
  1
milimetre (mm)
  7
GYM
 11
772.6
 21
27.6
 31
0.0
100
AcDbText
 73
2
  0
TEXT
  5
5C1
330
516
100
AcDbEntity
 67
1
  8
G-ANTET
100
AcDbText
 10
652.6
 20
22.0
 30
0.0
 40
1.8
  1
DURUM
  7
GYM
 11
652.6
 21
22.0
 31
0.0
100
AcDbText
 73
2
  0
TEXT
  5
5C2
330
516
100
AcDbEntity
 67
1
  8
G-ANTET
100
AcDbText
 10
652.6
 20
17.6
 30
0.0
 40
2.5
  1
ÖN TASARIM
  7
GYM
 11
652.6
 21
17.6
 31
0.0
100
AcDbText
 73
2
  0
TEXT
  5
5C3
330
516
100
AcDbEntity
 67
1
  8
G-ANTET
100
AcDbText
 10
712.6
 20
22.0
 30
0.0
 40
1.8
  1
PAFTA NO
  7
GYM
 11
712.6
 21
22.0
 31
0.0
100
AcDbText
 73
2
  0
TEXT
  5
5C4
330
516
100
AcDbEntity
 67
1
  8
G-ANTET
100
AcDbText
 10
712.6
 20
17.6
 30
0.0
 40
5.0
  1
A-02
  7
GYM
 11
712.6
 21
17.6
 31
0.0
100
AcDbText
 73
2
  0
TEXT
  5
5C5
330
516
100
AcDbEntity
 67
1
  8
G-ANTET
100
AcDbText
 10
772.6
 20
22.0
 30
0.0
 40
1.8
  1
REV
  7
GYM
 11
772.6
 21
22.0
 31
0.0
100
AcDbText
 73
2
  0
TEXT
  5
5C6
330
516
100
AcDbEntity
 67
1
  8
G-ANTET
100
AcDbText
 10
772.6
 20
17.6
 30
0.0
 40
5.0
  1
G
  7
GYM
 11
772.6
 21
17.6
 31
0.0
100
AcDbText
 73
2
  0
TEXT
  5
5C7
330
516
100
AcDbEntity
 67
1
  8
G-ANTET
100
AcDbText
 10
801.0
 20
18.0
 30
0.0
 40
1.8
  1
SONRAKİ: A-03
  7
GYM
 11
801.0
 21
18.0
 31
0.0
100
AcDbText
 73
2
  0
LWPOLYLINE
  5
5C8
330
516
100
AcDbEntity
 67
1
  8
G-ANTET
370
50
100
AcDbPolyline
 90
4
 70
1
 10
651.0
 20
107.0
 10
831.0
 20
107.0
 10
831.0
 20
143.0
 10
651.0
 20
143.0
  0
LINE
  5
5C9
330
516
100
AcDbEntity
 67
1
  8
G-ANTET
370
18
100
AcDbLine
 10
651.0
 20
107.0
 30
0.0
 11
831.0
 21
107.0
 31
0.0
  0
LINE
  5
5CA
330
516
100
AcDbEntity
 67
1
  8
G-ANTET
370
18
100
AcDbLine
 10
651.0
 20
113.0
 30
0.0
 11
831.0
 21
113.0
 31
0.0
  0
LINE
  5
5CB
330
516
100
AcDbEntity
 67
1
  8
G-ANTET
370
18
100
AcDbLine
 10
651.0
 20
119.0
 30
0.0
 11
831.0
 21
119.0
 31
0.0
  0
LINE
  5
5CC
330
516
100
AcDbEntity
 67
1
  8
G-ANTET
370
18
100
AcDbLine
 10
651.0
 20
125.0
 30
0.0
 11
831.0
 21
125.0
 31
0.0
  0
LINE
  5
5CD
330
516
100
AcDbEntity
 67
1
  8
G-ANTET
370
18
100
AcDbLine
 10
651.0
 20
131.0
 30
0.0
 11
831.0
 21
131.0
 31
0.0
  0
LINE
  5
5CE
330
516
100
AcDbEntity
 67
1
  8
G-ANTET
370
18
100
AcDbLine
 10
651.0
 20
137.0
 30
0.0
 11
831.0
 21
137.0
 31
0.0
  0
LINE
  5
5CF
330
516
100
AcDbEntity
 67
1
  8
G-ANTET
370
18
100
AcDbLine
 10
663.0
 20
107.0
 30
0.0
 11
663.0
 21
143.0
 31
0.0
  0
LINE
  5
5D0
330
516
100
AcDbEntity
 67
1
  8
G-ANTET
370
18
100
AcDbLine
 10
687.0
 20
107.0
 30
0.0
 11
687.0
 21
143.0
 31
0.0
  0
LINE
  5
5D1
330
516
100
AcDbEntity
 67
1
  8
G-ANTET
370
18
100
AcDbLine
 10
777.0
 20
107.0
 30
0.0
 11
777.0
 21
143.0
 31
0.0
  0
LINE
  5
5D2
330
516
100
AcDbEntity
 67
1
  8
G-ANTET
370
18
100
AcDbLine
 10
795.0
 20
107.0
 30
0.0
 11
795.0
 21
143.0
 31
0.0
  0
LINE
  5
5D3
330
516
100
AcDbEntity
 67
1
  8
G-ANTET
370
18
100
AcDbLine
 10
813.0
 20
107.0
 30
0.0
 11
813.0
 21
143.0
 31
0.0
  0
TEXT
  5
5D4
330
516
100
AcDbEntity
 67
1
  8
G-ANTET
100
AcDbText
 10
652.2
 20
140.0
 30
0.0
 40
1.8
  1
REV
  7
GYM
 11
652.2
 21
140.0
 31
0.0
100
AcDbText
 73
2
  0
TEXT
  5
5D5
330
516
100
AcDbEntity
 67
1
  8
G-ANTET
100
AcDbText
 10
664.2
 20
140.0
 30
0.0
 40
1.8
  1
TARİH
  7
GYM
 11
664.2
 21
140.0
 31
0.0
100
AcDbText
 73
2
  0
TEXT
  5
5D6
330
516
100
AcDbEntity
 67
1
  8
G-ANTET
100
AcDbText
 10
688.2
 20
140.0
 30
0.0
 40
1.8
  1
AÇIKLAMA
  7
GYM
 11
688.2
 21
140.0
 31
0.0
100
AcDbText
 73
2
  0
TEXT
  5
5D7
330
516
100
AcDbEntity
 67
1
  8
G-ANTET
100
AcDbText
 10
778.2
 20
140.0
 30
0.0
 40
1.8
  1
ÇZ
  7
GYM
 11
778.2
 21
140.0
 31
0.0
100
AcDbText
 73
2
  0
TEXT
  5
5D8
330
516
100
AcDbEntity
 67
1
  8
G-ANTET
100
AcDbText
 10
796.2
 20
140.0
 30
0.0
 40
1.8
  1
KT
  7
GYM
 11
796.2
 21
140.0
 31
0.0
100
AcDbText
 73
2
  0
TEXT
  5
5D9
330
516
100
AcDbEntity
 67
1
  8
G-ANTET
100
AcDbText
 10
814.2
 20
140.0
 30
0.0
 40
1.8
  1
ON
  7
GYM
 11
814.2
 21
140.0
 31
0.0
100
AcDbText
 73
2
  0
TEXT
  5
5DA
330
516
100
AcDbEntity
 67
1
  8
G-ANTET
100
AcDbText
 10
652.2
 20
134.0
 30
0.0
 40
1.8
  1
A
  7
GYM
 11
652.2
 21
134.0
 31
0.0
100
AcDbText
 73
2
  0
TEXT
  5
5DB
330
516
100
AcDbEntity
 67
1
  8
G-ANTET
100
AcDbText
 10
664.2
 20
134.0
 30
0.0
 40
1.8
  1
17.09.2026
  7
GYM
 11
664.2
 21
134.0
 31
0.0
100
AcDbText
 73
2
  0
TEXT
  5
5DC
330
516
100
AcDbEntity
 67
1
  8
G-ANTET
100
AcDbText
 10
688.2
 20
134.0
 30
0.0
 40
1.8
  1
İlk yayın — ön tasarım
  7
GYM
 11
688.2
 21
134.0
 31
0.0
100
AcDbText
 73
2
  0
TEXT
  5
5DD
330
516
100
AcDbEntity
 67
1
  8
G-ANTET
100
AcDbText
 10
778.2
 20
134.0
 30
0.0
 40
1.8
  1
CC
  7
GYM
 11
778.2
 21
134.0
 31
0.0
100
AcDbText
 73
2
  0
TEXT
  5
5DE
330
516
100
AcDbEntity
 67
1
  8
G-ANTET
100
AcDbText
 10
796.2
 20
134.0
 30
0.0
 40
1.8
  1
—
  7
GYM
 11
796.2
 21
134.0
 31
0.0
100
AcDbText
 73
2
  0
TEXT
  5
5DF
330
516
100
AcDbEntity
 67
1
  8
G-ANTET
100
AcDbText
 10
814.2
 20
134.0
 30
0.0
 40
1.8
  1
—
  7
GYM
 11
814.2
 21
134.0
 31
0.0
100
AcDbText
 73
2
  0
TEXT
  5
5E0
330
516
100
AcDbEntity
 67
1
  8
G-ANTET
100
AcDbText
 10
652.2
 20
128.0
 30
0.0
 40
1.8
  1
B
  7
GYM
 11
652.2
 21
128.0
 31
0.0
100
AcDbText
 73
2
  0
TEXT
  5
5E1
330
516
100
AcDbEntity
 67
1
  8
G-ANTET
100
AcDbText
 10
664.2
 20
128.0
 30
0.0
 40
1.8
  1
18.09.2026
  7
GYM
 11
664.2
 21
128.0
 31
0.0
100
AcDbText
 73
2
  0
TEXT
  5
5E2
330
516
100
AcDbEntity
 67
1
  8
G-ANTET
100
AcDbText
 10
688.2
 20
128.0
 30
0.0
 40
1.8
  1
Aks sistemi, zincir ölçü, ISO 5457/7200 pafta
  7
GYM
 11
688.2
 21
128.0
 31
0.0
100
AcDbText
 73
2
  0
TEXT
  5
5E3
330
516
100
AcDbEntity
 67
1
  8
G-ANTET
100
AcDbText
 10
778.2
 20
128.0
 30
0.0
 40
1.8
  1
CC
  7
GYM
 11
778.2
 21
128.0
 31
0.0
100
AcDbText
 73
2
  0
TEXT
  5
5E4
330
516
100
AcDbEntity
 67
1
  8
G-ANTET
100
AcDbText
 10
796.2
 20
128.0
 30
0.0
 40
1.8
  1
—
  7
GYM
 11
796.2
 21
128.0
 31
0.0
100
AcDbText
 73
2
  0
TEXT
  5
5E5
330
516
100
AcDbEntity
 67
1
  8
G-ANTET
100
AcDbText
 10
814.2
 20
128.0
 30
0.0
 40
1.8
  1
—
  7
GYM
 11
814.2
 21
128.0
 31
0.0
100
AcDbText
 73
2
  0
TEXT
  5
5E6
330
516
100
AcDbEntity
 67
1
  8
G-ANTET
100
AcDbText
 10
652.2
 20
122.0
 30
0.0
 40
1.8
  1
C
  7
GYM
 11
652.2
 21
122.0
 31
0.0
100
AcDbText
 73
2
  0
TEXT
  5
5E7
330
516
100
AcDbEntity
 67
1
  8
G-ANTET
100
AcDbText
 10
664.2
 20
122.0
 30
0.0
 40
1.8
  1
18.09.2026
  7
GYM
 11
664.2
 21
122.0
 31
0.0
100
AcDbText
 73
2
  0
TEXT
  5
5E8
330
516
100
AcDbEntity
 67
1
  8
G-ANTET
100
AcDbText
 10
688.2
 20
122.0
 30
0.0
 40
1.8
  1
A1 pafta, tekil DXF, ADP tek hat şeması CAD'de
  7
GYM
 11
688.2
 21
122.0
 31
0.0
100
AcDbText
 73
2
  0
TEXT
  5
5E9
330
516
100
AcDbEntity
 67
1
  8
G-ANTET
100
AcDbText
 10
778.2
 20
122.0
 30
0.0
 40
1.8
  1
CC
  7
GYM
 11
778.2
 21
122.0
 31
0.0
100
AcDbText
 73
2
  0
TEXT
  5
5EA
330
516
100
AcDbEntity
 67
1
  8
G-ANTET
100
AcDbText
 10
796.2
 20
122.0
 30
0.0
 40
1.8
  1
—
  7
GYM
 11
796.2
 21
122.0
 31
0.0
100
AcDbText
 73
2
  0
TEXT
  5
5EB
330
516
100
AcDbEntity
 67
1
  8
G-ANTET
100
AcDbText
 10
814.2
 20
122.0
 30
0.0
 40
1.8
  1
—
  7
GYM
 11
814.2
 21
122.0
 31
0.0
100
AcDbText
 73
2
  0
VIEWPORT
  5
5EC
330
516
100
AcDbEntity
 67
1
  8
G-VIEWPORT
100
AcDbViewport
 10
337.0
 20
297.0
 30
0.0
 40
616.0
 41
556.0
 68
1
 69
3
 12
5781.402523373163
 22
6494.971236472614
 13
0.0
 23
0.0
 14
10.0
 24
10.0
 15
10.0
 25
10.0
 16
0.0
 26
0.0
 36
1.0
 17
0.0
 27
0.0
 37
0.0
 42
50.0
 43
0.0
 44
0.0
 45
27800.0
 50
0.0
 51
0.0
 72
100
331
95
331
96
331
97
331
98
331
99
331
9A
331
9B
331
9C
331
9D
331
9E
331
9F
331
A0
331
A1
331
A2
331
A3
331
A4
331
A5
331
A6
331
A7
331
A8
331
A9
331
AA
331
AB
331
AC
331
AD
331
AE
331
AF
331
B0
331
B1
331
B2
331
B3
331
B4
331
B5
331
B6
331
B7
331
B8
331
B9
331
BA
331
BB
331
BC
331
BD
331
BE
331
BF
331
C0
331
C1
331
C2
331
C3
331
C4
331
C5
331
C6
331
C7
331
C8
331
C9
331
CA
331
CB
 90
0
  1

281
0
 71
0
 74
0
110
0.0
120
0.0
130
0.0
111
1.0
121
0.0
131
0.0
112
0.0
122
1.0
132
0.0
 79
0
146
0.0
282
0
  0
LWPOLYLINE
  5
5ED
330
516
100
AcDbEntity
 67
1
  8
G-CERCEVE
370
18
100
AcDbPolyline
 90
4
 70
1
 10
29.0
 20
19.0
 10
645.0
 20
19.0
 10
645.0
 20
575.0
 10
29.0
 20
575.0
  0
CIRCLE
  5
5EE
330
516
100
AcDbEntity
 67
1
  8
G-ANTET
370
35
100
AcDbCircle
 10
628.0
 20
558.0
 30
0.0
 40
9.0
  0
LWPOLYLINE
  5
5EF
330
516
100
AcDbEntity
 67
1
  8
G-ANTET
370
50
100
AcDbPolyline
 90
4
 70
1
 10
628.0
 20
565.74
 10
624.94
 20
553.32
 10
628.0
 20
556.38
 10
631.06
 20
553.32
  0
HATCH
  5
5F0
330
516
100
AcDbEntity
 67
1
  8
G-ANTET
 62
7
100
AcDbHatch
 10
0.0
 20
0.0
 30
0.0
210
0.0
220
0.0
230
1.0
  2
SOLID
 70
1
 71
0
 91
1
 92
3
 72
0
 73
1
 93
3
 10
628.0
 20
565.74
 10
624.94
 20
553.32
 10
628.0
 20
556.38
 97
0
 75
0
 76
1
 98
0
  0
TEXT
  5
5F1
330
516
100
AcDbEntity
 67
1
  8
G-ANTET
100
AcDbText
 10
628.0
 20
545.0
 30
0.0
 40
3.5
  1
K
  7
GYM
 72
1
 11
628.0
 21
545.0
 31
0.0
100
AcDbText
 73
2
  0
HATCH
  5
5F2
330
516
100
AcDbEntity
 67
1
  8
G-ANTET
 62
7
100
AcDbHatch
 10
0.0
 20
0.0
 30
0.0
210
0.0
220
0.0
230
1.0
  2
SOLID
 70
1
 71
0
 91
1
 92
3
 72
0
 73
1
 93
4
 10
37.0
 20
27.0
 10
57.0
 20
27.0
 10
57.0
 20
29.2
 10
37.0
 20
29.2
 97
0
 75
0
 76
1
 98
0
  0
LWPOLYLINE
  5
5F3
330
516
100
AcDbEntity
 67
1
  8
G-ANTET
370
18
100
AcDbPolyline
 90
4
 70
1
 10
37.0
 20
27.0
 10
57.0
 20
27.0
 10
57.0
 20
29.2
 10
37.0
 20
29.2
  0
HATCH
  5
5F4
330
516
100
AcDbEntity
 67
1
  8
G-ANTET
 62
0
100
AcDbHatch
 10
0.0
 20
0.0
 30
0.0
210
0.0
220
0.0
230
1.0
  2
SOLID
 70
1
 71
0
 91
1
 92
3
 72
0
 73
1
 93
4
 10
57.0
 20
27.0
 10
77.0
 20
27.0
 10
77.0
 20
29.2
 10
57.0
 20
29.2
 97
0
 75
0
 76
1
 98
0
  0
LWPOLYLINE
  5
5F5
330
516
100
AcDbEntity
 67
1
  8
G-ANTET
370
18
100
AcDbPolyline
 90
4
 70
1
 10
57.0
 20
27.0
 10
77.0
 20
27.0
 10
77.0
 20
29.2
 10
57.0
 20
29.2
  0
HATCH
  5
5F6
330
516
100
AcDbEntity
 67
1
  8
G-ANTET
 62
7
100
AcDbHatch
 10
0.0
 20
0.0
 30
0.0
210
0.0
220
0.0
230
1.0
  2
SOLID
 70
1
 71
0
 91
1
 92
3
 72
0
 73
1
 93
4
 10
77.0
 20
27.0
 10
97.0
 20
27.0
 10
97.0
 20
29.2
 10
77.0
 20
29.2
 97
0
 75
0
 76
1
 98
0
  0
LWPOLYLINE
  5
5F7
330
516
100
AcDbEntity
 67
1
  8
G-ANTET
370
18
100
AcDbPolyline
 90
4
 70
1
 10
77.0
 20
27.0
 10
97.0
 20
27.0
 10
97.0
 20
29.2
 10
77.0
 20
29.2
  0
HATCH
  5
5F8
330
516
100
AcDbEntity
 67
1
  8
G-ANTET
 62
0
100
AcDbHatch
 10
0.0
 20
0.0
 30
0.0
210
0.0
220
0.0
230
1.0
  2
SOLID
 70
1
 71
0
 91
1
 92
3
 72
0
 73
1
 93
4
 10
97.0
 20
27.0
 10
117.0
 20
27.0
 10
117.0
 20
29.2
 10
97.0
 20
29.2
 97
0
 75
0
 76
1
 98
0
  0
LWPOLYLINE
  5
5F9
330
516
100
AcDbEntity
 67
1
  8
G-ANTET
370
18
100
AcDbPolyline
 90
4
 70
1
 10
97.0
 20
27.0
 10
117.0
 20
27.0
 10
117.0
 20
29.2
 10
97.0
 20
29.2
  0
HATCH
  5
5FA
330
516
100
AcDbEntity
 67
1
  8
G-ANTET
 62
7
100
AcDbHatch
 10
0.0
 20
0.0
 30
0.0
210
0.0
220
0.0
230
1.0
  2
SOLID
 70
1
 71
0
 91
1
 92
3
 72
0
 73
1
 93
4
 10
117.0
 20
27.0
 10
137.0
 20
27.0
 10
137.0
 20
29.2
 10
117.0
 20
29.2
 97
0
 75
0
 76
1
 98
0
  0
LWPOLYLINE
  5
5FB
330
516
100
AcDbEntity
 67
1
  8
G-ANTET
370
18
100
AcDbPolyline
 90
4
 70
1
 10
117.0
 20
27.0
 10
137.0
 20
27.0
 10
137.0
 20
29.2
 10
117.0
 20
29.2
  0
TEXT
  5
5FC
330
516
100
AcDbEntity
 67
1
  8
G-ANTET
100
AcDbText
 10
37.0
 20
23.8
 30
0.0
 40
1.8
  1
0
  7
GYM
 72
1
 11
37.0
 21
23.8
 31
0.0
100
AcDbText
 73
2
  0
TEXT
  5
5FD
330
516
100
AcDbEntity
 67
1
  8
G-ANTET
100
AcDbText
 10
57.0
 20
23.8
 30
0.0
 40
1.8
  1
1
  7
GYM
 72
1
 11
57.0
 21
23.8
 31
0.0
100
AcDbText
 73
2
  0
TEXT
  5
5FE
330
516
100
AcDbEntity
 67
1
  8
G-ANTET
100
AcDbText
 10
77.0
 20
23.8
 30
0.0
 40
1.8
  1
2
  7
GYM
 72
1
 11
77.0
 21
23.8
 31
0.0
100
AcDbText
 73
2
  0
TEXT
  5
5FF
330
516
100
AcDbEntity
 67
1
  8
G-ANTET
100
AcDbText
 10
97.0
 20
23.8
 30
0.0
 40
1.8
  1
3
  7
GYM
 72
1
 11
97.0
 21
23.8
 31
0.0
100
AcDbText
 73
2
  0
TEXT
  5
600
330
516
100
AcDbEntity
 67
1
  8
G-ANTET
100
AcDbText
 10
117.0
 20
23.8
 30
0.0
 40
1.8
  1
4
  7
GYM
 72
1
 11
117.0
 21
23.8
 31
0.0
100
AcDbText
 73
2
  0
TEXT
  5
601
330
516
100
AcDbEntity
 67
1
  8
G-ANTET
100
AcDbText
 10
137.0
 20
23.8
 30
0.0
 40
1.8
  1
5
  7
GYM
 72
1
 11
137.0
 21
23.8
 31
0.0
100
AcDbText
 73
2
  0
TEXT
  5
602
330
516
100
AcDbEntity
 67
1
  8
G-ANTET
100
AcDbText
 10
140.0
 20
28.1
 30
0.0
 40
1.8
  1
m
  7
GYM
 11
140.0
 21
28.1
 31
0.0
100
AcDbText
 73
2
  0
TEXT
  5
603
330
516
100
AcDbEntity
 67
1
  8
G-ANTET
100
AcDbText
 10
37.0
 20
31.0
 30
0.0
 40
1.8
  1
ÖLÇEK 1:50
  7
GYM
 11
37.0
 21
31.0
 31
0.0
100
AcDbText
 73
2
  0
LWPOLYLINE
  5
604
330
516
100
AcDbEntity
 67
1
  8
G-ANTET
 62
1
370
50
100
AcDbPolyline
 90
4
 70
1
 10
573.0
 20
27.0
 10
643.0
 20
27.0
 10
643.0
 20
36.0
 10
573.0
 20
36.0
  0
TEXT
  5
605
330
516
100
AcDbEntity
 67
1
  8
G-ANTET
 62
1
100
AcDbText
 10
608.0
 20
31.5
 30
0.0
 40
1.8
  1
ÖN TASARIM — UYGULAMA İÇİN DEĞİLDİR
  7
GYM
 72
1
 11
608.0
 21
31.5
 31
0.0
100
AcDbText
 73
2
  0
TEXT
  5
606
330
516
100
AcDbEntity
 67
1
  8
G-YAZI
100
AcDbText
 10
31.0
 20
577.2
 30
0.0
 40
1.8
  1
ÖLÇÜ ALINMAZ — YAZILI ÖLÇÜLER GEÇERLİDİR
  7
GYM
 11
31.0
 21
577.2
 31
0.0
100
AcDbText
 73
2
  0
TEXT
  5
607
330
516
100
AcDbEntity
 67
1
  8
G-YAZI
100
AcDbText
 10
651.0
 20
573.0
 30
0.0
 40
3.5
  1
ANAHTAR PLAN
  7
GYM
 11
651.0
 21
573.0
 31
0.0
100
AcDbText
 73
2
  0
LINE
  5
608
330
516
100
AcDbEntity
 67
1
  8
G-YAZI
370
35
100
AcDbLine
 10
651.0
 20
570.6
 30
0.0
 11
831.0
 21
570.6
 31
0.0
  0
LWPOLYLINE
  5
609
330
516
100
AcDbEntity
 67
1
  8
G-ANTET
370
35
100
AcDbPolyline
 90
4
 70
1
 10
651.0
 20
518.0
 10
831.0
 20
518.0
 10
831.0
 20
566.0
 10
651.0
 20
566.0
  0
LWPOLYLINE
  5
60A
330
516
100
AcDbEntity
 67
1
  8
G-ANTET
370
35
100
AcDbPolyline
 90
28
 70
1
 10
757.1062355658198
 20
537.270207852194
 10
758.8029253271748
 20
525.3995381062356
 10
755.3941493456505
 20
525.2209391839876
 10
755.2217090069284
 20
526.7482678983833
 10
754.3471901462664
 20
526.7174749807544
 10
754.4518860662048
 20
525.1347190146266
 10
752.5349479953162
 20
523.6045316071629
 10
752.545804464973
 20
523.5334872979215
 10
750.676674364896
 20
522.0
 10
733.1770592763664
 20
522.0
 10
729.2232486528098
 20
526.788298691301
 10
728.5304080061586
 20
525.3102386451117
 10
724.9799846035412
 20
525.8398768283295
 10
723.1970746728252
 20
543.0623556581986
 10
726.6951501154734
 20
543.342571208622
 10
725.8237105465743
 20
547.7798306389531
 10
742.8799076212471
 20
549.6058506543495
 10
741.1801385681293
 20
560.4880677444188
 10
753.6358737490377
 20
562.0
 10
755.5019245573518
 20
549.008468052348
 10
748.7983063895304
 20
548.0569668976135
 10
749.3267740458115
 20
544.5986953983345
 10
748.8444957659738
 20
548.0015396458814
 10
755.4464973056197
 20
548.9530408006159
 10
757.0569668976135
 20
537.6428021555042
 10
750.53138234719
 20
536.7157861853696
 10
750.5883503174795
 20
536.3429900346829
 10
757.1062355658198
 20
537.270207852194
  0
LWPOLYLINE
  5
60B
330
516
100
AcDbEntity
 67
1
  8
G-ANTET
370
13
100
AcDbPolyline
 90
5
 70
1
 10
755.4464973056197
 20
548.9530408006159
 10
748.8444957659738
 20
548.0015396458814
 10
750.445727482679
 20
536.7036181678214
 10
757.0569668976135
 20
537.6428021555042
 10
755.4464973056197
 20
548.9530408006159
  0
LWPOLYLINE
  5
60C
330
516
100
AcDbEntity
 67
1
  8
G-ANTET
370
13
100
AcDbPolyline
 90
9
 70
1
 10
757.1062355658198
 20
537.270207852194
 10
750.504234026174
 20
536.3310238645112
 10
752.3456505003849
 20
523.4534257120862
 10
754.4518860662048
 20
525.1347190146266
 10
754.3471901462664
 20
526.7174749807544
 10
755.2217090069284
 20
526.7482678983833
 10
755.3941493456505
 20
525.2209391839876
 10
758.8029253271748
 20
525.3995381062356
 10
757.1062355658198
 20
537.270207852194
  0
TEXT
  5
60D
330
516
100
AcDbEntity
 67
1
  8
G-YAZI
100
AcDbText
 10
651.0
 20
514.0
 30
0.0
 40
3.5
  1
LEJANT
  7
GYM
 11
651.0
 21
514.0
 31
0.0
100
AcDbText
 73
2
  0
LINE
  5
60E
330
516
100
AcDbEntity
 67
1
  8
G-YAZI
370
35
100
AcDbLine
 10
651.0
 20
511.6
 30
0.0
 11
831.0
 21
511.6
 31
0.0
  0
LINE
  5
60F
330
516
100
AcDbEntity
 67
1
  8
G-ANTET
  6
Continuous
 62
8
370
35
100
AcDbLine
 10
651.0
 20
507.0
 30
0.0
 11
663.0
 21
507.0
 31
0.0
  0
TEXT
  5
610
330
516
100
AcDbEntity
 67
1
  8
G-YAZI
100
AcDbText
 10
666.0
 20
507.0
 30
0.0
 40
1.8
  1
Mimari — mevcut duvar (korunuyor)
  7
GYM
 11
666.0
 21
507.0
 31
0.0
100
AcDbText
 73
2
  0
LINE
  5
611
330
516
100
AcDbEntity
 67
1
  8
G-ANTET
  6
Continuous
 62
1
370
35
100
AcDbLine
 10
651.0
 20
502.4
 30
0.0
 11
663.0
 21
502.4
 31
0.0
  0
TEXT
  5
612
330
516
100
AcDbEntity
 67
1
  8
G-YAZI
100
AcDbText
 10
666.0
 20
502.4
 30
0.0
 40
1.8
  1
Mimari — yeni alçıpan bölme
  7
GYM
 11
666.0
 21
502.4
 31
0.0
100
AcDbText
 73
2
  0
LINE
  5
613
330
516
100
AcDbEntity
 67
1
  8
G-ANTET
  6
Continuous
 62
5
370
25
100
AcDbLine
 10
651.0
 20
497.79999999999995
 30
0.0
 11
663.0
 21
497.79999999999995
 31
0.0
  0
TEXT
  5
614
330
516
100
AcDbEntity
 67
1
  8
G-YAZI
100
AcDbText
 10
666.0
 20
497.79999999999995
 30
0.0
 40
1.8
  1
Mimari — cephe doğraması
  7
GYM
 11
666.0
 21
497.79999999999995
 31
0.0
100
AcDbText
 73
2
  0
LINE
  5
615
330
516
100
AcDbEntity
 67
1
  8
G-ANTET
  6
Continuous
 62
8
370
18
100
AcDbLine
 10
651.0
 20
493.19999999999993
 30
0.0
 11
663.0
 21
493.19999999999993
 31
0.0
  0
TEXT
  5
616
330
516
100
AcDbEntity
 67
1
  8
G-YAZI
100
AcDbText
 10
666.0
 20
493.19999999999993
 30
0.0
 40
1.8
  1
Mimari — kapı ve açılım
  7
GYM
 11
666.0
 21
493.19999999999993
 31
0.0
100
AcDbText
 73
2
  0
LINE
  5
617
330
516
100
AcDbEntity
 67
1
  8
G-ANTET
  6
Continuous
 62
9
370
18
100
AcDbLine
 10
651.0
 20
488.5999999999999
 30
0.0
 11
663.0
 21
488.5999999999999
 31
0.0
  0
TEXT
  5
618
330
516
100
AcDbEntity
 67
1
  8
G-YAZI
100
AcDbText
 10
666.0
 20
488.5999999999999
 30
0.0
 40
1.8
  1
Mimari — spor ekipmanı (işverence temin)
  7
GYM
 11
666.0
 21
488.5999999999999
 31
0.0
100
AcDbText
 73
2
  0
LINE
  5
619
330
516
100
AcDbEntity
 67
1
  8
G-ANTET
  6
Continuous
 62
9
370
18
100
AcDbLine
 10
651.0
 20
483.9999999999999
 30
0.0
 11
663.0
 21
483.9999999999999
 31
0.0
  0
TEXT
  5
61A
330
516
100
AcDbEntity
 67
1
  8
G-YAZI
100
AcDbText
 10
666.0
 20
483.9999999999999
 30
0.0
 40
1.8
  1
Mimari — sabit mobilya
  7
GYM
 11
666.0
 21
483.9999999999999
 31
0.0
100
AcDbText
 73
2
  0
LINE
  5
61B
330
516
100
AcDbEntity
 67
1
  8
G-ANTET
  6
Continuous
 62
7
370
13
100
AcDbLine
 10
651.0
 20
479.39999999999986
 30
0.0
 11
663.0
 21
479.39999999999986
 31
0.0
  0
TEXT
  5
61C
330
516
100
AcDbEntity
 67
1
  8
G-YAZI
100
AcDbText
 10
666.0
 20
479.39999999999986
 30
0.0
 40
1.8
  1
Mimari — mahal adı ve alan
  7
GYM
 11
666.0
 21
479.39999999999986
 31
0.0
100
AcDbText
 73
2
  0
LINE
  5
61D
330
516
100
AcDbEntity
 67
1
  8
G-ANTET
  6
Continuous
 62
250
370
18
100
AcDbLine
 10
651.0
 20
474.79999999999984
 30
0.0
 11
663.0
 21
474.79999999999984
 31
0.0
  0
TEXT
  5
61E
330
516
100
AcDbEntity
 67
1
  8
G-YAZI
100
AcDbText
 10
666.0
 20
474.79999999999984
 30
0.0
 40
1.8
  1
Mimari — mahal numarası ve kapı kodu balonu
  7
GYM
 11
666.0
 21
474.79999999999984
 31
0.0
100
AcDbText
 73
2
  0
LINE
  5
61F
330
516
100
AcDbEntity
 67
1
  8
G-ANTET
  6
DASHDOT
 62
1
370
35
100
AcDbLine
 10
651.0
 20
470.1999999999998
 30
0.0
 11
663.0
 21
470.1999999999998
 31
0.0
  0
TEXT
  5
620
330
516
100
AcDbEntity
 67
1
  8
G-YAZI
100
AcDbText
 10
666.0
 20
470.1999999999998
 30
0.0
 40
1.8
  1
Mimari — kesit ve görünüş hattı
  7
GYM
 11
666.0
 21
470.1999999999998
 31
0.0
100
AcDbText
 73
2
  0
TEXT
  5
621
330
516
100
AcDbEntity
 67
1
  8
G-YAZI
100
AcDbText
 10
651.0
 20
460.5999999999998
 30
0.0
 40
3.5
  1
GENEL NOTLAR
  7
GYM
 11
651.0
 21
460.5999999999998
 31
0.0
100
AcDbText
 73
2
  0
LINE
  5
622
330
516
100
AcDbEntity
 67
1
  8
G-YAZI
370
35
100
AcDbLine
 10
651.0
 20
458.1999999999998
 30
0.0
 11
831.0
 21
458.1999999999998
 31
0.0
  0
TEXT
  5
623
330
516
100
AcDbEntity
 67
1
  8
G-YAZI
100
AcDbText
 10
651.0
 20
453.5999999999998
 30
0.0
 40
1.8
  1
1. Mahal no, kapi kodu, duvar tipi ve
  7
GYM
 11
651.0
 21
453.5999999999998
 31
0.0
100
AcDbText
 73
2
  0
TEXT
  5
624
330
516
100
AcDbEntity
 67
1
  8
G-YAZI
100
AcDbText
 10
651.0
 20
448.7999999999998
 30
0.0
 40
1.8
  1
2. kesit hatti gosterilmistir.
  7
GYM
 11
651.0
 21
448.7999999999998
 31
0.0
100
AcDbText
 73
2
  0
TEXT
  5
625
330
516
100
AcDbEntity
 67
1
  8
G-YAZI
100
AcDbText
 10
651.0
 20
443.9999999999998
 30
0.0
 40
1.8
  1
3. Tum alcipan bolmeler yapisal doseme
  7
GYM
 11
651.0
 21
443.9999999999998
 31
0.0
100
AcDbText
 73
2
  0
TEXT
  5
626
330
516
100
AcDbEntity
 67
1
  8
G-YAZI
100
AcDbText
 10
651.0
 20
439.19999999999976
 30
0.0
 40
1.8
  1
4. altina (+3,20) kadar yukselir.
  7
GYM
 11
651.0
 21
439.19999999999976
 31
0.0
100
AcDbText
 73
2
  0
ENDBLK
  5
518
330
516
100
AcDbEntity
  8
0
100
AcDbBlockEnd
  0
BLOCK
  5
628
330
627
100
AcDbEntity
  8
0
100
AcDbBlockBegin
  2
*Paper_Space2
 70
0
 10
0.0
 20
0.0
 30
0.0
  3
*Paper_Space2
  1

  0
VIEWPORT
  5
62B
330
627
100
AcDbEntity
 67
1
  8
VIEWPORTS
100
AcDbViewport
 10
420.5
 20
297.0
 30
0.0
 40
925.1
 41
653.4000000000001
 68
1
 69
1
 12
420.5
 22
297.0
 13
0.0
 23
0.0
 14
10.0
 24
10.0
 15
10.0
 25
10.0
 16
0.0
 26
0.0
 36
1.0
 17
0.0
 27
0.0
 37
0.0
 42
50.0
 43
0.0
 44
0.0
 45
653.4000000000001
 50
0.0
 51
0.0
 72
100
 90
557088
  1

281
0
 71
0
 74
0
110
0.0
120
0.0
130
0.0
111
1.0
121
0.0
131
0.0
112
0.0
122
1.0
132
0.0
 79
0
146
0.0
282
0
  0
LWPOLYLINE
  5
62C
330
627
100
AcDbEntity
 67
1
  8
G-CERCEVE
370
13
100
AcDbPolyline
 90
4
 70
1
 10
0.0
 20
0.0
 10
10.0
 20
0.0
 10
10.0
 20
10.0
 10
0.0
 20
10.0
  0
LWPOLYLINE
  5
62D
330
627
100
AcDbEntity
 67
1
  8
G-CERCEVE
370
13
100
AcDbPolyline
 90
4
 70
1
 10
831.0
 20
0.0
 10
841.0
 20
0.0
 10
841.0
 20
10.0
 10
831.0
 20
10.0
  0
LWPOLYLINE
  5
62E
330
627
100
AcDbEntity
 67
1
  8
G-CERCEVE
370
13
100
AcDbPolyline
 90
4
 70
1
 10
831.0
 20
584.0
 10
841.0
 20
584.0
 10
841.0
 20
594.0
 10
831.0
 20
594.0
  0
LWPOLYLINE
  5
62F
330
627
100
AcDbEntity
 67
1
  8
G-CERCEVE
370
13
100
AcDbPolyline
 90
4
 70
1
 10
0.0
 20
584.0
 10
10.0
 20
584.0
 10
10.0
 20
594.0
 10
0.0
 20
594.0
  0
LWPOLYLINE
  5
630
330
627
100
AcDbEntity
 67
1
  8
G-CERCEVE
370
70
100
AcDbPolyline
 90
4
 70
1
 10
20.0
 20
10.0
 10
831.0
 20
10.0
 10
831.0
 20
584.0
 10
20.0
 20
584.0
  0
LWPOLYLINE
  5
631
330
627
100
AcDbEntity
 67
1
  8
G-PAFTA-ZON
370
13
100
AcDbPolyline
 90
4
 70
1
 10
25.0
 20
15.0
 10
826.0
 20
15.0
 10
826.0
 20
579.0
 10
25.0
 20
579.0
  0
TEXT
  5
632
330
627
100
AcDbEntity
 67
1
  8
G-PAFTA-ZON
100
AcDbText
 10
50.03125
 20
12.5
 30
0.0
 40
3.5
  1
1
  7
GYM
 72
1
 11
50.03125
 21
12.5
 31
0.0
100
AcDbText
 73
2
  0
TEXT
  5
633
330
627
100
AcDbEntity
 67
1
  8
G-PAFTA-ZON
100
AcDbText
 10
50.03125
 20
581.5
 30
0.0
 40
3.5
  1
1
  7
GYM
 72
1
 11
50.03125
 21
581.5
 31
0.0
100
AcDbText
 73
2
  0
LINE
  5
634
330
627
100
AcDbEntity
 67
1
  8
G-PAFTA-ZON
370
13
100
AcDbLine
 10
75.0625
 20
10.0
 30
0.0
 11
75.0625
 21
15.0
 31
0.0
  0
LINE
  5
635
330
627
100
AcDbEntity
 67
1
  8
G-PAFTA-ZON
370
13
100
AcDbLine
 10
75.0625
 20
579.0
 30
0.0
 11
75.0625
 21
584.0
 31
0.0
  0
TEXT
  5
636
330
627
100
AcDbEntity
 67
1
  8
G-PAFTA-ZON
100
AcDbText
 10
100.09375
 20
12.5
 30
0.0
 40
3.5
  1
2
  7
GYM
 72
1
 11
100.09375
 21
12.5
 31
0.0
100
AcDbText
 73
2
  0
TEXT
  5
637
330
627
100
AcDbEntity
 67
1
  8
G-PAFTA-ZON
100
AcDbText
 10
100.09375
 20
581.5
 30
0.0
 40
3.5
  1
2
  7
GYM
 72
1
 11
100.09375
 21
581.5
 31
0.0
100
AcDbText
 73
2
  0
LINE
  5
638
330
627
100
AcDbEntity
 67
1
  8
G-PAFTA-ZON
370
13
100
AcDbLine
 10
125.125
 20
10.0
 30
0.0
 11
125.125
 21
15.0
 31
0.0
  0
LINE
  5
639
330
627
100
AcDbEntity
 67
1
  8
G-PAFTA-ZON
370
13
100
AcDbLine
 10
125.125
 20
579.0
 30
0.0
 11
125.125
 21
584.0
 31
0.0
  0
TEXT
  5
63A
330
627
100
AcDbEntity
 67
1
  8
G-PAFTA-ZON
100
AcDbText
 10
150.15625
 20
12.5
 30
0.0
 40
3.5
  1
3
  7
GYM
 72
1
 11
150.15625
 21
12.5
 31
0.0
100
AcDbText
 73
2
  0
TEXT
  5
63B
330
627
100
AcDbEntity
 67
1
  8
G-PAFTA-ZON
100
AcDbText
 10
150.15625
 20
581.5
 30
0.0
 40
3.5
  1
3
  7
GYM
 72
1
 11
150.15625
 21
581.5
 31
0.0
100
AcDbText
 73
2
  0
LINE
  5
63C
330
627
100
AcDbEntity
 67
1
  8
G-PAFTA-ZON
370
13
100
AcDbLine
 10
175.1875
 20
10.0
 30
0.0
 11
175.1875
 21
15.0
 31
0.0
  0
LINE
  5
63D
330
627
100
AcDbEntity
 67
1
  8
G-PAFTA-ZON
370
13
100
AcDbLine
 10
175.1875
 20
579.0
 30
0.0
 11
175.1875
 21
584.0
 31
0.0
  0
TEXT
  5
63E
330
627
100
AcDbEntity
 67
1
  8
G-PAFTA-ZON
100
AcDbText
 10
200.21875
 20
12.5
 30
0.0
 40
3.5
  1
4
  7
GYM
 72
1
 11
200.21875
 21
12.5
 31
0.0
100
AcDbText
 73
2
  0
TEXT
  5
63F
330
627
100
AcDbEntity
 67
1
  8
G-PAFTA-ZON
100
AcDbText
 10
200.21875
 20
581.5
 30
0.0
 40
3.5
  1
4
  7
GYM
 72
1
 11
200.21875
 21
581.5
 31
0.0
100
AcDbText
 73
2
  0
LINE
  5
640
330
627
100
AcDbEntity
 67
1
  8
G-PAFTA-ZON
370
13
100
AcDbLine
 10
225.25
 20
10.0
 30
0.0
 11
225.25
 21
15.0
 31
0.0
  0
LINE
  5
641
330
627
100
AcDbEntity
 67
1
  8
G-PAFTA-ZON
370
13
100
AcDbLine
 10
225.25
 20
579.0
 30
0.0
 11
225.25
 21
584.0
 31
0.0
  0
TEXT
  5
642
330
627
100
AcDbEntity
 67
1
  8
G-PAFTA-ZON
100
AcDbText
 10
250.28125
 20
12.5
 30
0.0
 40
3.5
  1
5
  7
GYM
 72
1
 11
250.28125
 21
12.5
 31
0.0
100
AcDbText
 73
2
  0
TEXT
  5
643
330
627
100
AcDbEntity
 67
1
  8
G-PAFTA-ZON
100
AcDbText
 10
250.28125
 20
581.5
 30
0.0
 40
3.5
  1
5
  7
GYM
 72
1
 11
250.28125
 21
581.5
 31
0.0
100
AcDbText
 73
2
  0
LINE
  5
644
330
627
100
AcDbEntity
 67
1
  8
G-PAFTA-ZON
370
13
100
AcDbLine
 10
275.3125
 20
10.0
 30
0.0
 11
275.3125
 21
15.0
 31
0.0
  0
LINE
  5
645
330
627
100
AcDbEntity
 67
1
  8
G-PAFTA-ZON
370
13
100
AcDbLine
 10
275.3125
 20
579.0
 30
0.0
 11
275.3125
 21
584.0
 31
0.0
  0
TEXT
  5
646
330
627
100
AcDbEntity
 67
1
  8
G-PAFTA-ZON
100
AcDbText
 10
300.34375
 20
12.5
 30
0.0
 40
3.5
  1
6
  7
GYM
 72
1
 11
300.34375
 21
12.5
 31
0.0
100
AcDbText
 73
2
  0
TEXT
  5
647
330
627
100
AcDbEntity
 67
1
  8
G-PAFTA-ZON
100
AcDbText
 10
300.34375
 20
581.5
 30
0.0
 40
3.5
  1
6
  7
GYM
 72
1
 11
300.34375
 21
581.5
 31
0.0
100
AcDbText
 73
2
  0
LINE
  5
648
330
627
100
AcDbEntity
 67
1
  8
G-PAFTA-ZON
370
13
100
AcDbLine
 10
325.375
 20
10.0
 30
0.0
 11
325.375
 21
15.0
 31
0.0
  0
LINE
  5
649
330
627
100
AcDbEntity
 67
1
  8
G-PAFTA-ZON
370
13
100
AcDbLine
 10
325.375
 20
579.0
 30
0.0
 11
325.375
 21
584.0
 31
0.0
  0
TEXT
  5
64A
330
627
100
AcDbEntity
 67
1
  8
G-PAFTA-ZON
100
AcDbText
 10
350.40625
 20
12.5
 30
0.0
 40
3.5
  1
7
  7
GYM
 72
1
 11
350.40625
 21
12.5
 31
0.0
100
AcDbText
 73
2
  0
TEXT
  5
64B
330
627
100
AcDbEntity
 67
1
  8
G-PAFTA-ZON
100
AcDbText
 10
350.40625
 20
581.5
 30
0.0
 40
3.5
  1
7
  7
GYM
 72
1
 11
350.40625
 21
581.5
 31
0.0
100
AcDbText
 73
2
  0
LINE
  5
64C
330
627
100
AcDbEntity
 67
1
  8
G-PAFTA-ZON
370
13
100
AcDbLine
 10
375.4375
 20
10.0
 30
0.0
 11
375.4375
 21
15.0
 31
0.0
  0
LINE
  5
64D
330
627
100
AcDbEntity
 67
1
  8
G-PAFTA-ZON
370
13
100
AcDbLine
 10
375.4375
 20
579.0
 30
0.0
 11
375.4375
 21
584.0
 31
0.0
  0
TEXT
  5
64E
330
627
100
AcDbEntity
 67
1
  8
G-PAFTA-ZON
100
AcDbText
 10
400.46875
 20
12.5
 30
0.0
 40
3.5
  1
8
  7
GYM
 72
1
 11
400.46875
 21
12.5
 31
0.0
100
AcDbText
 73
2
  0
TEXT
  5
64F
330
627
100
AcDbEntity
 67
1
  8
G-PAFTA-ZON
100
AcDbText
 10
400.46875
 20
581.5
 30
0.0
 40
3.5
  1
8
  7
GYM
 72
1
 11
400.46875
 21
581.5
 31
0.0
100
AcDbText
 73
2
  0
LINE
  5
650
330
627
100
AcDbEntity
 67
1
  8
G-PAFTA-ZON
370
13
100
AcDbLine
 10
425.5
 20
10.0
 30
0.0
 11
425.5
 21
15.0
 31
0.0
  0
LINE
  5
651
330
627
100
AcDbEntity
 67
1
  8
G-PAFTA-ZON
370
13
100
AcDbLine
 10
425.5
 20
579.0
 30
0.0
 11
425.5
 21
584.0
 31
0.0
  0
TEXT
  5
652
330
627
100
AcDbEntity
 67
1
  8
G-PAFTA-ZON
100
AcDbText
 10
450.53125
 20
12.5
 30
0.0
 40
3.5
  1
9
  7
GYM
 72
1
 11
450.53125
 21
12.5
 31
0.0
100
AcDbText
 73
2
  0
TEXT
  5
653
330
627
100
AcDbEntity
 67
1
  8
G-PAFTA-ZON
100
AcDbText
 10
450.53125
 20
581.5
 30
0.0
 40
3.5
  1
9
  7
GYM
 72
1
 11
450.53125
 21
581.5
 31
0.0
100
AcDbText
 73
2
  0
LINE
  5
654
330
627
100
AcDbEntity
 67
1
  8
G-PAFTA-ZON
370
13
100
AcDbLine
 10
475.5625
 20
10.0
 30
0.0
 11
475.5625
 21
15.0
 31
0.0
  0
LINE
  5
655
330
627
100
AcDbEntity
 67
1
  8
G-PAFTA-ZON
370
13
100
AcDbLine
 10
475.5625
 20
579.0
 30
0.0
 11
475.5625
 21
584.0
 31
0.0
  0
TEXT
  5
656
330
627
100
AcDbEntity
 67
1
  8
G-PAFTA-ZON
100
AcDbText
 10
500.59375
 20
12.5
 30
0.0
 40
3.5
  1
10
  7
GYM
 72
1
 11
500.59375
 21
12.5
 31
0.0
100
AcDbText
 73
2
  0
TEXT
  5
657
330
627
100
AcDbEntity
 67
1
  8
G-PAFTA-ZON
100
AcDbText
 10
500.59375
 20
581.5
 30
0.0
 40
3.5
  1
10
  7
GYM
 72
1
 11
500.59375
 21
581.5
 31
0.0
100
AcDbText
 73
2
  0
LINE
  5
658
330
627
100
AcDbEntity
 67
1
  8
G-PAFTA-ZON
370
13
100
AcDbLine
 10
525.625
 20
10.0
 30
0.0
 11
525.625
 21
15.0
 31
0.0
  0
LINE
  5
659
330
627
100
AcDbEntity
 67
1
  8
G-PAFTA-ZON
370
13
100
AcDbLine
 10
525.625
 20
579.0
 30
0.0
 11
525.625
 21
584.0
 31
0.0
  0
TEXT
  5
65A
330
627
100
AcDbEntity
 67
1
  8
G-PAFTA-ZON
100
AcDbText
 10
550.65625
 20
12.5
 30
0.0
 40
3.5
  1
11
  7
GYM
 72
1
 11
550.65625
 21
12.5
 31
0.0
100
AcDbText
 73
2
  0
TEXT
  5
65B
330
627
100
AcDbEntity
 67
1
  8
G-PAFTA-ZON
100
AcDbText
 10
550.65625
 20
581.5
 30
0.0
 40
3.5
  1
11
  7
GYM
 72
1
 11
550.65625
 21
581.5
 31
0.0
100
AcDbText
 73
2
  0
LINE
  5
65C
330
627
100
AcDbEntity
 67
1
  8
G-PAFTA-ZON
370
13
100
AcDbLine
 10
575.6875
 20
10.0
 30
0.0
 11
575.6875
 21
15.0
 31
0.0
  0
LINE
  5
65D
330
627
100
AcDbEntity
 67
1
  8
G-PAFTA-ZON
370
13
100
AcDbLine
 10
575.6875
 20
579.0
 30
0.0
 11
575.6875
 21
584.0
 31
0.0
  0
TEXT
  5
65E
330
627
100
AcDbEntity
 67
1
  8
G-PAFTA-ZON
100
AcDbText
 10
600.71875
 20
12.5
 30
0.0
 40
3.5
  1
12
  7
GYM
 72
1
 11
600.71875
 21
12.5
 31
0.0
100
AcDbText
 73
2
  0
TEXT
  5
65F
330
627
100
AcDbEntity
 67
1
  8
G-PAFTA-ZON
100
AcDbText
 10
600.71875
 20
581.5
 30
0.0
 40
3.5
  1
12
  7
GYM
 72
1
 11
600.71875
 21
581.5
 31
0.0
100
AcDbText
 73
2
  0
LINE
  5
660
330
627
100
AcDbEntity
 67
1
  8
G-PAFTA-ZON
370
13
100
AcDbLine
 10
625.75
 20
10.0
 30
0.0
 11
625.75
 21
15.0
 31
0.0
  0
LINE
  5
661
330
627
100
AcDbEntity
 67
1
  8
G-PAFTA-ZON
370
13
100
AcDbLine
 10
625.75
 20
579.0
 30
0.0
 11
625.75
 21
584.0
 31
0.0
  0
TEXT
  5
662
330
627
100
AcDbEntity
 67
1
  8
G-PAFTA-ZON
100
AcDbText
 10
650.78125
 20
12.5
 30
0.0
 40
3.5
  1
13
  7
GYM
 72
1
 11
650.78125
 21
12.5
 31
0.0
100
AcDbText
 73
2
  0
TEXT
  5
663
330
627
100
AcDbEntity
 67
1
  8
G-PAFTA-ZON
100
AcDbText
 10
650.78125
 20
581.5
 30
0.0
 40
3.5
  1
13
  7
GYM
 72
1
 11
650.78125
 21
581.5
 31
0.0
100
AcDbText
 73
2
  0
LINE
  5
664
330
627
100
AcDbEntity
 67
1
  8
G-PAFTA-ZON
370
13
100
AcDbLine
 10
675.8125
 20
10.0
 30
0.0
 11
675.8125
 21
15.0
 31
0.0
  0
LINE
  5
665
330
627
100
AcDbEntity
 67
1
  8
G-PAFTA-ZON
370
13
100
AcDbLine
 10
675.8125
 20
579.0
 30
0.0
 11
675.8125
 21
584.0
 31
0.0
  0
TEXT
  5
666
330
627
100
AcDbEntity
 67
1
  8
G-PAFTA-ZON
100
AcDbText
 10
700.84375
 20
12.5
 30
0.0
 40
3.5
  1
14
  7
GYM
 72
1
 11
700.84375
 21
12.5
 31
0.0
100
AcDbText
 73
2
  0
TEXT
  5
667
330
627
100
AcDbEntity
 67
1
  8
G-PAFTA-ZON
100
AcDbText
 10
700.84375
 20
581.5
 30
0.0
 40
3.5
  1
14
  7
GYM
 72
1
 11
700.84375
 21
581.5
 31
0.0
100
AcDbText
 73
2
  0
LINE
  5
668
330
627
100
AcDbEntity
 67
1
  8
G-PAFTA-ZON
370
13
100
AcDbLine
 10
725.875
 20
10.0
 30
0.0
 11
725.875
 21
15.0
 31
0.0
  0
LINE
  5
669
330
627
100
AcDbEntity
 67
1
  8
G-PAFTA-ZON
370
13
100
AcDbLine
 10
725.875
 20
579.0
 30
0.0
 11
725.875
 21
584.0
 31
0.0
  0
TEXT
  5
66A
330
627
100
AcDbEntity
 67
1
  8
G-PAFTA-ZON
100
AcDbText
 10
750.90625
 20
12.5
 30
0.0
 40
3.5
  1
15
  7
GYM
 72
1
 11
750.90625
 21
12.5
 31
0.0
100
AcDbText
 73
2
  0
TEXT
  5
66B
330
627
100
AcDbEntity
 67
1
  8
G-PAFTA-ZON
100
AcDbText
 10
750.90625
 20
581.5
 30
0.0
 40
3.5
  1
15
  7
GYM
 72
1
 11
750.90625
 21
581.5
 31
0.0
100
AcDbText
 73
2
  0
LINE
  5
66C
330
627
100
AcDbEntity
 67
1
  8
G-PAFTA-ZON
370
13
100
AcDbLine
 10
775.9375
 20
10.0
 30
0.0
 11
775.9375
 21
15.0
 31
0.0
  0
LINE
  5
66D
330
627
100
AcDbEntity
 67
1
  8
G-PAFTA-ZON
370
13
100
AcDbLine
 10
775.9375
 20
579.0
 30
0.0
 11
775.9375
 21
584.0
 31
0.0
  0
TEXT
  5
66E
330
627
100
AcDbEntity
 67
1
  8
G-PAFTA-ZON
100
AcDbText
 10
800.96875
 20
12.5
 30
0.0
 40
3.5
  1
16
  7
GYM
 72
1
 11
800.96875
 21
12.5
 31
0.0
100
AcDbText
 73
2
  0
TEXT
  5
66F
330
627
100
AcDbEntity
 67
1
  8
G-PAFTA-ZON
100
AcDbText
 10
800.96875
 20
581.5
 30
0.0
 40
3.5
  1
16
  7
GYM
 72
1
 11
800.96875
 21
581.5
 31
0.0
100
AcDbText
 73
2
  0
TEXT
  5
670
330
627
100
AcDbEntity
 67
1
  8
G-PAFTA-ZON
100
AcDbText
 10
22.5
 20
40.63636363636364
 30
0.0
 40
3.5
  1
A
  7
GYM
 72
1
 11
22.5
 21
40.63636363636364
 31
0.0
100
AcDbText
 73
2
  0
TEXT
  5
671
330
627
100
AcDbEntity
 67
1
  8
G-PAFTA-ZON
100
AcDbText
 10
828.5
 20
40.63636363636364
 30
0.0
 40
3.5
  1
A
  7
GYM
 72
1
 11
828.5
 21
40.63636363636364
 31
0.0
100
AcDbText
 73
2
  0
LINE
  5
672
330
627
100
AcDbEntity
 67
1
  8
G-PAFTA-ZON
370
13
100
AcDbLine
 10
20.0
 20
66.27272727272728
 30
0.0
 11
25.0
 21
66.27272727272728
 31
0.0
  0
LINE
  5
673
330
627
100
AcDbEntity
 67
1
  8
G-PAFTA-ZON
370
13
100
AcDbLine
 10
826.0
 20
66.27272727272728
 30
0.0
 11
831.0
 21
66.27272727272728
 31
0.0
  0
TEXT
  5
674
330
627
100
AcDbEntity
 67
1
  8
G-PAFTA-ZON
100
AcDbText
 10
22.5
 20
91.90909090909092
 30
0.0
 40
3.5
  1
B
  7
GYM
 72
1
 11
22.5
 21
91.90909090909092
 31
0.0
100
AcDbText
 73
2
  0
TEXT
  5
675
330
627
100
AcDbEntity
 67
1
  8
G-PAFTA-ZON
100
AcDbText
 10
828.5
 20
91.90909090909092
 30
0.0
 40
3.5
  1
B
  7
GYM
 72
1
 11
828.5
 21
91.90909090909092
 31
0.0
100
AcDbText
 73
2
  0
LINE
  5
676
330
627
100
AcDbEntity
 67
1
  8
G-PAFTA-ZON
370
13
100
AcDbLine
 10
20.0
 20
117.54545454545455
 30
0.0
 11
25.0
 21
117.54545454545455
 31
0.0
  0
LINE
  5
677
330
627
100
AcDbEntity
 67
1
  8
G-PAFTA-ZON
370
13
100
AcDbLine
 10
826.0
 20
117.54545454545455
 30
0.0
 11
831.0
 21
117.54545454545455
 31
0.0
  0
TEXT
  5
678
330
627
100
AcDbEntity
 67
1
  8
G-PAFTA-ZON
100
AcDbText
 10
22.5
 20
143.1818181818182
 30
0.0
 40
3.5
  1
C
  7
GYM
 72
1
 11
22.5
 21
143.1818181818182
 31
0.0
100
AcDbText
 73
2
  0
TEXT
  5
679
330
627
100
AcDbEntity
 67
1
  8
G-PAFTA-ZON
100
AcDbText
 10
828.5
 20
143.1818181818182
 30
0.0
 40
3.5
  1
C
  7
GYM
 72
1
 11
828.5
 21
143.1818181818182
 31
0.0
100
AcDbText
 73
2
  0
LINE
  5
67A
330
627
100
AcDbEntity
 67
1
  8
G-PAFTA-ZON
370
13
100
AcDbLine
 10
20.0
 20
168.8181818181818
 30
0.0
 11
25.0
 21
168.8181818181818
 31
0.0
  0
LINE
  5
67B
330
627
100
AcDbEntity
 67
1
  8
G-PAFTA-ZON
370
13
100
AcDbLine
 10
826.0
 20
168.8181818181818
 30
0.0
 11
831.0
 21
168.8181818181818
 31
0.0
  0
TEXT
  5
67C
330
627
100
AcDbEntity
 67
1
  8
G-PAFTA-ZON
100
AcDbText
 10
22.5
 20
194.45454545454544
 30
0.0
 40
3.5
  1
D
  7
GYM
 72
1
 11
22.5
 21
194.45454545454544
 31
0.0
100
AcDbText
 73
2
  0
TEXT
  5
67D
330
627
100
AcDbEntity
 67
1
  8
G-PAFTA-ZON
100
AcDbText
 10
828.5
 20
194.45454545454544
 30
0.0
 40
3.5
  1
D
  7
GYM
 72
1
 11
828.5
 21
194.45454545454544
 31
0.0
100
AcDbText
 73
2
  0
LINE
  5
67E
330
627
100
AcDbEntity
 67
1
  8
G-PAFTA-ZON
370
13
100
AcDbLine
 10
20.0
 20
220.0909090909091
 30
0.0
 11
25.0
 21
220.0909090909091
 31
0.0
  0
LINE
  5
67F
330
627
100
AcDbEntity
 67
1
  8
G-PAFTA-ZON
370
13
100
AcDbLine
 10
826.0
 20
220.0909090909091
 30
0.0
 11
831.0
 21
220.0909090909091
 31
0.0
  0
TEXT
  5
680
330
627
100
AcDbEntity
 67
1
  8
G-PAFTA-ZON
100
AcDbText
 10
22.5
 20
245.72727272727272
 30
0.0
 40
3.5
  1
E
  7
GYM
 72
1
 11
22.5
 21
245.72727272727272
 31
0.0
100
AcDbText
 73
2
  0
TEXT
  5
681
330
627
100
AcDbEntity
 67
1
  8
G-PAFTA-ZON
100
AcDbText
 10
828.5
 20
245.72727272727272
 30
0.0
 40
3.5
  1
E
  7
GYM
 72
1
 11
828.5
 21
245.72727272727272
 31
0.0
100
AcDbText
 73
2
  0
LINE
  5
682
330
627
100
AcDbEntity
 67
1
  8
G-PAFTA-ZON
370
13
100
AcDbLine
 10
20.0
 20
271.3636363636364
 30
0.0
 11
25.0
 21
271.3636363636364
 31
0.0
  0
LINE
  5
683
330
627
100
AcDbEntity
 67
1
  8
G-PAFTA-ZON
370
13
100
AcDbLine
 10
826.0
 20
271.3636363636364
 30
0.0
 11
831.0
 21
271.3636363636364
 31
0.0
  0
TEXT
  5
684
330
627
100
AcDbEntity
 67
1
  8
G-PAFTA-ZON
100
AcDbText
 10
22.5
 20
297.0
 30
0.0
 40
3.5
  1
F
  7
GYM
 72
1
 11
22.5
 21
297.0
 31
0.0
100
AcDbText
 73
2
  0
TEXT
  5
685
330
627
100
AcDbEntity
 67
1
  8
G-PAFTA-ZON
100
AcDbText
 10
828.5
 20
297.0
 30
0.0
 40
3.5
  1
F
  7
GYM
 72
1
 11
828.5
 21
297.0
 31
0.0
100
AcDbText
 73
2
  0
LINE
  5
686
330
627
100
AcDbEntity
 67
1
  8
G-PAFTA-ZON
370
13
100
AcDbLine
 10
20.0
 20
322.6363636363636
 30
0.0
 11
25.0
 21
322.6363636363636
 31
0.0
  0
LINE
  5
687
330
627
100
AcDbEntity
 67
1
  8
G-PAFTA-ZON
370
13
100
AcDbLine
 10
826.0
 20
322.6363636363636
 30
0.0
 11
831.0
 21
322.6363636363636
 31
0.0
  0
TEXT
  5
688
330
627
100
AcDbEntity
 67
1
  8
G-PAFTA-ZON
100
AcDbText
 10
22.5
 20
348.27272727272725
 30
0.0
 40
3.5
  1
G
  7
GYM
 72
1
 11
22.5
 21
348.27272727272725
 31
0.0
100
AcDbText
 73
2
  0
TEXT
  5
689
330
627
100
AcDbEntity
 67
1
  8
G-PAFTA-ZON
100
AcDbText
 10
828.5
 20
348.27272727272725
 30
0.0
 40
3.5
  1
G
  7
GYM
 72
1
 11
828.5
 21
348.27272727272725
 31
0.0
100
AcDbText
 73
2
  0
LINE
  5
68A
330
627
100
AcDbEntity
 67
1
  8
G-PAFTA-ZON
370
13
100
AcDbLine
 10
20.0
 20
373.90909090909093
 30
0.0
 11
25.0
 21
373.90909090909093
 31
0.0
  0
LINE
  5
68B
330
627
100
AcDbEntity
 67
1
  8
G-PAFTA-ZON
370
13
100
AcDbLine
 10
826.0
 20
373.90909090909093
 30
0.0
 11
831.0
 21
373.90909090909093
 31
0.0
  0
TEXT
  5
68C
330
627
100
AcDbEntity
 67
1
  8
G-PAFTA-ZON
100
AcDbText
 10
22.5
 20
399.54545454545456
 30
0.0
 40
3.5
  1
H
  7
GYM
 72
1
 11
22.5
 21
399.54545454545456
 31
0.0
100
AcDbText
 73
2
  0
TEXT
  5
68D
330
627
100
AcDbEntity
 67
1
  8
G-PAFTA-ZON
100
AcDbText
 10
828.5
 20
399.54545454545456
 30
0.0
 40
3.5
  1
H
  7
GYM
 72
1
 11
828.5
 21
399.54545454545456
 31
0.0
100
AcDbText
 73
2
  0
LINE
  5
68E
330
627
100
AcDbEntity
 67
1
  8
G-PAFTA-ZON
370
13
100
AcDbLine
 10
20.0
 20
425.1818181818182
 30
0.0
 11
25.0
 21
425.1818181818182
 31
0.0
  0
LINE
  5
68F
330
627
100
AcDbEntity
 67
1
  8
G-PAFTA-ZON
370
13
100
AcDbLine
 10
826.0
 20
425.1818181818182
 30
0.0
 11
831.0
 21
425.1818181818182
 31
0.0
  0
TEXT
  5
690
330
627
100
AcDbEntity
 67
1
  8
G-PAFTA-ZON
100
AcDbText
 10
22.5
 20
450.8181818181818
 30
0.0
 40
3.5
  1
J
  7
GYM
 72
1
 11
22.5
 21
450.8181818181818
 31
0.0
100
AcDbText
 73
2
  0
TEXT
  5
691
330
627
100
AcDbEntity
 67
1
  8
G-PAFTA-ZON
100
AcDbText
 10
828.5
 20
450.8181818181818
 30
0.0
 40
3.5
  1
J
  7
GYM
 72
1
 11
828.5
 21
450.8181818181818
 31
0.0
100
AcDbText
 73
2
  0
LINE
  5
692
330
627
100
AcDbEntity
 67
1
  8
G-PAFTA-ZON
370
13
100
AcDbLine
 10
20.0
 20
476.45454545454544
 30
0.0
 11
25.0
 21
476.45454545454544
 31
0.0
  0
LINE
  5
693
330
627
100
AcDbEntity
 67
1
  8
G-PAFTA-ZON
370
13
100
AcDbLine
 10
826.0
 20
476.45454545454544
 30
0.0
 11
831.0
 21
476.45454545454544
 31
0.0
  0
TEXT
  5
694
330
627
100
AcDbEntity
 67
1
  8
G-PAFTA-ZON
100
AcDbText
 10
22.5
 20
502.09090909090907
 30
0.0
 40
3.5
  1
K
  7
GYM
 72
1
 11
22.5
 21
502.09090909090907
 31
0.0
100
AcDbText
 73
2
  0
TEXT
  5
695
330
627
100
AcDbEntity
 67
1
  8
G-PAFTA-ZON
100
AcDbText
 10
828.5
 20
502.09090909090907
 30
0.0
 40
3.5
  1
K
  7
GYM
 72
1
 11
828.5
 21
502.09090909090907
 31
0.0
100
AcDbText
 73
2
  0
LINE
  5
696
330
627
100
AcDbEntity
 67
1
  8
G-PAFTA-ZON
370
13
100
AcDbLine
 10
20.0
 20
527.7272727272727
 30
0.0
 11
25.0
 21
527.7272727272727
 31
0.0
  0
LINE
  5
697
330
627
100
AcDbEntity
 67
1
  8
G-PAFTA-ZON
370
13
100
AcDbLine
 10
826.0
 20
527.7272727272727
 30
0.0
 11
831.0
 21
527.7272727272727
 31
0.0
  0
TEXT
  5
698
330
627
100
AcDbEntity
 67
1
  8
G-PAFTA-ZON
100
AcDbText
 10
22.5
 20
553.3636363636364
 30
0.0
 40
3.5
  1
L
  7
GYM
 72
1
 11
22.5
 21
553.3636363636364
 31
0.0
100
AcDbText
 73
2
  0
TEXT
  5
699
330
627
100
AcDbEntity
 67
1
  8
G-PAFTA-ZON
100
AcDbText
 10
828.5
 20
553.3636363636364
 30
0.0
 40
3.5
  1
L
  7
GYM
 72
1
 11
828.5
 21
553.3636363636364
 31
0.0
100
AcDbText
 73
2
  0
LINE
  5
69A
330
627
100
AcDbEntity
 67
1
  8
G-CERCEVE
370
70
100
AcDbLine
 10
420.5
 20
0.0
 30
0.0
 11
420.5
 21
20.0
 31
0.0
  0
LINE
  5
69B
330
627
100
AcDbEntity
 67
1
  8
G-CERCEVE
370
70
100
AcDbLine
 10
420.5
 20
574.0
 30
0.0
 11
420.5
 21
594.0
 31
0.0
  0
LWPOLYLINE
  5
69C
330
627
100
AcDbEntity
 67
1
  8
G-CERCEVE
370
70
100
AcDbPolyline
 90
3
 70
1
 10
420.5
 20
593.0
 10
417.9
 20
586.0
 10
423.1
 20
586.0
  0
LINE
  5
69D
330
627
100
AcDbEntity
 67
1
  8
G-CERCEVE
370
70
100
AcDbLine
 10
0.0
 20
297.0
 30
0.0
 11
30.0
 21
297.0
 31
0.0
  0
LINE
  5
69E
330
627
100
AcDbEntity
 67
1
  8
G-CERCEVE
370
70
100
AcDbLine
 10
821.0
 20
297.0
 30
0.0
 11
841.0
 21
297.0
 31
0.0
  0
LWPOLYLINE
  5
69F
330
627
100
AcDbEntity
 67
1
  8
G-CERCEVE
370
70
100
AcDbPolyline
 90
3
 70
1
 10
1.0
 20
297.0
 10
8.0
 20
294.4
 10
8.0
 20
299.6
  0
TEXT
  5
6A0
330
627
100
AcDbEntity
 67
1
  8
G-CERCEVE
100
AcDbText
 10
829.0
 20
5.0
 30
0.0
 40
2.5
  1
A1
  7
GYM
 72
2
 11
829.0
 21
5.0
 31
0.0
100
AcDbText
 73
2
  0
LWPOLYLINE
  5
6A1
330
627
100
AcDbEntity
 67
1
  8
G-CERCEVE
370
35
100
AcDbPolyline
 90
4
 70
1
 10
450.5
 20
2.0
 10
550.5
 20
2.0
 10
550.5
 20
6.0
 10
450.5
 20
6.0
  0
LINE
  5
6A2
330
627
100
AcDbEntity
 67
1
  8
G-CERCEVE
370
35
100
AcDbLine
 10
450.5
 20
2.0
 30
0.0
 11
450.5
 21
6.0
 31
0.0
  0
LINE
  5
6A3
330
627
100
AcDbEntity
 67
1
  8
G-CERCEVE
370
35
100
AcDbLine
 10
460.5
 20
2.0
 30
0.0
 11
460.5
 21
6.0
 31
0.0
  0
LINE
  5
6A4
330
627
100
AcDbEntity
 67
1
  8
G-CERCEVE
370
35
100
AcDbLine
 10
470.5
 20
2.0
 30
0.0
 11
470.5
 21
6.0
 31
0.0
  0
LINE
  5
6A5
330
627
100
AcDbEntity
 67
1
  8
G-CERCEVE
370
35
100
AcDbLine
 10
480.5
 20
2.0
 30
0.0
 11
480.5
 21
6.0
 31
0.0
  0
LINE
  5
6A6
330
627
100
AcDbEntity
 67
1
  8
G-CERCEVE
370
35
100
AcDbLine
 10
490.5
 20
2.0
 30
0.0
 11
490.5
 21
6.0
 31
0.0
  0
LINE
  5
6A7
330
627
100
AcDbEntity
 67
1
  8
G-CERCEVE
370
35
100
AcDbLine
 10
500.5
 20
2.0
 30
0.0
 11
500.5
 21
6.0
 31
0.0
  0
LINE
  5
6A8
330
627
100
AcDbEntity
 67
1
  8
G-CERCEVE
370
35
100
AcDbLine
 10
510.5
 20
2.0
 30
0.0
 11
510.5
 21
6.0
 31
0.0
  0
LINE
  5
6A9
330
627
100
AcDbEntity
 67
1
  8
G-CERCEVE
370
35
100
AcDbLine
 10
520.5
 20
2.0
 30
0.0
 11
520.5
 21
6.0
 31
0.0
  0
LINE
  5
6AA
330
627
100
AcDbEntity
 67
1
  8
G-CERCEVE
370
35
100
AcDbLine
 10
530.5
 20
2.0
 30
0.0
 11
530.5
 21
6.0
 31
0.0
  0
LINE
  5
6AB
330
627
100
AcDbEntity
 67
1
  8
G-CERCEVE
370
35
100
AcDbLine
 10
540.5
 20
2.0
 30
0.0
 11
540.5
 21
6.0
 31
0.0
  0
LINE
  5
6AC
330
627
100
AcDbEntity
 67
1
  8
G-CERCEVE
370
35
100
AcDbLine
 10
550.5
 20
2.0
 30
0.0
 11
550.5
 21
6.0
 31
0.0
  0
TEXT
  5
6AD
330
627
100
AcDbEntity
 67
1
  8
G-CERCEVE
100
AcDbText
 10
554.5
 20
4.0
 30
0.0
 40
1.8
  1
100 mm
  7
GYM
 11
554.5
 21
4.0
 31
0.0
100
AcDbText
 73
2
  0
LWPOLYLINE
  5
6AE
330
627
100
AcDbEntity
 67
1
  8
G-ANTET
370
100
100
AcDbPolyline
 90
4
 70
1
 10
651.0
 20
15.0
 10
831.0
 20
15.0
 10
831.0
 20
107.0
 10
651.0
 20
107.0
  0
LINE
  5
6AF
330
627
100
AcDbEntity
 67
1
  8
G-ANTET
370
35
100
AcDbLine
 10
651.0
 20
25.0
 30
0.0
 11
831.0
 21
25.0
 31
0.0
  0
LINE
  5
6B0
330
627
100
AcDbEntity
 67
1
  8
G-ANTET
370
35
100
AcDbLine
 10
651.0
 20
35.0
 30
0.0
 11
831.0
 21
35.0
 31
0.0
  0
LINE
  5
6B1
330
627
100
AcDbEntity
 67
1
  8
G-ANTET
370
35
100
AcDbLine
 10
651.0
 20
45.0
 30
0.0
 11
831.0
 21
45.0
 31
0.0
  0
LINE
  5
6B2
330
627
100
AcDbEntity
 67
1
  8
G-ANTET
370
35
100
AcDbLine
 10
651.0
 20
57.0
 30
0.0
 11
831.0
 21
57.0
 31
0.0
  0
LINE
  5
6B3
330
627
100
AcDbEntity
 67
1
  8
G-ANTET
370
35
100
AcDbLine
 10
651.0
 20
69.0
 30
0.0
 11
831.0
 21
69.0
 31
0.0
  0
LINE
  5
6B4
330
627
100
AcDbEntity
 67
1
  8
G-ANTET
370
35
100
AcDbLine
 10
651.0
 20
83.0
 30
0.0
 11
831.0
 21
83.0
 31
0.0
  0
LINE
  5
6B5
330
627
100
AcDbEntity
 67
1
  8
G-ANTET
370
35
100
AcDbLine
 10
711.0
 20
15.0
 30
0.0
 11
711.0
 21
45.0
 31
0.0
  0
LINE
  5
6B6
330
627
100
AcDbEntity
 67
1
  8
G-ANTET
370
35
100
AcDbLine
 10
771.0
 20
15.0
 30
0.0
 11
771.0
 21
45.0
 31
0.0
  0
LINE
  5
6B7
330
627
100
AcDbEntity
 67
1
  8
G-ANTET
370
35
100
AcDbLine
 10
769.0
 20
45.0
 30
0.0
 11
769.0
 21
69.0
 31
0.0
  0
TEXT
  5
6B8
330
627
100
AcDbEntity
 67
1
  8
G-ANTET
100
AcDbText
 10
652.6
 20
103.0
 30
0.0
 40
1.8
  1
İŞVEREN
  7
GYM
 11
652.6
 21
103.0
 31
0.0
100
AcDbText
 73
2
  0
TEXT
  5
6B9
330
627
100
AcDbEntity
 67
1
  8
G-ANTET
100
AcDbText
 10
652.6
 20
98.0
 30
0.0
 40
2.5
  1
ÖZEL — MALTEPE / İDEALTEPE
  7
GYM
 11
652.6
 21
98.0
 31
0.0
100
AcDbText
 73
2
  0
TEXT
  5
6BA
330
627
100
AcDbEntity
 67
1
  8
G-ANTET
100
AcDbText
 10
652.6
 20
93.0
 30
0.0
 40
1.8
  1
PROJE
  7
GYM
 11
652.6
 21
93.0
 31
0.0
100
AcDbText
 73
2
  0
TEXT
  5
6BB
330
627
100
AcDbEntity
 67
1
  8
G-ANTET
100
AcDbText
 10
652.6
 20
87.2
 30
0.0
 40
3.5
  1
MOBİLYA MAĞAZASI → FONKSİYONEL ANTRENMAN STÜDYOSU
  7
GYM
 11
652.6
 21
87.2
 31
0.0
100
AcDbText
 73
2
  0
TEXT
  5
6BC
330
627
100
AcDbEntity
 67
1
  8
G-ANTET
100
AcDbText
 10
652.6
 20
78.0
 30
0.0
 40
1.8
  1
YAPI / MAHAL
  7
GYM
 11
652.6
 21
78.0
 31
0.0
100
AcDbText
 73
2
  0
TEXT
  5
6BD
330
627
100
AcDbEntity
 67
1
  8
G-ANTET
100
AcDbText
 10
652.6
 20
72.0
 30
0.0
 40
2.5
  1
İdealtepe Mah. · zemin kat dükkân · 103,78 m² iç alan
  7
GYM
 11
652.6
 21
72.0
 31
0.0
100
AcDbText
 73
2
  0
TEXT
  5
6BE
330
627
100
AcDbEntity
 67
1
  8
G-ANTET
100
AcDbText
 10
771.4
 20
78.0
 30
0.0
 40
1.8
  1
DİSİPLİN
  7
GYM
 11
771.4
 21
78.0
 31
0.0
100
AcDbText
 73
2
  0
TEXT
  5
6BF
330
627
100
AcDbEntity
 67
1
  8
G-ANTET
100
AcDbText
 10
771.4
 20
72.0
 30
0.0
 40
2.5
  1
MİMARİ
  7
GYM
 11
771.4
 21
72.0
 31
0.0
100
AcDbText
 73
2
  0
LINE
  5
6C0
330
627
100
AcDbEntity
 67
1
  8
G-ANTET
370
35
100
AcDbLine
 10
769.0
 20
69.0
 30
0.0
 11
769.0
 21
83.0
 31
0.0
  0
TEXT
  5
6C1
330
627
100
AcDbEntity
 67
1
  8
G-ANTET
100
AcDbText
 10
652.6
 20
65.0
 30
0.0
 40
1.8
  1
PAFTA ADI
  7
GYM
 11
652.6
 21
65.0
 31
0.0
100
AcDbText
 73
2
  0
TEXT
  5
6C2
330
627
100
AcDbEntity
 67
1
  8
G-ANTET
100
AcDbText
 10
652.6
 20
59.8
 30
0.0
 40
3.5
  1
ZEMİN KAPLAMA PLANI
  7
GYM
 11
652.6
 21
59.8
 31
0.0
100
AcDbText
 73
2
  0
TEXT
  5
6C3
330
627
100
AcDbEntity
 67
1
  8
G-ANTET
100
AcDbText
 10
771.4
 20
59.8
 30
0.0
 40
1.8
  1
Kaplama tipleri · kot · derz yönü
  7
GYM
 11
771.4
 21
59.8
 31
0.0
100
AcDbText
 73
2
  0
TEXT
  5
6C4
330
627
100
AcDbEntity
 67
1
  8
G-ANTET
100
AcDbText
 10
652.6
 20
53.0
 30
0.0
 40
1.8
  1
PROJE MÜELLİFİ · ODA SİCİL NO
  7
GYM
 11
652.6
 21
53.0
 31
0.0
100
AcDbText
 73
2
  0
TEXT
  5
6C5
330
627
100
AcDbEntity
 67
1
  8
G-ANTET
100
AcDbText
 10
652.6
 20
47.8
 30
0.0
 40
2.5
  1
—   Oda sicil no: —
  7
GYM
 11
652.6
 21
47.8
 31
0.0
100
AcDbText
 73
2
  0
TEXT
  5
6C6
330
627
100
AcDbEntity
 67
1
  8
G-ANTET
100
AcDbText
 10
652.6
 20
42.0
 30
0.0
 40
1.8
  1
ÇİZEN
  7
GYM
 11
652.6
 21
42.0
 31
0.0
100
AcDbText
 73
2
  0
TEXT
  5
6C7
330
627
100
AcDbEntity
 67
1
  8
G-ANTET
100
AcDbText
 10
652.6
 20
37.6
 30
0.0
 40
2.5
  1
CC
  7
GYM
 11
652.6
 21
37.6
 31
0.0
100
AcDbText
 73
2
  0
TEXT
  5
6C8
330
627
100
AcDbEntity
 67
1
  8
G-ANTET
100
AcDbText
 10
712.6
 20
42.0
 30
0.0
 40
1.8
  1
KONTROL
  7
GYM
 11
712.6
 21
42.0
 31
0.0
100
AcDbText
 73
2
  0
TEXT
  5
6C9
330
627
100
AcDbEntity
 67
1
  8
G-ANTET
100
AcDbText
 10
712.6
 20
37.6
 30
0.0
 40
2.5
  1
—
  7
GYM
 11
712.6
 21
37.6
 31
0.0
100
AcDbText
 73
2
  0
TEXT
  5
6CA
330
627
100
AcDbEntity
 67
1
  8
G-ANTET
100
AcDbText
 10
772.6
 20
42.0
 30
0.0
 40
1.8
  1
ONAY
  7
GYM
 11
772.6
 21
42.0
 31
0.0
100
AcDbText
 73
2
  0
TEXT
  5
6CB
330
627
100
AcDbEntity
 67
1
  8
G-ANTET
100
AcDbText
 10
772.6
 20
37.6
 30
0.0
 40
2.5
  1
—
  7
GYM
 11
772.6
 21
37.6
 31
0.0
100
AcDbText
 73
2
  0
TEXT
  5
6CC
330
627
100
AcDbEntity
 67
1
  8
G-ANTET
100
AcDbText
 10
652.6
 20
32.0
 30
0.0
 40
1.8
  1
TARİH
  7
GYM
 11
652.6
 21
32.0
 31
0.0
100
AcDbText
 73
2
  0
TEXT
  5
6CD
330
627
100
AcDbEntity
 67
1
  8
G-ANTET
100
AcDbText
 10
652.6
 20
27.6
 30
0.0
 40
2.5
  1
17 Eylül 2026
  7
GYM
 11
652.6
 21
27.6
 31
0.0
100
AcDbText
 73
2
  0
TEXT
  5
6CE
330
627
100
AcDbEntity
 67
1
  8
G-ANTET
100
AcDbText
 10
712.6
 20
32.0
 30
0.0
 40
1.8
  1
ÖLÇEK
  7
GYM
 11
712.6
 21
32.0
 31
0.0
100
AcDbText
 73
2
  0
TEXT
  5
6CF
330
627
100
AcDbEntity
 67
1
  8
G-ANTET
100
AcDbText
 10
712.6
 20
27.6
 30
0.0
 40
3.5
  1
1:50
  7
GYM
 11
712.6
 21
27.6
 31
0.0
100
AcDbText
 73
2
  0
TEXT
  5
6D0
330
627
100
AcDbEntity
 67
1
  8
G-ANTET
100
AcDbText
 10
772.6
 20
32.0
 30
0.0
 40
1.8
  1
BİRİM
  7
GYM
 11
772.6
 21
32.0
 31
0.0
100
AcDbText
 73
2
  0
TEXT
  5
6D1
330
627
100
AcDbEntity
 67
1
  8
G-ANTET
100
AcDbText
 10
772.6
 20
27.6
 30
0.0
 40
2.5
  1
milimetre (mm)
  7
GYM
 11
772.6
 21
27.6
 31
0.0
100
AcDbText
 73
2
  0
TEXT
  5
6D2
330
627
100
AcDbEntity
 67
1
  8
G-ANTET
100
AcDbText
 10
652.6
 20
22.0
 30
0.0
 40
1.8
  1
DURUM
  7
GYM
 11
652.6
 21
22.0
 31
0.0
100
AcDbText
 73
2
  0
TEXT
  5
6D3
330
627
100
AcDbEntity
 67
1
  8
G-ANTET
100
AcDbText
 10
652.6
 20
17.6
 30
0.0
 40
2.5
  1
ÖN TASARIM
  7
GYM
 11
652.6
 21
17.6
 31
0.0
100
AcDbText
 73
2
  0
TEXT
  5
6D4
330
627
100
AcDbEntity
 67
1
  8
G-ANTET
100
AcDbText
 10
712.6
 20
22.0
 30
0.0
 40
1.8
  1
PAFTA NO
  7
GYM
 11
712.6
 21
22.0
 31
0.0
100
AcDbText
 73
2
  0
TEXT
  5
6D5
330
627
100
AcDbEntity
 67
1
  8
G-ANTET
100
AcDbText
 10
712.6
 20
17.6
 30
0.0
 40
5.0
  1
A-03
  7
GYM
 11
712.6
 21
17.6
 31
0.0
100
AcDbText
 73
2
  0
TEXT
  5
6D6
330
627
100
AcDbEntity
 67
1
  8
G-ANTET
100
AcDbText
 10
772.6
 20
22.0
 30
0.0
 40
1.8
  1
REV
  7
GYM
 11
772.6
 21
22.0
 31
0.0
100
AcDbText
 73
2
  0
TEXT
  5
6D7
330
627
100
AcDbEntity
 67
1
  8
G-ANTET
100
AcDbText
 10
772.6
 20
17.6
 30
0.0
 40
5.0
  1
G
  7
GYM
 11
772.6
 21
17.6
 31
0.0
100
AcDbText
 73
2
  0
TEXT
  5
6D8
330
627
100
AcDbEntity
 67
1
  8
G-ANTET
100
AcDbText
 10
801.0
 20
18.0
 30
0.0
 40
1.8
  1
SONRAKİ: A-04
  7
GYM
 11
801.0
 21
18.0
 31
0.0
100
AcDbText
 73
2
  0
LWPOLYLINE
  5
6D9
330
627
100
AcDbEntity
 67
1
  8
G-ANTET
370
50
100
AcDbPolyline
 90
4
 70
1
 10
651.0
 20
107.0
 10
831.0
 20
107.0
 10
831.0
 20
143.0
 10
651.0
 20
143.0
  0
LINE
  5
6DA
330
627
100
AcDbEntity
 67
1
  8
G-ANTET
370
18
100
AcDbLine
 10
651.0
 20
107.0
 30
0.0
 11
831.0
 21
107.0
 31
0.0
  0
LINE
  5
6DB
330
627
100
AcDbEntity
 67
1
  8
G-ANTET
370
18
100
AcDbLine
 10
651.0
 20
113.0
 30
0.0
 11
831.0
 21
113.0
 31
0.0
  0
LINE
  5
6DC
330
627
100
AcDbEntity
 67
1
  8
G-ANTET
370
18
100
AcDbLine
 10
651.0
 20
119.0
 30
0.0
 11
831.0
 21
119.0
 31
0.0
  0
LINE
  5
6DD
330
627
100
AcDbEntity
 67
1
  8
G-ANTET
370
18
100
AcDbLine
 10
651.0
 20
125.0
 30
0.0
 11
831.0
 21
125.0
 31
0.0
  0
LINE
  5
6DE
330
627
100
AcDbEntity
 67
1
  8
G-ANTET
370
18
100
AcDbLine
 10
651.0
 20
131.0
 30
0.0
 11
831.0
 21
131.0
 31
0.0
  0
LINE
  5
6DF
330
627
100
AcDbEntity
 67
1
  8
G-ANTET
370
18
100
AcDbLine
 10
651.0
 20
137.0
 30
0.0
 11
831.0
 21
137.0
 31
0.0
  0
LINE
  5
6E0
330
627
100
AcDbEntity
 67
1
  8
G-ANTET
370
18
100
AcDbLine
 10
663.0
 20
107.0
 30
0.0
 11
663.0
 21
143.0
 31
0.0
  0
LINE
  5
6E1
330
627
100
AcDbEntity
 67
1
  8
G-ANTET
370
18
100
AcDbLine
 10
687.0
 20
107.0
 30
0.0
 11
687.0
 21
143.0
 31
0.0
  0
LINE
  5
6E2
330
627
100
AcDbEntity
 67
1
  8
G-ANTET
370
18
100
AcDbLine
 10
777.0
 20
107.0
 30
0.0
 11
777.0
 21
143.0
 31
0.0
  0
LINE
  5
6E3
330
627
100
AcDbEntity
 67
1
  8
G-ANTET
370
18
100
AcDbLine
 10
795.0
 20
107.0
 30
0.0
 11
795.0
 21
143.0
 31
0.0
  0
LINE
  5
6E4
330
627
100
AcDbEntity
 67
1
  8
G-ANTET
370
18
100
AcDbLine
 10
813.0
 20
107.0
 30
0.0
 11
813.0
 21
143.0
 31
0.0
  0
TEXT
  5
6E5
330
627
100
AcDbEntity
 67
1
  8
G-ANTET
100
AcDbText
 10
652.2
 20
140.0
 30
0.0
 40
1.8
  1
REV
  7
GYM
 11
652.2
 21
140.0
 31
0.0
100
AcDbText
 73
2
  0
TEXT
  5
6E6
330
627
100
AcDbEntity
 67
1
  8
G-ANTET
100
AcDbText
 10
664.2
 20
140.0
 30
0.0
 40
1.8
  1
TARİH
  7
GYM
 11
664.2
 21
140.0
 31
0.0
100
AcDbText
 73
2
  0
TEXT
  5
6E7
330
627
100
AcDbEntity
 67
1
  8
G-ANTET
100
AcDbText
 10
688.2
 20
140.0
 30
0.0
 40
1.8
  1
AÇIKLAMA
  7
GYM
 11
688.2
 21
140.0
 31
0.0
100
AcDbText
 73
2
  0
TEXT
  5
6E8
330
627
100
AcDbEntity
 67
1
  8
G-ANTET
100
AcDbText
 10
778.2
 20
140.0
 30
0.0
 40
1.8
  1
ÇZ
  7
GYM
 11
778.2
 21
140.0
 31
0.0
100
AcDbText
 73
2
  0
TEXT
  5
6E9
330
627
100
AcDbEntity
 67
1
  8
G-ANTET
100
AcDbText
 10
796.2
 20
140.0
 30
0.0
 40
1.8
  1
KT
  7
GYM
 11
796.2
 21
140.0
 31
0.0
100
AcDbText
 73
2
  0
TEXT
  5
6EA
330
627
100
AcDbEntity
 67
1
  8
G-ANTET
100
AcDbText
 10
814.2
 20
140.0
 30
0.0
 40
1.8
  1
ON
  7
GYM
 11
814.2
 21
140.0
 31
0.0
100
AcDbText
 73
2
  0
TEXT
  5
6EB
330
627
100
AcDbEntity
 67
1
  8
G-ANTET
100
AcDbText
 10
652.2
 20
134.0
 30
0.0
 40
1.8
  1
A
  7
GYM
 11
652.2
 21
134.0
 31
0.0
100
AcDbText
 73
2
  0
TEXT
  5
6EC
330
627
100
AcDbEntity
 67
1
  8
G-ANTET
100
AcDbText
 10
664.2
 20
134.0
 30
0.0
 40
1.8
  1
17.09.2026
  7
GYM
 11
664.2
 21
134.0
 31
0.0
100
AcDbText
 73
2
  0
TEXT
  5
6ED
330
627
100
AcDbEntity
 67
1
  8
G-ANTET
100
AcDbText
 10
688.2
 20
134.0
 30
0.0
 40
1.8
  1
İlk yayın — ön tasarım
  7
GYM
 11
688.2
 21
134.0
 31
0.0
100
AcDbText
 73
2
  0
TEXT
  5
6EE
330
627
100
AcDbEntity
 67
1
  8
G-ANTET
100
AcDbText
 10
778.2
 20
134.0
 30
0.0
 40
1.8
  1
CC
  7
GYM
 11
778.2
 21
134.0
 31
0.0
100
AcDbText
 73
2
  0
TEXT
  5
6EF
330
627
100
AcDbEntity
 67
1
  8
G-ANTET
100
AcDbText
 10
796.2
 20
134.0
 30
0.0
 40
1.8
  1
—
  7
GYM
 11
796.2
 21
134.0
 31
0.0
100
AcDbText
 73
2
  0
TEXT
  5
6F0
330
627
100
AcDbEntity
 67
1
  8
G-ANTET
100
AcDbText
 10
814.2
 20
134.0
 30
0.0
 40
1.8
  1
—
  7
GYM
 11
814.2
 21
134.0
 31
0.0
100
AcDbText
 73
2
  0
TEXT
  5
6F1
330
627
100
AcDbEntity
 67
1
  8
G-ANTET
100
AcDbText
 10
652.2
 20
128.0
 30
0.0
 40
1.8
  1
B
  7
GYM
 11
652.2
 21
128.0
 31
0.0
100
AcDbText
 73
2
  0
TEXT
  5
6F2
330
627
100
AcDbEntity
 67
1
  8
G-ANTET
100
AcDbText
 10
664.2
 20
128.0
 30
0.0
 40
1.8
  1
18.09.2026
  7
GYM
 11
664.2
 21
128.0
 31
0.0
100
AcDbText
 73
2
  0
TEXT
  5
6F3
330
627
100
AcDbEntity
 67
1
  8
G-ANTET
100
AcDbText
 10
688.2
 20
128.0
 30
0.0
 40
1.8
  1
Aks sistemi, zincir ölçü, ISO 5457/7200 pafta
  7
GYM
 11
688.2
 21
128.0
 31
0.0
100
AcDbText
 73
2
  0
TEXT
  5
6F4
330
627
100
AcDbEntity
 67
1
  8
G-ANTET
100
AcDbText
 10
778.2
 20
128.0
 30
0.0
 40
1.8
  1
CC
  7
GYM
 11
778.2
 21
128.0
 31
0.0
100
AcDbText
 73
2
  0
TEXT
  5
6F5
330
627
100
AcDbEntity
 67
1
  8
G-ANTET
100
AcDbText
 10
796.2
 20
128.0
 30
0.0
 40
1.8
  1
—
  7
GYM
 11
796.2
 21
128.0
 31
0.0
100
AcDbText
 73
2
  0
TEXT
  5
6F6
330
627
100
AcDbEntity
 67
1
  8
G-ANTET
100
AcDbText
 10
814.2
 20
128.0
 30
0.0
 40
1.8
  1
—
  7
GYM
 11
814.2
 21
128.0
 31
0.0
100
AcDbText
 73
2
  0
TEXT
  5
6F7
330
627
100
AcDbEntity
 67
1
  8
G-ANTET
100
AcDbText
 10
652.2
 20
122.0
 30
0.0
 40
1.8
  1
C
  7
GYM
 11
652.2
 21
122.0
 31
0.0
100
AcDbText
 73
2
  0
TEXT
  5
6F8
330
627
100
AcDbEntity
 67
1
  8
G-ANTET
100
AcDbText
 10
664.2
 20
122.0
 30
0.0
 40
1.8
  1
18.09.2026
  7
GYM
 11
664.2
 21
122.0
 31
0.0
100
AcDbText
 73
2
  0
TEXT
  5
6F9
330
627
100
AcDbEntity
 67
1
  8
G-ANTET
100
AcDbText
 10
688.2
 20
122.0
 30
0.0
 40
1.8
  1
A1 pafta, tekil DXF, ADP tek hat şeması CAD'de
  7
GYM
 11
688.2
 21
122.0
 31
0.0
100
AcDbText
 73
2
  0
TEXT
  5
6FA
330
627
100
AcDbEntity
 67
1
  8
G-ANTET
100
AcDbText
 10
778.2
 20
122.0
 30
0.0
 40
1.8
  1
CC
  7
GYM
 11
778.2
 21
122.0
 31
0.0
100
AcDbText
 73
2
  0
TEXT
  5
6FB
330
627
100
AcDbEntity
 67
1
  8
G-ANTET
100
AcDbText
 10
796.2
 20
122.0
 30
0.0
 40
1.8
  1
—
  7
GYM
 11
796.2
 21
122.0
 31
0.0
100
AcDbText
 73
2
  0
TEXT
  5
6FC
330
627
100
AcDbEntity
 67
1
  8
G-ANTET
100
AcDbText
 10
814.2
 20
122.0
 30
0.0
 40
1.8
  1
—
  7
GYM
 11
814.2
 21
122.0
 31
0.0
100
AcDbText
 73
2
  0
VIEWPORT
  5
6FD
330
627
100
AcDbEntity
 67
1
  8
G-VIEWPORT
100
AcDbViewport
 10
337.0
 20
297.0
 30
0.0
 40
616.0
 41
556.0
 68
1
 69
3
 12
5781.402523373163
 22
6494.971236472614
 13
0.0
 23
0.0
 14
10.0
 24
10.0
 15
10.0
 25
10.0
 16
0.0
 26
0.0
 36
1.0
 17
0.0
 27
0.0
 37
0.0
 42
50.0
 43
0.0
 44
0.0
 45
27800.0
 50
0.0
 51
0.0
 72
100
331
8F
331
90
331
92
331
94
331
98
331
99
331
9A
331
9B
331
9C
331
9D
331
9E
331
9F
331
A0
331
A1
331
A2
331
A3
331
A4
331
A5
331
A6
331
A7
331
A8
331
A9
331
AA
331
AB
331
AC
331
AD
331
AE
331
AF
331
B0
331
B1
331
B2
331
B3
331
B4
331
B5
331
B6
331
B7
331
B8
331
B9
331
BA
331
BB
331
BC
331
BD
331
BE
331
BF
331
C0
331
C1
331
C2
331
C3
331
C4
331
C5
331
C6
331
C7
331
C8
331
C9
331
CA
331
CB
 90
0
  1

281
0
 71
0
 74
0
110
0.0
120
0.0
130
0.0
111
1.0
121
0.0
131
0.0
112
0.0
122
1.0
132
0.0
 79
0
146
0.0
282
0
  0
LWPOLYLINE
  5
6FE
330
627
100
AcDbEntity
 67
1
  8
G-CERCEVE
370
18
100
AcDbPolyline
 90
4
 70
1
 10
29.0
 20
19.0
 10
645.0
 20
19.0
 10
645.0
 20
575.0
 10
29.0
 20
575.0
  0
CIRCLE
  5
6FF
330
627
100
AcDbEntity
 67
1
  8
G-ANTET
370
35
100
AcDbCircle
 10
628.0
 20
558.0
 30
0.0
 40
9.0
  0
LWPOLYLINE
  5
700
330
627
100
AcDbEntity
 67
1
  8
G-ANTET
370
50
100
AcDbPolyline
 90
4
 70
1
 10
628.0
 20
565.74
 10
624.94
 20
553.32
 10
628.0
 20
556.38
 10
631.06
 20
553.32
  0
HATCH
  5
701
330
627
100
AcDbEntity
 67
1
  8
G-ANTET
 62
7
100
AcDbHatch
 10
0.0
 20
0.0
 30
0.0
210
0.0
220
0.0
230
1.0
  2
SOLID
 70
1
 71
0
 91
1
 92
3
 72
0
 73
1
 93
3
 10
628.0
 20
565.74
 10
624.94
 20
553.32
 10
628.0
 20
556.38
 97
0
 75
0
 76
1
 98
0
  0
TEXT
  5
702
330
627
100
AcDbEntity
 67
1
  8
G-ANTET
100
AcDbText
 10
628.0
 20
545.0
 30
0.0
 40
3.5
  1
K
  7
GYM
 72
1
 11
628.0
 21
545.0
 31
0.0
100
AcDbText
 73
2
  0
HATCH
  5
703
330
627
100
AcDbEntity
 67
1
  8
G-ANTET
 62
7
100
AcDbHatch
 10
0.0
 20
0.0
 30
0.0
210
0.0
220
0.0
230
1.0
  2
SOLID
 70
1
 71
0
 91
1
 92
3
 72
0
 73
1
 93
4
 10
37.0
 20
27.0
 10
57.0
 20
27.0
 10
57.0
 20
29.2
 10
37.0
 20
29.2
 97
0
 75
0
 76
1
 98
0
  0
LWPOLYLINE
  5
704
330
627
100
AcDbEntity
 67
1
  8
G-ANTET
370
18
100
AcDbPolyline
 90
4
 70
1
 10
37.0
 20
27.0
 10
57.0
 20
27.0
 10
57.0
 20
29.2
 10
37.0
 20
29.2
  0
HATCH
  5
705
330
627
100
AcDbEntity
 67
1
  8
G-ANTET
 62
0
100
AcDbHatch
 10
0.0
 20
0.0
 30
0.0
210
0.0
220
0.0
230
1.0
  2
SOLID
 70
1
 71
0
 91
1
 92
3
 72
0
 73
1
 93
4
 10
57.0
 20
27.0
 10
77.0
 20
27.0
 10
77.0
 20
29.2
 10
57.0
 20
29.2
 97
0
 75
0
 76
1
 98
0
  0
LWPOLYLINE
  5
706
330
627
100
AcDbEntity
 67
1
  8
G-ANTET
370
18
100
AcDbPolyline
 90
4
 70
1
 10
57.0
 20
27.0
 10
77.0
 20
27.0
 10
77.0
 20
29.2
 10
57.0
 20
29.2
  0
HATCH
  5
707
330
627
100
AcDbEntity
 67
1
  8
G-ANTET
 62
7
100
AcDbHatch
 10
0.0
 20
0.0
 30
0.0
210
0.0
220
0.0
230
1.0
  2
SOLID
 70
1
 71
0
 91
1
 92
3
 72
0
 73
1
 93
4
 10
77.0
 20
27.0
 10
97.0
 20
27.0
 10
97.0
 20
29.2
 10
77.0
 20
29.2
 97
0
 75
0
 76
1
 98
0
  0
LWPOLYLINE
  5
708
330
627
100
AcDbEntity
 67
1
  8
G-ANTET
370
18
100
AcDbPolyline
 90
4
 70
1
 10
77.0
 20
27.0
 10
97.0
 20
27.0
 10
97.0
 20
29.2
 10
77.0
 20
29.2
  0
HATCH
  5
709
330
627
100
AcDbEntity
 67
1
  8
G-ANTET
 62
0
100
AcDbHatch
 10
0.0
 20
0.0
 30
0.0
210
0.0
220
0.0
230
1.0
  2
SOLID
 70
1
 71
0
 91
1
 92
3
 72
0
 73
1
 93
4
 10
97.0
 20
27.0
 10
117.0
 20
27.0
 10
117.0
 20
29.2
 10
97.0
 20
29.2
 97
0
 75
0
 76
1
 98
0
  0
LWPOLYLINE
  5
70A
330
627
100
AcDbEntity
 67
1
  8
G-ANTET
370
18
100
AcDbPolyline
 90
4
 70
1
 10
97.0
 20
27.0
 10
117.0
 20
27.0
 10
117.0
 20
29.2
 10
97.0
 20
29.2
  0
HATCH
  5
70B
330
627
100
AcDbEntity
 67
1
  8
G-ANTET
 62
7
100
AcDbHatch
 10
0.0
 20
0.0
 30
0.0
210
0.0
220
0.0
230
1.0
  2
SOLID
 70
1
 71
0
 91
1
 92
3
 72
0
 73
1
 93
4
 10
117.0
 20
27.0
 10
137.0
 20
27.0
 10
137.0
 20
29.2
 10
117.0
 20
29.2
 97
0
 75
0
 76
1
 98
0
  0
LWPOLYLINE
  5
70C
330
627
100
AcDbEntity
 67
1
  8
G-ANTET
370
18
100
AcDbPolyline
 90
4
 70
1
 10
117.0
 20
27.0
 10
137.0
 20
27.0
 10
137.0
 20
29.2
 10
117.0
 20
29.2
  0
TEXT
  5
70D
330
627
100
AcDbEntity
 67
1
  8
G-ANTET
100
AcDbText
 10
37.0
 20
23.8
 30
0.0
 40
1.8
  1
0
  7
GYM
 72
1
 11
37.0
 21
23.8
 31
0.0
100
AcDbText
 73
2
  0
TEXT
  5
70E
330
627
100
AcDbEntity
 67
1
  8
G-ANTET
100
AcDbText
 10
57.0
 20
23.8
 30
0.0
 40
1.8
  1
1
  7
GYM
 72
1
 11
57.0
 21
23.8
 31
0.0
100
AcDbText
 73
2
  0
TEXT
  5
70F
330
627
100
AcDbEntity
 67
1
  8
G-ANTET
100
AcDbText
 10
77.0
 20
23.8
 30
0.0
 40
1.8
  1
2
  7
GYM
 72
1
 11
77.0
 21
23.8
 31
0.0
100
AcDbText
 73
2
  0
TEXT
  5
710
330
627
100
AcDbEntity
 67
1
  8
G-ANTET
100
AcDbText
 10
97.0
 20
23.8
 30
0.0
 40
1.8
  1
3
  7
GYM
 72
1
 11
97.0
 21
23.8
 31
0.0
100
AcDbText
 73
2
  0
TEXT
  5
711
330
627
100
AcDbEntity
 67
1
  8
G-ANTET
100
AcDbText
 10
117.0
 20
23.8
 30
0.0
 40
1.8
  1
4
  7
GYM
 72
1
 11
117.0
 21
23.8
 31
0.0
100
AcDbText
 73
2
  0
TEXT
  5
712
330
627
100
AcDbEntity
 67
1
  8
G-ANTET
100
AcDbText
 10
137.0
 20
23.8
 30
0.0
 40
1.8
  1
5
  7
GYM
 72
1
 11
137.0
 21
23.8
 31
0.0
100
AcDbText
 73
2
  0
TEXT
  5
713
330
627
100
AcDbEntity
 67
1
  8
G-ANTET
100
AcDbText
 10
140.0
 20
28.1
 30
0.0
 40
1.8
  1
m
  7
GYM
 11
140.0
 21
28.1
 31
0.0
100
AcDbText
 73
2
  0
TEXT
  5
714
330
627
100
AcDbEntity
 67
1
  8
G-ANTET
100
AcDbText
 10
37.0
 20
31.0
 30
0.0
 40
1.8
  1
ÖLÇEK 1:50
  7
GYM
 11
37.0
 21
31.0
 31
0.0
100
AcDbText
 73
2
  0
LWPOLYLINE
  5
715
330
627
100
AcDbEntity
 67
1
  8
G-ANTET
 62
1
370
50
100
AcDbPolyline
 90
4
 70
1
 10
573.0
 20
27.0
 10
643.0
 20
27.0
 10
643.0
 20
36.0
 10
573.0
 20
36.0
  0
TEXT
  5
716
330
627
100
AcDbEntity
 67
1
  8
G-ANTET
 62
1
100
AcDbText
 10
608.0
 20
31.5
 30
0.0
 40
1.8
  1
ÖN TASARIM — UYGULAMA İÇİN DEĞİLDİR
  7
GYM
 72
1
 11
608.0
 21
31.5
 31
0.0
100
AcDbText
 73
2
  0
TEXT
  5
717
330
627
100
AcDbEntity
 67
1
  8
G-YAZI
100
AcDbText
 10
31.0
 20
577.2
 30
0.0
 40
1.8
  1
ÖLÇÜ ALINMAZ — YAZILI ÖLÇÜLER GEÇERLİDİR
  7
GYM
 11
31.0
 21
577.2
 31
0.0
100
AcDbText
 73
2
  0
TEXT
  5
718
330
627
100
AcDbEntity
 67
1
  8
G-YAZI
100
AcDbText
 10
651.0
 20
573.0
 30
0.0
 40
3.5
  1
ANAHTAR PLAN
  7
GYM
 11
651.0
 21
573.0
 31
0.0
100
AcDbText
 73
2
  0
LINE
  5
719
330
627
100
AcDbEntity
 67
1
  8
G-YAZI
370
35
100
AcDbLine
 10
651.0
 20
570.6
 30
0.0
 11
831.0
 21
570.6
 31
0.0
  0
LWPOLYLINE
  5
71A
330
627
100
AcDbEntity
 67
1
  8
G-ANTET
370
35
100
AcDbPolyline
 90
4
 70
1
 10
651.0
 20
518.0
 10
831.0
 20
518.0
 10
831.0
 20
566.0
 10
651.0
 20
566.0
  0
LWPOLYLINE
  5
71B
330
627
100
AcDbEntity
 67
1
  8
G-ANTET
370
35
100
AcDbPolyline
 90
28
 70
1
 10
757.1062355658198
 20
537.270207852194
 10
758.8029253271748
 20
525.3995381062356
 10
755.3941493456505
 20
525.2209391839876
 10
755.2217090069284
 20
526.7482678983833
 10
754.3471901462664
 20
526.7174749807544
 10
754.4518860662048
 20
525.1347190146266
 10
752.5349479953162
 20
523.6045316071629
 10
752.545804464973
 20
523.5334872979215
 10
750.676674364896
 20
522.0
 10
733.1770592763664
 20
522.0
 10
729.2232486528098
 20
526.788298691301
 10
728.5304080061586
 20
525.3102386451117
 10
724.9799846035412
 20
525.8398768283295
 10
723.1970746728252
 20
543.0623556581986
 10
726.6951501154734
 20
543.342571208622
 10
725.8237105465743
 20
547.7798306389531
 10
742.8799076212471
 20
549.6058506543495
 10
741.1801385681293
 20
560.4880677444188
 10
753.6358737490377
 20
562.0
 10
755.5019245573518
 20
549.008468052348
 10
748.7983063895304
 20
548.0569668976135
 10
749.3267740458115
 20
544.5986953983345
 10
748.8444957659738
 20
548.0015396458814
 10
755.4464973056197
 20
548.9530408006159
 10
757.0569668976135
 20
537.6428021555042
 10
750.53138234719
 20
536.7157861853696
 10
750.5883503174795
 20
536.3429900346829
 10
757.1062355658198
 20
537.270207852194
  0
LWPOLYLINE
  5
71C
330
627
100
AcDbEntity
 67
1
  8
G-ANTET
370
13
100
AcDbPolyline
 90
5
 70
1
 10
755.4464973056197
 20
548.9530408006159
 10
748.8444957659738
 20
548.0015396458814
 10
750.445727482679
 20
536.7036181678214
 10
757.0569668976135
 20
537.6428021555042
 10
755.4464973056197
 20
548.9530408006159
  0
LWPOLYLINE
  5
71D
330
627
100
AcDbEntity
 67
1
  8
G-ANTET
370
13
100
AcDbPolyline
 90
9
 70
1
 10
757.1062355658198
 20
537.270207852194
 10
750.504234026174
 20
536.3310238645112
 10
752.3456505003849
 20
523.4534257120862
 10
754.4518860662048
 20
525.1347190146266
 10
754.3471901462664
 20
526.7174749807544
 10
755.2217090069284
 20
526.7482678983833
 10
755.3941493456505
 20
525.2209391839876
 10
758.8029253271748
 20
525.3995381062356
 10
757.1062355658198
 20
537.270207852194
  0
TEXT
  5
71E
330
627
100
AcDbEntity
 67
1
  8
G-YAZI
100
AcDbText
 10
651.0
 20
514.0
 30
0.0
 40
3.5
  1
LEJANT
  7
GYM
 11
651.0
 21
514.0
 31
0.0
100
AcDbText
 73
2
  0
LINE
  5
71F
330
627
100
AcDbEntity
 67
1
  8
G-YAZI
370
35
100
AcDbLine
 10
651.0
 20
511.6
 30
0.0
 11
831.0
 21
511.6
 31
0.0
  0
LINE
  5
720
330
627
100
AcDbEntity
 67
1
  8
G-ANTET
  6
Continuous
 62
8
370
35
100
AcDbLine
 10
651.0
 20
507.0
 30
0.0
 11
663.0
 21
507.0
 31
0.0
  0
TEXT
  5
721
330
627
100
AcDbEntity
 67
1
  8
G-YAZI
100
AcDbText
 10
666.0
 20
507.0
 30
0.0
 40
1.8
  1
Mimari — mevcut duvar (korunuyor)
  7
GYM
 11
666.0
 21
507.0
 31
0.0
100
AcDbText
 73
2
  0
LINE
  5
722
330
627
100
AcDbEntity
 67
1
  8
G-ANTET
  6
Continuous
 62
1
370
35
100
AcDbLine
 10
651.0
 20
502.4
 30
0.0
 11
663.0
 21
502.4
 31
0.0
  0
TEXT
  5
723
330
627
100
AcDbEntity
 67
1
  8
G-YAZI
100
AcDbText
 10
666.0
 20
502.4
 30
0.0
 40
1.8
  1
Mimari — yeni alçıpan bölme
  7
GYM
 11
666.0
 21
502.4
 31
0.0
100
AcDbText
 73
2
  0
LINE
  5
724
330
627
100
AcDbEntity
 67
1
  8
G-ANTET
  6
Continuous
 62
5
370
25
100
AcDbLine
 10
651.0
 20
497.79999999999995
 30
0.0
 11
663.0
 21
497.79999999999995
 31
0.0
  0
TEXT
  5
725
330
627
100
AcDbEntity
 67
1
  8
G-YAZI
100
AcDbText
 10
666.0
 20
497.79999999999995
 30
0.0
 40
1.8
  1
Mimari — cephe doğraması
  7
GYM
 11
666.0
 21
497.79999999999995
 31
0.0
100
AcDbText
 73
2
  0
LINE
  5
726
330
627
100
AcDbEntity
 67
1
  8
G-ANTET
  6
Continuous
 62
8
370
18
100
AcDbLine
 10
651.0
 20
493.19999999999993
 30
0.0
 11
663.0
 21
493.19999999999993
 31
0.0
  0
TEXT
  5
727
330
627
100
AcDbEntity
 67
1
  8
G-YAZI
100
AcDbText
 10
666.0
 20
493.19999999999993
 30
0.0
 40
1.8
  1
Mimari — kapı ve açılım
  7
GYM
 11
666.0
 21
493.19999999999993
 31
0.0
100
AcDbText
 73
2
  0
LINE
  5
728
330
627
100
AcDbEntity
 67
1
  8
G-ANTET
  6
Continuous
 62
250
370
18
100
AcDbLine
 10
651.0
 20
488.5999999999999
 30
0.0
 11
663.0
 21
488.5999999999999
 31
0.0
  0
TEXT
  5
729
330
627
100
AcDbEntity
 67
1
  8
G-YAZI
100
AcDbText
 10
666.0
 20
488.5999999999999
 30
0.0
 40
1.8
  1
Mimari — mahal numarası ve kapı kodu balonu
  7
GYM
 11
666.0
 21
488.5999999999999
 31
0.0
100
AcDbText
 73
2
  0
LINE
  5
72A
330
627
100
AcDbEntity
 67
1
  8
G-ANTET
  6
Continuous
 62
30
370
25
100
AcDbLine
 10
651.0
 20
483.9999999999999
 30
0.0
 11
663.0
 21
483.9999999999999
 31
0.0
  0
TEXT
  5
72B
330
627
100
AcDbEntity
 67
1
  8
G-YAZI
100
AcDbText
 10
666.0
 20
483.9999999999999
 30
0.0
 40
1.8
  1
Mimari — zemin kaplama tipi sınırı
  7
GYM
 11
666.0
 21
483.9999999999999
 31
0.0
100
AcDbText
 73
2
  0
LINE
  5
72C
330
627
100
AcDbEntity
 67
1
  8
G-ANTET
  6
Continuous
 62
30
370
13
100
AcDbLine
 10
651.0
 20
479.39999999999986
 30
0.0
 11
663.0
 21
479.39999999999986
 31
0.0
  0
TEXT
  5
72D
330
627
100
AcDbEntity
 67
1
  8
G-YAZI
100
AcDbText
 10
666.0
 20
479.39999999999986
 30
0.0
 40
1.8
  1
Mimari — zemin kaplama tipi ve kotu
  7
GYM
 11
666.0
 21
479.39999999999986
 31
0.0
100
AcDbText
 73
2
  0
LINE
  5
72E
330
627
100
AcDbEntity
 67
1
  8
G-ANTET
  6
Continuous
 62
253
370
13
100
AcDbLine
 10
651.0
 20
474.79999999999984
 30
0.0
 11
663.0
 21
474.79999999999984
 31
0.0
  0
TEXT
  5
72F
330
627
100
AcDbEntity
 67
1
  8
G-YAZI
100
AcDbText
 10
666.0
 20
474.79999999999984
 30
0.0
 40
1.8
  1
Mimari — kauçuk karo derz ızgarası
  7
GYM
 11
666.0
 21
474.79999999999984
 31
0.0
100
AcDbText
 73
2
  0
TEXT
  5
730
330
627
100
AcDbEntity
 67
1
  8
G-YAZI
100
AcDbText
 10
651.0
 20
465.1999999999998
 30
0.0
 40
3.5
  1
GENEL NOTLAR
  7
GYM
 11
651.0
 21
465.1999999999998
 31
0.0
100
AcDbText
 73
2
  0
LINE
  5
731
330
627
100
AcDbEntity
 67
1
  8
G-YAZI
370
35
100
AcDbLine
 10
651.0
 20
462.79999999999984
 30
0.0
 11
831.0
 21
462.79999999999984
 31
0.0
  0
TEXT
  5
732
330
627
100
AcDbEntity
 67
1
  8
G-YAZI
100
AcDbText
 10
651.0
 20
458.1999999999998
 30
0.0
 40
1.8
  1
1. Bitmis zemin kotu tum kuru hacimde
  7
GYM
 11
651.0
 21
458.1999999999998
 31
0.0
100
AcDbText
 73
2
  0
TEXT
  5
733
330
627
100
AcDbEntity
 67
1
  8
G-YAZI
100
AcDbText
 10
651.0
 20
453.3999999999998
 30
0.0
 40
1.8
  1
2. +/-0,00; dus ve WC -0,02.
  7
GYM
 11
651.0
 21
453.3999999999998
 31
0.0
100
AcDbText
 73
2
  0
TEXT
  5
734
330
627
100
AcDbEntity
 67
1
  8
G-YAZI
100
AcDbText
 10
651.0
 20
448.5999999999998
 30
0.0
 40
1.8
  1
3. Tesviye sapi kalinliklari farklidir
  7
GYM
 11
651.0
 21
448.5999999999998
 31
0.0
100
AcDbText
 73
2
  0
TEXT
  5
735
330
627
100
AcDbEntity
 67
1
  8
G-YAZI
100
AcDbText
 10
651.0
 20
443.7999999999998
 30
0.0
 40
1.8
  1
4. (Z1:3 Z2:30 Z3:42 Z5:38 mm).
  7
GYM
 11
651.0
 21
443.7999999999998
 31
0.0
100
AcDbText
 73
2
  0
TEXT
  5
736
330
627
100
AcDbEntity
 67
1
  8
G-YAZI
100
AcDbText
 10
651.0
 20
438.9999999999998
 30
0.0
 40
1.8
  1
5. Kaucuk karo derzi 1000x1000 mm.
  7
GYM
 11
651.0
 21
438.9999999999998
 31
0.0
100
AcDbText
 73
2
  0
ENDBLK
  5
629
330
627
100
AcDbEntity
  8
0
100
AcDbBlockEnd
  0
BLOCK
  5
738
330
737
100
AcDbEntity
  8
0
100
AcDbBlockBegin
  2
*Paper_Space3
 70
0
 10
0.0
 20
0.0
 30
0.0
  3
*Paper_Space3
  1

  0
VIEWPORT
  5
73B
330
737
100
AcDbEntity
 67
1
  8
VIEWPORTS
100
AcDbViewport
 10
420.5
 20
297.0
 30
0.0
 40
925.1
 41
653.4000000000001
 68
1
 69
1
 12
420.5
 22
297.0
 13
0.0
 23
0.0
 14
10.0
 24
10.0
 15
10.0
 25
10.0
 16
0.0
 26
0.0
 36
1.0
 17
0.0
 27
0.0
 37
0.0
 42
50.0
 43
0.0
 44
0.0
 45
653.4000000000001
 50
0.0
 51
0.0
 72
100
 90
557088
  1

281
0
 71
0
 74
0
110
0.0
120
0.0
130
0.0
111
1.0
121
0.0
131
0.0
112
0.0
122
1.0
132
0.0
 79
0
146
0.0
282
0
  0
LWPOLYLINE
  5
73C
330
737
100
AcDbEntity
 67
1
  8
G-CERCEVE
370
13
100
AcDbPolyline
 90
4
 70
1
 10
0.0
 20
0.0
 10
10.0
 20
0.0
 10
10.0
 20
10.0
 10
0.0
 20
10.0
  0
LWPOLYLINE
  5
73D
330
737
100
AcDbEntity
 67
1
  8
G-CERCEVE
370
13
100
AcDbPolyline
 90
4
 70
1
 10
831.0
 20
0.0
 10
841.0
 20
0.0
 10
841.0
 20
10.0
 10
831.0
 20
10.0
  0
LWPOLYLINE
  5
73E
330
737
100
AcDbEntity
 67
1
  8
G-CERCEVE
370
13
100
AcDbPolyline
 90
4
 70
1
 10
831.0
 20
584.0
 10
841.0
 20
584.0
 10
841.0
 20
594.0
 10
831.0
 20
594.0
  0
LWPOLYLINE
  5
73F
330
737
100
AcDbEntity
 67
1
  8
G-CERCEVE
370
13
100
AcDbPolyline
 90
4
 70
1
 10
0.0
 20
584.0
 10
10.0
 20
584.0
 10
10.0
 20
594.0
 10
0.0
 20
594.0
  0
LWPOLYLINE
  5
740
330
737
100
AcDbEntity
 67
1
  8
G-CERCEVE
370
70
100
AcDbPolyline
 90
4
 70
1
 10
20.0
 20
10.0
 10
831.0
 20
10.0
 10
831.0
 20
584.0
 10
20.0
 20
584.0
  0
LWPOLYLINE
  5
741
330
737
100
AcDbEntity
 67
1
  8
G-PAFTA-ZON
370
13
100
AcDbPolyline
 90
4
 70
1
 10
25.0
 20
15.0
 10
826.0
 20
15.0
 10
826.0
 20
579.0
 10
25.0
 20
579.0
  0
TEXT
  5
742
330
737
100
AcDbEntity
 67
1
  8
G-PAFTA-ZON
100
AcDbText
 10
50.03125
 20
12.5
 30
0.0
 40
3.5
  1
1
  7
GYM
 72
1
 11
50.03125
 21
12.5
 31
0.0
100
AcDbText
 73
2
  0
TEXT
  5
743
330
737
100
AcDbEntity
 67
1
  8
G-PAFTA-ZON
100
AcDbText
 10
50.03125
 20
581.5
 30
0.0
 40
3.5
  1
1
  7
GYM
 72
1
 11
50.03125
 21
581.5
 31
0.0
100
AcDbText
 73
2
  0
LINE
  5
744
330
737
100
AcDbEntity
 67
1
  8
G-PAFTA-ZON
370
13
100
AcDbLine
 10
75.0625
 20
10.0
 30
0.0
 11
75.0625
 21
15.0
 31
0.0
  0
LINE
  5
745
330
737
100
AcDbEntity
 67
1
  8
G-PAFTA-ZON
370
13
100
AcDbLine
 10
75.0625
 20
579.0
 30
0.0
 11
75.0625
 21
584.0
 31
0.0
  0
TEXT
  5
746
330
737
100
AcDbEntity
 67
1
  8
G-PAFTA-ZON
100
AcDbText
 10
100.09375
 20
12.5
 30
0.0
 40
3.5
  1
2
  7
GYM
 72
1
 11
100.09375
 21
12.5
 31
0.0
100
AcDbText
 73
2
  0
TEXT
  5
747
330
737
100
AcDbEntity
 67
1
  8
G-PAFTA-ZON
100
AcDbText
 10
100.09375
 20
581.5
 30
0.0
 40
3.5
  1
2
  7
GYM
 72
1
 11
100.09375
 21
581.5
 31
0.0
100
AcDbText
 73
2
  0
LINE
  5
748
330
737
100
AcDbEntity
 67
1
  8
G-PAFTA-ZON
370
13
100
AcDbLine
 10
125.125
 20
10.0
 30
0.0
 11
125.125
 21
15.0
 31
0.0
  0
LINE
  5
749
330
737
100
AcDbEntity
 67
1
  8
G-PAFTA-ZON
370
13
100
AcDbLine
 10
125.125
 20
579.0
 30
0.0
 11
125.125
 21
584.0
 31
0.0
  0
TEXT
  5
74A
330
737
100
AcDbEntity
 67
1
  8
G-PAFTA-ZON
100
AcDbText
 10
150.15625
 20
12.5
 30
0.0
 40
3.5
  1
3
  7
GYM
 72
1
 11
150.15625
 21
12.5
 31
0.0
100
AcDbText
 73
2
  0
TEXT
  5
74B
330
737
100
AcDbEntity
 67
1
  8
G-PAFTA-ZON
100
AcDbText
 10
150.15625
 20
581.5
 30
0.0
 40
3.5
  1
3
  7
GYM
 72
1
 11
150.15625
 21
581.5
 31
0.0
100
AcDbText
 73
2
  0
LINE
  5
74C
330
737
100
AcDbEntity
 67
1
  8
G-PAFTA-ZON
370
13
100
AcDbLine
 10
175.1875
 20
10.0
 30
0.0
 11
175.1875
 21
15.0
 31
0.0
  0
LINE
  5
74D
330
737
100
AcDbEntity
 67
1
  8
G-PAFTA-ZON
370
13
100
AcDbLine
 10
175.1875
 20
579.0
 30
0.0
 11
175.1875
 21
584.0
 31
0.0
  0
TEXT
  5
74E
330
737
100
AcDbEntity
 67
1
  8
G-PAFTA-ZON
100
AcDbText
 10
200.21875
 20
12.5
 30
0.0
 40
3.5
  1
4
  7
GYM
 72
1
 11
200.21875
 21
12.5
 31
0.0
100
AcDbText
 73
2
  0
TEXT
  5
74F
330
737
100
AcDbEntity
 67
1
  8
G-PAFTA-ZON
100
AcDbText
 10
200.21875
 20
581.5
 30
0.0
 40
3.5
  1
4
  7
GYM
 72
1
 11
200.21875
 21
581.5
 31
0.0
100
AcDbText
 73
2
  0
LINE
  5
750
330
737
100
AcDbEntity
 67
1
  8
G-PAFTA-ZON
370
13
100
AcDbLine
 10
225.25
 20
10.0
 30
0.0
 11
225.25
 21
15.0
 31
0.0
  0
LINE
  5
751
330
737
100
AcDbEntity
 67
1
  8
G-PAFTA-ZON
370
13
100
AcDbLine
 10
225.25
 20
579.0
 30
0.0
 11
225.25
 21
584.0
 31
0.0
  0
TEXT
  5
752
330
737
100
AcDbEntity
 67
1
  8
G-PAFTA-ZON
100
AcDbText
 10
250.28125
 20
12.5
 30
0.0
 40
3.5
  1
5
  7
GYM
 72
1
 11
250.28125
 21
12.5
 31
0.0
100
AcDbText
 73
2
  0
TEXT
  5
753
330
737
100
AcDbEntity
 67
1
  8
G-PAFTA-ZON
100
AcDbText
 10
250.28125
 20
581.5
 30
0.0
 40
3.5
  1
5
  7
GYM
 72
1
 11
250.28125
 21
581.5
 31
0.0
100
AcDbText
 73
2
  0
LINE
  5
754
330
737
100
AcDbEntity
 67
1
  8
G-PAFTA-ZON
370
13
100
AcDbLine
 10
275.3125
 20
10.0
 30
0.0
 11
275.3125
 21
15.0
 31
0.0
  0
LINE
  5
755
330
737
100
AcDbEntity
 67
1
  8
G-PAFTA-ZON
370
13
100
AcDbLine
 10
275.3125
 20
579.0
 30
0.0
 11
275.3125
 21
584.0
 31
0.0
  0
TEXT
  5
756
330
737
100
AcDbEntity
 67
1
  8
G-PAFTA-ZON
100
AcDbText
 10
300.34375
 20
12.5
 30
0.0
 40
3.5
  1
6
  7
GYM
 72
1
 11
300.34375
 21
12.5
 31
0.0
100
AcDbText
 73
2
  0
TEXT
  5
757
330
737
100
AcDbEntity
 67
1
  8
G-PAFTA-ZON
100
AcDbText
 10
300.34375
 20
581.5
 30
0.0
 40
3.5
  1
6
  7
GYM
 72
1
 11
300.34375
 21
581.5
 31
0.0
100
AcDbText
 73
2
  0
LINE
  5
758
330
737
100
AcDbEntity
 67
1
  8
G-PAFTA-ZON
370
13
100
AcDbLine
 10
325.375
 20
10.0
 30
0.0
 11
325.375
 21
15.0
 31
0.0
  0
LINE
  5
759
330
737
100
AcDbEntity
 67
1
  8
G-PAFTA-ZON
370
13
100
AcDbLine
 10
325.375
 20
579.0
 30
0.0
 11
325.375
 21
584.0
 31
0.0
  0
TEXT
  5
75A
330
737
100
AcDbEntity
 67
1
  8
G-PAFTA-ZON
100
AcDbText
 10
350.40625
 20
12.5
 30
0.0
 40
3.5
  1
7
  7
GYM
 72
1
 11
350.40625
 21
12.5
 31
0.0
100
AcDbText
 73
2
  0
TEXT
  5
75B
330
737
100
AcDbEntity
 67
1
  8
G-PAFTA-ZON
100
AcDbText
 10
350.40625
 20
581.5
 30
0.0
 40
3.5
  1
7
  7
GYM
 72
1
 11
350.40625
 21
581.5
 31
0.0
100
AcDbText
 73
2
  0
LINE
  5
75C
330
737
100
AcDbEntity
 67
1
  8
G-PAFTA-ZON
370
13
100
AcDbLine
 10
375.4375
 20
10.0
 30
0.0
 11
375.4375
 21
15.0
 31
0.0
  0
LINE
  5
75D
330
737
100
AcDbEntity
 67
1
  8
G-PAFTA-ZON
370
13
100
AcDbLine
 10
375.4375
 20
579.0
 30
0.0
 11
375.4375
 21
584.0
 31
0.0
  0
TEXT
  5
75E
330
737
100
AcDbEntity
 67
1
  8
G-PAFTA-ZON
100
AcDbText
 10
400.46875
 20
12.5
 30
0.0
 40
3.5
  1
8
  7
GYM
 72
1
 11
400.46875
 21
12.5
 31
0.0
100
AcDbText
 73
2
  0
TEXT
  5
75F
330
737
100
AcDbEntity
 67
1
  8
G-PAFTA-ZON
100
AcDbText
 10
400.46875
 20
581.5
 30
0.0
 40
3.5
  1
8
  7
GYM
 72
1
 11
400.46875
 21
581.5
 31
0.0
100
AcDbText
 73
2
  0
LINE
  5
760
330
737
100
AcDbEntity
 67
1
  8
G-PAFTA-ZON
370
13
100
AcDbLine
 10
425.5
 20
10.0
 30
0.0
 11
425.5
 21
15.0
 31
0.0
  0
LINE
  5
761
330
737
100
AcDbEntity
 67
1
  8
G-PAFTA-ZON
370
13
100
AcDbLine
 10
425.5
 20
579.0
 30
0.0
 11
425.5
 21
584.0
 31
0.0
  0
TEXT
  5
762
330
737
100
AcDbEntity
 67
1
  8
G-PAFTA-ZON
100
AcDbText
 10
450.53125
 20
12.5
 30
0.0
 40
3.5
  1
9
  7
GYM
 72
1
 11
450.53125
 21
12.5
 31
0.0
100
AcDbText
 73
2
  0
TEXT
  5
763
330
737
100
AcDbEntity
 67
1
  8
G-PAFTA-ZON
100
AcDbText
 10
450.53125
 20
581.5
 30
0.0
 40
3.5
  1
9
  7
GYM
 72
1
 11
450.53125
 21
581.5
 31
0.0
100
AcDbText
 73
2
  0
LINE
  5
764
330
737
100
AcDbEntity
 67
1
  8
G-PAFTA-ZON
370
13
100
AcDbLine
 10
475.5625
 20
10.0
 30
0.0
 11
475.5625
 21
15.0
 31
0.0
  0
LINE
  5
765
330
737
100
AcDbEntity
 67
1
  8
G-PAFTA-ZON
370
13
100
AcDbLine
 10
475.5625
 20
579.0
 30
0.0
 11
475.5625
 21
584.0
 31
0.0
  0
TEXT
  5
766
330
737
100
AcDbEntity
 67
1
  8
G-PAFTA-ZON
100
AcDbText
 10
500.59375
 20
12.5
 30
0.0
 40
3.5
  1
10
  7
GYM
 72
1
 11
500.59375
 21
12.5
 31
0.0
100
AcDbText
 73
2
  0
TEXT
  5
767
330
737
100
AcDbEntity
 67
1
  8
G-PAFTA-ZON
100
AcDbText
 10
500.59375
 20
581.5
 30
0.0
 40
3.5
  1
10
  7
GYM
 72
1
 11
500.59375
 21
581.5
 31
0.0
100
AcDbText
 73
2
  0
LINE
  5
768
330
737
100
AcDbEntity
 67
1
  8
G-PAFTA-ZON
370
13
100
AcDbLine
 10
525.625
 20
10.0
 30
0.0
 11
525.625
 21
15.0
 31
0.0
  0
LINE
  5
769
330
737
100
AcDbEntity
 67
1
  8
G-PAFTA-ZON
370
13
100
AcDbLine
 10
525.625
 20
579.0
 30
0.0
 11
525.625
 21
584.0
 31
0.0
  0
TEXT
  5
76A
330
737
100
AcDbEntity
 67
1
  8
G-PAFTA-ZON
100
AcDbText
 10
550.65625
 20
12.5
 30
0.0
 40
3.5
  1
11
  7
GYM
 72
1
 11
550.65625
 21
12.5
 31
0.0
100
AcDbText
 73
2
  0
TEXT
  5
76B
330
737
100
AcDbEntity
 67
1
  8
G-PAFTA-ZON
100
AcDbText
 10
550.65625
 20
581.5
 30
0.0
 40
3.5
  1
11
  7
GYM
 72
1
 11
550.65625
 21
581.5
 31
0.0
100
AcDbText
 73
2
  0
LINE
  5
76C
330
737
100
AcDbEntity
 67
1
  8
G-PAFTA-ZON
370
13
100
AcDbLine
 10
575.6875
 20
10.0
 30
0.0
 11
575.6875
 21
15.0
 31
0.0
  0
LINE
  5
76D
330
737
100
AcDbEntity
 67
1
  8
G-PAFTA-ZON
370
13
100
AcDbLine
 10
575.6875
 20
579.0
 30
0.0
 11
575.6875
 21
584.0
 31
0.0
  0
TEXT
  5
76E
330
737
100
AcDbEntity
 67
1
  8
G-PAFTA-ZON
100
AcDbText
 10
600.71875
 20
12.5
 30
0.0
 40
3.5
  1
12
  7
GYM
 72
1
 11
600.71875
 21
12.5
 31
0.0
100
AcDbText
 73
2
  0
TEXT
  5
76F
330
737
100
AcDbEntity
 67
1
  8
G-PAFTA-ZON
100
AcDbText
 10
600.71875
 20
581.5
 30
0.0
 40
3.5
  1
12
  7
GYM
 72
1
 11
600.71875
 21
581.5
 31
0.0
100
AcDbText
 73
2
  0
LINE
  5
770
330
737
100
AcDbEntity
 67
1
  8
G-PAFTA-ZON
370
13
100
AcDbLine
 10
625.75
 20
10.0
 30
0.0
 11
625.75
 21
15.0
 31
0.0
  0
LINE
  5
771
330
737
100
AcDbEntity
 67
1
  8
G-PAFTA-ZON
370
13
100
AcDbLine
 10
625.75
 20
579.0
 30
0.0
 11
625.75
 21
584.0
 31
0.0
  0
TEXT
  5
772
330
737
100
AcDbEntity
 67
1
  8
G-PAFTA-ZON
100
AcDbText
 10
650.78125
 20
12.5
 30
0.0
 40
3.5
  1
13
  7
GYM
 72
1
 11
650.78125
 21
12.5
 31
0.0
100
AcDbText
 73
2
  0
TEXT
  5
773
330
737
100
AcDbEntity
 67
1
  8
G-PAFTA-ZON
100
AcDbText
 10
650.78125
 20
581.5
 30
0.0
 40
3.5
  1
13
  7
GYM
 72
1
 11
650.78125
 21
581.5
 31
0.0
100
AcDbText
 73
2
  0
LINE
  5
774
330
737
100
AcDbEntity
 67
1
  8
G-PAFTA-ZON
370
13
100
AcDbLine
 10
675.8125
 20
10.0
 30
0.0
 11
675.8125
 21
15.0
 31
0.0
  0
LINE
  5
775
330
737
100
AcDbEntity
 67
1
  8
G-PAFTA-ZON
370
13
100
AcDbLine
 10
675.8125
 20
579.0
 30
0.0
 11
675.8125
 21
584.0
 31
0.0
  0
TEXT
  5
776
330
737
100
AcDbEntity
 67
1
  8
G-PAFTA-ZON
100
AcDbText
 10
700.84375
 20
12.5
 30
0.0
 40
3.5
  1
14
  7
GYM
 72
1
 11
700.84375
 21
12.5
 31
0.0
100
AcDbText
 73
2
  0
TEXT
  5
777
330
737
100
AcDbEntity
 67
1
  8
G-PAFTA-ZON
100
AcDbText
 10
700.84375
 20
581.5
 30
0.0
 40
3.5
  1
14
  7
GYM
 72
1
 11
700.84375
 21
581.5
 31
0.0
100
AcDbText
 73
2
  0
LINE
  5
778
330
737
100
AcDbEntity
 67
1
  8
G-PAFTA-ZON
370
13
100
AcDbLine
 10
725.875
 20
10.0
 30
0.0
 11
725.875
 21
15.0
 31
0.0
  0
LINE
  5
779
330
737
100
AcDbEntity
 67
1
  8
G-PAFTA-ZON
370
13
100
AcDbLine
 10
725.875
 20
579.0
 30
0.0
 11
725.875
 21
584.0
 31
0.0
  0
TEXT
  5
77A
330
737
100
AcDbEntity
 67
1
  8
G-PAFTA-ZON
100
AcDbText
 10
750.90625
 20
12.5
 30
0.0
 40
3.5
  1
15
  7
GYM
 72
1
 11
750.90625
 21
12.5
 31
0.0
100
AcDbText
 73
2
  0
TEXT
  5
77B
330
737
100
AcDbEntity
 67
1
  8
G-PAFTA-ZON
100
AcDbText
 10
750.90625
 20
581.5
 30
0.0
 40
3.5
  1
15
  7
GYM
 72
1
 11
750.90625
 21
581.5
 31
0.0
100
AcDbText
 73
2
  0
LINE
  5
77C
330
737
100
AcDbEntity
 67
1
  8
G-PAFTA-ZON
370
13
100
AcDbLine
 10
775.9375
 20
10.0
 30
0.0
 11
775.9375
 21
15.0
 31
0.0
  0
LINE
  5
77D
330
737
100
AcDbEntity
 67
1
  8
G-PAFTA-ZON
370
13
100
AcDbLine
 10
775.9375
 20
579.0
 30
0.0
 11
775.9375
 21
584.0
 31
0.0
  0
TEXT
  5
77E
330
737
100
AcDbEntity
 67
1
  8
G-PAFTA-ZON
100
AcDbText
 10
800.96875
 20
12.5
 30
0.0
 40
3.5
  1
16
  7
GYM
 72
1
 11
800.96875
 21
12.5
 31
0.0
100
AcDbText
 73
2
  0
TEXT
  5
77F
330
737
100
AcDbEntity
 67
1
  8
G-PAFTA-ZON
100
AcDbText
 10
800.96875
 20
581.5
 30
0.0
 40
3.5
  1
16
  7
GYM
 72
1
 11
800.96875
 21
581.5
 31
0.0
100
AcDbText
 73
2
  0
TEXT
  5
780
330
737
100
AcDbEntity
 67
1
  8
G-PAFTA-ZON
100
AcDbText
 10
22.5
 20
40.63636363636364
 30
0.0
 40
3.5
  1
A
  7
GYM
 72
1
 11
22.5
 21
40.63636363636364
 31
0.0
100
AcDbText
 73
2
  0
TEXT
  5
781
330
737
100
AcDbEntity
 67
1
  8
G-PAFTA-ZON
100
AcDbText
 10
828.5
 20
40.63636363636364
 30
0.0
 40
3.5
  1
A
  7
GYM
 72
1
 11
828.5
 21
40.63636363636364
 31
0.0
100
AcDbText
 73
2
  0
LINE
  5
782
330
737
100
AcDbEntity
 67
1
  8
G-PAFTA-ZON
370
13
100
AcDbLine
 10
20.0
 20
66.27272727272728
 30
0.0
 11
25.0
 21
66.27272727272728
 31
0.0
  0
LINE
  5
783
330
737
100
AcDbEntity
 67
1
  8
G-PAFTA-ZON
370
13
100
AcDbLine
 10
826.0
 20
66.27272727272728
 30
0.0
 11
831.0
 21
66.27272727272728
 31
0.0
  0
TEXT
  5
784
330
737
100
AcDbEntity
 67
1
  8
G-PAFTA-ZON
100
AcDbText
 10
22.5
 20
91.90909090909092
 30
0.0
 40
3.5
  1
B
  7
GYM
 72
1
 11
22.5
 21
91.90909090909092
 31
0.0
100
AcDbText
 73
2
  0
TEXT
  5
785
330
737
100
AcDbEntity
 67
1
  8
G-PAFTA-ZON
100
AcDbText
 10
828.5
 20
91.90909090909092
 30
0.0
 40
3.5
  1
B
  7
GYM
 72
1
 11
828.5
 21
91.90909090909092
 31
0.0
100
AcDbText
 73
2
  0
LINE
  5
786
330
737
100
AcDbEntity
 67
1
  8
G-PAFTA-ZON
370
13
100
AcDbLine
 10
20.0
 20
117.54545454545455
 30
0.0
 11
25.0
 21
117.54545454545455
 31
0.0
  0
LINE
  5
787
330
737
100
AcDbEntity
 67
1
  8
G-PAFTA-ZON
370
13
100
AcDbLine
 10
826.0
 20
117.54545454545455
 30
0.0
 11
831.0
 21
117.54545454545455
 31
0.0
  0
TEXT
  5
788
330
737
100
AcDbEntity
 67
1
  8
G-PAFTA-ZON
100
AcDbText
 10
22.5
 20
143.1818181818182
 30
0.0
 40
3.5
  1
C
  7
GYM
 72
1
 11
22.5
 21
143.1818181818182
 31
0.0
100
AcDbText
 73
2
  0
TEXT
  5
789
330
737
100
AcDbEntity
 67
1
  8
G-PAFTA-ZON
100
AcDbText
 10
828.5
 20
143.1818181818182
 30
0.0
 40
3.5
  1
C
  7
GYM
 72
1
 11
828.5
 21
143.1818181818182
 31
0.0
100
AcDbText
 73
2
  0
LINE
  5
78A
330
737
100
AcDbEntity
 67
1
  8
G-PAFTA-ZON
370
13
100
AcDbLine
 10
20.0
 20
168.8181818181818
 30
0.0
 11
25.0
 21
168.8181818181818
 31
0.0
  0
LINE
  5
78B
330
737
100
AcDbEntity
 67
1
  8
G-PAFTA-ZON
370
13
100
AcDbLine
 10
826.0
 20
168.8181818181818
 30
0.0
 11
831.0
 21
168.8181818181818
 31
0.0
  0
TEXT
  5
78C
330
737
100
AcDbEntity
 67
1
  8
G-PAFTA-ZON
100
AcDbText
 10
22.5
 20
194.45454545454544
 30
0.0
 40
3.5
  1
D
  7
GYM
 72
1
 11
22.5
 21
194.45454545454544
 31
0.0
100
AcDbText
 73
2
  0
TEXT
  5
78D
330
737
100
AcDbEntity
 67
1
  8
G-PAFTA-ZON
100
AcDbText
 10
828.5
 20
194.45454545454544
 30
0.0
 40
3.5
  1
D
  7
GYM
 72
1
 11
828.5
 21
194.45454545454544
 31
0.0
100
AcDbText
 73
2
  0
LINE
  5
78E
330
737
100
AcDbEntity
 67
1
  8
G-PAFTA-ZON
370
13
100
AcDbLine
 10
20.0
 20
220.0909090909091
 30
0.0
 11
25.0
 21
220.0909090909091
 31
0.0
  0
LINE
  5
78F
330
737
100
AcDbEntity
 67
1
  8
G-PAFTA-ZON
370
13
100
AcDbLine
 10
826.0
 20
220.0909090909091
 30
0.0
 11
831.0
 21
220.0909090909091
 31
0.0
  0
TEXT
  5
790
330
737
100
AcDbEntity
 67
1
  8
G-PAFTA-ZON
100
AcDbText
 10
22.5
 20
245.72727272727272
 30
0.0
 40
3.5
  1
E
  7
GYM
 72
1
 11
22.5
 21
245.72727272727272
 31
0.0
100
AcDbText
 73
2
  0
TEXT
  5
791
330
737
100
AcDbEntity
 67
1
  8
G-PAFTA-ZON
100
AcDbText
 10
828.5
 20
245.72727272727272
 30
0.0
 40
3.5
  1
E
  7
GYM
 72
1
 11
828.5
 21
245.72727272727272
 31
0.0
100
AcDbText
 73
2
  0
LINE
  5
792
330
737
100
AcDbEntity
 67
1
  8
G-PAFTA-ZON
370
13
100
AcDbLine
 10
20.0
 20
271.3636363636364
 30
0.0
 11
25.0
 21
271.3636363636364
 31
0.0
  0
LINE
  5
793
330
737
100
AcDbEntity
 67
1
  8
G-PAFTA-ZON
370
13
100
AcDbLine
 10
826.0
 20
271.3636363636364
 30
0.0
 11
831.0
 21
271.3636363636364
 31
0.0
  0
TEXT
  5
794
330
737
100
AcDbEntity
 67
1
  8
G-PAFTA-ZON
100
AcDbText
 10
22.5
 20
297.0
 30
0.0
 40
3.5
  1
F
  7
GYM
 72
1
 11
22.5
 21
297.0
 31
0.0
100
AcDbText
 73
2
  0
TEXT
  5
795
330
737
100
AcDbEntity
 67
1
  8
G-PAFTA-ZON
100
AcDbText
 10
828.5
 20
297.0
 30
0.0
 40
3.5
  1
F
  7
GYM
 72
1
 11
828.5
 21
297.0
 31
0.0
100
AcDbText
 73
2
  0
LINE
  5
796
330
737
100
AcDbEntity
 67
1
  8
G-PAFTA-ZON
370
13
100
AcDbLine
 10
20.0
 20
322.6363636363636
 30
0.0
 11
25.0
 21
322.6363636363636
 31
0.0
  0
LINE
  5
797
330
737
100
AcDbEntity
 67
1
  8
G-PAFTA-ZON
370
13
100
AcDbLine
 10
826.0
 20
322.6363636363636
 30
0.0
 11
831.0
 21
322.6363636363636
 31
0.0
  0
TEXT
  5
798
330
737
100
AcDbEntity
 67
1
  8
G-PAFTA-ZON
100
AcDbText
 10
22.5
 20
348.27272727272725
 30
0.0
 40
3.5
  1
G
  7
GYM
 72
1
 11
22.5
 21
348.27272727272725
 31
0.0
100
AcDbText
 73
2
  0
TEXT
  5
799
330
737
100
AcDbEntity
 67
1
  8
G-PAFTA-ZON
100
AcDbText
 10
828.5
 20
348.27272727272725
 30
0.0
 40
3.5
  1
G
  7
GYM
 72
1
 11
828.5
 21
348.27272727272725
 31
0.0
100
AcDbText
 73
2
  0
LINE
  5
79A
330
737
100
AcDbEntity
 67
1
  8
G-PAFTA-ZON
370
13
100
AcDbLine
 10
20.0
 20
373.90909090909093
 30
0.0
 11
25.0
 21
373.90909090909093
 31
0.0
  0
LINE
  5
79B
330
737
100
AcDbEntity
 67
1
  8
G-PAFTA-ZON
370
13
100
AcDbLine
 10
826.0
 20
373.90909090909093
 30
0.0
 11
831.0
 21
373.90909090909093
 31
0.0
  0
TEXT
  5
79C
330
737
100
AcDbEntity
 67
1
  8
G-PAFTA-ZON
100
AcDbText
 10
22.5
 20
399.54545454545456
 30
0.0
 40
3.5
  1
H
  7
GYM
 72
1
 11
22.5
 21
399.54545454545456
 31
0.0
100
AcDbText
 73
2
  0
TEXT
  5
79D
330
737
100
AcDbEntity
 67
1
  8
G-PAFTA-ZON
100
AcDbText
 10
828.5
 20
399.54545454545456
 30
0.0
 40
3.5
  1
H
  7
GYM
 72
1
 11
828.5
 21
399.54545454545456
 31
0.0
100
AcDbText
 73
2
  0
LINE
  5
79E
330
737
100
AcDbEntity
 67
1
  8
G-PAFTA-ZON
370
13
100
AcDbLine
 10
20.0
 20
425.1818181818182
 30
0.0
 11
25.0
 21
425.1818181818182
 31
0.0
  0
LINE
  5
79F
330
737
100
AcDbEntity
 67
1
  8
G-PAFTA-ZON
370
13
100
AcDbLine
 10
826.0
 20
425.1818181818182
 30
0.0
 11
831.0
 21
425.1818181818182
 31
0.0
  0
TEXT
  5
7A0
330
737
100
AcDbEntity
 67
1
  8
G-PAFTA-ZON
100
AcDbText
 10
22.5
 20
450.8181818181818
 30
0.0
 40
3.5
  1
J
  7
GYM
 72
1
 11
22.5
 21
450.8181818181818
 31
0.0
100
AcDbText
 73
2
  0
TEXT
  5
7A1
330
737
100
AcDbEntity
 67
1
  8
G-PAFTA-ZON
100
AcDbText
 10
828.5
 20
450.8181818181818
 30
0.0
 40
3.5
  1
J
  7
GYM
 72
1
 11
828.5
 21
450.8181818181818
 31
0.0
100
AcDbText
 73
2
  0
LINE
  5
7A2
330
737
100
AcDbEntity
 67
1
  8
G-PAFTA-ZON
370
13
100
AcDbLine
 10
20.0
 20
476.45454545454544
 30
0.0
 11
25.0
 21
476.45454545454544
 31
0.0
  0
LINE
  5
7A3
330
737
100
AcDbEntity
 67
1
  8
G-PAFTA-ZON
370
13
100
AcDbLine
 10
826.0
 20
476.45454545454544
 30
0.0
 11
831.0
 21
476.45454545454544
 31
0.0
  0
TEXT
  5
7A4
330
737
100
AcDbEntity
 67
1
  8
G-PAFTA-ZON
100
AcDbText
 10
22.5
 20
502.09090909090907
 30
0.0
 40
3.5
  1
K
  7
GYM
 72
1
 11
22.5
 21
502.09090909090907
 31
0.0
100
AcDbText
 73
2
  0
TEXT
  5
7A5
330
737
100
AcDbEntity
 67
1
  8
G-PAFTA-ZON
100
AcDbText
 10
828.5
 20
502.09090909090907
 30
0.0
 40
3.5
  1
K
  7
GYM
 72
1
 11
828.5
 21
502.09090909090907
 31
0.0
100
AcDbText
 73
2
  0
LINE
  5
7A6
330
737
100
AcDbEntity
 67
1
  8
G-PAFTA-ZON
370
13
100
AcDbLine
 10
20.0
 20
527.7272727272727
 30
0.0
 11
25.0
 21
527.7272727272727
 31
0.0
  0
LINE
  5
7A7
330
737
100
AcDbEntity
 67
1
  8
G-PAFTA-ZON
370
13
100
AcDbLine
 10
826.0
 20
527.7272727272727
 30
0.0
 11
831.0
 21
527.7272727272727
 31
0.0
  0
TEXT
  5
7A8
330
737
100
AcDbEntity
 67
1
  8
G-PAFTA-ZON
100
AcDbText
 10
22.5
 20
553.3636363636364
 30
0.0
 40
3.5
  1
L
  7
GYM
 72
1
 11
22.5
 21
553.3636363636364
 31
0.0
100
AcDbText
 73
2
  0
TEXT
  5
7A9
330
737
100
AcDbEntity
 67
1
  8
G-PAFTA-ZON
100
AcDbText
 10
828.5
 20
553.3636363636364
 30
0.0
 40
3.5
  1
L
  7
GYM
 72
1
 11
828.5
 21
553.3636363636364
 31
0.0
100
AcDbText
 73
2
  0
LINE
  5
7AA
330
737
100
AcDbEntity
 67
1
  8
G-CERCEVE
370
70
100
AcDbLine
 10
420.5
 20
0.0
 30
0.0
 11
420.5
 21
20.0
 31
0.0
  0
LINE
  5
7AB
330
737
100
AcDbEntity
 67
1
  8
G-CERCEVE
370
70
100
AcDbLine
 10
420.5
 20
574.0
 30
0.0
 11
420.5
 21
594.0
 31
0.0
  0
LWPOLYLINE
  5
7AC
330
737
100
AcDbEntity
 67
1
  8
G-CERCEVE
370
70
100
AcDbPolyline
 90
3
 70
1
 10
420.5
 20
593.0
 10
417.9
 20
586.0
 10
423.1
 20
586.0
  0
LINE
  5
7AD
330
737
100
AcDbEntity
 67
1
  8
G-CERCEVE
370
70
100
AcDbLine
 10
0.0
 20
297.0
 30
0.0
 11
30.0
 21
297.0
 31
0.0
  0
LINE
  5
7AE
330
737
100
AcDbEntity
 67
1
  8
G-CERCEVE
370
70
100
AcDbLine
 10
821.0
 20
297.0
 30
0.0
 11
841.0
 21
297.0
 31
0.0
  0
LWPOLYLINE
  5
7AF
330
737
100
AcDbEntity
 67
1
  8
G-CERCEVE
370
70
100
AcDbPolyline
 90
3
 70
1
 10
1.0
 20
297.0
 10
8.0
 20
294.4
 10
8.0
 20
299.6
  0
TEXT
  5
7B0
330
737
100
AcDbEntity
 67
1
  8
G-CERCEVE
100
AcDbText
 10
829.0
 20
5.0
 30
0.0
 40
2.5
  1
A1
  7
GYM
 72
2
 11
829.0
 21
5.0
 31
0.0
100
AcDbText
 73
2
  0
LWPOLYLINE
  5
7B1
330
737
100
AcDbEntity
 67
1
  8
G-CERCEVE
370
35
100
AcDbPolyline
 90
4
 70
1
 10
450.5
 20
2.0
 10
550.5
 20
2.0
 10
550.5
 20
6.0
 10
450.5
 20
6.0
  0
LINE
  5
7B2
330
737
100
AcDbEntity
 67
1
  8
G-CERCEVE
370
35
100
AcDbLine
 10
450.5
 20
2.0
 30
0.0
 11
450.5
 21
6.0
 31
0.0
  0
LINE
  5
7B3
330
737
100
AcDbEntity
 67
1
  8
G-CERCEVE
370
35
100
AcDbLine
 10
460.5
 20
2.0
 30
0.0
 11
460.5
 21
6.0
 31
0.0
  0
LINE
  5
7B4
330
737
100
AcDbEntity
 67
1
  8
G-CERCEVE
370
35
100
AcDbLine
 10
470.5
 20
2.0
 30
0.0
 11
470.5
 21
6.0
 31
0.0
  0
LINE
  5
7B5
330
737
100
AcDbEntity
 67
1
  8
G-CERCEVE
370
35
100
AcDbLine
 10
480.5
 20
2.0
 30
0.0
 11
480.5
 21
6.0
 31
0.0
  0
LINE
  5
7B6
330
737
100
AcDbEntity
 67
1
  8
G-CERCEVE
370
35
100
AcDbLine
 10
490.5
 20
2.0
 30
0.0
 11
490.5
 21
6.0
 31
0.0
  0
LINE
  5
7B7
330
737
100
AcDbEntity
 67
1
  8
G-CERCEVE
370
35
100
AcDbLine
 10
500.5
 20
2.0
 30
0.0
 11
500.5
 21
6.0
 31
0.0
  0
LINE
  5
7B8
330
737
100
AcDbEntity
 67
1
  8
G-CERCEVE
370
35
100
AcDbLine
 10
510.5
 20
2.0
 30
0.0
 11
510.5
 21
6.0
 31
0.0
  0
LINE
  5
7B9
330
737
100
AcDbEntity
 67
1
  8
G-CERCEVE
370
35
100
AcDbLine
 10
520.5
 20
2.0
 30
0.0
 11
520.5
 21
6.0
 31
0.0
  0
LINE
  5
7BA
330
737
100
AcDbEntity
 67
1
  8
G-CERCEVE
370
35
100
AcDbLine
 10
530.5
 20
2.0
 30
0.0
 11
530.5
 21
6.0
 31
0.0
  0
LINE
  5
7BB
330
737
100
AcDbEntity
 67
1
  8
G-CERCEVE
370
35
100
AcDbLine
 10
540.5
 20
2.0
 30
0.0
 11
540.5
 21
6.0
 31
0.0
  0
LINE
  5
7BC
330
737
100
AcDbEntity
 67
1
  8
G-CERCEVE
370
35
100
AcDbLine
 10
550.5
 20
2.0
 30
0.0
 11
550.5
 21
6.0
 31
0.0
  0
TEXT
  5
7BD
330
737
100
AcDbEntity
 67
1
  8
G-CERCEVE
100
AcDbText
 10
554.5
 20
4.0
 30
0.0
 40
1.8
  1
100 mm
  7
GYM
 11
554.5
 21
4.0
 31
0.0
100
AcDbText
 73
2
  0
LWPOLYLINE
  5
7BE
330
737
100
AcDbEntity
 67
1
  8
G-ANTET
370
100
100
AcDbPolyline
 90
4
 70
1
 10
651.0
 20
15.0
 10
831.0
 20
15.0
 10
831.0
 20
107.0
 10
651.0
 20
107.0
  0
LINE
  5
7BF
330
737
100
AcDbEntity
 67
1
  8
G-ANTET
370
35
100
AcDbLine
 10
651.0
 20
25.0
 30
0.0
 11
831.0
 21
25.0
 31
0.0
  0
LINE
  5
7C0
330
737
100
AcDbEntity
 67
1
  8
G-ANTET
370
35
100
AcDbLine
 10
651.0
 20
35.0
 30
0.0
 11
831.0
 21
35.0
 31
0.0
  0
LINE
  5
7C1
330
737
100
AcDbEntity
 67
1
  8
G-ANTET
370
35
100
AcDbLine
 10
651.0
 20
45.0
 30
0.0
 11
831.0
 21
45.0
 31
0.0
  0
LINE
  5
7C2
330
737
100
AcDbEntity
 67
1
  8
G-ANTET
370
35
100
AcDbLine
 10
651.0
 20
57.0
 30
0.0
 11
831.0
 21
57.0
 31
0.0
  0
LINE
  5
7C3
330
737
100
AcDbEntity
 67
1
  8
G-ANTET
370
35
100
AcDbLine
 10
651.0
 20
69.0
 30
0.0
 11
831.0
 21
69.0
 31
0.0
  0
LINE
  5
7C4
330
737
100
AcDbEntity
 67
1
  8
G-ANTET
370
35
100
AcDbLine
 10
651.0
 20
83.0
 30
0.0
 11
831.0
 21
83.0
 31
0.0
  0
LINE
  5
7C5
330
737
100
AcDbEntity
 67
1
  8
G-ANTET
370
35
100
AcDbLine
 10
711.0
 20
15.0
 30
0.0
 11
711.0
 21
45.0
 31
0.0
  0
LINE
  5
7C6
330
737
100
AcDbEntity
 67
1
  8
G-ANTET
370
35
100
AcDbLine
 10
771.0
 20
15.0
 30
0.0
 11
771.0
 21
45.0
 31
0.0
  0
LINE
  5
7C7
330
737
100
AcDbEntity
 67
1
  8
G-ANTET
370
35
100
AcDbLine
 10
769.0
 20
45.0
 30
0.0
 11
769.0
 21
69.0
 31
0.0
  0
TEXT
  5
7C8
330
737
100
AcDbEntity
 67
1
  8
G-ANTET
100
AcDbText
 10
652.6
 20
103.0
 30
0.0
 40
1.8
  1
İŞVEREN
  7
GYM
 11
652.6
 21
103.0
 31
0.0
100
AcDbText
 73
2
  0
TEXT
  5
7C9
330
737
100
AcDbEntity
 67
1
  8
G-ANTET
100
AcDbText
 10
652.6
 20
98.0
 30
0.0
 40
2.5
  1
ÖZEL — MALTEPE / İDEALTEPE
  7
GYM
 11
652.6
 21
98.0
 31
0.0
100
AcDbText
 73
2
  0
TEXT
  5
7CA
330
737
100
AcDbEntity
 67
1
  8
G-ANTET
100
AcDbText
 10
652.6
 20
93.0
 30
0.0
 40
1.8
  1
PROJE
  7
GYM
 11
652.6
 21
93.0
 31
0.0
100
AcDbText
 73
2
  0
TEXT
  5
7CB
330
737
100
AcDbEntity
 67
1
  8
G-ANTET
100
AcDbText
 10
652.6
 20
87.2
 30
0.0
 40
3.5
  1
MOBİLYA MAĞAZASI → FONKSİYONEL ANTRENMAN STÜDYOSU
  7
GYM
 11
652.6
 21
87.2
 31
0.0
100
AcDbText
 73
2
  0
TEXT
  5
7CC
330
737
100
AcDbEntity
 67
1
  8
G-ANTET
100
AcDbText
 10
652.6
 20
78.0
 30
0.0
 40
1.8
  1
YAPI / MAHAL
  7
GYM
 11
652.6
 21
78.0
 31
0.0
100
AcDbText
 73
2
  0
TEXT
  5
7CD
330
737
100
AcDbEntity
 67
1
  8
G-ANTET
100
AcDbText
 10
652.6
 20
72.0
 30
0.0
 40
2.5
  1
İdealtepe Mah. · zemin kat dükkân · 103,78 m² iç alan
  7
GYM
 11
652.6
 21
72.0
 31
0.0
100
AcDbText
 73
2
  0
TEXT
  5
7CE
330
737
100
AcDbEntity
 67
1
  8
G-ANTET
100
AcDbText
 10
771.4
 20
78.0
 30
0.0
 40
1.8
  1
DİSİPLİN
  7
GYM
 11
771.4
 21
78.0
 31
0.0
100
AcDbText
 73
2
  0
TEXT
  5
7CF
330
737
100
AcDbEntity
 67
1
  8
G-ANTET
100
AcDbText
 10
771.4
 20
72.0
 30
0.0
 40
2.5
  1
MİMARİ
  7
GYM
 11
771.4
 21
72.0
 31
0.0
100
AcDbText
 73
2
  0
LINE
  5
7D0
330
737
100
AcDbEntity
 67
1
  8
G-ANTET
370
35
100
AcDbLine
 10
769.0
 20
69.0
 30
0.0
 11
769.0
 21
83.0
 31
0.0
  0
TEXT
  5
7D1
330
737
100
AcDbEntity
 67
1
  8
G-ANTET
100
AcDbText
 10
652.6
 20
65.0
 30
0.0
 40
1.8
  1
PAFTA ADI
  7
GYM
 11
652.6
 21
65.0
 31
0.0
100
AcDbText
 73
2
  0
TEXT
  5
7D2
330
737
100
AcDbEntity
 67
1
  8
G-ANTET
100
AcDbText
 10
652.6
 20
59.8
 30
0.0
 40
3.5
  1
TAVAN PLANI (RCP)
  7
GYM
 11
652.6
 21
59.8
 31
0.0
100
AcDbText
 73
2
  0
TEXT
  5
7D3
330
737
100
AcDbEntity
 67
1
  8
G-ANTET
100
AcDbText
 10
771.4
 20
59.8
 30
0.0
 40
1.8
  1
Asma tavan tipleri · kot · MEP koordinasyonu
  7
GYM
 11
771.4
 21
59.8
 31
0.0
100
AcDbText
 73
2
  0
TEXT
  5
7D4
330
737
100
AcDbEntity
 67
1
  8
G-ANTET
100
AcDbText
 10
652.6
 20
53.0
 30
0.0
 40
1.8
  1
PROJE MÜELLİFİ · ODA SİCİL NO
  7
GYM
 11
652.6
 21
53.0
 31
0.0
100
AcDbText
 73
2
  0
TEXT
  5
7D5
330
737
100
AcDbEntity
 67
1
  8
G-ANTET
100
AcDbText
 10
652.6
 20
47.8
 30
0.0
 40
2.5
  1
—   Oda sicil no: —
  7
GYM
 11
652.6
 21
47.8
 31
0.0
100
AcDbText
 73
2
  0
TEXT
  5
7D6
330
737
100
AcDbEntity
 67
1
  8
G-ANTET
100
AcDbText
 10
652.6
 20
42.0
 30
0.0
 40
1.8
  1
ÇİZEN
  7
GYM
 11
652.6
 21
42.0
 31
0.0
100
AcDbText
 73
2
  0
TEXT
  5
7D7
330
737
100
AcDbEntity
 67
1
  8
G-ANTET
100
AcDbText
 10
652.6
 20
37.6
 30
0.0
 40
2.5
  1
CC
  7
GYM
 11
652.6
 21
37.6
 31
0.0
100
AcDbText
 73
2
  0
TEXT
  5
7D8
330
737
100
AcDbEntity
 67
1
  8
G-ANTET
100
AcDbText
 10
712.6
 20
42.0
 30
0.0
 40
1.8
  1
KONTROL
  7
GYM
 11
712.6
 21
42.0
 31
0.0
100
AcDbText
 73
2
  0
TEXT
  5
7D9
330
737
100
AcDbEntity
 67
1
  8
G-ANTET
100
AcDbText
 10
712.6
 20
37.6
 30
0.0
 40
2.5
  1
—
  7
GYM
 11
712.6
 21
37.6
 31
0.0
100
AcDbText
 73
2
  0
TEXT
  5
7DA
330
737
100
AcDbEntity
 67
1
  8
G-ANTET
100
AcDbText
 10
772.6
 20
42.0
 30
0.0
 40
1.8
  1
ONAY
  7
GYM
 11
772.6
 21
42.0
 31
0.0
100
AcDbText
 73
2
  0
TEXT
  5
7DB
330
737
100
AcDbEntity
 67
1
  8
G-ANTET
100
AcDbText
 10
772.6
 20
37.6
 30
0.0
 40
2.5
  1
—
  7
GYM
 11
772.6
 21
37.6
 31
0.0
100
AcDbText
 73
2
  0
TEXT
  5
7DC
330
737
100
AcDbEntity
 67
1
  8
G-ANTET
100
AcDbText
 10
652.6
 20
32.0
 30
0.0
 40
1.8
  1
TARİH
  7
GYM
 11
652.6
 21
32.0
 31
0.0
100
AcDbText
 73
2
  0
TEXT
  5
7DD
330
737
100
AcDbEntity
 67
1
  8
G-ANTET
100
AcDbText
 10
652.6
 20
27.6
 30
0.0
 40
2.5
  1
17 Eylül 2026
  7
GYM
 11
652.6
 21
27.6
 31
0.0
100
AcDbText
 73
2
  0
TEXT
  5
7DE
330
737
100
AcDbEntity
 67
1
  8
G-ANTET
100
AcDbText
 10
712.6
 20
32.0
 30
0.0
 40
1.8
  1
ÖLÇEK
  7
GYM
 11
712.6
 21
32.0
 31
0.0
100
AcDbText
 73
2
  0
TEXT
  5
7DF
330
737
100
AcDbEntity
 67
1
  8
G-ANTET
100
AcDbText
 10
712.6
 20
27.6
 30
0.0
 40
3.5
  1
1:50
  7
GYM
 11
712.6
 21
27.6
 31
0.0
100
AcDbText
 73
2
  0
TEXT
  5
7E0
330
737
100
AcDbEntity
 67
1
  8
G-ANTET
100
AcDbText
 10
772.6
 20
32.0
 30
0.0
 40
1.8
  1
BİRİM
  7
GYM
 11
772.6
 21
32.0
 31
0.0
100
AcDbText
 73
2
  0
TEXT
  5
7E1
330
737
100
AcDbEntity
 67
1
  8
G-ANTET
100
AcDbText
 10
772.6
 20
27.6
 30
0.0
 40
2.5
  1
milimetre (mm)
  7
GYM
 11
772.6
 21
27.6
 31
0.0
100
AcDbText
 73
2
  0
TEXT
  5
7E2
330
737
100
AcDbEntity
 67
1
  8
G-ANTET
100
AcDbText
 10
652.6
 20
22.0
 30
0.0
 40
1.8
  1
DURUM
  7
GYM
 11
652.6
 21
22.0
 31
0.0
100
AcDbText
 73
2
  0
TEXT
  5
7E3
330
737
100
AcDbEntity
 67
1
  8
G-ANTET
100
AcDbText
 10
652.6
 20
17.6
 30
0.0
 40
2.5
  1
ÖN TASARIM
  7
GYM
 11
652.6
 21
17.6
 31
0.0
100
AcDbText
 73
2
  0
TEXT
  5
7E4
330
737
100
AcDbEntity
 67
1
  8
G-ANTET
100
AcDbText
 10
712.6
 20
22.0
 30
0.0
 40
1.8
  1
PAFTA NO
  7
GYM
 11
712.6
 21
22.0
 31
0.0
100
AcDbText
 73
2
  0
TEXT
  5
7E5
330
737
100
AcDbEntity
 67
1
  8
G-ANTET
100
AcDbText
 10
712.6
 20
17.6
 30
0.0
 40
5.0
  1
A-04
  7
GYM
 11
712.6
 21
17.6
 31
0.0
100
AcDbText
 73
2
  0
TEXT
  5
7E6
330
737
100
AcDbEntity
 67
1
  8
G-ANTET
100
AcDbText
 10
772.6
 20
22.0
 30
0.0
 40
1.8
  1
REV
  7
GYM
 11
772.6
 21
22.0
 31
0.0
100
AcDbText
 73
2
  0
TEXT
  5
7E7
330
737
100
AcDbEntity
 67
1
  8
G-ANTET
100
AcDbText
 10
772.6
 20
17.6
 30
0.0
 40
5.0
  1
G
  7
GYM
 11
772.6
 21
17.6
 31
0.0
100
AcDbText
 73
2
  0
TEXT
  5
7E8
330
737
100
AcDbEntity
 67
1
  8
G-ANTET
100
AcDbText
 10
801.0
 20
18.0
 30
0.0
 40
1.8
  1
SONRAKİ: A-05
  7
GYM
 11
801.0
 21
18.0
 31
0.0
100
AcDbText
 73
2
  0
LWPOLYLINE
  5
7E9
330
737
100
AcDbEntity
 67
1
  8
G-ANTET
370
50
100
AcDbPolyline
 90
4
 70
1
 10
651.0
 20
107.0
 10
831.0
 20
107.0
 10
831.0
 20
143.0
 10
651.0
 20
143.0
  0
LINE
  5
7EA
330
737
100
AcDbEntity
 67
1
  8
G-ANTET
370
18
100
AcDbLine
 10
651.0
 20
107.0
 30
0.0
 11
831.0
 21
107.0
 31
0.0
  0
LINE
  5
7EB
330
737
100
AcDbEntity
 67
1
  8
G-ANTET
370
18
100
AcDbLine
 10
651.0
 20
113.0
 30
0.0
 11
831.0
 21
113.0
 31
0.0
  0
LINE
  5
7EC
330
737
100
AcDbEntity
 67
1
  8
G-ANTET
370
18
100
AcDbLine
 10
651.0
 20
119.0
 30
0.0
 11
831.0
 21
119.0
 31
0.0
  0
LINE
  5
7ED
330
737
100
AcDbEntity
 67
1
  8
G-ANTET
370
18
100
AcDbLine
 10
651.0
 20
125.0
 30
0.0
 11
831.0
 21
125.0
 31
0.0
  0
LINE
  5
7EE
330
737
100
AcDbEntity
 67
1
  8
G-ANTET
370
18
100
AcDbLine
 10
651.0
 20
131.0
 30
0.0
 11
831.0
 21
131.0
 31
0.0
  0
LINE
  5
7EF
330
737
100
AcDbEntity
 67
1
  8
G-ANTET
370
18
100
AcDbLine
 10
651.0
 20
137.0
 30
0.0
 11
831.0
 21
137.0
 31
0.0
  0
LINE
  5
7F0
330
737
100
AcDbEntity
 67
1
  8
G-ANTET
370
18
100
AcDbLine
 10
663.0
 20
107.0
 30
0.0
 11
663.0
 21
143.0
 31
0.0
  0
LINE
  5
7F1
330
737
100
AcDbEntity
 67
1
  8
G-ANTET
370
18
100
AcDbLine
 10
687.0
 20
107.0
 30
0.0
 11
687.0
 21
143.0
 31
0.0
  0
LINE
  5
7F2
330
737
100
AcDbEntity
 67
1
  8
G-ANTET
370
18
100
AcDbLine
 10
777.0
 20
107.0
 30
0.0
 11
777.0
 21
143.0
 31
0.0
  0
LINE
  5
7F3
330
737
100
AcDbEntity
 67
1
  8
G-ANTET
370
18
100
AcDbLine
 10
795.0
 20
107.0
 30
0.0
 11
795.0
 21
143.0
 31
0.0
  0
LINE
  5
7F4
330
737
100
AcDbEntity
 67
1
  8
G-ANTET
370
18
100
AcDbLine
 10
813.0
 20
107.0
 30
0.0
 11
813.0
 21
143.0
 31
0.0
  0
TEXT
  5
7F5
330
737
100
AcDbEntity
 67
1
  8
G-ANTET
100
AcDbText
 10
652.2
 20
140.0
 30
0.0
 40
1.8
  1
REV
  7
GYM
 11
652.2
 21
140.0
 31
0.0
100
AcDbText
 73
2
  0
TEXT
  5
7F6
330
737
100
AcDbEntity
 67
1
  8
G-ANTET
100
AcDbText
 10
664.2
 20
140.0
 30
0.0
 40
1.8
  1
TARİH
  7
GYM
 11
664.2
 21
140.0
 31
0.0
100
AcDbText
 73
2
  0
TEXT
  5
7F7
330
737
100
AcDbEntity
 67
1
  8
G-ANTET
100
AcDbText
 10
688.2
 20
140.0
 30
0.0
 40
1.8
  1
AÇIKLAMA
  7
GYM
 11
688.2
 21
140.0
 31
0.0
100
AcDbText
 73
2
  0
TEXT
  5
7F8
330
737
100
AcDbEntity
 67
1
  8
G-ANTET
100
AcDbText
 10
778.2
 20
140.0
 30
0.0
 40
1.8
  1
ÇZ
  7
GYM
 11
778.2
 21
140.0
 31
0.0
100
AcDbText
 73
2
  0
TEXT
  5
7F9
330
737
100
AcDbEntity
 67
1
  8
G-ANTET
100
AcDbText
 10
796.2
 20
140.0
 30
0.0
 40
1.8
  1
KT
  7
GYM
 11
796.2
 21
140.0
 31
0.0
100
AcDbText
 73
2
  0
TEXT
  5
7FA
330
737
100
AcDbEntity
 67
1
  8
G-ANTET
100
AcDbText
 10
814.2
 20
140.0
 30
0.0
 40
1.8
  1
ON
  7
GYM
 11
814.2
 21
140.0
 31
0.0
100
AcDbText
 73
2
  0
TEXT
  5
7FB
330
737
100
AcDbEntity
 67
1
  8
G-ANTET
100
AcDbText
 10
652.2
 20
134.0
 30
0.0
 40
1.8
  1
A
  7
GYM
 11
652.2
 21
134.0
 31
0.0
100
AcDbText
 73
2
  0
TEXT
  5
7FC
330
737
100
AcDbEntity
 67
1
  8
G-ANTET
100
AcDbText
 10
664.2
 20
134.0
 30
0.0
 40
1.8
  1
17.09.2026
  7
GYM
 11
664.2
 21
134.0
 31
0.0
100
AcDbText
 73
2
  0
TEXT
  5
7FD
330
737
100
AcDbEntity
 67
1
  8
G-ANTET
100
AcDbText
 10
688.2
 20
134.0
 30
0.0
 40
1.8
  1
İlk yayın — ön tasarım
  7
GYM
 11
688.2
 21
134.0
 31
0.0
100
AcDbText
 73
2
  0
TEXT
  5
7FE
330
737
100
AcDbEntity
 67
1
  8
G-ANTET
100
AcDbText
 10
778.2
 20
134.0
 30
0.0
 40
1.8
  1
CC
  7
GYM
 11
778.2
 21
134.0
 31
0.0
100
AcDbText
 73
2
  0
TEXT
  5
7FF
330
737
100
AcDbEntity
 67
1
  8
G-ANTET
100
AcDbText
 10
796.2
 20
134.0
 30
0.0
 40
1.8
  1
—
  7
GYM
 11
796.2
 21
134.0
 31
0.0
100
AcDbText
 73
2
  0
TEXT
  5
800
330
737
100
AcDbEntity
 67
1
  8
G-ANTET
100
AcDbText
 10
814.2
 20
134.0
 30
0.0
 40
1.8
  1
—
  7
GYM
 11
814.2
 21
134.0
 31
0.0
100
AcDbText
 73
2
  0
TEXT
  5
801
330
737
100
AcDbEntity
 67
1
  8
G-ANTET
100
AcDbText
 10
652.2
 20
128.0
 30
0.0
 40
1.8
  1
B
  7
GYM
 11
652.2
 21
128.0
 31
0.0
100
AcDbText
 73
2
  0
TEXT
  5
802
330
737
100
AcDbEntity
 67
1
  8
G-ANTET
100
AcDbText
 10
664.2
 20
128.0
 30
0.0
 40
1.8
  1
18.09.2026
  7
GYM
 11
664.2
 21
128.0
 31
0.0
100
AcDbText
 73
2
  0
TEXT
  5
803
330
737
100
AcDbEntity
 67
1
  8
G-ANTET
100
AcDbText
 10
688.2
 20
128.0
 30
0.0
 40
1.8
  1
Aks sistemi, zincir ölçü, ISO 5457/7200 pafta
  7
GYM
 11
688.2
 21
128.0
 31
0.0
100
AcDbText
 73
2
  0
TEXT
  5
804
330
737
100
AcDbEntity
 67
1
  8
G-ANTET
100
AcDbText
 10
778.2
 20
128.0
 30
0.0
 40
1.8
  1
CC
  7
GYM
 11
778.2
 21
128.0
 31
0.0
100
AcDbText
 73
2
  0
TEXT
  5
805
330
737
100
AcDbEntity
 67
1
  8
G-ANTET
100
AcDbText
 10
796.2
 20
128.0
 30
0.0
 40
1.8
  1
—
  7
GYM
 11
796.2
 21
128.0
 31
0.0
100
AcDbText
 73
2
  0
TEXT
  5
806
330
737
100
AcDbEntity
 67
1
  8
G-ANTET
100
AcDbText
 10
814.2
 20
128.0
 30
0.0
 40
1.8
  1
—
  7
GYM
 11
814.2
 21
128.0
 31
0.0
100
AcDbText
 73
2
  0
TEXT
  5
807
330
737
100
AcDbEntity
 67
1
  8
G-ANTET
100
AcDbText
 10
652.2
 20
122.0
 30
0.0
 40
1.8
  1
C
  7
GYM
 11
652.2
 21
122.0
 31
0.0
100
AcDbText
 73
2
  0
TEXT
  5
808
330
737
100
AcDbEntity
 67
1
  8
G-ANTET
100
AcDbText
 10
664.2
 20
122.0
 30
0.0
 40
1.8
  1
18.09.2026
  7
GYM
 11
664.2
 21
122.0
 31
0.0
100
AcDbText
 73
2
  0
TEXT
  5
809
330
737
100
AcDbEntity
 67
1
  8
G-ANTET
100
AcDbText
 10
688.2
 20
122.0
 30
0.0
 40
1.8
  1
A1 pafta, tekil DXF, ADP tek hat şeması CAD'de
  7
GYM
 11
688.2
 21
122.0
 31
0.0
100
AcDbText
 73
2
  0
TEXT
  5
80A
330
737
100
AcDbEntity
 67
1
  8
G-ANTET
100
AcDbText
 10
778.2
 20
122.0
 30
0.0
 40
1.8
  1
CC
  7
GYM
 11
778.2
 21
122.0
 31
0.0
100
AcDbText
 73
2
  0
TEXT
  5
80B
330
737
100
AcDbEntity
 67
1
  8
G-ANTET
100
AcDbText
 10
796.2
 20
122.0
 30
0.0
 40
1.8
  1
—
  7
GYM
 11
796.2
 21
122.0
 31
0.0
100
AcDbText
 73
2
  0
TEXT
  5
80C
330
737
100
AcDbEntity
 67
1
  8
G-ANTET
100
AcDbText
 10
814.2
 20
122.0
 30
0.0
 40
1.8
  1
—
  7
GYM
 11
814.2
 21
122.0
 31
0.0
100
AcDbText
 73
2
  0
VIEWPORT
  5
80D
330
737
100
AcDbEntity
 67
1
  8
G-VIEWPORT
100
AcDbViewport
 10
337.0
 20
297.0
 30
0.0
 40
616.0
 41
556.0
 68
1
 69
3
 12
5781.402523373163
 22
6494.971236472614
 13
0.0
 23
0.0
 14
10.0
 24
10.0
 15
10.0
 25
10.0
 16
0.0
 26
0.0
 36
1.0
 17
0.0
 27
0.0
 37
0.0
 42
50.0
 43
0.0
 44
0.0
 45
27800.0
 50
0.0
 51
0.0
 72
100
331
8F
331
92
331
94
331
95
331
96
331
97
331
9B
331
9C
331
A3
331
A4
331
A5
331
A6
331
A7
331
A8
331
A9
331
AA
331
B0
331
B1
331
B2
331
B3
331
B4
331
B5
331
B6
331
B9
331
BA
331
BB
331
BC
 90
0
  1

281
0
 71
0
 74
0
110
0.0
120
0.0
130
0.0
111
1.0
121
0.0
131
0.0
112
0.0
122
1.0
132
0.0
 79
0
146
0.0
282
0
  0
LWPOLYLINE
  5
80E
330
737
100
AcDbEntity
 67
1
  8
G-CERCEVE
370
18
100
AcDbPolyline
 90
4
 70
1
 10
29.0
 20
19.0
 10
645.0
 20
19.0
 10
645.0
 20
575.0
 10
29.0
 20
575.0
  0
CIRCLE
  5
80F
330
737
100
AcDbEntity
 67
1
  8
G-ANTET
370
35
100
AcDbCircle
 10
628.0
 20
558.0
 30
0.0
 40
9.0
  0
LWPOLYLINE
  5
810
330
737
100
AcDbEntity
 67
1
  8
G-ANTET
370
50
100
AcDbPolyline
 90
4
 70
1
 10
628.0
 20
565.74
 10
624.94
 20
553.32
 10
628.0
 20
556.38
 10
631.06
 20
553.32
  0
HATCH
  5
811
330
737
100
AcDbEntity
 67
1
  8
G-ANTET
 62
7
100
AcDbHatch
 10
0.0
 20
0.0
 30
0.0
210
0.0
220
0.0
230
1.0
  2
SOLID
 70
1
 71
0
 91
1
 92
3
 72
0
 73
1
 93
3
 10
628.0
 20
565.74
 10
624.94
 20
553.32
 10
628.0
 20
556.38
 97
0
 75
0
 76
1
 98
0
  0
TEXT
  5
812
330
737
100
AcDbEntity
 67
1
  8
G-ANTET
100
AcDbText
 10
628.0
 20
545.0
 30
0.0
 40
3.5
  1
K
  7
GYM
 72
1
 11
628.0
 21
545.0
 31
0.0
100
AcDbText
 73
2
  0
HATCH
  5
813
330
737
100
AcDbEntity
 67
1
  8
G-ANTET
 62
7
100
AcDbHatch
 10
0.0
 20
0.0
 30
0.0
210
0.0
220
0.0
230
1.0
  2
SOLID
 70
1
 71
0
 91
1
 92
3
 72
0
 73
1
 93
4
 10
37.0
 20
27.0
 10
57.0
 20
27.0
 10
57.0
 20
29.2
 10
37.0
 20
29.2
 97
0
 75
0
 76
1
 98
0
  0
LWPOLYLINE
  5
814
330
737
100
AcDbEntity
 67
1
  8
G-ANTET
370
18
100
AcDbPolyline
 90
4
 70
1
 10
37.0
 20
27.0
 10
57.0
 20
27.0
 10
57.0
 20
29.2
 10
37.0
 20
29.2
  0
HATCH
  5
815
330
737
100
AcDbEntity
 67
1
  8
G-ANTET
 62
0
100
AcDbHatch
 10
0.0
 20
0.0
 30
0.0
210
0.0
220
0.0
230
1.0
  2
SOLID
 70
1
 71
0
 91
1
 92
3
 72
0
 73
1
 93
4
 10
57.0
 20
27.0
 10
77.0
 20
27.0
 10
77.0
 20
29.2
 10
57.0
 20
29.2
 97
0
 75
0
 76
1
 98
0
  0
LWPOLYLINE
  5
816
330
737
100
AcDbEntity
 67
1
  8
G-ANTET
370
18
100
AcDbPolyline
 90
4
 70
1
 10
57.0
 20
27.0
 10
77.0
 20
27.0
 10
77.0
 20
29.2
 10
57.0
 20
29.2
  0
HATCH
  5
817
330
737
100
AcDbEntity
 67
1
  8
G-ANTET
 62
7
100
AcDbHatch
 10
0.0
 20
0.0
 30
0.0
210
0.0
220
0.0
230
1.0
  2
SOLID
 70
1
 71
0
 91
1
 92
3
 72
0
 73
1
 93
4
 10
77.0
 20
27.0
 10
97.0
 20
27.0
 10
97.0
 20
29.2
 10
77.0
 20
29.2
 97
0
 75
0
 76
1
 98
0
  0
LWPOLYLINE
  5
818
330
737
100
AcDbEntity
 67
1
  8
G-ANTET
370
18
100
AcDbPolyline
 90
4
 70
1
 10
77.0
 20
27.0
 10
97.0
 20
27.0
 10
97.0
 20
29.2
 10
77.0
 20
29.2
  0
HATCH
  5
819
330
737
100
AcDbEntity
 67
1
  8
G-ANTET
 62
0
100
AcDbHatch
 10
0.0
 20
0.0
 30
0.0
210
0.0
220
0.0
230
1.0
  2
SOLID
 70
1
 71
0
 91
1
 92
3
 72
0
 73
1
 93
4
 10
97.0
 20
27.0
 10
117.0
 20
27.0
 10
117.0
 20
29.2
 10
97.0
 20
29.2
 97
0
 75
0
 76
1
 98
0
  0
LWPOLYLINE
  5
81A
330
737
100
AcDbEntity
 67
1
  8
G-ANTET
370
18
100
AcDbPolyline
 90
4
 70
1
 10
97.0
 20
27.0
 10
117.0
 20
27.0
 10
117.0
 20
29.2
 10
97.0
 20
29.2
  0
HATCH
  5
81B
330
737
100
AcDbEntity
 67
1
  8
G-ANTET
 62
7
100
AcDbHatch
 10
0.0
 20
0.0
 30
0.0
210
0.0
220
0.0
230
1.0
  2
SOLID
 70
1
 71
0
 91
1
 92
3
 72
0
 73
1
 93
4
 10
117.0
 20
27.0
 10
137.0
 20
27.0
 10
137.0
 20
29.2
 10
117.0
 20
29.2
 97
0
 75
0
 76
1
 98
0
  0
LWPOLYLINE
  5
81C
330
737
100
AcDbEntity
 67
1
  8
G-ANTET
370
18
100
AcDbPolyline
 90
4
 70
1
 10
117.0
 20
27.0
 10
137.0
 20
27.0
 10
137.0
 20
29.2
 10
117.0
 20
29.2
  0
TEXT
  5
81D
330
737
100
AcDbEntity
 67
1
  8
G-ANTET
100
AcDbText
 10
37.0
 20
23.8
 30
0.0
 40
1.8
  1
0
  7
GYM
 72
1
 11
37.0
 21
23.8
 31
0.0
100
AcDbText
 73
2
  0
TEXT
  5
81E
330
737
100
AcDbEntity
 67
1
  8
G-ANTET
100
AcDbText
 10
57.0
 20
23.8
 30
0.0
 40
1.8
  1
1
  7
GYM
 72
1
 11
57.0
 21
23.8
 31
0.0
100
AcDbText
 73
2
  0
TEXT
  5
81F
330
737
100
AcDbEntity
 67
1
  8
G-ANTET
100
AcDbText
 10
77.0
 20
23.8
 30
0.0
 40
1.8
  1
2
  7
GYM
 72
1
 11
77.0
 21
23.8
 31
0.0
100
AcDbText
 73
2
  0
TEXT
  5
820
330
737
100
AcDbEntity
 67
1
  8
G-ANTET
100
AcDbText
 10
97.0
 20
23.8
 30
0.0
 40
1.8
  1
3
  7
GYM
 72
1
 11
97.0
 21
23.8
 31
0.0
100
AcDbText
 73
2
  0
TEXT
  5
821
330
737
100
AcDbEntity
 67
1
  8
G-ANTET
100
AcDbText
 10
117.0
 20
23.8
 30
0.0
 40
1.8
  1
4
  7
GYM
 72
1
 11
117.0
 21
23.8
 31
0.0
100
AcDbText
 73
2
  0
TEXT
  5
822
330
737
100
AcDbEntity
 67
1
  8
G-ANTET
100
AcDbText
 10
137.0
 20
23.8
 30
0.0
 40
1.8
  1
5
  7
GYM
 72
1
 11
137.0
 21
23.8
 31
0.0
100
AcDbText
 73
2
  0
TEXT
  5
823
330
737
100
AcDbEntity
 67
1
  8
G-ANTET
100
AcDbText
 10
140.0
 20
28.1
 30
0.0
 40
1.8
  1
m
  7
GYM
 11
140.0
 21
28.1
 31
0.0
100
AcDbText
 73
2
  0
TEXT
  5
824
330
737
100
AcDbEntity
 67
1
  8
G-ANTET
100
AcDbText
 10
37.0
 20
31.0
 30
0.0
 40
1.8
  1
ÖLÇEK 1:50
  7
GYM
 11
37.0
 21
31.0
 31
0.0
100
AcDbText
 73
2
  0
LWPOLYLINE
  5
825
330
737
100
AcDbEntity
 67
1
  8
G-ANTET
 62
1
370
50
100
AcDbPolyline
 90
4
 70
1
 10
573.0
 20
27.0
 10
643.0
 20
27.0
 10
643.0
 20
36.0
 10
573.0
 20
36.0
  0
TEXT
  5
826
330
737
100
AcDbEntity
 67
1
  8
G-ANTET
 62
1
100
AcDbText
 10
608.0
 20
31.5
 30
0.0
 40
1.8
  1
ÖN TASARIM — UYGULAMA İÇİN DEĞİLDİR
  7
GYM
 72
1
 11
608.0
 21
31.5
 31
0.0
100
AcDbText
 73
2
  0
TEXT
  5
827
330
737
100
AcDbEntity
 67
1
  8
G-YAZI
100
AcDbText
 10
31.0
 20
577.2
 30
0.0
 40
1.8
  1
ÖLÇÜ ALINMAZ — YAZILI ÖLÇÜLER GEÇERLİDİR
  7
GYM
 11
31.0
 21
577.2
 31
0.0
100
AcDbText
 73
2
  0
TEXT
  5
828
330
737
100
AcDbEntity
 67
1
  8
G-YAZI
100
AcDbText
 10
651.0
 20
573.0
 30
0.0
 40
3.5
  1
ANAHTAR PLAN
  7
GYM
 11
651.0
 21
573.0
 31
0.0
100
AcDbText
 73
2
  0
LINE
  5
829
330
737
100
AcDbEntity
 67
1
  8
G-YAZI
370
35
100
AcDbLine
 10
651.0
 20
570.6
 30
0.0
 11
831.0
 21
570.6
 31
0.0
  0
LWPOLYLINE
  5
82A
330
737
100
AcDbEntity
 67
1
  8
G-ANTET
370
35
100
AcDbPolyline
 90
4
 70
1
 10
651.0
 20
518.0
 10
831.0
 20
518.0
 10
831.0
 20
566.0
 10
651.0
 20
566.0
  0
LWPOLYLINE
  5
82B
330
737
100
AcDbEntity
 67
1
  8
G-ANTET
370
35
100
AcDbPolyline
 90
28
 70
1
 10
757.1062355658198
 20
537.270207852194
 10
758.8029253271748
 20
525.3995381062356
 10
755.3941493456505
 20
525.2209391839876
 10
755.2217090069284
 20
526.7482678983833
 10
754.3471901462664
 20
526.7174749807544
 10
754.4518860662048
 20
525.1347190146266
 10
752.5349479953162
 20
523.6045316071629
 10
752.545804464973
 20
523.5334872979215
 10
750.676674364896
 20
522.0
 10
733.1770592763664
 20
522.0
 10
729.2232486528098
 20
526.788298691301
 10
728.5304080061586
 20
525.3102386451117
 10
724.9799846035412
 20
525.8398768283295
 10
723.1970746728252
 20
543.0623556581986
 10
726.6951501154734
 20
543.342571208622
 10
725.8237105465743
 20
547.7798306389531
 10
742.8799076212471
 20
549.6058506543495
 10
741.1801385681293
 20
560.4880677444188
 10
753.6358737490377
 20
562.0
 10
755.5019245573518
 20
549.008468052348
 10
748.7983063895304
 20
548.0569668976135
 10
749.3267740458115
 20
544.5986953983345
 10
748.8444957659738
 20
548.0015396458814
 10
755.4464973056197
 20
548.9530408006159
 10
757.0569668976135
 20
537.6428021555042
 10
750.53138234719
 20
536.7157861853696
 10
750.5883503174795
 20
536.3429900346829
 10
757.1062355658198
 20
537.270207852194
  0
LWPOLYLINE
  5
82C
330
737
100
AcDbEntity
 67
1
  8
G-ANTET
370
13
100
AcDbPolyline
 90
5
 70
1
 10
755.4464973056197
 20
548.9530408006159
 10
748.8444957659738
 20
548.0015396458814
 10
750.445727482679
 20
536.7036181678214
 10
757.0569668976135
 20
537.6428021555042
 10
755.4464973056197
 20
548.9530408006159
  0
LWPOLYLINE
  5
82D
330
737
100
AcDbEntity
 67
1
  8
G-ANTET
370
13
100
AcDbPolyline
 90
9
 70
1
 10
757.1062355658198
 20
537.270207852194
 10
750.504234026174
 20
536.3310238645112
 10
752.3456505003849
 20
523.4534257120862
 10
754.4518860662048
 20
525.1347190146266
 10
754.3471901462664
 20
526.7174749807544
 10
755.2217090069284
 20
526.7482678983833
 10
755.3941493456505
 20
525.2209391839876
 10
758.8029253271748
 20
525.3995381062356
 10
757.1062355658198
 20
537.270207852194
  0
TEXT
  5
82E
330
737
100
AcDbEntity
 67
1
  8
G-YAZI
100
AcDbText
 10
651.0
 20
514.0
 30
0.0
 40
3.5
  1
LEJANT
  7
GYM
 11
651.0
 21
514.0
 31
0.0
100
AcDbText
 73
2
  0
LINE
  5
82F
330
737
100
AcDbEntity
 67
1
  8
G-YAZI
370
35
100
AcDbLine
 10
651.0
 20
511.6
 30
0.0
 11
831.0
 21
511.6
 31
0.0
  0
LINE
  5
830
330
737
100
AcDbEntity
 67
1
  8
G-ANTET
  6
Continuous
 62
8
370
35
100
AcDbLine
 10
651.0
 20
507.0
 30
0.0
 11
663.0
 21
507.0
 31
0.0
  0
TEXT
  5
831
330
737
100
AcDbEntity
 67
1
  8
G-YAZI
100
AcDbText
 10
666.0
 20
507.0
 30
0.0
 40
1.8
  1
Mimari — mevcut duvar (korunuyor)
  7
GYM
 11
666.0
 21
507.0
 31
0.0
100
AcDbText
 73
2
  0
LINE
  5
832
330
737
100
AcDbEntity
 67
1
  8
G-ANTET
  6
Continuous
 62
1
370
35
100
AcDbLine
 10
651.0
 20
502.4
 30
0.0
 11
663.0
 21
502.4
 31
0.0
  0
TEXT
  5
833
330
737
100
AcDbEntity
 67
1
  8
G-YAZI
100
AcDbText
 10
666.0
 20
502.4
 30
0.0
 40
1.8
  1
Mimari — yeni alçıpan bölme
  7
GYM
 11
666.0
 21
502.4
 31
0.0
100
AcDbText
 73
2
  0
LINE
  5
834
330
737
100
AcDbEntity
 67
1
  8
G-ANTET
  6
Continuous
 62
5
370
25
100
AcDbLine
 10
651.0
 20
497.79999999999995
 30
0.0
 11
663.0
 21
497.79999999999995
 31
0.0
  0
TEXT
  5
835
330
737
100
AcDbEntity
 67
1
  8
G-YAZI
100
AcDbText
 10
666.0
 20
497.79999999999995
 30
0.0
 40
1.8
  1
Mimari — cephe doğraması
  7
GYM
 11
666.0
 21
497.79999999999995
 31
0.0
100
AcDbText
 73
2
  0
LINE
  5
836
330
737
100
AcDbEntity
 67
1
  8
G-ANTET
  6
Continuous
 62
8
370
18
100
AcDbLine
 10
651.0
 20
493.19999999999993
 30
0.0
 11
663.0
 21
493.19999999999993
 31
0.0
  0
TEXT
  5
837
330
737
100
AcDbEntity
 67
1
  8
G-YAZI
100
AcDbText
 10
666.0
 20
493.19999999999993
 30
0.0
 40
1.8
  1
Mimari — kapı ve açılım
  7
GYM
 11
666.0
 21
493.19999999999993
 31
0.0
100
AcDbText
 73
2
  0
LINE
  5
838
330
737
100
AcDbEntity
 67
1
  8
G-ANTET
  6
Continuous
 62
9
370
18
100
AcDbLine
 10
651.0
 20
488.5999999999999
 30
0.0
 11
663.0
 21
488.5999999999999
 31
0.0
  0
TEXT
  5
839
330
737
100
AcDbEntity
 67
1
  8
G-YAZI
100
AcDbText
 10
666.0
 20
488.5999999999999
 30
0.0
 40
1.8
  1
Mimari — sabit mobilya
  7
GYM
 11
666.0
 21
488.5999999999999
 31
0.0
100
AcDbText
 73
2
  0
LINE
  5
83A
330
737
100
AcDbEntity
 67
1
  8
G-ANTET
  6
Continuous
 62
250
370
18
100
AcDbLine
 10
651.0
 20
483.9999999999999
 30
0.0
 11
663.0
 21
483.9999999999999
 31
0.0
  0
TEXT
  5
83B
330
737
100
AcDbEntity
 67
1
  8
G-YAZI
100
AcDbText
 10
666.0
 20
483.9999999999999
 30
0.0
 40
1.8
  1
Mimari — mahal numarası ve kapı kodu balonu
  7
GYM
 11
666.0
 21
483.9999999999999
 31
0.0
100
AcDbText
 73
2
  0
LINE
  5
83C
330
737
100
AcDbEntity
 67
1
  8
G-ANTET
  6
Continuous
 62
150
370
25
100
AcDbLine
 10
651.0
 20
479.39999999999986
 30
0.0
 11
663.0
 21
479.39999999999986
 31
0.0
  0
TEXT
  5
83D
330
737
100
AcDbEntity
 67
1
  8
G-YAZI
100
AcDbText
 10
666.0
 20
479.39999999999986
 30
0.0
 40
1.8
  1
Mimari — asma tavan tipi sınırı
  7
GYM
 11
666.0
 21
479.39999999999986
 31
0.0
100
AcDbText
 73
2
  0
LINE
  5
83E
330
737
100
AcDbEntity
 67
1
  8
G-ANTET
  6
Continuous
 62
150
370
13
100
AcDbLine
 10
651.0
 20
474.79999999999984
 30
0.0
 11
663.0
 21
474.79999999999984
 31
0.0
  0
TEXT
  5
83F
330
737
100
AcDbEntity
 67
1
  8
G-YAZI
100
AcDbText
 10
666.0
 20
474.79999999999984
 30
0.0
 40
1.8
  1
Mimari — asma tavan tipi ve kotu
  7
GYM
 11
666.0
 21
474.79999999999984
 31
0.0
100
AcDbText
 73
2
  0
LINE
  5
840
330
737
100
AcDbEntity
 67
1
  8
G-ANTET
  6
Continuous
 62
150
370
18
100
AcDbLine
 10
651.0
 20
470.1999999999998
 30
0.0
 11
663.0
 21
470.1999999999998
 31
0.0
  0
TEXT
  5
841
330
737
100
AcDbEntity
 67
1
  8
G-YAZI
100
AcDbText
 10
666.0
 20
470.1999999999998
 30
0.0
 40
1.8
  1
Mimari — revizyon kapağı 300×300
  7
GYM
 11
666.0
 21
470.1999999999998
 31
0.0
100
AcDbText
 73
2
  0
TEXT
  5
842
330
737
100
AcDbEntity
 67
1
  8
G-YAZI
100
AcDbText
 10
651.0
 20
460.5999999999998
 30
0.0
 40
3.5
  1
GENEL NOTLAR
  7
GYM
 11
651.0
 21
460.5999999999998
 31
0.0
100
AcDbText
 73
2
  0
LINE
  5
843
330
737
100
AcDbEntity
 67
1
  8
G-YAZI
370
35
100
AcDbLine
 10
651.0
 20
458.1999999999998
 30
0.0
 11
831.0
 21
458.1999999999998
 31
0.0
  0
TEXT
  5
844
330
737
100
AcDbEntity
 67
1
  8
G-YAZI
100
AcDbText
 10
651.0
 20
453.5999999999998
 30
0.0
 40
1.8
  1
1. T1 acik tavan +3,20 · T2 +2,75
  7
GYM
 11
651.0
 21
453.5999999999998
 31
0.0
100
AcDbText
 73
2
  0
TEXT
  5
845
330
737
100
AcDbEntity
 67
1
  8
G-YAZI
100
AcDbText
 10
651.0
 20
448.7999999999998
 30
0.0
 40
1.8
  1
2. T4 +2,60 · T3 +2,40.
  7
GYM
 11
651.0
 21
448.7999999999998
 31
0.0
100
AcDbText
 73
2
  0
TEXT
  5
846
330
737
100
AcDbEntity
 67
1
  8
G-YAZI
100
AcDbText
 10
651.0
 20
443.9999999999998
 30
0.0
 40
1.8
  1
3. Tesisat askisi alcipan karkasina
  7
GYM
 11
651.0
 21
443.9999999999998
 31
0.0
100
AcDbText
 73
2
  0
TEXT
  5
847
330
737
100
AcDbEntity
 67
1
  8
G-YAZI
100
AcDbText
 10
651.0
 20
439.19999999999976
 30
0.0
 40
1.8
  1
4. asilmaz; ayri askilanir.
  7
GYM
 11
651.0
 21
439.19999999999976
 31
0.0
100
AcDbText
 73
2
  0
TEXT
  5
848
330
737
100
AcDbEntity
 67
1
  8
G-YAZI
100
AcDbText
 10
651.0
 20
434.39999999999975
 30
0.0
 40
1.8
  1
5. Her islak hacimde 300x300 revizyon.
  7
GYM
 11
651.0
 21
434.39999999999975
 31
0.0
100
AcDbText
 73
2
  0
ENDBLK
  5
739
330
737
100
AcDbEntity
  8
0
100
AcDbBlockEnd
  0
BLOCK
  5
84A
330
849
100
AcDbEntity
  8
0
100
AcDbBlockBegin
  2
*Paper_Space4
 70
0
 10
0.0
 20
0.0
 30
0.0
  3
*Paper_Space4
  1

  0
VIEWPORT
  5
84D
330
849
100
AcDbEntity
 67
1
  8
VIEWPORTS
100
AcDbViewport
 10
420.5
 20
297.0
 30
0.0
 40
925.1
 41
653.4000000000001
 68
1
 69
1
 12
420.5
 22
297.0
 13
0.0
 23
0.0
 14
10.0
 24
10.0
 15
10.0
 25
10.0
 16
0.0
 26
0.0
 36
1.0
 17
0.0
 27
0.0
 37
0.0
 42
50.0
 43
0.0
 44
0.0
 45
653.4000000000001
 50
0.0
 51
0.0
 72
100
 90
557088
  1

281
0
 71
0
 74
0
110
0.0
120
0.0
130
0.0
111
1.0
121
0.0
131
0.0
112
0.0
122
1.0
132
0.0
 79
0
146
0.0
282
0
  0
LWPOLYLINE
  5
84E
330
849
100
AcDbEntity
 67
1
  8
G-CERCEVE
370
13
100
AcDbPolyline
 90
4
 70
1
 10
0.0
 20
0.0
 10
10.0
 20
0.0
 10
10.0
 20
10.0
 10
0.0
 20
10.0
  0
LWPOLYLINE
  5
84F
330
849
100
AcDbEntity
 67
1
  8
G-CERCEVE
370
13
100
AcDbPolyline
 90
4
 70
1
 10
831.0
 20
0.0
 10
841.0
 20
0.0
 10
841.0
 20
10.0
 10
831.0
 20
10.0
  0
LWPOLYLINE
  5
850
330
849
100
AcDbEntity
 67
1
  8
G-CERCEVE
370
13
100
AcDbPolyline
 90
4
 70
1
 10
831.0
 20
584.0
 10
841.0
 20
584.0
 10
841.0
 20
594.0
 10
831.0
 20
594.0
  0
LWPOLYLINE
  5
851
330
849
100
AcDbEntity
 67
1
  8
G-CERCEVE
370
13
100
AcDbPolyline
 90
4
 70
1
 10
0.0
 20
584.0
 10
10.0
 20
584.0
 10
10.0
 20
594.0
 10
0.0
 20
594.0
  0
LWPOLYLINE
  5
852
330
849
100
AcDbEntity
 67
1
  8
G-CERCEVE
370
70
100
AcDbPolyline
 90
4
 70
1
 10
20.0
 20
10.0
 10
831.0
 20
10.0
 10
831.0
 20
584.0
 10
20.0
 20
584.0
  0
LWPOLYLINE
  5
853
330
849
100
AcDbEntity
 67
1
  8
G-PAFTA-ZON
370
13
100
AcDbPolyline
 90
4
 70
1
 10
25.0
 20
15.0
 10
826.0
 20
15.0
 10
826.0
 20
579.0
 10
25.0
 20
579.0
  0
TEXT
  5
854
330
849
100
AcDbEntity
 67
1
  8
G-PAFTA-ZON
100
AcDbText
 10
50.03125
 20
12.5
 30
0.0
 40
3.5
  1
1
  7
GYM
 72
1
 11
50.03125
 21
12.5
 31
0.0
100
AcDbText
 73
2
  0
TEXT
  5
855
330
849
100
AcDbEntity
 67
1
  8
G-PAFTA-ZON
100
AcDbText
 10
50.03125
 20
581.5
 30
0.0
 40
3.5
  1
1
  7
GYM
 72
1
 11
50.03125
 21
581.5
 31
0.0
100
AcDbText
 73
2
  0
LINE
  5
856
330
849
100
AcDbEntity
 67
1
  8
G-PAFTA-ZON
370
13
100
AcDbLine
 10
75.0625
 20
10.0
 30
0.0
 11
75.0625
 21
15.0
 31
0.0
  0
LINE
  5
857
330
849
100
AcDbEntity
 67
1
  8
G-PAFTA-ZON
370
13
100
AcDbLine
 10
75.0625
 20
579.0
 30
0.0
 11
75.0625
 21
584.0
 31
0.0
  0
TEXT
  5
858
330
849
100
AcDbEntity
 67
1
  8
G-PAFTA-ZON
100
AcDbText
 10
100.09375
 20
12.5
 30
0.0
 40
3.5
  1
2
  7
GYM
 72
1
 11
100.09375
 21
12.5
 31
0.0
100
AcDbText
 73
2
  0
TEXT
  5
859
330
849
100
AcDbEntity
 67
1
  8
G-PAFTA-ZON
100
AcDbText
 10
100.09375
 20
581.5
 30
0.0
 40
3.5
  1
2
  7
GYM
 72
1
 11
100.09375
 21
581.5
 31
0.0
100
AcDbText
 73
2
  0
LINE
  5
85A
330
849
100
AcDbEntity
 67
1
  8
G-PAFTA-ZON
370
13
100
AcDbLine
 10
125.125
 20
10.0
 30
0.0
 11
125.125
 21
15.0
 31
0.0
  0
LINE
  5
85B
330
849
100
AcDbEntity
 67
1
  8
G-PAFTA-ZON
370
13
100
AcDbLine
 10
125.125
 20
579.0
 30
0.0
 11
125.125
 21
584.0
 31
0.0
  0
TEXT
  5
85C
330
849
100
AcDbEntity
 67
1
  8
G-PAFTA-ZON
100
AcDbText
 10
150.15625
 20
12.5
 30
0.0
 40
3.5
  1
3
  7
GYM
 72
1
 11
150.15625
 21
12.5
 31
0.0
100
AcDbText
 73
2
  0
TEXT
  5
85D
330
849
100
AcDbEntity
 67
1
  8
G-PAFTA-ZON
100
AcDbText
 10
150.15625
 20
581.5
 30
0.0
 40
3.5
  1
3
  7
GYM
 72
1
 11
150.15625
 21
581.5
 31
0.0
100
AcDbText
 73
2
  0
LINE
  5
85E
330
849
100
AcDbEntity
 67
1
  8
G-PAFTA-ZON
370
13
100
AcDbLine
 10
175.1875
 20
10.0
 30
0.0
 11
175.1875
 21
15.0
 31
0.0
  0
LINE
  5
85F
330
849
100
AcDbEntity
 67
1
  8
G-PAFTA-ZON
370
13
100
AcDbLine
 10
175.1875
 20
579.0
 30
0.0
 11
175.1875
 21
584.0
 31
0.0
  0
TEXT
  5
860
330
849
100
AcDbEntity
 67
1
  8
G-PAFTA-ZON
100
AcDbText
 10
200.21875
 20
12.5
 30
0.0
 40
3.5
  1
4
  7
GYM
 72
1
 11
200.21875
 21
12.5
 31
0.0
100
AcDbText
 73
2
  0
TEXT
  5
861
330
849
100
AcDbEntity
 67
1
  8
G-PAFTA-ZON
100
AcDbText
 10
200.21875
 20
581.5
 30
0.0
 40
3.5
  1
4
  7
GYM
 72
1
 11
200.21875
 21
581.5
 31
0.0
100
AcDbText
 73
2
  0
LINE
  5
862
330
849
100
AcDbEntity
 67
1
  8
G-PAFTA-ZON
370
13
100
AcDbLine
 10
225.25
 20
10.0
 30
0.0
 11
225.25
 21
15.0
 31
0.0
  0
LINE
  5
863
330
849
100
AcDbEntity
 67
1
  8
G-PAFTA-ZON
370
13
100
AcDbLine
 10
225.25
 20
579.0
 30
0.0
 11
225.25
 21
584.0
 31
0.0
  0
TEXT
  5
864
330
849
100
AcDbEntity
 67
1
  8
G-PAFTA-ZON
100
AcDbText
 10
250.28125
 20
12.5
 30
0.0
 40
3.5
  1
5
  7
GYM
 72
1
 11
250.28125
 21
12.5
 31
0.0
100
AcDbText
 73
2
  0
TEXT
  5
865
330
849
100
AcDbEntity
 67
1
  8
G-PAFTA-ZON
100
AcDbText
 10
250.28125
 20
581.5
 30
0.0
 40
3.5
  1
5
  7
GYM
 72
1
 11
250.28125
 21
581.5
 31
0.0
100
AcDbText
 73
2
  0
LINE
  5
866
330
849
100
AcDbEntity
 67
1
  8
G-PAFTA-ZON
370
13
100
AcDbLine
 10
275.3125
 20
10.0
 30
0.0
 11
275.3125
 21
15.0
 31
0.0
  0
LINE
  5
867
330
849
100
AcDbEntity
 67
1
  8
G-PAFTA-ZON
370
13
100
AcDbLine
 10
275.3125
 20
579.0
 30
0.0
 11
275.3125
 21
584.0
 31
0.0
  0
TEXT
  5
868
330
849
100
AcDbEntity
 67
1
  8
G-PAFTA-ZON
100
AcDbText
 10
300.34375
 20
12.5
 30
0.0
 40
3.5
  1
6
  7
GYM
 72
1
 11
300.34375
 21
12.5
 31
0.0
100
AcDbText
 73
2
  0
TEXT
  5
869
330
849
100
AcDbEntity
 67
1
  8
G-PAFTA-ZON
100
AcDbText
 10
300.34375
 20
581.5
 30
0.0
 40
3.5
  1
6
  7
GYM
 72
1
 11
300.34375
 21
581.5
 31
0.0
100
AcDbText
 73
2
  0
LINE
  5
86A
330
849
100
AcDbEntity
 67
1
  8
G-PAFTA-ZON
370
13
100
AcDbLine
 10
325.375
 20
10.0
 30
0.0
 11
325.375
 21
15.0
 31
0.0
  0
LINE
  5
86B
330
849
100
AcDbEntity
 67
1
  8
G-PAFTA-ZON
370
13
100
AcDbLine
 10
325.375
 20
579.0
 30
0.0
 11
325.375
 21
584.0
 31
0.0
  0
TEXT
  5
86C
330
849
100
AcDbEntity
 67
1
  8
G-PAFTA-ZON
100
AcDbText
 10
350.40625
 20
12.5
 30
0.0
 40
3.5
  1
7
  7
GYM
 72
1
 11
350.40625
 21
12.5
 31
0.0
100
AcDbText
 73
2
  0
TEXT
  5
86D
330
849
100
AcDbEntity
 67
1
  8
G-PAFTA-ZON
100
AcDbText
 10
350.40625
 20
581.5
 30
0.0
 40
3.5
  1
7
  7
GYM
 72
1
 11
350.40625
 21
581.5
 31
0.0
100
AcDbText
 73
2
  0
LINE
  5
86E
330
849
100
AcDbEntity
 67
1
  8
G-PAFTA-ZON
370
13
100
AcDbLine
 10
375.4375
 20
10.0
 30
0.0
 11
375.4375
 21
15.0
 31
0.0
  0
LINE
  5
86F
330
849
100
AcDbEntity
 67
1
  8
G-PAFTA-ZON
370
13
100
AcDbLine
 10
375.4375
 20
579.0
 30
0.0
 11
375.4375
 21
584.0
 31
0.0
  0
TEXT
  5
870
330
849
100
AcDbEntity
 67
1
  8
G-PAFTA-ZON
100
AcDbText
 10
400.46875
 20
12.5
 30
0.0
 40
3.5
  1
8
  7
GYM
 72
1
 11
400.46875
 21
12.5
 31
0.0
100
AcDbText
 73
2
  0
TEXT
  5
871
330
849
100
AcDbEntity
 67
1
  8
G-PAFTA-ZON
100
AcDbText
 10
400.46875
 20
581.5
 30
0.0
 40
3.5
  1
8
  7
GYM
 72
1
 11
400.46875
 21
581.5
 31
0.0
100
AcDbText
 73
2
  0
LINE
  5
872
330
849
100
AcDbEntity
 67
1
  8
G-PAFTA-ZON
370
13
100
AcDbLine
 10
425.5
 20
10.0
 30
0.0
 11
425.5
 21
15.0
 31
0.0
  0
LINE
  5
873
330
849
100
AcDbEntity
 67
1
  8
G-PAFTA-ZON
370
13
100
AcDbLine
 10
425.5
 20
579.0
 30
0.0
 11
425.5
 21
584.0
 31
0.0
  0
TEXT
  5
874
330
849
100
AcDbEntity
 67
1
  8
G-PAFTA-ZON
100
AcDbText
 10
450.53125
 20
12.5
 30
0.0
 40
3.5
  1
9
  7
GYM
 72
1
 11
450.53125
 21
12.5
 31
0.0
100
AcDbText
 73
2
  0
TEXT
  5
875
330
849
100
AcDbEntity
 67
1
  8
G-PAFTA-ZON
100
AcDbText
 10
450.53125
 20
581.5
 30
0.0
 40
3.5
  1
9
  7
GYM
 72
1
 11
450.53125
 21
581.5
 31
0.0
100
AcDbText
 73
2
  0
LINE
  5
876
330
849
100
AcDbEntity
 67
1
  8
G-PAFTA-ZON
370
13
100
AcDbLine
 10
475.5625
 20
10.0
 30
0.0
 11
475.5625
 21
15.0
 31
0.0
  0
LINE
  5
877
330
849
100
AcDbEntity
 67
1
  8
G-PAFTA-ZON
370
13
100
AcDbLine
 10
475.5625
 20
579.0
 30
0.0
 11
475.5625
 21
584.0
 31
0.0
  0
TEXT
  5
878
330
849
100
AcDbEntity
 67
1
  8
G-PAFTA-ZON
100
AcDbText
 10
500.59375
 20
12.5
 30
0.0
 40
3.5
  1
10
  7
GYM
 72
1
 11
500.59375
 21
12.5
 31
0.0
100
AcDbText
 73
2
  0
TEXT
  5
879
330
849
100
AcDbEntity
 67
1
  8
G-PAFTA-ZON
100
AcDbText
 10
500.59375
 20
581.5
 30
0.0
 40
3.5
  1
10
  7
GYM
 72
1
 11
500.59375
 21
581.5
 31
0.0
100
AcDbText
 73
2
  0
LINE
  5
87A
330
849
100
AcDbEntity
 67
1
  8
G-PAFTA-ZON
370
13
100
AcDbLine
 10
525.625
 20
10.0
 30
0.0
 11
525.625
 21
15.0
 31
0.0
  0
LINE
  5
87B
330
849
100
AcDbEntity
 67
1
  8
G-PAFTA-ZON
370
13
100
AcDbLine
 10
525.625
 20
579.0
 30
0.0
 11
525.625
 21
584.0
 31
0.0
  0
TEXT
  5
87C
330
849
100
AcDbEntity
 67
1
  8
G-PAFTA-ZON
100
AcDbText
 10
550.65625
 20
12.5
 30
0.0
 40
3.5
  1
11
  7
GYM
 72
1
 11
550.65625
 21
12.5
 31
0.0
100
AcDbText
 73
2
  0
TEXT
  5
87D
330
849
100
AcDbEntity
 67
1
  8
G-PAFTA-ZON
100
AcDbText
 10
550.65625
 20
581.5
 30
0.0
 40
3.5
  1
11
  7
GYM
 72
1
 11
550.65625
 21
581.5
 31
0.0
100
AcDbText
 73
2
  0
LINE
  5
87E
330
849
100
AcDbEntity
 67
1
  8
G-PAFTA-ZON
370
13
100
AcDbLine
 10
575.6875
 20
10.0
 30
0.0
 11
575.6875
 21
15.0
 31
0.0
  0
LINE
  5
87F
330
849
100
AcDbEntity
 67
1
  8
G-PAFTA-ZON
370
13
100
AcDbLine
 10
575.6875
 20
579.0
 30
0.0
 11
575.6875
 21
584.0
 31
0.0
  0
TEXT
  5
880
330
849
100
AcDbEntity
 67
1
  8
G-PAFTA-ZON
100
AcDbText
 10
600.71875
 20
12.5
 30
0.0
 40
3.5
  1
12
  7
GYM
 72
1
 11
600.71875
 21
12.5
 31
0.0
100
AcDbText
 73
2
  0
TEXT
  5
881
330
849
100
AcDbEntity
 67
1
  8
G-PAFTA-ZON
100
AcDbText
 10
600.71875
 20
581.5
 30
0.0
 40
3.5
  1
12
  7
GYM
 72
1
 11
600.71875
 21
581.5
 31
0.0
100
AcDbText
 73
2
  0
LINE
  5
882
330
849
100
AcDbEntity
 67
1
  8
G-PAFTA-ZON
370
13
100
AcDbLine
 10
625.75
 20
10.0
 30
0.0
 11
625.75
 21
15.0
 31
0.0
  0
LINE
  5
883
330
849
100
AcDbEntity
 67
1
  8
G-PAFTA-ZON
370
13
100
AcDbLine
 10
625.75
 20
579.0
 30
0.0
 11
625.75
 21
584.0
 31
0.0
  0
TEXT
  5
884
330
849
100
AcDbEntity
 67
1
  8
G-PAFTA-ZON
100
AcDbText
 10
650.78125
 20
12.5
 30
0.0
 40
3.5
  1
13
  7
GYM
 72
1
 11
650.78125
 21
12.5
 31
0.0
100
AcDbText
 73
2
  0
TEXT
  5
885
330
849
100
AcDbEntity
 67
1
  8
G-PAFTA-ZON
100
AcDbText
 10
650.78125
 20
581.5
 30
0.0
 40
3.5
  1
13
  7
GYM
 72
1
 11
650.78125
 21
581.5
 31
0.0
100
AcDbText
 73
2
  0
LINE
  5
886
330
849
100
AcDbEntity
 67
1
  8
G-PAFTA-ZON
370
13
100
AcDbLine
 10
675.8125
 20
10.0
 30
0.0
 11
675.8125
 21
15.0
 31
0.0
  0
LINE
  5
887
330
849
100
AcDbEntity
 67
1
  8
G-PAFTA-ZON
370
13
100
AcDbLine
 10
675.8125
 20
579.0
 30
0.0
 11
675.8125
 21
584.0
 31
0.0
  0
TEXT
  5
888
330
849
100
AcDbEntity
 67
1
  8
G-PAFTA-ZON
100
AcDbText
 10
700.84375
 20
12.5
 30
0.0
 40
3.5
  1
14
  7
GYM
 72
1
 11
700.84375
 21
12.5
 31
0.0
100
AcDbText
 73
2
  0
TEXT
  5
889
330
849
100
AcDbEntity
 67
1
  8
G-PAFTA-ZON
100
AcDbText
 10
700.84375
 20
581.5
 30
0.0
 40
3.5
  1
14
  7
GYM
 72
1
 11
700.84375
 21
581.5
 31
0.0
100
AcDbText
 73
2
  0
LINE
  5
88A
330
849
100
AcDbEntity
 67
1
  8
G-PAFTA-ZON
370
13
100
AcDbLine
 10
725.875
 20
10.0
 30
0.0
 11
725.875
 21
15.0
 31
0.0
  0
LINE
  5
88B
330
849
100
AcDbEntity
 67
1
  8
G-PAFTA-ZON
370
13
100
AcDbLine
 10
725.875
 20
579.0
 30
0.0
 11
725.875
 21
584.0
 31
0.0
  0
TEXT
  5
88C
330
849
100
AcDbEntity
 67
1
  8
G-PAFTA-ZON
100
AcDbText
 10
750.90625
 20
12.5
 30
0.0
 40
3.5
  1
15
  7
GYM
 72
1
 11
750.90625
 21
12.5
 31
0.0
100
AcDbText
 73
2
  0
TEXT
  5
88D
330
849
100
AcDbEntity
 67
1
  8
G-PAFTA-ZON
100
AcDbText
 10
750.90625
 20
581.5
 30
0.0
 40
3.5
  1
15
  7
GYM
 72
1
 11
750.90625
 21
581.5
 31
0.0
100
AcDbText
 73
2
  0
LINE
  5
88E
330
849
100
AcDbEntity
 67
1
  8
G-PAFTA-ZON
370
13
100
AcDbLine
 10
775.9375
 20
10.0
 30
0.0
 11
775.9375
 21
15.0
 31
0.0
  0
LINE
  5
88F
330
849
100
AcDbEntity
 67
1
  8
G-PAFTA-ZON
370
13
100
AcDbLine
 10
775.9375
 20
579.0
 30
0.0
 11
775.9375
 21
584.0
 31
0.0
  0
TEXT
  5
890
330
849
100
AcDbEntity
 67
1
  8
G-PAFTA-ZON
100
AcDbText
 10
800.96875
 20
12.5
 30
0.0
 40
3.5
  1
16
  7
GYM
 72
1
 11
800.96875
 21
12.5
 31
0.0
100
AcDbText
 73
2
  0
TEXT
  5
891
330
849
100
AcDbEntity
 67
1
  8
G-PAFTA-ZON
100
AcDbText
 10
800.96875
 20
581.5
 30
0.0
 40
3.5
  1
16
  7
GYM
 72
1
 11
800.96875
 21
581.5
 31
0.0
100
AcDbText
 73
2
  0
TEXT
  5
892
330
849
100
AcDbEntity
 67
1
  8
G-PAFTA-ZON
100
AcDbText
 10
22.5
 20
40.63636363636364
 30
0.0
 40
3.5
  1
A
  7
GYM
 72
1
 11
22.5
 21
40.63636363636364
 31
0.0
100
AcDbText
 73
2
  0
TEXT
  5
893
330
849
100
AcDbEntity
 67
1
  8
G-PAFTA-ZON
100
AcDbText
 10
828.5
 20
40.63636363636364
 30
0.0
 40
3.5
  1
A
  7
GYM
 72
1
 11
828.5
 21
40.63636363636364
 31
0.0
100
AcDbText
 73
2
  0
LINE
  5
894
330
849
100
AcDbEntity
 67
1
  8
G-PAFTA-ZON
370
13
100
AcDbLine
 10
20.0
 20
66.27272727272728
 30
0.0
 11
25.0
 21
66.27272727272728
 31
0.0
  0
LINE
  5
895
330
849
100
AcDbEntity
 67
1
  8
G-PAFTA-ZON
370
13
100
AcDbLine
 10
826.0
 20
66.27272727272728
 30
0.0
 11
831.0
 21
66.27272727272728
 31
0.0
  0
TEXT
  5
896
330
849
100
AcDbEntity
 67
1
  8
G-PAFTA-ZON
100
AcDbText
 10
22.5
 20
91.90909090909092
 30
0.0
 40
3.5
  1
B
  7
GYM
 72
1
 11
22.5
 21
91.90909090909092
 31
0.0
100
AcDbText
 73
2
  0
TEXT
  5
897
330
849
100
AcDbEntity
 67
1
  8
G-PAFTA-ZON
100
AcDbText
 10
828.5
 20
91.90909090909092
 30
0.0
 40
3.5
  1
B
  7
GYM
 72
1
 11
828.5
 21
91.90909090909092
 31
0.0
100
AcDbText
 73
2
  0
LINE
  5
898
330
849
100
AcDbEntity
 67
1
  8
G-PAFTA-ZON
370
13
100
AcDbLine
 10
20.0
 20
117.54545454545455
 30
0.0
 11
25.0
 21
117.54545454545455
 31
0.0
  0
LINE
  5
899
330
849
100
AcDbEntity
 67
1
  8
G-PAFTA-ZON
370
13
100
AcDbLine
 10
826.0
 20
117.54545454545455
 30
0.0
 11
831.0
 21
117.54545454545455
 31
0.0
  0
TEXT
  5
89A
330
849
100
AcDbEntity
 67
1
  8
G-PAFTA-ZON
100
AcDbText
 10
22.5
 20
143.1818181818182
 30
0.0
 40
3.5
  1
C
  7
GYM
 72
1
 11
22.5
 21
143.1818181818182
 31
0.0
100
AcDbText
 73
2
  0
TEXT
  5
89B
330
849
100
AcDbEntity
 67
1
  8
G-PAFTA-ZON
100
AcDbText
 10
828.5
 20
143.1818181818182
 30
0.0
 40
3.5
  1
C
  7
GYM
 72
1
 11
828.5
 21
143.1818181818182
 31
0.0
100
AcDbText
 73
2
  0
LINE
  5
89C
330
849
100
AcDbEntity
 67
1
  8
G-PAFTA-ZON
370
13
100
AcDbLine
 10
20.0
 20
168.8181818181818
 30
0.0
 11
25.0
 21
168.8181818181818
 31
0.0
  0
LINE
  5
89D
330
849
100
AcDbEntity
 67
1
  8
G-PAFTA-ZON
370
13
100
AcDbLine
 10
826.0
 20
168.8181818181818
 30
0.0
 11
831.0
 21
168.8181818181818
 31
0.0
  0
TEXT
  5
89E
330
849
100
AcDbEntity
 67
1
  8
G-PAFTA-ZON
100
AcDbText
 10
22.5
 20
194.45454545454544
 30
0.0
 40
3.5
  1
D
  7
GYM
 72
1
 11
22.5
 21
194.45454545454544
 31
0.0
100
AcDbText
 73
2
  0
TEXT
  5
89F
330
849
100
AcDbEntity
 67
1
  8
G-PAFTA-ZON
100
AcDbText
 10
828.5
 20
194.45454545454544
 30
0.0
 40
3.5
  1
D
  7
GYM
 72
1
 11
828.5
 21
194.45454545454544
 31
0.0
100
AcDbText
 73
2
  0
LINE
  5
8A0
330
849
100
AcDbEntity
 67
1
  8
G-PAFTA-ZON
370
13
100
AcDbLine
 10
20.0
 20
220.0909090909091
 30
0.0
 11
25.0
 21
220.0909090909091
 31
0.0
  0
LINE
  5
8A1
330
849
100
AcDbEntity
 67
1
  8
G-PAFTA-ZON
370
13
100
AcDbLine
 10
826.0
 20
220.0909090909091
 30
0.0
 11
831.0
 21
220.0909090909091
 31
0.0
  0
TEXT
  5
8A2
330
849
100
AcDbEntity
 67
1
  8
G-PAFTA-ZON
100
AcDbText
 10
22.5
 20
245.72727272727272
 30
0.0
 40
3.5
  1
E
  7
GYM
 72
1
 11
22.5
 21
245.72727272727272
 31
0.0
100
AcDbText
 73
2
  0
TEXT
  5
8A3
330
849
100
AcDbEntity
 67
1
  8
G-PAFTA-ZON
100
AcDbText
 10
828.5
 20
245.72727272727272
 30
0.0
 40
3.5
  1
E
  7
GYM
 72
1
 11
828.5
 21
245.72727272727272
 31
0.0
100
AcDbText
 73
2
  0
LINE
  5
8A4
330
849
100
AcDbEntity
 67
1
  8
G-PAFTA-ZON
370
13
100
AcDbLine
 10
20.0
 20
271.3636363636364
 30
0.0
 11
25.0
 21
271.3636363636364
 31
0.0
  0
LINE
  5
8A5
330
849
100
AcDbEntity
 67
1
  8
G-PAFTA-ZON
370
13
100
AcDbLine
 10
826.0
 20
271.3636363636364
 30
0.0
 11
831.0
 21
271.3636363636364
 31
0.0
  0
TEXT
  5
8A6
330
849
100
AcDbEntity
 67
1
  8
G-PAFTA-ZON
100
AcDbText
 10
22.5
 20
297.0
 30
0.0
 40
3.5
  1
F
  7
GYM
 72
1
 11
22.5
 21
297.0
 31
0.0
100
AcDbText
 73
2
  0
TEXT
  5
8A7
330
849
100
AcDbEntity
 67
1
  8
G-PAFTA-ZON
100
AcDbText
 10
828.5
 20
297.0
 30
0.0
 40
3.5
  1
F
  7
GYM
 72
1
 11
828.5
 21
297.0
 31
0.0
100
AcDbText
 73
2
  0
LINE
  5
8A8
330
849
100
AcDbEntity
 67
1
  8
G-PAFTA-ZON
370
13
100
AcDbLine
 10
20.0
 20
322.6363636363636
 30
0.0
 11
25.0
 21
322.6363636363636
 31
0.0
  0
LINE
  5
8A9
330
849
100
AcDbEntity
 67
1
  8
G-PAFTA-ZON
370
13
100
AcDbLine
 10
826.0
 20
322.6363636363636
 30
0.0
 11
831.0
 21
322.6363636363636
 31
0.0
  0
TEXT
  5
8AA
330
849
100
AcDbEntity
 67
1
  8
G-PAFTA-ZON
100
AcDbText
 10
22.5
 20
348.27272727272725
 30
0.0
 40
3.5
  1
G
  7
GYM
 72
1
 11
22.5
 21
348.27272727272725
 31
0.0
100
AcDbText
 73
2
  0
TEXT
  5
8AB
330
849
100
AcDbEntity
 67
1
  8
G-PAFTA-ZON
100
AcDbText
 10
828.5
 20
348.27272727272725
 30
0.0
 40
3.5
  1
G
  7
GYM
 72
1
 11
828.5
 21
348.27272727272725
 31
0.0
100
AcDbText
 73
2
  0
LINE
  5
8AC
330
849
100
AcDbEntity
 67
1
  8
G-PAFTA-ZON
370
13
100
AcDbLine
 10
20.0
 20
373.90909090909093
 30
0.0
 11
25.0
 21
373.90909090909093
 31
0.0
  0
LINE
  5
8AD
330
849
100
AcDbEntity
 67
1
  8
G-PAFTA-ZON
370
13
100
AcDbLine
 10
826.0
 20
373.90909090909093
 30
0.0
 11
831.0
 21
373.90909090909093
 31
0.0
  0
TEXT
  5
8AE
330
849
100
AcDbEntity
 67
1
  8
G-PAFTA-ZON
100
AcDbText
 10
22.5
 20
399.54545454545456
 30
0.0
 40
3.5
  1
H
  7
GYM
 72
1
 11
22.5
 21
399.54545454545456
 31
0.0
100
AcDbText
 73
2
  0
TEXT
  5
8AF
330
849
100
AcDbEntity
 67
1
  8
G-PAFTA-ZON
100
AcDbText
 10
828.5
 20
399.54545454545456
 30
0.0
 40
3.5
  1
H
  7
GYM
 72
1
 11
828.5
 21
399.54545454545456
 31
0.0
100
AcDbText
 73
2
  0
LINE
  5
8B0
330
849
100
AcDbEntity
 67
1
  8
G-PAFTA-ZON
370
13
100
AcDbLine
 10
20.0
 20
425.1818181818182
 30
0.0
 11
25.0
 21
425.1818181818182
 31
0.0
  0
LINE
  5
8B1
330
849
100
AcDbEntity
 67
1
  8
G-PAFTA-ZON
370
13
100
AcDbLine
 10
826.0
 20
425.1818181818182
 30
0.0
 11
831.0
 21
425.1818181818182
 31
0.0
  0
TEXT
  5
8B2
330
849
100
AcDbEntity
 67
1
  8
G-PAFTA-ZON
100
AcDbText
 10
22.5
 20
450.8181818181818
 30
0.0
 40
3.5
  1
J
  7
GYM
 72
1
 11
22.5
 21
450.8181818181818
 31
0.0
100
AcDbText
 73
2
  0
TEXT
  5
8B3
330
849
100
AcDbEntity
 67
1
  8
G-PAFTA-ZON
100
AcDbText
 10
828.5
 20
450.8181818181818
 30
0.0
 40
3.5
  1
J
  7
GYM
 72
1
 11
828.5
 21
450.8181818181818
 31
0.0
100
AcDbText
 73
2
  0
LINE
  5
8B4
330
849
100
AcDbEntity
 67
1
  8
G-PAFTA-ZON
370
13
100
AcDbLine
 10
20.0
 20
476.45454545454544
 30
0.0
 11
25.0
 21
476.45454545454544
 31
0.0
  0
LINE
  5
8B5
330
849
100
AcDbEntity
 67
1
  8
G-PAFTA-ZON
370
13
100
AcDbLine
 10
826.0
 20
476.45454545454544
 30
0.0
 11
831.0
 21
476.45454545454544
 31
0.0
  0
TEXT
  5
8B6
330
849
100
AcDbEntity
 67
1
  8
G-PAFTA-ZON
100
AcDbText
 10
22.5
 20
502.09090909090907
 30
0.0
 40
3.5
  1
K
  7
GYM
 72
1
 11
22.5
 21
502.09090909090907
 31
0.0
100
AcDbText
 73
2
  0
TEXT
  5
8B7
330
849
100
AcDbEntity
 67
1
  8
G-PAFTA-ZON
100
AcDbText
 10
828.5
 20
502.09090909090907
 30
0.0
 40
3.5
  1
K
  7
GYM
 72
1
 11
828.5
 21
502.09090909090907
 31
0.0
100
AcDbText
 73
2
  0
LINE
  5
8B8
330
849
100
AcDbEntity
 67
1
  8
G-PAFTA-ZON
370
13
100
AcDbLine
 10
20.0
 20
527.7272727272727
 30
0.0
 11
25.0
 21
527.7272727272727
 31
0.0
  0
LINE
  5
8B9
330
849
100
AcDbEntity
 67
1
  8
G-PAFTA-ZON
370
13
100
AcDbLine
 10
826.0
 20
527.7272727272727
 30
0.0
 11
831.0
 21
527.7272727272727
 31
0.0
  0
TEXT
  5
8BA
330
849
100
AcDbEntity
 67
1
  8
G-PAFTA-ZON
100
AcDbText
 10
22.5
 20
553.3636363636364
 30
0.0
 40
3.5
  1
L
  7
GYM
 72
1
 11
22.5
 21
553.3636363636364
 31
0.0
100
AcDbText
 73
2
  0
TEXT
  5
8BB
330
849
100
AcDbEntity
 67
1
  8
G-PAFTA-ZON
100
AcDbText
 10
828.5
 20
553.3636363636364
 30
0.0
 40
3.5
  1
L
  7
GYM
 72
1
 11
828.5
 21
553.3636363636364
 31
0.0
100
AcDbText
 73
2
  0
LINE
  5
8BC
330
849
100
AcDbEntity
 67
1
  8
G-CERCEVE
370
70
100
AcDbLine
 10
420.5
 20
0.0
 30
0.0
 11
420.5
 21
20.0
 31
0.0
  0
LINE
  5
8BD
330
849
100
AcDbEntity
 67
1
  8
G-CERCEVE
370
70
100
AcDbLine
 10
420.5
 20
574.0
 30
0.0
 11
420.5
 21
594.0
 31
0.0
  0
LWPOLYLINE
  5
8BE
330
849
100
AcDbEntity
 67
1
  8
G-CERCEVE
370
70
100
AcDbPolyline
 90
3
 70
1
 10
420.5
 20
593.0
 10
417.9
 20
586.0
 10
423.1
 20
586.0
  0
LINE
  5
8BF
330
849
100
AcDbEntity
 67
1
  8
G-CERCEVE
370
70
100
AcDbLine
 10
0.0
 20
297.0
 30
0.0
 11
30.0
 21
297.0
 31
0.0
  0
LINE
  5
8C0
330
849
100
AcDbEntity
 67
1
  8
G-CERCEVE
370
70
100
AcDbLine
 10
821.0
 20
297.0
 30
0.0
 11
841.0
 21
297.0
 31
0.0
  0
LWPOLYLINE
  5
8C1
330
849
100
AcDbEntity
 67
1
  8
G-CERCEVE
370
70
100
AcDbPolyline
 90
3
 70
1
 10
1.0
 20
297.0
 10
8.0
 20
294.4
 10
8.0
 20
299.6
  0
TEXT
  5
8C2
330
849
100
AcDbEntity
 67
1
  8
G-CERCEVE
100
AcDbText
 10
829.0
 20
5.0
 30
0.0
 40
2.5
  1
A1
  7
GYM
 72
2
 11
829.0
 21
5.0
 31
0.0
100
AcDbText
 73
2
  0
LWPOLYLINE
  5
8C3
330
849
100
AcDbEntity
 67
1
  8
G-CERCEVE
370
35
100
AcDbPolyline
 90
4
 70
1
 10
450.5
 20
2.0
 10
550.5
 20
2.0
 10
550.5
 20
6.0
 10
450.5
 20
6.0
  0
LINE
  5
8C4
330
849
100
AcDbEntity
 67
1
  8
G-CERCEVE
370
35
100
AcDbLine
 10
450.5
 20
2.0
 30
0.0
 11
450.5
 21
6.0
 31
0.0
  0
LINE
  5
8C5
330
849
100
AcDbEntity
 67
1
  8
G-CERCEVE
370
35
100
AcDbLine
 10
460.5
 20
2.0
 30
0.0
 11
460.5
 21
6.0
 31
0.0
  0
LINE
  5
8C6
330
849
100
AcDbEntity
 67
1
  8
G-CERCEVE
370
35
100
AcDbLine
 10
470.5
 20
2.0
 30
0.0
 11
470.5
 21
6.0
 31
0.0
  0
LINE
  5
8C7
330
849
100
AcDbEntity
 67
1
  8
G-CERCEVE
370
35
100
AcDbLine
 10
480.5
 20
2.0
 30
0.0
 11
480.5
 21
6.0
 31
0.0
  0
LINE
  5
8C8
330
849
100
AcDbEntity
 67
1
  8
G-CERCEVE
370
35
100
AcDbLine
 10
490.5
 20
2.0
 30
0.0
 11
490.5
 21
6.0
 31
0.0
  0
LINE
  5
8C9
330
849
100
AcDbEntity
 67
1
  8
G-CERCEVE
370
35
100
AcDbLine
 10
500.5
 20
2.0
 30
0.0
 11
500.5
 21
6.0
 31
0.0
  0
LINE
  5
8CA
330
849
100
AcDbEntity
 67
1
  8
G-CERCEVE
370
35
100
AcDbLine
 10
510.5
 20
2.0
 30
0.0
 11
510.5
 21
6.0
 31
0.0
  0
LINE
  5
8CB
330
849
100
AcDbEntity
 67
1
  8
G-CERCEVE
370
35
100
AcDbLine
 10
520.5
 20
2.0
 30
0.0
 11
520.5
 21
6.0
 31
0.0
  0
LINE
  5
8CC
330
849
100
AcDbEntity
 67
1
  8
G-CERCEVE
370
35
100
AcDbLine
 10
530.5
 20
2.0
 30
0.0
 11
530.5
 21
6.0
 31
0.0
  0
LINE
  5
8CD
330
849
100
AcDbEntity
 67
1
  8
G-CERCEVE
370
35
100
AcDbLine
 10
540.5
 20
2.0
 30
0.0
 11
540.5
 21
6.0
 31
0.0
  0
LINE
  5
8CE
330
849
100
AcDbEntity
 67
1
  8
G-CERCEVE
370
35
100
AcDbLine
 10
550.5
 20
2.0
 30
0.0
 11
550.5
 21
6.0
 31
0.0
  0
TEXT
  5
8CF
330
849
100
AcDbEntity
 67
1
  8
G-CERCEVE
100
AcDbText
 10
554.5
 20
4.0
 30
0.0
 40
1.8
  1
100 mm
  7
GYM
 11
554.5
 21
4.0
 31
0.0
100
AcDbText
 73
2
  0
LWPOLYLINE
  5
8D0
330
849
100
AcDbEntity
 67
1
  8
G-ANTET
370
100
100
AcDbPolyline
 90
4
 70
1
 10
651.0
 20
15.0
 10
831.0
 20
15.0
 10
831.0
 20
107.0
 10
651.0
 20
107.0
  0
LINE
  5
8D1
330
849
100
AcDbEntity
 67
1
  8
G-ANTET
370
35
100
AcDbLine
 10
651.0
 20
25.0
 30
0.0
 11
831.0
 21
25.0
 31
0.0
  0
LINE
  5
8D2
330
849
100
AcDbEntity
 67
1
  8
G-ANTET
370
35
100
AcDbLine
 10
651.0
 20
35.0
 30
0.0
 11
831.0
 21
35.0
 31
0.0
  0
LINE
  5
8D3
330
849
100
AcDbEntity
 67
1
  8
G-ANTET
370
35
100
AcDbLine
 10
651.0
 20
45.0
 30
0.0
 11
831.0
 21
45.0
 31
0.0
  0
LINE
  5
8D4
330
849
100
AcDbEntity
 67
1
  8
G-ANTET
370
35
100
AcDbLine
 10
651.0
 20
57.0
 30
0.0
 11
831.0
 21
57.0
 31
0.0
  0
LINE
  5
8D5
330
849
100
AcDbEntity
 67
1
  8
G-ANTET
370
35
100
AcDbLine
 10
651.0
 20
69.0
 30
0.0
 11
831.0
 21
69.0
 31
0.0
  0
LINE
  5
8D6
330
849
100
AcDbEntity
 67
1
  8
G-ANTET
370
35
100
AcDbLine
 10
651.0
 20
83.0
 30
0.0
 11
831.0
 21
83.0
 31
0.0
  0
LINE
  5
8D7
330
849
100
AcDbEntity
 67
1
  8
G-ANTET
370
35
100
AcDbLine
 10
711.0
 20
15.0
 30
0.0
 11
711.0
 21
45.0
 31
0.0
  0
LINE
  5
8D8
330
849
100
AcDbEntity
 67
1
  8
G-ANTET
370
35
100
AcDbLine
 10
771.0
 20
15.0
 30
0.0
 11
771.0
 21
45.0
 31
0.0
  0
LINE
  5
8D9
330
849
100
AcDbEntity
 67
1
  8
G-ANTET
370
35
100
AcDbLine
 10
769.0
 20
45.0
 30
0.0
 11
769.0
 21
69.0
 31
0.0
  0
TEXT
  5
8DA
330
849
100
AcDbEntity
 67
1
  8
G-ANTET
100
AcDbText
 10
652.6
 20
103.0
 30
0.0
 40
1.8
  1
İŞVEREN
  7
GYM
 11
652.6
 21
103.0
 31
0.0
100
AcDbText
 73
2
  0
TEXT
  5
8DB
330
849
100
AcDbEntity
 67
1
  8
G-ANTET
100
AcDbText
 10
652.6
 20
98.0
 30
0.0
 40
2.5
  1
ÖZEL — MALTEPE / İDEALTEPE
  7
GYM
 11
652.6
 21
98.0
 31
0.0
100
AcDbText
 73
2
  0
TEXT
  5
8DC
330
849
100
AcDbEntity
 67
1
  8
G-ANTET
100
AcDbText
 10
652.6
 20
93.0
 30
0.0
 40
1.8
  1
PROJE
  7
GYM
 11
652.6
 21
93.0
 31
0.0
100
AcDbText
 73
2
  0
TEXT
  5
8DD
330
849
100
AcDbEntity
 67
1
  8
G-ANTET
100
AcDbText
 10
652.6
 20
87.2
 30
0.0
 40
3.5
  1
MOBİLYA MAĞAZASI → FONKSİYONEL ANTRENMAN STÜDYOSU
  7
GYM
 11
652.6
 21
87.2
 31
0.0
100
AcDbText
 73
2
  0
TEXT
  5
8DE
330
849
100
AcDbEntity
 67
1
  8
G-ANTET
100
AcDbText
 10
652.6
 20
78.0
 30
0.0
 40
1.8
  1
YAPI / MAHAL
  7
GYM
 11
652.6
 21
78.0
 31
0.0
100
AcDbText
 73
2
  0
TEXT
  5
8DF
330
849
100
AcDbEntity
 67
1
  8
G-ANTET
100
AcDbText
 10
652.6
 20
72.0
 30
0.0
 40
2.5
  1
İdealtepe Mah. · zemin kat dükkân · 103,78 m² iç alan
  7
GYM
 11
652.6
 21
72.0
 31
0.0
100
AcDbText
 73
2
  0
TEXT
  5
8E0
330
849
100
AcDbEntity
 67
1
  8
G-ANTET
100
AcDbText
 10
771.4
 20
78.0
 30
0.0
 40
1.8
  1
DİSİPLİN
  7
GYM
 11
771.4
 21
78.0
 31
0.0
100
AcDbText
 73
2
  0
TEXT
  5
8E1
330
849
100
AcDbEntity
 67
1
  8
G-ANTET
100
AcDbText
 10
771.4
 20
72.0
 30
0.0
 40
2.5
  1
MİMARİ
  7
GYM
 11
771.4
 21
72.0
 31
0.0
100
AcDbText
 73
2
  0
LINE
  5
8E2
330
849
100
AcDbEntity
 67
1
  8
G-ANTET
370
35
100
AcDbLine
 10
769.0
 20
69.0
 30
0.0
 11
769.0
 21
83.0
 31
0.0
  0
TEXT
  5
8E3
330
849
100
AcDbEntity
 67
1
  8
G-ANTET
100
AcDbText
 10
652.6
 20
65.0
 30
0.0
 40
1.8
  1
PAFTA ADI
  7
GYM
 11
652.6
 21
65.0
 31
0.0
100
AcDbText
 73
2
  0
TEXT
  5
8E4
330
849
100
AcDbEntity
 67
1
  8
G-ANTET
100
AcDbText
 10
652.6
 20
59.8
 30
0.0
 40
3.5
  1
YANGIN VE TAHLİYE PLANI
  7
GYM
 11
652.6
 21
59.8
 31
0.0
100
AcDbText
 73
2
  0
TEXT
  5
8E5
330
849
100
AcDbEntity
 67
1
  8
G-ANTET
100
AcDbText
 10
771.4
 20
59.8
 30
0.0
 40
1.8
  1
Kaçış yolları · çıkışlar · söndürücü
  7
GYM
 11
771.4
 21
59.8
 31
0.0
100
AcDbText
 73
2
  0
TEXT
  5
8E6
330
849
100
AcDbEntity
 67
1
  8
G-ANTET
100
AcDbText
 10
652.6
 20
53.0
 30
0.0
 40
1.8
  1
PROJE MÜELLİFİ · ODA SİCİL NO
  7
GYM
 11
652.6
 21
53.0
 31
0.0
100
AcDbText
 73
2
  0
TEXT
  5
8E7
330
849
100
AcDbEntity
 67
1
  8
G-ANTET
100
AcDbText
 10
652.6
 20
47.8
 30
0.0
 40
2.5
  1
—   Oda sicil no: —
  7
GYM
 11
652.6
 21
47.8
 31
0.0
100
AcDbText
 73
2
  0
TEXT
  5
8E8
330
849
100
AcDbEntity
 67
1
  8
G-ANTET
100
AcDbText
 10
652.6
 20
42.0
 30
0.0
 40
1.8
  1
ÇİZEN
  7
GYM
 11
652.6
 21
42.0
 31
0.0
100
AcDbText
 73
2
  0
TEXT
  5
8E9
330
849
100
AcDbEntity
 67
1
  8
G-ANTET
100
AcDbText
 10
652.6
 20
37.6
 30
0.0
 40
2.5
  1
CC
  7
GYM
 11
652.6
 21
37.6
 31
0.0
100
AcDbText
 73
2
  0
TEXT
  5
8EA
330
849
100
AcDbEntity
 67
1
  8
G-ANTET
100
AcDbText
 10
712.6
 20
42.0
 30
0.0
 40
1.8
  1
KONTROL
  7
GYM
 11
712.6
 21
42.0
 31
0.0
100
AcDbText
 73
2
  0
TEXT
  5
8EB
330
849
100
AcDbEntity
 67
1
  8
G-ANTET
100
AcDbText
 10
712.6
 20
37.6
 30
0.0
 40
2.5
  1
—
  7
GYM
 11
712.6
 21
37.6
 31
0.0
100
AcDbText
 73
2
  0
TEXT
  5
8EC
330
849
100
AcDbEntity
 67
1
  8
G-ANTET
100
AcDbText
 10
772.6
 20
42.0
 30
0.0
 40
1.8
  1
ONAY
  7
GYM
 11
772.6
 21
42.0
 31
0.0
100
AcDbText
 73
2
  0
TEXT
  5
8ED
330
849
100
AcDbEntity
 67
1
  8
G-ANTET
100
AcDbText
 10
772.6
 20
37.6
 30
0.0
 40
2.5
  1
—
  7
GYM
 11
772.6
 21
37.6
 31
0.0
100
AcDbText
 73
2
  0
TEXT
  5
8EE
330
849
100
AcDbEntity
 67
1
  8
G-ANTET
100
AcDbText
 10
652.6
 20
32.0
 30
0.0
 40
1.8
  1
TARİH
  7
GYM
 11
652.6
 21
32.0
 31
0.0
100
AcDbText
 73
2
  0
TEXT
  5
8EF
330
849
100
AcDbEntity
 67
1
  8
G-ANTET
100
AcDbText
 10
652.6
 20
27.6
 30
0.0
 40
2.5
  1
17 Eylül 2026
  7
GYM
 11
652.6
 21
27.6
 31
0.0
100
AcDbText
 73
2
  0
TEXT
  5
8F0
330
849
100
AcDbEntity
 67
1
  8
G-ANTET
100
AcDbText
 10
712.6
 20
32.0
 30
0.0
 40
1.8
  1
ÖLÇEK
  7
GYM
 11
712.6
 21
32.0
 31
0.0
100
AcDbText
 73
2
  0
TEXT
  5
8F1
330
849
100
AcDbEntity
 67
1
  8
G-ANTET
100
AcDbText
 10
712.6
 20
27.6
 30
0.0
 40
3.5
  1
1:50
  7
GYM
 11
712.6
 21
27.6
 31
0.0
100
AcDbText
 73
2
  0
TEXT
  5
8F2
330
849
100
AcDbEntity
 67
1
  8
G-ANTET
100
AcDbText
 10
772.6
 20
32.0
 30
0.0
 40
1.8
  1
BİRİM
  7
GYM
 11
772.6
 21
32.0
 31
0.0
100
AcDbText
 73
2
  0
TEXT
  5
8F3
330
849
100
AcDbEntity
 67
1
  8
G-ANTET
100
AcDbText
 10
772.6
 20
27.6
 30
0.0
 40
2.5
  1
milimetre (mm)
  7
GYM
 11
772.6
 21
27.6
 31
0.0
100
AcDbText
 73
2
  0
TEXT
  5
8F4
330
849
100
AcDbEntity
 67
1
  8
G-ANTET
100
AcDbText
 10
652.6
 20
22.0
 30
0.0
 40
1.8
  1
DURUM
  7
GYM
 11
652.6
 21
22.0
 31
0.0
100
AcDbText
 73
2
  0
TEXT
  5
8F5
330
849
100
AcDbEntity
 67
1
  8
G-ANTET
100
AcDbText
 10
652.6
 20
17.6
 30
0.0
 40
2.5
  1
ÖN TASARIM
  7
GYM
 11
652.6
 21
17.6
 31
0.0
100
AcDbText
 73
2
  0
TEXT
  5
8F6
330
849
100
AcDbEntity
 67
1
  8
G-ANTET
100
AcDbText
 10
712.6
 20
22.0
 30
0.0
 40
1.8
  1
PAFTA NO
  7
GYM
 11
712.6
 21
22.0
 31
0.0
100
AcDbText
 73
2
  0
TEXT
  5
8F7
330
849
100
AcDbEntity
 67
1
  8
G-ANTET
100
AcDbText
 10
712.6
 20
17.6
 30
0.0
 40
5.0
  1
A-05
  7
GYM
 11
712.6
 21
17.6
 31
0.0
100
AcDbText
 73
2
  0
TEXT
  5
8F8
330
849
100
AcDbEntity
 67
1
  8
G-ANTET
100
AcDbText
 10
772.6
 20
22.0
 30
0.0
 40
1.8
  1
REV
  7
GYM
 11
772.6
 21
22.0
 31
0.0
100
AcDbText
 73
2
  0
TEXT
  5
8F9
330
849
100
AcDbEntity
 67
1
  8
G-ANTET
100
AcDbText
 10
772.6
 20
17.6
 30
0.0
 40
5.0
  1
G
  7
GYM
 11
772.6
 21
17.6
 31
0.0
100
AcDbText
 73
2
  0
TEXT
  5
8FA
330
849
100
AcDbEntity
 67
1
  8
G-ANTET
100
AcDbText
 10
801.0
 20
18.0
 30
0.0
 40
1.8
  1
SONRAKİ: M-01
  7
GYM
 11
801.0
 21
18.0
 31
0.0
100
AcDbText
 73
2
  0
LWPOLYLINE
  5
8FB
330
849
100
AcDbEntity
 67
1
  8
G-ANTET
370
50
100
AcDbPolyline
 90
4
 70
1
 10
651.0
 20
107.0
 10
831.0
 20
107.0
 10
831.0
 20
143.0
 10
651.0
 20
143.0
  0
LINE
  5
8FC
330
849
100
AcDbEntity
 67
1
  8
G-ANTET
370
18
100
AcDbLine
 10
651.0
 20
107.0
 30
0.0
 11
831.0
 21
107.0
 31
0.0
  0
LINE
  5
8FD
330
849
100
AcDbEntity
 67
1
  8
G-ANTET
370
18
100
AcDbLine
 10
651.0
 20
113.0
 30
0.0
 11
831.0
 21
113.0
 31
0.0
  0
LINE
  5
8FE
330
849
100
AcDbEntity
 67
1
  8
G-ANTET
370
18
100
AcDbLine
 10
651.0
 20
119.0
 30
0.0
 11
831.0
 21
119.0
 31
0.0
  0
LINE
  5
8FF
330
849
100
AcDbEntity
 67
1
  8
G-ANTET
370
18
100
AcDbLine
 10
651.0
 20
125.0
 30
0.0
 11
831.0
 21
125.0
 31
0.0
  0
LINE
  5
900
330
849
100
AcDbEntity
 67
1
  8
G-ANTET
370
18
100
AcDbLine
 10
651.0
 20
131.0
 30
0.0
 11
831.0
 21
131.0
 31
0.0
  0
LINE
  5
901
330
849
100
AcDbEntity
 67
1
  8
G-ANTET
370
18
100
AcDbLine
 10
651.0
 20
137.0
 30
0.0
 11
831.0
 21
137.0
 31
0.0
  0
LINE
  5
902
330
849
100
AcDbEntity
 67
1
  8
G-ANTET
370
18
100
AcDbLine
 10
663.0
 20
107.0
 30
0.0
 11
663.0
 21
143.0
 31
0.0
  0
LINE
  5
903
330
849
100
AcDbEntity
 67
1
  8
G-ANTET
370
18
100
AcDbLine
 10
687.0
 20
107.0
 30
0.0
 11
687.0
 21
143.0
 31
0.0
  0
LINE
  5
904
330
849
100
AcDbEntity
 67
1
  8
G-ANTET
370
18
100
AcDbLine
 10
777.0
 20
107.0
 30
0.0
 11
777.0
 21
143.0
 31
0.0
  0
LINE
  5
905
330
849
100
AcDbEntity
 67
1
  8
G-ANTET
370
18
100
AcDbLine
 10
795.0
 20
107.0
 30
0.0
 11
795.0
 21
143.0
 31
0.0
  0
LINE
  5
906
330
849
100
AcDbEntity
 67
1
  8
G-ANTET
370
18
100
AcDbLine
 10
813.0
 20
107.0
 30
0.0
 11
813.0
 21
143.0
 31
0.0
  0
TEXT
  5
907
330
849
100
AcDbEntity
 67
1
  8
G-ANTET
100
AcDbText
 10
652.2
 20
140.0
 30
0.0
 40
1.8
  1
REV
  7
GYM
 11
652.2
 21
140.0
 31
0.0
100
AcDbText
 73
2
  0
TEXT
  5
908
330
849
100
AcDbEntity
 67
1
  8
G-ANTET
100
AcDbText
 10
664.2
 20
140.0
 30
0.0
 40
1.8
  1
TARİH
  7
GYM
 11
664.2
 21
140.0
 31
0.0
100
AcDbText
 73
2
  0
TEXT
  5
909
330
849
100
AcDbEntity
 67
1
  8
G-ANTET
100
AcDbText
 10
688.2
 20
140.0
 30
0.0
 40
1.8
  1
AÇIKLAMA
  7
GYM
 11
688.2
 21
140.0
 31
0.0
100
AcDbText
 73
2
  0
TEXT
  5
90A
330
849
100
AcDbEntity
 67
1
  8
G-ANTET
100
AcDbText
 10
778.2
 20
140.0
 30
0.0
 40
1.8
  1
ÇZ
  7
GYM
 11
778.2
 21
140.0
 31
0.0
100
AcDbText
 73
2
  0
TEXT
  5
90B
330
849
100
AcDbEntity
 67
1
  8
G-ANTET
100
AcDbText
 10
796.2
 20
140.0
 30
0.0
 40
1.8
  1
KT
  7
GYM
 11
796.2
 21
140.0
 31
0.0
100
AcDbText
 73
2
  0
TEXT
  5
90C
330
849
100
AcDbEntity
 67
1
  8
G-ANTET
100
AcDbText
 10
814.2
 20
140.0
 30
0.0
 40
1.8
  1
ON
  7
GYM
 11
814.2
 21
140.0
 31
0.0
100
AcDbText
 73
2
  0
TEXT
  5
90D
330
849
100
AcDbEntity
 67
1
  8
G-ANTET
100
AcDbText
 10
652.2
 20
134.0
 30
0.0
 40
1.8
  1
A
  7
GYM
 11
652.2
 21
134.0
 31
0.0
100
AcDbText
 73
2
  0
TEXT
  5
90E
330
849
100
AcDbEntity
 67
1
  8
G-ANTET
100
AcDbText
 10
664.2
 20
134.0
 30
0.0
 40
1.8
  1
17.09.2026
  7
GYM
 11
664.2
 21
134.0
 31
0.0
100
AcDbText
 73
2
  0
TEXT
  5
90F
330
849
100
AcDbEntity
 67
1
  8
G-ANTET
100
AcDbText
 10
688.2
 20
134.0
 30
0.0
 40
1.8
  1
İlk yayın — ön tasarım
  7
GYM
 11
688.2
 21
134.0
 31
0.0
100
AcDbText
 73
2
  0
TEXT
  5
910
330
849
100
AcDbEntity
 67
1
  8
G-ANTET
100
AcDbText
 10
778.2
 20
134.0
 30
0.0
 40
1.8
  1
CC
  7
GYM
 11
778.2
 21
134.0
 31
0.0
100
AcDbText
 73
2
  0
TEXT
  5
911
330
849
100
AcDbEntity
 67
1
  8
G-ANTET
100
AcDbText
 10
796.2
 20
134.0
 30
0.0
 40
1.8
  1
—
  7
GYM
 11
796.2
 21
134.0
 31
0.0
100
AcDbText
 73
2
  0
TEXT
  5
912
330
849
100
AcDbEntity
 67
1
  8
G-ANTET
100
AcDbText
 10
814.2
 20
134.0
 30
0.0
 40
1.8
  1
—
  7
GYM
 11
814.2
 21
134.0
 31
0.0
100
AcDbText
 73
2
  0
TEXT
  5
913
330
849
100
AcDbEntity
 67
1
  8
G-ANTET
100
AcDbText
 10
652.2
 20
128.0
 30
0.0
 40
1.8
  1
B
  7
GYM
 11
652.2
 21
128.0
 31
0.0
100
AcDbText
 73
2
  0
TEXT
  5
914
330
849
100
AcDbEntity
 67
1
  8
G-ANTET
100
AcDbText
 10
664.2
 20
128.0
 30
0.0
 40
1.8
  1
18.09.2026
  7
GYM
 11
664.2
 21
128.0
 31
0.0
100
AcDbText
 73
2
  0
TEXT
  5
915
330
849
100
AcDbEntity
 67
1
  8
G-ANTET
100
AcDbText
 10
688.2
 20
128.0
 30
0.0
 40
1.8
  1
Aks sistemi, zincir ölçü, ISO 5457/7200 pafta
  7
GYM
 11
688.2
 21
128.0
 31
0.0
100
AcDbText
 73
2
  0
TEXT
  5
916
330
849
100
AcDbEntity
 67
1
  8
G-ANTET
100
AcDbText
 10
778.2
 20
128.0
 30
0.0
 40
1.8
  1
CC
  7
GYM
 11
778.2
 21
128.0
 31
0.0
100
AcDbText
 73
2
  0
TEXT
  5
917
330
849
100
AcDbEntity
 67
1
  8
G-ANTET
100
AcDbText
 10
796.2
 20
128.0
 30
0.0
 40
1.8
  1
—
  7
GYM
 11
796.2
 21
128.0
 31
0.0
100
AcDbText
 73
2
  0
TEXT
  5
918
330
849
100
AcDbEntity
 67
1
  8
G-ANTET
100
AcDbText
 10
814.2
 20
128.0
 30
0.0
 40
1.8
  1
—
  7
GYM
 11
814.2
 21
128.0
 31
0.0
100
AcDbText
 73
2
  0
TEXT
  5
919
330
849
100
AcDbEntity
 67
1
  8
G-ANTET
100
AcDbText
 10
652.2
 20
122.0
 30
0.0
 40
1.8
  1
C
  7
GYM
 11
652.2
 21
122.0
 31
0.0
100
AcDbText
 73
2
  0
TEXT
  5
91A
330
849
100
AcDbEntity
 67
1
  8
G-ANTET
100
AcDbText
 10
664.2
 20
122.0
 30
0.0
 40
1.8
  1
18.09.2026
  7
GYM
 11
664.2
 21
122.0
 31
0.0
100
AcDbText
 73
2
  0
TEXT
  5
91B
330
849
100
AcDbEntity
 67
1
  8
G-ANTET
100
AcDbText
 10
688.2
 20
122.0
 30
0.0
 40
1.8
  1
A1 pafta, tekil DXF, ADP tek hat şeması CAD'de
  7
GYM
 11
688.2
 21
122.0
 31
0.0
100
AcDbText
 73
2
  0
TEXT
  5
91C
330
849
100
AcDbEntity
 67
1
  8
G-ANTET
100
AcDbText
 10
778.2
 20
122.0
 30
0.0
 40
1.8
  1
CC
  7
GYM
 11
778.2
 21
122.0
 31
0.0
100
AcDbText
 73
2
  0
TEXT
  5
91D
330
849
100
AcDbEntity
 67
1
  8
G-ANTET
100
AcDbText
 10
796.2
 20
122.0
 30
0.0
 40
1.8
  1
—
  7
GYM
 11
796.2
 21
122.0
 31
0.0
100
AcDbText
 73
2
  0
TEXT
  5
91E
330
849
100
AcDbEntity
 67
1
  8
G-ANTET
100
AcDbText
 10
814.2
 20
122.0
 30
0.0
 40
1.8
  1
—
  7
GYM
 11
814.2
 21
122.0
 31
0.0
100
AcDbText
 73
2
  0
VIEWPORT
  5
91F
330
849
100
AcDbEntity
 67
1
  8
G-VIEWPORT
100
AcDbViewport
 10
337.0
 20
297.0
 30
0.0
 40
616.0
 41
556.0
 68
1
 69
3
 12
5781.402523373163
 22
6494.971236472614
 13
0.0
 23
0.0
 14
10.0
 24
10.0
 15
10.0
 25
10.0
 16
0.0
 26
0.0
 36
1.0
 17
0.0
 27
0.0
 37
0.0
 42
50.0
 43
0.0
 44
0.0
 45
27800.0
 50
0.0
 51
0.0
 72
100
331
8F
331
94
331
95
331
96
331
97
331
98
331
99
331
9A
331
9D
331
9E
331
9F
331
A0
331
A1
331
A2
331
A3
331
A4
331
A5
331
A6
331
A7
331
A8
331
A9
331
AA
331
AB
331
AC
331
AD
331
AF
331
B0
331
B1
331
B2
331
B3
331
B4
331
B6
331
B9
331
BA
331
BB
331
CA
331
CB
 90
0
  1

281
0
 71
0
 74
0
110
0.0
120
0.0
130
0.0
111
1.0
121
0.0
131
0.0
112
0.0
122
1.0
132
0.0
 79
0
146
0.0
282
0
  0
LWPOLYLINE
  5
920
330
849
100
AcDbEntity
 67
1
  8
G-CERCEVE
370
18
100
AcDbPolyline
 90
4
 70
1
 10
29.0
 20
19.0
 10
645.0
 20
19.0
 10
645.0
 20
575.0
 10
29.0
 20
575.0
  0
CIRCLE
  5
921
330
849
100
AcDbEntity
 67
1
  8
G-ANTET
370
35
100
AcDbCircle
 10
628.0
 20
558.0
 30
0.0
 40
9.0
  0
LWPOLYLINE
  5
922
330
849
100
AcDbEntity
 67
1
  8
G-ANTET
370
50
100
AcDbPolyline
 90
4
 70
1
 10
628.0
 20
565.74
 10
624.94
 20
553.32
 10
628.0
 20
556.38
 10
631.06
 20
553.32
  0
HATCH
  5
923
330
849
100
AcDbEntity
 67
1
  8
G-ANTET
 62
7
100
AcDbHatch
 10
0.0
 20
0.0
 30
0.0
210
0.0
220
0.0
230
1.0
  2
SOLID
 70
1
 71
0
 91
1
 92
3
 72
0
 73
1
 93
3
 10
628.0
 20
565.74
 10
624.94
 20
553.32
 10
628.0
 20
556.38
 97
0
 75
0
 76
1
 98
0
  0
TEXT
  5
924
330
849
100
AcDbEntity
 67
1
  8
G-ANTET
100
AcDbText
 10
628.0
 20
545.0
 30
0.0
 40
3.5
  1
K
  7
GYM
 72
1
 11
628.0
 21
545.0
 31
0.0
100
AcDbText
 73
2
  0
HATCH
  5
925
330
849
100
AcDbEntity
 67
1
  8
G-ANTET
 62
7
100
AcDbHatch
 10
0.0
 20
0.0
 30
0.0
210
0.0
220
0.0
230
1.0
  2
SOLID
 70
1
 71
0
 91
1
 92
3
 72
0
 73
1
 93
4
 10
37.0
 20
27.0
 10
57.0
 20
27.0
 10
57.0
 20
29.2
 10
37.0
 20
29.2
 97
0
 75
0
 76
1
 98
0
  0
LWPOLYLINE
  5
926
330
849
100
AcDbEntity
 67
1
  8
G-ANTET
370
18
100
AcDbPolyline
 90
4
 70
1
 10
37.0
 20
27.0
 10
57.0
 20
27.0
 10
57.0
 20
29.2
 10
37.0
 20
29.2
  0
HATCH
  5
927
330
849
100
AcDbEntity
 67
1
  8
G-ANTET
 62
0
100
AcDbHatch
 10
0.0
 20
0.0
 30
0.0
210
0.0
220
0.0
230
1.0
  2
SOLID
 70
1
 71
0
 91
1
 92
3
 72
0
 73
1
 93
4
 10
57.0
 20
27.0
 10
77.0
 20
27.0
 10
77.0
 20
29.2
 10
57.0
 20
29.2
 97
0
 75
0
 76
1
 98
0
  0
LWPOLYLINE
  5
928
330
849
100
AcDbEntity
 67
1
  8
G-ANTET
370
18
100
AcDbPolyline
 90
4
 70
1
 10
57.0
 20
27.0
 10
77.0
 20
27.0
 10
77.0
 20
29.2
 10
57.0
 20
29.2
  0
HATCH
  5
929
330
849
100
AcDbEntity
 67
1
  8
G-ANTET
 62
7
100
AcDbHatch
 10
0.0
 20
0.0
 30
0.0
210
0.0
220
0.0
230
1.0
  2
SOLID
 70
1
 71
0
 91
1
 92
3
 72
0
 73
1
 93
4
 10
77.0
 20
27.0
 10
97.0
 20
27.0
 10
97.0
 20
29.2
 10
77.0
 20
29.2
 97
0
 75
0
 76
1
 98
0
  0
LWPOLYLINE
  5
92A
330
849
100
AcDbEntity
 67
1
  8
G-ANTET
370
18
100
AcDbPolyline
 90
4
 70
1
 10
77.0
 20
27.0
 10
97.0
 20
27.0
 10
97.0
 20
29.2
 10
77.0
 20
29.2
  0
HATCH
  5
92B
330
849
100
AcDbEntity
 67
1
  8
G-ANTET
 62
0
100
AcDbHatch
 10
0.0
 20
0.0
 30
0.0
210
0.0
220
0.0
230
1.0
  2
SOLID
 70
1
 71
0
 91
1
 92
3
 72
0
 73
1
 93
4
 10
97.0
 20
27.0
 10
117.0
 20
27.0
 10
117.0
 20
29.2
 10
97.0
 20
29.2
 97
0
 75
0
 76
1
 98
0
  0
LWPOLYLINE
  5
92C
330
849
100
AcDbEntity
 67
1
  8
G-ANTET
370
18
100
AcDbPolyline
 90
4
 70
1
 10
97.0
 20
27.0
 10
117.0
 20
27.0
 10
117.0
 20
29.2
 10
97.0
 20
29.2
  0
HATCH
  5
92D
330
849
100
AcDbEntity
 67
1
  8
G-ANTET
 62
7
100
AcDbHatch
 10
0.0
 20
0.0
 30
0.0
210
0.0
220
0.0
230
1.0
  2
SOLID
 70
1
 71
0
 91
1
 92
3
 72
0
 73
1
 93
4
 10
117.0
 20
27.0
 10
137.0
 20
27.0
 10
137.0
 20
29.2
 10
117.0
 20
29.2
 97
0
 75
0
 76
1
 98
0
  0
LWPOLYLINE
  5
92E
330
849
100
AcDbEntity
 67
1
  8
G-ANTET
370
18
100
AcDbPolyline
 90
4
 70
1
 10
117.0
 20
27.0
 10
137.0
 20
27.0
 10
137.0
 20
29.2
 10
117.0
 20
29.2
  0
TEXT
  5
92F
330
849
100
AcDbEntity
 67
1
  8
G-ANTET
100
AcDbText
 10
37.0
 20
23.8
 30
0.0
 40
1.8
  1
0
  7
GYM
 72
1
 11
37.0
 21
23.8
 31
0.0
100
AcDbText
 73
2
  0
TEXT
  5
930
330
849
100
AcDbEntity
 67
1
  8
G-ANTET
100
AcDbText
 10
57.0
 20
23.8
 30
0.0
 40
1.8
  1
1
  7
GYM
 72
1
 11
57.0
 21
23.8
 31
0.0
100
AcDbText
 73
2
  0
TEXT
  5
931
330
849
100
AcDbEntity
 67
1
  8
G-ANTET
100
AcDbText
 10
77.0
 20
23.8
 30
0.0
 40
1.8
  1
2
  7
GYM
 72
1
 11
77.0
 21
23.8
 31
0.0
100
AcDbText
 73
2
  0
TEXT
  5
932
330
849
100
AcDbEntity
 67
1
  8
G-ANTET
100
AcDbText
 10
97.0
 20
23.8
 30
0.0
 40
1.8
  1
3
  7
GYM
 72
1
 11
97.0
 21
23.8
 31
0.0
100
AcDbText
 73
2
  0
TEXT
  5
933
330
849
100
AcDbEntity
 67
1
  8
G-ANTET
100
AcDbText
 10
117.0
 20
23.8
 30
0.0
 40
1.8
  1
4
  7
GYM
 72
1
 11
117.0
 21
23.8
 31
0.0
100
AcDbText
 73
2
  0
TEXT
  5
934
330
849
100
AcDbEntity
 67
1
  8
G-ANTET
100
AcDbText
 10
137.0
 20
23.8
 30
0.0
 40
1.8
  1
5
  7
GYM
 72
1
 11
137.0
 21
23.8
 31
0.0
100
AcDbText
 73
2
  0
TEXT
  5
935
330
849
100
AcDbEntity
 67
1
  8
G-ANTET
100
AcDbText
 10
140.0
 20
28.1
 30
0.0
 40
1.8
  1
m
  7
GYM
 11
140.0
 21
28.1
 31
0.0
100
AcDbText
 73
2
  0
TEXT
  5
936
330
849
100
AcDbEntity
 67
1
  8
G-ANTET
100
AcDbText
 10
37.0
 20
31.0
 30
0.0
 40
1.8
  1
ÖLÇEK 1:50
  7
GYM
 11
37.0
 21
31.0
 31
0.0
100
AcDbText
 73
2
  0
LWPOLYLINE
  5
937
330
849
100
AcDbEntity
 67
1
  8
G-ANTET
 62
1
370
50
100
AcDbPolyline
 90
4
 70
1
 10
573.0
 20
27.0
 10
643.0
 20
27.0
 10
643.0
 20
36.0
 10
573.0
 20
36.0
  0
TEXT
  5
938
330
849
100
AcDbEntity
 67
1
  8
G-ANTET
 62
1
100
AcDbText
 10
608.0
 20
31.5
 30
0.0
 40
1.8
  1
ÖN TASARIM — UYGULAMA İÇİN DEĞİLDİR
  7
GYM
 72
1
 11
608.0
 21
31.5
 31
0.0
100
AcDbText
 73
2
  0
TEXT
  5
939
330
849
100
AcDbEntity
 67
1
  8
G-YAZI
100
AcDbText
 10
31.0
 20
577.2
 30
0.0
 40
1.8
  1
ÖLÇÜ ALINMAZ — YAZILI ÖLÇÜLER GEÇERLİDİR
  7
GYM
 11
31.0
 21
577.2
 31
0.0
100
AcDbText
 73
2
  0
TEXT
  5
93A
330
849
100
AcDbEntity
 67
1
  8
G-YAZI
100
AcDbText
 10
651.0
 20
573.0
 30
0.0
 40
3.5
  1
ANAHTAR PLAN
  7
GYM
 11
651.0
 21
573.0
 31
0.0
100
AcDbText
 73
2
  0
LINE
  5
93B
330
849
100
AcDbEntity
 67
1
  8
G-YAZI
370
35
100
AcDbLine
 10
651.0
 20
570.6
 30
0.0
 11
831.0
 21
570.6
 31
0.0
  0
LWPOLYLINE
  5
93C
330
849
100
AcDbEntity
 67
1
  8
G-ANTET
370
35
100
AcDbPolyline
 90
4
 70
1
 10
651.0
 20
518.0
 10
831.0
 20
518.0
 10
831.0
 20
566.0
 10
651.0
 20
566.0
  0
LWPOLYLINE
  5
93D
330
849
100
AcDbEntity
 67
1
  8
G-ANTET
370
35
100
AcDbPolyline
 90
28
 70
1
 10
757.1062355658198
 20
537.270207852194
 10
758.8029253271748
 20
525.3995381062356
 10
755.3941493456505
 20
525.2209391839876
 10
755.2217090069284
 20
526.7482678983833
 10
754.3471901462664
 20
526.7174749807544
 10
754.4518860662048
 20
525.1347190146266
 10
752.5349479953162
 20
523.6045316071629
 10
752.545804464973
 20
523.5334872979215
 10
750.676674364896
 20
522.0
 10
733.1770592763664
 20
522.0
 10
729.2232486528098
 20
526.788298691301
 10
728.5304080061586
 20
525.3102386451117
 10
724.9799846035412
 20
525.8398768283295
 10
723.1970746728252
 20
543.0623556581986
 10
726.6951501154734
 20
543.342571208622
 10
725.8237105465743
 20
547.7798306389531
 10
742.8799076212471
 20
549.6058506543495
 10
741.1801385681293
 20
560.4880677444188
 10
753.6358737490377
 20
562.0
 10
755.5019245573518
 20
549.008468052348
 10
748.7983063895304
 20
548.0569668976135
 10
749.3267740458115
 20
544.5986953983345
 10
748.8444957659738
 20
548.0015396458814
 10
755.4464973056197
 20
548.9530408006159
 10
757.0569668976135
 20
537.6428021555042
 10
750.53138234719
 20
536.7157861853696
 10
750.5883503174795
 20
536.3429900346829
 10
757.1062355658198
 20
537.270207852194
  0
LWPOLYLINE
  5
93E
330
849
100
AcDbEntity
 67
1
  8
G-ANTET
370
13
100
AcDbPolyline
 90
5
 70
1
 10
755.4464973056197
 20
548.9530408006159
 10
748.8444957659738
 20
548.0015396458814
 10
750.445727482679
 20
536.7036181678214
 10
757.0569668976135
 20
537.6428021555042
 10
755.4464973056197
 20
548.9530408006159
  0
LWPOLYLINE
  5
93F
330
849
100
AcDbEntity
 67
1
  8
G-ANTET
370
13
100
AcDbPolyline
 90
9
 70
1
 10
757.1062355658198
 20
537.270207852194
 10
750.504234026174
 20
536.3310238645112
 10
752.3456505003849
 20
523.4534257120862
 10
754.4518860662048
 20
525.1347190146266
 10
754.3471901462664
 20
526.7174749807544
 10
755.2217090069284
 20
526.7482678983833
 10
755.3941493456505
 20
525.2209391839876
 10
758.8029253271748
 20
525.3995381062356
 10
757.1062355658198
 20
537.270207852194
  0
TEXT
  5
940
330
849
100
AcDbEntity
 67
1
  8
G-YAZI
100
AcDbText
 10
651.0
 20
514.0
 30
0.0
 40
3.5
  1
LEJANT
  7
GYM
 11
651.0
 21
514.0
 31
0.0
100
AcDbText
 73
2
  0
LINE
  5
941
330
849
100
AcDbEntity
 67
1
  8
G-YAZI
370
35
100
AcDbLine
 10
651.0
 20
511.6
 30
0.0
 11
831.0
 21
511.6
 31
0.0
  0
LINE
  5
942
330
849
100
AcDbEntity
 67
1
  8
G-ANTET
  6
Continuous
 62
8
370
35
100
AcDbLine
 10
651.0
 20
507.0
 30
0.0
 11
663.0
 21
507.0
 31
0.0
  0
TEXT
  5
943
330
849
100
AcDbEntity
 67
1
  8
G-YAZI
100
AcDbText
 10
666.0
 20
507.0
 30
0.0
 40
1.8
  1
Mimari — mevcut duvar (korunuyor)
  7
GYM
 11
666.0
 21
507.0
 31
0.0
100
AcDbText
 73
2
  0
LINE
  5
944
330
849
100
AcDbEntity
 67
1
  8
G-ANTET
  6
Continuous
 62
1
370
35
100
AcDbLine
 10
651.0
 20
502.4
 30
0.0
 11
663.0
 21
502.4
 31
0.0
  0
TEXT
  5
945
330
849
100
AcDbEntity
 67
1
  8
G-YAZI
100
AcDbText
 10
666.0
 20
502.4
 30
0.0
 40
1.8
  1
Mimari — yeni alçıpan bölme
  7
GYM
 11
666.0
 21
502.4
 31
0.0
100
AcDbText
 73
2
  0
LINE
  5
946
330
849
100
AcDbEntity
 67
1
  8
G-ANTET
  6
Continuous
 62
5
370
25
100
AcDbLine
 10
651.0
 20
497.79999999999995
 30
0.0
 11
663.0
 21
497.79999999999995
 31
0.0
  0
TEXT
  5
947
330
849
100
AcDbEntity
 67
1
  8
G-YAZI
100
AcDbText
 10
666.0
 20
497.79999999999995
 30
0.0
 40
1.8
  1
Mimari — cephe doğraması
  7
GYM
 11
666.0
 21
497.79999999999995
 31
0.0
100
AcDbText
 73
2
  0
LINE
  5
948
330
849
100
AcDbEntity
 67
1
  8
G-ANTET
  6
Continuous
 62
8
370
18
100
AcDbLine
 10
651.0
 20
493.19999999999993
 30
0.0
 11
663.0
 21
493.19999999999993
 31
0.0
  0
TEXT
  5
949
330
849
100
AcDbEntity
 67
1
  8
G-YAZI
100
AcDbText
 10
666.0
 20
493.19999999999993
 30
0.0
 40
1.8
  1
Mimari — kapı ve açılım
  7
GYM
 11
666.0
 21
493.19999999999993
 31
0.0
100
AcDbText
 73
2
  0
LINE
  5
94A
330
849
100
AcDbEntity
 67
1
  8
G-ANTET
  6
Continuous
 62
9
370
18
100
AcDbLine
 10
651.0
 20
488.5999999999999
 30
0.0
 11
663.0
 21
488.5999999999999
 31
0.0
  0
TEXT
  5
94B
330
849
100
AcDbEntity
 67
1
  8
G-YAZI
100
AcDbText
 10
666.0
 20
488.5999999999999
 30
0.0
 40
1.8
  1
Mimari — sabit mobilya
  7
GYM
 11
666.0
 21
488.5999999999999
 31
0.0
100
AcDbText
 73
2
  0
LINE
  5
94C
330
849
100
AcDbEntity
 67
1
  8
G-ANTET
  6
Continuous
 62
7
370
13
100
AcDbLine
 10
651.0
 20
483.9999999999999
 30
0.0
 11
663.0
 21
483.9999999999999
 31
0.0
  0
TEXT
  5
94D
330
849
100
AcDbEntity
 67
1
  8
G-YAZI
100
AcDbText
 10
666.0
 20
483.9999999999999
 30
0.0
 40
1.8
  1
Mimari — mahal adı ve alan
  7
GYM
 11
666.0
 21
483.9999999999999
 31
0.0
100
AcDbText
 73
2
  0
LINE
  5
94E
330
849
100
AcDbEntity
 67
1
  8
G-ANTET
  6
Continuous
 62
250
370
18
100
AcDbLine
 10
651.0
 20
479.39999999999986
 30
0.0
 11
663.0
 21
479.39999999999986
 31
0.0
  0
TEXT
  5
94F
330
849
100
AcDbEntity
 67
1
  8
G-YAZI
100
AcDbText
 10
666.0
 20
479.39999999999986
 30
0.0
 40
1.8
  1
Mimari — mahal numarası ve kapı kodu balonu
  7
GYM
 11
666.0
 21
479.39999999999986
 31
0.0
100
AcDbText
 73
2
  0
LINE
  5
950
330
849
100
AcDbEntity
 67
1
  8
G-ANTET
  6
Continuous
 62
3
370
50
100
AcDbLine
 10
651.0
 20
474.79999999999984
 30
0.0
 11
663.0
 21
474.79999999999984
 31
0.0
  0
TEXT
  5
951
330
849
100
AcDbEntity
 67
1
  8
G-YAZI
100
AcDbText
 10
666.0
 20
474.79999999999984
 30
0.0
 40
1.8
  1
Mimari — kaçış yolu ve çıkış
  7
GYM
 11
666.0
 21
474.79999999999984
 31
0.0
100
AcDbText
 73
2
  0
LINE
  5
952
330
849
100
AcDbEntity
 67
1
  8
G-ANTET
  6
Continuous
 62
1
370
35
100
AcDbLine
 10
651.0
 20
470.1999999999998
 30
0.0
 11
663.0
 21
470.1999999999998
 31
0.0
  0
TEXT
  5
953
330
849
100
AcDbEntity
 67
1
  8
G-YAZI
100
AcDbText
 10
666.0
 20
470.1999999999998
 30
0.0
 40
1.8
  1
Mimari — söndürücü, dolap, ihbar
  7
GYM
 11
666.0
 21
470.1999999999998
 31
0.0
100
AcDbText
 73
2
  0
TEXT
  5
954
330
849
100
AcDbEntity
 67
1
  8
G-YAZI
100
AcDbText
 10
651.0
 20
460.5999999999998
 30
0.0
 40
3.5
  1
GENEL NOTLAR
  7
GYM
 11
651.0
 21
460.5999999999998
 31
0.0
100
AcDbText
 73
2
  0
LINE
  5
955
330
849
100
AcDbEntity
 67
1
  8
G-YAZI
370
35
100
AcDbLine
 10
651.0
 20
458.1999999999998
 30
0.0
 11
831.0
 21
458.1999999999998
 31
0.0
  0
TEXT
  5
956
330
849
100
AcDbEntity
 67
1
  8
G-YAZI
100
AcDbText
 10
651.0
 20
453.5999999999998
 30
0.0
 40
1.8
  1
1. Iki bagimsiz cikis: C1 1,60 m, C2 1,00 m.
  7
GYM
 11
651.0
 21
453.5999999999998
 31
0.0
100
AcDbText
 73
2
  0
TEXT
  5
957
330
849
100
AcDbEntity
 67
1
  8
G-YAZI
100
AcDbText
 10
651.0
 20
448.7999999999998
 30
0.0
 40
1.8
  1
2. En uzun kacis yolu 13,4 m.
  7
GYM
 11
651.0
 21
448.7999999999998
 31
0.0
100
AcDbText
 73
2
  0
TEXT
  5
958
330
849
100
AcDbEntity
 67
1
  8
G-YAZI
100
AcDbText
 10
651.0
 20
443.9999999999998
 30
0.0
 40
1.8
  1
3. Kacis kapilari kacis yonunde acilir,
  7
GYM
 11
651.0
 21
443.9999999999998
 31
0.0
100
AcDbText
 73
2
  0
TEXT
  5
959
330
849
100
AcDbEntity
 67
1
  8
G-YAZI
100
AcDbText
 10
651.0
 20
439.19999999999976
 30
0.0
 40
1.8
  1
4. panik donanimli, kilitsiz.
  7
GYM
 11
651.0
 21
439.19999999999976
 31
0.0
100
AcDbText
 73
2
  0
ENDBLK
  5
84B
330
849
100
AcDbEntity
  8
0
100
AcDbBlockEnd
  0
BLOCK
  5
407
330
406
100
AcDbEntity
  8
0
100
AcDbBlockBegin
  2
*Paper_Space
 70
0
 10
0.0
 20
0.0
 30
0.0
  3
*Paper_Space
  1

  0
ENDBLK
  5
408
330
406
100
AcDbEntity
  8
0
100
AcDbBlockEnd
  0
ENDSEC
  0
SECTION
  2
ENTITIES
  0
HATCH
  5
1CA
330
17
100
AcDbEntity
  8
A-DUVAR-MEVCUT
 62
7
100
AcDbHatch
 10
0.0
 20
0.0
 30
0.0
210
0.0
220
0.0
230
1.0
  2
ANSI31
 70
0
 71
0
 91
54
 92
3
 72
0
 73
1
 93
4
 10
11012.0
 20
4959.0
 10
11563.0
 20
1104.0
 10
11760.987843861418
 20
1132.2986516128772
 10
11209.987843861418
 20
4987.298651612877
 97
0
 92
3
 72
0
 73
1
 93
8
 10
11353.0
 20
1092.9972899728996
 10
11563.0
 20
1104.0
 10
11532.984435797665
 20
1314.0
 10
11735.017041536825
 20
1314.0
 10
11773.000000000002
 20
1048.2571599354897
 10
11773.000000000002
 20
914.7283865325666
 10
11377.373726007741
 20
894.0000000000001
 10
11353.0
 20
894.0000000000001
 97
0
 92
3
 72
0
 73
1
 93
4
 10
11563.0
 20
1104.0
 10
10456.0
 20
1046.0
 10
10466.464418275433
 20
846.2739477430229
 10
11573.464418275433
 20
904.273947743023
 97
0
 92
3
 72
0
 73
1
 93
8
 10
10432.290322580646
 20
1256.0
 10
10456.0
 20
1046.0
 10
10666.0
 20
1057.0027100271004
 10
10666.0
 20
856.7283865325664
 10
10278.391571086133
 20
836.4200858306655
 10
10275.474858017116
 20
862.2538301562389
 10
10245.999999999998
 20
838.7256540197681
 10
10245.999999999998
 20
1256.0
 97
0
 92
3
 72
0
 73
1
 93
4
 10
10456.0
 20
1046.0
 10
10400.0
 20
1542.0
 10
10201.26265515171
 20
1519.561912678419
 10
10257.262655151708
 20
1023.561912678419
 97
0
 92
3
 72
0
 73
1
 93
4
 10
10190.0
 20
1332.0
 10
10190.0
 20
1534.6056338028168
 10
10400.0
 20
1542.0
 10
10423.709677419354
 20
1332.0
 97
0
 92
3
 72
0
 73
1
 93
4
 10
10400.0
 20
1542.0
 10
10116.0
 20
1532.0
 10
10123.037891965963
 20
1332.1238681666184
 10
10407.037891965965
 20
1342.1238681666184
 97
0
 92
3
 72
0
 73
1
 93
4
 10
10326.0
 20
1322.0
 10
10129.891050583657
 20
1322.0
 10
10116.0
 20
1532.0
 10
10326.0
 20
1539.3943661971832
 97
0
 92
3
 72
0
 73
1
 93
4
 10
10116.0
 20
1532.0
 10
10150.0
 20
1018.0
 10
10349.563876747898
 20
1031.2007233646473
 10
10315.563876747896
 20
1545.2007233646473
 97
0
 92
3
 72
0
 73
1
 93
9
 10
9940.0
 20
850.3684210526313
 10
10150.0
 20
1018.0
 10
10136.108949416343
 20
1228.0
 10
10360.000000000002
 20
1228.0
 10
10360.000000000002
 20
840.6958662073632
 10
10278.391571086133
 20
836.4200858306655
 10
10275.474858017116
 20
862.2538301562389
 10
10207.508521337872
 20
808.0
 10
9940.0
 20
808.0
 97
0
 92
3
 72
0
 73
1
 93
4
 10
10150.0
 20
1018.0
 10
9527.474361478948
 20
521.0716394261786
 10
9652.246089880457
 20
364.7641994506611
 10
10274.771728401509
 20
861.6925600244824
 97
0
 92
3
 72
0
 73
1
 93
7
 10
9317.474361478948
 20
322.8175156779498
 10
9531.0
 20
498.0
 10
9527.474361478948
 20
521.0716394261786
 10
9737.47436147895
 20
688.7032183735473
 10
9737.47436147895
 20
408.70047795159434
 10
9618.476961910823
 20
311.0716394261786
 10
9317.474361478948
 20
311.0716394261786
 97
0
 92
3
 72
0
 73
1
 93
4
 10
9527.474361478948
 20
521.0716394261786
 10
9531.0
 20
498.0
 10
9728.704946926084
 20
528.2118182331842
 10
9725.17930840503
 20
551.2834576593629
 97
0
 92
3
 72
0
 73
1
 93
7
 10
9321.0
 20
325.71004942339334
 10
9531.0
 20
498.0
 10
9527.474361478948
 20
521.0716394261786
 10
9741.000000000002
 20
691.5175438596508
 10
9741.000000000002
 20
411.59301169703787
 10
9590.355505823089
 20
288.0
 10
9321.0
 20
288.0
 97
0
 92
3
 72
0
 73
1
 93
4
 10
9531.0
 20
498.0
 10
8924.0
 20
0.0
 10
9050.855515126294
 20
-154.62107968204927
 10
9657.855515126295
 20
343.3789203179507
 97
0
 92
3
 72
0
 73
1
 93
6
 10
9134.0
 20
-86.40698830296292
 10
8995.54426084317
 20
-200.0
 10
8713.999999999998
 20
-200.0
 10
8713.999999999998
 20
0.0
 10
8924.0
 20
0.0
 10
9134.0
 20
172.28995057660666
 97
0
 92
3
 72
0
 73
1
 93
4
 10
8924.0
 20
0.0
 10
3241.0
 20
0.0
 10
3241.0
 20
-200.0
 10
8924.0
 20
-200.0
 97
0
 92
3
 72
0
 73
1
 93
7
 10
3067.59807073955
 20
210.00000000000003
 10
3241.0
 20
0.0
 10
3451.0
 20
0.0
 10
3451.0
 20
-200.0
 10
3146.774746134474
 20
-200.0
 10
3031.0
 20
-59.7899297203219
 10
3031.0
 20
210.00000000000003
 97
0
 92
3
 72
0
 73
1
 93
4
 10
3241.0
 20
0.0
 10
1957.0
 20
1555.0
 10
1802.7801289360564
 20
1427.6570325105442
 10
3086.7801289360564
 20
-127.34296748945576
 97
0
 92
3
 72
0
 73
1
 93
3
 10
1858.5625000000002
 20
1345.0
 10
1957.0
 20
1555.0
 10
2130.4019292604503
 20
1345.0
 97
0
 92
3
 72
0
 73
1
 93
4
 10
1957.0
 20
1555.0
 10
1732.0
 20
1075.0
 10
1913.0917871917736
 20
990.113224753856
 10
2138.0917871917736
 20
1470.113224753856
 97
0
 92
3
 72
0
 73
1
 93
8
 10
1522.0
 20
904.1138679392159
 10
1522.0
 20
1106.3269731136168
 10
1732.0
 20
1075.0
 10
1830.4375
 20
1285.0
 10
1942.0
 20
1285.0
 10
1942.0
 20
1051.7840787447387
 10
1854.4449630884037
 20
865.0
 10
1784.1993589181156
 20
865.0
 97
0
 92
3
 72
0
 73
1
 93
4
 10
1732.0
 20
1075.0
 10
579.0
 20
1247.0
 10
549.4913166103382
 20
1049.1888840216288
 10
1702.4913166103383
 20
877.1888840216285
 97
0
 92
3
 72
0
 73
1
 93
8
 10
557.2603254067584
 20
1457.0
 10
579.0
 20
1247.0
 10
788.9999999999999
 20
1215.6730268863832
 10
788.9999999999999
 20
1037.0000000000002
 10
631.1993589181169
 20
1037.0000000000002
 10
396.03925716451874
 20
1072.0802580239542
 10
368.99999999999994
 20
1333.2729442435636
 10
368.99999999999994
 20
1457.0
 97
0
 92
3
 72
0
 73
1
 93
4
 10
579.0
 20
1247.0
 10
0.0
 20
6840.0
 10
-198.93685178484313
 20
6819.405607512351
 10
380.06314821515684
 20
1226.4056075123506
 97
0
 92
3
 72
0
 73
1
 93
8
 10
210.00000000000003
 20
6856.822183098591
 10
0.0
 20
6840.0
 10
21.739674593241546
 20
6630.0
 10
-179.32915524458733
 20
6630.0
 10
-210.00000000000003
 20
6926.272944243563
 10
-210.00000000000003
 20
7023.818482028591
 10
116.8374111595709
 20
7050.0
 10
210.00000000000003
 20
7050.0
 97
0
 92
3
 72
0
 73
1
 93
4
 10
0.0
 20
6840.0
 10
1136.0
 20
6931.0
 10
1120.030030252932
 20
7130.361380578782
 10
-15.969969747067918
 20
7039.361380578782
 97
0
 92
3
 72
0
 73
1
 93
4
 10
1094.7578070784177
 20
7141.0
 10
1136.0
 20
6931.0
 10
925.9999999999999
 20
6914.177816901409
 10
925.9999999999999
 20
7141.0
 97
0
 92
3
 72
0
 73
1
 93
4
 10
1136.0
 20
6931.0
 10
853.0
 20
8372.0
 10
656.7488561317356
 20
8333.457964111924
 10
939.7488561317356
 20
6892.457964111923
 97
0
 92
3
 72
0
 73
1
 93
8
 10
1063.0
 20
8394.482397544683
 10
853.0
 20
8372.0
 10
894.2421929215824
 20
8161.999999999999
 10
690.4217248643342
 20
8161.999999999999
 10
643.0
 20
8403.465390563622
 10
643.0
 20
8550.660500632073
 10
935.7310067435882
 20
8582.0
 10
1063.0
 20
8582.0
 97
0
 92
3
 72
0
 73
1
 93
4
 10
853.0
 20
8372.0
 10
6392.0
 20
8965.0
 10
6370.709855153229
 20
9163.863595794714
 10
831.7098551532288
 20
8570.863595794714
 97
0
 92
3
 72
0
 73
1
 93
4
 10
6359.198641765704
 20
9175.0
 10
6392.0
 20
8965.0
 10
6182.0
 20
8942.517602455317
 10
6182.0
 20
9175.0
 97
0
 92
3
 72
0
 73
1
 93
4
 10
6392.0
 20
8965.0
 10
5840.0
 20
12499.0
 10
5642.395994417228
 20
12468.13485821118
 10
6194.395994417228
 20
8934.13485821118
 97
0
 92
3
 72
0
 73
1
 93
8
 10
6050.0
 20
12524.490729295429
 10
5840.0
 20
12499.0
 10
5872.801358234296
 20
12289.0
 10
5670.3763118288225
 20
12289.0
 10
5630.0
 20
12547.496170295395
 10
5630.0
 20
12674.977300792238
 10
5910.288835632195
 20
12709.000000000002
 10
6050.0
 20
12709.000000000002
 97
0
 92
3
 72
0
 73
1
 93
4
 10
5840.0
 20
12499.0
 10
9885.0
 20
12990.0
 10
9860.900012490618
 20
13188.542666956117
 10
5815.900012490618
 20
12697.542666956117
 97
0
 92
3
 72
0
 73
1
 93
8
 10
9915.163545863948
 20
12780.0
 10
9885.0
 20
12990.0
 10
9674.999999999998
 20
12964.509270704573
 10
9674.999999999998
 20
13165.977300792238
 10
9955.28883563219
 20
13200.000000000002
 10
10056.889049383766
 20
13200.000000000002
 10
10095.0
 20
12934.669800907774
 10
10095.0
 20
12780.0
 97
0
 92
3
 72
0
 73
1
 93
4
 10
9885.0
 20
12990.0
 10
10491.0
 20
8771.0
 10
10688.968256487675
 20
8799.435355162725
 10
10082.968256487675
 20
13018.435355162725
 97
0
 92
3
 72
0
 73
1
 93
12
 10
10500.33895997822
 20
8561.0
 10
10473.0
 20
8753.0
 10
10280.999999999998
 20
8725.328358208955
 10
10280.999999999998
 20
8741.192926045016
 10
10491.0
 20
8771.0
 10
10460.83645413605
 20
8981.000000000002
 10
10662.889049383766
 20
8981.000000000002
 10
10701.0
 20
8715.669800907763
 10
10701.0
 20
8598.802467784564
 10
10697.05334444655
 20
8598.242285622866
 10
10701.0
 20
8570.525142510405
 10
10701.0
 20
8561.0
 97
0
 92
3
 72
0
 73
1
 93
4
 10
10491.0
 20
8771.0
 10
8314.0
 20
8462.0
 10
8342.105982352688
 20
8263.984713327505
 10
10519.105982352688
 20
8572.984713327505
 97
0
 92
3
 72
0
 73
1
 93
6
 10
8524.0
 20
8472.104011194031
 10
8329.0
 20
8444.0
 10
8356.211774325431
 20
8251.999999999998
 10
8346.090657960824
 20
8251.999999999998
 10
8314.0
 20
8462.0
 10
8524.0
 20
8491.807073954984
 97
0
 92
3
 72
0
 73
1
 93
4
 10
8314.0
 20
8462.0
 10
8485.619871377283
 20
7338.926330609138
 10
8683.324818303365
 20
7369.138148842318
 10
8511.704946926082
 20
8492.21181823318
 97
0
 92
3
 72
0
 73
1
 93
3
 10
8455.856993208843
 20
7548.926330609138
 10
8485.619871377283
 20
7338.926330609138
 10
8453.52921341646
 20
7548.926330609138
 97
0
 92
3
 72
0
 73
1
 93
4
 10
8485.619871377283
 20
7338.926330609138
 10
8329.0
 20
8444.0
 10
8130.978919110447
 20
8415.934869974772
 10
8287.59879048773
 20
7310.861200583909
 97
0
 92
3
 72
0
 73
1
 93
6
 10
8539.000000000002
 20
8474.265858208955
 10
8329.0
 20
8444.0
 10
8358.76287816844
 20
8234.0
 10
8348.841285786037
 20
8234.0
 10
8314.0
 20
8462.0
 10
8539.000000000002
 20
8493.936150666053
 97
0
 92
3
 72
0
 73
1
 93
4
 10
8329.0
 20
8444.0
 10
10473.0
 20
8753.0
 10
10444.47015377885
 20
8950.954661159058
 10
8300.47015377885
 20
8641.954661159058
 97
0
 92
3
 72
0
 73
1
 93
9
 10
10502.901987476178
 20
8543.0
 10
10473.0
 20
8753.0
 10
10263.0
 20
8722.734141791045
 10
10263.0
 20
8738.638033991732
 10
10491.0
 20
8771.0
 10
10463.42190092439
 20
8963.000000000002
 10
10665.474496172104
 20
8963.000000000002
 10
10683.000000000002
 20
8840.986632590924
 10
10683.000000000002
 20
8543.0
 97
0
 92
3
 72
0
 73
1
 93
4
 10
10473.0
 20
8753.0
 10
10996.0
 20
5080.0
 10
11194.002815856207
 20
5108.193703428477
 10
10671.002815856207
 20
8781.193703428477
 97
0
 92
3
 72
0
 73
1
 93
9
 10
11024.720881971467
 20
4870.0
 10
11012.0
 20
4959.0
 10
10786.0
 20
4926.849813432836
 10
10786.0
 20
5050.167675826735
 10
10996.0
 20
5080.0
 10
10966.098012523822
 20
5290.0
 10
11168.115341555387
 20
5290.0
 10
11206.000000000002
 20
5023.9381444224355
 10
11206.000000000002
 20
4870.0
 97
0
 92
3
 72
0
 73
1
 93
4
 10
10996.0
 20
5080.0
 10
8876.816417249951
 20
4778.951563698759
 10
8904.945738004097
 20
4580.939591045814
 10
11024.129320754146
 20
4881.988027347056
 97
0
 92
3
 72
0
 73
1
 93
4
 10
9086.816417249953
 20
4685.128268312143
 10
8895.31676560147
 20
4657.886013763268
 10
8876.816417249951
 20
4778.951563698759
 10
9086.816417249953
 20
4808.783887872024
 97
0
 92
3
 72
0
 73
1
 93
4
 10
8876.816417249951
 20
4778.951563698759
 10
8895.31676560147
 20
4657.886013763268
 10
9093.021712527552
 20
4688.097831996447
 10
9074.521364176037
 20
4809.163381931938
 97
0
 92
3
 72
0
 73
1
 93
4
 10
9105.31676560147
 20
4687.760080927448
 10
8895.31676560147
 20
4657.886013763268
 10
8876.816417249951
 20
4778.951563698759
 10
9105.31676560147
 20
4811.412023059362
 97
0
 92
3
 72
0
 73
1
 93
4
 10
8895.31676560147
 20
4657.886013763268
 10
11012.0
 20
4959.0
 10
10983.83209939104
 20
5157.006488215118
 10
8867.14886499251
 20
4855.8925019783865
 97
0
 92
3
 72
0
 73
1
 93
12
 10
11042.015564202336
 20
4749.0
 10
11012.0
 20
4959.0
 10
10802.0
 20
4929.12593283582
 10
10802.0
 20
5052.440614811364
 10
10996.0
 20
5080.0
 10
10983.327252926763
 20
5169.0
 10
11185.344581958327
 20
5169.0
 10
11222.000000000002
 20
4911.571031611727
 10
11222.000000000002
 20
4910.097276145374
 10
11221.041789687317
 20
4909.961154046925
 10
11222.000000000002
 20
4903.257159935488
 10
11222.000000000002
 20
4749.0
 97
0
 75
1
 76
1
 52
0.0
 41
40.0
 77
0
 78
1
 53
45.0
 43
0.0
 44
0.0
 45
-89.802561212
 46
89.802561212
 79
0
 98
0
  0
LWPOLYLINE
  5
1CB
330
17
100
AcDbEntity
  8
A-DUVAR-MEVCUT
100
AcDbPolyline
 90
20
 70
1
 10
11221.041789687317
 20
4909.961154046925
 10
11791.94357246707
 20
915.7209133646261
 10
10278.391571086133
 20
836.4200858306655
 10
10275.474858017116
 20
862.2538301562389
 10
9742.65370688754
 20
436.93168320192984
 10
9745.910178518421
 20
415.6214612887566
 10
8995.54426084317
 20
-200.0
 10
3146.774746134474
 20
-200.0
 10
2003.9752161359186
 20
1183.997873168032
 10
1849.8539797375236
 20
855.2059021847891
 10
396.03925716451874
 20
1072.0802580239542
 10
-220.01508228569227
 20
7023.016217514508
 10
896.5425895206677
 20
7112.458777491954
 10
614.6874321583966
 20
8547.629384414333
 10
6162.003123047353
 20
9141.519654263971
 10
5610.458344374851
 20
12672.605248156402
 10
10055.147988562738
 20
13212.121345881063
 10
10717.450955181876
 20
8601.137490821404
 10
10697.05334444655
 20
8598.242285622866
 10
11222.20568803915
 20
4910.126495918052
  0
LWPOLYLINE
  5
1CC
330
17
100
AcDbEntity
  8
A-DUVAR-MEVCUT
100
AcDbPolyline
 90
27
 70
1
 10
11012.0
 20
4959.0
 10
11563.0
 20
1104.0
 10
10456.0
 20
1046.0
 10
10400.0
 20
1542.0
 10
10116.0
 20
1532.0
 10
10150.0
 20
1018.0
 10
9527.474361478948
 20
521.0716394261786
 10
9531.0
 20
498.0
 10
8924.0
 20
0.0
 10
3241.0
 20
0.0
 10
1957.0
 20
1555.0
 10
1732.0
 20
1075.0
 10
579.0
 20
1247.0
 10
0.0
 20
6840.0
 10
1136.0
 20
6931.0
 10
853.0
 20
8372.0
 10
6392.0
 20
8965.0
 10
5840.0
 20
12499.0
 10
9885.0
 20
12990.0
 10
10491.0
 20
8771.0
 10
8314.0
 20
8462.0
 10
8485.619871377283
 20
7338.926330609138
 10
8329.0
 20
8444.0
 10
10473.0
 20
8753.0
 10
10996.0
 20
5080.0
 10
8876.816417249951
 20
4778.951563698759
 10
8895.31676560147
 20
4657.886013763268
  0
LWPOLYLINE
  5
1CD
330
17
100
AcDbEntity
  8
A-DUVAR-YENI
100
AcDbPolyline
 90
4
 70
1
 10
9403.2945233589
 20
8580.48245868865
 10
9631.663521129563
 20
6976.659650253371
 10
8558.618017955989
 20
6823.868254075919
 10
8331.290416828891
 20
8427.839347413073
  0
LWPOLYLINE
  5
1CE
330
17
100
AcDbEntity
  8
A-DUVAR-YENI
100
AcDbPolyline
 90
4
 70
1
 10
10475.81937034285
 20
8733.19971841438
 10
10704.188368113513
 20
7129.376909979101
 10
9632.653535208845
 20
6976.800618770513
 10
9404.284537438181
 20
8580.623427205792
  0
LWPOLYLINE
  5
1CF
330
17
100
AcDbEntity
  8
A-DUVAR-YENI
100
AcDbPolyline
 90
6
 70
1
 10
11377.47369286883
 20
2402.010733195394
 10
11563.0
 20
1104.0
 10
10456.0
 20
1046.0
 10
10400.0
 20
1542.0
 10
10381.784184140935
 20
1541.3585980331316
 10
10281.133393026086
 20
2245.2408863981773
  0
LWPOLYLINE
  5
1D0
330
17
100
AcDbEntity
  8
A-DUVAR-YENI
100
AcDbPolyline
 90
7
 70
1
 10
10280.14346247828
 20
2245.099332484359
 10
10380.77907299047
 20
1541.323206795439
 10
10116.0
 20
1532.0
 10
10150.0
 20
1018.0
 10
9496.833088269086
 20
496.61237747795593
 10
9463.168921723629
 20
491.7986109561521
 10
9233.851581337667
 20
2095.4860984044726
  0
LWPOLYLINE
  5
1D1
330
17
100
AcDbEntity
  8
A-DUVAR-YENI
100
AcDbPolyline
 90
4
 70
1
 10
10473.0
 20
8753.0
 10
8329.0
 20
8444.0
 10
8849.0
 20
4775.0
 10
10996.0
 20
5080.0
  0
LWPOLYLINE
  5
1D2
330
17
100
AcDbEntity
  8
A-DUVAR-YENI
100
AcDbPolyline
 90
8
 70
1
 10
11012.0
 20
4959.0
 10
8868.0
 20
4654.0
 10
9466.0
 20
472.0
 10
10150.0
 20
1018.0
 10
10116.0
 20
1532.0
 10
10400.0
 20
1542.0
 10
10456.0
 20
1046.0
 10
11563.0
 20
1104.0
  0
LWPOLYLINE
  5
1D3
330
17
100
AcDbEntity
  8
A-CEPHE
100
AcDbPolyline
 90
4
 70
1
 10
-44.75971561960937
 20
6835.355879238037
 10
44.75971561960937
 20
6844.644120761963
 10
624.7597156196093
 20
1254.644120761963
 10
535.2402843803906
 20
1245.355879238037
  0
LWPOLYLINE
  5
1D4
330
17
100
AcDbEntity
  8
A-CEPHE
100
AcDbPolyline
 90
4
 70
1
 10
3274.788301671717
 20
28.544247525511032
 10
3205.2116983282835
 20
-28.544247525511032
 10
1925.2116983282833
 20
1531.455752474489
 10
1994.7883016717165
 20
1588.544247525511
  0
LINE
  5
1D5
330
17
100
AcDbEntity
  8
A-KAPI
100
AcDbLine
 10
239.99999999999994
 20
3500.0
 30
0.0
 11
240.00000000000006
 21
5100.0
 31
0.0
  0
ARC
  5
1D6
330
17
100
AcDbEntity
  8
A-KAPI
100
AcDbCircle
 10
239.99999999999994
 20
3500.0
 30
0.0
 40
1600.0
100
AcDbArc
 50
0.0
 51
88.0
  0
LINE
  5
1D7
330
17
100
AcDbEntity
  8
A-KAPI
100
AcDbLine
 10
8787.37210456797
 20
6654.379369066292
 30
0.0
 11
8912.62789543203
 21
7545.620630933707
 31
0.0
  0
ARC
  5
1D8
330
17
100
AcDbEntity
  8
A-KAPI
100
AcDbCircle
 10
8787.37210456797
 20
6654.379369066292
 30
0.0
 40
900.0
100
AcDbArc
 50
-8.0
 51
80.0
  0
LINE
  5
1D9
330
17
100
AcDbEntity
  8
A-KAPI
100
AcDbLine
 10
9037.37210456797
 20
2954.3793690662933
 30
0.0
 11
9162.62789543203
 21
3845.6206309337063
 31
0.0
  0
ARC
  5
1DA
330
17
100
AcDbEntity
  8
A-KAPI
100
AcDbCircle
 10
9037.37210456797
 20
2954.3793690662933
 30
0.0
 40
900.0
100
AcDbArc
 50
-8.0
 51
80.0
  0
LINE
  5
1DB
330
17
100
AcDbEntity
  8
A-KAPI
100
AcDbLine
 10
2850.0
 20
100.0
 30
0.0
 11
3850.0
 21
100.0
 31
0.0
  0
ARC
  5
1DC
330
17
100
AcDbEntity
  8
A-KAPI
100
AcDbCircle
 10
2850.0
 20
100.0
 30
0.0
 40
1000.0
100
AcDbArc
 50
-90.0
 51
-2.0
  0
TEXT
  5
1DD
330
17
100
AcDbEntity
  8
A-YAZI
100
AcDbText
 10
8050.000000000001
 20
11100.0
 30
0.0
 40
260.0
  1
DİNLENME SALONU
  7
GYM-B
 72
1
 11
8050.000000000001
 21
11100.0
 31
0.0
100
AcDbText
 73
2
  0
TEXT
  5
1DE
330
17
100
AcDbEntity
  8
A-YAZI
100
AcDbText
 10
8050.000000000001
 20
10800.0
 30
0.0
 40
195.0
  1
17,33 m²
  7
GYM
 72
1
 11
8050.000000000001
 21
10800.0
 31
0.0
100
AcDbText
 73
2
  0
TEXT
  5
1DF
330
17
100
AcDbEntity
  8
A-YAZI
100
AcDbText
 10
1550.0
 20
2350.0
 30
0.0
 40
260.0
  1
GİRİŞ
  7
GYM-B
 72
1
 11
1550.0
 21
2350.0
 31
0.0
100
AcDbText
 73
2
  0
TEXT
  5
1E0
330
17
100
AcDbEntity
  8
A-YAZI
100
AcDbText
 10
1550.0
 20
2050.0
 30
0.0
 40
195.0
  1
15,65 m²
  7
GYM
 72
1
 11
1550.0
 21
2050.0
 31
0.0
100
AcDbText
 73
2
  0
TEXT
  5
1E1
330
17
100
AcDbEntity
  8
A-YAZI
100
AcDbText
 10
5300.0
 20
1620.0
 30
0.0
 40
260.0
  1
ARENA
  7
GYM-B
 72
1
 11
5300.0
 21
1620.0
 31
0.0
100
AcDbText
 73
2
  0
TEXT
  5
1E2
330
17
100
AcDbEntity
  8
A-YAZI
100
AcDbText
 10
5300.0
 20
1320.0
 30
0.0
 40
195.0
  1
31,76 m²
  7
GYM
 72
1
 11
5300.0
 21
1320.0
 31
0.0
100
AcDbText
 73
2
  0
TEXT
  5
1E3
330
17
100
AcDbEntity
  8
A-YAZI
100
AcDbText
 10
6400.0
 20
7450.0
 30
0.0
 40
260.0
  1
FONKSİYONEL
  7
GYM-B
 72
1
 11
6400.0
 21
7450.0
 31
0.0
100
AcDbText
 73
2
  0
TEXT
  5
1E4
330
17
100
AcDbEntity
  8
A-YAZI
100
AcDbText
 10
6400.0
 20
7150.0
 30
0.0
 40
195.0
  1
22,31 m²
  7
GYM
 72
1
 11
6400.0
 21
7150.0
 31
0.0
100
AcDbText
 73
2
  0
TEXT
  5
1E5
330
17
100
AcDbEntity
  8
A-YAZI
100
AcDbText
 10
9777.090537939453
 20
5951.439090029158
 30
0.0
 40
190.0
  1
ERKEK
  7
GYM-B
 72
1
 11
9777.090537939453
 21
5951.439090029158
 31
0.0
100
AcDbText
 73
2
  0
TEXT
  5
1E6
330
17
100
AcDbEntity
  8
A-YAZI
100
AcDbText
 10
9777.090537939453
 20
5721.439090029158
 30
0.0
 40
145.0
  1
4,48 m²
  7
GYM
 72
1
 11
9777.090537939453
 21
5721.439090029158
 31
0.0
100
AcDbText
 73
2
  0
TEXT
  5
1E7
330
17
100
AcDbEntity
  8
A-YAZI
100
AcDbText
 10
8981.236644451756
 20
7702.249498833222
 30
0.0
 40
190.0
  1
DUŞ
  7
GYM-B
 72
1
 11
8981.236644451756
 21
7702.249498833222
 31
0.0
100
AcDbText
 73
2
  0
TEXT
  5
1E8
330
17
100
AcDbEntity
  8
A-YAZI
100
AcDbText
 10
8981.236644451756
 20
7472.249498833222
 30
0.0
 40
145.0
  1
1,76 m²
  7
GYM
 72
1
 11
8981.236644451756
 21
7472.249498833222
 31
0.0
100
AcDbText
 73
2
  0
TEXT
  5
1E9
330
17
100
AcDbEntity
  8
A-YAZI
100
AcDbText
 10
10054.236452775847
 20
7855.000168592446
 30
0.0
 40
190.0
  1
WC
  7
GYM-B
 72
1
 11
10054.236452775847
 21
7855.000168592446
 31
0.0
100
AcDbText
 73
2
  0
TEXT
  5
1EA
330
17
100
AcDbEntity
  8
A-YAZI
100
AcDbText
 10
10054.236452775847
 20
7625.000168592446
 30
0.0
 40
145.0
  1
1,75 m²
  7
GYM
 72
1
 11
10054.236452775847
 21
7625.000168592446
 31
0.0
100
AcDbText
 73
2
  0
TEXT
  5
1EB
330
17
100
AcDbEntity
  8
A-YAZI
100
AcDbText
 10
10122.70128582356
 20
3528.5003347183065
 30
0.0
 40
190.0
  1
KADIN
  7
GYM-B
 72
1
 11
10122.70128582356
 21
3528.5003347183065
 31
0.0
100
AcDbText
 73
2
  0
TEXT
  5
1EC
330
17
100
AcDbEntity
  8
A-YAZI
100
AcDbText
 10
10122.70128582356
 20
3298.5003347183065
 30
0.0
 40
145.0
  1
5,59 m²
  7
GYM
 72
1
 11
10122.70128582356
 21
3298.5003347183065
 31
0.0
100
AcDbText
 73
2
  0
TEXT
  5
1ED
330
17
100
AcDbEntity
  8
A-YAZI
100
AcDbText
 10
10890.775743481887
 20
1893.6204431990889
 30
0.0
 40
190.0
  1
DUŞ
  7
GYM-B
 72
1
 11
10890.775743481887
 21
1893.6204431990889
 31
0.0
100
AcDbText
 73
2
  0
TEXT
  5
1EE
330
17
100
AcDbEntity
  8
A-YAZI
100
AcDbText
 10
10890.775743481887
 20
1663.6204431990889
 30
0.0
 40
145.0
  1
1,39 m²
  7
GYM
 72
1
 11
10890.775743481887
 21
1663.6204431990889
 31
0.0
100
AcDbText
 73
2
  0
TEXT
  5
1EF
330
17
100
AcDbEntity
  8
A-YAZI
100
AcDbText
 10
9742.08799617408
 20
1275.0
 30
0.0
 40
190.0
  1
WC
  7
GYM-B
 72
1
 11
9742.08799617408
 21
1275.0
 31
0.0
100
AcDbText
 73
2
  0
TEXT
  5
1F0
330
17
100
AcDbEntity
  8
A-YAZI
100
AcDbText
 10
9742.08799617408
 20
1045.0
 30
0.0
 40
145.0
  1
1,29 m²
  7
GYM
 72
1
 11
9742.08799617408
 21
1045.0
 31
0.0
100
AcDbText
 73
2
  0
LWPOLYLINE
  5
1F1
330
17
100
AcDbEntity
  8
A-EKIPMAN
100
AcDbPolyline
 90
6
 70
1
 10
5300.0
 20
6369.8866062908955
 10
3550.7268861881466
 20
5359.943303145447
 10
3550.726886188147
 20
3340.056696854551
 10
5300.0
 20
2330.113393709103
 10
7049.273113811852
 20
3340.056696854551
 10
7049.273113811852
 20
5359.943303145447
  0
TEXT
  5
1F2
330
17
100
AcDbEntity
  8
A-EKIPMAN
100
AcDbText
 10
5300.0
 20
6249.8866062908955
 30
0.0
 40
150.0
  1
A
  7
GYM-B
 72
1
 11
5300.0
 21
6249.8866062908955
 31
0.0
100
AcDbText
 73
2
  0
LWPOLYLINE
  5
1F3
330
17
100
AcDbEntity
  8
A-EKIPMAN
100
AcDbPolyline
 90
4
 70
1
 10
8301.894904209083
 20
7552.853396183233
 10
7689.028694387702
 20
7459.071687629958
 10
8058.105095790916
 20
5047.146603816769
 10
8670.971305612298
 20
5140.928312370045
  0
TEXT
  5
1F4
330
17
100
AcDbEntity
  8
A-EKIPMAN
100
AcDbText
 10
8180.0
 20
7432.853396183233
 30
0.0
 40
150.0
  1
B
  7
GYM-B
 72
1
 11
8180.0
 21
7432.853396183233
 31
0.0
100
AcDbText
 73
2
  0
LWPOLYLINE
  5
1F5
330
17
100
AcDbEntity
  8
A-EKIPMAN
100
AcDbPolyline
 90
4
 70
1
 10
4960.450952775313
 20
8673.312023866585
 10
2653.5869223862783
 20
8426.779378366522
 10
2839.549047224686
 20
6686.687976133415
 10
5146.413077613722
 20
6933.220621633476
  0
TEXT
  5
1F6
330
17
100
AcDbEntity
  8
A-EKIPMAN
100
AcDbText
 10
3900.0
 20
8553.312023866585
 30
0.0
 40
150.0
  1
C
  7
GYM-B
 72
1
 11
3900.0
 21
8553.312023866585
 31
0.0
100
AcDbText
 73
2
  0
LWPOLYLINE
  5
1F7
330
17
100
AcDbEntity
  8
A-EKIPMAN
100
AcDbPolyline
 90
4
 70
1
 10
6991.3334006138
 20
8468.458756179605
 10
6949.890412792668
 20
8856.250554391556
 10
5408.666599386201
 20
8691.541243820395
 10
5450.109587207332
 20
8303.749445608444
  0
TEXT
  5
1F8
330
17
100
AcDbEntity
  8
A-EKIPMAN
100
AcDbText
 10
6200.0
 20
8736.250554391556
 30
0.0
 40
150.0
  1
D1
  7
GYM-B
 72
1
 11
6200.0
 21
8736.250554391556
 31
0.0
100
AcDbText
 73
2
  0
LWPOLYLINE
  5
1F9
330
17
100
AcDbEntity
  8
A-EKIPMAN
100
AcDbPolyline
 90
4
 70
1
 10
8815.529172236098
 20
5045.578622224938
 10
8430.016556380711
 20
4986.586902328521
 10
8664.470827763902
 20
3454.421377775062
 10
9049.98344361929
 20
3513.413097671477
  0
TEXT
  5
1FA
330
17
100
AcDbEntity
  8
A-EKIPMAN
100
AcDbText
 10
8740.0
 20
4925.578622224938
 30
0.0
 40
150.0
  1
D2
  7
GYM-B
 72
1
 11
8740.0
 21
4925.578622224938
 31
0.0
100
AcDbText
 73
2
  0
LWPOLYLINE
  5
1FB
330
17
100
AcDbEntity
  8
A-EKIPMAN
100
AcDbPolyline
 90
4
 70
1
 10
9188.613047645062
 20
1272.1591293973195
 10
8961.721817274232
 20
2754.899959610345
 10
8131.386952354939
 20
2627.8408706026808
 10
8358.278182725768
 20
1145.100040389655
  0
TEXT
  5
1FC
330
17
100
AcDbEntity
  8
A-EKIPMAN
100
AcDbText
 10
8660.0
 20
2634.899959610345
 30
0.0
 40
150.0
  1
E
  7
GYM-B
 72
1
 11
8660.0
 21
2634.899959610345
 31
0.0
100
AcDbText
 73
2
  0
LWPOLYLINE
  5
1FD
330
17
100
AcDbEntity
  8
A-EKIPMAN
100
AcDbPolyline
 90
4
 70
1
 10
5925.000000000001
 20
90.00000000000003
 10
5925.000000000001
 20
830.0000000000001
 10
3475.0
 20
830.0000000000001
 10
3475.0
 20
90.00000000000003
  0
TEXT
  5
1FE
330
17
100
AcDbEntity
  8
A-EKIPMAN
100
AcDbText
 10
4700.0
 20
710.0000000000001
 30
0.0
 40
150.0
  1
F1
  7
GYM-B
 72
1
 11
4700.0
 21
710.0000000000001
 31
0.0
100
AcDbText
 73
2
  0
LWPOLYLINE
  5
1FF
330
17
100
AcDbEntity
  8
A-EKIPMAN
100
AcDbPolyline
 90
4
 70
1
 10
8525.0
 20
109.99999999999999
 10
8525.0
 20
850.0
 10
6074.999999999999
 20
850.0
 10
6074.999999999999
 20
109.99999999999999
  0
TEXT
  5
200
330
17
100
AcDbEntity
  8
A-EKIPMAN
100
AcDbText
 10
7300.0
 20
730.0
 30
0.0
 40
150.0
  1
F2
  7
GYM-B
 72
1
 11
7300.0
 21
730.0
 31
0.0
100
AcDbText
 73
2
  0
LWPOLYLINE
  5
201
330
17
100
AcDbEntity
  8
A-MOBILYA
100
AcDbPolyline
 90
4
 70
1
 10
1977.7854600735045
 20
7277.398025003915
 10
1331.3462280841266
 20
7209.454523879941
 10
1582.2145399264941
 20
4822.601974996084
 10
2228.653771915873
 20
4890.545476120059
  0
LWPOLYLINE
  5
202
330
17
100
AcDbEntity
  8
A-MOBILYA
100
AcDbPolyline
 90
4
 70
1
 10
8998.134742635326
 20
5391.342922434176
 10
9047.361053955077
 20
5044.821970291523
 10
10730.462821505105
 20
5283.921196701751
 10
10681.236510185354
 20
5630.442148844404
  0
LWPOLYLINE
  5
203
330
17
100
AcDbEntity
  8
A-MOBILYA
100
AcDbPolyline
 90
4
 70
1
 10
9058.451384514703
 20
6566.507550353343
 10
9103.458297721334
 20
6249.688394108631
 10
10341.033126802238
 20
6425.496648822033
 10
10296.026213595607
 20
6742.315805066745
  0
LWPOLYLINE
  5
204
330
17
100
AcDbEntity
  8
A-MOBILYA
100
AcDbPolyline
 90
4
 70
1
 10
9561.810316158433
 20
4306.568802701193
 10
9215.334624425772
 20
4257.02493286472
 10
9455.976277917214
 20
2574.143001591791
 10
9802.451969649876
 20
2623.686871428264
  0
LWPOLYLINE
  5
205
330
17
100
AcDbEntity
  8
A-MOBILYA
100
AcDbPolyline
 90
4
 70
1
 10
10737.02972948538
 20
4247.329199904846
 10
10420.251954186946
 20
4202.031947482927
 10
10597.194346460066
 20
2964.6187627234194
 10
10913.9721217585
 20
3009.916015145339
  0
INSERT
  5
206
330
17
100
AcDbEntity
  8
G-KUZEY
100
AcDbBlockReference
  2
G_KUZEY
 10
12550.0
 20
12100.0
 30
0.0
  0
LINE
  5
208
330
17
100
AcDbEntity
  8
G-AKS-HAT
100
AcDbLine
 10
1445.4493803095138
 20
-4181.507221263104
 30
0.0
 11
-1199.7539656843408
 21
14640.092576370971
 31
0.0
  0
CIRCLE
  5
209
330
17
100
AcDbEntity
  8
G-AKS-BALON
100
AcDbCircle
 10
1503.9020827127415
 20
-4597.419810134564
 30
0.0
 40
420.0
  0
TEXT
  5
20A
330
17
100
AcDbEntity
  8
G-AKS-BALON
100
AcDbText
 10
1503.9020827127415
 20
-4597.419810134564
 30
0.0
 40
399.0
  1
1
  7
GYM-B
 72
1
 11
1503.9020827127415
 21
-4597.419810134564
 31
0.0
100
AcDbText
 73
2
  0
CIRCLE
  5
20B
330
17
100
AcDbEntity
  8
G-AKS-BALON
100
AcDbCircle
 10
-1258.2066680875682
 20
15056.00516524243
 30
0.0
 40
420.0
  0
TEXT
  5
20C
330
17
100
AcDbEntity
  8
G-AKS-BALON
100
AcDbText
 10
-1258.2066680875682
 20
15056.00516524243
 30
0.0
 40
399.0
  1
1
  7
GYM-B
 72
1
 11
-1258.2066680875682
 21
15056.00516524243
 31
0.0
100
AcDbText
 73
2
  0
LINE
  5
20D
330
17
100
AcDbEntity
  8
G-AKS-HAT
100
AcDbLine
 10
8080.89524319282
 20
-3248.956121070954
 30
0.0
 11
5435.691897198966
 21
15572.64367656312
 31
0.0
  0
CIRCLE
  5
20E
330
17
100
AcDbEntity
  8
G-AKS-BALON
100
AcDbCircle
 10
8139.347945596049
 20
-3664.8687099424137
 30
0.0
 40
420.0
  0
TEXT
  5
20F
330
17
100
AcDbEntity
  8
G-AKS-BALON
100
AcDbText
 10
8139.347945596049
 20
-3664.8687099424137
 30
0.0
 40
399.0
  1
2
  7
GYM-B
 72
1
 11
8139.347945596049
 21
-3664.8687099424137
 31
0.0
100
AcDbText
 73
2
  0
CIRCLE
  5
210
330
17
100
AcDbEntity
  8
G-AKS-BALON
100
AcDbCircle
 10
5377.239194795739
 20
15988.55626543458
 30
0.0
 40
420.0
  0
TEXT
  5
211
330
17
100
AcDbEntity
  8
G-AKS-BALON
100
AcDbText
 10
5377.239194795739
 20
15988.55626543458
 30
0.0
 40
399.0
  1
2
  7
GYM-B
 72
1
 11
5377.239194795739
 21
15988.55626543458
 31
0.0
100
AcDbText
 73
2
  0
LINE
  5
212
330
17
100
AcDbEntity
  8
G-AKS-HAT
100
AcDbLine
 10
9933.2610962113
 20
-2988.6230779135294
 30
0.0
 11
7288.057750217445
 21
15832.976719720547
 31
0.0
  0
CIRCLE
  5
213
330
17
100
AcDbEntity
  8
G-AKS-BALON
100
AcDbCircle
 10
9991.713798614528
 20
-3404.535666784989
 30
0.0
 40
420.0
  0
TEXT
  5
214
330
17
100
AcDbEntity
  8
G-AKS-BALON
100
AcDbText
 10
9991.713798614528
 20
-3404.535666784989
 30
0.0
 40
399.0
  1
3
  7
GYM-B
 72
1
 11
9991.713798614528
 21
-3404.535666784989
 31
0.0
100
AcDbText
 73
2
  0
CIRCLE
  5
215
330
17
100
AcDbEntity
  8
G-AKS-BALON
100
AcDbCircle
 10
7229.605047814218
 20
16248.889308592006
 30
0.0
 40
420.0
  0
TEXT
  5
216
330
17
100
AcDbEntity
  8
G-AKS-BALON
100
AcDbText
 10
7229.605047814218
 20
16248.889308592006
 30
0.0
 40
399.0
  1
3
  7
GYM-B
 72
1
 11
7229.605047814218
 21
16248.889308592006
 31
0.0
100
AcDbText
 73
2
  0
LINE
  5
217
330
17
100
AcDbEntity
  8
G-AKS-HAT
100
AcDbLine
 10
12090.078939181847
 20
-2685.5020979614374
 30
0.0
 11
9444.875593187991
 21
16136.097699672639
 31
0.0
  0
CIRCLE
  5
218
330
17
100
AcDbEntity
  8
G-AKS-BALON
100
AcDbCircle
 10
12148.531641585076
 20
-3101.4146868328967
 30
0.0
 40
420.0
  0
TEXT
  5
219
330
17
100
AcDbEntity
  8
G-AKS-BALON
100
AcDbText
 10
12148.531641585076
 20
-3101.4146868328967
 30
0.0
 40
399.0
  1
4
  7
GYM-B
 72
1
 11
12148.531641585076
 21
-3101.4146868328967
 31
0.0
100
AcDbText
 73
2
  0
CIRCLE
  5
21A
330
17
100
AcDbEntity
  8
G-AKS-BALON
100
AcDbCircle
 10
9386.422890784763
 20
16552.0102885441
 30
0.0
 40
420.0
  0
TEXT
  5
21B
330
17
100
AcDbEntity
  8
G-AKS-BALON
100
AcDbText
 10
9386.422890784763
 20
16552.0102885441
 30
0.0
 40
399.0
  1
4
  7
GYM-B
 72
1
 11
9386.422890784763
 21
16552.0102885441
 31
0.0
100
AcDbText
 73
2
  0
LINE
  5
21C
330
17
100
AcDbEntity
  8
G-AKS-HAT
100
AcDbLine
 10
-2220.978537539913
 20
-1104.5367470788183
 30
0.0
 11
14675.644186311685
 21
1270.12871418268
 31
0.0
  0
CIRCLE
  5
21D
330
17
100
AcDbEntity
  8
G-AKS-BALON
100
AcDbCircle
 10
-2636.891126411372
 20
-1162.9894494820458
 30
0.0
 40
420.0
  0
TEXT
  5
21E
330
17
100
AcDbEntity
  8
G-AKS-BALON
100
AcDbText
 10
-2636.891126411372
 20
-1162.9894494820458
 30
0.0
 40
399.0
  1
A
  7
GYM-B
 72
1
 11
-2636.891126411372
 21
-1162.9894494820458
 31
0.0
100
AcDbText
 73
2
  0
CIRCLE
  5
21F
330
17
100
AcDbEntity
  8
G-AKS-BALON
100
AcDbCircle
 10
15091.556775183144
 20
1328.5814165859074
 30
0.0
 40
420.0
  0
TEXT
  5
220
330
17
100
AcDbEntity
  8
G-AKS-BALON
100
AcDbText
 10
15091.556775183144
 20
1328.5814165859074
 30
0.0
 40
399.0
  1
A
  7
GYM-B
 72
1
 11
15091.556775183144
 21
1328.5814165859074
 31
0.0
100
AcDbText
 73
2
  0
LINE
  5
221
330
17
100
AcDbEntity
  8
G-AKS-HAT
100
AcDbLine
 10
-2808.597449340076
 20
3076.5890662444203
 30
0.0
 11
14088.025274511521
 21
5451.254527505918
 31
0.0
  0
CIRCLE
  5
222
330
17
100
AcDbEntity
  8
G-AKS-BALON
100
AcDbCircle
 10
-3224.5100382115356
 20
3018.136363841193
 30
0.0
 40
420.0
  0
TEXT
  5
223
330
17
100
AcDbEntity
  8
G-AKS-BALON
100
AcDbText
 10
-3224.5100382115356
 20
3018.136363841193
 30
0.0
 40
399.0
  1
B
  7
GYM-B
 72
1
 11
-3224.5100382115356
 21
3018.136363841193
 31
0.0
100
AcDbText
 73
2
  0
CIRCLE
  5
224
330
17
100
AcDbEntity
  8
G-AKS-BALON
100
AcDbCircle
 10
14503.93786338298
 20
5509.707229909146
 30
0.0
 40
420.0
  0
TEXT
  5
225
330
17
100
AcDbEntity
  8
G-AKS-BALON
100
AcDbText
 10
14503.93786338298
 20
5509.707229909146
 30
0.0
 40
399.0
  1
B
  7
GYM-B
 72
1
 11
14503.93786338298
 21
5509.707229909146
 31
0.0
100
AcDbText
 73
2
  0
LINE
  5
226
330
17
100
AcDbEntity
  8
G-AKS-HAT
100
AcDbLine
 10
-3334.3653799888307
 20
6817.62228098317
 30
0.0
 11
13562.257343862766
 21
9192.287742244667
 31
0.0
  0
CIRCLE
  5
227
330
17
100
AcDbEntity
  8
G-AKS-BALON
100
AcDbCircle
 10
-3750.2779688602905
 20
6759.169578579943
 30
0.0
 40
420.0
  0
TEXT
  5
228
330
17
100
AcDbEntity
  8
G-AKS-BALON
100
AcDbText
 10
-3750.2779688602905
 20
6759.169578579943
 30
0.0
 40
399.0
  1
C
  7
GYM-B
 72
1
 11
-3750.2779688602905
 21
6759.169578579943
 31
0.0
100
AcDbText
 73
2
  0
CIRCLE
  5
229
330
17
100
AcDbEntity
  8
G-AKS-BALON
100
AcDbCircle
 10
13978.169932734225
 20
9250.740444647896
 30
0.0
 40
420.0
  0
TEXT
  5
22A
330
17
100
AcDbEntity
  8
G-AKS-BALON
100
AcDbText
 10
13978.169932734225
 20
9250.740444647896
 30
0.0
 40
399.0
  1
C
  7
GYM-B
 72
1
 11
13978.169932734225
 21
9250.740444647896
 31
0.0
100
AcDbText
 73
2
  0
LINE
  5
22B
330
17
100
AcDbEntity
  8
G-AKS-HAT
100
AcDbLine
 10
-3454.702316990934
 20
7673.864079012395
 30
0.0
 11
13441.920406860661
 21
10048.529540273894
 31
0.0
  0
CIRCLE
  5
22C
330
17
100
AcDbEntity
  8
G-AKS-BALON
100
AcDbCircle
 10
-3870.6149058623937
 20
7615.411376609169
 30
0.0
 40
420.0
  0
TEXT
  5
22D
330
17
100
AcDbEntity
  8
G-AKS-BALON
100
AcDbText
 10
-3870.6149058623937
 20
7615.411376609169
 30
0.0
 40
399.0
  1
D
  7
GYM-B
 72
1
 11
-3870.6149058623937
 21
7615.411376609169
 31
0.0
100
AcDbText
 73
2
  0
CIRCLE
  5
22E
330
17
100
AcDbEntity
  8
G-AKS-BALON
100
AcDbCircle
 10
13857.83299573212
 20
10106.98224267712
 30
0.0
 40
420.0
  0
TEXT
  5
22F
330
17
100
AcDbEntity
  8
G-AKS-BALON
100
AcDbText
 10
13857.83299573212
 20
10106.98224267712
 30
0.0
 40
399.0
  1
D
  7
GYM-B
 72
1
 11
13857.83299573212
 21
10106.98224267712
 31
0.0
100
AcDbText
 73
2
  0
LINE
  5
230
330
17
100
AcDbEntity
  8
G-AKS-HAT
100
AcDbLine
 10
-3934.326043535215
 20
11086.564221002654
 30
0.0
 11
12962.296680316382
 21
13461.229682264151
 31
0.0
  0
CIRCLE
  5
231
330
17
100
AcDbEntity
  8
G-AKS-BALON
100
AcDbCircle
 10
-4350.238632406675
 20
11028.111518599426
 30
0.0
 40
420.0
  0
TEXT
  5
232
330
17
100
AcDbEntity
  8
G-AKS-BALON
100
AcDbText
 10
-4350.238632406675
 20
11028.111518599426
 30
0.0
 40
399.0
  1
E
  7
GYM-B
 72
1
 11
-4350.238632406675
 21
11028.111518599426
 31
0.0
100
AcDbText
 73
2
  0
CIRCLE
  5
233
330
17
100
AcDbEntity
  8
G-AKS-BALON
100
AcDbCircle
 10
13378.20926918784
 20
13519.682384667378
 30
0.0
 40
420.0
  0
TEXT
  5
234
330
17
100
AcDbEntity
  8
G-AKS-BALON
100
AcDbText
 10
13378.20926918784
 20
13519.682384667378
 30
0.0
 40
399.0
  1
E
  7
GYM-B
 72
1
 11
13378.20926918784
 21
13519.682384667378
 31
0.0
100
AcDbText
 73
2
  0
DIMENSION
  5
235
330
17
100
AcDbEntity
  8
G-OLCU
100
AcDbDimension
280
0
  2
*D1
  3
GYM-50
 10
3240.0
 20
-1100.0
 30
0.0
 11
6080.0
 21
-992.5
 31
0.0
 70
32
 71
5
  1
<>
100
AcDbAlignedDimension
 13
3240.0
 23
0.0
 33
0.0
 14
8920.0
 24
0.0
 34
0.0
 50
0.0
100
AcDbRotatedDimension
  0
DIMENSION
  5
244
330
17
100
AcDbEntity
  8
G-OLCU
100
AcDbDimension
280
0
  2
*D2
  3
GYM-50
 10
-810.0
 20
6840.0
 30
0.0
 11
-702.5
 21
4045.0
 31
0.0
 70
32
 71
5
  1
<>
100
AcDbAlignedDimension
 13
0.0
 23
6840.0
 33
0.0
 14
580.0
 24
1250.0
 34
0.0
 50
90.0
100
AcDbRotatedDimension
  0
DIMENSION
  5
253
330
17
100
AcDbEntity
  8
G-OLCU
100
AcDbDimension
280
0
  2
*D3
  3
GYM-50
 10
12385.0
 20
1100.0
 30
0.0
 11
12277.5
 21
3030.0
 31
0.0
 70
32
 71
5
  1
<>
100
AcDbAlignedDimension
 13
11560.0
 23
1100.0
 33
0.0
 14
11010.0
 24
4960.0
 34
0.0
 50
90.0
100
AcDbRotatedDimension
  0
DIMENSION
  5
262
330
17
100
AcDbEntity
  8
G-OLCU
100
AcDbDimension
280
0
  2
*D4
  3
GYM-50
 10
11834.999999999998
 20
8750.0
 30
0.0
 11
11942.499999999998
 21
6915.0
 31
0.0
 70
32
 71
5
  1
<>
100
AcDbAlignedDimension
 13
10470.0
 23
8750.0
 33
0.0
 14
11000.0
 24
5080.0
 34
0.0
 50
90.0
100
AcDbRotatedDimension
  0
DIMENSION
  5
271
330
17
100
AcDbEntity
  8
G-OLCU
100
AcDbDimension
280
0
  2
*D5
  3
GYM-50
 10
5840.0
 20
13845.0
 30
0.0
 11
7865.0
 21
13952.5
 31
0.0
 70
32
 71
5
  1
<>
100
AcDbAlignedDimension
 13
5840.0
 23
12500.0
 33
0.0
 14
9890.0
 24
12990.0
 34
0.0
 50
0.0
100
AcDbRotatedDimension
  0
DIMENSION
  5
280
330
17
100
AcDbEntity
  8
G-OLCU-ZINCIR
100
AcDbDimension
280
0
  2
*D6
  3
EZDXF
 10
1229.731073821412
 20
-2646.5917147136697
 30
0.0
 11
4547.422691315351
 21
-2180.093354302128
 31
0.0
 70
32
 71
5
  1
<>
100
AcDbAlignedDimension
 13
1167.1031783893827
 23
-2200.971083779963
 33
0.0
 14
7802.54904127269
 24
-1268.419983587813
 34
0.0
 50
8.0
100
AcDbRotatedDimension
  0
DIMENSION
  5
28F
330
17
100
AcDbEntity
  8
G-OLCU-ZINCIR
100
AcDbDimension
280
0
  2
*D7
  3
EZDXF
 10
7865.17693670472
 20
-1714.0406145215197
 30
0.0
 11
8791.328549266243
 21
-1583.6512826273404
 31
0.0
 70
32
 71
5
  1
<>
100
AcDbAlignedDimension
 13
7802.54904127269
 23
-1268.419983587813
 33
0.0
 14
9654.914894291169
 24
-1008.0869404303885
 34
0.0
 50
8.000000000000007
100
AcDbRotatedDimension
  0
DIMENSION
  5
29E
330
17
100
AcDbEntity
  8
G-OLCU-ZINCIR
100
AcDbDimension
280
0
  2
*D8
  3
EZDXF
 10
9717.5427897232
 20
-1453.7075713640952
 30
0.0
 11
10795.920397260756
 21
-1301.9242710725825
 31
0.0
 70
32
 71
5
  1
<>
100
AcDbAlignedDimension
 13
9654.914894291169
 23
-1008.0869404303885
 33
0.0
 14
11811.732737261716
 24
-704.9659604782966
 34
0.0
 50
7.999999999999994
100
AcDbRotatedDimension
  0
DIMENSION
  5
2AD
330
17
100
AcDbEntity
  8
G-OLCU-ZINCIR
100
AcDbDimension
280
0
  2
*D9
  3
EZDXF
 10
1292.3589692534417
 20
-3092.2123456473764
 30
0.0
 11
6614.642434741892
 21
-2343.9869736810765
 31
0.0
 70
32
 71
5
  1
<>
100
AcDbAlignedDimension
 13
1167.1031783893827
 23
-2200.971083779963
 33
0.0
 14
11811.732737261716
 24
-704.9659604782966
 34
0.0
 50
8.0
100
AcDbRotatedDimension
  0
DIMENSION
  5
2BC
330
17
100
AcDbEntity
  8
G-OLCU-ZINCIR
100
AcDbDimension
280
0
  2
*D10
  3
EZDXF
 10
205.17823087693452
 20
-763.5626497266582
 30
0.0
 11
-88.85403533861378
 21
1326.9689429872458
 31
0.0
 70
32
 71
5
  1
<>
100
AcDbAlignedDimension
 13
-240.44240005677207
 23
-826.1905451586875
 33
0.0
 14
-828.0613118569353
 24
3354.9352681645514
 34
0.0
 50
98.0
100
AcDbRotatedDimension
  0
DIMENSION
  5
2CB
330
17
100
AcDbEntity
  8
G-OLCU-ZINCIR
100
AcDbDimension
280
0
  2
*D11
  3
EZDXF
 10
-382.4406809232286
 20
3417.563163596581
 30
0.0
 11
-645.5474565630727
 21
5288.048457018241
 31
0.0
 70
32
 71
5
  1
<>
100
AcDbAlignedDimension
 13
-828.0613118569353
 23
3354.9352681645514
 33
0.0
 14
-1353.82924250569
 24
7095.968482903301
 34
0.0
 50
98.0
100
AcDbRotatedDimension
  0
DIMENSION
  5
2DA
330
17
100
AcDbEntity
  8
G-OLCU-ZINCIR
100
AcDbDimension
280
0
  2
*D12
  3
EZDXF
 10
-908.2086115719832
 20
7158.59637833533
 30
0.0
 11
-968.599890388502
 21
7586.685963402228
 31
0.0
 70
32
 71
5
  1
<>
100
AcDbAlignedDimension
 13
-1353.82924250569
 23
7095.968482903301
 33
0.0
 14
-1474.166179507794
 24
7952.210280932527
 34
0.0
 50
98.00000000000001
100
AcDbRotatedDimension
  0
DIMENSION
  5
2E9
330
17
100
AcDbEntity
  8
G-OLCU-ZINCIR
100
AcDbDimension
280
0
  2
*D13
  3
EZDXF
 10
-1028.5455485740872
 20
8014.838176364557
 30
0.0
 11
-1268.580222161694
 21
9721.156933411969
 31
0.0
 70
32
 71
5
  1
<>
100
AcDbAlignedDimension
 13
-1474.166179507794
 23
7952.210280932527
 33
0.0
 14
-1953.7899060520742
 24
11364.910422922783
 34
0.0
 50
98.0
100
AcDbRotatedDimension
  0
DIMENSION
  5
2F8
330
17
100
AcDbEntity
  8
G-OLCU-ZINCIR
100
AcDbDimension
280
0
  2
*D14
  3
EZDXF
 10
650.7988618106413
 20
-700.9347542946289
 30
0.0
 11
-206.09770150247618
 21
5394.584415798392
 31
0.0
 70
32
 71
5
  1
<>
100
AcDbAlignedDimension
 13
-240.44240005677207
 23
-826.1905451586875
 33
0.0
 14
-1953.7899060520742
 24
11364.910422922783
 34
0.0
 50
98.0
100
AcDbRotatedDimension
  0
LINE
  5
307
330
17
100
AcDbEntity
  8
A-KESIT-HAT
100
AcDbLine
 10
-700.0
 20
7300.0
 30
0.0
 11
600.0000000000001
 21
7300.0
 31
0.0
  0
LINE
  5
308
330
17
100
AcDbEntity
  8
A-KESIT-HAT
100
AcDbLine
 10
600.0000000000001
 20
7300.0
 30
0.0
 11
600.0000000000001
 21
7920.0
 31
0.0
  0
LINE
  5
309
330
17
100
AcDbEntity
  8
A-KESIT-HAT
100
AcDbLine
 10
600.0000000000001
 20
7920.0
 30
0.0
 11
720.0000000000001
 21
7720.0
 31
0.0
  0
LINE
  5
30A
330
17
100
AcDbEntity
  8
A-KESIT-HAT
100
AcDbLine
 10
600.0000000000001
 20
7920.0
 30
0.0
 11
480.0000000000001
 21
7720.0
 31
0.0
  0
CIRCLE
  5
30B
330
17
100
AcDbEntity
  8
A-KESIT-HAT
100
AcDbCircle
 10
-1140.0
 20
7300.0
 30
0.0
 40
440.0
  0
LINE
  5
30C
330
17
100
AcDbEntity
  8
A-KESIT-HAT
100
AcDbLine
 10
-1579.9999999999998
 20
7300.0
 30
0.0
 11
-700.0
 21
7300.0
 31
0.0
  0
TEXT
  5
30D
330
17
100
AcDbEntity
  8
A-KESIT-HAT
100
AcDbText
 10
-1140.0
 20
7498.0
 30
0.0
 40
316.8
  1
A
  7
GYM-B
 72
1
 11
-1140.0
 21
7498.0
 31
0.0
100
AcDbText
 73
2
  0
TEXT
  5
30E
330
17
100
AcDbEntity
  8
A-KESIT-HAT
100
AcDbText
 10
-1140.0
 20
7102.0
 30
0.0
 40
228.8
  1
A-06
  7
GYM
 72
1
 11
-1140.0
 21
7102.0
 31
0.0
100
AcDbText
 73
2
  0
LINE
  5
30F
330
17
100
AcDbEntity
  8
A-KESIT-HAT
100
AcDbLine
 10
12300.0
 20
7300.0
 30
0.0
 11
11000.0
 21
7300.0
 31
0.0
  0
LINE
  5
310
330
17
100
AcDbEntity
  8
A-KESIT-HAT
100
AcDbLine
 10
11000.0
 20
7300.0
 30
0.0
 11
11000.0
 21
7920.0
 31
0.0
  0
LINE
  5
311
330
17
100
AcDbEntity
  8
A-KESIT-HAT
100
AcDbLine
 10
11000.0
 20
7920.0
 30
0.0
 11
11120.0
 21
7720.0
 31
0.0
  0
LINE
  5
312
330
17
100
AcDbEntity
  8
A-KESIT-HAT
100
AcDbLine
 10
11000.0
 20
7920.0
 30
0.0
 11
10880.0
 21
7720.0
 31
0.0
  0
CIRCLE
  5
313
330
17
100
AcDbEntity
  8
A-KESIT-HAT
100
AcDbCircle
 10
12740.0
 20
7300.0
 30
0.0
 40
440.0
  0
LINE
  5
314
330
17
100
AcDbEntity
  8
A-KESIT-HAT
100
AcDbLine
 10
12300.0
 20
7300.0
 30
0.0
 11
13180.0
 21
7300.0
 31
0.0
  0
TEXT
  5
315
330
17
100
AcDbEntity
  8
A-KESIT-HAT
100
AcDbText
 10
12740.0
 20
7498.0
 30
0.0
 40
316.8
  1
A
  7
GYM-B
 72
1
 11
12740.0
 21
7498.0
 31
0.0
100
AcDbText
 73
2
  0
TEXT
  5
316
330
17
100
AcDbEntity
  8
A-KESIT-HAT
100
AcDbText
 10
12740.0
 20
7102.0
 30
0.0
 40
228.8
  1
A-06
  7
GYM
 72
1
 11
12740.0
 21
7102.0
 31
0.0
100
AcDbText
 73
2
  0
LINE
  5
317
330
17
100
AcDbEntity
  8
A-KESIT-HAT
100
AcDbLine
 10
6600.0
 20
-700.0
 30
0.0
 11
6600.0
 21
600.0000000000001
 31
0.0
  0
LINE
  5
318
330
17
100
AcDbEntity
  8
A-KESIT-HAT
100
AcDbLine
 10
6600.0
 20
600.0000000000001
 30
0.0
 11
7220.0
 21
600.0000000000001
 31
0.0
  0
LINE
  5
319
330
17
100
AcDbEntity
  8
A-KESIT-HAT
100
AcDbLine
 10
7220.0
 20
600.0000000000001
 30
0.0
 11
7020.0
 21
720.0000000000001
 31
0.0
  0
LINE
  5
31A
330
17
100
AcDbEntity
  8
A-KESIT-HAT
100
AcDbLine
 10
7220.0
 20
600.0000000000001
 30
0.0
 11
7020.0
 21
480.0000000000001
 31
0.0
  0
CIRCLE
  5
31B
330
17
100
AcDbEntity
  8
A-KESIT-HAT
100
AcDbCircle
 10
6600.0
 20
-1140.0
 30
0.0
 40
440.0
  0
LINE
  5
31C
330
17
100
AcDbEntity
  8
A-KESIT-HAT
100
AcDbLine
 10
6159.999999999999
 20
-1140.0
 30
0.0
 11
7040.0
 21
-1140.0
 31
0.0
  0
TEXT
  5
31D
330
17
100
AcDbEntity
  8
A-KESIT-HAT
100
AcDbText
 10
6600.0
 20
-942.0
 30
0.0
 40
316.8
  1
B
  7
GYM-B
 72
1
 11
6600.0
 21
-942.0
 31
0.0
100
AcDbText
 73
2
  0
TEXT
  5
31E
330
17
100
AcDbEntity
  8
A-KESIT-HAT
100
AcDbText
 10
6600.0
 20
-1338.0
 30
0.0
 40
228.8
  1
A-06
  7
GYM
 72
1
 11
6600.0
 21
-1338.0
 31
0.0
100
AcDbText
 73
2
  0
LINE
  5
31F
330
17
100
AcDbEntity
  8
A-KESIT-HAT
100
AcDbLine
 10
6600.0
 20
13700.0
 30
0.0
 11
6600.0
 21
12399.999999999998
 31
0.0
  0
LINE
  5
320
330
17
100
AcDbEntity
  8
A-KESIT-HAT
100
AcDbLine
 10
6600.0
 20
12399.999999999998
 30
0.0
 11
7220.0
 21
12399.999999999998
 31
0.0
  0
LINE
  5
321
330
17
100
AcDbEntity
  8
A-KESIT-HAT
100
AcDbLine
 10
7220.0
 20
12399.999999999998
 30
0.0
 11
7020.0
 21
12519.999999999998
 31
0.0
  0
LINE
  5
322
330
17
100
AcDbEntity
  8
A-KESIT-HAT
100
AcDbLine
 10
7220.0
 20
12399.999999999998
 30
0.0
 11
7020.0
 21
12280.0
 31
0.0
  0
CIRCLE
  5
323
330
17
100
AcDbEntity
  8
A-KESIT-HAT
100
AcDbCircle
 10
6600.0
 20
14139.999999999998
 30
0.0
 40
440.0
  0
LINE
  5
324
330
17
100
AcDbEntity
  8
A-KESIT-HAT
100
AcDbLine
 10
6159.999999999999
 20
14139.999999999998
 30
0.0
 11
7040.0
 21
14139.999999999998
 31
0.0
  0
TEXT
  5
325
330
17
100
AcDbEntity
  8
A-KESIT-HAT
100
AcDbText
 10
6600.0
 20
14337.999999999998
 30
0.0
 40
316.8
  1
B
  7
GYM-B
 72
1
 11
6600.0
 21
14337.999999999998
 31
0.0
100
AcDbText
 73
2
  0
TEXT
  5
326
330
17
100
AcDbEntity
  8
A-KESIT-HAT
100
AcDbText
 10
6600.0
 20
13941.999999999998
 30
0.0
 40
228.8
  1
A-06
  7
GYM
 72
1
 11
6600.0
 21
13941.999999999998
 31
0.0
100
AcDbText
 73
2
  0
CIRCLE
  5
327
330
17
100
AcDbEntity
  8
A-MAHAL
100
AcDbCircle
 10
8050.000000000001
 20
9979.999999999998
 30
0.0
 40
320.0
  0
TEXT
  5
328
330
17
100
AcDbEntity
  8
A-MAHAL
100
AcDbText
 10
8050.000000000001
 20
9979.999999999998
 30
0.0
 40
256.0
  1
104
  7
GYM-B
 72
1
 11
8050.000000000001
 21
9979.999999999998
 31
0.0
100
AcDbText
 73
2
  0
CIRCLE
  5
329
330
17
100
AcDbEntity
  8
A-MAHAL
100
AcDbCircle
 10
1550.0
 20
3230.0000000000005
 30
0.0
 40
320.0
  0
TEXT
  5
32A
330
17
100
AcDbEntity
  8
A-MAHAL
100
AcDbText
 10
1550.0
 20
3230.0000000000005
 30
0.0
 40
256.0
  1
101
  7
GYM-B
 72
1
 11
1550.0
 21
3230.0000000000005
 31
0.0
100
AcDbText
 73
2
  0
LINE
  5
32B
330
17
100
AcDbEntity
  8
A-MAHAL
100
AcDbLine
 10
1550.0
 20
2350.0
 30
0.0
 11
1550.0
 21
3230.0000000000005
 31
0.0
  0
CIRCLE
  5
32C
330
17
100
AcDbEntity
  8
A-MAHAL
100
AcDbCircle
 10
6100.0
 20
900.0000000000001
 30
0.0
 40
320.0
  0
TEXT
  5
32D
330
17
100
AcDbEntity
  8
A-MAHAL
100
AcDbText
 10
6100.0
 20
900.0000000000001
 30
0.0
 40
256.0
  1
102
  7
GYM-B
 72
1
 11
6100.0
 21
900.0000000000001
 31
0.0
100
AcDbText
 73
2
  0
LINE
  5
32E
330
17
100
AcDbEntity
  8
A-MAHAL
100
AcDbLine
 10
5300.0
 20
1620.0
 30
0.0
 11
6100.0
 21
900.0000000000001
 31
0.0
  0
CIRCLE
  5
32F
330
17
100
AcDbEntity
  8
A-MAHAL
100
AcDbCircle
 10
7439.230484541326
 20
7330.0
 30
0.0
 40
320.0
  0
TEXT
  5
330
330
17
100
AcDbEntity
  8
A-MAHAL
100
AcDbText
 10
7439.230484541326
 20
7330.0
 30
0.0
 40
256.0
  1
103
  7
GYM-B
 72
1
 11
7439.230484541326
 21
7330.0
 31
0.0
100
AcDbText
 73
2
  0
LINE
  5
331
330
17
100
AcDbEntity
  8
A-MAHAL
100
AcDbLine
 10
6400.0
 20
7450.0
 30
0.0
 11
7439.230484541326
 21
7330.0
 31
0.0
  0
CIRCLE
  5
332
330
17
100
AcDbEntity
  8
A-MAHAL
100
AcDbCircle
 10
9777.090537939453
 20
6131.439090029158
 30
0.0
 40
320.0
  0
TEXT
  5
333
330
17
100
AcDbEntity
  8
A-MAHAL
100
AcDbText
 10
9777.090537939453
 20
6131.439090029158
 30
0.0
 40
256.0
  1
105
  7
GYM-B
 72
1
 11
9777.090537939453
 21
6131.439090029158
 31
0.0
100
AcDbText
 73
2
  0
LINE
  5
334
330
17
100
AcDbEntity
  8
A-MAHAL
100
AcDbLine
 10
9777.090537939453
 20
5951.439090029158
 30
0.0
 11
9777.090537939453
 21
6131.439090029158
 31
0.0
  0
CIRCLE
  5
335
330
17
100
AcDbEntity
  8
A-MAHAL
100
AcDbCircle
 10
8981.236644451756
 20
7882.249498833223
 30
0.0
 40
320.0
  0
TEXT
  5
336
330
17
100
AcDbEntity
  8
A-MAHAL
100
AcDbText
 10
8981.236644451756
 20
7882.249498833223
 30
0.0
 40
256.0
  1
106
  7
GYM-B
 72
1
 11
8981.236644451756
 21
7882.249498833223
 31
0.0
100
AcDbText
 73
2
  0
LINE
  5
337
330
17
100
AcDbEntity
  8
A-MAHAL
100
AcDbLine
 10
8981.236644451756
 20
7702.249498833222
 30
0.0
 11
8981.236644451756
 21
7882.249498833223
 31
0.0
  0
CIRCLE
  5
338
330
17
100
AcDbEntity
  8
A-MAHAL
100
AcDbCircle
 10
10054.236452775847
 20
8035.000168592447
 30
0.0
 40
320.0
  0
TEXT
  5
339
330
17
100
AcDbEntity
  8
A-MAHAL
100
AcDbText
 10
10054.236452775847
 20
8035.000168592447
 30
0.0
 40
256.0
  1
107
  7
GYM-B
 72
1
 11
10054.236452775847
 21
8035.000168592447
 31
0.0
100
AcDbText
 73
2
  0
LINE
  5
33A
330
17
100
AcDbEntity
  8
A-MAHAL
100
AcDbLine
 10
10054.236452775847
 20
7855.000168592446
 30
0.0
 11
10054.236452775847
 21
8035.000168592447
 31
0.0
  0
CIRCLE
  5
33B
330
17
100
AcDbEntity
  8
A-MAHAL
100
AcDbCircle
 10
10922.701285823561
 20
2808.500334718307
 30
0.0
 40
320.0
  0
TEXT
  5
33C
330
17
100
AcDbEntity
  8
A-MAHAL
100
AcDbText
 10
10922.701285823561
 20
2808.500334718307
 30
0.0
 40
256.0
  1
108
  7
GYM-B
 72
1
 11
10922.701285823561
 21
2808.500334718307
 31
0.0
100
AcDbText
 73
2
  0
LINE
  5
33D
330
17
100
AcDbEntity
  8
A-MAHAL
100
AcDbLine
 10
10122.70128582356
 20
3528.5003347183065
 30
0.0
 11
10922.701285823561
 21
2808.500334718307
 31
0.0
  0
CIRCLE
  5
33E
330
17
100
AcDbEntity
  8
A-MAHAL
100
AcDbCircle
 10
10890.775743481887
 20
2073.620443199089
 30
0.0
 40
320.0
  0
TEXT
  5
33F
330
17
100
AcDbEntity
  8
A-MAHAL
100
AcDbText
 10
10890.775743481887
 20
2073.620443199089
 30
0.0
 40
256.0
  1
109
  7
GYM-B
 72
1
 11
10890.775743481887
 21
2073.620443199089
 31
0.0
100
AcDbText
 73
2
  0
LINE
  5
340
330
17
100
AcDbEntity
  8
A-MAHAL
100
AcDbLine
 10
10890.775743481887
 20
1893.6204431990889
 30
0.0
 11
10890.775743481887
 21
2073.620443199089
 31
0.0
  0
CIRCLE
  5
341
330
17
100
AcDbEntity
  8
A-MAHAL
100
AcDbCircle
 10
9542.08799617408
 20
208.58983848622458
 30
0.0
 40
320.0
  0
TEXT
  5
342
330
17
100
AcDbEntity
  8
A-MAHAL
100
AcDbText
 10
9542.08799617408
 20
208.58983848622458
 30
0.0
 40
256.0
  1
110
  7
GYM-B
 72
1
 11
9542.08799617408
 21
208.58983848622458
 31
0.0
100
AcDbText
 73
2
  0
CIRCLE
  5
343
330
17
100
AcDbEntity
  8
A-MAHAL
100
AcDbCircle
 10
240.0
 20
4300.0
 30
0.0
 40
290.0
  0
TEXT
  5
344
330
17
100
AcDbEntity
  8
A-MAHAL
100
AcDbText
 10
240.0
 20
4300.0
 30
0.0
 40
232.0
  1
K01
  7
GYM-B
 72
1
 11
240.0
 21
4300.0
 31
0.0
100
AcDbText
 73
2
  0
LINE
  5
345
330
17
100
AcDbEntity
  8
A-MAHAL
100
AcDbLine
 10
240.0
 20
4300.0
 30
0.0
 11
240.0
 21
4300.0
 31
0.0
  0
CIRCLE
  5
346
330
17
100
AcDbEntity
  8
A-MAHAL
100
AcDbCircle
 10
8070.0
 20
8450.999629903723
 30
0.0
 40
290.0
  0
TEXT
  5
347
330
17
100
AcDbEntity
  8
A-MAHAL
100
AcDbText
 10
8070.0
 20
8450.999629903723
 30
0.0
 40
232.0
  1
K03
  7
GYM-B
 72
1
 11
8070.0
 21
8450.999629903723
 31
0.0
100
AcDbText
 73
2
  0
LINE
  5
348
330
17
100
AcDbEntity
  8
A-MAHAL
100
AcDbLine
 10
8850.0
 20
7100.0
 30
0.0
 11
8070.0
 21
8450.999629903723
 31
0.0
  0
CIRCLE
  5
349
330
17
100
AcDbEntity
  8
A-MAHAL
100
AcDbCircle
 10
9100.0
 20
3400.0
 30
0.0
 40
290.0
  0
TEXT
  5
34A
330
17
100
AcDbEntity
  8
A-MAHAL
100
AcDbText
 10
9100.0
 20
3400.0
 30
0.0
 40
232.0
  1
K04
  7
GYM-B
 72
1
 11
9100.0
 21
3400.0
 31
0.0
100
AcDbText
 73
2
  0
LINE
  5
34B
330
17
100
AcDbEntity
  8
A-MAHAL
100
AcDbLine
 10
9100.0
 20
3400.0
 30
0.0
 11
9100.0
 21
3400.0
 31
0.0
  0
CIRCLE
  5
34C
330
17
100
AcDbEntity
  8
A-MAHAL
100
AcDbCircle
 10
3350.0
 20
100.0
 30
0.0
 40
290.0
  0
TEXT
  5
34D
330
17
100
AcDbEntity
  8
A-MAHAL
100
AcDbText
 10
3350.0
 20
100.0
 30
0.0
 40
232.0
  1
K02
  7
GYM-B
 72
1
 11
3350.0
 21
100.0
 31
0.0
100
AcDbText
 73
2
  0
LINE
  5
34E
330
17
100
AcDbEntity
  8
A-MAHAL
100
AcDbLine
 10
3350.0
 20
100.0
 30
0.0
 11
3350.0
 21
100.0
 31
0.0
  0
CIRCLE
  5
34F
330
17
100
AcDbEntity
  8
A-MAHAL
100
AcDbCircle
 10
10673.538290724797
 20
8709.999999999998
 30
0.0
 40
290.0
  0
TEXT
  5
350
330
17
100
AcDbEntity
  8
A-MAHAL
100
AcDbText
 10
10673.538290724797
 20
8709.999999999998
 30
0.0
 40
232.0
  1
K05
  7
GYM-B
 72
1
 11
10673.538290724797
 21
8709.999999999998
 31
0.0
100
AcDbText
 73
2
  0
LINE
  5
351
330
17
100
AcDbEntity
  8
A-MAHAL
100
AcDbLine
 10
10050.0
 20
8350.0
 30
0.0
 11
10673.538290724797
 21
8709.999999999998
 31
0.0
  0
CIRCLE
  5
352
330
17
100
AcDbEntity
  8
A-MAHAL
100
AcDbCircle
 10
8899.999999999998
 20
920.0000000000001
 30
0.0
 40
290.0
  0
TEXT
  5
353
330
17
100
AcDbEntity
  8
A-MAHAL
100
AcDbText
 10
8899.999999999998
 20
920.0000000000001
 30
0.0
 40
232.0
  1
K06
  7
GYM-B
 72
1
 11
8899.999999999998
 21
920.0000000000001
 31
0.0
100
AcDbText
 73
2
  0
LINE
  5
354
330
17
100
AcDbEntity
  8
A-MAHAL
100
AcDbLine
 10
9620.0
 20
920.0
 30
0.0
 11
8899.999999999998
 21
920.0000000000001
 31
0.0
  0
CIRCLE
  5
355
330
17
100
AcDbEntity
  8
A-MAHAL
100
AcDbCircle
 10
9399.999999999998
 20
8800.999629903725
 30
0.0
 40
290.0
  0
TEXT
  5
356
330
17
100
AcDbEntity
  8
A-MAHAL
100
AcDbText
 10
9399.999999999998
 20
8800.999629903725
 30
0.0
 40
232.0
  1
K07
  7
GYM-B
 72
1
 11
9399.999999999998
 21
8800.999629903725
 31
0.0
100
AcDbText
 73
2
  0
LINE
  5
357
330
17
100
AcDbEntity
  8
A-MAHAL
100
AcDbLine
 10
8620.0
 20
7450.0
 30
0.0
 11
9399.999999999998
 21
8800.999629903725
 31
0.0
  0
CIRCLE
  5
358
330
17
100
AcDbEntity
  8
A-MAHAL
100
AcDbCircle
 10
11770.000000000002
 20
1780.0
 30
0.0
 40
290.0
  0
TEXT
  5
359
330
17
100
AcDbEntity
  8
A-MAHAL
100
AcDbText
 10
11770.000000000002
 20
1780.0
 30
0.0
 40
232.0
  1
K08
  7
GYM-B
 72
1
 11
11770.000000000002
 21
1780.0
 31
0.0
100
AcDbText
 73
2
  0
LINE
  5
35A
330
17
100
AcDbEntity
  8
A-MAHAL
100
AcDbLine
 10
11050.0
 20
1780.0
 30
0.0
 11
11770.000000000002
 21
1780.0
 31
0.0
  0
CIRCLE
  5
35B
330
17
100
AcDbEntity
  8
A-MAHAL
100
AcDbCircle
 10
2550.0
 20
7050.0
 30
0.0
 40
290.0
  0
TEXT
  5
35C
330
17
100
AcDbEntity
  8
A-MAHAL
100
AcDbText
 10
2550.0
 20
7050.0
 30
0.0
 40
232.0
  1
K09
  7
GYM-B
 72
1
 11
2550.0
 21
7050.0
 31
0.0
100
AcDbText
 73
2
  0
LINE
  5
35D
330
17
100
AcDbEntity
  8
A-MAHAL
100
AcDbLine
 10
2550.0
 20
7050.0
 30
0.0
 11
2550.0
 21
7050.0
 31
0.0
  0
LWPOLYLINE
  5
35E
330
17
100
AcDbEntity
  8
A-MAHAL
100
AcDbPolyline
 90
4
 70
1
 10
8109.999999999999
 20
5310.0
 10
8590.0
 20
5310.0
 10
8590.0
 20
5610.0
 10
8109.999999999999
 20
5610.0
  0
TEXT
  5
35F
330
17
100
AcDbEntity
  8
A-MAHAL
100
AcDbText
 10
8350.0
 20
5460.0
 30
0.0
 40
200.0
  1
D2
  7
GYM-B
 72
1
 11
8350.0
 21
5460.0
 31
0.0
100
AcDbText
 73
2
  0
LWPOLYLINE
  5
360
330
17
100
AcDbEntity
  8
A-MAHAL
100
AcDbPolyline
 90
4
 70
1
 10
10207.461339178928
 20
6569.999999999999
 10
10687.46133917893
 20
6569.999999999999
 10
10687.46133917893
 20
6870.0
 10
10207.461339178928
 20
6870.0
  0
TEXT
  5
361
330
17
100
AcDbEntity
  8
A-MAHAL
100
AcDbText
 10
10447.46133917893
 20
6720.0
 30
0.0
 40
200.0
  1
D3
  7
GYM-B
 72
1
 11
10447.46133917893
 21
6720.0
 31
0.0
100
AcDbText
 73
2
  0
LWPOLYLINE
  5
362
330
17
100
AcDbEntity
  8
A-MAHAL
100
AcDbPolyline
 90
4
 70
1
 10
7949.999999999999
 20
270.0
 10
8430.0
 20
270.0
 10
8430.0
 20
570.0
 10
7949.999999999999
 20
570.0
  0
TEXT
  5
363
330
17
100
AcDbEntity
  8
A-MAHAL
100
AcDbText
 10
8189.999999999999
 20
420.0
 30
0.0
 40
200.0
  1
D4
  7
GYM-B
 72
1
 11
8189.999999999999
 21
420.0
 31
0.0
100
AcDbText
 73
2
  0
LWPOLYLINE
  5
364
330
17
100
AcDbEntity
  8
A-MAHAL
100
AcDbPolyline
 90
4
 70
1
 10
5660.0
 20
11150.0
 10
6140.000000000001
 20
11150.0
 10
6140.000000000001
 20
11450.000000000002
 10
5660.0
 20
11450.000000000002
  0
TEXT
  5
365
330
17
100
AcDbEntity
  8
A-MAHAL
100
AcDbText
 10
5900.0
 20
11300.0
 30
0.0
 40
200.0
  1
D1
  7
GYM-B
 72
1
 11
5900.0
 21
11300.0
 31
0.0
100
AcDbText
 73
2
  0
LWPOLYLINE
  5
366
330
17
100
AcDbEntity
  8
A-MAHAL
100
AcDbPolyline
 90
4
 70
1
 10
4810.0
 20
-570.0
 10
5290.0
 20
-570.0
 10
5290.0
 20
-270.0
 10
4810.0
 20
-270.0
  0
TEXT
  5
367
330
17
100
AcDbEntity
  8
A-MAHAL
100
AcDbText
 10
5050.0
 20
-420.0
 30
0.0
 40
200.0
  1
D6
  7
GYM-B
 72
1
 11
5050.0
 21
-420.0
 31
0.0
100
AcDbText
 73
2
  0
LWPOLYLINE
  5
368
330
17
100
AcDbEntity
  8
A-MAHAL
100
AcDbPolyline
 90
4
 70
1
 10
9640.0
 20
2150.0
 10
10120.000000000002
 20
2150.0
 10
10120.000000000002
 20
2449.9999999999995
 10
9640.0
 20
2449.9999999999995
  0
TEXT
  5
369
330
17
100
AcDbEntity
  8
A-MAHAL
100
AcDbText
 10
9880.0
 20
2300.0
 30
0.0
 40
200.0
  1
D5
  7
GYM-B
 72
1
 11
9880.0
 21
2300.0
 31
0.0
100
AcDbText
 73
2
  0
LWPOLYLINE
  5
36A
330
17
100
AcDbEntity
  8
A-ZEMIN-SINIR
100
AcDbPolyline
 90
7
 70
1
 10
5550.0
 20
8520.0
 10
5550.0
 20
8874.856291749413
 10
6392.0
 20
8965.0
 10
5840.0
 20
12499.0
 10
9885.0
 20
12990.0
 10
10491.0
 20
8771.0
 10
8722.627831715208
 20
8520.0
  0
TEXT
  5
36B
330
17
100
AcDbEntity
  8
A-ZEMIN-YAZI
100
AcDbText
 10
8050.000000000001
 20
10680.0
 30
0.0
 40
220.0
  1
Z3  ±0,00
  7
GYM-B
 72
1
 11
8050.000000000001
 21
10680.0
 31
0.0
100
AcDbText
 73
2
  0
LWPOLYLINE
  5
36C
330
17
100
AcDbEntity
  8
A-ZEMIN-SINIR
100
AcDbPolyline
 90
8
 70
1
 10
1957.0
 20
1555.0
 10
1732.0
 20
1075.0
 10
579.0
 20
1247.0
 10
0.0
 20
6840.0
 10
1136.0
 20
6931.0
 10
853.0
 20
8372.0
 10
2600.0
 20
8559.032135764579
 10
2600.0
 20
776.2889408099688
  0
TEXT
  5
36D
330
17
100
AcDbEntity
  8
A-ZEMIN-YAZI
100
AcDbText
 10
1550.0
 20
1930.0
 30
0.0
 40
220.0
  1
Z3  ±0,00
  7
GYM-B
 72
1
 11
1550.0
 21
1930.0
 31
0.0
100
AcDbText
 73
2
  0
LWPOLYLINE
  5
36E
330
17
100
AcDbEntity
  8
A-ZEMIN-SINIR
100
AcDbPolyline
 90
5
 70
1
 10
7400.0
 20
6700.0
 10
7400.0
 20
0.0
 10
3241.0
 20
0.0
 10
2600.0
 20
776.2889408099688
 10
2600.0
 20
6700.0
  0
TEXT
  5
36F
330
17
100
AcDbEntity
  8
A-ZEMIN-YAZI
100
AcDbText
 10
5300.0
 20
1200.0
 30
0.0
 40
220.0
  1
Z1  ±0,00
  7
GYM-B
 72
1
 11
5300.0
 21
1200.0
 31
0.0
100
AcDbText
 73
2
  0
LWPOLYLINE
  5
370
330
17
100
AcDbEntity
  8
A-ZEMIN-SINIR
100
AcDbPolyline
 90
10
 70
1
 10
8924.0
 20
0.0
 10
7400.0
 20
0.0
 10
7400.0
 20
6700.0
 10
2600.0
 20
6700.0
 10
2600.0
 20
8559.032135764579
 10
5550.0
 20
8874.856291749413
 10
5550.0
 20
8520.0
 10
8722.627831715208
 20
8520.0
 10
8314.0
 20
8462.0
 10
9531.0
 20
498.0
  0
TEXT
  5
371
330
17
100
AcDbEntity
  8
A-ZEMIN-YAZI
100
AcDbText
 10
6400.0
 20
7030.0
 30
0.0
 40
220.0
  1
Z2  ±0,00
  7
GYM-B
 72
1
 11
6400.0
 21
7030.0
 31
0.0
100
AcDbText
 73
2
  0
LWPOLYLINE
  5
372
330
17
100
AcDbEntity
  8
A-ZEMIN-SINIR
100
AcDbPolyline
 90
5
 70
1
 10
10996.0
 20
5080.0
 10
8849.0
 20
4775.0
 10
8558.758339157721
 20
6822.878180058316
 10
8558.758986473133
 20
6822.8782399966385
 10
10704.329336630655
 20
7128.38689589982
  0
TEXT
  5
373
330
17
100
AcDbEntity
  8
A-ZEMIN-YAZI
100
AcDbText
 10
9777.090537939453
 20
5531.439090029158
 30
0.0
 40
220.0
  1
Z5  ±0,00
  7
GYM-B
 72
1
 11
9777.090537939453
 21
5531.439090029158
 31
0.0
100
AcDbText
 73
2
  0
LWPOLYLINE
  5
374
330
17
100
AcDbEntity
  8
A-ZEMIN-SINIR
100
AcDbPolyline
 90
4
 70
1
 10
9403.2945233589
 20
8580.48245868865
 10
9631.663521129563
 20
6976.659650253371
 10
8558.618017955989
 20
6823.868254075919
 10
8331.290416828891
 20
8427.839347413073
  0
TEXT
  5
375
330
17
100
AcDbEntity
  8
A-ZEMIN-YAZI
100
AcDbText
 10
8981.236644451756
 20
7282.249498833222
 30
0.0
 40
220.0
  1
Z4  −0,02
  7
GYM-B
 72
1
 11
8981.236644451756
 21
7282.249498833222
 31
0.0
100
AcDbText
 73
2
  0
LWPOLYLINE
  5
376
330
17
100
AcDbEntity
  8
A-ZEMIN-SINIR
100
AcDbPolyline
 90
4
 70
1
 10
10475.81937034285
 20
8733.19971841438
 10
10704.188368113513
 20
7129.376909979101
 10
9632.653535208845
 20
6976.800618770513
 10
9404.284537438181
 20
8580.623427205792
  0
TEXT
  5
377
330
17
100
AcDbEntity
  8
A-ZEMIN-YAZI
100
AcDbText
 10
10054.236452775847
 20
7435.000168592446
 30
0.0
 40
220.0
  1
Z4  −0,02
  7
GYM-B
 72
1
 11
10054.236452775847
 21
7435.000168592446
 31
0.0
100
AcDbText
 73
2
  0
LWPOLYLINE
  5
378
330
17
100
AcDbEntity
  8
A-ZEMIN-SINIR
100
AcDbPolyline
 90
5
 70
1
 10
8868.0
 20
4654.0
 10
11012.0
 20
4959.0
 10
11377.332200036428
 20
2403.000669436613
 10
11377.332138955011
 20
2403.0006637432016
 10
9233.71002742385
 20
2096.4760289522806
  0
TEXT
  5
379
330
17
100
AcDbEntity
  8
A-ZEMIN-YAZI
100
AcDbText
 10
10122.70128582356
 20
3108.5003347183065
 30
0.0
 40
220.0
  1
Z5  ±0,00
  7
GYM-B
 72
1
 11
10122.70128582356
 21
3108.5003347183065
 31
0.0
100
AcDbText
 73
2
  0
LWPOLYLINE
  5
37A
330
17
100
AcDbEntity
  8
A-ZEMIN-SINIR
100
AcDbPolyline
 90
6
 70
1
 10
11377.47369286883
 20
2402.010733195394
 10
11563.0
 20
1104.0
 10
10456.0
 20
1046.0
 10
10400.0
 20
1542.0
 10
10381.784184140935
 20
1541.3585980331316
 10
10281.133393026086
 20
2245.2408863981773
  0
TEXT
  5
37B
330
17
100
AcDbEntity
  8
A-ZEMIN-YAZI
100
AcDbText
 10
10890.775743481887
 20
1473.6204431990889
 30
0.0
 40
220.0
  1
Z4  −0,02
  7
GYM-B
 72
1
 11
10890.775743481887
 21
1473.6204431990889
 31
0.0
100
AcDbText
 73
2
  0
LWPOLYLINE
  5
37C
330
17
100
AcDbEntity
  8
A-ZEMIN-SINIR
100
AcDbPolyline
 90
7
 70
1
 10
10280.14346247828
 20
2245.099332484359
 10
10380.77907299047
 20
1541.323206795439
 10
10116.0
 20
1532.0
 10
10150.0
 20
1018.0
 10
9496.833088269086
 20
496.61237747795593
 10
9463.168921723629
 20
491.7986109561521
 10
9233.851581337667
 20
2095.4860984044726
  0
TEXT
  5
37D
330
17
100
AcDbEntity
  8
A-ZEMIN-YAZI
100
AcDbText
 10
9742.08799617408
 20
855.0
 30
0.0
 40
220.0
  1
Z4  −0,02
  7
GYM-B
 72
1
 11
9742.08799617408
 21
855.0
 31
0.0
100
AcDbText
 73
2
  0
LWPOLYLINE
  5
37E
330
17
100
AcDbEntity
  8
A-ZEMIN-SINIR
100
AcDbPolyline
 90
6
 70
1
 10
5300.0
 20
6369.8866062908955
 10
3550.7268861881466
 20
5359.943303145447
 10
3550.726886188147
 20
3340.056696854551
 10
5300.0
 20
2330.113393709103
 10
7049.273113811852
 20
3340.056696854551
 10
7049.273113811852
 20
5359.943303145447
  0
TEXT
  5
37F
330
17
100
AcDbEntity
  8
A-ZEMIN-YAZI
100
AcDbText
 10
5300.0
 20
4350.0
 30
0.0
 40
220.0
  1
Z6  +0,30
  7
GYM-B
 72
1
 11
5300.0
 21
4350.0
 31
0.0
100
AcDbText
 73
2
  0
LINE
  5
380
330
17
100
AcDbEntity
  8
A-ZEMIN-DERZ
100
AcDbLine
 10
3000.0
 20
291.8652647975079
 30
0.0
 11
3000.0
 21
6700.0
 31
0.0
  0
LINE
  5
381
330
17
100
AcDbEntity
  8
A-ZEMIN-DERZ
100
AcDbLine
 10
4000.0
 20
0.0
 30
0.0
 11
4000.0
 21
6700.0
 31
0.0
  0
LINE
  5
382
330
17
100
AcDbEntity
  8
A-ZEMIN-DERZ
100
AcDbLine
 10
5000.0
 20
0.0
 30
0.0
 11
5000.0
 21
6700.0
 31
0.0
  0
LINE
  5
383
330
17
100
AcDbEntity
  8
A-ZEMIN-DERZ
100
AcDbLine
 10
6000.0
 20
0.0
 30
0.0
 11
6000.0
 21
6700.0
 31
0.0
  0
LINE
  5
384
330
17
100
AcDbEntity
  8
A-ZEMIN-DERZ
100
AcDbLine
 10
7000.0
 20
0.0
 30
0.0
 11
7000.0
 21
6700.0
 31
0.0
  0
LINE
  5
385
330
17
100
AcDbEntity
  8
A-ZEMIN-DERZ
100
AcDbLine
 10
3241.0
 20
0.0
 30
0.0
 11
7400.0
 21
0.0
 31
0.0
  0
LINE
  5
386
330
17
100
AcDbEntity
  8
A-ZEMIN-DERZ
100
AcDbLine
 10
2600.0
 20
1000.0
 30
0.0
 11
7400.0
 21
1000.0
 31
0.0
  0
LINE
  5
387
330
17
100
AcDbEntity
  8
A-ZEMIN-DERZ
100
AcDbLine
 10
2600.0
 20
2000.0
 30
0.0
 11
7400.0
 21
2000.0
 31
0.0
  0
LINE
  5
388
330
17
100
AcDbEntity
  8
A-ZEMIN-DERZ
100
AcDbLine
 10
2600.0
 20
3000.0
 30
0.0
 11
7400.0
 21
3000.0
 31
0.0
  0
LINE
  5
389
330
17
100
AcDbEntity
  8
A-ZEMIN-DERZ
100
AcDbLine
 10
2600.0
 20
4000.0
 30
0.0
 11
7400.0
 21
4000.0
 31
0.0
  0
LINE
  5
38A
330
17
100
AcDbEntity
  8
A-ZEMIN-DERZ
100
AcDbLine
 10
2600.0
 20
5000.0
 30
0.0
 11
7400.0
 21
5000.0
 31
0.0
  0
LINE
  5
38B
330
17
100
AcDbEntity
  8
A-ZEMIN-DERZ
100
AcDbLine
 10
2600.0
 20
6000.0
 30
0.0
 11
7400.0
 21
6000.0
 31
0.0
  0
LINE
  5
38C
330
17
100
AcDbEntity
  8
A-ZEMIN-DERZ
100
AcDbLine
 10
3000.0
 20
6700.0
 30
0.0
 11
3000.0
 21
8601.855750135403
 31
0.0
  0
LINE
  5
38D
330
17
100
AcDbEntity
  8
A-ZEMIN-DERZ
100
AcDbLine
 10
4000.0
 20
6700.0
 30
0.0
 11
4000.0
 21
8708.914786062467
 31
0.0
  0
LINE
  5
38E
330
17
100
AcDbEntity
  8
A-ZEMIN-DERZ
100
AcDbLine
 10
5000.0
 20
6700.0
 30
0.0
 11
5000.0
 21
8815.973821989528
 31
0.0
  0
LINE
  5
38F
330
17
100
AcDbEntity
  8
A-ZEMIN-DERZ
100
AcDbLine
 10
6000.0
 20
6700.0
 30
0.0
 11
6000.0
 21
8520.0
 31
0.0
  0
LINE
  5
390
330
17
100
AcDbEntity
  8
A-ZEMIN-DERZ
100
AcDbLine
 10
7000.0
 20
6700.0
 30
0.0
 11
7000.0
 21
8520.0
 31
0.0
  0
LINE
  5
391
330
17
100
AcDbEntity
  8
A-ZEMIN-DERZ
100
AcDbLine
 10
8000.0
 20
0.0
 30
0.0
 11
8000.0
 21
8520.0
 31
0.0
  0
LINE
  5
392
330
17
100
AcDbEntity
  8
A-ZEMIN-DERZ
100
AcDbLine
 10
9000.0
 20
62.35255354201019
 30
0.0
 11
9000.0
 21
3972.8430566967977
 31
0.0
  0
LINE
  5
393
330
17
100
AcDbEntity
  8
A-ZEMIN-DERZ
100
AcDbLine
 10
7400.0
 20
0.0
 30
0.0
 11
8924.0
 21
0.0
 31
0.0
  0
LINE
  5
394
330
17
100
AcDbEntity
  8
A-ZEMIN-DERZ
100
AcDbLine
 10
7400.0
 20
1000.0
 30
0.0
 11
9454.288046207937
 21
1000.0
 31
0.0
  0
LINE
  5
395
330
17
100
AcDbEntity
  8
A-ZEMIN-DERZ
100
AcDbLine
 10
7400.0
 20
2000.0
 30
0.0
 11
9301.475389251633
 21
2000.0
 31
0.0
  0
LINE
  5
396
330
17
100
AcDbEntity
  8
A-ZEMIN-DERZ
100
AcDbLine
 10
7400.0
 20
3000.0
 30
0.0
 11
9148.66273229533
 21
3000.0
 31
0.0
  0
LINE
  5
397
330
17
100
AcDbEntity
  8
A-ZEMIN-DERZ
100
AcDbLine
 10
7400.0
 20
4000.0
 30
0.0
 11
8995.850075339027
 21
4000.0
 31
0.0
  0
LINE
  5
398
330
17
100
AcDbEntity
  8
A-ZEMIN-DERZ
100
AcDbLine
 10
7400.0
 20
5000.0
 30
0.0
 11
8843.037418382723
 21
5000.0
 31
0.0
  0
LINE
  5
399
330
17
100
AcDbEntity
  8
A-ZEMIN-DERZ
100
AcDbLine
 10
7400.0
 20
6000.0
 30
0.0
 11
8690.22476142642
 21
6000.0
 31
0.0
  0
LINE
  5
39A
330
17
100
AcDbEntity
  8
A-ZEMIN-DERZ
100
AcDbLine
 10
2600.0
 20
7000.0
 30
0.0
 11
8537.412104470115
 21
7000.0
 31
0.0
  0
LINE
  5
39B
330
17
100
AcDbEntity
  8
A-ZEMIN-DERZ
100
AcDbLine
 10
2600.0
 20
8000.0
 30
0.0
 11
8384.599447513812
 21
8000.0
 31
0.0
  0
LINE
  5
39C
330
17
100
AcDbEntity
  8
A-ZEMIN-SINIR
100
AcDbLine
 10
8451.290416828891
 20
6943.868254075919
 30
0.0
 11
8981.236644451756
 21
7702.249498833222
 31
0.0
  0
TEXT
  5
39D
330
17
100
AcDbEntity
  8
A-ZEMIN-YAZI
100
AcDbText
 10
8981.236644451756
 20
7962.249498833222
 30
0.0
 40
150.0
  1
%1,5
  7
GYM
 72
1
 11
8981.236644451756
 21
7962.249498833222
 31
0.0
100
AcDbText
 73
2
  0
LINE
  5
39E
330
17
100
AcDbEntity
  8
A-ZEMIN-SINIR
100
AcDbLine
 10
9524.284537438181
 20
7096.800618770513
 30
0.0
 11
10054.236452775847
 21
7855.000168592446
 31
0.0
  0
TEXT
  5
39F
330
17
100
AcDbEntity
  8
A-ZEMIN-YAZI
100
AcDbText
 10
10054.236452775847
 20
8115.000168592446
 30
0.0
 40
150.0
  1
%1,5
  7
GYM
 72
1
 11
10054.236452775847
 21
8115.000168592446
 31
0.0
100
AcDbText
 73
2
  0
LINE
  5
3A0
330
17
100
AcDbEntity
  8
A-ZEMIN-SINIR
100
AcDbLine
 10
10401.133393026086
 20
1166.0
 30
0.0
 11
10890.775743481887
 21
1893.6204431990889
 31
0.0
  0
TEXT
  5
3A1
330
17
100
AcDbEntity
  8
A-ZEMIN-YAZI
100
AcDbText
 10
10890.775743481887
 20
2153.620443199089
 30
0.0
 40
150.0
  1
%1,5
  7
GYM
 72
1
 11
10890.775743481887
 21
2153.620443199089
 31
0.0
100
AcDbText
 73
2
  0
LINE
  5
3A2
330
17
100
AcDbEntity
  8
A-ZEMIN-SINIR
100
AcDbLine
 10
9353.851581337667
 20
611.7986109561522
 30
0.0
 11
9742.08799617408
 21
1275.0
 31
0.0
  0
TEXT
  5
3A3
330
17
100
AcDbEntity
  8
A-ZEMIN-YAZI
100
AcDbText
 10
9742.08799617408
 20
1535.0
 30
0.0
 40
150.0
  1
%1,5
  7
GYM
 72
1
 11
9742.08799617408
 21
1535.0
 31
0.0
100
AcDbText
 73
2
  0
LWPOLYLINE
  5
3A4
330
17
100
AcDbEntity
  8
A-TAVAN-SINIR
100
AcDbPolyline
 90
7
 70
1
 10
5550.0
 20
8520.0
 10
5550.0
 20
8874.856291749413
 10
6392.0
 20
8965.0
 10
5840.0
 20
12499.0
 10
9885.0
 20
12990.0
 10
10491.0
 20
8771.0
 10
8722.627831715208
 20
8520.0
  0
TEXT
  5
3A5
330
17
100
AcDbEntity
  8
A-TAVAN-YAZI
100
AcDbText
 10
8050.000000000001
 20
10680.0
 30
0.0
 40
220.0
  1
T2  +2,75
  7
GYM-B
 72
1
 11
8050.000000000001
 21
10680.0
 31
0.0
100
AcDbText
 73
2
  0
LWPOLYLINE
  5
3A6
330
17
100
AcDbEntity
  8
A-TAVAN-SINIR
100
AcDbPolyline
 90
8
 70
1
 10
1957.0
 20
1555.0
 10
1732.0
 20
1075.0
 10
579.0
 20
1247.0
 10
0.0
 20
6840.0
 10
1136.0
 20
6931.0
 10
853.0
 20
8372.0
 10
2600.0
 20
8559.032135764579
 10
2600.0
 20
776.2889408099688
  0
TEXT
  5
3A7
330
17
100
AcDbEntity
  8
A-TAVAN-YAZI
100
AcDbText
 10
1550.0
 20
1930.0
 30
0.0
 40
220.0
  1
T2  +2,75
  7
GYM-B
 72
1
 11
1550.0
 21
1930.0
 31
0.0
100
AcDbText
 73
2
  0
LWPOLYLINE
  5
3A8
330
17
100
AcDbEntity
  8
A-TAVAN-SINIR
100
AcDbPolyline
 90
5
 70
1
 10
7400.0
 20
6700.0
 10
7400.0
 20
0.0
 10
3241.0
 20
0.0
 10
2600.0
 20
776.2889408099688
 10
2600.0
 20
6700.0
  0
TEXT
  5
3A9
330
17
100
AcDbEntity
  8
A-TAVAN-YAZI
100
AcDbText
 10
5300.0
 20
1200.0
 30
0.0
 40
220.0
  1
T1  +3,20
  7
GYM-B
 72
1
 11
5300.0
 21
1200.0
 31
0.0
100
AcDbText
 73
2
  0
LWPOLYLINE
  5
3AA
330
17
100
AcDbEntity
  8
A-TAVAN-SINIR
100
AcDbPolyline
 90
10
 70
1
 10
8924.0
 20
0.0
 10
7400.0
 20
0.0
 10
7400.0
 20
6700.0
 10
2600.0
 20
6700.0
 10
2600.0
 20
8559.032135764579
 10
5550.0
 20
8874.856291749413
 10
5550.0
 20
8520.0
 10
8722.627831715208
 20
8520.0
 10
8314.0
 20
8462.0
 10
9531.0
 20
498.0
  0
TEXT
  5
3AB
330
17
100
AcDbEntity
  8
A-TAVAN-YAZI
100
AcDbText
 10
6400.0
 20
7030.0
 30
0.0
 40
220.0
  1
T1  +3,20
  7
GYM-B
 72
1
 11
6400.0
 21
7030.0
 31
0.0
100
AcDbText
 73
2
  0
LWPOLYLINE
  5
3AC
330
17
100
AcDbEntity
  8
A-TAVAN-SINIR
100
AcDbPolyline
 90
5
 70
1
 10
10996.0
 20
5080.0
 10
8849.0
 20
4775.0
 10
8558.758339157721
 20
6822.878180058316
 10
8558.758986473133
 20
6822.8782399966385
 10
10704.329336630655
 20
7128.38689589982
  0
TEXT
  5
3AD
330
17
100
AcDbEntity
  8
A-TAVAN-YAZI
100
AcDbText
 10
9777.090537939453
 20
5531.439090029158
 30
0.0
 40
220.0
  1
T4  +2,60
  7
GYM-B
 72
1
 11
9777.090537939453
 21
5531.439090029158
 31
0.0
100
AcDbText
 73
2
  0
LWPOLYLINE
  5
3AE
330
17
100
AcDbEntity
  8
A-TAVAN-SINIR
100
AcDbPolyline
 90
4
 70
1
 10
9403.2945233589
 20
8580.48245868865
 10
9631.663521129563
 20
6976.659650253371
 10
8558.618017955989
 20
6823.868254075919
 10
8331.290416828891
 20
8427.839347413073
  0
TEXT
  5
3AF
330
17
100
AcDbEntity
  8
A-TAVAN-YAZI
100
AcDbText
 10
8981.236644451756
 20
7282.249498833222
 30
0.0
 40
220.0
  1
T3  +2,40
  7
GYM-B
 72
1
 11
8981.236644451756
 21
7282.249498833222
 31
0.0
100
AcDbText
 73
2
  0
LWPOLYLINE
  5
3B0
330
17
100
AcDbEntity
  8
A-TAVAN-SINIR
100
AcDbPolyline
 90
4
 70
1
 10
10475.81937034285
 20
8733.19971841438
 10
10704.188368113513
 20
7129.376909979101
 10
9632.653535208845
 20
6976.800618770513
 10
9404.284537438181
 20
8580.623427205792
  0
TEXT
  5
3B1
330
17
100
AcDbEntity
  8
A-TAVAN-YAZI
100
AcDbText
 10
10054.236452775847
 20
7435.000168592446
 30
0.0
 40
220.0
  1
T3  +2,40
  7
GYM-B
 72
1
 11
10054.236452775847
 21
7435.000168592446
 31
0.0
100
AcDbText
 73
2
  0
LWPOLYLINE
  5
3B2
330
17
100
AcDbEntity
  8
A-TAVAN-SINIR
100
AcDbPolyline
 90
5
 70
1
 10
8868.0
 20
4654.0
 10
11012.0
 20
4959.0
 10
11377.332200036428
 20
2403.000669436613
 10
11377.332138955011
 20
2403.0006637432016
 10
9233.71002742385
 20
2096.4760289522806
  0
TEXT
  5
3B3
330
17
100
AcDbEntity
  8
A-TAVAN-YAZI
100
AcDbText
 10
10122.70128582356
 20
3108.5003347183065
 30
0.0
 40
220.0
  1
T4  +2,60
  7
GYM-B
 72
1
 11
10122.70128582356
 21
3108.5003347183065
 31
0.0
100
AcDbText
 73
2
  0
LWPOLYLINE
  5
3B4
330
17
100
AcDbEntity
  8
A-TAVAN-SINIR
100
AcDbPolyline
 90
6
 70
1
 10
11377.47369286883
 20
2402.010733195394
 10
11563.0
 20
1104.0
 10
10456.0
 20
1046.0
 10
10400.0
 20
1542.0
 10
10381.784184140935
 20
1541.3585980331316
 10
10281.133393026086
 20
2245.2408863981773
  0
TEXT
  5
3B5
330
17
100
AcDbEntity
  8
A-TAVAN-YAZI
100
AcDbText
 10
10890.775743481887
 20
1473.6204431990889
 30
0.0
 40
220.0
  1
T3  +2,40
  7
GYM-B
 72
1
 11
10890.775743481887
 21
1473.6204431990889
 31
0.0
100
AcDbText
 73
2
  0
LWPOLYLINE
  5
3B6
330
17
100
AcDbEntity
  8
A-TAVAN-SINIR
100
AcDbPolyline
 90
7
 70
1
 10
10280.14346247828
 20
2245.099332484359
 10
10380.77907299047
 20
1541.323206795439
 10
10116.0
 20
1532.0
 10
10150.0
 20
1018.0
 10
9496.833088269086
 20
496.61237747795593
 10
9463.168921723629
 20
491.7986109561521
 10
9233.851581337667
 20
2095.4860984044726
  0
TEXT
  5
3B7
330
17
100
AcDbEntity
  8
A-TAVAN-YAZI
100
AcDbText
 10
9742.08799617408
 20
855.0
 30
0.0
 40
220.0
  1
T3  +2,40
  7
GYM-B
 72
1
 11
9742.08799617408
 21
855.0
 31
0.0
100
AcDbText
 73
2
  0
LWPOLYLINE
  5
3B8
330
17
100
AcDbEntity
  8
A-TAVAN-KAPAK
100
AcDbPolyline
 90
4
 70
1
 10
8461.290416828891
 20
8150.48245868865
 10
8761.290416828891
 20
8150.48245868865
 10
8761.290416828891
 20
8450.48245868865
 10
8461.290416828891
 20
8450.48245868865
  0
LINE
  5
3B9
330
17
100
AcDbEntity
  8
A-TAVAN-KAPAK
100
AcDbLine
 10
8461.290416828891
 20
8150.48245868865
 30
0.0
 11
8761.290416828891
 21
8450.48245868865
 31
0.0
  0
LWPOLYLINE
  5
3BA
330
17
100
AcDbEntity
  8
A-TAVAN-KAPAK
100
AcDbPolyline
 90
4
 70
1
 10
9534.284537438181
 20
8303.19971841438
 10
9834.284537438181
 20
8303.19971841438
 10
9834.284537438181
 20
8603.19971841438
 10
9534.284537438181
 20
8603.19971841438
  0
LINE
  5
3BB
330
17
100
AcDbEntity
  8
A-TAVAN-KAPAK
100
AcDbLine
 10
9534.284537438181
 20
8303.19971841438
 30
0.0
 11
9834.284537438181
 21
8603.19971841438
 31
0.0
  0
LWPOLYLINE
  5
3BC
330
17
100
AcDbEntity
  8
A-TAVAN-KAPAK
100
AcDbPolyline
 90
4
 70
1
 10
10411.133393026086
 20
1972.0107331953939
 10
10711.133393026086
 20
1972.0107331953939
 10
10711.133393026086
 20
2272.0107331953936
 10
10411.133393026086
 20
2272.0107331953936
  0
LINE
  5
3BD
330
17
100
AcDbEntity
  8
A-TAVAN-KAPAK
100
AcDbLine
 10
10411.133393026086
 20
1972.0107331953939
 30
0.0
 11
10711.133393026086
 21
2272.0107331953936
 31
0.0
  0
LWPOLYLINE
  5
3BE
330
17
100
AcDbEntity
  8
A-TAVAN-KAPAK
100
AcDbPolyline
 90
4
 70
1
 10
9363.851581337667
 20
1815.099332484359
 10
9663.851581337667
 20
1815.099332484359
 10
9663.851581337667
 20
2115.099332484359
 10
9363.851581337667
 20
2115.099332484359
  0
LINE
  5
3BF
330
17
100
AcDbEntity
  8
A-TAVAN-KAPAK
100
AcDbLine
 10
9363.851581337667
 20
1815.099332484359
 30
0.0
 11
9663.851581337667
 21
2115.099332484359
 31
0.0
  0
LWPOLYLINE
  5
3C0
330
17
100
AcDbEntity
  8
A-YANGIN-KACIS
100
AcDbPolyline
 90
6
 70
0
 10
8050.000000000001
 20
11100.0
 10
7050.0
 20
9700.0
 10
6550.0
 20
8880.0
 10
5000.0
 20
8100.0
 10
2600.0
 20
6500.0
 10
450.0
 20
4350.0
  0
LINE
  5
3C1
330
17
100
AcDbEntity
  8
A-YANGIN-KACIS
100
AcDbLine
 10
7445.377125130563
 20
10253.527975182786
 30
0.0
 11
7702.424333320375
 21
10448.65000114943
 31
0.0
  0
LINE
  5
3C2
330
17
100
AcDbEntity
  8
A-YANGIN-KACIS
100
AcDbLine
 10
7445.377125130563
 20
10253.527975182786
 30
0.0
 11
7546.585352442855
 21
10559.963558919088
 31
0.0
  0
LINE
  5
3C3
330
17
100
AcDbEntity
  8
A-YANGIN-KACIS
100
AcDbLine
 10
6706.290663632361
 20
9136.316688357074
 30
0.0
 11
6948.488726737788
 21
9349.591090204747
 31
0.0
  0
LINE
  5
3C4
330
17
100
AcDbEntity
  8
A-YANGIN-KACIS
100
AcDbLine
 10
6706.290663632361
 20
9136.316688357074
 30
0.0
 11
6784.97729379212
 21
9449.2931834643
 31
0.0
  0
LINE
  5
3C5
330
17
100
AcDbEntity
  8
A-YANGIN-KACIS
100
AcDbLine
 10
5614.211109870078
 20
8409.08688109591
 30
0.0
 11
5932.545991586787
 21
8462.084761599868
 31
0.0
  0
LINE
  5
3C6
330
17
100
AcDbEntity
  8
A-YANGIN-KACIS
100
AcDbLine
 10
5614.211109870078
 20
8409.08688109591
 30
0.0
 11
5846.458440019375
 21
8633.156178176137
 31
0.0
  0
LINE
  5
3C7
330
17
100
AcDbEntity
  8
A-YANGIN-KACIS
100
AcDbLine
 10
3650.230947019188
 20
7200.153964679458
 30
0.0
 11
3959.770303502801
 21
7291.429695535004
 31
0.0
  0
LINE
  5
3C8
330
17
100
AcDbEntity
  8
A-YANGIN-KACIS
100
AcDbLine
 10
3650.230947019188
 20
7200.153964679458
 30
0.0
 11
3853.5390664564657
 21
7450.776551104507
 31
0.0
  0
LINE
  5
3C9
330
17
100
AcDbEntity
  8
A-YANGIN-KACIS
100
AcDbLine
 10
1397.7207793864218
 20
5297.720779386421
 30
0.0
 11
1683.3484471527531
 21
5447.929659489661
 31
0.0
  0
LINE
  5
3CA
330
17
100
AcDbEntity
  8
A-YANGIN-KACIS
100
AcDbLine
 10
1397.7207793864218
 20
5297.720779386421
 30
0.0
 11
1547.9296594896616
 21
5583.348447152753
 31
0.0
  0
TEXT
  5
3CB
330
17
100
AcDbEntity
  8
A-YANGIN-KACIS
100
AcDbText
 10
8050.000000000001
 20
11520.0
 30
0.0
 40
170.0
  1
10,3 m → Ç1
  7
GYM-B
 72
1
 11
8050.000000000001
 21
11520.0
 31
0.0
100
AcDbText
 73
2
  0
LWPOLYLINE
  5
3CC
330
17
100
AcDbEntity
  8
A-YANGIN-KACIS
100
AcDbPolyline
 90
4
 70
0
 10
6400.0
 20
7450.0
 10
4600.0
 20
7300.0
 10
2400.0
 20
6300.0
 10
450.0
 20
4350.0
  0
LINE
  5
3CD
330
17
100
AcDbEntity
  8
A-YANGIN-KACIS
100
AcDbLine
 10
5320.621763515922
 20
7360.051813626326
 30
0.0
 11
5635.692268512716
 21
7290.220236696055
 31
0.0
  0
LINE
  5
3CE
330
17
100
AcDbEntity
  8
A-YANGIN-KACIS
100
AcDbLine
 10
5320.621763515922
 20
7360.051813626326
 30
0.0
 11
5619.788138469128
 21
7481.069797219099
 31
0.0
  0
LINE
  5
3CF
330
17
100
AcDbEntity
  8
A-YANGIN-KACIS
100
AcDbLine
 10
3336.1340340567313
 20
6725.515470025787
 30
0.0
 11
3656.3174122463324
 21
6765.869857477441
 31
0.0
  0
LINE
  5
3D0
330
17
100
AcDbEntity
  8
A-YANGIN-KACIS
100
AcDbLine
 10
3336.1340340567313
 20
6725.515470025787
 30
0.0
 11
3577.069560946345
 21
6940.215130337412
 31
0.0
  0
LINE
  5
3D1
330
17
100
AcDbEntity
  8
A-YANGIN-KACIS
100
AcDbLine
 10
1297.7207793864216
 20
5197.720779386421
 30
0.0
 11
1583.3484471527531
 21
5347.9296594896605
 31
0.0
  0
LINE
  5
3D2
330
17
100
AcDbEntity
  8
A-YANGIN-KACIS
100
AcDbLine
 10
1297.7207793864216
 20
5197.720779386421
 30
0.0
 11
1447.9296594896616
 21
5483.348447152753
 31
0.0
  0
TEXT
  5
3D3
330
17
100
AcDbEntity
  8
A-YANGIN-KACIS
100
AcDbText
 10
6400.0
 20
7870.0
 30
0.0
 40
170.0
  1
7,0 m → Ç1
  7
GYM-B
 72
1
 11
6400.0
 21
7870.0
 31
0.0
100
AcDbText
 73
2
  0
LWPOLYLINE
  5
3D4
330
17
100
AcDbEntity
  8
A-YANGIN-KACIS
100
AcDbPolyline
 90
3
 70
0
 10
5300.0
 20
1620.0
 10
4300.0
 20
950.0
 10
3400.0
 20
400.0
  0
LINE
  5
3D5
330
17
100
AcDbEntity
  8
A-YANGIN-KACIS
100
AcDbLine
 10
4650.461403965226
 20
1184.8091406567016
 30
0.0
 11
4959.789626579478
 21
1276.7978516478381
 31
0.0
  0
LINE
  5
3D6
330
17
100
AcDbEntity
  8
A-YANGIN-KACIS
100
AcDbLine
 10
4650.461403965226
 20
1184.8091406567016
 30
0.0
 11
4853.191513849164
 21
1435.8995124393523
 31
0.0
  0
LINE
  5
3D7
330
17
100
AcDbEntity
  8
A-YANGIN-KACIS
100
AcDbLine
 10
3696.409269942647
 20
581.1389982982845
 30
0.0
 11
4009.307935758943
 21
660.1345499824475
 31
0.0
  0
LINE
  5
3D8
330
17
100
AcDbEntity
  8
A-YANGIN-KACIS
100
AcDbLine
 10
3696.409269942647
 20
581.1389982982845
 30
0.0
 11
3909.4444780946396
 21
823.5474807058533
 31
0.0
  0
TEXT
  5
3D9
330
17
100
AcDbEntity
  8
A-YANGIN-KACIS
100
AcDbText
 10
5300.0
 20
2040.0
 30
0.0
 40
170.0
  1
2,3 m → Ç2
  7
GYM-B
 72
1
 11
5300.0
 21
2040.0
 31
0.0
100
AcDbText
 73
2
  0
LWPOLYLINE
  5
3DA
330
17
100
AcDbEntity
  8
A-YANGIN-KACIS
100
AcDbPolyline
 90
7
 70
0
 10
9800.0
 20
6300.0
 10
8950.0
 20
7050.0
 10
8400.0
 20
7280.0
 10
6800.0
 20
7550.0
 10
4200.0
 20
6700.0
 10
2000.0
 20
5700.0
 10
450.0
 20
4350.0
  0
LINE
  5
3DB
330
17
100
AcDbEntity
  8
A-YANGIN-KACIS
100
AcDbLine
 10
9240.029186034282
 20
6794.091894675632
 30
0.0
 11
9407.762510526114
 21
6518.390236881521
 31
0.0
  0
LINE
  5
3DC
330
17
100
AcDbEntity
  8
A-YANGIN-KACIS
100
AcDbLine
 10
9240.029186034282
 20
6794.091894675632
 30
0.0
 11
9534.470388840653
 21
6661.992498971332
 31
0.0
  0
LINE
  5
3DD
330
17
100
AcDbEntity
  8
A-YANGIN-KACIS
100
AcDbLine
 10
8508.93562211389
 20
7234.4451034796475
 30
0.0
 11
8756.315961009997
 21
7027.204083931995
 31
0.0
  0
LINE
  5
3DE
330
17
100
AcDbEntity
  8
A-YANGIN-KACIS
100
AcDbLine
 10
8508.93562211389
 20
7234.4451034796475
 30
0.0
 11
8830.202112080195
 21
7203.888358230289
 31
0.0
  0
LINE
  5
3DF
330
17
100
AcDbEntity
  8
A-YANGIN-KACIS
100
AcDbLine
 10
7422.509421260118
 20
7444.951535162355
 30
0.0
 11
7710.462475119437
 21
7299.2500903219025
 31
0.0
  0
LINE
  5
3E0
330
17
100
AcDbEntity
  8
A-YANGIN-KACIS
100
AcDbLine
 10
7422.509421260118
 20
7444.951535162355
 30
0.0
 11
7742.32942528445
 21
7488.091276484942
 31
0.0
  0
LINE
  5
3E1
330
17
100
AcDbEntity
  8
A-YANGIN-KACIS
100
AcDbLine
 10
5328.910841468383
 20
7069.067005864664
 30
0.0
 11
5651.592289753982
 21
7073.816236098302
 31
0.0
  0
LINE
  5
3E2
330
17
100
AcDbEntity
  8
A-YANGIN-KACIS
100
AcDbLine
 10
5328.910841468383
 20
7069.067005864664
 30
0.0
 11
5592.082353884954
 21
7255.846628168272
 31
0.0
  0
LINE
  5
3E3
330
17
100
AcDbEntity
  8
A-YANGIN-KACIS
100
AcDbLine
 10
2936.1340340567313
 20
6125.515470025787
 30
0.0
 11
3256.3174122463324
 21
6165.869857477441
 31
0.0
  0
LINE
  5
3E4
330
17
100
AcDbEntity
  8
A-YANGIN-KACIS
100
AcDbLine
 10
2936.1340340567313
 20
6125.515470025787
 30
0.0
 11
3177.0695609463455
 21
6340.215130337412
 31
0.0
  0
LINE
  5
3E5
330
17
100
AcDbEntity
  8
A-YANGIN-KACIS
100
AcDbLine
 10
1089.265312740465
 20
4906.779465935244
 30
0.0
 11
1384.5508218711875
 21
5036.980619359142
 31
0.0
  0
LINE
  5
3E6
330
17
100
AcDbEntity
  8
A-YANGIN-KACIS
100
AcDbLine
 10
1089.265312740465
 20
4906.779465935244
 30
0.0
 11
1258.7700280954548
 21
5181.395604805353
 31
0.0
  0
TEXT
  5
3E7
330
17
100
AcDbEntity
  8
A-YANGIN-KACIS
100
AcDbText
 10
9800.0
 20
6720.0
 30
0.0
 40
170.0
  1
10,6 m → Ç1
  7
GYM-B
 72
1
 11
9800.0
 21
6720.0
 31
0.0
100
AcDbText
 73
2
  0
LWPOLYLINE
  5
3E8
330
17
100
AcDbEntity
  8
A-YANGIN-KACIS
100
AcDbPolyline
 90
8
 70
0
 10
10100.0
 20
3300.0
 10
9350.0
 20
3380.0
 10
8600.0
 20
3500.0
 10
7850.0
 20
5300.0
 10
7550.0
 20
7000.0
 10
5000.0
 20
7500.0
 10
2200.0
 20
6100.0
 10
450.0
 20
4350.0
  0
LINE
  5
3E9
330
17
100
AcDbEntity
  8
A-YANGIN-KACIS
100
AcDbLine
 10
9546.015343900652
 20
3359.091696650597
 30
0.0
 11
9842.303614120701
 21
3231.1888695297152
 31
0.0
  0
LINE
  5
3EA
330
17
100
AcDbEntity
  8
A-YANGIN-KACIS
100
AcDbLine
 10
9546.015343900652
 20
3359.091696650597
 30
0.0
 11
9862.616233905706
 21
3421.6196800141342
 31
0.0
  0
LINE
  5
3EB
330
17
100
AcDbEntity
  8
A-YANGIN-KACIS
100
AcDbLine
 10
8797.260686254993
 20
3468.438290199201
 30
0.0
 11
9086.444615047412
 21
3325.1953930500435
 31
0.0
  0
LINE
  5
3EC
330
17
100
AcDbEntity
  8
A-YANGIN-KACIS
100
AcDbLine
 10
8797.260686254993
 20
3468.438290199201
 30
0.0
 11
9116.70154750993
 21
3514.301220940781
 31
0.0
  0
LINE
  5
3ED
330
17
100
AcDbEntity
  8
A-YANGIN-KACIS
100
AcDbLine
 10
8155.7692307692305
 20
4566.153846153847
 30
0.0
 11
8185.9114135198415
 21
4244.848195605133
 31
0.0
  0
LINE
  5
3EE
330
17
100
AcDbEntity
  8
A-YANGIN-KACIS
100
AcDbLine
 10
8155.7692307692305
 20
4566.153846153847
 30
0.0
 11
8362.690877624394
 21
4318.506305648697
 31
0.0
  0
LINE
  5
3EF
330
17
100
AcDbEntity
  8
A-YANGIN-KACIS
100
AcDbLine
 10
7668.71863989637
 20
6327.261040587228
 30
0.0
 11
7627.977837250052
 21
6007.126601241449
 31
0.0
  0
LINE
  5
3F0
330
17
100
AcDbEntity
  8
A-YANGIN-KACIS
100
AcDbLine
 10
7668.71863989637
 20
6327.261040587228
 30
0.0
 11
7816.574806185763
 21
6040.408419288928
 31
0.0
  0
LINE
  5
3F1
330
17
100
AcDbEntity
  8
A-YANGIN-KACIS
100
AcDbLine
 10
6098.363525058112
 20
7284.634602929782
 30
0.0
 11
6382.362968086075
 21
7131.369510311436
 31
0.0
  0
LINE
  5
3F2
330
17
100
AcDbEntity
  8
A-YANGIN-KACIS
100
AcDbLine
 10
6098.363525058112
 20
7284.634602929782
 30
0.0
 11
6419.212470442654
 21
7319.30197232999
 31
0.0
  0
LINE
  5
3F3
330
17
100
AcDbEntity
  8
A-YANGIN-KACIS
100
AcDbLine
 10
3439.0031056200155
 20
6719.5015528100075
 30
0.0
 11
3757.473522081994
 21
6771.678809292477
 31
0.0
  0
LINE
  5
3F4
330
17
100
AcDbEntity
  8
A-YANGIN-KACIS
100
AcDbLine
 10
3439.0031056200155
 20
6719.5015528100075
 30
0.0
 11
3671.8271606831777
 21
6942.971532090109
 31
0.0
  0
LINE
  5
3F5
330
17
100
AcDbEntity
  8
A-YANGIN-KACIS
100
AcDbLine
 10
1197.7207793864216
 20
5097.720779386421
 30
0.0
 11
1483.3484471527531
 21
5247.929659489661
 31
0.0
  0
LINE
  5
3F6
330
17
100
AcDbEntity
  8
A-YANGIN-KACIS
100
AcDbLine
 10
1197.7207793864216
 20
5097.720779386421
 30
0.0
 11
1347.9296594896616
 21
5383.348447152753
 31
0.0
  0
TEXT
  5
3F7
330
17
100
AcDbEntity
  8
A-YANGIN-KACIS
100
AcDbText
 10
10100.0
 20
3720.0
 30
0.0
 40
170.0
  1
13,4 m → Ç1
  7
GYM-B
 72
1
 11
10100.0
 21
3720.0
 31
0.0
100
AcDbText
 73
2
  0
CIRCLE
  5
3F8
330
17
100
AcDbEntity
  8
A-YANGIN-KACIS
100
AcDbCircle
 10
240.0
 20
4300.0
 30
0.0
 40
420.0
  0
TEXT
  5
3F9
330
17
100
AcDbEntity
  8
A-YANGIN-KACIS
100
AcDbText
 10
240.0
 20
4300.0
 30
0.0
 40
336.0
  1
Ç1
  7
GYM-B
 72
1
 11
240.0
 21
4300.0
 31
0.0
100
AcDbText
 73
2
  0
TEXT
  5
3FA
330
17
100
AcDbEntity
  8
A-YANGIN-KACIS
100
AcDbText
 10
240.0
 20
4920.0
 30
0.0
 40
160.0
  1
ANA ÇIKIŞ — batı cephe · 1,60 m
  7
GYM
 72
1
 11
240.0
 21
4920.0
 31
0.0
100
AcDbText
 73
2
  0
CIRCLE
  5
3FB
330
17
100
AcDbEntity
  8
A-YANGIN-KACIS
100
AcDbCircle
 10
3350.0
 20
100.0
 30
0.0
 40
420.0
  0
TEXT
  5
3FC
330
17
100
AcDbEntity
  8
A-YANGIN-KACIS
100
AcDbText
 10
3350.0
 20
100.0
 30
0.0
 40
336.0
  1
Ç2
  7
GYM-B
 72
1
 11
3350.0
 21
100.0
 31
0.0
100
AcDbText
 73
2
  0
TEXT
  5
3FD
330
17
100
AcDbEntity
  8
A-YANGIN-KACIS
100
AcDbText
 10
3350.0
 20
720.0
 30
0.0
 40
160.0
  1
ACİL ÇIKIŞ — güneybatı cephe · 1,00 m
  7
GYM
 72
1
 11
3350.0
 21
720.0
 31
0.0
100
AcDbText
 73
2
  0
LWPOLYLINE
  5
3FE
330
17
100
AcDbEntity
  8
A-YANGIN-EKIP
100
AcDbPolyline
 90
4
 70
1
 10
730.0
 20
7330.0
 10
1170.0
 20
7330.0
 10
1170.0
 20
7770.0
 10
730.0
 20
7770.0
  0
TEXT
  5
3FF
330
17
100
AcDbEntity
  8
A-YANGIN-EKIP
100
AcDbText
 10
950.0
 20
7550.0
 30
0.0
 40
150.0
  1
YD1
  7
GYM-B
 72
1
 11
950.0
 21
7550.0
 31
0.0
100
AcDbText
 73
2
  0
CIRCLE
  5
400
330
17
100
AcDbEntity
  8
A-YANGIN-EKIP
100
AcDbCircle
 10
700.0
 20
3900.0
 30
0.0
 40
220.0
  0
TEXT
  5
401
330
17
100
AcDbEntity
  8
A-YANGIN-EKIP
100
AcDbText
 10
700.0
 20
3900.0
 30
0.0
 40
150.0
  1
YT1
  7
GYM-B
 72
1
 11
700.0
 21
3900.0
 31
0.0
100
AcDbText
 73
2
  0
CIRCLE
  5
402
330
17
100
AcDbEntity
  8
A-YANGIN-EKIP
100
AcDbCircle
 10
8000.0
 20
9200.0
 30
0.0
 40
220.0
  0
TEXT
  5
403
330
17
100
AcDbEntity
  8
A-YANGIN-EKIP
100
AcDbText
 10
8000.0
 20
9200.0
 30
0.0
 40
150.0
  1
YT2
  7
GYM-B
 72
1
 11
8000.0
 21
9200.0
 31
0.0
100
AcDbText
 73
2
  0
CIRCLE
  5
404
330
17
100
AcDbEntity
  8
A-YANGIN-EKIP
100
AcDbCircle
 10
6600.0
 20
550.0
 30
0.0
 40
220.0
  0
TEXT
  5
405
330
17
100
AcDbEntity
  8
A-YANGIN-EKIP
100
AcDbText
 10
6600.0
 20
550.0
 30
0.0
 40
150.0
  1
YT3
  7
GYM-B
 72
1
 11
6600.0
 21
550.0
 31
0.0
100
AcDbText
 73
2
  0
VIEWPORT
  5
40A
330
406
100
AcDbEntity
 67
1
  8
VIEWPORTS
100
AcDbViewport
 10
420.5
 20
297.0
 30
0.0
 40
925.1
 41
653.4000000000001
 68
1
 69
1
 12
420.5
 22
297.0
 13
0.0
 23
0.0
 14
10.0
 24
10.0
 15
10.0
 25
10.0
 16
0.0
 26
0.0
 36
1.0
 17
0.0
 27
0.0
 37
0.0
 42
50.0
 43
0.0
 44
0.0
 45
653.4000000000001
 50
0.0
 51
0.0
 72
100
 90
557088
  1

281
0
 71
0
 74
0
110
0.0
120
0.0
130
0.0
111
1.0
121
0.0
131
0.0
112
0.0
122
1.0
132
0.0
 79
0
146
0.0
282
0
  0
LWPOLYLINE
  5
40B
330
406
100
AcDbEntity
 67
1
  8
G-CERCEVE
370
13
100
AcDbPolyline
 90
4
 70
1
 10
0.0
 20
0.0
 10
10.0
 20
0.0
 10
10.0
 20
10.0
 10
0.0
 20
10.0
  0
LWPOLYLINE
  5
40C
330
406
100
AcDbEntity
 67
1
  8
G-CERCEVE
370
13
100
AcDbPolyline
 90
4
 70
1
 10
831.0
 20
0.0
 10
841.0
 20
0.0
 10
841.0
 20
10.0
 10
831.0
 20
10.0
  0
LWPOLYLINE
  5
40D
330
406
100
AcDbEntity
 67
1
  8
G-CERCEVE
370
13
100
AcDbPolyline
 90
4
 70
1
 10
831.0
 20
584.0
 10
841.0
 20
584.0
 10
841.0
 20
594.0
 10
831.0
 20
594.0
  0
LWPOLYLINE
  5
40E
330
406
100
AcDbEntity
 67
1
  8
G-CERCEVE
370
13
100
AcDbPolyline
 90
4
 70
1
 10
0.0
 20
584.0
 10
10.0
 20
584.0
 10
10.0
 20
594.0
 10
0.0
 20
594.0
  0
LWPOLYLINE
  5
40F
330
406
100
AcDbEntity
 67
1
  8
G-CERCEVE
370
70
100
AcDbPolyline
 90
4
 70
1
 10
20.0
 20
10.0
 10
831.0
 20
10.0
 10
831.0
 20
584.0
 10
20.0
 20
584.0
  0
LWPOLYLINE
  5
410
330
406
100
AcDbEntity
 67
1
  8
G-PAFTA-ZON
370
13
100
AcDbPolyline
 90
4
 70
1
 10
25.0
 20
15.0
 10
826.0
 20
15.0
 10
826.0
 20
579.0
 10
25.0
 20
579.0
  0
TEXT
  5
411
330
406
100
AcDbEntity
 67
1
  8
G-PAFTA-ZON
100
AcDbText
 10
50.03125
 20
12.5
 30
0.0
 40
3.5
  1
1
  7
GYM
 72
1
 11
50.03125
 21
12.5
 31
0.0
100
AcDbText
 73
2
  0
TEXT
  5
412
330
406
100
AcDbEntity
 67
1
  8
G-PAFTA-ZON
100
AcDbText
 10
50.03125
 20
581.5
 30
0.0
 40
3.5
  1
1
  7
GYM
 72
1
 11
50.03125
 21
581.5
 31
0.0
100
AcDbText
 73
2
  0
LINE
  5
413
330
406
100
AcDbEntity
 67
1
  8
G-PAFTA-ZON
370
13
100
AcDbLine
 10
75.0625
 20
10.0
 30
0.0
 11
75.0625
 21
15.0
 31
0.0
  0
LINE
  5
414
330
406
100
AcDbEntity
 67
1
  8
G-PAFTA-ZON
370
13
100
AcDbLine
 10
75.0625
 20
579.0
 30
0.0
 11
75.0625
 21
584.0
 31
0.0
  0
TEXT
  5
415
330
406
100
AcDbEntity
 67
1
  8
G-PAFTA-ZON
100
AcDbText
 10
100.09375
 20
12.5
 30
0.0
 40
3.5
  1
2
  7
GYM
 72
1
 11
100.09375
 21
12.5
 31
0.0
100
AcDbText
 73
2
  0
TEXT
  5
416
330
406
100
AcDbEntity
 67
1
  8
G-PAFTA-ZON
100
AcDbText
 10
100.09375
 20
581.5
 30
0.0
 40
3.5
  1
2
  7
GYM
 72
1
 11
100.09375
 21
581.5
 31
0.0
100
AcDbText
 73
2
  0
LINE
  5
417
330
406
100
AcDbEntity
 67
1
  8
G-PAFTA-ZON
370
13
100
AcDbLine
 10
125.125
 20
10.0
 30
0.0
 11
125.125
 21
15.0
 31
0.0
  0
LINE
  5
418
330
406
100
AcDbEntity
 67
1
  8
G-PAFTA-ZON
370
13
100
AcDbLine
 10
125.125
 20
579.0
 30
0.0
 11
125.125
 21
584.0
 31
0.0
  0
TEXT
  5
419
330
406
100
AcDbEntity
 67
1
  8
G-PAFTA-ZON
100
AcDbText
 10
150.15625
 20
12.5
 30
0.0
 40
3.5
  1
3
  7
GYM
 72
1
 11
150.15625
 21
12.5
 31
0.0
100
AcDbText
 73
2
  0
TEXT
  5
41A
330
406
100
AcDbEntity
 67
1
  8
G-PAFTA-ZON
100
AcDbText
 10
150.15625
 20
581.5
 30
0.0
 40
3.5
  1
3
  7
GYM
 72
1
 11
150.15625
 21
581.5
 31
0.0
100
AcDbText
 73
2
  0
LINE
  5
41B
330
406
100
AcDbEntity
 67
1
  8
G-PAFTA-ZON
370
13
100
AcDbLine
 10
175.1875
 20
10.0
 30
0.0
 11
175.1875
 21
15.0
 31
0.0
  0
LINE
  5
41C
330
406
100
AcDbEntity
 67
1
  8
G-PAFTA-ZON
370
13
100
AcDbLine
 10
175.1875
 20
579.0
 30
0.0
 11
175.1875
 21
584.0
 31
0.0
  0
TEXT
  5
41D
330
406
100
AcDbEntity
 67
1
  8
G-PAFTA-ZON
100
AcDbText
 10
200.21875
 20
12.5
 30
0.0
 40
3.5
  1
4
  7
GYM
 72
1
 11
200.21875
 21
12.5
 31
0.0
100
AcDbText
 73
2
  0
TEXT
  5
41E
330
406
100
AcDbEntity
 67
1
  8
G-PAFTA-ZON
100
AcDbText
 10
200.21875
 20
581.5
 30
0.0
 40
3.5
  1
4
  7
GYM
 72
1
 11
200.21875
 21
581.5
 31
0.0
100
AcDbText
 73
2
  0
LINE
  5
41F
330
406
100
AcDbEntity
 67
1
  8
G-PAFTA-ZON
370
13
100
AcDbLine
 10
225.25
 20
10.0
 30
0.0
 11
225.25
 21
15.0
 31
0.0
  0
LINE
  5
420
330
406
100
AcDbEntity
 67
1
  8
G-PAFTA-ZON
370
13
100
AcDbLine
 10
225.25
 20
579.0
 30
0.0
 11
225.25
 21
584.0
 31
0.0
  0
TEXT
  5
421
330
406
100
AcDbEntity
 67
1
  8
G-PAFTA-ZON
100
AcDbText
 10
250.28125
 20
12.5
 30
0.0
 40
3.5
  1
5
  7
GYM
 72
1
 11
250.28125
 21
12.5
 31
0.0
100
AcDbText
 73
2
  0
TEXT
  5
422
330
406
100
AcDbEntity
 67
1
  8
G-PAFTA-ZON
100
AcDbText
 10
250.28125
 20
581.5
 30
0.0
 40
3.5
  1
5
  7
GYM
 72
1
 11
250.28125
 21
581.5
 31
0.0
100
AcDbText
 73
2
  0
LINE
  5
423
330
406
100
AcDbEntity
 67
1
  8
G-PAFTA-ZON
370
13
100
AcDbLine
 10
275.3125
 20
10.0
 30
0.0
 11
275.3125
 21
15.0
 31
0.0
  0
LINE
  5
424
330
406
100
AcDbEntity
 67
1
  8
G-PAFTA-ZON
370
13
100
AcDbLine
 10
275.3125
 20
579.0
 30
0.0
 11
275.3125
 21
584.0
 31
0.0
  0
TEXT
  5
425
330
406
100
AcDbEntity
 67
1
  8
G-PAFTA-ZON
100
AcDbText
 10
300.34375
 20
12.5
 30
0.0
 40
3.5
  1
6
  7
GYM
 72
1
 11
300.34375
 21
12.5
 31
0.0
100
AcDbText
 73
2
  0
TEXT
  5
426
330
406
100
AcDbEntity
 67
1
  8
G-PAFTA-ZON
100
AcDbText
 10
300.34375
 20
581.5
 30
0.0
 40
3.5
  1
6
  7
GYM
 72
1
 11
300.34375
 21
581.5
 31
0.0
100
AcDbText
 73
2
  0
LINE
  5
427
330
406
100
AcDbEntity
 67
1
  8
G-PAFTA-ZON
370
13
100
AcDbLine
 10
325.375
 20
10.0
 30
0.0
 11
325.375
 21
15.0
 31
0.0
  0
LINE
  5
428
330
406
100
AcDbEntity
 67
1
  8
G-PAFTA-ZON
370
13
100
AcDbLine
 10
325.375
 20
579.0
 30
0.0
 11
325.375
 21
584.0
 31
0.0
  0
TEXT
  5
429
330
406
100
AcDbEntity
 67
1
  8
G-PAFTA-ZON
100
AcDbText
 10
350.40625
 20
12.5
 30
0.0
 40
3.5
  1
7
  7
GYM
 72
1
 11
350.40625
 21
12.5
 31
0.0
100
AcDbText
 73
2
  0
TEXT
  5
42A
330
406
100
AcDbEntity
 67
1
  8
G-PAFTA-ZON
100
AcDbText
 10
350.40625
 20
581.5
 30
0.0
 40
3.5
  1
7
  7
GYM
 72
1
 11
350.40625
 21
581.5
 31
0.0
100
AcDbText
 73
2
  0
LINE
  5
42B
330
406
100
AcDbEntity
 67
1
  8
G-PAFTA-ZON
370
13
100
AcDbLine
 10
375.4375
 20
10.0
 30
0.0
 11
375.4375
 21
15.0
 31
0.0
  0
LINE
  5
42C
330
406
100
AcDbEntity
 67
1
  8
G-PAFTA-ZON
370
13
100
AcDbLine
 10
375.4375
 20
579.0
 30
0.0
 11
375.4375
 21
584.0
 31
0.0
  0
TEXT
  5
42D
330
406
100
AcDbEntity
 67
1
  8
G-PAFTA-ZON
100
AcDbText
 10
400.46875
 20
12.5
 30
0.0
 40
3.5
  1
8
  7
GYM
 72
1
 11
400.46875
 21
12.5
 31
0.0
100
AcDbText
 73
2
  0
TEXT
  5
42E
330
406
100
AcDbEntity
 67
1
  8
G-PAFTA-ZON
100
AcDbText
 10
400.46875
 20
581.5
 30
0.0
 40
3.5
  1
8
  7
GYM
 72
1
 11
400.46875
 21
581.5
 31
0.0
100
AcDbText
 73
2
  0
LINE
  5
42F
330
406
100
AcDbEntity
 67
1
  8
G-PAFTA-ZON
370
13
100
AcDbLine
 10
425.5
 20
10.0
 30
0.0
 11
425.5
 21
15.0
 31
0.0
  0
LINE
  5
430
330
406
100
AcDbEntity
 67
1
  8
G-PAFTA-ZON
370
13
100
AcDbLine
 10
425.5
 20
579.0
 30
0.0
 11
425.5
 21
584.0
 31
0.0
  0
TEXT
  5
431
330
406
100
AcDbEntity
 67
1
  8
G-PAFTA-ZON
100
AcDbText
 10
450.53125
 20
12.5
 30
0.0
 40
3.5
  1
9
  7
GYM
 72
1
 11
450.53125
 21
12.5
 31
0.0
100
AcDbText
 73
2
  0
TEXT
  5
432
330
406
100
AcDbEntity
 67
1
  8
G-PAFTA-ZON
100
AcDbText
 10
450.53125
 20
581.5
 30
0.0
 40
3.5
  1
9
  7
GYM
 72
1
 11
450.53125
 21
581.5
 31
0.0
100
AcDbText
 73
2
  0
LINE
  5
433
330
406
100
AcDbEntity
 67
1
  8
G-PAFTA-ZON
370
13
100
AcDbLine
 10
475.5625
 20
10.0
 30
0.0
 11
475.5625
 21
15.0
 31
0.0
  0
LINE
  5
434
330
406
100
AcDbEntity
 67
1
  8
G-PAFTA-ZON
370
13
100
AcDbLine
 10
475.5625
 20
579.0
 30
0.0
 11
475.5625
 21
584.0
 31
0.0
  0
TEXT
  5
435
330
406
100
AcDbEntity
 67
1
  8
G-PAFTA-ZON
100
AcDbText
 10
500.59375
 20
12.5
 30
0.0
 40
3.5
  1
10
  7
GYM
 72
1
 11
500.59375
 21
12.5
 31
0.0
100
AcDbText
 73
2
  0
TEXT
  5
436
330
406
100
AcDbEntity
 67
1
  8
G-PAFTA-ZON
100
AcDbText
 10
500.59375
 20
581.5
 30
0.0
 40
3.5
  1
10
  7
GYM
 72
1
 11
500.59375
 21
581.5
 31
0.0
100
AcDbText
 73
2
  0
LINE
  5
437
330
406
100
AcDbEntity
 67
1
  8
G-PAFTA-ZON
370
13
100
AcDbLine
 10
525.625
 20
10.0
 30
0.0
 11
525.625
 21
15.0
 31
0.0
  0
LINE
  5
438
330
406
100
AcDbEntity
 67
1
  8
G-PAFTA-ZON
370
13
100
AcDbLine
 10
525.625
 20
579.0
 30
0.0
 11
525.625
 21
584.0
 31
0.0
  0
TEXT
  5
439
330
406
100
AcDbEntity
 67
1
  8
G-PAFTA-ZON
100
AcDbText
 10
550.65625
 20
12.5
 30
0.0
 40
3.5
  1
11
  7
GYM
 72
1
 11
550.65625
 21
12.5
 31
0.0
100
AcDbText
 73
2
  0
TEXT
  5
43A
330
406
100
AcDbEntity
 67
1
  8
G-PAFTA-ZON
100
AcDbText
 10
550.65625
 20
581.5
 30
0.0
 40
3.5
  1
11
  7
GYM
 72
1
 11
550.65625
 21
581.5
 31
0.0
100
AcDbText
 73
2
  0
LINE
  5
43B
330
406
100
AcDbEntity
 67
1
  8
G-PAFTA-ZON
370
13
100
AcDbLine
 10
575.6875
 20
10.0
 30
0.0
 11
575.6875
 21
15.0
 31
0.0
  0
LINE
  5
43C
330
406
100
AcDbEntity
 67
1
  8
G-PAFTA-ZON
370
13
100
AcDbLine
 10
575.6875
 20
579.0
 30
0.0
 11
575.6875
 21
584.0
 31
0.0
  0
TEXT
  5
43D
330
406
100
AcDbEntity
 67
1
  8
G-PAFTA-ZON
100
AcDbText
 10
600.71875
 20
12.5
 30
0.0
 40
3.5
  1
12
  7
GYM
 72
1
 11
600.71875
 21
12.5
 31
0.0
100
AcDbText
 73
2
  0
TEXT
  5
43E
330
406
100
AcDbEntity
 67
1
  8
G-PAFTA-ZON
100
AcDbText
 10
600.71875
 20
581.5
 30
0.0
 40
3.5
  1
12
  7
GYM
 72
1
 11
600.71875
 21
581.5
 31
0.0
100
AcDbText
 73
2
  0
LINE
  5
43F
330
406
100
AcDbEntity
 67
1
  8
G-PAFTA-ZON
370
13
100
AcDbLine
 10
625.75
 20
10.0
 30
0.0
 11
625.75
 21
15.0
 31
0.0
  0
LINE
  5
440
330
406
100
AcDbEntity
 67
1
  8
G-PAFTA-ZON
370
13
100
AcDbLine
 10
625.75
 20
579.0
 30
0.0
 11
625.75
 21
584.0
 31
0.0
  0
TEXT
  5
441
330
406
100
AcDbEntity
 67
1
  8
G-PAFTA-ZON
100
AcDbText
 10
650.78125
 20
12.5
 30
0.0
 40
3.5
  1
13
  7
GYM
 72
1
 11
650.78125
 21
12.5
 31
0.0
100
AcDbText
 73
2
  0
TEXT
  5
442
330
406
100
AcDbEntity
 67
1
  8
G-PAFTA-ZON
100
AcDbText
 10
650.78125
 20
581.5
 30
0.0
 40
3.5
  1
13
  7
GYM
 72
1
 11
650.78125
 21
581.5
 31
0.0
100
AcDbText
 73
2
  0
LINE
  5
443
330
406
100
AcDbEntity
 67
1
  8
G-PAFTA-ZON
370
13
100
AcDbLine
 10
675.8125
 20
10.0
 30
0.0
 11
675.8125
 21
15.0
 31
0.0
  0
LINE
  5
444
330
406
100
AcDbEntity
 67
1
  8
G-PAFTA-ZON
370
13
100
AcDbLine
 10
675.8125
 20
579.0
 30
0.0
 11
675.8125
 21
584.0
 31
0.0
  0
TEXT
  5
445
330
406
100
AcDbEntity
 67
1
  8
G-PAFTA-ZON
100
AcDbText
 10
700.84375
 20
12.5
 30
0.0
 40
3.5
  1
14
  7
GYM
 72
1
 11
700.84375
 21
12.5
 31
0.0
100
AcDbText
 73
2
  0
TEXT
  5
446
330
406
100
AcDbEntity
 67
1
  8
G-PAFTA-ZON
100
AcDbText
 10
700.84375
 20
581.5
 30
0.0
 40
3.5
  1
14
  7
GYM
 72
1
 11
700.84375
 21
581.5
 31
0.0
100
AcDbText
 73
2
  0
LINE
  5
447
330
406
100
AcDbEntity
 67
1
  8
G-PAFTA-ZON
370
13
100
AcDbLine
 10
725.875
 20
10.0
 30
0.0
 11
725.875
 21
15.0
 31
0.0
  0
LINE
  5
448
330
406
100
AcDbEntity
 67
1
  8
G-PAFTA-ZON
370
13
100
AcDbLine
 10
725.875
 20
579.0
 30
0.0
 11
725.875
 21
584.0
 31
0.0
  0
TEXT
  5
449
330
406
100
AcDbEntity
 67
1
  8
G-PAFTA-ZON
100
AcDbText
 10
750.90625
 20
12.5
 30
0.0
 40
3.5
  1
15
  7
GYM
 72
1
 11
750.90625
 21
12.5
 31
0.0
100
AcDbText
 73
2
  0
TEXT
  5
44A
330
406
100
AcDbEntity
 67
1
  8
G-PAFTA-ZON
100
AcDbText
 10
750.90625
 20
581.5
 30
0.0
 40
3.5
  1
15
  7
GYM
 72
1
 11
750.90625
 21
581.5
 31
0.0
100
AcDbText
 73
2
  0
LINE
  5
44B
330
406
100
AcDbEntity
 67
1
  8
G-PAFTA-ZON
370
13
100
AcDbLine
 10
775.9375
 20
10.0
 30
0.0
 11
775.9375
 21
15.0
 31
0.0
  0
LINE
  5
44C
330
406
100
AcDbEntity
 67
1
  8
G-PAFTA-ZON
370
13
100
AcDbLine
 10
775.9375
 20
579.0
 30
0.0
 11
775.9375
 21
584.0
 31
0.0
  0
TEXT
  5
44D
330
406
100
AcDbEntity
 67
1
  8
G-PAFTA-ZON
100
AcDbText
 10
800.96875
 20
12.5
 30
0.0
 40
3.5
  1
16
  7
GYM
 72
1
 11
800.96875
 21
12.5
 31
0.0
100
AcDbText
 73
2
  0
TEXT
  5
44E
330
406
100
AcDbEntity
 67
1
  8
G-PAFTA-ZON
100
AcDbText
 10
800.96875
 20
581.5
 30
0.0
 40
3.5
  1
16
  7
GYM
 72
1
 11
800.96875
 21
581.5
 31
0.0
100
AcDbText
 73
2
  0
TEXT
  5
44F
330
406
100
AcDbEntity
 67
1
  8
G-PAFTA-ZON
100
AcDbText
 10
22.5
 20
40.63636363636364
 30
0.0
 40
3.5
  1
A
  7
GYM
 72
1
 11
22.5
 21
40.63636363636364
 31
0.0
100
AcDbText
 73
2
  0
TEXT
  5
450
330
406
100
AcDbEntity
 67
1
  8
G-PAFTA-ZON
100
AcDbText
 10
828.5
 20
40.63636363636364
 30
0.0
 40
3.5
  1
A
  7
GYM
 72
1
 11
828.5
 21
40.63636363636364
 31
0.0
100
AcDbText
 73
2
  0
LINE
  5
451
330
406
100
AcDbEntity
 67
1
  8
G-PAFTA-ZON
370
13
100
AcDbLine
 10
20.0
 20
66.27272727272728
 30
0.0
 11
25.0
 21
66.27272727272728
 31
0.0
  0
LINE
  5
452
330
406
100
AcDbEntity
 67
1
  8
G-PAFTA-ZON
370
13
100
AcDbLine
 10
826.0
 20
66.27272727272728
 30
0.0
 11
831.0
 21
66.27272727272728
 31
0.0
  0
TEXT
  5
453
330
406
100
AcDbEntity
 67
1
  8
G-PAFTA-ZON
100
AcDbText
 10
22.5
 20
91.90909090909092
 30
0.0
 40
3.5
  1
B
  7
GYM
 72
1
 11
22.5
 21
91.90909090909092
 31
0.0
100
AcDbText
 73
2
  0
TEXT
  5
454
330
406
100
AcDbEntity
 67
1
  8
G-PAFTA-ZON
100
AcDbText
 10
828.5
 20
91.90909090909092
 30
0.0
 40
3.5
  1
B
  7
GYM
 72
1
 11
828.5
 21
91.90909090909092
 31
0.0
100
AcDbText
 73
2
  0
LINE
  5
455
330
406
100
AcDbEntity
 67
1
  8
G-PAFTA-ZON
370
13
100
AcDbLine
 10
20.0
 20
117.54545454545455
 30
0.0
 11
25.0
 21
117.54545454545455
 31
0.0
  0
LINE
  5
456
330
406
100
AcDbEntity
 67
1
  8
G-PAFTA-ZON
370
13
100
AcDbLine
 10
826.0
 20
117.54545454545455
 30
0.0
 11
831.0
 21
117.54545454545455
 31
0.0
  0
TEXT
  5
457
330
406
100
AcDbEntity
 67
1
  8
G-PAFTA-ZON
100
AcDbText
 10
22.5
 20
143.1818181818182
 30
0.0
 40
3.5
  1
C
  7
GYM
 72
1
 11
22.5
 21
143.1818181818182
 31
0.0
100
AcDbText
 73
2
  0
TEXT
  5
458
330
406
100
AcDbEntity
 67
1
  8
G-PAFTA-ZON
100
AcDbText
 10
828.5
 20
143.1818181818182
 30
0.0
 40
3.5
  1
C
  7
GYM
 72
1
 11
828.5
 21
143.1818181818182
 31
0.0
100
AcDbText
 73
2
  0
LINE
  5
459
330
406
100
AcDbEntity
 67
1
  8
G-PAFTA-ZON
370
13
100
AcDbLine
 10
20.0
 20
168.8181818181818
 30
0.0
 11
25.0
 21
168.8181818181818
 31
0.0
  0
LINE
  5
45A
330
406
100
AcDbEntity
 67
1
  8
G-PAFTA-ZON
370
13
100
AcDbLine
 10
826.0
 20
168.8181818181818
 30
0.0
 11
831.0
 21
168.8181818181818
 31
0.0
  0
TEXT
  5
45B
330
406
100
AcDbEntity
 67
1
  8
G-PAFTA-ZON
100
AcDbText
 10
22.5
 20
194.45454545454544
 30
0.0
 40
3.5
  1
D
  7
GYM
 72
1
 11
22.5
 21
194.45454545454544
 31
0.0
100
AcDbText
 73
2
  0
TEXT
  5
45C
330
406
100
AcDbEntity
 67
1
  8
G-PAFTA-ZON
100
AcDbText
 10
828.5
 20
194.45454545454544
 30
0.0
 40
3.5
  1
D
  7
GYM
 72
1
 11
828.5
 21
194.45454545454544
 31
0.0
100
AcDbText
 73
2
  0
LINE
  5
45D
330
406
100
AcDbEntity
 67
1
  8
G-PAFTA-ZON
370
13
100
AcDbLine
 10
20.0
 20
220.0909090909091
 30
0.0
 11
25.0
 21
220.0909090909091
 31
0.0
  0
LINE
  5
45E
330
406
100
AcDbEntity
 67
1
  8
G-PAFTA-ZON
370
13
100
AcDbLine
 10
826.0
 20
220.0909090909091
 30
0.0
 11
831.0
 21
220.0909090909091
 31
0.0
  0
TEXT
  5
45F
330
406
100
AcDbEntity
 67
1
  8
G-PAFTA-ZON
100
AcDbText
 10
22.5
 20
245.72727272727272
 30
0.0
 40
3.5
  1
E
  7
GYM
 72
1
 11
22.5
 21
245.72727272727272
 31
0.0
100
AcDbText
 73
2
  0
TEXT
  5
460
330
406
100
AcDbEntity
 67
1
  8
G-PAFTA-ZON
100
AcDbText
 10
828.5
 20
245.72727272727272
 30
0.0
 40
3.5
  1
E
  7
GYM
 72
1
 11
828.5
 21
245.72727272727272
 31
0.0
100
AcDbText
 73
2
  0
LINE
  5
461
330
406
100
AcDbEntity
 67
1
  8
G-PAFTA-ZON
370
13
100
AcDbLine
 10
20.0
 20
271.3636363636364
 30
0.0
 11
25.0
 21
271.3636363636364
 31
0.0
  0
LINE
  5
462
330
406
100
AcDbEntity
 67
1
  8
G-PAFTA-ZON
370
13
100
AcDbLine
 10
826.0
 20
271.3636363636364
 30
0.0
 11
831.0
 21
271.3636363636364
 31
0.0
  0
TEXT
  5
463
330
406
100
AcDbEntity
 67
1
  8
G-PAFTA-ZON
100
AcDbText
 10
22.5
 20
297.0
 30
0.0
 40
3.5
  1
F
  7
GYM
 72
1
 11
22.5
 21
297.0
 31
0.0
100
AcDbText
 73
2
  0
TEXT
  5
464
330
406
100
AcDbEntity
 67
1
  8
G-PAFTA-ZON
100
AcDbText
 10
828.5
 20
297.0
 30
0.0
 40
3.5
  1
F
  7
GYM
 72
1
 11
828.5
 21
297.0
 31
0.0
100
AcDbText
 73
2
  0
LINE
  5
465
330
406
100
AcDbEntity
 67
1
  8
G-PAFTA-ZON
370
13
100
AcDbLine
 10
20.0
 20
322.6363636363636
 30
0.0
 11
25.0
 21
322.6363636363636
 31
0.0
  0
LINE
  5
466
330
406
100
AcDbEntity
 67
1
  8
G-PAFTA-ZON
370
13
100
AcDbLine
 10
826.0
 20
322.6363636363636
 30
0.0
 11
831.0
 21
322.6363636363636
 31
0.0
  0
TEXT
  5
467
330
406
100
AcDbEntity
 67
1
  8
G-PAFTA-ZON
100
AcDbText
 10
22.5
 20
348.27272727272725
 30
0.0
 40
3.5
  1
G
  7
GYM
 72
1
 11
22.5
 21
348.27272727272725
 31
0.0
100
AcDbText
 73
2
  0
TEXT
  5
468
330
406
100
AcDbEntity
 67
1
  8
G-PAFTA-ZON
100
AcDbText
 10
828.5
 20
348.27272727272725
 30
0.0
 40
3.5
  1
G
  7
GYM
 72
1
 11
828.5
 21
348.27272727272725
 31
0.0
100
AcDbText
 73
2
  0
LINE
  5
469
330
406
100
AcDbEntity
 67
1
  8
G-PAFTA-ZON
370
13
100
AcDbLine
 10
20.0
 20
373.90909090909093
 30
0.0
 11
25.0
 21
373.90909090909093
 31
0.0
  0
LINE
  5
46A
330
406
100
AcDbEntity
 67
1
  8
G-PAFTA-ZON
370
13
100
AcDbLine
 10
826.0
 20
373.90909090909093
 30
0.0
 11
831.0
 21
373.90909090909093
 31
0.0
  0
TEXT
  5
46B
330
406
100
AcDbEntity
 67
1
  8
G-PAFTA-ZON
100
AcDbText
 10
22.5
 20
399.54545454545456
 30
0.0
 40
3.5
  1
H
  7
GYM
 72
1
 11
22.5
 21
399.54545454545456
 31
0.0
100
AcDbText
 73
2
  0
TEXT
  5
46C
330
406
100
AcDbEntity
 67
1
  8
G-PAFTA-ZON
100
AcDbText
 10
828.5
 20
399.54545454545456
 30
0.0
 40
3.5
  1
H
  7
GYM
 72
1
 11
828.5
 21
399.54545454545456
 31
0.0
100
AcDbText
 73
2
  0
LINE
  5
46D
330
406
100
AcDbEntity
 67
1
  8
G-PAFTA-ZON
370
13
100
AcDbLine
 10
20.0
 20
425.1818181818182
 30
0.0
 11
25.0
 21
425.1818181818182
 31
0.0
  0
LINE
  5
46E
330
406
100
AcDbEntity
 67
1
  8
G-PAFTA-ZON
370
13
100
AcDbLine
 10
826.0
 20
425.1818181818182
 30
0.0
 11
831.0
 21
425.1818181818182
 31
0.0
  0
TEXT
  5
46F
330
406
100
AcDbEntity
 67
1
  8
G-PAFTA-ZON
100
AcDbText
 10
22.5
 20
450.8181818181818
 30
0.0
 40
3.5
  1
J
  7
GYM
 72
1
 11
22.5
 21
450.8181818181818
 31
0.0
100
AcDbText
 73
2
  0
TEXT
  5
470
330
406
100
AcDbEntity
 67
1
  8
G-PAFTA-ZON
100
AcDbText
 10
828.5
 20
450.8181818181818
 30
0.0
 40
3.5
  1
J
  7
GYM
 72
1
 11
828.5
 21
450.8181818181818
 31
0.0
100
AcDbText
 73
2
  0
LINE
  5
471
330
406
100
AcDbEntity
 67
1
  8
G-PAFTA-ZON
370
13
100
AcDbLine
 10
20.0
 20
476.45454545454544
 30
0.0
 11
25.0
 21
476.45454545454544
 31
0.0
  0
LINE
  5
472
330
406
100
AcDbEntity
 67
1
  8
G-PAFTA-ZON
370
13
100
AcDbLine
 10
826.0
 20
476.45454545454544
 30
0.0
 11
831.0
 21
476.45454545454544
 31
0.0
  0
TEXT
  5
473
330
406
100
AcDbEntity
 67
1
  8
G-PAFTA-ZON
100
AcDbText
 10
22.5
 20
502.09090909090907
 30
0.0
 40
3.5
  1
K
  7
GYM
 72
1
 11
22.5
 21
502.09090909090907
 31
0.0
100
AcDbText
 73
2
  0
TEXT
  5
474
330
406
100
AcDbEntity
 67
1
  8
G-PAFTA-ZON
100
AcDbText
 10
828.5
 20
502.09090909090907
 30
0.0
 40
3.5
  1
K
  7
GYM
 72
1
 11
828.5
 21
502.09090909090907
 31
0.0
100
AcDbText
 73
2
  0
LINE
  5
475
330
406
100
AcDbEntity
 67
1
  8
G-PAFTA-ZON
370
13
100
AcDbLine
 10
20.0
 20
527.7272727272727
 30
0.0
 11
25.0
 21
527.7272727272727
 31
0.0
  0
LINE
  5
476
330
406
100
AcDbEntity
 67
1
  8
G-PAFTA-ZON
370
13
100
AcDbLine
 10
826.0
 20
527.7272727272727
 30
0.0
 11
831.0
 21
527.7272727272727
 31
0.0
  0
TEXT
  5
477
330
406
100
AcDbEntity
 67
1
  8
G-PAFTA-ZON
100
AcDbText
 10
22.5
 20
553.3636363636364
 30
0.0
 40
3.5
  1
L
  7
GYM
 72
1
 11
22.5
 21
553.3636363636364
 31
0.0
100
AcDbText
 73
2
  0
TEXT
  5
478
330
406
100
AcDbEntity
 67
1
  8
G-PAFTA-ZON
100
AcDbText
 10
828.5
 20
553.3636363636364
 30
0.0
 40
3.5
  1
L
  7
GYM
 72
1
 11
828.5
 21
553.3636363636364
 31
0.0
100
AcDbText
 73
2
  0
LINE
  5
479
330
406
100
AcDbEntity
 67
1
  8
G-CERCEVE
370
70
100
AcDbLine
 10
420.5
 20
0.0
 30
0.0
 11
420.5
 21
20.0
 31
0.0
  0
LINE
  5
47A
330
406
100
AcDbEntity
 67
1
  8
G-CERCEVE
370
70
100
AcDbLine
 10
420.5
 20
574.0
 30
0.0
 11
420.5
 21
594.0
 31
0.0
  0
LWPOLYLINE
  5
47B
330
406
100
AcDbEntity
 67
1
  8
G-CERCEVE
370
70
100
AcDbPolyline
 90
3
 70
1
 10
420.5
 20
593.0
 10
417.9
 20
586.0
 10
423.1
 20
586.0
  0
LINE
  5
47C
330
406
100
AcDbEntity
 67
1
  8
G-CERCEVE
370
70
100
AcDbLine
 10
0.0
 20
297.0
 30
0.0
 11
30.0
 21
297.0
 31
0.0
  0
LINE
  5
47D
330
406
100
AcDbEntity
 67
1
  8
G-CERCEVE
370
70
100
AcDbLine
 10
821.0
 20
297.0
 30
0.0
 11
841.0
 21
297.0
 31
0.0
  0
LWPOLYLINE
  5
47E
330
406
100
AcDbEntity
 67
1
  8
G-CERCEVE
370
70
100
AcDbPolyline
 90
3
 70
1
 10
1.0
 20
297.0
 10
8.0
 20
294.4
 10
8.0
 20
299.6
  0
TEXT
  5
47F
330
406
100
AcDbEntity
 67
1
  8
G-CERCEVE
100
AcDbText
 10
829.0
 20
5.0
 30
0.0
 40
2.5
  1
A1
  7
GYM
 72
2
 11
829.0
 21
5.0
 31
0.0
100
AcDbText
 73
2
  0
LWPOLYLINE
  5
480
330
406
100
AcDbEntity
 67
1
  8
G-CERCEVE
370
35
100
AcDbPolyline
 90
4
 70
1
 10
450.5
 20
2.0
 10
550.5
 20
2.0
 10
550.5
 20
6.0
 10
450.5
 20
6.0
  0
LINE
  5
481
330
406
100
AcDbEntity
 67
1
  8
G-CERCEVE
370
35
100
AcDbLine
 10
450.5
 20
2.0
 30
0.0
 11
450.5
 21
6.0
 31
0.0
  0
LINE
  5
482
330
406
100
AcDbEntity
 67
1
  8
G-CERCEVE
370
35
100
AcDbLine
 10
460.5
 20
2.0
 30
0.0
 11
460.5
 21
6.0
 31
0.0
  0
LINE
  5
483
330
406
100
AcDbEntity
 67
1
  8
G-CERCEVE
370
35
100
AcDbLine
 10
470.5
 20
2.0
 30
0.0
 11
470.5
 21
6.0
 31
0.0
  0
LINE
  5
484
330
406
100
AcDbEntity
 67
1
  8
G-CERCEVE
370
35
100
AcDbLine
 10
480.5
 20
2.0
 30
0.0
 11
480.5
 21
6.0
 31
0.0
  0
LINE
  5
485
330
406
100
AcDbEntity
 67
1
  8
G-CERCEVE
370
35
100
AcDbLine
 10
490.5
 20
2.0
 30
0.0
 11
490.5
 21
6.0
 31
0.0
  0
LINE
  5
486
330
406
100
AcDbEntity
 67
1
  8
G-CERCEVE
370
35
100
AcDbLine
 10
500.5
 20
2.0
 30
0.0
 11
500.5
 21
6.0
 31
0.0
  0
LINE
  5
487
330
406
100
AcDbEntity
 67
1
  8
G-CERCEVE
370
35
100
AcDbLine
 10
510.5
 20
2.0
 30
0.0
 11
510.5
 21
6.0
 31
0.0
  0
LINE
  5
488
330
406
100
AcDbEntity
 67
1
  8
G-CERCEVE
370
35
100
AcDbLine
 10
520.5
 20
2.0
 30
0.0
 11
520.5
 21
6.0
 31
0.0
  0
LINE
  5
489
330
406
100
AcDbEntity
 67
1
  8
G-CERCEVE
370
35
100
AcDbLine
 10
530.5
 20
2.0
 30
0.0
 11
530.5
 21
6.0
 31
0.0
  0
LINE
  5
48A
330
406
100
AcDbEntity
 67
1
  8
G-CERCEVE
370
35
100
AcDbLine
 10
540.5
 20
2.0
 30
0.0
 11
540.5
 21
6.0
 31
0.0
  0
LINE
  5
48B
330
406
100
AcDbEntity
 67
1
  8
G-CERCEVE
370
35
100
AcDbLine
 10
550.5
 20
2.0
 30
0.0
 11
550.5
 21
6.0
 31
0.0
  0
TEXT
  5
48C
330
406
100
AcDbEntity
 67
1
  8
G-CERCEVE
100
AcDbText
 10
554.5
 20
4.0
 30
0.0
 40
1.8
  1
100 mm
  7
GYM
 11
554.5
 21
4.0
 31
0.0
100
AcDbText
 73
2
  0
LWPOLYLINE
  5
48D
330
406
100
AcDbEntity
 67
1
  8
G-ANTET
370
100
100
AcDbPolyline
 90
4
 70
1
 10
651.0
 20
15.0
 10
831.0
 20
15.0
 10
831.0
 20
107.0
 10
651.0
 20
107.0
  0
LINE
  5
48E
330
406
100
AcDbEntity
 67
1
  8
G-ANTET
370
35
100
AcDbLine
 10
651.0
 20
25.0
 30
0.0
 11
831.0
 21
25.0
 31
0.0
  0
LINE
  5
48F
330
406
100
AcDbEntity
 67
1
  8
G-ANTET
370
35
100
AcDbLine
 10
651.0
 20
35.0
 30
0.0
 11
831.0
 21
35.0
 31
0.0
  0
LINE
  5
490
330
406
100
AcDbEntity
 67
1
  8
G-ANTET
370
35
100
AcDbLine
 10
651.0
 20
45.0
 30
0.0
 11
831.0
 21
45.0
 31
0.0
  0
LINE
  5
491
330
406
100
AcDbEntity
 67
1
  8
G-ANTET
370
35
100
AcDbLine
 10
651.0
 20
57.0
 30
0.0
 11
831.0
 21
57.0
 31
0.0
  0
LINE
  5
492
330
406
100
AcDbEntity
 67
1
  8
G-ANTET
370
35
100
AcDbLine
 10
651.0
 20
69.0
 30
0.0
 11
831.0
 21
69.0
 31
0.0
  0
LINE
  5
493
330
406
100
AcDbEntity
 67
1
  8
G-ANTET
370
35
100
AcDbLine
 10
651.0
 20
83.0
 30
0.0
 11
831.0
 21
83.0
 31
0.0
  0
LINE
  5
494
330
406
100
AcDbEntity
 67
1
  8
G-ANTET
370
35
100
AcDbLine
 10
711.0
 20
15.0
 30
0.0
 11
711.0
 21
45.0
 31
0.0
  0
LINE
  5
495
330
406
100
AcDbEntity
 67
1
  8
G-ANTET
370
35
100
AcDbLine
 10
771.0
 20
15.0
 30
0.0
 11
771.0
 21
45.0
 31
0.0
  0
LINE
  5
496
330
406
100
AcDbEntity
 67
1
  8
G-ANTET
370
35
100
AcDbLine
 10
769.0
 20
45.0
 30
0.0
 11
769.0
 21
69.0
 31
0.0
  0
TEXT
  5
497
330
406
100
AcDbEntity
 67
1
  8
G-ANTET
100
AcDbText
 10
652.6
 20
103.0
 30
0.0
 40
1.8
  1
İŞVEREN
  7
GYM
 11
652.6
 21
103.0
 31
0.0
100
AcDbText
 73
2
  0
TEXT
  5
498
330
406
100
AcDbEntity
 67
1
  8
G-ANTET
100
AcDbText
 10
652.6
 20
98.0
 30
0.0
 40
2.5
  1
ÖZEL — MALTEPE / İDEALTEPE
  7
GYM
 11
652.6
 21
98.0
 31
0.0
100
AcDbText
 73
2
  0
TEXT
  5
499
330
406
100
AcDbEntity
 67
1
  8
G-ANTET
100
AcDbText
 10
652.6
 20
93.0
 30
0.0
 40
1.8
  1
PROJE
  7
GYM
 11
652.6
 21
93.0
 31
0.0
100
AcDbText
 73
2
  0
TEXT
  5
49A
330
406
100
AcDbEntity
 67
1
  8
G-ANTET
100
AcDbText
 10
652.6
 20
87.2
 30
0.0
 40
3.5
  1
MOBİLYA MAĞAZASI → FONKSİYONEL ANTRENMAN STÜDYOSU
  7
GYM
 11
652.6
 21
87.2
 31
0.0
100
AcDbText
 73
2
  0
TEXT
  5
49B
330
406
100
AcDbEntity
 67
1
  8
G-ANTET
100
AcDbText
 10
652.6
 20
78.0
 30
0.0
 40
1.8
  1
YAPI / MAHAL
  7
GYM
 11
652.6
 21
78.0
 31
0.0
100
AcDbText
 73
2
  0
TEXT
  5
49C
330
406
100
AcDbEntity
 67
1
  8
G-ANTET
100
AcDbText
 10
652.6
 20
72.0
 30
0.0
 40
2.5
  1
İdealtepe Mah. · zemin kat dükkân · 103,78 m² iç alan
  7
GYM
 11
652.6
 21
72.0
 31
0.0
100
AcDbText
 73
2
  0
TEXT
  5
49D
330
406
100
AcDbEntity
 67
1
  8
G-ANTET
100
AcDbText
 10
771.4
 20
78.0
 30
0.0
 40
1.8
  1
DİSİPLİN
  7
GYM
 11
771.4
 21
78.0
 31
0.0
100
AcDbText
 73
2
  0
TEXT
  5
49E
330
406
100
AcDbEntity
 67
1
  8
G-ANTET
100
AcDbText
 10
771.4
 20
72.0
 30
0.0
 40
2.5
  1
MİMARİ
  7
GYM
 11
771.4
 21
72.0
 31
0.0
100
AcDbText
 73
2
  0
LINE
  5
49F
330
406
100
AcDbEntity
 67
1
  8
G-ANTET
370
35
100
AcDbLine
 10
769.0
 20
69.0
 30
0.0
 11
769.0
 21
83.0
 31
0.0
  0
TEXT
  5
4A0
330
406
100
AcDbEntity
 67
1
  8
G-ANTET
100
AcDbText
 10
652.6
 20
65.0
 30
0.0
 40
1.8
  1
PAFTA ADI
  7
GYM
 11
652.6
 21
65.0
 31
0.0
100
AcDbText
 73
2
  0
TEXT
  5
4A1
330
406
100
AcDbEntity
 67
1
  8
G-ANTET
100
AcDbText
 10
652.6
 20
59.8
 30
0.0
 40
3.5
  1
MİMARİ ALTLIK
  7
GYM
 11
652.6
 21
59.8
 31
0.0
100
AcDbText
 73
2
  0
TEXT
  5
4A2
330
406
100
AcDbEntity
 67
1
  8
G-ANTET
100
AcDbText
 10
771.4
 20
59.8
 30
0.0
 40
1.8
  1
Mevcut durum · ölçü ve aks sistemi
  7
GYM
 11
771.4
 21
59.8
 31
0.0
100
AcDbText
 73
2
  0
TEXT
  5
4A3
330
406
100
AcDbEntity
 67
1
  8
G-ANTET
100
AcDbText
 10
652.6
 20
53.0
 30
0.0
 40
1.8
  1
PROJE MÜELLİFİ · ODA SİCİL NO
  7
GYM
 11
652.6
 21
53.0
 31
0.0
100
AcDbText
 73
2
  0
TEXT
  5
4A4
330
406
100
AcDbEntity
 67
1
  8
G-ANTET
100
AcDbText
 10
652.6
 20
47.8
 30
0.0
 40
2.5
  1
—   Oda sicil no: —
  7
GYM
 11
652.6
 21
47.8
 31
0.0
100
AcDbText
 73
2
  0
TEXT
  5
4A5
330
406
100
AcDbEntity
 67
1
  8
G-ANTET
100
AcDbText
 10
652.6
 20
42.0
 30
0.0
 40
1.8
  1
ÇİZEN
  7
GYM
 11
652.6
 21
42.0
 31
0.0
100
AcDbText
 73
2
  0
TEXT
  5
4A6
330
406
100
AcDbEntity
 67
1
  8
G-ANTET
100
AcDbText
 10
652.6
 20
37.6
 30
0.0
 40
2.5
  1
CC
  7
GYM
 11
652.6
 21
37.6
 31
0.0
100
AcDbText
 73
2
  0
TEXT
  5
4A7
330
406
100
AcDbEntity
 67
1
  8
G-ANTET
100
AcDbText
 10
712.6
 20
42.0
 30
0.0
 40
1.8
  1
KONTROL
  7
GYM
 11
712.6
 21
42.0
 31
0.0
100
AcDbText
 73
2
  0
TEXT
  5
4A8
330
406
100
AcDbEntity
 67
1
  8
G-ANTET
100
AcDbText
 10
712.6
 20
37.6
 30
0.0
 40
2.5
  1
—
  7
GYM
 11
712.6
 21
37.6
 31
0.0
100
AcDbText
 73
2
  0
TEXT
  5
4A9
330
406
100
AcDbEntity
 67
1
  8
G-ANTET
100
AcDbText
 10
772.6
 20
42.0
 30
0.0
 40
1.8
  1
ONAY
  7
GYM
 11
772.6
 21
42.0
 31
0.0
100
AcDbText
 73
2
  0
TEXT
  5
4AA
330
406
100
AcDbEntity
 67
1
  8
G-ANTET
100
AcDbText
 10
772.6
 20
37.6
 30
0.0
 40
2.5
  1
—
  7
GYM
 11
772.6
 21
37.6
 31
0.0
100
AcDbText
 73
2
  0
TEXT
  5
4AB
330
406
100
AcDbEntity
 67
1
  8
G-ANTET
100
AcDbText
 10
652.6
 20
32.0
 30
0.0
 40
1.8
  1
TARİH
  7
GYM
 11
652.6
 21
32.0
 31
0.0
100
AcDbText
 73
2
  0
TEXT
  5
4AC
330
406
100
AcDbEntity
 67
1
  8
G-ANTET
100
AcDbText
 10
652.6
 20
27.6
 30
0.0
 40
2.5
  1
17 Eylül 2026
  7
GYM
 11
652.6
 21
27.6
 31
0.0
100
AcDbText
 73
2
  0
TEXT
  5
4AD
330
406
100
AcDbEntity
 67
1
  8
G-ANTET
100
AcDbText
 10
712.6
 20
32.0
 30
0.0
 40
1.8
  1
ÖLÇEK
  7
GYM
 11
712.6
 21
32.0
 31
0.0
100
AcDbText
 73
2
  0
TEXT
  5
4AE
330
406
100
AcDbEntity
 67
1
  8
G-ANTET
100
AcDbText
 10
712.6
 20
27.6
 30
0.0
 40
3.5
  1
1:50
  7
GYM
 11
712.6
 21
27.6
 31
0.0
100
AcDbText
 73
2
  0
TEXT
  5
4AF
330
406
100
AcDbEntity
 67
1
  8
G-ANTET
100
AcDbText
 10
772.6
 20
32.0
 30
0.0
 40
1.8
  1
BİRİM
  7
GYM
 11
772.6
 21
32.0
 31
0.0
100
AcDbText
 73
2
  0
TEXT
  5
4B0
330
406
100
AcDbEntity
 67
1
  8
G-ANTET
100
AcDbText
 10
772.6
 20
27.6
 30
0.0
 40
2.5
  1
milimetre (mm)
  7
GYM
 11
772.6
 21
27.6
 31
0.0
100
AcDbText
 73
2
  0
TEXT
  5
4B1
330
406
100
AcDbEntity
 67
1
  8
G-ANTET
100
AcDbText
 10
652.6
 20
22.0
 30
0.0
 40
1.8
  1
DURUM
  7
GYM
 11
652.6
 21
22.0
 31
0.0
100
AcDbText
 73
2
  0
TEXT
  5
4B2
330
406
100
AcDbEntity
 67
1
  8
G-ANTET
100
AcDbText
 10
652.6
 20
17.6
 30
0.0
 40
2.5
  1
ÖN TASARIM
  7
GYM
 11
652.6
 21
17.6
 31
0.0
100
AcDbText
 73
2
  0
TEXT
  5
4B3
330
406
100
AcDbEntity
 67
1
  8
G-ANTET
100
AcDbText
 10
712.6
 20
22.0
 30
0.0
 40
1.8
  1
PAFTA NO
  7
GYM
 11
712.6
 21
22.0
 31
0.0
100
AcDbText
 73
2
  0
TEXT
  5
4B4
330
406
100
AcDbEntity
 67
1
  8
G-ANTET
100
AcDbText
 10
712.6
 20
17.6
 30
0.0
 40
5.0
  1
A-01
  7
GYM
 11
712.6
 21
17.6
 31
0.0
100
AcDbText
 73
2
  0
TEXT
  5
4B5
330
406
100
AcDbEntity
 67
1
  8
G-ANTET
100
AcDbText
 10
772.6
 20
22.0
 30
0.0
 40
1.8
  1
REV
  7
GYM
 11
772.6
 21
22.0
 31
0.0
100
AcDbText
 73
2
  0
TEXT
  5
4B6
330
406
100
AcDbEntity
 67
1
  8
G-ANTET
100
AcDbText
 10
772.6
 20
17.6
 30
0.0
 40
5.0
  1
G
  7
GYM
 11
772.6
 21
17.6
 31
0.0
100
AcDbText
 73
2
  0
TEXT
  5
4B7
330
406
100
AcDbEntity
 67
1
  8
G-ANTET
100
AcDbText
 10
801.0
 20
18.0
 30
0.0
 40
1.8
  1
SONRAKİ: A-02
  7
GYM
 11
801.0
 21
18.0
 31
0.0
100
AcDbText
 73
2
  0
LWPOLYLINE
  5
4B8
330
406
100
AcDbEntity
 67
1
  8
G-ANTET
370
50
100
AcDbPolyline
 90
4
 70
1
 10
651.0
 20
107.0
 10
831.0
 20
107.0
 10
831.0
 20
143.0
 10
651.0
 20
143.0
  0
LINE
  5
4B9
330
406
100
AcDbEntity
 67
1
  8
G-ANTET
370
18
100
AcDbLine
 10
651.0
 20
107.0
 30
0.0
 11
831.0
 21
107.0
 31
0.0
  0
LINE
  5
4BA
330
406
100
AcDbEntity
 67
1
  8
G-ANTET
370
18
100
AcDbLine
 10
651.0
 20
113.0
 30
0.0
 11
831.0
 21
113.0
 31
0.0
  0
LINE
  5
4BB
330
406
100
AcDbEntity
 67
1
  8
G-ANTET
370
18
100
AcDbLine
 10
651.0
 20
119.0
 30
0.0
 11
831.0
 21
119.0
 31
0.0
  0
LINE
  5
4BC
330
406
100
AcDbEntity
 67
1
  8
G-ANTET
370
18
100
AcDbLine
 10
651.0
 20
125.0
 30
0.0
 11
831.0
 21
125.0
 31
0.0
  0
LINE
  5
4BD
330
406
100
AcDbEntity
 67
1
  8
G-ANTET
370
18
100
AcDbLine
 10
651.0
 20
131.0
 30
0.0
 11
831.0
 21
131.0
 31
0.0
  0
LINE
  5
4BE
330
406
100
AcDbEntity
 67
1
  8
G-ANTET
370
18
100
AcDbLine
 10
651.0
 20
137.0
 30
0.0
 11
831.0
 21
137.0
 31
0.0
  0
LINE
  5
4BF
330
406
100
AcDbEntity
 67
1
  8
G-ANTET
370
18
100
AcDbLine
 10
663.0
 20
107.0
 30
0.0
 11
663.0
 21
143.0
 31
0.0
  0
LINE
  5
4C0
330
406
100
AcDbEntity
 67
1
  8
G-ANTET
370
18
100
AcDbLine
 10
687.0
 20
107.0
 30
0.0
 11
687.0
 21
143.0
 31
0.0
  0
LINE
  5
4C1
330
406
100
AcDbEntity
 67
1
  8
G-ANTET
370
18
100
AcDbLine
 10
777.0
 20
107.0
 30
0.0
 11
777.0
 21
143.0
 31
0.0
  0
LINE
  5
4C2
330
406
100
AcDbEntity
 67
1
  8
G-ANTET
370
18
100
AcDbLine
 10
795.0
 20
107.0
 30
0.0
 11
795.0
 21
143.0
 31
0.0
  0
LINE
  5
4C3
330
406
100
AcDbEntity
 67
1
  8
G-ANTET
370
18
100
AcDbLine
 10
813.0
 20
107.0
 30
0.0
 11
813.0
 21
143.0
 31
0.0
  0
TEXT
  5
4C4
330
406
100
AcDbEntity
 67
1
  8
G-ANTET
100
AcDbText
 10
652.2
 20
140.0
 30
0.0
 40
1.8
  1
REV
  7
GYM
 11
652.2
 21
140.0
 31
0.0
100
AcDbText
 73
2
  0
TEXT
  5
4C5
330
406
100
AcDbEntity
 67
1
  8
G-ANTET
100
AcDbText
 10
664.2
 20
140.0
 30
0.0
 40
1.8
  1
TARİH
  7
GYM
 11
664.2
 21
140.0
 31
0.0
100
AcDbText
 73
2
  0
TEXT
  5
4C6
330
406
100
AcDbEntity
 67
1
  8
G-ANTET
100
AcDbText
 10
688.2
 20
140.0
 30
0.0
 40
1.8
  1
AÇIKLAMA
  7
GYM
 11
688.2
 21
140.0
 31
0.0
100
AcDbText
 73
2
  0
TEXT
  5
4C7
330
406
100
AcDbEntity
 67
1
  8
G-ANTET
100
AcDbText
 10
778.2
 20
140.0
 30
0.0
 40
1.8
  1
ÇZ
  7
GYM
 11
778.2
 21
140.0
 31
0.0
100
AcDbText
 73
2
  0
TEXT
  5
4C8
330
406
100
AcDbEntity
 67
1
  8
G-ANTET
100
AcDbText
 10
796.2
 20
140.0
 30
0.0
 40
1.8
  1
KT
  7
GYM
 11
796.2
 21
140.0
 31
0.0
100
AcDbText
 73
2
  0
TEXT
  5
4C9
330
406
100
AcDbEntity
 67
1
  8
G-ANTET
100
AcDbText
 10
814.2
 20
140.0
 30
0.0
 40
1.8
  1
ON
  7
GYM
 11
814.2
 21
140.0
 31
0.0
100
AcDbText
 73
2
  0
TEXT
  5
4CA
330
406
100
AcDbEntity
 67
1
  8
G-ANTET
100
AcDbText
 10
652.2
 20
134.0
 30
0.0
 40
1.8
  1
A
  7
GYM
 11
652.2
 21
134.0
 31
0.0
100
AcDbText
 73
2
  0
TEXT
  5
4CB
330
406
100
AcDbEntity
 67
1
  8
G-ANTET
100
AcDbText
 10
664.2
 20
134.0
 30
0.0
 40
1.8
  1
17.09.2026
  7
GYM
 11
664.2
 21
134.0
 31
0.0
100
AcDbText
 73
2
  0
TEXT
  5
4CC
330
406
100
AcDbEntity
 67
1
  8
G-ANTET
100
AcDbText
 10
688.2
 20
134.0
 30
0.0
 40
1.8
  1
İlk yayın — ön tasarım
  7
GYM
 11
688.2
 21
134.0
 31
0.0
100
AcDbText
 73
2
  0
TEXT
  5
4CD
330
406
100
AcDbEntity
 67
1
  8
G-ANTET
100
AcDbText
 10
778.2
 20
134.0
 30
0.0
 40
1.8
  1
CC
  7
GYM
 11
778.2
 21
134.0
 31
0.0
100
AcDbText
 73
2
  0
TEXT
  5
4CE
330
406
100
AcDbEntity
 67
1
  8
G-ANTET
100
AcDbText
 10
796.2
 20
134.0
 30
0.0
 40
1.8
  1
—
  7
GYM
 11
796.2
 21
134.0
 31
0.0
100
AcDbText
 73
2
  0
TEXT
  5
4CF
330
406
100
AcDbEntity
 67
1
  8
G-ANTET
100
AcDbText
 10
814.2
 20
134.0
 30
0.0
 40
1.8
  1
—
  7
GYM
 11
814.2
 21
134.0
 31
0.0
100
AcDbText
 73
2
  0
TEXT
  5
4D0
330
406
100
AcDbEntity
 67
1
  8
G-ANTET
100
AcDbText
 10
652.2
 20
128.0
 30
0.0
 40
1.8
  1
B
  7
GYM
 11
652.2
 21
128.0
 31
0.0
100
AcDbText
 73
2
  0
TEXT
  5
4D1
330
406
100
AcDbEntity
 67
1
  8
G-ANTET
100
AcDbText
 10
664.2
 20
128.0
 30
0.0
 40
1.8
  1
18.09.2026
  7
GYM
 11
664.2
 21
128.0
 31
0.0
100
AcDbText
 73
2
  0
TEXT
  5
4D2
330
406
100
AcDbEntity
 67
1
  8
G-ANTET
100
AcDbText
 10
688.2
 20
128.0
 30
0.0
 40
1.8
  1
Aks sistemi, zincir ölçü, ISO 5457/7200 pafta
  7
GYM
 11
688.2
 21
128.0
 31
0.0
100
AcDbText
 73
2
  0
TEXT
  5
4D3
330
406
100
AcDbEntity
 67
1
  8
G-ANTET
100
AcDbText
 10
778.2
 20
128.0
 30
0.0
 40
1.8
  1
CC
  7
GYM
 11
778.2
 21
128.0
 31
0.0
100
AcDbText
 73
2
  0
TEXT
  5
4D4
330
406
100
AcDbEntity
 67
1
  8
G-ANTET
100
AcDbText
 10
796.2
 20
128.0
 30
0.0
 40
1.8
  1
—
  7
GYM
 11
796.2
 21
128.0
 31
0.0
100
AcDbText
 73
2
  0
TEXT
  5
4D5
330
406
100
AcDbEntity
 67
1
  8
G-ANTET
100
AcDbText
 10
814.2
 20
128.0
 30
0.0
 40
1.8
  1
—
  7
GYM
 11
814.2
 21
128.0
 31
0.0
100
AcDbText
 73
2
  0
TEXT
  5
4D6
330
406
100
AcDbEntity
 67
1
  8
G-ANTET
100
AcDbText
 10
652.2
 20
122.0
 30
0.0
 40
1.8
  1
C
  7
GYM
 11
652.2
 21
122.0
 31
0.0
100
AcDbText
 73
2
  0
TEXT
  5
4D7
330
406
100
AcDbEntity
 67
1
  8
G-ANTET
100
AcDbText
 10
664.2
 20
122.0
 30
0.0
 40
1.8
  1
18.09.2026
  7
GYM
 11
664.2
 21
122.0
 31
0.0
100
AcDbText
 73
2
  0
TEXT
  5
4D8
330
406
100
AcDbEntity
 67
1
  8
G-ANTET
100
AcDbText
 10
688.2
 20
122.0
 30
0.0
 40
1.8
  1
A1 pafta, tekil DXF, ADP tek hat şeması CAD'de
  7
GYM
 11
688.2
 21
122.0
 31
0.0
100
AcDbText
 73
2
  0
TEXT
  5
4D9
330
406
100
AcDbEntity
 67
1
  8
G-ANTET
100
AcDbText
 10
778.2
 20
122.0
 30
0.0
 40
1.8
  1
CC
  7
GYM
 11
778.2
 21
122.0
 31
0.0
100
AcDbText
 73
2
  0
TEXT
  5
4DA
330
406
100
AcDbEntity
 67
1
  8
G-ANTET
100
AcDbText
 10
796.2
 20
122.0
 30
0.0
 40
1.8
  1
—
  7
GYM
 11
796.2
 21
122.0
 31
0.0
100
AcDbText
 73
2
  0
TEXT
  5
4DB
330
406
100
AcDbEntity
 67
1
  8
G-ANTET
100
AcDbText
 10
814.2
 20
122.0
 30
0.0
 40
1.8
  1
—
  7
GYM
 11
814.2
 21
122.0
 31
0.0
100
AcDbText
 73
2
  0
VIEWPORT
  5
4DC
330
406
100
AcDbEntity
 67
1
  8
G-VIEWPORT
100
AcDbViewport
 10
337.0
 20
297.0
 30
0.0
 40
616.0
 41
556.0
 68
1
 69
3
 12
5781.402523373163
 22
6494.971236472614
 13
0.0
 23
0.0
 14
10.0
 24
10.0
 15
10.0
 25
10.0
 16
0.0
 26
0.0
 36
1.0
 17
0.0
 27
0.0
 37
0.0
 42
50.0
 43
0.0
 44
0.0
 45
27800.0
 50
0.0
 51
0.0
 72
100
331
95
331
96
331
97
331
98
331
99
331
9A
331
9B
331
9C
331
9D
331
9E
331
9F
331
A0
331
A1
331
A2
331
A3
331
A4
331
A5
331
A6
331
A7
331
A8
331
A9
331
AA
331
AB
331
AC
331
AD
331
AE
331
AF
331
B0
331
B1
331
B2
331
B3
331
B4
331
B5
331
B6
331
B7
331
B8
331
B9
331
BA
331
BB
331
BC
331
BD
331
BE
331
BF
331
C0
331
C1
331
C2
331
C3
331
C4
331
C5
331
C6
331
C7
331
C8
331
C9
331
CA
331
CB
 90
0
  1

281
0
 71
0
 74
0
110
0.0
120
0.0
130
0.0
111
1.0
121
0.0
131
0.0
112
0.0
122
1.0
132
0.0
 79
0
146
0.0
282
0
  0
LWPOLYLINE
  5
4DD
330
406
100
AcDbEntity
 67
1
  8
G-CERCEVE
370
18
100
AcDbPolyline
 90
4
 70
1
 10
29.0
 20
19.0
 10
645.0
 20
19.0
 10
645.0
 20
575.0
 10
29.0
 20
575.0
  0
CIRCLE
  5
4DE
330
406
100
AcDbEntity
 67
1
  8
G-ANTET
370
35
100
AcDbCircle
 10
628.0
 20
558.0
 30
0.0
 40
9.0
  0
LWPOLYLINE
  5
4DF
330
406
100
AcDbEntity
 67
1
  8
G-ANTET
370
50
100
AcDbPolyline
 90
4
 70
1
 10
628.0
 20
565.74
 10
624.94
 20
553.32
 10
628.0
 20
556.38
 10
631.06
 20
553.32
  0
HATCH
  5
4E0
330
406
100
AcDbEntity
 67
1
  8
G-ANTET
 62
7
100
AcDbHatch
 10
0.0
 20
0.0
 30
0.0
210
0.0
220
0.0
230
1.0
  2
SOLID
 70
1
 71
0
 91
1
 92
3
 72
0
 73
1
 93
3
 10
628.0
 20
565.74
 10
624.94
 20
553.32
 10
628.0
 20
556.38
 97
0
 75
0
 76
1
 98
0
  0
TEXT
  5
4E1
330
406
100
AcDbEntity
 67
1
  8
G-ANTET
100
AcDbText
 10
628.0
 20
545.0
 30
0.0
 40
3.5
  1
K
  7
GYM
 72
1
 11
628.0
 21
545.0
 31
0.0
100
AcDbText
 73
2
  0
HATCH
  5
4E2
330
406
100
AcDbEntity
 67
1
  8
G-ANTET
 62
7
100
AcDbHatch
 10
0.0
 20
0.0
 30
0.0
210
0.0
220
0.0
230
1.0
  2
SOLID
 70
1
 71
0
 91
1
 92
3
 72
0
 73
1
 93
4
 10
37.0
 20
27.0
 10
57.0
 20
27.0
 10
57.0
 20
29.2
 10
37.0
 20
29.2
 97
0
 75
0
 76
1
 98
0
  0
LWPOLYLINE
  5
4E3
330
406
100
AcDbEntity
 67
1
  8
G-ANTET
370
18
100
AcDbPolyline
 90
4
 70
1
 10
37.0
 20
27.0
 10
57.0
 20
27.0
 10
57.0
 20
29.2
 10
37.0
 20
29.2
  0
HATCH
  5
4E4
330
406
100
AcDbEntity
 67
1
  8
G-ANTET
 62
0
100
AcDbHatch
 10
0.0
 20
0.0
 30
0.0
210
0.0
220
0.0
230
1.0
  2
SOLID
 70
1
 71
0
 91
1
 92
3
 72
0
 73
1
 93
4
 10
57.0
 20
27.0
 10
77.0
 20
27.0
 10
77.0
 20
29.2
 10
57.0
 20
29.2
 97
0
 75
0
 76
1
 98
0
  0
LWPOLYLINE
  5
4E5
330
406
100
AcDbEntity
 67
1
  8
G-ANTET
370
18
100
AcDbPolyline
 90
4
 70
1
 10
57.0
 20
27.0
 10
77.0
 20
27.0
 10
77.0
 20
29.2
 10
57.0
 20
29.2
  0
HATCH
  5
4E6
330
406
100
AcDbEntity
 67
1
  8
G-ANTET
 62
7
100
AcDbHatch
 10
0.0
 20
0.0
 30
0.0
210
0.0
220
0.0
230
1.0
  2
SOLID
 70
1
 71
0
 91
1
 92
3
 72
0
 73
1
 93
4
 10
77.0
 20
27.0
 10
97.0
 20
27.0
 10
97.0
 20
29.2
 10
77.0
 20
29.2
 97
0
 75
0
 76
1
 98
0
  0
LWPOLYLINE
  5
4E7
330
406
100
AcDbEntity
 67
1
  8
G-ANTET
370
18
100
AcDbPolyline
 90
4
 70
1
 10
77.0
 20
27.0
 10
97.0
 20
27.0
 10
97.0
 20
29.2
 10
77.0
 20
29.2
  0
HATCH
  5
4E8
330
406
100
AcDbEntity
 67
1
  8
G-ANTET
 62
0
100
AcDbHatch
 10
0.0
 20
0.0
 30
0.0
210
0.0
220
0.0
230
1.0
  2
SOLID
 70
1
 71
0
 91
1
 92
3
 72
0
 73
1
 93
4
 10
97.0
 20
27.0
 10
117.0
 20
27.0
 10
117.0
 20
29.2
 10
97.0
 20
29.2
 97
0
 75
0
 76
1
 98
0
  0
LWPOLYLINE
  5
4E9
330
406
100
AcDbEntity
 67
1
  8
G-ANTET
370
18
100
AcDbPolyline
 90
4
 70
1
 10
97.0
 20
27.0
 10
117.0
 20
27.0
 10
117.0
 20
29.2
 10
97.0
 20
29.2
  0
HATCH
  5
4EA
330
406
100
AcDbEntity
 67
1
  8
G-ANTET
 62
7
100
AcDbHatch
 10
0.0
 20
0.0
 30
0.0
210
0.0
220
0.0
230
1.0
  2
SOLID
 70
1
 71
0
 91
1
 92
3
 72
0
 73
1
 93
4
 10
117.0
 20
27.0
 10
137.0
 20
27.0
 10
137.0
 20
29.2
 10
117.0
 20
29.2
 97
0
 75
0
 76
1
 98
0
  0
LWPOLYLINE
  5
4EB
330
406
100
AcDbEntity
 67
1
  8
G-ANTET
370
18
100
AcDbPolyline
 90
4
 70
1
 10
117.0
 20
27.0
 10
137.0
 20
27.0
 10
137.0
 20
29.2
 10
117.0
 20
29.2
  0
TEXT
  5
4EC
330
406
100
AcDbEntity
 67
1
  8
G-ANTET
100
AcDbText
 10
37.0
 20
23.8
 30
0.0
 40
1.8
  1
0
  7
GYM
 72
1
 11
37.0
 21
23.8
 31
0.0
100
AcDbText
 73
2
  0
TEXT
  5
4ED
330
406
100
AcDbEntity
 67
1
  8
G-ANTET
100
AcDbText
 10
57.0
 20
23.8
 30
0.0
 40
1.8
  1
1
  7
GYM
 72
1
 11
57.0
 21
23.8
 31
0.0
100
AcDbText
 73
2
  0
TEXT
  5
4EE
330
406
100
AcDbEntity
 67
1
  8
G-ANTET
100
AcDbText
 10
77.0
 20
23.8
 30
0.0
 40
1.8
  1
2
  7
GYM
 72
1
 11
77.0
 21
23.8
 31
0.0
100
AcDbText
 73
2
  0
TEXT
  5
4EF
330
406
100
AcDbEntity
 67
1
  8
G-ANTET
100
AcDbText
 10
97.0
 20
23.8
 30
0.0
 40
1.8
  1
3
  7
GYM
 72
1
 11
97.0
 21
23.8
 31
0.0
100
AcDbText
 73
2
  0
TEXT
  5
4F0
330
406
100
AcDbEntity
 67
1
  8
G-ANTET
100
AcDbText
 10
117.0
 20
23.8
 30
0.0
 40
1.8
  1
4
  7
GYM
 72
1
 11
117.0
 21
23.8
 31
0.0
100
AcDbText
 73
2
  0
TEXT
  5
4F1
330
406
100
AcDbEntity
 67
1
  8
G-ANTET
100
AcDbText
 10
137.0
 20
23.8
 30
0.0
 40
1.8
  1
5
  7
GYM
 72
1
 11
137.0
 21
23.8
 31
0.0
100
AcDbText
 73
2
  0
TEXT
  5
4F2
330
406
100
AcDbEntity
 67
1
  8
G-ANTET
100
AcDbText
 10
140.0
 20
28.1
 30
0.0
 40
1.8
  1
m
  7
GYM
 11
140.0
 21
28.1
 31
0.0
100
AcDbText
 73
2
  0
TEXT
  5
4F3
330
406
100
AcDbEntity
 67
1
  8
G-ANTET
100
AcDbText
 10
37.0
 20
31.0
 30
0.0
 40
1.8
  1
ÖLÇEK 1:50
  7
GYM
 11
37.0
 21
31.0
 31
0.0
100
AcDbText
 73
2
  0
LWPOLYLINE
  5
4F4
330
406
100
AcDbEntity
 67
1
  8
G-ANTET
 62
1
370
50
100
AcDbPolyline
 90
4
 70
1
 10
573.0
 20
27.0
 10
643.0
 20
27.0
 10
643.0
 20
36.0
 10
573.0
 20
36.0
  0
TEXT
  5
4F5
330
406
100
AcDbEntity
 67
1
  8
G-ANTET
 62
1
100
AcDbText
 10
608.0
 20
31.5
 30
0.0
 40
1.8
  1
ÖN TASARIM — UYGULAMA İÇİN DEĞİLDİR
  7
GYM
 72
1
 11
608.0
 21
31.5
 31
0.0
100
AcDbText
 73
2
  0
TEXT
  5
4F6
330
406
100
AcDbEntity
 67
1
  8
G-YAZI
100
AcDbText
 10
31.0
 20
577.2
 30
0.0
 40
1.8
  1
ÖLÇÜ ALINMAZ — YAZILI ÖLÇÜLER GEÇERLİDİR
  7
GYM
 11
31.0
 21
577.2
 31
0.0
100
AcDbText
 73
2
  0
TEXT
  5
4F7
330
406
100
AcDbEntity
 67
1
  8
G-YAZI
100
AcDbText
 10
651.0
 20
573.0
 30
0.0
 40
3.5
  1
ANAHTAR PLAN
  7
GYM
 11
651.0
 21
573.0
 31
0.0
100
AcDbText
 73
2
  0
LINE
  5
4F8
330
406
100
AcDbEntity
 67
1
  8
G-YAZI
370
35
100
AcDbLine
 10
651.0
 20
570.6
 30
0.0
 11
831.0
 21
570.6
 31
0.0
  0
LWPOLYLINE
  5
4F9
330
406
100
AcDbEntity
 67
1
  8
G-ANTET
370
35
100
AcDbPolyline
 90
4
 70
1
 10
651.0
 20
518.0
 10
831.0
 20
518.0
 10
831.0
 20
566.0
 10
651.0
 20
566.0
  0
LWPOLYLINE
  5
4FA
330
406
100
AcDbEntity
 67
1
  8
G-ANTET
370
35
100
AcDbPolyline
 90
28
 70
1
 10
757.1062355658198
 20
537.270207852194
 10
758.8029253271748
 20
525.3995381062356
 10
755.3941493456505
 20
525.2209391839876
 10
755.2217090069284
 20
526.7482678983833
 10
754.3471901462664
 20
526.7174749807544
 10
754.4518860662048
 20
525.1347190146266
 10
752.5349479953162
 20
523.6045316071629
 10
752.545804464973
 20
523.5334872979215
 10
750.676674364896
 20
522.0
 10
733.1770592763664
 20
522.0
 10
729.2232486528098
 20
526.788298691301
 10
728.5304080061586
 20
525.3102386451117
 10
724.9799846035412
 20
525.8398768283295
 10
723.1970746728252
 20
543.0623556581986
 10
726.6951501154734
 20
543.342571208622
 10
725.8237105465743
 20
547.7798306389531
 10
742.8799076212471
 20
549.6058506543495
 10
741.1801385681293
 20
560.4880677444188
 10
753.6358737490377
 20
562.0
 10
755.5019245573518
 20
549.008468052348
 10
748.7983063895304
 20
548.0569668976135
 10
749.3267740458115
 20
544.5986953983345
 10
748.8444957659738
 20
548.0015396458814
 10
755.4464973056197
 20
548.9530408006159
 10
757.0569668976135
 20
537.6428021555042
 10
750.53138234719
 20
536.7157861853696
 10
750.5883503174795
 20
536.3429900346829
 10
757.1062355658198
 20
537.270207852194
  0
LWPOLYLINE
  5
4FB
330
406
100
AcDbEntity
 67
1
  8
G-ANTET
370
13
100
AcDbPolyline
 90
5
 70
1
 10
755.4464973056197
 20
548.9530408006159
 10
748.8444957659738
 20
548.0015396458814
 10
750.445727482679
 20
536.7036181678214
 10
757.0569668976135
 20
537.6428021555042
 10
755.4464973056197
 20
548.9530408006159
  0
LWPOLYLINE
  5
4FC
330
406
100
AcDbEntity
 67
1
  8
G-ANTET
370
13
100
AcDbPolyline
 90
9
 70
1
 10
757.1062355658198
 20
537.270207852194
 10
750.504234026174
 20
536.3310238645112
 10
752.3456505003849
 20
523.4534257120862
 10
754.4518860662048
 20
525.1347190146266
 10
754.3471901462664
 20
526.7174749807544
 10
755.2217090069284
 20
526.7482678983833
 10
755.3941493456505
 20
525.2209391839876
 10
758.8029253271748
 20
525.3995381062356
 10
757.1062355658198
 20
537.270207852194
  0
TEXT
  5
4FD
330
406
100
AcDbEntity
 67
1
  8
G-YAZI
100
AcDbText
 10
651.0
 20
514.0
 30
0.0
 40
3.5
  1
LEJANT
  7
GYM
 11
651.0
 21
514.0
 31
0.0
100
AcDbText
 73
2
  0
LINE
  5
4FE
330
406
100
AcDbEntity
 67
1
  8
G-YAZI
370
35
100
AcDbLine
 10
651.0
 20
511.6
 30
0.0
 11
831.0
 21
511.6
 31
0.0
  0
LINE
  5
4FF
330
406
100
AcDbEntity
 67
1
  8
G-ANTET
  6
Continuous
 62
8
370
35
100
AcDbLine
 10
651.0
 20
507.0
 30
0.0
 11
663.0
 21
507.0
 31
0.0
  0
TEXT
  5
500
330
406
100
AcDbEntity
 67
1
  8
G-YAZI
100
AcDbText
 10
666.0
 20
507.0
 30
0.0
 40
1.8
  1
Mimari — mevcut duvar (korunuyor)
  7
GYM
 11
666.0
 21
507.0
 31
0.0
100
AcDbText
 73
2
  0
LINE
  5
501
330
406
100
AcDbEntity
 67
1
  8
G-ANTET
  6
Continuous
 62
1
370
35
100
AcDbLine
 10
651.0
 20
502.4
 30
0.0
 11
663.0
 21
502.4
 31
0.0
  0
TEXT
  5
502
330
406
100
AcDbEntity
 67
1
  8
G-YAZI
100
AcDbText
 10
666.0
 20
502.4
 30
0.0
 40
1.8
  1
Mimari — yeni alçıpan bölme
  7
GYM
 11
666.0
 21
502.4
 31
0.0
100
AcDbText
 73
2
  0
LINE
  5
503
330
406
100
AcDbEntity
 67
1
  8
G-ANTET
  6
Continuous
 62
5
370
25
100
AcDbLine
 10
651.0
 20
497.79999999999995
 30
0.0
 11
663.0
 21
497.79999999999995
 31
0.0
  0
TEXT
  5
504
330
406
100
AcDbEntity
 67
1
  8
G-YAZI
100
AcDbText
 10
666.0
 20
497.79999999999995
 30
0.0
 40
1.8
  1
Mimari — cephe doğraması
  7
GYM
 11
666.0
 21
497.79999999999995
 31
0.0
100
AcDbText
 73
2
  0
LINE
  5
505
330
406
100
AcDbEntity
 67
1
  8
G-ANTET
  6
Continuous
 62
8
370
18
100
AcDbLine
 10
651.0
 20
493.19999999999993
 30
0.0
 11
663.0
 21
493.19999999999993
 31
0.0
  0
TEXT
  5
506
330
406
100
AcDbEntity
 67
1
  8
G-YAZI
100
AcDbText
 10
666.0
 20
493.19999999999993
 30
0.0
 40
1.8
  1
Mimari — kapı ve açılım
  7
GYM
 11
666.0
 21
493.19999999999993
 31
0.0
100
AcDbText
 73
2
  0
LINE
  5
507
330
406
100
AcDbEntity
 67
1
  8
G-ANTET
  6
Continuous
 62
9
370
18
100
AcDbLine
 10
651.0
 20
488.5999999999999
 30
0.0
 11
663.0
 21
488.5999999999999
 31
0.0
  0
TEXT
  5
508
330
406
100
AcDbEntity
 67
1
  8
G-YAZI
100
AcDbText
 10
666.0
 20
488.5999999999999
 30
0.0
 40
1.8
  1
Mimari — spor ekipmanı (işverence temin)
  7
GYM
 11
666.0
 21
488.5999999999999
 31
0.0
100
AcDbText
 73
2
  0
LINE
  5
509
330
406
100
AcDbEntity
 67
1
  8
G-ANTET
  6
Continuous
 62
9
370
18
100
AcDbLine
 10
651.0
 20
483.9999999999999
 30
0.0
 11
663.0
 21
483.9999999999999
 31
0.0
  0
TEXT
  5
50A
330
406
100
AcDbEntity
 67
1
  8
G-YAZI
100
AcDbText
 10
666.0
 20
483.9999999999999
 30
0.0
 40
1.8
  1
Mimari — sabit mobilya
  7
GYM
 11
666.0
 21
483.9999999999999
 31
0.0
100
AcDbText
 73
2
  0
LINE
  5
50B
330
406
100
AcDbEntity
 67
1
  8
G-ANTET
  6
Continuous
 62
7
370
13
100
AcDbLine
 10
651.0
 20
479.39999999999986
 30
0.0
 11
663.0
 21
479.39999999999986
 31
0.0
  0
TEXT
  5
50C
330
406
100
AcDbEntity
 67
1
  8
G-YAZI
100
AcDbText
 10
666.0
 20
479.39999999999986
 30
0.0
 40
1.8
  1
Mimari — mahal adı ve alan
  7
GYM
 11
666.0
 21
479.39999999999986
 31
0.0
100
AcDbText
 73
2
  0
LINE
  5
50D
330
406
100
AcDbEntity
 67
1
  8
G-ANTET
  6
Continuous
 62
250
370
18
100
AcDbLine
 10
651.0
 20
474.79999999999984
 30
0.0
 11
663.0
 21
474.79999999999984
 31
0.0
  0
TEXT
  5
50E
330
406
100
AcDbEntity
 67
1
  8
G-YAZI
100
AcDbText
 10
666.0
 20
474.79999999999984
 30
0.0
 40
1.8
  1
Mimari — mahal numarası ve kapı kodu balonu
  7
GYM
 11
666.0
 21
474.79999999999984
 31
0.0
100
AcDbText
 73
2
  0
LINE
  5
50F
330
406
100
AcDbEntity
 67
1
  8
G-ANTET
  6
DASHDOT
 62
1
370
35
100
AcDbLine
 10
651.0
 20
470.1999999999998
 30
0.0
 11
663.0
 21
470.1999999999998
 31
0.0
  0
TEXT
  5
510
330
406
100
AcDbEntity
 67
1
  8
G-YAZI
100
AcDbText
 10
666.0
 20
470.1999999999998
 30
0.0
 40
1.8
  1
Mimari — kesit ve görünüş hattı
  7
GYM
 11
666.0
 21
470.1999999999998
 31
0.0
100
AcDbText
 73
2
  0
TEXT
  5
511
330
406
100
AcDbEntity
 67
1
  8
G-YAZI
100
AcDbText
 10
651.0
 20
460.5999999999998
 30
0.0
 40
3.5
  1
GENEL NOTLAR
  7
GYM
 11
651.0
 21
460.5999999999998
 31
0.0
100
AcDbText
 73
2
  0
LINE
  5
512
330
406
100
AcDbEntity
 67
1
  8
G-YAZI
370
35
100
AcDbLine
 10
651.0
 20
458.1999999999998
 30
0.0
 11
831.0
 21
458.1999999999998
 31
0.0
  0
TEXT
  5
513
330
406
100
AcDbEntity
 67
1
  8
G-YAZI
100
AcDbText
 10
651.0
 20
453.5999999999998
 30
0.0
 40
1.8
  1
1. Mimari altlik — mevcut duvar korunur.
  7
GYM
 11
651.0
 21
453.5999999999998
 31
0.0
100
AcDbText
 73
2
  0
TEXT
  5
514
330
406
100
AcDbEntity
 67
1
  8
G-YAZI
100
AcDbText
 10
651.0
 20
448.7999999999998
 30
0.0
 40
1.8
  1
2. Kirmizi: yeni alcipan bolme.
  7
GYM
 11
651.0
 21
448.7999999999998
 31
0.0
100
AcDbText
 73
2
  0
TEXT
  5
515
330
406
100
AcDbEntity
 67
1
  8
G-YAZI
100
AcDbText
 10
651.0
 20
443.9999999999998
 30
0.0
 40
1.8
  1
3. Olculer raster paftadan (+/-%3).
  7
GYM
 11
651.0
 21
443.9999999999998
 31
0.0
100
AcDbText
 73
2
  0
ENDSEC
  0
SECTION
  2
OBJECTS
  0
DICTIONARY
  5
A
330
0
100
AcDbDictionary
281
1
  3
ACAD_COLOR
350
B
  3
ACAD_GROUP
350
C
  3
ACAD_LAYOUT
350
D
  3
ACAD_MATERIAL
350
E
  3
ACAD_MLEADERSTYLE
350
F
  3
ACAD_MLINESTYLE
350
10
  3
ACAD_PLOTSETTINGS
350
11
  3
ACAD_PLOTSTYLENAME
350
12
  3
ACAD_SCALELIST
350
14
  3
ACAD_TABLESTYLE
350
15
  3
ACAD_VISUALSTYLE
350
16
  3
EZDXF_META
350
2D
  0
DICTIONARY
  5
B
330
A
100
AcDbDictionary
281
1
  0
DICTIONARY
  5
C
330
A
100
AcDbDictionary
281
1
  0
DICTIONARY
  5
D
330
A
100
AcDbDictionary
281
1
  3
Model
350
1A
  3
A-01 MİMARİ ALTLIK
350
409
  3
A-02 MİMARİ UYGULAMA PLANI
350
519
  3
A-03 ZEMİN KAPLAMA PLANI
350
62A
  3
A-04 TAVAN PLANI (RCP)
350
73A
  3
A-05 YANGIN VE TAHLİYE PLANI
350
84C
  0
DICTIONARY
  5
E
330
A
100
AcDbDictionary
281
1
  3
ByBlock
350
1F
  3
ByLayer
350
20
  3
Global
350
21
  0
DICTIONARY
  5
F
330
A
100
AcDbDictionary
281
1
  3
Standard
350
2C
  0
DICTIONARY
  5
10
330
A
100
AcDbDictionary
281
1
  3
Standard
350
22
  0
DICTIONARY
  5
11
330
A
100
AcDbDictionary
281
1
  0
ACDBDICTIONARYWDFLT
  5
12
330
A
100
AcDbDictionary
281
1
  3
Normal
350
13
100
AcDbDictionaryWithDefault
340
13
  0
ACDBPLACEHOLDER
  5
13
330
12
  0
DICTIONARY
  5
14
330
A
100
AcDbDictionary
281
1
  0
DICTIONARY
  5
15
330
A
100
AcDbDictionary
281
1
  0
DICTIONARY
  5
16
330
A
100
AcDbDictionary
281
1
  3
2dWireframe
350
5A
  3
Basic
350
5B
  3
Brighten
350
5C
  3
ColorChange
350
5D
  3
Conceptual
350
5E
  3
Dim
350
5F
  3
EdgeColorOff
350
60
  3
Facepattern
350
61
  3
Flat
350
62
  3
FlatWithEdges
350
63
  3
Gouraud
350
64
  3
GouraudWithEdges
350
65
  3
Hidden
350
66
  3
JitterOff
350
67
  3
Linepattern
350
68
  3
Modeling
350
69
  3
OverhangOff
350
6A
  3
Realistic
350
6B
  3
Shaded
350
6C
  3
Shaded with edges
350
6D
  3
Shades of Gray
350
6E
  3
Sketchy
350
6F
  3
Thicken
350
70
  3
Wireframe
350
71
  3
X-Ray
350
72
  0
LAYOUT
  5
1A
330
D
100
AcDbPlotSettings
  1

  4
A3
  6

 40
7.5
 41
20.0
 42
7.5
 43
20.0
 44
420.0
 45
297.0
 46
0.0
 47
0.0
 48
0.0
 49
0.0
140
0.0
141
0.0
142
1.0
143
1.0
 70
1024
 72
1
 73
0
 74
5
  7

 75
16
 76
0
 77
2
 78
300
147
1.0
148
0.0
149
0.0
100
AcDbLayout
  1
Model
 70
1
 71
0
 10
0.0
 20
0.0
 11
420.0
 21
297.0
 12
0.0
 22
0.0
 32
0.0
 14
1e+20
 24
1e+20
 34
1e+20
 15
-1e+20
 25
-1e+20
 35
-1e+20
146
0.0
 13
0.0
 23
0.0
 33
0.0
 16
1.0
 26
0.0
 36
0.0
 17
0.0
 27
1.0
 37
0.0
 76
1
330
17
  0
MATERIAL
  5
1F
102
{ACAD_REACTORS
330
E
102
}
330
E
100
AcDbMaterial
  1
ByBlock
  2

 70
0
 40
1.0
 71
1
 41
1.0
 91
-1023410177
 42
1.0
 72
1
  3

 73
1
 74
1
 75
1
 44
0.5
 73
0
 45
1.0
 46
1.0
 77
1
  4

 78
1
 79
1
170
1
 48
1.0
171
1
  6

172
1
173
1
174
1
140
1.0
141
1.0
175
1
  7

176
1
177
1
178
1
143
1.0
179
1
  8

270
1
271
1
272
1
145
1.0
146
1.0
273
1
  9

274
1
275
1
276
1
 42
1.0
 72
1
  3

 73
1
 74
1
 75
1
 94
63
  0
MATERIAL
  5
20
102
{ACAD_REACTORS
330
E
102
}
330
E
100
AcDbMaterial
  1
ByLayer
  2

 70
0
 40
1.0
 71
1
 41
1.0
 91
-1023410177
 42
1.0
 72
1
  3

 73
1
 74
1
 75
1
 44
0.5
 73
0
 45
1.0
 46
1.0
 77
1
  4

 78
1
 79
1
170
1
 48
1.0
171
1
  6

172
1
173
1
174
1
140
1.0
141
1.0
175
1
  7

176
1
177
1
178
1
143
1.0
179
1
  8

270
1
271
1
272
1
145
1.0
146
1.0
273
1
  9

274
1
275
1
276
1
 42
1.0
 72
1
  3

 73
1
 74
1
 75
1
 94
63
  0
MATERIAL
  5
21
102
{ACAD_REACTORS
330
E
102
}
330
E
100
AcDbMaterial
  1
Global
  2

 70
0
 40
1.0
 71
1
 41
1.0
 91
-1023410177
 42
1.0
 72
1
  3

 73
1
 74
1
 75
1
 44
0.5
 73
0
 45
1.0
 46
1.0
 77
1
  4

 78
1
 79
1
170
1
 48
1.0
171
1
  6

172
1
173
1
174
1
140
1.0
141
1.0
175
1
  7

176
1
177
1
178
1
143
1.0
179
1
  8

270
1
271
1
272
1
145
1.0
146
1.0
273
1
  9

274
1
275
1
276
1
 42
1.0
 72
1
  3

 73
1
 74
1
 75
1
 94
63
  0
MLINESTYLE
  5
22
102
{ACAD_REACTORS
330
10
102
}
330
10
100
AcDbMlineStyle
  2
Standard
 70
0
  3

 62
256
 51
90.0
 52
90.0
 71
2
 49
0.5
 62
256
  6
BYLAYER
 49
-0.5
 62
256
  6
BYLAYER
  0
MLEADERSTYLE
  5
2C
102
{ACAD_REACTORS
330
F
102
}
330
F
100
AcDbMLeaderStyle
179
2
170
2
171
1
172
0
 90
2
 40
0.0
 41
0.0
173
1
 91
-1056964608
 92
-2
290
1
 42
2.0
291
1
 43
8.0
  3
Standard
 44
4.0
300

342
29
174
1
175
1
176
0
178
1
 93
-1056964608
 45
4.0
292
0
297
0
 46
4.0
 94
-1056964608
 47
1.0
 49
1.0
140
1.0
294
1
141
0.0
177
0
142
1.0
295
0
296
0
143
3.75
271
0
272
9
273
9
  0
DICTIONARY
  5
2D
330
A
100
AcDbDictionary
280
1
281
1
  3
CREATED_BY_EZDXF
350
2E
  3
WRITTEN_BY_EZDXF
350
95D
  0
DICTIONARYVAR
  5
2E
330
2D
100
DictionaryVariables
280
0
  1
1.4.4 @ 2026-09-18T09:19:34.525201+00:00
  0
VISUALSTYLE
  5
5A
102
{ACAD_REACTORS
330
16
102
}
330
16
100
AcDbVisualStyle
  2
2dWireframe
 70
4
 90
0
 40
0.6
 62
7
290
0
291
0
  0
VISUALSTYLE
  5
5B
102
{ACAD_REACTORS
330
16
102
}
330
16
100
AcDbVisualStyle
  2
Basic
 70
7
 90
1
 40
0.6
 62
7
290
0
291
1
  0
VISUALSTYLE
  5
5C
102
{ACAD_REACTORS
330
16
102
}
330
16
100
AcDbVisualStyle
  2
Brighten
 70
12
 90
2
 40
0.6
 62
7
290
0
291
1
  0
VISUALSTYLE
  5
5D
102
{ACAD_REACTORS
330
16
102
}
330
16
100
AcDbVisualStyle
  2
ColorChange
 70
16
 90
2
 40
0.6
 62
8
290
0
291
1
  0
VISUALSTYLE
  5
5E
102
{ACAD_REACTORS
330
16
102
}
330
16
100
AcDbVisualStyle
  2
Conceptual
 70
9
 90
3
 40
0.6
 62
7
290
0
291
0
  0
VISUALSTYLE
  5
5F
102
{ACAD_REACTORS
330
16
102
}
330
16
100
AcDbVisualStyle
  2
Dim
 70
11
 90
2
 40
0.6
 62
7
290
0
291
1
  0
VISUALSTYLE
  5
60
102
{ACAD_REACTORS
330
16
102
}
330
16
100
AcDbVisualStyle
  2
EdgeColorOff
 70
22
 90
2
 40
0.6
 62
7
290
0
291
1
  0
VISUALSTYLE
  5
61
102
{ACAD_REACTORS
330
16
102
}
330
16
100
AcDbVisualStyle
  2
Facepattern
 70
15
 90
2
 40
0.6
 62
7
290
0
291
1
  0
VISUALSTYLE
  5
62
102
{ACAD_REACTORS
330
16
102
}
330
16
100
AcDbVisualStyle
  2
Flat
 70
0
 90
2
 40
0.6
 62
7
290
0
291
1
  0
VISUALSTYLE
  5
63
102
{ACAD_REACTORS
330
16
102
}
330
16
100
AcDbVisualStyle
  2
FlatWithEdges
 70
1
 90
2
 40
0.6
 62
7
290
0
291
1
  0
VISUALSTYLE
  5
64
102
{ACAD_REACTORS
330
16
102
}
330
16
100
AcDbVisualStyle
  2
Gouraud
 70
2
 90
2
 40
0.6
 62
7
290
0
291
1
  0
VISUALSTYLE
  5
65
102
{ACAD_REACTORS
330
16
102
}
330
16
100
AcDbVisualStyle
  2
GouraudWithEdges
 70
3
 90
2
 40
0.6
 62
7
290
0
291
1
  0
VISUALSTYLE
  5
66
102
{ACAD_REACTORS
330
16
102
}
330
16
100
AcDbVisualStyle
  2
Hidden
 70
6
 90
1
 40
0.6
 62
7
290
0
291
0
  0
VISUALSTYLE
  5
67
102
{ACAD_REACTORS
330
16
102
}
330
16
100
AcDbVisualStyle
  2
JitterOff
 70
20
 90
2
 40
0.6
 62
7
290
0
291
1
  0
VISUALSTYLE
  5
68
102
{ACAD_REACTORS
330
16
102
}
330
16
100
AcDbVisualStyle
  2
Linepattern
 70
14
 90
2
 40
0.6
 62
7
290
0
291
1
  0
VISUALSTYLE
  5
69
102
{ACAD_REACTORS
330
16
102
}
330
16
100
AcDbVisualStyle
  2
Modeling
 70
10
 90
2
 40
0.6
 62
7
290
0
291
0
  0
VISUALSTYLE
  5
6A
102
{ACAD_REACTORS
330
16
102
}
330
16
100
AcDbVisualStyle
  2
OverhangOff
 70
21
 90
2
 40
0.6
 62
7
290
0
291
1
  0
VISUALSTYLE
  5
6B
102
{ACAD_REACTORS
330
16
102
}
330
16
100
AcDbVisualStyle
  2
Realistic
 70
8
 90
2
 40
0.6
 62
7
290
0
291
0
  0
VISUALSTYLE
  5
6C
102
{ACAD_REACTORS
330
16
102
}
330
16
100
AcDbVisualStyle
  2
Shaded
 70
27
 90
2
 40
0.6
 62
7
290
0
291
0
  0
VISUALSTYLE
  5
6D
102
{ACAD_REACTORS
330
16
102
}
330
16
100
AcDbVisualStyle
  2
Shaded with edges
 70
26
 90
2
 40
0.6
 62
7
290
0
291
0
  0
VISUALSTYLE
  5
6E
102
{ACAD_REACTORS
330
16
102
}
330
16
100
AcDbVisualStyle
  2
Shades of Gray
 70
23
 90
2
 40
0.6
 62
7
290
0
291
0
  0
VISUALSTYLE
  5
6F
102
{ACAD_REACTORS
330
16
102
}
330
16
100
AcDbVisualStyle
  2
Sketchy
 70
24
 90
1
 40
0.6
 62
7
290
0
291
0
  0
VISUALSTYLE
  5
70
102
{ACAD_REACTORS
330
16
102
}
330
16
100
AcDbVisualStyle
  2
Thicken
 70
13
 90
2
 40
0.6
 62
7
290
0
291
1
  0
VISUALSTYLE
  5
71
102
{ACAD_REACTORS
330
16
102
}
330
16
100
AcDbVisualStyle
  2
Wireframe
 70
5
 90
0
 40
0.6
 62
7
290
0
291
0
  0
VISUALSTYLE
  5
72
102
{ACAD_REACTORS
330
16
102
}
330
16
100
AcDbVisualStyle
  2
X-Ray
 70
25
 90
2
 40
0.5
 62
7
290
0
291
0
  0
LAYOUT
  5
409
330
D
100
AcDbPlotSettings
  1

  2
DWG to PDF.pc3
  4
ezdxf_(841.00_x_594.00_MM)
  6

 40
0.0
 41
0.0
 42
0.0
 43
0.0
 44
841.0
 45
594.0
 46
0.0
 47
0.0
 48
0.0
 49
0.0
140
0.0
141
0.0
142
1.0
143
1.0
 70
672
 72
1
 73
0
 74
5
  7

 75
16
 76
0
 77
2
 78
300
147
1.0
148
0.0
149
0.0
100
AcDbLayout
  1
A-01 MİMARİ ALTLIK
 70
1
 71
3
 10
-0.0
 20
-0.0
 11
841.0
 21
594.0
 12
0.0
 22
0.0
 32
0.0
 14
1e+20
 24
1e+20
 34
1e+20
 15
-1e+20
 25
-1e+20
 35
-1e+20
146
0.0
 13
0.0
 23
0.0
 33
0.0
 16
1.0
 26
0.0
 36
0.0
 17
0.0
 27
1.0
 37
0.0
 76
1
330
406
331
40A
  0
LAYOUT
  5
519
330
D
100
AcDbPlotSettings
  1

  2
DWG to PDF.pc3
  4
ezdxf_(841.00_x_594.00_MM)
  6

 40
0.0
 41
0.0
 42
0.0
 43
0.0
 44
841.0
 45
594.0
 46
0.0
 47
0.0
 48
0.0
 49
0.0
140
0.0
141
0.0
142
1.0
143
1.0
 70
672
 72
1
 73
0
 74
5
  7

 75
16
 76
0
 77
2
 78
300
147
1.0
148
0.0
149
0.0
100
AcDbLayout
  1
A-02 MİMARİ UYGULAMA PLANI
 70
1
 71
4
 10
-0.0
 20
-0.0
 11
841.0
 21
594.0
 12
0.0
 22
0.0
 32
0.0
 14
1e+20
 24
1e+20
 34
1e+20
 15
-1e+20
 25
-1e+20
 35
-1e+20
146
0.0
 13
0.0
 23
0.0
 33
0.0
 16
1.0
 26
0.0
 36
0.0
 17
0.0
 27
1.0
 37
0.0
 76
1
330
516
331
51A
  0
LAYOUT
  5
62A
330
D
100
AcDbPlotSettings
  1

  2
DWG to PDF.pc3
  4
ezdxf_(841.00_x_594.00_MM)
  6

 40
0.0
 41
0.0
 42
0.0
 43
0.0
 44
841.0
 45
594.0
 46
0.0
 47
0.0
 48
0.0
 49
0.0
140
0.0
141
0.0
142
1.0
143
1.0
 70
672
 72
1
 73
0
 74
5
  7

 75
16
 76
0
 77
2
 78
300
147
1.0
148
0.0
149
0.0
100
AcDbLayout
  1
A-03 ZEMİN KAPLAMA PLANI
 70
1
 71
5
 10
-0.0
 20
-0.0
 11
841.0
 21
594.0
 12
0.0
 22
0.0
 32
0.0
 14
1e+20
 24
1e+20
 34
1e+20
 15
-1e+20
 25
-1e+20
 35
-1e+20
146
0.0
 13
0.0
 23
0.0
 33
0.0
 16
1.0
 26
0.0
 36
0.0
 17
0.0
 27
1.0
 37
0.0
 76
1
330
627
331
62B
  0
LAYOUT
  5
73A
330
D
100
AcDbPlotSettings
  1

  2
DWG to PDF.pc3
  4
ezdxf_(841.00_x_594.00_MM)
  6

 40
0.0
 41
0.0
 42
0.0
 43
0.0
 44
841.0
 45
594.0
 46
0.0
 47
0.0
 48
0.0
 49
0.0
140
0.0
141
0.0
142
1.0
143
1.0
 70
672
 72
1
 73
0
 74
5
  7

 75
16
 76
0
 77
2
 78
300
147
1.0
148
0.0
149
0.0
100
AcDbLayout
  1
A-04 TAVAN PLANI (RCP)
 70
1
 71
6
 10
-0.0
 20
-0.0
 11
841.0
 21
594.0
 12
0.0
 22
0.0
 32
0.0
 14
1e+20
 24
1e+20
 34
1e+20
 15
-1e+20
 25
-1e+20
 35
-1e+20
146
0.0
 13
0.0
 23
0.0
 33
0.0
 16
1.0
 26
0.0
 36
0.0
 17
0.0
 27
1.0
 37
0.0
 76
1
330
737
331
73B
  0
LAYOUT
  5
84C
330
D
100
AcDbPlotSettings
  1

  2
DWG to PDF.pc3
  4
ezdxf_(841.00_x_594.00_MM)
  6

 40
0.0
 41
0.0
 42
0.0
 43
0.0
 44
841.0
 45
594.0
 46
0.0
 47
0.0
 48
0.0
 49
0.0
140
0.0
141
0.0
142
1.0
143
1.0
 70
672
 72
1
 73
0
 74
5
  7

 75
16
 76
0
 77
2
 78
300
147
1.0
148
0.0
149
0.0
100
AcDbLayout
  1
A-05 YANGIN VE TAHLİYE PLANI
 70
1
 71
7
 10
-0.0
 20
-0.0
 11
841.0
 21
594.0
 12
0.0
 22
0.0
 32
0.0
 14
1e+20
 24
1e+20
 34
1e+20
 15
-1e+20
 25
-1e+20
 35
-1e+20
146
0.0
 13
0.0
 23
0.0
 33
0.0
 16
1.0
 26
0.0
 36
0.0
 17
0.0
 27
1.0
 37
0.0
 76
1
330
849
331
84D
  0
DICTIONARYVAR
  5
95D
330
2D
100
DictionaryVariables
280
0
  1
1.4.4 @ 2026-09-18T09:19:34.625487+00:00
  0
ENDSEC
  0
EOF
